Time_s,Frequency_Hz,Voltage_LL_RMS_V,Grid_kW,PV_kW,BESS_kW,Diesel_kW,CriticalLoad_kW,NoncriticalLoad_kW,TotalLoad_kW,TotalGeneration_kW,PhaseError_deg,PCC_Closed,PV_Available_kW,BESS_GFM_Active,Diesel_Active,Noncritical_Connected
0,50,400,57.7834749385489,919.513525061451,86.5,0,223,840.797,1063.797,1063.797,0,1,919.513525061451,0,0,1
0.001,50,400,57.7834749385489,919.513525061451,86.5,0,223,840.797,1063.797,1063.797,0,1,919.513525061451,0,0,1
0.002,50,400,57.7834749385489,919.513525061451,86.5,0,223,840.797,1063.797,1063.797,0,1,919.513525061451,0,0,1
0.003,50,400,57.7834749385489,919.513525061451,86.5,0,223,840.797,1063.797,1063.797,0,1,919.513525061451,0,0,1
0.004,50,400,57.7834749385489,919.513525061451,86.5,0,223,840.797,1063.797,1063.797,0,1,919.513525061451,0,0,1
0.005,50,400,57.7834749385489,919.513525061451,86.5,0,223,840.797,1063.797,1063.797,0,1,919.513525061451,0,0,1
0.006,50,400,57.7834749385489,919.513525061451,86.5,0,223,840.797,1063.797,1063.797,0,1,919.513525061451,0,0,1
0.007,50,400,57.7834749385489,919.513525061451,86.5,0,223,840.797,1063.797,1063.797,0,1,919.513525061451,0,0,1
0.008,50,400,57.7834749385489,919.513525061451,86.5,0,223,840.797,1063.797,1063.797,0,1,919.513525061451,0,0,1
0.009,50,400,57.7834749385489,919.513525061451,86.5,0,223,840.797,1063.797,1063.797,0,1,919.513525061451,0,0,1
0.01,50,400,57.7834749385489,919.513525061451,86.5,0,223,840.797,1063.797,1063.797,0,1,919.513525061451,0,0,1
0.011,50,400,57.7834749385489,919.513525061451,86.5,0,223,840.797,1063.797,1063.797,0,1,919.513525061451,0,0,1
0.012,50,400,57.7834749385489,919.513525061451,86.5,0,223,840.797,1063.797,1063.797,0,1,919.513525061451,0,0,1
0.013,50,400,57.7834749385489,919.513525061451,86.5,0,223,840.797,1063.797,1063.797,0,1,919.513525061451,0,0,1
0.014,50,400,57.7834749385489,919.513525061451,86.5,0,223,840.797,1063.797,1063.797,0,1,919.513525061451,0,0,1
0.015,50,400,57.7834749385489,919.513525061451,86.5,0,223,840.797,1063.797,1063.797,0,1,919.513525061451,0,0,1
0.016,50,400,57.7834749385489,919.513525061451,86.5,0,223,840.797,1063.797,1063.797,0,1,919.513525061451,0,0,1
0.017,50,400,57.7834749385489,919.513525061451,86.5,0,223,840.797,1063.797,1063.797,0,1,919.513525061451,0,0,1
0.018,50,400,57.7834749385489,919.513525061451,86.5,0,223,840.797,1063.797,1063.797,0,1,919.513525061451,0,0,1
0.019,50,400,57.7834749385489,919.513525061451,86.5,0,223,840.797,1063.797,1063.797,0,1,919.513525061451,0,0,1
0.02,50,400,57.7834749385489,919.513525061451,86.5,0,223,840.797,1063.797,1063.797,0,1,919.513525061451,0,0,1
0.021,50,400,57.7834749385489,919.513525061451,86.5,0,223,840.797,1063.797,1063.797,0,1,919.513525061451,0,0,1
0.022,50,400,57.7834749385489,919.513525061451,86.5,0,223,840.797,1063.797,1063.797,0,1,919.513525061451,0,0,1
0.023,50,400,57.7834749385489,919.513525061451,86.5,0,223,840.797,1063.797,1063.797,0,1,919.513525061451,0,0,1
0.024,50,400,57.7834749385489,919.513525061451,86.5,0,223,840.797,1063.797,1063.797,0,1,919.513525061451,0,0,1
0.025,50,400,57.7834749385489,919.513525061451,86.5,0,223,840.797,1063.797,1063.797,0,1,919.513525061451,0,0,1
0.026,50,400,57.7834749385489,919.513525061451,86.5,0,223,840.797,1063.797,1063.797,0,1,919.513525061451,0,0,1
0.027,50,400,57.7834749385489,919.513525061451,86.5,0,223,840.797,1063.797,1063.797,0,1,919.513525061451,0,0,1
0.028,50,400,57.7834749385489,919.513525061451,86.5,0,223,840.797,1063.797,1063.797,0,1,919.513525061451,0,0,1
0.029,50,400,57.7834749385489,919.513525061451,86.5,0,223,840.797,1063.797,1063.797,0,1,919.513525061451,0,0,1
0.03,50,400,57.7834749385489,919.513525061451,86.5,0,223,840.797,1063.797,1063.797,0,1,919.513525061451,0,0,1
0.031,50,400,57.7834749385489,919.513525061451,86.5,0,223,840.797,1063.797,1063.797,0,1,919.513525061451,0,0,1
0.032,50,400,57.7834749385489,919.513525061451,86.5,0,223,840.797,1063.797,1063.797,0,1,919.513525061451,0,0,1
0.033,50,400,57.7834749385489,919.513525061451,86.5,0,223,840.797,1063.797,1063.797,0,1,919.513525061451,0,0,1
0.034,50,400,57.7834749385489,919.513525061451,86.5,0,223,840.797,1063.797,1063.797,0,1,919.513525061451,0,0,1
0.035,50,400,57.7834749385489,919.513525061451,86.5,0,223,840.797,1063.797,1063.797,0,1,919.513525061451,0,0,1
0.036,50,400,57.7834749385489,919.513525061451,86.5,0,223,840.797,1063.797,1063.797,0,1,919.513525061451,0,0,1
0.037,50,400,57.7834749385489,919.513525061451,86.5,0,223,840.797,1063.797,1063.797,0,1,919.513525061451,0,0,1
0.038,50,400,57.7834749385489,919.513525061451,86.5,0,223,840.797,1063.797,1063.797,0,1,919.513525061451,0,0,1
0.039,50,400,57.7834749385489,919.513525061451,86.5,0,223,840.797,1063.797,1063.797,0,1,919.513525061451,0,0,1
0.04,50,400,57.7834749385489,919.513525061451,86.5,0,223,840.797,1063.797,1063.797,0,1,919.513525061451,0,0,1
0.041,50,400,57.7834749385489,919.513525061451,86.5,0,223,840.797,1063.797,1063.797,0,1,919.513525061451,0,0,1
0.042,50,400,57.7834749385489,919.513525061451,86.5,0,223,840.797,1063.797,1063.797,0,1,919.513525061451,0,0,1
0.043,50,400,57.7834749385489,919.513525061451,86.5,0,223,840.797,1063.797,1063.797,0,1,919.513525061451,0,0,1
0.044,50,400,57.7834749385489,919.513525061451,86.5,0,223,840.797,1063.797,1063.797,0,1,919.513525061451,0,0,1
0.045,50,400,57.7834749385489,919.513525061451,86.5,0,223,840.797,1063.797,1063.797,0,1,919.513525061451,0,0,1
0.046,50,400,57.7834749385489,919.513525061451,86.5,0,223,840.797,1063.797,1063.797,0,1,919.513525061451,0,0,1
0.047,50,400,57.7834749385489,919.513525061451,86.5,0,223,840.797,1063.797,1063.797,0,1,919.513525061451,0,0,1
0.048,50,400,57.7834749385489,919.513525061451,86.5,0,223,840.797,1063.797,1063.797,0,1,919.513525061451,0,0,1
0.049,50,400,57.7834749385489,919.513525061451,86.5,0,223,840.797,1063.797,1063.797,0,1,919.513525061451,0,0,1
0.05,50,400,57.7834749385489,919.513525061451,86.5,0,223,840.797,1063.797,1063.797,0,1,919.513525061451,0,0,1
0.051,50,400,57.7834749385489,919.513525061451,86.5,0,223,840.797,1063.797,1063.797,0,1,919.513525061451,0,0,1
0.052,50,400,57.7834749385489,919.513525061451,86.5,0,223,840.797,1063.797,1063.797,0,1,919.513525061451,0,0,1
0.053,50,400,57.7834749385489,919.513525061451,86.5,0,223,840.797,1063.797,1063.797,0,1,919.513525061451,0,0,1
0.054,50,400,57.7834749385489,919.513525061451,86.5,0,223,840.797,1063.797,1063.797,0,1,919.513525061451,0,0,1
0.055,50,400,57.7834749385489,919.513525061451,86.5,0,223,840.797,1063.797,1063.797,0,1,919.513525061451,0,0,1
0.056,50,400,57.7834749385489,919.513525061451,86.5,0,223,840.797,1063.797,1063.797,0,1,919.513525061451,0,0,1
0.057,50,400,57.7834749385489,919.513525061451,86.5,0,223,840.797,1063.797,1063.797,0,1,919.513525061451,0,0,1
0.058,50,400,57.7834749385489,919.513525061451,86.5,0,223,840.797,1063.797,1063.797,0,1,919.513525061451,0,0,1
0.059,50,400,57.7834749385489,919.513525061451,86.5,0,223,840.797,1063.797,1063.797,0,1,919.513525061451,0,0,1
0.06,50,400,57.7834749385489,919.513525061451,86.5,0,223,840.797,1063.797,1063.797,0,1,919.513525061451,0,0,1
0.061,50,400,57.7834749385489,919.513525061451,86.5,0,223,840.797,1063.797,1063.797,0,1,919.513525061451,0,0,1
0.062,50,400,57.7834749385489,919.513525061451,86.5,0,223,840.797,1063.797,1063.797,0,1,919.513525061451,0,0,1
0.063,50,400,57.7834749385489,919.513525061451,86.5,0,223,840.797,1063.797,1063.797,0,1,919.513525061451,0,0,1
0.064,50,400,57.7834749385489,919.513525061451,86.5,0,223,840.797,1063.797,1063.797,0,1,919.513525061451,0,0,1
0.065,50,400,57.7834749385489,919.513525061451,86.5,0,223,840.797,1063.797,1063.797,0,1,919.513525061451,0,0,1
0.066,50,400,57.7834749385489,919.513525061451,86.5,0,223,840.797,1063.797,1063.797,0,1,919.513525061451,0,0,1
0.067,50,400,57.7834749385489,919.513525061451,86.5,0,223,840.797,1063.797,1063.797,0,1,919.513525061451,0,0,1
0.068,50,400,57.7834749385489,919.513525061451,86.5,0,223,840.797,1063.797,1063.797,0,1,919.513525061451,0,0,1
0.069,50,400,57.7834749385489,919.513525061451,86.5,0,223,840.797,1063.797,1063.797,0,1,919.513525061451,0,0,1
0.07,50,400,57.7834749385489,919.513525061451,86.5,0,223,840.797,1063.797,1063.797,0,1,919.513525061451,0,0,1
0.071,50,400,57.7834749385489,919.513525061451,86.5,0,223,840.797,1063.797,1063.797,0,1,919.513525061451,0,0,1
0.072,50,400,57.7834749385489,919.513525061451,86.5,0,223,840.797,1063.797,1063.797,0,1,919.513525061451,0,0,1
0.073,50,400,57.7834749385489,919.513525061451,86.5,0,223,840.797,1063.797,1063.797,0,1,919.513525061451,0,0,1
0.074,50,400,57.7834749385489,919.513525061451,86.5,0,223,840.797,1063.797,1063.797,0,1,919.513525061451,0,0,1
0.075,50,400,57.7834749385489,919.513525061451,86.5,0,223,840.797,1063.797,1063.797,0,1,919.513525061451,0,0,1
0.076,50,400,57.7834749385489,919.513525061451,86.5,0,223,840.797,1063.797,1063.797,0,1,919.513525061451,0,0,1
0.077,50,400,57.7834749385489,919.513525061451,86.5,0,223,840.797,1063.797,1063.797,0,1,919.513525061451,0,0,1
0.078,50,400,57.7834749385489,919.513525061451,86.5,0,223,840.797,1063.797,1063.797,0,1,919.513525061451,0,0,1
0.079,50,400,57.7834749385489,919.513525061451,86.5,0,223,840.797,1063.797,1063.797,0,1,919.513525061451,0,0,1
0.08,50,400,57.7834749385489,919.513525061451,86.5,0,223,840.797,1063.797,1063.797,0,1,919.513525061451,0,0,1
0.081,50,400,57.7834749385489,919.513525061451,86.5,0,223,840.797,1063.797,1063.797,0,1,919.513525061451,0,0,1
0.082,50,400,57.7834749385489,919.513525061451,86.5,0,223,840.797,1063.797,1063.797,0,1,919.513525061451,0,0,1
0.083,50,400,57.7834749385489,919.513525061451,86.5,0,223,840.797,1063.797,1063.797,0,1,919.513525061451,0,0,1
0.084,50,400,57.7834749385489,919.513525061451,86.5,0,223,840.797,1063.797,1063.797,0,1,919.513525061451,0,0,1
0.085,50,400,57.7834749385489,919.513525061451,86.5,0,223,840.797,1063.797,1063.797,0,1,919.513525061451,0,0,1
0.086,50,400,57.7834749385489,919.513525061451,86.5,0,223,840.797,1063.797,1063.797,0,1,919.513525061451,0,0,1
0.087,50,400,57.7834749385489,919.513525061451,86.5,0,223,840.797,1063.797,1063.797,0,1,919.513525061451,0,0,1
0.088,50,400,57.7834749385489,919.513525061451,86.5,0,223,840.797,1063.797,1063.797,0,1,919.513525061451,0,0,1
0.089,50,400,57.7834749385489,919.513525061451,86.5,0,223,840.797,1063.797,1063.797,0,1,919.513525061451,0,0,1
0.09,50,400,57.7834749385489,919.513525061451,86.5,0,223,840.797,1063.797,1063.797,0,1,919.513525061451,0,0,1
0.091,50,400,57.7834749385489,919.513525061451,86.5,0,223,840.797,1063.797,1063.797,0,1,919.513525061451,0,0,1
0.092,50,400,57.7834749385489,919.513525061451,86.5,0,223,840.797,1063.797,1063.797,0,1,919.513525061451,0,0,1
0.093,50,400,57.7834749385489,919.513525061451,86.5,0,223,840.797,1063.797,1063.797,0,1,919.513525061451,0,0,1
0.094,50,400,57.7834749385489,919.513525061451,86.5,0,223,840.797,1063.797,1063.797,0,1,919.513525061451,0,0,1
0.095,50,400,57.7834749385489,919.513525061451,86.5,0,223,840.797,1063.797,1063.797,0,1,919.513525061451,0,0,1
0.096,50,400,57.7834749385489,919.513525061451,86.5,0,223,840.797,1063.797,1063.797,0,1,919.513525061451,0,0,1
0.097,50,400,57.7834749385489,919.513525061451,86.5,0,223,840.797,1063.797,1063.797,0,1,919.513525061451,0,0,1
0.098,50,400,57.7834749385489,919.513525061451,86.5,0,223,840.797,1063.797,1063.797,0,1,919.513525061451,0,0,1
0.099,50,400,57.7834749385489,919.513525061451,86.5,0,223,840.797,1063.797,1063.797,0,1,919.513525061451,0,0,1
0.1,50,400,57.7834749385489,919.513525061451,86.5,0,223,840.797,1063.797,1063.797,0,1,919.513525061451,0,0,1
0.101,50,400,57.7834749385489,919.513525061451,86.5,0,223,840.797,1063.797,1063.797,0,1,919.513525061451,0,0,1
0.102,50,400,57.7834749385489,919.513525061451,86.5,0,223,840.797,1063.797,1063.797,0,1,919.513525061451,0,0,1
0.103,50,400,57.7834749385489,919.513525061451,86.5,0,223,840.797,1063.797,1063.797,0,1,919.513525061451,0,0,1
0.104,50,400,57.7834749385489,919.513525061451,86.5,0,223,840.797,1063.797,1063.797,0,1,919.513525061451,0,0,1
0.105,50,400,57.7834749385489,919.513525061451,86.5,0,223,840.797,1063.797,1063.797,0,1,919.513525061451,0,0,1
0.106,50,400,57.7834749385489,919.513525061451,86.5,0,223,840.797,1063.797,1063.797,0,1,919.513525061451,0,0,1
0.107,50,400,57.7834749385489,919.513525061451,86.5,0,223,840.797,1063.797,1063.797,0,1,919.513525061451,0,0,1
0.108,50,400,57.7834749385489,919.513525061451,86.5,0,223,840.797,1063.797,1063.797,0,1,919.513525061451,0,0,1
0.109,50,400,57.7834749385489,919.513525061451,86.5,0,223,840.797,1063.797,1063.797,0,1,919.513525061451,0,0,1
0.11,50,400,57.7834749385489,919.513525061451,86.5,0,223,840.797,1063.797,1063.797,0,1,919.513525061451,0,0,1
0.111,50,400,57.7834749385489,919.513525061451,86.5,0,223,840.797,1063.797,1063.797,0,1,919.513525061451,0,0,1
0.112,50,400,57.7834749385489,919.513525061451,86.5,0,223,840.797,1063.797,1063.797,0,1,919.513525061451,0,0,1
0.113,50,400,57.7834749385489,919.513525061451,86.5,0,223,840.797,1063.797,1063.797,0,1,919.513525061451,0,0,1
0.114,50,400,57.7834749385489,919.513525061451,86.5,0,223,840.797,1063.797,1063.797,0,1,919.513525061451,0,0,1
0.115,50,400,57.7834749385489,919.513525061451,86.5,0,223,840.797,1063.797,1063.797,0,1,919.513525061451,0,0,1
0.116,50,400,57.7834749385489,919.513525061451,86.5,0,223,840.797,1063.797,1063.797,0,1,919.513525061451,0,0,1
0.117,50,400,57.7834749385489,919.513525061451,86.5,0,223,840.797,1063.797,1063.797,0,1,919.513525061451,0,0,1
0.118,50,400,57.7834749385489,919.513525061451,86.5,0,223,840.797,1063.797,1063.797,0,1,919.513525061451,0,0,1
0.119,50,400,57.7834749385489,919.513525061451,86.5,0,223,840.797,1063.797,1063.797,0,1,919.513525061451,0,0,1
0.12,50,400,57.7834749385489,919.513525061451,86.5,0,223,840.797,1063.797,1063.797,0,1,919.513525061451,0,0,1
0.121,50,400,57.7834749385489,919.513525061451,86.5,0,223,840.797,1063.797,1063.797,0,1,919.513525061451,0,0,1
0.122,50,400,57.7834749385489,919.513525061451,86.5,0,223,840.797,1063.797,1063.797,0,1,919.513525061451,0,0,1
0.123,50,400,57.7834749385489,919.513525061451,86.5,0,223,840.797,1063.797,1063.797,0,1,919.513525061451,0,0,1
0.124,50,400,57.7834749385489,919.513525061451,86.5,0,223,840.797,1063.797,1063.797,0,1,919.513525061451,0,0,1
0.125,50,400,57.7834749385489,919.513525061451,86.5,0,223,840.797,1063.797,1063.797,0,1,919.513525061451,0,0,1
0.126,50,400,57.7834749385489,919.513525061451,86.5,0,223,840.797,1063.797,1063.797,0,1,919.513525061451,0,0,1
0.127,50,400,57.7834749385489,919.513525061451,86.5,0,223,840.797,1063.797,1063.797,0,1,919.513525061451,0,0,1
0.128,50,400,57.7834749385489,919.513525061451,86.5,0,223,840.797,1063.797,1063.797,0,1,919.513525061451,0,0,1
0.129,50,400,57.7834749385489,919.513525061451,86.5,0,223,840.797,1063.797,1063.797,0,1,919.513525061451,0,0,1
0.13,50,400,57.7834749385489,919.513525061451,86.5,0,223,840.797,1063.797,1063.797,0,1,919.513525061451,0,0,1
0.131,50,400,57.7834749385489,919.513525061451,86.5,0,223,840.797,1063.797,1063.797,0,1,919.513525061451,0,0,1
0.132,50,400,57.7834749385489,919.513525061451,86.5,0,223,840.797,1063.797,1063.797,0,1,919.513525061451,0,0,1
0.133,50,400,57.7834749385489,919.513525061451,86.5,0,223,840.797,1063.797,1063.797,0,1,919.513525061451,0,0,1
0.134,50,400,57.7834749385489,919.513525061451,86.5,0,223,840.797,1063.797,1063.797,0,1,919.513525061451,0,0,1
0.135,50,400,57.7834749385489,919.513525061451,86.5,0,223,840.797,1063.797,1063.797,0,1,919.513525061451,0,0,1
0.136,50,400,57.7834749385489,919.513525061451,86.5,0,223,840.797,1063.797,1063.797,0,1,919.513525061451,0,0,1
0.137,50,400,57.7834749385489,919.513525061451,86.5,0,223,840.797,1063.797,1063.797,0,1,919.513525061451,0,0,1
0.138,50,400,57.7834749385489,919.513525061451,86.5,0,223,840.797,1063.797,1063.797,0,1,919.513525061451,0,0,1
0.139,50,400,57.7834749385489,919.513525061451,86.5,0,223,840.797,1063.797,1063.797,0,1,919.513525061451,0,0,1
0.14,50,400,57.7834749385489,919.513525061451,86.5,0,223,840.797,1063.797,1063.797,0,1,919.513525061451,0,0,1
0.141,50,400,57.7834749385489,919.513525061451,86.5,0,223,840.797,1063.797,1063.797,0,1,919.513525061451,0,0,1
0.142,50,400,57.7834749385489,919.513525061451,86.5,0,223,840.797,1063.797,1063.797,0,1,919.513525061451,0,0,1
0.143,50,400,57.7834749385489,919.513525061451,86.5,0,223,840.797,1063.797,1063.797,0,1,919.513525061451,0,0,1
0.144,50,400,57.7834749385489,919.513525061451,86.5,0,223,840.797,1063.797,1063.797,0,1,919.513525061451,0,0,1
0.145,50,400,57.7834749385489,919.513525061451,86.5,0,223,840.797,1063.797,1063.797,0,1,919.513525061451,0,0,1
0.146,50,400,57.7834749385489,919.513525061451,86.5,0,223,840.797,1063.797,1063.797,0,1,919.513525061451,0,0,1
0.147,50,400,57.7834749385489,919.513525061451,86.5,0,223,840.797,1063.797,1063.797,0,1,919.513525061451,0,0,1
0.148,50,400,57.7834749385489,919.513525061451,86.5,0,223,840.797,1063.797,1063.797,0,1,919.513525061451,0,0,1
0.149,50,400,57.7834749385489,919.513525061451,86.5,0,223,840.797,1063.797,1063.797,0,1,919.513525061451,0,0,1
0.15,50,400,57.7834749385489,919.513525061451,86.5,0,223,840.797,1063.797,1063.797,0,1,919.513525061451,0,0,1
0.151,50,400,57.7834749385489,919.513525061451,86.5,0,223,840.797,1063.797,1063.797,0,1,919.513525061451,0,0,1
0.152,50,400,57.7834749385489,919.513525061451,86.5,0,223,840.797,1063.797,1063.797,0,1,919.513525061451,0,0,1
0.153,50,400,57.7834749385489,919.513525061451,86.5,0,223,840.797,1063.797,1063.797,0,1,919.513525061451,0,0,1
0.154,50,400,57.7834749385489,919.513525061451,86.5,0,223,840.797,1063.797,1063.797,0,1,919.513525061451,0,0,1
0.155,50,400,57.7834749385489,919.513525061451,86.5,0,223,840.797,1063.797,1063.797,0,1,919.513525061451,0,0,1
0.156,50,400,57.7834749385489,919.513525061451,86.5,0,223,840.797,1063.797,1063.797,0,1,919.513525061451,0,0,1
0.157,50,400,57.7834749385489,919.513525061451,86.5,0,223,840.797,1063.797,1063.797,0,1,919.513525061451,0,0,1
0.158,50,400,57.7834749385489,919.513525061451,86.5,0,223,840.797,1063.797,1063.797,0,1,919.513525061451,0,0,1
0.159,50,400,57.7834749385489,919.513525061451,86.5,0,223,840.797,1063.797,1063.797,0,1,919.513525061451,0,0,1
0.16,50,400,57.7834749385489,919.513525061451,86.5,0,223,840.797,1063.797,1063.797,0,1,919.513525061451,0,0,1
0.161,50,400,57.7834749385489,919.513525061451,86.5,0,223,840.797,1063.797,1063.797,0,1,919.513525061451,0,0,1
0.162,50,400,57.7834749385489,919.513525061451,86.5,0,223,840.797,1063.797,1063.797,0,1,919.513525061451,0,0,1
0.163,50,400,57.7834749385489,919.513525061451,86.5,0,223,840.797,1063.797,1063.797,0,1,919.513525061451,0,0,1
0.164,50,400,57.7834749385489,919.513525061451,86.5,0,223,840.797,1063.797,1063.797,0,1,919.513525061451,0,0,1
0.165,50,400,57.7834749385489,919.513525061451,86.5,0,223,840.797,1063.797,1063.797,0,1,919.513525061451,0,0,1
0.166,50,400,57.7834749385489,919.513525061451,86.5,0,223,840.797,1063.797,1063.797,0,1,919.513525061451,0,0,1
0.167,50,400,57.7834749385489,919.513525061451,86.5,0,223,840.797,1063.797,1063.797,0,1,919.513525061451,0,0,1
0.168,50,400,57.7834749385489,919.513525061451,86.5,0,223,840.797,1063.797,1063.797,0,1,919.513525061451,0,0,1
0.169,50,400,57.7834749385489,919.513525061451,86.5,0,223,840.797,1063.797,1063.797,0,1,919.513525061451,0,0,1
0.17,50,400,57.7834749385489,919.513525061451,86.5,0,223,840.797,1063.797,1063.797,0,1,919.513525061451,0,0,1
0.171,50,400,57.7834749385489,919.513525061451,86.5,0,223,840.797,1063.797,1063.797,0,1,919.513525061451,0,0,1
0.172,50,400,57.7834749385489,919.513525061451,86.5,0,223,840.797,1063.797,1063.797,0,1,919.513525061451,0,0,1
0.173,50,400,57.7834749385489,919.513525061451,86.5,0,223,840.797,1063.797,1063.797,0,1,919.513525061451,0,0,1
0.174,50,400,57.7834749385489,919.513525061451,86.5,0,223,840.797,1063.797,1063.797,0,1,919.513525061451,0,0,1
0.175,50,400,57.7834749385489,919.513525061451,86.5,0,223,840.797,1063.797,1063.797,0,1,919.513525061451,0,0,1
0.176,50,400,57.7834749385489,919.513525061451,86.5,0,223,840.797,1063.797,1063.797,0,1,919.513525061451,0,0,1
0.177,50,400,57.7834749385489,919.513525061451,86.5,0,223,840.797,1063.797,1063.797,0,1,919.513525061451,0,0,1
0.178,50,400,57.7834749385489,919.513525061451,86.5,0,223,840.797,1063.797,1063.797,0,1,919.513525061451,0,0,1
0.179,50,400,57.7834749385489,919.513525061451,86.5,0,223,840.797,1063.797,1063.797,0,1,919.513525061451,0,0,1
0.18,50,400,57.7834749385489,919.513525061451,86.5,0,223,840.797,1063.797,1063.797,0,1,919.513525061451,0,0,1
0.181,50,400,57.7834749385489,919.513525061451,86.5,0,223,840.797,1063.797,1063.797,0,1,919.513525061451,0,0,1
0.182,50,400,57.7834749385489,919.513525061451,86.5,0,223,840.797,1063.797,1063.797,0,1,919.513525061451,0,0,1
0.183,50,400,57.7834749385489,919.513525061451,86.5,0,223,840.797,1063.797,1063.797,0,1,919.513525061451,0,0,1
0.184,50,400,57.7834749385489,919.513525061451,86.5,0,223,840.797,1063.797,1063.797,0,1,919.513525061451,0,0,1
0.185,50,400,57.7834749385489,919.513525061451,86.5,0,223,840.797,1063.797,1063.797,0,1,919.513525061451,0,0,1
0.186,50,400,57.7834749385489,919.513525061451,86.5,0,223,840.797,1063.797,1063.797,0,1,919.513525061451,0,0,1
0.187,50,400,57.7834749385489,919.513525061451,86.5,0,223,840.797,1063.797,1063.797,0,1,919.513525061451,0,0,1
0.188,50,400,57.7834749385489,919.513525061451,86.5,0,223,840.797,1063.797,1063.797,0,1,919.513525061451,0,0,1
0.189,50,400,57.7834749385489,919.513525061451,86.5,0,223,840.797,1063.797,1063.797,0,1,919.513525061451,0,0,1
0.19,50,400,57.7834749385489,919.513525061451,86.5,0,223,840.797,1063.797,1063.797,0,1,919.513525061451,0,0,1
0.191,50,400,57.7834749385489,919.513525061451,86.5,0,223,840.797,1063.797,1063.797,0,1,919.513525061451,0,0,1
0.192,50,400,57.7834749385489,919.513525061451,86.5,0,223,840.797,1063.797,1063.797,0,1,919.513525061451,0,0,1
0.193,50,400,57.7834749385489,919.513525061451,86.5,0,223,840.797,1063.797,1063.797,0,1,919.513525061451,0,0,1
0.194,50,400,57.7834749385489,919.513525061451,86.5,0,223,840.797,1063.797,1063.797,0,1,919.513525061451,0,0,1
0.195,50,400,57.7834749385489,919.513525061451,86.5,0,223,840.797,1063.797,1063.797,0,1,919.513525061451,0,0,1
0.196,50,400,57.7834749385489,919.513525061451,86.5,0,223,840.797,1063.797,1063.797,0,1,919.513525061451,0,0,1
0.197,50,400,57.7834749385489,919.513525061451,86.5,0,223,840.797,1063.797,1063.797,0,1,919.513525061451,0,0,1
0.198,50,400,57.7834749385489,919.513525061451,86.5,0,223,840.797,1063.797,1063.797,0,1,919.513525061451,0,0,1
0.199,50,400,57.7834749385489,919.513525061451,86.5,0,223,840.797,1063.797,1063.797,0,1,919.513525061451,0,0,1
0.2,50,400,57.7834749385489,919.513525061451,86.5,0,223,840.797,1063.797,1063.797,0,1,919.513525061451,0,0,1
0.201,50,400,57.7834749385489,919.513525061451,86.5,0,223,840.797,1063.797,1063.797,0,1,919.513525061451,0,0,1
0.202,50,400,57.7834749385489,919.513525061451,86.5,0,223,840.797,1063.797,1063.797,0,1,919.513525061451,0,0,1
0.203,50,400,57.7834749385489,919.513525061451,86.5,0,223,840.797,1063.797,1063.797,0,1,919.513525061451,0,0,1
0.204,50,400,57.7834749385489,919.513525061451,86.5,0,223,840.797,1063.797,1063.797,0,1,919.513525061451,0,0,1
0.205,50,400,57.7834749385489,919.513525061451,86.5,0,223,840.797,1063.797,1063.797,0,1,919.513525061451,0,0,1
0.206,50,400,57.7834749385489,919.513525061451,86.5,0,223,840.797,1063.797,1063.797,0,1,919.513525061451,0,0,1
0.207,50,400,57.7834749385489,919.513525061451,86.5,0,223,840.797,1063.797,1063.797,0,1,919.513525061451,0,0,1
0.208,50,400,57.7834749385489,919.513525061451,86.5,0,223,840.797,1063.797,1063.797,0,1,919.513525061451,0,0,1
0.209,50,400,57.7834749385489,919.513525061451,86.5,0,223,840.797,1063.797,1063.797,0,1,919.513525061451,0,0,1
0.21,50,400,57.7834749385489,919.513525061451,86.5,0,223,840.797,1063.797,1063.797,0,1,919.513525061451,0,0,1
0.211,50,400,57.7834749385489,919.513525061451,86.5,0,223,840.797,1063.797,1063.797,0,1,919.513525061451,0,0,1
0.212,50,400,57.7834749385489,919.513525061451,86.5,0,223,840.797,1063.797,1063.797,0,1,919.513525061451,0,0,1
0.213,50,400,57.7834749385489,919.513525061451,86.5,0,223,840.797,1063.797,1063.797,0,1,919.513525061451,0,0,1
0.214,50,400,57.7834749385489,919.513525061451,86.5,0,223,840.797,1063.797,1063.797,0,1,919.513525061451,0,0,1
0.215,50,400,57.7834749385489,919.513525061451,86.5,0,223,840.797,1063.797,1063.797,0,1,919.513525061451,0,0,1
0.216,50,400,57.7834749385489,919.513525061451,86.5,0,223,840.797,1063.797,1063.797,0,1,919.513525061451,0,0,1
0.217,50,400,57.7834749385489,919.513525061451,86.5,0,223,840.797,1063.797,1063.797,0,1,919.513525061451,0,0,1
0.218,50,400,57.7834749385489,919.513525061451,86.5,0,223,840.797,1063.797,1063.797,0,1,919.513525061451,0,0,1
0.219,50,400,57.7834749385489,919.513525061451,86.5,0,223,840.797,1063.797,1063.797,0,1,919.513525061451,0,0,1
0.22,50,400,57.7834749385489,919.513525061451,86.5,0,223,840.797,1063.797,1063.797,0,1,919.513525061451,0,0,1
0.221,50,400,57.7834749385489,919.513525061451,86.5,0,223,840.797,1063.797,1063.797,0,1,919.513525061451,0,0,1
0.222,50,400,57.7834749385489,919.513525061451,86.5,0,223,840.797,1063.797,1063.797,0,1,919.513525061451,0,0,1
0.223,50,400,57.7834749385489,919.513525061451,86.5,0,223,840.797,1063.797,1063.797,0,1,919.513525061451,0,0,1
0.224,50,400,57.7834749385489,919.513525061451,86.5,0,223,840.797,1063.797,1063.797,0,1,919.513525061451,0,0,1
0.225,50,400,57.7834749385489,919.513525061451,86.5,0,223,840.797,1063.797,1063.797,0,1,919.513525061451,0,0,1
0.226,50,400,57.7834749385489,919.513525061451,86.5,0,223,840.797,1063.797,1063.797,0,1,919.513525061451,0,0,1
0.227,50,400,57.7834749385489,919.513525061451,86.5,0,223,840.797,1063.797,1063.797,0,1,919.513525061451,0,0,1
0.228,50,400,57.7834749385489,919.513525061451,86.5,0,223,840.797,1063.797,1063.797,0,1,919.513525061451,0,0,1
0.229,50,400,57.7834749385489,919.513525061451,86.5,0,223,840.797,1063.797,1063.797,0,1,919.513525061451,0,0,1
0.23,50,400,57.7834749385489,919.513525061451,86.5,0,223,840.797,1063.797,1063.797,0,1,919.513525061451,0,0,1
0.231,50,400,57.7834749385489,919.513525061451,86.5,0,223,840.797,1063.797,1063.797,0,1,919.513525061451,0,0,1
0.232,50,400,57.7834749385489,919.513525061451,86.5,0,223,840.797,1063.797,1063.797,0,1,919.513525061451,0,0,1
0.233,50,400,57.7834749385489,919.513525061451,86.5,0,223,840.797,1063.797,1063.797,0,1,919.513525061451,0,0,1
0.234,50,400,57.7834749385489,919.513525061451,86.5,0,223,840.797,1063.797,1063.797,0,1,919.513525061451,0,0,1
0.235,50,400,57.7834749385489,919.513525061451,86.5,0,223,840.797,1063.797,1063.797,0,1,919.513525061451,0,0,1
0.236,50,400,57.7834749385489,919.513525061451,86.5,0,223,840.797,1063.797,1063.797,0,1,919.513525061451,0,0,1
0.237,50,400,57.7834749385489,919.513525061451,86.5,0,223,840.797,1063.797,1063.797,0,1,919.513525061451,0,0,1
0.238,50,400,57.7834749385489,919.513525061451,86.5,0,223,840.797,1063.797,1063.797,0,1,919.513525061451,0,0,1
0.239,50,400,57.7834749385489,919.513525061451,86.5,0,223,840.797,1063.797,1063.797,0,1,919.513525061451,0,0,1
0.24,50,400,57.7834749385489,919.513525061451,86.5,0,223,840.797,1063.797,1063.797,0,1,919.513525061451,0,0,1
0.241,50,400,57.7834749385489,919.513525061451,86.5,0,223,840.797,1063.797,1063.797,0,1,919.513525061451,0,0,1
0.242,50,400,57.7834749385489,919.513525061451,86.5,0,223,840.797,1063.797,1063.797,0,1,919.513525061451,0,0,1
0.243,50,400,57.7834749385489,919.513525061451,86.5,0,223,840.797,1063.797,1063.797,0,1,919.513525061451,0,0,1
0.244,50,400,57.7834749385489,919.513525061451,86.5,0,223,840.797,1063.797,1063.797,0,1,919.513525061451,0,0,1
0.245,50,400,57.7834749385489,919.513525061451,86.5,0,223,840.797,1063.797,1063.797,0,1,919.513525061451,0,0,1
0.246,50,400,57.7834749385489,919.513525061451,86.5,0,223,840.797,1063.797,1063.797,0,1,919.513525061451,0,0,1
0.247,50,400,57.7834749385489,919.513525061451,86.5,0,223,840.797,1063.797,1063.797,0,1,919.513525061451,0,0,1
0.248,50,400,57.7834749385489,919.513525061451,86.5,0,223,840.797,1063.797,1063.797,0,1,919.513525061451,0,0,1
0.249,50,400,57.7834749385489,919.513525061451,86.5,0,223,840.797,1063.797,1063.797,0,1,919.513525061451,0,0,1
0.25,50,400,57.7834749385489,919.513525061451,86.5,0,223,840.797,1063.797,1063.797,0,1,919.513525061451,0,0,1
0.251,50,400,57.7834749385489,919.513525061451,86.5,0,223,840.797,1063.797,1063.797,0,1,919.513525061451,0,0,1
0.252,50,400,57.7834749385489,919.513525061451,86.5,0,223,840.797,1063.797,1063.797,0,1,919.513525061451,0,0,1
0.253,50,400,57.7834749385489,919.513525061451,86.5,0,223,840.797,1063.797,1063.797,0,1,919.513525061451,0,0,1
0.254,50,400,57.7834749385489,919.513525061451,86.5,0,223,840.797,1063.797,1063.797,0,1,919.513525061451,0,0,1
0.255,50,400,57.7834749385489,919.513525061451,86.5,0,223,840.797,1063.797,1063.797,0,1,919.513525061451,0,0,1
0.256,50,400,57.7834749385489,919.513525061451,86.5,0,223,840.797,1063.797,1063.797,0,1,919.513525061451,0,0,1
0.257,50,400,57.7834749385489,919.513525061451,86.5,0,223,840.797,1063.797,1063.797,0,1,919.513525061451,0,0,1
0.258,50,400,57.7834749385489,919.513525061451,86.5,0,223,840.797,1063.797,1063.797,0,1,919.513525061451,0,0,1
0.259,50,400,57.7834749385489,919.513525061451,86.5,0,223,840.797,1063.797,1063.797,0,1,919.513525061451,0,0,1
0.26,50,400,57.7834749385489,919.513525061451,86.5,0,223,840.797,1063.797,1063.797,0,1,919.513525061451,0,0,1
0.261,50,400,57.7834749385489,919.513525061451,86.5,0,223,840.797,1063.797,1063.797,0,1,919.513525061451,0,0,1
0.262,50,400,57.7834749385489,919.513525061451,86.5,0,223,840.797,1063.797,1063.797,0,1,919.513525061451,0,0,1
0.263,50,400,57.7834749385489,919.513525061451,86.5,0,223,840.797,1063.797,1063.797,0,1,919.513525061451,0,0,1
0.264,50,400,57.7834749385489,919.513525061451,86.5,0,223,840.797,1063.797,1063.797,0,1,919.513525061451,0,0,1
0.265,50,400,57.7834749385489,919.513525061451,86.5,0,223,840.797,1063.797,1063.797,0,1,919.513525061451,0,0,1
0.266,50,400,57.7834749385489,919.513525061451,86.5,0,223,840.797,1063.797,1063.797,0,1,919.513525061451,0,0,1
0.267,50,400,57.7834749385489,919.513525061451,86.5,0,223,840.797,1063.797,1063.797,0,1,919.513525061451,0,0,1
0.268,50,400,57.7834749385489,919.513525061451,86.5,0,223,840.797,1063.797,1063.797,0,1,919.513525061451,0,0,1
0.269,50,400,57.7834749385489,919.513525061451,86.5,0,223,840.797,1063.797,1063.797,0,1,919.513525061451,0,0,1
0.27,50,400,57.7834749385489,919.513525061451,86.5,0,223,840.797,1063.797,1063.797,0,1,919.513525061451,0,0,1
0.271,50,400,57.7834749385489,919.513525061451,86.5,0,223,840.797,1063.797,1063.797,0,1,919.513525061451,0,0,1
0.272,50,400,57.7834749385489,919.513525061451,86.5,0,223,840.797,1063.797,1063.797,0,1,919.513525061451,0,0,1
0.273,50,400,57.7834749385489,919.513525061451,86.5,0,223,840.797,1063.797,1063.797,0,1,919.513525061451,0,0,1
0.274,50,400,57.7834749385489,919.513525061451,86.5,0,223,840.797,1063.797,1063.797,0,1,919.513525061451,0,0,1
0.275,50,400,57.7834749385489,919.513525061451,86.5,0,223,840.797,1063.797,1063.797,0,1,919.513525061451,0,0,1
0.276,50,400,57.7834749385489,919.513525061451,86.5,0,223,840.797,1063.797,1063.797,0,1,919.513525061451,0,0,1
0.277,50,400,57.7834749385489,919.513525061451,86.5,0,223,840.797,1063.797,1063.797,0,1,919.513525061451,0,0,1
0.278,50,400,57.7834749385489,919.513525061451,86.5,0,223,840.797,1063.797,1063.797,0,1,919.513525061451,0,0,1
0.279,50,400,57.7834749385489,919.513525061451,86.5,0,223,840.797,1063.797,1063.797,0,1,919.513525061451,0,0,1
0.28,50,400,57.7834749385489,919.513525061451,86.5,0,223,840.797,1063.797,1063.797,0,1,919.513525061451,0,0,1
0.281,50,400,57.7834749385489,919.513525061451,86.5,0,223,840.797,1063.797,1063.797,0,1,919.513525061451,0,0,1
0.282,50,400,57.7834749385489,919.513525061451,86.5,0,223,840.797,1063.797,1063.797,0,1,919.513525061451,0,0,1
0.283,50,400,57.7834749385489,919.513525061451,86.5,0,223,840.797,1063.797,1063.797,0,1,919.513525061451,0,0,1
0.284,50,400,57.7834749385489,919.513525061451,86.5,0,223,840.797,1063.797,1063.797,0,1,919.513525061451,0,0,1
0.285,50,400,57.7834749385489,919.513525061451,86.5,0,223,840.797,1063.797,1063.797,0,1,919.513525061451,0,0,1
0.286,50,400,57.7834749385489,919.513525061451,86.5,0,223,840.797,1063.797,1063.797,0,1,919.513525061451,0,0,1
0.287,50,400,57.7834749385489,919.513525061451,86.5,0,223,840.797,1063.797,1063.797,0,1,919.513525061451,0,0,1
0.288,50,400,57.7834749385489,919.513525061451,86.5,0,223,840.797,1063.797,1063.797,0,1,919.513525061451,0,0,1
0.289,50,400,57.7834749385489,919.513525061451,86.5,0,223,840.797,1063.797,1063.797,0,1,919.513525061451,0,0,1
0.29,50,400,57.7834749385489,919.513525061451,86.5,0,223,840.797,1063.797,1063.797,0,1,919.513525061451,0,0,1
0.291,50,400,57.7834749385489,919.513525061451,86.5,0,223,840.797,1063.797,1063.797,0,1,919.513525061451,0,0,1
0.292,50,400,57.7834749385489,919.513525061451,86.5,0,223,840.797,1063.797,1063.797,0,1,919.513525061451,0,0,1
0.293,50,400,57.7834749385489,919.513525061451,86.5,0,223,840.797,1063.797,1063.797,0,1,919.513525061451,0,0,1
0.294,50,400,57.7834749385489,919.513525061451,86.5,0,223,840.797,1063.797,1063.797,0,1,919.513525061451,0,0,1
0.295,50,400,57.7834749385489,919.513525061451,86.5,0,223,840.797,1063.797,1063.797,0,1,919.513525061451,0,0,1
0.296,50,400,57.7834749385489,919.513525061451,86.5,0,223,840.797,1063.797,1063.797,0,1,919.513525061451,0,0,1
0.297,50,400,57.7834749385489,919.513525061451,86.5,0,223,840.797,1063.797,1063.797,0,1,919.513525061451,0,0,1
0.298,50,400,57.7834749385489,919.513525061451,86.5,0,223,840.797,1063.797,1063.797,0,1,919.513525061451,0,0,1
0.299,50,400,57.7834749385489,919.513525061451,86.5,0,223,840.797,1063.797,1063.797,0,1,919.513525061451,0,0,1
0.3,50,400,57.7834749385489,919.513525061451,86.5,0,223,840.797,1063.797,1063.797,0,1,919.513525061451,0,0,1
0.301,50,400,57.7834749385489,919.513525061451,86.5,0,223,840.797,1063.797,1063.797,0,1,919.513525061451,0,0,1
0.302,50,400,57.7834749385489,919.513525061451,86.5,0,223,840.797,1063.797,1063.797,0,1,919.513525061451,0,0,1
0.303,50,400,57.7834749385489,919.513525061451,86.5,0,223,840.797,1063.797,1063.797,0,1,919.513525061451,0,0,1
0.304,50,400,57.7834749385489,919.513525061451,86.5,0,223,840.797,1063.797,1063.797,0,1,919.513525061451,0,0,1
0.305,50,400,57.7834749385489,919.513525061451,86.5,0,223,840.797,1063.797,1063.797,0,1,919.513525061451,0,0,1
0.306,50,400,57.7834749385489,919.513525061451,86.5,0,223,840.797,1063.797,1063.797,0,1,919.513525061451,0,0,1
0.307,50,400,57.7834749385489,919.513525061451,86.5,0,223,840.797,1063.797,1063.797,0,1,919.513525061451,0,0,1
0.308,50,400,57.7834749385489,919.513525061451,86.5,0,223,840.797,1063.797,1063.797,0,1,919.513525061451,0,0,1
0.309,50,400,57.7834749385489,919.513525061451,86.5,0,223,840.797,1063.797,1063.797,0,1,919.513525061451,0,0,1
0.31,50,400,57.7834749385489,919.513525061451,86.5,0,223,840.797,1063.797,1063.797,0,1,919.513525061451,0,0,1
0.311,50,400,57.7834749385489,919.513525061451,86.5,0,223,840.797,1063.797,1063.797,0,1,919.513525061451,0,0,1
0.312,50,400,57.7834749385489,919.513525061451,86.5,0,223,840.797,1063.797,1063.797,0,1,919.513525061451,0,0,1
0.313,50,400,57.7834749385489,919.513525061451,86.5,0,223,840.797,1063.797,1063.797,0,1,919.513525061451,0,0,1
0.314,50,400,57.7834749385489,919.513525061451,86.5,0,223,840.797,1063.797,1063.797,0,1,919.513525061451,0,0,1
0.315,50,400,57.7834749385489,919.513525061451,86.5,0,223,840.797,1063.797,1063.797,0,1,919.513525061451,0,0,1
0.316,50,400,57.7834749385489,919.513525061451,86.5,0,223,840.797,1063.797,1063.797,0,1,919.513525061451,0,0,1
0.317,50,400,57.7834749385489,919.513525061451,86.5,0,223,840.797,1063.797,1063.797,0,1,919.513525061451,0,0,1
0.318,50,400,57.7834749385489,919.513525061451,86.5,0,223,840.797,1063.797,1063.797,0,1,919.513525061451,0,0,1
0.319,50,400,57.7834749385489,919.513525061451,86.5,0,223,840.797,1063.797,1063.797,0,1,919.513525061451,0,0,1
0.32,50,400,57.7834749385489,919.513525061451,86.5,0,223,840.797,1063.797,1063.797,0,1,919.513525061451,0,0,1
0.321,50,400,57.7834749385489,919.513525061451,86.5,0,223,840.797,1063.797,1063.797,0,1,919.513525061451,0,0,1
0.322,50,400,57.7834749385489,919.513525061451,86.5,0,223,840.797,1063.797,1063.797,0,1,919.513525061451,0,0,1
0.323,50,400,57.7834749385489,919.513525061451,86.5,0,223,840.797,1063.797,1063.797,0,1,919.513525061451,0,0,1
0.324,50,400,57.7834749385489,919.513525061451,86.5,0,223,840.797,1063.797,1063.797,0,1,919.513525061451,0,0,1
0.325,50,400,57.7834749385489,919.513525061451,86.5,0,223,840.797,1063.797,1063.797,0,1,919.513525061451,0,0,1
0.326,50,400,57.7834749385489,919.513525061451,86.5,0,223,840.797,1063.797,1063.797,0,1,919.513525061451,0,0,1
0.327,50,400,57.7834749385489,919.513525061451,86.5,0,223,840.797,1063.797,1063.797,0,1,919.513525061451,0,0,1
0.328,50,400,57.7834749385489,919.513525061451,86.5,0,223,840.797,1063.797,1063.797,0,1,919.513525061451,0,0,1
0.329,50,400,57.7834749385489,919.513525061451,86.5,0,223,840.797,1063.797,1063.797,0,1,919.513525061451,0,0,1
0.33,50,400,57.7834749385489,919.513525061451,86.5,0,223,840.797,1063.797,1063.797,0,1,919.513525061451,0,0,1
0.331,50,400,57.7834749385489,919.513525061451,86.5,0,223,840.797,1063.797,1063.797,0,1,919.513525061451,0,0,1
0.332,50,400,57.7834749385489,919.513525061451,86.5,0,223,840.797,1063.797,1063.797,0,1,919.513525061451,0,0,1
0.333,50,400,57.7834749385489,919.513525061451,86.5,0,223,840.797,1063.797,1063.797,0,1,919.513525061451,0,0,1
0.334,50,400,57.7834749385489,919.513525061451,86.5,0,223,840.797,1063.797,1063.797,0,1,919.513525061451,0,0,1
0.335,50,400,57.7834749385489,919.513525061451,86.5,0,223,840.797,1063.797,1063.797,0,1,919.513525061451,0,0,1
0.336,50,400,57.7834749385489,919.513525061451,86.5,0,223,840.797,1063.797,1063.797,0,1,919.513525061451,0,0,1
0.337,50,400,57.7834749385489,919.513525061451,86.5,0,223,840.797,1063.797,1063.797,0,1,919.513525061451,0,0,1
0.338,50,400,57.7834749385489,919.513525061451,86.5,0,223,840.797,1063.797,1063.797,0,1,919.513525061451,0,0,1
0.339,50,400,57.7834749385489,919.513525061451,86.5,0,223,840.797,1063.797,1063.797,0,1,919.513525061451,0,0,1
0.34,50,400,57.7834749385489,919.513525061451,86.5,0,223,840.797,1063.797,1063.797,0,1,919.513525061451,0,0,1
0.341,50,400,57.7834749385489,919.513525061451,86.5,0,223,840.797,1063.797,1063.797,0,1,919.513525061451,0,0,1
0.342,50,400,57.7834749385489,919.513525061451,86.5,0,223,840.797,1063.797,1063.797,0,1,919.513525061451,0,0,1
0.343,50,400,57.7834749385489,919.513525061451,86.5,0,223,840.797,1063.797,1063.797,0,1,919.513525061451,0,0,1
0.344,50,400,57.7834749385489,919.513525061451,86.5,0,223,840.797,1063.797,1063.797,0,1,919.513525061451,0,0,1
0.345,50,400,57.7834749385489,919.513525061451,86.5,0,223,840.797,1063.797,1063.797,0,1,919.513525061451,0,0,1
0.346,50,400,57.7834749385489,919.513525061451,86.5,0,223,840.797,1063.797,1063.797,0,1,919.513525061451,0,0,1
0.347,50,400,57.7834749385489,919.513525061451,86.5,0,223,840.797,1063.797,1063.797,0,1,919.513525061451,0,0,1
0.348,50,400,57.7834749385489,919.513525061451,86.5,0,223,840.797,1063.797,1063.797,0,1,919.513525061451,0,0,1
0.349,50,400,57.7834749385489,919.513525061451,86.5,0,223,840.797,1063.797,1063.797,0,1,919.513525061451,0,0,1
0.35,50,400,57.7834749385489,919.513525061451,86.5,0,223,840.797,1063.797,1063.797,0,1,919.513525061451,0,0,1
0.351,50,400,57.7834749385489,919.513525061451,86.5,0,223,840.797,1063.797,1063.797,0,1,919.513525061451,0,0,1
0.352,50,400,57.7834749385489,919.513525061451,86.5,0,223,840.797,1063.797,1063.797,0,1,919.513525061451,0,0,1
0.353,50,400,57.7834749385489,919.513525061451,86.5,0,223,840.797,1063.797,1063.797,0,1,919.513525061451,0,0,1
0.354,50,400,57.7834749385489,919.513525061451,86.5,0,223,840.797,1063.797,1063.797,0,1,919.513525061451,0,0,1
0.355,50,400,57.7834749385489,919.513525061451,86.5,0,223,840.797,1063.797,1063.797,0,1,919.513525061451,0,0,1
0.356,50,400,57.7834749385489,919.513525061451,86.5,0,223,840.797,1063.797,1063.797,0,1,919.513525061451,0,0,1
0.357,50,400,57.7834749385489,919.513525061451,86.5,0,223,840.797,1063.797,1063.797,0,1,919.513525061451,0,0,1
0.358,50,400,57.7834749385489,919.513525061451,86.5,0,223,840.797,1063.797,1063.797,0,1,919.513525061451,0,0,1
0.359,50,400,57.7834749385489,919.513525061451,86.5,0,223,840.797,1063.797,1063.797,0,1,919.513525061451,0,0,1
0.36,50,400,57.7834749385489,919.513525061451,86.5,0,223,840.797,1063.797,1063.797,0,1,919.513525061451,0,0,1
0.361,50,400,57.7834749385489,919.513525061451,86.5,0,223,840.797,1063.797,1063.797,0,1,919.513525061451,0,0,1
0.362,50,400,57.7834749385489,919.513525061451,86.5,0,223,840.797,1063.797,1063.797,0,1,919.513525061451,0,0,1
0.363,50,400,57.7834749385489,919.513525061451,86.5,0,223,840.797,1063.797,1063.797,0,1,919.513525061451,0,0,1
0.364,50,400,57.7834749385489,919.513525061451,86.5,0,223,840.797,1063.797,1063.797,0,1,919.513525061451,0,0,1
0.365,50,400,57.7834749385489,919.513525061451,86.5,0,223,840.797,1063.797,1063.797,0,1,919.513525061451,0,0,1
0.366,50,400,57.7834749385489,919.513525061451,86.5,0,223,840.797,1063.797,1063.797,0,1,919.513525061451,0,0,1
0.367,50,400,57.7834749385489,919.513525061451,86.5,0,223,840.797,1063.797,1063.797,0,1,919.513525061451,0,0,1
0.368,50,400,57.7834749385489,919.513525061451,86.5,0,223,840.797,1063.797,1063.797,0,1,919.513525061451,0,0,1
0.369,50,400,57.7834749385489,919.513525061451,86.5,0,223,840.797,1063.797,1063.797,0,1,919.513525061451,0,0,1
0.37,50,400,57.7834749385489,919.513525061451,86.5,0,223,840.797,1063.797,1063.797,0,1,919.513525061451,0,0,1
0.371,50,400,57.7834749385489,919.513525061451,86.5,0,223,840.797,1063.797,1063.797,0,1,919.513525061451,0,0,1
0.372,50,400,57.7834749385489,919.513525061451,86.5,0,223,840.797,1063.797,1063.797,0,1,919.513525061451,0,0,1
0.373,50,400,57.7834749385489,919.513525061451,86.5,0,223,840.797,1063.797,1063.797,0,1,919.513525061451,0,0,1
0.374,50,400,57.7834749385489,919.513525061451,86.5,0,223,840.797,1063.797,1063.797,0,1,919.513525061451,0,0,1
0.375,50,400,57.7834749385489,919.513525061451,86.5,0,223,840.797,1063.797,1063.797,0,1,919.513525061451,0,0,1
0.376,50,400,57.7834749385489,919.513525061451,86.5,0,223,840.797,1063.797,1063.797,0,1,919.513525061451,0,0,1
0.377,50,400,57.7834749385489,919.513525061451,86.5,0,223,840.797,1063.797,1063.797,0,1,919.513525061451,0,0,1
0.378,50,400,57.7834749385489,919.513525061451,86.5,0,223,840.797,1063.797,1063.797,0,1,919.513525061451,0,0,1
0.379,50,400,57.7834749385489,919.513525061451,86.5,0,223,840.797,1063.797,1063.797,0,1,919.513525061451,0,0,1
0.38,50,400,57.7834749385489,919.513525061451,86.5,0,223,840.797,1063.797,1063.797,0,1,919.513525061451,0,0,1
0.381,50,400,57.7834749385489,919.513525061451,86.5,0,223,840.797,1063.797,1063.797,0,1,919.513525061451,0,0,1
0.382,50,400,57.7834749385489,919.513525061451,86.5,0,223,840.797,1063.797,1063.797,0,1,919.513525061451,0,0,1
0.383,50,400,57.7834749385489,919.513525061451,86.5,0,223,840.797,1063.797,1063.797,0,1,919.513525061451,0,0,1
0.384,50,400,57.7834749385489,919.513525061451,86.5,0,223,840.797,1063.797,1063.797,0,1,919.513525061451,0,0,1
0.385,50,400,57.7834749385489,919.513525061451,86.5,0,223,840.797,1063.797,1063.797,0,1,919.513525061451,0,0,1
0.386,50,400,57.7834749385489,919.513525061451,86.5,0,223,840.797,1063.797,1063.797,0,1,919.513525061451,0,0,1
0.387,50,400,57.7834749385489,919.513525061451,86.5,0,223,840.797,1063.797,1063.797,0,1,919.513525061451,0,0,1
0.388,50,400,57.7834749385489,919.513525061451,86.5,0,223,840.797,1063.797,1063.797,0,1,919.513525061451,0,0,1
0.389,50,400,57.7834749385489,919.513525061451,86.5,0,223,840.797,1063.797,1063.797,0,1,919.513525061451,0,0,1
0.39,50,400,57.7834749385489,919.513525061451,86.5,0,223,840.797,1063.797,1063.797,0,1,919.513525061451,0,0,1
0.391,50,400,57.7834749385489,919.513525061451,86.5,0,223,840.797,1063.797,1063.797,0,1,919.513525061451,0,0,1
0.392,50,400,57.7834749385489,919.513525061451,86.5,0,223,840.797,1063.797,1063.797,0,1,919.513525061451,0,0,1
0.393,50,400,57.7834749385489,919.513525061451,86.5,0,223,840.797,1063.797,1063.797,0,1,919.513525061451,0,0,1
0.394,50,400,57.7834749385489,919.513525061451,86.5,0,223,840.797,1063.797,1063.797,0,1,919.513525061451,0,0,1
0.395,50,400,57.7834749385489,919.513525061451,86.5,0,223,840.797,1063.797,1063.797,0,1,919.513525061451,0,0,1
0.396,50,400,57.7834749385489,919.513525061451,86.5,0,223,840.797,1063.797,1063.797,0,1,919.513525061451,0,0,1
0.397,50,400,57.7834749385489,919.513525061451,86.5,0,223,840.797,1063.797,1063.797,0,1,919.513525061451,0,0,1
0.398,50,400,57.7834749385489,919.513525061451,86.5,0,223,840.797,1063.797,1063.797,0,1,919.513525061451,0,0,1
0.399,50,400,57.7834749385489,919.513525061451,86.5,0,223,840.797,1063.797,1063.797,0,1,919.513525061451,0,0,1
0.4,50,400,57.7834749385489,919.513525061451,86.5,0,223,840.797,1063.797,1063.797,0,1,919.513525061451,0,0,1
0.401,50,400,57.7834749385489,919.513525061451,86.5,0,223,840.797,1063.797,1063.797,0,1,919.513525061451,0,0,1
0.402,50,400,57.7834749385489,919.513525061451,86.5,0,223,840.797,1063.797,1063.797,0,1,919.513525061451,0,0,1
0.403,50,400,57.7834749385489,919.513525061451,86.5,0,223,840.797,1063.797,1063.797,0,1,919.513525061451,0,0,1
0.404,50,400,57.7834749385489,919.513525061451,86.5,0,223,840.797,1063.797,1063.797,0,1,919.513525061451,0,0,1
0.405,50,400,57.7834749385489,919.513525061451,86.5,0,223,840.797,1063.797,1063.797,0,1,919.513525061451,0,0,1
0.406,50,400,57.7834749385489,919.513525061451,86.5,0,223,840.797,1063.797,1063.797,0,1,919.513525061451,0,0,1
0.407,50,400,57.7834749385489,919.513525061451,86.5,0,223,840.797,1063.797,1063.797,0,1,919.513525061451,0,0,1
0.408,50,400,57.7834749385489,919.513525061451,86.5,0,223,840.797,1063.797,1063.797,0,1,919.513525061451,0,0,1
0.409,50,400,57.7834749385489,919.513525061451,86.5,0,223,840.797,1063.797,1063.797,0,1,919.513525061451,0,0,1
0.41,50,400,57.7834749385489,919.513525061451,86.5,0,223,840.797,1063.797,1063.797,0,1,919.513525061451,0,0,1
0.411,50,400,57.7834749385489,919.513525061451,86.5,0,223,840.797,1063.797,1063.797,0,1,919.513525061451,0,0,1
0.412,50,400,57.7834749385489,919.513525061451,86.5,0,223,840.797,1063.797,1063.797,0,1,919.513525061451,0,0,1
0.413,50,400,57.7834749385489,919.513525061451,86.5,0,223,840.797,1063.797,1063.797,0,1,919.513525061451,0,0,1
0.414,50,400,57.7834749385489,919.513525061451,86.5,0,223,840.797,1063.797,1063.797,0,1,919.513525061451,0,0,1
0.415,50,400,57.7834749385489,919.513525061451,86.5,0,223,840.797,1063.797,1063.797,0,1,919.513525061451,0,0,1
0.416,50,400,57.7834749385489,919.513525061451,86.5,0,223,840.797,1063.797,1063.797,0,1,919.513525061451,0,0,1
0.417,50,400,57.7834749385489,919.513525061451,86.5,0,223,840.797,1063.797,1063.797,0,1,919.513525061451,0,0,1
0.418,50,400,57.7834749385489,919.513525061451,86.5,0,223,840.797,1063.797,1063.797,0,1,919.513525061451,0,0,1
0.419,50,400,57.7834749385489,919.513525061451,86.5,0,223,840.797,1063.797,1063.797,0,1,919.513525061451,0,0,1
0.42,50,400,57.7834749385489,919.513525061451,86.5,0,223,840.797,1063.797,1063.797,0,1,919.513525061451,0,0,1
0.421,50,400,57.7834749385489,919.513525061451,86.5,0,223,840.797,1063.797,1063.797,0,1,919.513525061451,0,0,1
0.422,50,400,57.7834749385489,919.513525061451,86.5,0,223,840.797,1063.797,1063.797,0,1,919.513525061451,0,0,1
0.423,50,400,57.7834749385489,919.513525061451,86.5,0,223,840.797,1063.797,1063.797,0,1,919.513525061451,0,0,1
0.424,50,400,57.7834749385489,919.513525061451,86.5,0,223,840.797,1063.797,1063.797,0,1,919.513525061451,0,0,1
0.425,50,400,57.7834749385489,919.513525061451,86.5,0,223,840.797,1063.797,1063.797,0,1,919.513525061451,0,0,1
0.426,50,400,57.7834749385489,919.513525061451,86.5,0,223,840.797,1063.797,1063.797,0,1,919.513525061451,0,0,1
0.427,50,400,57.7834749385489,919.513525061451,86.5,0,223,840.797,1063.797,1063.797,0,1,919.513525061451,0,0,1
0.428,50,400,57.7834749385489,919.513525061451,86.5,0,223,840.797,1063.797,1063.797,0,1,919.513525061451,0,0,1
0.429,50,400,57.7834749385489,919.513525061451,86.5,0,223,840.797,1063.797,1063.797,0,1,919.513525061451,0,0,1
0.43,50,400,57.7834749385489,919.513525061451,86.5,0,223,840.797,1063.797,1063.797,0,1,919.513525061451,0,0,1
0.431,50,400,57.7834749385489,919.513525061451,86.5,0,223,840.797,1063.797,1063.797,0,1,919.513525061451,0,0,1
0.432,50,400,57.7834749385489,919.513525061451,86.5,0,223,840.797,1063.797,1063.797,0,1,919.513525061451,0,0,1
0.433,50,400,57.7834749385489,919.513525061451,86.5,0,223,840.797,1063.797,1063.797,0,1,919.513525061451,0,0,1
0.434,50,400,57.7834749385489,919.513525061451,86.5,0,223,840.797,1063.797,1063.797,0,1,919.513525061451,0,0,1
0.435,50,400,57.7834749385489,919.513525061451,86.5,0,223,840.797,1063.797,1063.797,0,1,919.513525061451,0,0,1
0.436,50,400,57.7834749385489,919.513525061451,86.5,0,223,840.797,1063.797,1063.797,0,1,919.513525061451,0,0,1
0.437,50,400,57.7834749385489,919.513525061451,86.5,0,223,840.797,1063.797,1063.797,0,1,919.513525061451,0,0,1
0.438,50,400,57.7834749385489,919.513525061451,86.5,0,223,840.797,1063.797,1063.797,0,1,919.513525061451,0,0,1
0.439,50,400,57.7834749385489,919.513525061451,86.5,0,223,840.797,1063.797,1063.797,0,1,919.513525061451,0,0,1
0.44,50,400,57.7834749385489,919.513525061451,86.5,0,223,840.797,1063.797,1063.797,0,1,919.513525061451,0,0,1
0.441,50,400,57.7834749385489,919.513525061451,86.5,0,223,840.797,1063.797,1063.797,0,1,919.513525061451,0,0,1
0.442,50,400,57.7834749385489,919.513525061451,86.5,0,223,840.797,1063.797,1063.797,0,1,919.513525061451,0,0,1
0.443,50,400,57.7834749385489,919.513525061451,86.5,0,223,840.797,1063.797,1063.797,0,1,919.513525061451,0,0,1
0.444,50,400,57.7834749385489,919.513525061451,86.5,0,223,840.797,1063.797,1063.797,0,1,919.513525061451,0,0,1
0.445,50,400,57.7834749385489,919.513525061451,86.5,0,223,840.797,1063.797,1063.797,0,1,919.513525061451,0,0,1
0.446,50,400,57.7834749385489,919.513525061451,86.5,0,223,840.797,1063.797,1063.797,0,1,919.513525061451,0,0,1
0.447,50,400,57.7834749385489,919.513525061451,86.5,0,223,840.797,1063.797,1063.797,0,1,919.513525061451,0,0,1
0.448,50,400,57.7834749385489,919.513525061451,86.5,0,223,840.797,1063.797,1063.797,0,1,919.513525061451,0,0,1
0.449,50,400,57.7834749385489,919.513525061451,86.5,0,223,840.797,1063.797,1063.797,0,1,919.513525061451,0,0,1
0.45,50,400,57.7834749385489,919.513525061451,86.5,0,223,840.797,1063.797,1063.797,0,1,919.513525061451,0,0,1
0.451,50,400,57.7834749385489,919.513525061451,86.5,0,223,840.797,1063.797,1063.797,0,1,919.513525061451,0,0,1
0.452,50,400,57.7834749385489,919.513525061451,86.5,0,223,840.797,1063.797,1063.797,0,1,919.513525061451,0,0,1
0.453,50,400,57.7834749385489,919.513525061451,86.5,0,223,840.797,1063.797,1063.797,0,1,919.513525061451,0,0,1
0.454,50,400,57.7834749385489,919.513525061451,86.5,0,223,840.797,1063.797,1063.797,0,1,919.513525061451,0,0,1
0.455,50,400,57.7834749385489,919.513525061451,86.5,0,223,840.797,1063.797,1063.797,0,1,919.513525061451,0,0,1
0.456,50,400,57.7834749385489,919.513525061451,86.5,0,223,840.797,1063.797,1063.797,0,1,919.513525061451,0,0,1
0.457,50,400,57.7834749385489,919.513525061451,86.5,0,223,840.797,1063.797,1063.797,0,1,919.513525061451,0,0,1
0.458,50,400,57.7834749385489,919.513525061451,86.5,0,223,840.797,1063.797,1063.797,0,1,919.513525061451,0,0,1
0.459,50,400,57.7834749385489,919.513525061451,86.5,0,223,840.797,1063.797,1063.797,0,1,919.513525061451,0,0,1
0.46,50,400,57.7834749385489,919.513525061451,86.5,0,223,840.797,1063.797,1063.797,0,1,919.513525061451,0,0,1
0.461,50,400,57.7834749385489,919.513525061451,86.5,0,223,840.797,1063.797,1063.797,0,1,919.513525061451,0,0,1
0.462,50,400,57.7834749385489,919.513525061451,86.5,0,223,840.797,1063.797,1063.797,0,1,919.513525061451,0,0,1
0.463,50,400,57.7834749385489,919.513525061451,86.5,0,223,840.797,1063.797,1063.797,0,1,919.513525061451,0,0,1
0.464,50,400,57.7834749385489,919.513525061451,86.5,0,223,840.797,1063.797,1063.797,0,1,919.513525061451,0,0,1
0.465,50,400,57.7834749385489,919.513525061451,86.5,0,223,840.797,1063.797,1063.797,0,1,919.513525061451,0,0,1
0.466,50,400,57.7834749385489,919.513525061451,86.5,0,223,840.797,1063.797,1063.797,0,1,919.513525061451,0,0,1
0.467,50,400,57.7834749385489,919.513525061451,86.5,0,223,840.797,1063.797,1063.797,0,1,919.513525061451,0,0,1
0.468,50,400,57.7834749385489,919.513525061451,86.5,0,223,840.797,1063.797,1063.797,0,1,919.513525061451,0,0,1
0.469,50,400,57.7834749385489,919.513525061451,86.5,0,223,840.797,1063.797,1063.797,0,1,919.513525061451,0,0,1
0.47,50,400,57.7834749385489,919.513525061451,86.5,0,223,840.797,1063.797,1063.797,0,1,919.513525061451,0,0,1
0.471,50,400,57.7834749385489,919.513525061451,86.5,0,223,840.797,1063.797,1063.797,0,1,919.513525061451,0,0,1
0.472,50,400,57.7834749385489,919.513525061451,86.5,0,223,840.797,1063.797,1063.797,0,1,919.513525061451,0,0,1
0.473,50,400,57.7834749385489,919.513525061451,86.5,0,223,840.797,1063.797,1063.797,0,1,919.513525061451,0,0,1
0.474,50,400,57.7834749385489,919.513525061451,86.5,0,223,840.797,1063.797,1063.797,0,1,919.513525061451,0,0,1
0.475,50,400,57.7834749385489,919.513525061451,86.5,0,223,840.797,1063.797,1063.797,0,1,919.513525061451,0,0,1
0.476,50,400,57.7834749385489,919.513525061451,86.5,0,223,840.797,1063.797,1063.797,0,1,919.513525061451,0,0,1
0.477,50,400,57.7834749385489,919.513525061451,86.5,0,223,840.797,1063.797,1063.797,0,1,919.513525061451,0,0,1
0.478,50,400,57.7834749385489,919.513525061451,86.5,0,223,840.797,1063.797,1063.797,0,1,919.513525061451,0,0,1
0.479,50,400,57.7834749385489,919.513525061451,86.5,0,223,840.797,1063.797,1063.797,0,1,919.513525061451,0,0,1
0.48,50,400,57.7834749385489,919.513525061451,86.5,0,223,840.797,1063.797,1063.797,0,1,919.513525061451,0,0,1
0.481,50,400,57.7834749385489,919.513525061451,86.5,0,223,840.797,1063.797,1063.797,0,1,919.513525061451,0,0,1
0.482,50,400,57.7834749385489,919.513525061451,86.5,0,223,840.797,1063.797,1063.797,0,1,919.513525061451,0,0,1
0.483,50,400,57.7834749385489,919.513525061451,86.5,0,223,840.797,1063.797,1063.797,0,1,919.513525061451,0,0,1
0.484,50,400,57.7834749385489,919.513525061451,86.5,0,223,840.797,1063.797,1063.797,0,1,919.513525061451,0,0,1
0.485,50,400,57.7834749385489,919.513525061451,86.5,0,223,840.797,1063.797,1063.797,0,1,919.513525061451,0,0,1
0.486,50,400,57.7834749385489,919.513525061451,86.5,0,223,840.797,1063.797,1063.797,0,1,919.513525061451,0,0,1
0.487,50,400,57.7834749385489,919.513525061451,86.5,0,223,840.797,1063.797,1063.797,0,1,919.513525061451,0,0,1
0.488,50,400,57.7834749385489,919.513525061451,86.5,0,223,840.797,1063.797,1063.797,0,1,919.513525061451,0,0,1
0.489,50,400,57.7834749385489,919.513525061451,86.5,0,223,840.797,1063.797,1063.797,0,1,919.513525061451,0,0,1
0.49,50,400,57.7834749385489,919.513525061451,86.5,0,223,840.797,1063.797,1063.797,0,1,919.513525061451,0,0,1
0.491,50,400,57.7834749385489,919.513525061451,86.5,0,223,840.797,1063.797,1063.797,0,1,919.513525061451,0,0,1
0.492,50,400,57.7834749385489,919.513525061451,86.5,0,223,840.797,1063.797,1063.797,0,1,919.513525061451,0,0,1
0.493,50,400,57.7834749385489,919.513525061451,86.5,0,223,840.797,1063.797,1063.797,0,1,919.513525061451,0,0,1
0.494,50,400,57.7834749385489,919.513525061451,86.5,0,223,840.797,1063.797,1063.797,0,1,919.513525061451,0,0,1
0.495,50,400,57.7834749385489,919.513525061451,86.5,0,223,840.797,1063.797,1063.797,0,1,919.513525061451,0,0,1
0.496,50,400,57.7834749385489,919.513525061451,86.5,0,223,840.797,1063.797,1063.797,0,1,919.513525061451,0,0,1
0.497,50,400,57.7834749385489,919.513525061451,86.5,0,223,840.797,1063.797,1063.797,0,1,919.513525061451,0,0,1
0.498,50,400,57.7834749385489,919.513525061451,86.5,0,223,840.797,1063.797,1063.797,0,1,919.513525061451,0,0,1
0.499,50,400,57.7834749385489,919.513525061451,86.5,0,223,840.797,1063.797,1063.797,0,1,919.513525061451,0,0,1
0.5,50,400,57.7834749385489,919.513525061451,86.5,0,223,840.797,1063.797,1063.797,0,1,919.513525061451,0,0,1
0.501,50,400,57.7834749385489,919.513525061451,86.5,0,223,840.797,1063.797,1063.797,0,1,919.513525061451,0,0,1
0.502,50,400,57.7834749385489,919.513525061451,86.5,0,223,840.797,1063.797,1063.797,0,1,919.513525061451,0,0,1
0.503,50,400,57.7834749385489,919.513525061451,86.5,0,223,840.797,1063.797,1063.797,0,1,919.513525061451,0,0,1
0.504,50,400,57.7834749385489,919.513525061451,86.5,0,223,840.797,1063.797,1063.797,0,1,919.513525061451,0,0,1
0.505,50,400,57.7834749385489,919.513525061451,86.5,0,223,840.797,1063.797,1063.797,0,1,919.513525061451,0,0,1
0.506,50,400,57.7834749385489,919.513525061451,86.5,0,223,840.797,1063.797,1063.797,0,1,919.513525061451,0,0,1
0.507,50,400,57.7834749385489,919.513525061451,86.5,0,223,840.797,1063.797,1063.797,0,1,919.513525061451,0,0,1
0.508,50,400,57.7834749385489,919.513525061451,86.5,0,223,840.797,1063.797,1063.797,0,1,919.513525061451,0,0,1
0.509,50,400,57.7834749385489,919.513525061451,86.5,0,223,840.797,1063.797,1063.797,0,1,919.513525061451,0,0,1
0.51,50,400,57.7834749385489,919.513525061451,86.5,0,223,840.797,1063.797,1063.797,0,1,919.513525061451,0,0,1
0.511,50,400,57.7834749385489,919.513525061451,86.5,0,223,840.797,1063.797,1063.797,0,1,919.513525061451,0,0,1
0.512,50,400,57.7834749385489,919.513525061451,86.5,0,223,840.797,1063.797,1063.797,0,1,919.513525061451,0,0,1
0.513,50,400,57.7834749385489,919.513525061451,86.5,0,223,840.797,1063.797,1063.797,0,1,919.513525061451,0,0,1
0.514,50,400,57.7834749385489,919.513525061451,86.5,0,223,840.797,1063.797,1063.797,0,1,919.513525061451,0,0,1
0.515,50,400,57.7834749385489,919.513525061451,86.5,0,223,840.797,1063.797,1063.797,0,1,919.513525061451,0,0,1
0.516,50,400,57.7834749385489,919.513525061451,86.5,0,223,840.797,1063.797,1063.797,0,1,919.513525061451,0,0,1
0.517,50,400,57.7834749385489,919.513525061451,86.5,0,223,840.797,1063.797,1063.797,0,1,919.513525061451,0,0,1
0.518,50,400,57.7834749385489,919.513525061451,86.5,0,223,840.797,1063.797,1063.797,0,1,919.513525061451,0,0,1
0.519,50,400,57.7834749385489,919.513525061451,86.5,0,223,840.797,1063.797,1063.797,0,1,919.513525061451,0,0,1
0.52,50,400,57.7834749385489,919.513525061451,86.5,0,223,840.797,1063.797,1063.797,0,1,919.513525061451,0,0,1
0.521,50,400,57.7834749385489,919.513525061451,86.5,0,223,840.797,1063.797,1063.797,0,1,919.513525061451,0,0,1
0.522,50,400,57.7834749385489,919.513525061451,86.5,0,223,840.797,1063.797,1063.797,0,1,919.513525061451,0,0,1
0.523,50,400,57.7834749385489,919.513525061451,86.5,0,223,840.797,1063.797,1063.797,0,1,919.513525061451,0,0,1
0.524,50,400,57.7834749385489,919.513525061451,86.5,0,223,840.797,1063.797,1063.797,0,1,919.513525061451,0,0,1
0.525,50,400,57.7834749385489,919.513525061451,86.5,0,223,840.797,1063.797,1063.797,0,1,919.513525061451,0,0,1
0.526,50,400,57.7834749385489,919.513525061451,86.5,0,223,840.797,1063.797,1063.797,0,1,919.513525061451,0,0,1
0.527,50,400,57.7834749385489,919.513525061451,86.5,0,223,840.797,1063.797,1063.797,0,1,919.513525061451,0,0,1
0.528,50,400,57.7834749385489,919.513525061451,86.5,0,223,840.797,1063.797,1063.797,0,1,919.513525061451,0,0,1
0.529,50,400,57.7834749385489,919.513525061451,86.5,0,223,840.797,1063.797,1063.797,0,1,919.513525061451,0,0,1
0.53,50,400,57.7834749385489,919.513525061451,86.5,0,223,840.797,1063.797,1063.797,0,1,919.513525061451,0,0,1
0.531,50,400,57.7834749385489,919.513525061451,86.5,0,223,840.797,1063.797,1063.797,0,1,919.513525061451,0,0,1
0.532,50,400,57.7834749385489,919.513525061451,86.5,0,223,840.797,1063.797,1063.797,0,1,919.513525061451,0,0,1
0.533,50,400,57.7834749385489,919.513525061451,86.5,0,223,840.797,1063.797,1063.797,0,1,919.513525061451,0,0,1
0.534,50,400,57.7834749385489,919.513525061451,86.5,0,223,840.797,1063.797,1063.797,0,1,919.513525061451,0,0,1
0.535,50,400,57.7834749385489,919.513525061451,86.5,0,223,840.797,1063.797,1063.797,0,1,919.513525061451,0,0,1
0.536,50,400,57.7834749385489,919.513525061451,86.5,0,223,840.797,1063.797,1063.797,0,1,919.513525061451,0,0,1
0.537,50,400,57.7834749385489,919.513525061451,86.5,0,223,840.797,1063.797,1063.797,0,1,919.513525061451,0,0,1
0.538,50,400,57.7834749385489,919.513525061451,86.5,0,223,840.797,1063.797,1063.797,0,1,919.513525061451,0,0,1
0.539,50,400,57.7834749385489,919.513525061451,86.5,0,223,840.797,1063.797,1063.797,0,1,919.513525061451,0,0,1
0.54,50,400,57.7834749385489,919.513525061451,86.5,0,223,840.797,1063.797,1063.797,0,1,919.513525061451,0,0,1
0.541,50,400,57.7834749385489,919.513525061451,86.5,0,223,840.797,1063.797,1063.797,0,1,919.513525061451,0,0,1
0.542,50,400,57.7834749385489,919.513525061451,86.5,0,223,840.797,1063.797,1063.797,0,1,919.513525061451,0,0,1
0.543,50,400,57.7834749385489,919.513525061451,86.5,0,223,840.797,1063.797,1063.797,0,1,919.513525061451,0,0,1
0.544,50,400,57.7834749385489,919.513525061451,86.5,0,223,840.797,1063.797,1063.797,0,1,919.513525061451,0,0,1
0.545,50,400,57.7834749385489,919.513525061451,86.5,0,223,840.797,1063.797,1063.797,0,1,919.513525061451,0,0,1
0.546,50,400,57.7834749385489,919.513525061451,86.5,0,223,840.797,1063.797,1063.797,0,1,919.513525061451,0,0,1
0.547,50,400,57.7834749385489,919.513525061451,86.5,0,223,840.797,1063.797,1063.797,0,1,919.513525061451,0,0,1
0.548,50,400,57.7834749385489,919.513525061451,86.5,0,223,840.797,1063.797,1063.797,0,1,919.513525061451,0,0,1
0.549,50,400,57.7834749385489,919.513525061451,86.5,0,223,840.797,1063.797,1063.797,0,1,919.513525061451,0,0,1
0.55,50,400,57.7834749385489,919.513525061451,86.5,0,223,840.797,1063.797,1063.797,0,1,919.513525061451,0,0,1
0.551,50,400,57.7834749385489,919.513525061451,86.5,0,223,840.797,1063.797,1063.797,0,1,919.513525061451,0,0,1
0.552,50,400,57.7834749385489,919.513525061451,86.5,0,223,840.797,1063.797,1063.797,0,1,919.513525061451,0,0,1
0.553,50,400,57.7834749385489,919.513525061451,86.5,0,223,840.797,1063.797,1063.797,0,1,919.513525061451,0,0,1
0.554,50,400,57.7834749385489,919.513525061451,86.5,0,223,840.797,1063.797,1063.797,0,1,919.513525061451,0,0,1
0.555,50,400,57.7834749385489,919.513525061451,86.5,0,223,840.797,1063.797,1063.797,0,1,919.513525061451,0,0,1
0.556,50,400,57.7834749385489,919.513525061451,86.5,0,223,840.797,1063.797,1063.797,0,1,919.513525061451,0,0,1
0.557,50,400,57.7834749385489,919.513525061451,86.5,0,223,840.797,1063.797,1063.797,0,1,919.513525061451,0,0,1
0.558,50,400,57.7834749385489,919.513525061451,86.5,0,223,840.797,1063.797,1063.797,0,1,919.513525061451,0,0,1
0.559,50,400,57.7834749385489,919.513525061451,86.5,0,223,840.797,1063.797,1063.797,0,1,919.513525061451,0,0,1
0.56,50,400,57.7834749385489,919.513525061451,86.5,0,223,840.797,1063.797,1063.797,0,1,919.513525061451,0,0,1
0.561,50,400,57.7834749385489,919.513525061451,86.5,0,223,840.797,1063.797,1063.797,0,1,919.513525061451,0,0,1
0.562,50,400,57.7834749385489,919.513525061451,86.5,0,223,840.797,1063.797,1063.797,0,1,919.513525061451,0,0,1
0.563,50,400,57.7834749385489,919.513525061451,86.5,0,223,840.797,1063.797,1063.797,0,1,919.513525061451,0,0,1
0.564,50,400,57.7834749385489,919.513525061451,86.5,0,223,840.797,1063.797,1063.797,0,1,919.513525061451,0,0,1
0.565,50,400,57.7834749385489,919.513525061451,86.5,0,223,840.797,1063.797,1063.797,0,1,919.513525061451,0,0,1
0.566,50,400,57.7834749385489,919.513525061451,86.5,0,223,840.797,1063.797,1063.797,0,1,919.513525061451,0,0,1
0.567,50,400,57.7834749385489,919.513525061451,86.5,0,223,840.797,1063.797,1063.797,0,1,919.513525061451,0,0,1
0.568,50,400,57.7834749385489,919.513525061451,86.5,0,223,840.797,1063.797,1063.797,0,1,919.513525061451,0,0,1
0.569,50,400,57.7834749385489,919.513525061451,86.5,0,223,840.797,1063.797,1063.797,0,1,919.513525061451,0,0,1
0.57,50,400,57.7834749385489,919.513525061451,86.5,0,223,840.797,1063.797,1063.797,0,1,919.513525061451,0,0,1
0.571,50,400,57.7834749385489,919.513525061451,86.5,0,223,840.797,1063.797,1063.797,0,1,919.513525061451,0,0,1
0.572,50,400,57.7834749385489,919.513525061451,86.5,0,223,840.797,1063.797,1063.797,0,1,919.513525061451,0,0,1
0.573,50,400,57.7834749385489,919.513525061451,86.5,0,223,840.797,1063.797,1063.797,0,1,919.513525061451,0,0,1
0.574,50,400,57.7834749385489,919.513525061451,86.5,0,223,840.797,1063.797,1063.797,0,1,919.513525061451,0,0,1
0.575,50,400,57.7834749385489,919.513525061451,86.5,0,223,840.797,1063.797,1063.797,0,1,919.513525061451,0,0,1
0.576,50,400,57.7834749385489,919.513525061451,86.5,0,223,840.797,1063.797,1063.797,0,1,919.513525061451,0,0,1
0.577,50,400,57.7834749385489,919.513525061451,86.5,0,223,840.797,1063.797,1063.797,0,1,919.513525061451,0,0,1
0.578,50,400,57.7834749385489,919.513525061451,86.5,0,223,840.797,1063.797,1063.797,0,1,919.513525061451,0,0,1
0.579,50,400,57.7834749385489,919.513525061451,86.5,0,223,840.797,1063.797,1063.797,0,1,919.513525061451,0,0,1
0.58,50,400,57.7834749385489,919.513525061451,86.5,0,223,840.797,1063.797,1063.797,0,1,919.513525061451,0,0,1
0.581,50,400,57.7834749385489,919.513525061451,86.5,0,223,840.797,1063.797,1063.797,0,1,919.513525061451,0,0,1
0.582,50,400,57.7834749385489,919.513525061451,86.5,0,223,840.797,1063.797,1063.797,0,1,919.513525061451,0,0,1
0.583,50,400,57.7834749385489,919.513525061451,86.5,0,223,840.797,1063.797,1063.797,0,1,919.513525061451,0,0,1
0.584,50,400,57.7834749385489,919.513525061451,86.5,0,223,840.797,1063.797,1063.797,0,1,919.513525061451,0,0,1
0.585,50,400,57.7834749385489,919.513525061451,86.5,0,223,840.797,1063.797,1063.797,0,1,919.513525061451,0,0,1
0.586,50,400,57.7834749385489,919.513525061451,86.5,0,223,840.797,1063.797,1063.797,0,1,919.513525061451,0,0,1
0.587,50,400,57.7834749385489,919.513525061451,86.5,0,223,840.797,1063.797,1063.797,0,1,919.513525061451,0,0,1
0.588,50,400,57.7834749385489,919.513525061451,86.5,0,223,840.797,1063.797,1063.797,0,1,919.513525061451,0,0,1
0.589,50,400,57.7834749385489,919.513525061451,86.5,0,223,840.797,1063.797,1063.797,0,1,919.513525061451,0,0,1
0.59,50,400,57.7834749385489,919.513525061451,86.5,0,223,840.797,1063.797,1063.797,0,1,919.513525061451,0,0,1
0.591,50,400,57.7834749385489,919.513525061451,86.5,0,223,840.797,1063.797,1063.797,0,1,919.513525061451,0,0,1
0.592,50,400,57.7834749385489,919.513525061451,86.5,0,223,840.797,1063.797,1063.797,0,1,919.513525061451,0,0,1
0.593,50,400,57.7834749385489,919.513525061451,86.5,0,223,840.797,1063.797,1063.797,0,1,919.513525061451,0,0,1
0.594,50,400,57.7834749385489,919.513525061451,86.5,0,223,840.797,1063.797,1063.797,0,1,919.513525061451,0,0,1
0.595,50,400,57.7834749385489,919.513525061451,86.5,0,223,840.797,1063.797,1063.797,0,1,919.513525061451,0,0,1
0.596,50,400,57.7834749385489,919.513525061451,86.5,0,223,840.797,1063.797,1063.797,0,1,919.513525061451,0,0,1
0.597,50,400,57.7834749385489,919.513525061451,86.5,0,223,840.797,1063.797,1063.797,0,1,919.513525061451,0,0,1
0.598,50,400,57.7834749385489,919.513525061451,86.5,0,223,840.797,1063.797,1063.797,0,1,919.513525061451,0,0,1
0.599,50,400,57.7834749385489,919.513525061451,86.5,0,223,840.797,1063.797,1063.797,0,1,919.513525061451,0,0,1
0.6,50,400,57.7834749385489,919.513525061451,86.5,0,223,840.797,1063.797,1063.797,0,1,919.513525061451,0,0,1
0.601,50,400,57.7834749385489,919.513525061451,86.5,0,223,840.797,1063.797,1063.797,0,1,919.513525061451,0,0,1
0.602,50,400,57.7834749385489,919.513525061451,86.5,0,223,840.797,1063.797,1063.797,0,1,919.513525061451,0,0,1
0.603,50,400,57.7834749385489,919.513525061451,86.5,0,223,840.797,1063.797,1063.797,0,1,919.513525061451,0,0,1
0.604,50,400,57.7834749385489,919.513525061451,86.5,0,223,840.797,1063.797,1063.797,0,1,919.513525061451,0,0,1
0.605,50,400,57.7834749385489,919.513525061451,86.5,0,223,840.797,1063.797,1063.797,0,1,919.513525061451,0,0,1
0.606,50,400,57.7834749385489,919.513525061451,86.5,0,223,840.797,1063.797,1063.797,0,1,919.513525061451,0,0,1
0.607,50,400,57.7834749385489,919.513525061451,86.5,0,223,840.797,1063.797,1063.797,0,1,919.513525061451,0,0,1
0.608,50,400,57.7834749385489,919.513525061451,86.5,0,223,840.797,1063.797,1063.797,0,1,919.513525061451,0,0,1
0.609,50,400,57.7834749385489,919.513525061451,86.5,0,223,840.797,1063.797,1063.797,0,1,919.513525061451,0,0,1
0.61,50,400,57.7834749385489,919.513525061451,86.5,0,223,840.797,1063.797,1063.797,0,1,919.513525061451,0,0,1
0.611,50,400,57.7834749385489,919.513525061451,86.5,0,223,840.797,1063.797,1063.797,0,1,919.513525061451,0,0,1
0.612,50,400,57.7834749385489,919.513525061451,86.5,0,223,840.797,1063.797,1063.797,0,1,919.513525061451,0,0,1
0.613,50,400,57.7834749385489,919.513525061451,86.5,0,223,840.797,1063.797,1063.797,0,1,919.513525061451,0,0,1
0.614,50,400,57.7834749385489,919.513525061451,86.5,0,223,840.797,1063.797,1063.797,0,1,919.513525061451,0,0,1
0.615,50,400,57.7834749385489,919.513525061451,86.5,0,223,840.797,1063.797,1063.797,0,1,919.513525061451,0,0,1
0.616,50,400,57.7834749385489,919.513525061451,86.5,0,223,840.797,1063.797,1063.797,0,1,919.513525061451,0,0,1
0.617,50,400,57.7834749385489,919.513525061451,86.5,0,223,840.797,1063.797,1063.797,0,1,919.513525061451,0,0,1
0.618,50,400,57.7834749385489,919.513525061451,86.5,0,223,840.797,1063.797,1063.797,0,1,919.513525061451,0,0,1
0.619,50,400,57.7834749385489,919.513525061451,86.5,0,223,840.797,1063.797,1063.797,0,1,919.513525061451,0,0,1
0.62,50,400,57.7834749385489,919.513525061451,86.5,0,223,840.797,1063.797,1063.797,0,1,919.513525061451,0,0,1
0.621,50,400,57.7834749385489,919.513525061451,86.5,0,223,840.797,1063.797,1063.797,0,1,919.513525061451,0,0,1
0.622,50,400,57.7834749385489,919.513525061451,86.5,0,223,840.797,1063.797,1063.797,0,1,919.513525061451,0,0,1
0.623,50,400,57.7834749385489,919.513525061451,86.5,0,223,840.797,1063.797,1063.797,0,1,919.513525061451,0,0,1
0.624,50,400,57.7834749385489,919.513525061451,86.5,0,223,840.797,1063.797,1063.797,0,1,919.513525061451,0,0,1
0.625,50,400,57.7834749385489,919.513525061451,86.5,0,223,840.797,1063.797,1063.797,0,1,919.513525061451,0,0,1
0.626,50,400,57.7834749385489,919.513525061451,86.5,0,223,840.797,1063.797,1063.797,0,1,919.513525061451,0,0,1
0.627,50,400,57.7834749385489,919.513525061451,86.5,0,223,840.797,1063.797,1063.797,0,1,919.513525061451,0,0,1
0.628,50,400,57.7834749385489,919.513525061451,86.5,0,223,840.797,1063.797,1063.797,0,1,919.513525061451,0,0,1
0.629,50,400,57.7834749385489,919.513525061451,86.5,0,223,840.797,1063.797,1063.797,0,1,919.513525061451,0,0,1
0.63,50,400,57.7834749385489,919.513525061451,86.5,0,223,840.797,1063.797,1063.797,0,1,919.513525061451,0,0,1
0.631,50,400,57.7834749385489,919.513525061451,86.5,0,223,840.797,1063.797,1063.797,0,1,919.513525061451,0,0,1
0.632,50,400,57.7834749385489,919.513525061451,86.5,0,223,840.797,1063.797,1063.797,0,1,919.513525061451,0,0,1
0.633,50,400,57.7834749385489,919.513525061451,86.5,0,223,840.797,1063.797,1063.797,0,1,919.513525061451,0,0,1
0.634,50,400,57.7834749385489,919.513525061451,86.5,0,223,840.797,1063.797,1063.797,0,1,919.513525061451,0,0,1
0.635,50,400,57.7834749385489,919.513525061451,86.5,0,223,840.797,1063.797,1063.797,0,1,919.513525061451,0,0,1
0.636,50,400,57.7834749385489,919.513525061451,86.5,0,223,840.797,1063.797,1063.797,0,1,919.513525061451,0,0,1
0.637,50,400,57.7834749385489,919.513525061451,86.5,0,223,840.797,1063.797,1063.797,0,1,919.513525061451,0,0,1
0.638,50,400,57.7834749385489,919.513525061451,86.5,0,223,840.797,1063.797,1063.797,0,1,919.513525061451,0,0,1
0.639,50,400,57.7834749385489,919.513525061451,86.5,0,223,840.797,1063.797,1063.797,0,1,919.513525061451,0,0,1
0.64,50,400,57.7834749385489,919.513525061451,86.5,0,223,840.797,1063.797,1063.797,0,1,919.513525061451,0,0,1
0.641,50,400,57.7834749385489,919.513525061451,86.5,0,223,840.797,1063.797,1063.797,0,1,919.513525061451,0,0,1
0.642,50,400,57.7834749385489,919.513525061451,86.5,0,223,840.797,1063.797,1063.797,0,1,919.513525061451,0,0,1
0.643,50,400,57.7834749385489,919.513525061451,86.5,0,223,840.797,1063.797,1063.797,0,1,919.513525061451,0,0,1
0.644,50,400,57.7834749385489,919.513525061451,86.5,0,223,840.797,1063.797,1063.797,0,1,919.513525061451,0,0,1
0.645,50,400,57.7834749385489,919.513525061451,86.5,0,223,840.797,1063.797,1063.797,0,1,919.513525061451,0,0,1
0.646,50,400,57.7834749385489,919.513525061451,86.5,0,223,840.797,1063.797,1063.797,0,1,919.513525061451,0,0,1
0.647,50,400,57.7834749385489,919.513525061451,86.5,0,223,840.797,1063.797,1063.797,0,1,919.513525061451,0,0,1
0.648,50,400,57.7834749385489,919.513525061451,86.5,0,223,840.797,1063.797,1063.797,0,1,919.513525061451,0,0,1
0.649,50,400,57.7834749385489,919.513525061451,86.5,0,223,840.797,1063.797,1063.797,0,1,919.513525061451,0,0,1
0.65,50,400,57.7834749385489,919.513525061451,86.5,0,223,840.797,1063.797,1063.797,0,1,919.513525061451,0,0,1
0.651,50,400,57.7834749385489,919.513525061451,86.5,0,223,840.797,1063.797,1063.797,0,1,919.513525061451,0,0,1
0.652,50,400,57.7834749385489,919.513525061451,86.5,0,223,840.797,1063.797,1063.797,0,1,919.513525061451,0,0,1
0.653,50,400,57.7834749385489,919.513525061451,86.5,0,223,840.797,1063.797,1063.797,0,1,919.513525061451,0,0,1
0.654,50,400,57.7834749385489,919.513525061451,86.5,0,223,840.797,1063.797,1063.797,0,1,919.513525061451,0,0,1
0.655,50,400,57.7834749385489,919.513525061451,86.5,0,223,840.797,1063.797,1063.797,0,1,919.513525061451,0,0,1
0.656,50,400,57.7834749385489,919.513525061451,86.5,0,223,840.797,1063.797,1063.797,0,1,919.513525061451,0,0,1
0.657,50,400,57.7834749385489,919.513525061451,86.5,0,223,840.797,1063.797,1063.797,0,1,919.513525061451,0,0,1
0.658,50,400,57.7834749385489,919.513525061451,86.5,0,223,840.797,1063.797,1063.797,0,1,919.513525061451,0,0,1
0.659,50,400,57.7834749385489,919.513525061451,86.5,0,223,840.797,1063.797,1063.797,0,1,919.513525061451,0,0,1
0.66,50,400,57.7834749385489,919.513525061451,86.5,0,223,840.797,1063.797,1063.797,0,1,919.513525061451,0,0,1
0.661,50,400,57.7834749385489,919.513525061451,86.5,0,223,840.797,1063.797,1063.797,0,1,919.513525061451,0,0,1
0.662,50,400,57.7834749385489,919.513525061451,86.5,0,223,840.797,1063.797,1063.797,0,1,919.513525061451,0,0,1
0.663,50,400,57.7834749385489,919.513525061451,86.5,0,223,840.797,1063.797,1063.797,0,1,919.513525061451,0,0,1
0.664,50,400,57.7834749385489,919.513525061451,86.5,0,223,840.797,1063.797,1063.797,0,1,919.513525061451,0,0,1
0.665,50,400,57.7834749385489,919.513525061451,86.5,0,223,840.797,1063.797,1063.797,0,1,919.513525061451,0,0,1
0.666,50,400,57.7834749385489,919.513525061451,86.5,0,223,840.797,1063.797,1063.797,0,1,919.513525061451,0,0,1
0.667,50,400,57.7834749385489,919.513525061451,86.5,0,223,840.797,1063.797,1063.797,0,1,919.513525061451,0,0,1
0.668,50,400,57.7834749385489,919.513525061451,86.5,0,223,840.797,1063.797,1063.797,0,1,919.513525061451,0,0,1
0.669,50,400,57.7834749385489,919.513525061451,86.5,0,223,840.797,1063.797,1063.797,0,1,919.513525061451,0,0,1
0.67,50,400,57.7834749385489,919.513525061451,86.5,0,223,840.797,1063.797,1063.797,0,1,919.513525061451,0,0,1
0.671,50,400,57.7834749385489,919.513525061451,86.5,0,223,840.797,1063.797,1063.797,0,1,919.513525061451,0,0,1
0.672,50,400,57.7834749385489,919.513525061451,86.5,0,223,840.797,1063.797,1063.797,0,1,919.513525061451,0,0,1
0.673,50,400,57.7834749385489,919.513525061451,86.5,0,223,840.797,1063.797,1063.797,0,1,919.513525061451,0,0,1
0.674,50,400,57.7834749385489,919.513525061451,86.5,0,223,840.797,1063.797,1063.797,0,1,919.513525061451,0,0,1
0.675,50,400,57.7834749385489,919.513525061451,86.5,0,223,840.797,1063.797,1063.797,0,1,919.513525061451,0,0,1
0.676,50,400,57.7834749385489,919.513525061451,86.5,0,223,840.797,1063.797,1063.797,0,1,919.513525061451,0,0,1
0.677,50,400,57.7834749385489,919.513525061451,86.5,0,223,840.797,1063.797,1063.797,0,1,919.513525061451,0,0,1
0.678,50,400,57.7834749385489,919.513525061451,86.5,0,223,840.797,1063.797,1063.797,0,1,919.513525061451,0,0,1
0.679,50,400,57.7834749385489,919.513525061451,86.5,0,223,840.797,1063.797,1063.797,0,1,919.513525061451,0,0,1
0.68,50,400,57.7834749385489,919.513525061451,86.5,0,223,840.797,1063.797,1063.797,0,1,919.513525061451,0,0,1
0.681,50,400,57.7834749385489,919.513525061451,86.5,0,223,840.797,1063.797,1063.797,0,1,919.513525061451,0,0,1
0.682,50,400,57.7834749385489,919.513525061451,86.5,0,223,840.797,1063.797,1063.797,0,1,919.513525061451,0,0,1
0.683,50,400,57.7834749385489,919.513525061451,86.5,0,223,840.797,1063.797,1063.797,0,1,919.513525061451,0,0,1
0.684,50,400,57.7834749385489,919.513525061451,86.5,0,223,840.797,1063.797,1063.797,0,1,919.513525061451,0,0,1
0.685,50,400,57.7834749385489,919.513525061451,86.5,0,223,840.797,1063.797,1063.797,0,1,919.513525061451,0,0,1
0.686,50,400,57.7834749385489,919.513525061451,86.5,0,223,840.797,1063.797,1063.797,0,1,919.513525061451,0,0,1
0.687,50,400,57.7834749385489,919.513525061451,86.5,0,223,840.797,1063.797,1063.797,0,1,919.513525061451,0,0,1
0.688,50,400,57.7834749385489,919.513525061451,86.5,0,223,840.797,1063.797,1063.797,0,1,919.513525061451,0,0,1
0.689,50,400,57.7834749385489,919.513525061451,86.5,0,223,840.797,1063.797,1063.797,0,1,919.513525061451,0,0,1
0.69,50,400,57.7834749385489,919.513525061451,86.5,0,223,840.797,1063.797,1063.797,0,1,919.513525061451,0,0,1
0.691,50,400,57.7834749385489,919.513525061451,86.5,0,223,840.797,1063.797,1063.797,0,1,919.513525061451,0,0,1
0.692,50,400,57.7834749385489,919.513525061451,86.5,0,223,840.797,1063.797,1063.797,0,1,919.513525061451,0,0,1
0.693,50,400,57.7834749385489,919.513525061451,86.5,0,223,840.797,1063.797,1063.797,0,1,919.513525061451,0,0,1
0.694,50,400,57.7834749385489,919.513525061451,86.5,0,223,840.797,1063.797,1063.797,0,1,919.513525061451,0,0,1
0.695,50,400,57.7834749385489,919.513525061451,86.5,0,223,840.797,1063.797,1063.797,0,1,919.513525061451,0,0,1
0.696,50,400,57.7834749385489,919.513525061451,86.5,0,223,840.797,1063.797,1063.797,0,1,919.513525061451,0,0,1
0.697,50,400,57.7834749385489,919.513525061451,86.5,0,223,840.797,1063.797,1063.797,0,1,919.513525061451,0,0,1
0.698,50,400,57.7834749385489,919.513525061451,86.5,0,223,840.797,1063.797,1063.797,0,1,919.513525061451,0,0,1
0.699,50,400,57.7834749385489,919.513525061451,86.5,0,223,840.797,1063.797,1063.797,0,1,919.513525061451,0,0,1
0.7,50,400,57.7834749385489,919.513525061451,86.5,0,223,840.797,1063.797,1063.797,0,1,919.513525061451,0,0,1
0.701,50,400,57.7834749385489,919.513525061451,86.5,0,223,840.797,1063.797,1063.797,0,1,919.513525061451,0,0,1
0.702,50,400,57.7834749385489,919.513525061451,86.5,0,223,840.797,1063.797,1063.797,0,1,919.513525061451,0,0,1
0.703,50,400,57.7834749385489,919.513525061451,86.5,0,223,840.797,1063.797,1063.797,0,1,919.513525061451,0,0,1
0.704,50,400,57.7834749385489,919.513525061451,86.5,0,223,840.797,1063.797,1063.797,0,1,919.513525061451,0,0,1
0.705,50,400,57.7834749385489,919.513525061451,86.5,0,223,840.797,1063.797,1063.797,0,1,919.513525061451,0,0,1
0.706,50,400,57.7834749385489,919.513525061451,86.5,0,223,840.797,1063.797,1063.797,0,1,919.513525061451,0,0,1
0.707,50,400,57.7834749385489,919.513525061451,86.5,0,223,840.797,1063.797,1063.797,0,1,919.513525061451,0,0,1
0.708,50,400,57.7834749385489,919.513525061451,86.5,0,223,840.797,1063.797,1063.797,0,1,919.513525061451,0,0,1
0.709,50,400,57.7834749385489,919.513525061451,86.5,0,223,840.797,1063.797,1063.797,0,1,919.513525061451,0,0,1
0.71,50,400,57.7834749385489,919.513525061451,86.5,0,223,840.797,1063.797,1063.797,0,1,919.513525061451,0,0,1
0.711,50,400,57.7834749385489,919.513525061451,86.5,0,223,840.797,1063.797,1063.797,0,1,919.513525061451,0,0,1
0.712,50,400,57.7834749385489,919.513525061451,86.5,0,223,840.797,1063.797,1063.797,0,1,919.513525061451,0,0,1
0.713,50,400,57.7834749385489,919.513525061451,86.5,0,223,840.797,1063.797,1063.797,0,1,919.513525061451,0,0,1
0.714,50,400,57.7834749385489,919.513525061451,86.5,0,223,840.797,1063.797,1063.797,0,1,919.513525061451,0,0,1
0.715,50,400,57.7834749385489,919.513525061451,86.5,0,223,840.797,1063.797,1063.797,0,1,919.513525061451,0,0,1
0.716,50,400,57.7834749385489,919.513525061451,86.5,0,223,840.797,1063.797,1063.797,0,1,919.513525061451,0,0,1
0.717,50,400,57.7834749385489,919.513525061451,86.5,0,223,840.797,1063.797,1063.797,0,1,919.513525061451,0,0,1
0.718,50,400,57.7834749385489,919.513525061451,86.5,0,223,840.797,1063.797,1063.797,0,1,919.513525061451,0,0,1
0.719,50,400,57.7834749385489,919.513525061451,86.5,0,223,840.797,1063.797,1063.797,0,1,919.513525061451,0,0,1
0.72,50,400,57.7834749385489,919.513525061451,86.5,0,223,840.797,1063.797,1063.797,0,1,919.513525061451,0,0,1
0.721,50,400,57.7834749385489,919.513525061451,86.5,0,223,840.797,1063.797,1063.797,0,1,919.513525061451,0,0,1
0.722,50,400,57.7834749385489,919.513525061451,86.5,0,223,840.797,1063.797,1063.797,0,1,919.513525061451,0,0,1
0.723,50,400,57.7834749385489,919.513525061451,86.5,0,223,840.797,1063.797,1063.797,0,1,919.513525061451,0,0,1
0.724,50,400,57.7834749385489,919.513525061451,86.5,0,223,840.797,1063.797,1063.797,0,1,919.513525061451,0,0,1
0.725,50,400,57.7834749385489,919.513525061451,86.5,0,223,840.797,1063.797,1063.797,0,1,919.513525061451,0,0,1
0.726,50,400,57.7834749385489,919.513525061451,86.5,0,223,840.797,1063.797,1063.797,0,1,919.513525061451,0,0,1
0.727,50,400,57.7834749385489,919.513525061451,86.5,0,223,840.797,1063.797,1063.797,0,1,919.513525061451,0,0,1
0.728,50,400,57.7834749385489,919.513525061451,86.5,0,223,840.797,1063.797,1063.797,0,1,919.513525061451,0,0,1
0.729,50,400,57.7834749385489,919.513525061451,86.5,0,223,840.797,1063.797,1063.797,0,1,919.513525061451,0,0,1
0.73,50,400,57.7834749385489,919.513525061451,86.5,0,223,840.797,1063.797,1063.797,0,1,919.513525061451,0,0,1
0.731,50,400,57.7834749385489,919.513525061451,86.5,0,223,840.797,1063.797,1063.797,0,1,919.513525061451,0,0,1
0.732,50,400,57.7834749385489,919.513525061451,86.5,0,223,840.797,1063.797,1063.797,0,1,919.513525061451,0,0,1
0.733,50,400,57.7834749385489,919.513525061451,86.5,0,223,840.797,1063.797,1063.797,0,1,919.513525061451,0,0,1
0.734,50,400,57.7834749385489,919.513525061451,86.5,0,223,840.797,1063.797,1063.797,0,1,919.513525061451,0,0,1
0.735,50,400,57.7834749385489,919.513525061451,86.5,0,223,840.797,1063.797,1063.797,0,1,919.513525061451,0,0,1
0.736,50,400,57.7834749385489,919.513525061451,86.5,0,223,840.797,1063.797,1063.797,0,1,919.513525061451,0,0,1
0.737,50,400,57.7834749385489,919.513525061451,86.5,0,223,840.797,1063.797,1063.797,0,1,919.513525061451,0,0,1
0.738,50,400,57.7834749385489,919.513525061451,86.5,0,223,840.797,1063.797,1063.797,0,1,919.513525061451,0,0,1
0.739,50,400,57.7834749385489,919.513525061451,86.5,0,223,840.797,1063.797,1063.797,0,1,919.513525061451,0,0,1
0.74,50,400,57.7834749385489,919.513525061451,86.5,0,223,840.797,1063.797,1063.797,0,1,919.513525061451,0,0,1
0.741,50,400,57.7834749385489,919.513525061451,86.5,0,223,840.797,1063.797,1063.797,0,1,919.513525061451,0,0,1
0.742,50,400,57.7834749385489,919.513525061451,86.5,0,223,840.797,1063.797,1063.797,0,1,919.513525061451,0,0,1
0.743,50,400,57.7834749385489,919.513525061451,86.5,0,223,840.797,1063.797,1063.797,0,1,919.513525061451,0,0,1
0.744,50,400,57.7834749385489,919.513525061451,86.5,0,223,840.797,1063.797,1063.797,0,1,919.513525061451,0,0,1
0.745,50,400,57.7834749385489,919.513525061451,86.5,0,223,840.797,1063.797,1063.797,0,1,919.513525061451,0,0,1
0.746,50,400,57.7834749385489,919.513525061451,86.5,0,223,840.797,1063.797,1063.797,0,1,919.513525061451,0,0,1
0.747,50,400,57.7834749385489,919.513525061451,86.5,0,223,840.797,1063.797,1063.797,0,1,919.513525061451,0,0,1
0.748,50,400,57.7834749385489,919.513525061451,86.5,0,223,840.797,1063.797,1063.797,0,1,919.513525061451,0,0,1
0.749,50,400,57.7834749385489,919.513525061451,86.5,0,223,840.797,1063.797,1063.797,0,1,919.513525061451,0,0,1
0.75,50,400,57.7834749385489,919.513525061451,86.5,0,223,840.797,1063.797,1063.797,0,1,919.513525061451,0,0,1
0.751,50,400,57.7834749385489,919.513525061451,86.5,0,223,840.797,1063.797,1063.797,0,1,919.513525061451,0,0,1
0.752,50,400,57.7834749385489,919.513525061451,86.5,0,223,840.797,1063.797,1063.797,0,1,919.513525061451,0,0,1
0.753,50,400,57.7834749385489,919.513525061451,86.5,0,223,840.797,1063.797,1063.797,0,1,919.513525061451,0,0,1
0.754,50,400,57.7834749385489,919.513525061451,86.5,0,223,840.797,1063.797,1063.797,0,1,919.513525061451,0,0,1
0.755,50,400,57.7834749385489,919.513525061451,86.5,0,223,840.797,1063.797,1063.797,0,1,919.513525061451,0,0,1
0.756,50,400,57.7834749385489,919.513525061451,86.5,0,223,840.797,1063.797,1063.797,0,1,919.513525061451,0,0,1
0.757,50,400,57.7834749385489,919.513525061451,86.5,0,223,840.797,1063.797,1063.797,0,1,919.513525061451,0,0,1
0.758,50,400,57.7834749385489,919.513525061451,86.5,0,223,840.797,1063.797,1063.797,0,1,919.513525061451,0,0,1
0.759,50,400,57.7834749385489,919.513525061451,86.5,0,223,840.797,1063.797,1063.797,0,1,919.513525061451,0,0,1
0.76,50,400,57.7834749385489,919.513525061451,86.5,0,223,840.797,1063.797,1063.797,0,1,919.513525061451,0,0,1
0.761,50,400,57.7834749385489,919.513525061451,86.5,0,223,840.797,1063.797,1063.797,0,1,919.513525061451,0,0,1
0.762,50,400,57.7834749385489,919.513525061451,86.5,0,223,840.797,1063.797,1063.797,0,1,919.513525061451,0,0,1
0.763,50,400,57.7834749385489,919.513525061451,86.5,0,223,840.797,1063.797,1063.797,0,1,919.513525061451,0,0,1
0.764,50,400,57.7834749385489,919.513525061451,86.5,0,223,840.797,1063.797,1063.797,0,1,919.513525061451,0,0,1
0.765,50,400,57.7834749385489,919.513525061451,86.5,0,223,840.797,1063.797,1063.797,0,1,919.513525061451,0,0,1
0.766,50,400,57.7834749385489,919.513525061451,86.5,0,223,840.797,1063.797,1063.797,0,1,919.513525061451,0,0,1
0.767,50,400,57.7834749385489,919.513525061451,86.5,0,223,840.797,1063.797,1063.797,0,1,919.513525061451,0,0,1
0.768,50,400,57.7834749385489,919.513525061451,86.5,0,223,840.797,1063.797,1063.797,0,1,919.513525061451,0,0,1
0.769,50,400,57.7834749385489,919.513525061451,86.5,0,223,840.797,1063.797,1063.797,0,1,919.513525061451,0,0,1
0.77,50,400,57.7834749385489,919.513525061451,86.5,0,223,840.797,1063.797,1063.797,0,1,919.513525061451,0,0,1
0.771,50,400,57.7834749385489,919.513525061451,86.5,0,223,840.797,1063.797,1063.797,0,1,919.513525061451,0,0,1
0.772,50,400,57.7834749385489,919.513525061451,86.5,0,223,840.797,1063.797,1063.797,0,1,919.513525061451,0,0,1
0.773,50,400,57.7834749385489,919.513525061451,86.5,0,223,840.797,1063.797,1063.797,0,1,919.513525061451,0,0,1
0.774,50,400,57.7834749385489,919.513525061451,86.5,0,223,840.797,1063.797,1063.797,0,1,919.513525061451,0,0,1
0.775,50,400,57.7834749385489,919.513525061451,86.5,0,223,840.797,1063.797,1063.797,0,1,919.513525061451,0,0,1
0.776,50,400,57.7834749385489,919.513525061451,86.5,0,223,840.797,1063.797,1063.797,0,1,919.513525061451,0,0,1
0.777,50,400,57.7834749385489,919.513525061451,86.5,0,223,840.797,1063.797,1063.797,0,1,919.513525061451,0,0,1
0.778,50,400,57.7834749385489,919.513525061451,86.5,0,223,840.797,1063.797,1063.797,0,1,919.513525061451,0,0,1
0.779,50,400,57.7834749385489,919.513525061451,86.5,0,223,840.797,1063.797,1063.797,0,1,919.513525061451,0,0,1
0.78,50,400,57.7834749385489,919.513525061451,86.5,0,223,840.797,1063.797,1063.797,0,1,919.513525061451,0,0,1
0.781,50,400,57.7834749385489,919.513525061451,86.5,0,223,840.797,1063.797,1063.797,0,1,919.513525061451,0,0,1
0.782,50,400,57.7834749385489,919.513525061451,86.5,0,223,840.797,1063.797,1063.797,0,1,919.513525061451,0,0,1
0.783,50,400,57.7834749385489,919.513525061451,86.5,0,223,840.797,1063.797,1063.797,0,1,919.513525061451,0,0,1
0.784,50,400,57.7834749385489,919.513525061451,86.5,0,223,840.797,1063.797,1063.797,0,1,919.513525061451,0,0,1
0.785,50,400,57.7834749385489,919.513525061451,86.5,0,223,840.797,1063.797,1063.797,0,1,919.513525061451,0,0,1
0.786,50,400,57.7834749385489,919.513525061451,86.5,0,223,840.797,1063.797,1063.797,0,1,919.513525061451,0,0,1
0.787,50,400,57.7834749385489,919.513525061451,86.5,0,223,840.797,1063.797,1063.797,0,1,919.513525061451,0,0,1
0.788,50,400,57.7834749385489,919.513525061451,86.5,0,223,840.797,1063.797,1063.797,0,1,919.513525061451,0,0,1
0.789,50,400,57.7834749385489,919.513525061451,86.5,0,223,840.797,1063.797,1063.797,0,1,919.513525061451,0,0,1
0.79,50,400,57.7834749385489,919.513525061451,86.5,0,223,840.797,1063.797,1063.797,0,1,919.513525061451,0,0,1
0.791,50,400,57.7834749385489,919.513525061451,86.5,0,223,840.797,1063.797,1063.797,0,1,919.513525061451,0,0,1
0.792,50,400,57.7834749385489,919.513525061451,86.5,0,223,840.797,1063.797,1063.797,0,1,919.513525061451,0,0,1
0.793,50,400,57.7834749385489,919.513525061451,86.5,0,223,840.797,1063.797,1063.797,0,1,919.513525061451,0,0,1
0.794,50,400,57.7834749385489,919.513525061451,86.5,0,223,840.797,1063.797,1063.797,0,1,919.513525061451,0,0,1
0.795,50,400,57.7834749385489,919.513525061451,86.5,0,223,840.797,1063.797,1063.797,0,1,919.513525061451,0,0,1
0.796,50,400,57.7834749385489,919.513525061451,86.5,0,223,840.797,1063.797,1063.797,0,1,919.513525061451,0,0,1
0.797,50,400,57.7834749385489,919.513525061451,86.5,0,223,840.797,1063.797,1063.797,0,1,919.513525061451,0,0,1
0.798,50,400,57.7834749385489,919.513525061451,86.5,0,223,840.797,1063.797,1063.797,0,1,919.513525061451,0,0,1
0.799,50,400,57.7834749385489,919.513525061451,86.5,0,223,840.797,1063.797,1063.797,0,1,919.513525061451,0,0,1
0.8,50,400,57.7834749385489,919.513525061451,86.5,0,223,840.797,1063.797,1063.797,0,1,919.513525061451,0,0,1
0.801,50,400,57.7834749385489,919.513525061451,86.5,0,223,840.797,1063.797,1063.797,0,1,919.513525061451,0,0,1
0.802,50,400,57.7834749385489,919.513525061451,86.5,0,223,840.797,1063.797,1063.797,0,1,919.513525061451,0,0,1
0.803,50,400,57.7834749385489,919.513525061451,86.5,0,223,840.797,1063.797,1063.797,0,1,919.513525061451,0,0,1
0.804,50,400,57.7834749385489,919.513525061451,86.5,0,223,840.797,1063.797,1063.797,0,1,919.513525061451,0,0,1
0.805,50,400,57.7834749385489,919.513525061451,86.5,0,223,840.797,1063.797,1063.797,0,1,919.513525061451,0,0,1
0.806,50,400,57.7834749385489,919.513525061451,86.5,0,223,840.797,1063.797,1063.797,0,1,919.513525061451,0,0,1
0.807,50,400,57.7834749385489,919.513525061451,86.5,0,223,840.797,1063.797,1063.797,0,1,919.513525061451,0,0,1
0.808,50,400,57.7834749385489,919.513525061451,86.5,0,223,840.797,1063.797,1063.797,0,1,919.513525061451,0,0,1
0.809,50,400,57.7834749385489,919.513525061451,86.5,0,223,840.797,1063.797,1063.797,0,1,919.513525061451,0,0,1
0.81,50,400,57.7834749385489,919.513525061451,86.5,0,223,840.797,1063.797,1063.797,0,1,919.513525061451,0,0,1
0.811,50,400,57.7834749385489,919.513525061451,86.5,0,223,840.797,1063.797,1063.797,0,1,919.513525061451,0,0,1
0.812,50,400,57.7834749385489,919.513525061451,86.5,0,223,840.797,1063.797,1063.797,0,1,919.513525061451,0,0,1
0.813,50,400,57.7834749385489,919.513525061451,86.5,0,223,840.797,1063.797,1063.797,0,1,919.513525061451,0,0,1
0.814,50,400,57.7834749385489,919.513525061451,86.5,0,223,840.797,1063.797,1063.797,0,1,919.513525061451,0,0,1
0.815,50,400,57.7834749385489,919.513525061451,86.5,0,223,840.797,1063.797,1063.797,0,1,919.513525061451,0,0,1
0.816,50,400,57.7834749385489,919.513525061451,86.5,0,223,840.797,1063.797,1063.797,0,1,919.513525061451,0,0,1
0.817,50,400,57.7834749385489,919.513525061451,86.5,0,223,840.797,1063.797,1063.797,0,1,919.513525061451,0,0,1
0.818,50,400,57.7834749385489,919.513525061451,86.5,0,223,840.797,1063.797,1063.797,0,1,919.513525061451,0,0,1
0.819,50,400,57.7834749385489,919.513525061451,86.5,0,223,840.797,1063.797,1063.797,0,1,919.513525061451,0,0,1
0.82,50,400,57.7834749385489,919.513525061451,86.5,0,223,840.797,1063.797,1063.797,0,1,919.513525061451,0,0,1
0.821,50,400,57.7834749385489,919.513525061451,86.5,0,223,840.797,1063.797,1063.797,0,1,919.513525061451,0,0,1
0.822,50,400,57.7834749385489,919.513525061451,86.5,0,223,840.797,1063.797,1063.797,0,1,919.513525061451,0,0,1
0.823,50,400,57.7834749385489,919.513525061451,86.5,0,223,840.797,1063.797,1063.797,0,1,919.513525061451,0,0,1
0.824,50,400,57.7834749385489,919.513525061451,86.5,0,223,840.797,1063.797,1063.797,0,1,919.513525061451,0,0,1
0.825,50,400,57.7834749385489,919.513525061451,86.5,0,223,840.797,1063.797,1063.797,0,1,919.513525061451,0,0,1
0.826,50,400,57.7834749385489,919.513525061451,86.5,0,223,840.797,1063.797,1063.797,0,1,919.513525061451,0,0,1
0.827,50,400,57.7834749385489,919.513525061451,86.5,0,223,840.797,1063.797,1063.797,0,1,919.513525061451,0,0,1
0.828,50,400,57.7834749385489,919.513525061451,86.5,0,223,840.797,1063.797,1063.797,0,1,919.513525061451,0,0,1
0.829,50,400,57.7834749385489,919.513525061451,86.5,0,223,840.797,1063.797,1063.797,0,1,919.513525061451,0,0,1
0.83,50,400,57.7834749385489,919.513525061451,86.5,0,223,840.797,1063.797,1063.797,0,1,919.513525061451,0,0,1
0.831,50,400,57.7834749385489,919.513525061451,86.5,0,223,840.797,1063.797,1063.797,0,1,919.513525061451,0,0,1
0.832,50,400,57.7834749385489,919.513525061451,86.5,0,223,840.797,1063.797,1063.797,0,1,919.513525061451,0,0,1
0.833,50,400,57.7834749385489,919.513525061451,86.5,0,223,840.797,1063.797,1063.797,0,1,919.513525061451,0,0,1
0.834,50,400,57.7834749385489,919.513525061451,86.5,0,223,840.797,1063.797,1063.797,0,1,919.513525061451,0,0,1
0.835,50,400,57.7834749385489,919.513525061451,86.5,0,223,840.797,1063.797,1063.797,0,1,919.513525061451,0,0,1
0.836,50,400,57.7834749385489,919.513525061451,86.5,0,223,840.797,1063.797,1063.797,0,1,919.513525061451,0,0,1
0.837,50,400,57.7834749385489,919.513525061451,86.5,0,223,840.797,1063.797,1063.797,0,1,919.513525061451,0,0,1
0.838,50,400,57.7834749385489,919.513525061451,86.5,0,223,840.797,1063.797,1063.797,0,1,919.513525061451,0,0,1
0.839,50,400,57.7834749385489,919.513525061451,86.5,0,223,840.797,1063.797,1063.797,0,1,919.513525061451,0,0,1
0.84,50,400,57.7834749385489,919.513525061451,86.5,0,223,840.797,1063.797,1063.797,0,1,919.513525061451,0,0,1
0.841,50,400,57.7834749385489,919.513525061451,86.5,0,223,840.797,1063.797,1063.797,0,1,919.513525061451,0,0,1
0.842,50,400,57.7834749385489,919.513525061451,86.5,0,223,840.797,1063.797,1063.797,0,1,919.513525061451,0,0,1
0.843,50,400,57.7834749385489,919.513525061451,86.5,0,223,840.797,1063.797,1063.797,0,1,919.513525061451,0,0,1
0.844,50,400,57.7834749385489,919.513525061451,86.5,0,223,840.797,1063.797,1063.797,0,1,919.513525061451,0,0,1
0.845,50,400,57.7834749385489,919.513525061451,86.5,0,223,840.797,1063.797,1063.797,0,1,919.513525061451,0,0,1
0.846,50,400,57.7834749385489,919.513525061451,86.5,0,223,840.797,1063.797,1063.797,0,1,919.513525061451,0,0,1
0.847,50,400,57.7834749385489,919.513525061451,86.5,0,223,840.797,1063.797,1063.797,0,1,919.513525061451,0,0,1
0.848,50,400,57.7834749385489,919.513525061451,86.5,0,223,840.797,1063.797,1063.797,0,1,919.513525061451,0,0,1
0.849,50,400,57.7834749385489,919.513525061451,86.5,0,223,840.797,1063.797,1063.797,0,1,919.513525061451,0,0,1
0.85,50,400,57.7834749385489,919.513525061451,86.5,0,223,840.797,1063.797,1063.797,0,1,919.513525061451,0,0,1
0.851,50,400,57.7834749385489,919.513525061451,86.5,0,223,840.797,1063.797,1063.797,0,1,919.513525061451,0,0,1
0.852,50,400,57.7834749385489,919.513525061451,86.5,0,223,840.797,1063.797,1063.797,0,1,919.513525061451,0,0,1
0.853,50,400,57.7834749385489,919.513525061451,86.5,0,223,840.797,1063.797,1063.797,0,1,919.513525061451,0,0,1
0.854,50,400,57.7834749385489,919.513525061451,86.5,0,223,840.797,1063.797,1063.797,0,1,919.513525061451,0,0,1
0.855,50,400,57.7834749385489,919.513525061451,86.5,0,223,840.797,1063.797,1063.797,0,1,919.513525061451,0,0,1
0.856,50,400,57.7834749385489,919.513525061451,86.5,0,223,840.797,1063.797,1063.797,0,1,919.513525061451,0,0,1
0.857,50,400,57.7834749385489,919.513525061451,86.5,0,223,840.797,1063.797,1063.797,0,1,919.513525061451,0,0,1
0.858,50,400,57.7834749385489,919.513525061451,86.5,0,223,840.797,1063.797,1063.797,0,1,919.513525061451,0,0,1
0.859,50,400,57.7834749385489,919.513525061451,86.5,0,223,840.797,1063.797,1063.797,0,1,919.513525061451,0,0,1
0.86,50,400,57.7834749385489,919.513525061451,86.5,0,223,840.797,1063.797,1063.797,0,1,919.513525061451,0,0,1
0.861,50,400,57.7834749385489,919.513525061451,86.5,0,223,840.797,1063.797,1063.797,0,1,919.513525061451,0,0,1
0.862,50,400,57.7834749385489,919.513525061451,86.5,0,223,840.797,1063.797,1063.797,0,1,919.513525061451,0,0,1
0.863,50,400,57.7834749385489,919.513525061451,86.5,0,223,840.797,1063.797,1063.797,0,1,919.513525061451,0,0,1
0.864,50,400,57.7834749385489,919.513525061451,86.5,0,223,840.797,1063.797,1063.797,0,1,919.513525061451,0,0,1
0.865,50,400,57.7834749385489,919.513525061451,86.5,0,223,840.797,1063.797,1063.797,0,1,919.513525061451,0,0,1
0.866,50,400,57.7834749385489,919.513525061451,86.5,0,223,840.797,1063.797,1063.797,0,1,919.513525061451,0,0,1
0.867,50,400,57.7834749385489,919.513525061451,86.5,0,223,840.797,1063.797,1063.797,0,1,919.513525061451,0,0,1
0.868,50,400,57.7834749385489,919.513525061451,86.5,0,223,840.797,1063.797,1063.797,0,1,919.513525061451,0,0,1
0.869,50,400,57.7834749385489,919.513525061451,86.5,0,223,840.797,1063.797,1063.797,0,1,919.513525061451,0,0,1
0.87,50,400,57.7834749385489,919.513525061451,86.5,0,223,840.797,1063.797,1063.797,0,1,919.513525061451,0,0,1
0.871,50,400,57.7834749385489,919.513525061451,86.5,0,223,840.797,1063.797,1063.797,0,1,919.513525061451,0,0,1
0.872,50,400,57.7834749385489,919.513525061451,86.5,0,223,840.797,1063.797,1063.797,0,1,919.513525061451,0,0,1
0.873,50,400,57.7834749385489,919.513525061451,86.5,0,223,840.797,1063.797,1063.797,0,1,919.513525061451,0,0,1
0.874,50,400,57.7834749385489,919.513525061451,86.5,0,223,840.797,1063.797,1063.797,0,1,919.513525061451,0,0,1
0.875,50,400,57.7834749385489,919.513525061451,86.5,0,223,840.797,1063.797,1063.797,0,1,919.513525061451,0,0,1
0.876,50,400,57.7834749385489,919.513525061451,86.5,0,223,840.797,1063.797,1063.797,0,1,919.513525061451,0,0,1
0.877,50,400,57.7834749385489,919.513525061451,86.5,0,223,840.797,1063.797,1063.797,0,1,919.513525061451,0,0,1
0.878,50,400,57.7834749385489,919.513525061451,86.5,0,223,840.797,1063.797,1063.797,0,1,919.513525061451,0,0,1
0.879,50,400,57.7834749385489,919.513525061451,86.5,0,223,840.797,1063.797,1063.797,0,1,919.513525061451,0,0,1
0.88,50,400,57.7834749385489,919.513525061451,86.5,0,223,840.797,1063.797,1063.797,0,1,919.513525061451,0,0,1
0.881,50,400,57.7834749385489,919.513525061451,86.5,0,223,840.797,1063.797,1063.797,0,1,919.513525061451,0,0,1
0.882,50,400,57.7834749385489,919.513525061451,86.5,0,223,840.797,1063.797,1063.797,0,1,919.513525061451,0,0,1
0.883,50,400,57.7834749385489,919.513525061451,86.5,0,223,840.797,1063.797,1063.797,0,1,919.513525061451,0,0,1
0.884,50,400,57.7834749385489,919.513525061451,86.5,0,223,840.797,1063.797,1063.797,0,1,919.513525061451,0,0,1
0.885,50,400,57.7834749385489,919.513525061451,86.5,0,223,840.797,1063.797,1063.797,0,1,919.513525061451,0,0,1
0.886,50,400,57.7834749385489,919.513525061451,86.5,0,223,840.797,1063.797,1063.797,0,1,919.513525061451,0,0,1
0.887,50,400,57.7834749385489,919.513525061451,86.5,0,223,840.797,1063.797,1063.797,0,1,919.513525061451,0,0,1
0.888,50,400,57.7834749385489,919.513525061451,86.5,0,223,840.797,1063.797,1063.797,0,1,919.513525061451,0,0,1
0.889,50,400,57.7834749385489,919.513525061451,86.5,0,223,840.797,1063.797,1063.797,0,1,919.513525061451,0,0,1
0.89,50,400,57.7834749385489,919.513525061451,86.5,0,223,840.797,1063.797,1063.797,0,1,919.513525061451,0,0,1
0.891,50,400,57.7834749385489,919.513525061451,86.5,0,223,840.797,1063.797,1063.797,0,1,919.513525061451,0,0,1
0.892,50,400,57.7834749385489,919.513525061451,86.5,0,223,840.797,1063.797,1063.797,0,1,919.513525061451,0,0,1
0.893,50,400,57.7834749385489,919.513525061451,86.5,0,223,840.797,1063.797,1063.797,0,1,919.513525061451,0,0,1
0.894,50,400,57.7834749385489,919.513525061451,86.5,0,223,840.797,1063.797,1063.797,0,1,919.513525061451,0,0,1
0.895,50,400,57.7834749385489,919.513525061451,86.5,0,223,840.797,1063.797,1063.797,0,1,919.513525061451,0,0,1
0.896,50,400,57.7834749385489,919.513525061451,86.5,0,223,840.797,1063.797,1063.797,0,1,919.513525061451,0,0,1
0.897,50,400,57.7834749385489,919.513525061451,86.5,0,223,840.797,1063.797,1063.797,0,1,919.513525061451,0,0,1
0.898,50,400,57.7834749385489,919.513525061451,86.5,0,223,840.797,1063.797,1063.797,0,1,919.513525061451,0,0,1
0.899,50,400,57.7834749385489,919.513525061451,86.5,0,223,840.797,1063.797,1063.797,0,1,919.513525061451,0,0,1
0.9,50,400,57.7834749385489,919.513525061451,86.5,0,223,840.797,1063.797,1063.797,0,1,919.513525061451,0,0,1
0.901,50,400,57.7834749385489,919.513525061451,86.5,0,223,840.797,1063.797,1063.797,0,1,919.513525061451,0,0,1
0.902,50,400,57.7834749385489,919.513525061451,86.5,0,223,840.797,1063.797,1063.797,0,1,919.513525061451,0,0,1
0.903,50,400,57.7834749385489,919.513525061451,86.5,0,223,840.797,1063.797,1063.797,0,1,919.513525061451,0,0,1
0.904,50,400,57.7834749385489,919.513525061451,86.5,0,223,840.797,1063.797,1063.797,0,1,919.513525061451,0,0,1
0.905,50,400,57.7834749385489,919.513525061451,86.5,0,223,840.797,1063.797,1063.797,0,1,919.513525061451,0,0,1
0.906,50,400,57.7834749385489,919.513525061451,86.5,0,223,840.797,1063.797,1063.797,0,1,919.513525061451,0,0,1
0.907,50,400,57.7834749385489,919.513525061451,86.5,0,223,840.797,1063.797,1063.797,0,1,919.513525061451,0,0,1
0.908,50,400,57.7834749385489,919.513525061451,86.5,0,223,840.797,1063.797,1063.797,0,1,919.513525061451,0,0,1
0.909,50,400,57.7834749385489,919.513525061451,86.5,0,223,840.797,1063.797,1063.797,0,1,919.513525061451,0,0,1
0.91,50,400,57.7834749385489,919.513525061451,86.5,0,223,840.797,1063.797,1063.797,0,1,919.513525061451,0,0,1
0.911,50,400,57.7834749385489,919.513525061451,86.5,0,223,840.797,1063.797,1063.797,0,1,919.513525061451,0,0,1
0.912,50,400,57.7834749385489,919.513525061451,86.5,0,223,840.797,1063.797,1063.797,0,1,919.513525061451,0,0,1
0.913,50,400,57.7834749385489,919.513525061451,86.5,0,223,840.797,1063.797,1063.797,0,1,919.513525061451,0,0,1
0.914,50,400,57.7834749385489,919.513525061451,86.5,0,223,840.797,1063.797,1063.797,0,1,919.513525061451,0,0,1
0.915,50,400,57.7834749385489,919.513525061451,86.5,0,223,840.797,1063.797,1063.797,0,1,919.513525061451,0,0,1
0.916,50,400,57.7834749385489,919.513525061451,86.5,0,223,840.797,1063.797,1063.797,0,1,919.513525061451,0,0,1
0.917,50,400,57.7834749385489,919.513525061451,86.5,0,223,840.797,1063.797,1063.797,0,1,919.513525061451,0,0,1
0.918,50,400,57.7834749385489,919.513525061451,86.5,0,223,840.797,1063.797,1063.797,0,1,919.513525061451,0,0,1
0.919,50,400,57.7834749385489,919.513525061451,86.5,0,223,840.797,1063.797,1063.797,0,1,919.513525061451,0,0,1
0.92,50,400,57.7834749385489,919.513525061451,86.5,0,223,840.797,1063.797,1063.797,0,1,919.513525061451,0,0,1
0.921,50,400,57.7834749385489,919.513525061451,86.5,0,223,840.797,1063.797,1063.797,0,1,919.513525061451,0,0,1
0.922,50,400,57.7834749385489,919.513525061451,86.5,0,223,840.797,1063.797,1063.797,0,1,919.513525061451,0,0,1
0.923,50,400,57.7834749385489,919.513525061451,86.5,0,223,840.797,1063.797,1063.797,0,1,919.513525061451,0,0,1
0.924,50,400,57.7834749385489,919.513525061451,86.5,0,223,840.797,1063.797,1063.797,0,1,919.513525061451,0,0,1
0.925,50,400,57.7834749385489,919.513525061451,86.5,0,223,840.797,1063.797,1063.797,0,1,919.513525061451,0,0,1
0.926,50,400,57.7834749385489,919.513525061451,86.5,0,223,840.797,1063.797,1063.797,0,1,919.513525061451,0,0,1
0.927,50,400,57.7834749385489,919.513525061451,86.5,0,223,840.797,1063.797,1063.797,0,1,919.513525061451,0,0,1
0.928,50,400,57.7834749385489,919.513525061451,86.5,0,223,840.797,1063.797,1063.797,0,1,919.513525061451,0,0,1
0.929,50,400,57.7834749385489,919.513525061451,86.5,0,223,840.797,1063.797,1063.797,0,1,919.513525061451,0,0,1
0.93,50,400,57.7834749385489,919.513525061451,86.5,0,223,840.797,1063.797,1063.797,0,1,919.513525061451,0,0,1
0.931,50,400,57.7834749385489,919.513525061451,86.5,0,223,840.797,1063.797,1063.797,0,1,919.513525061451,0,0,1
0.932,50,400,57.7834749385489,919.513525061451,86.5,0,223,840.797,1063.797,1063.797,0,1,919.513525061451,0,0,1
0.933,50,400,57.7834749385489,919.513525061451,86.5,0,223,840.797,1063.797,1063.797,0,1,919.513525061451,0,0,1
0.934,50,400,57.7834749385489,919.513525061451,86.5,0,223,840.797,1063.797,1063.797,0,1,919.513525061451,0,0,1
0.935,50,400,57.7834749385489,919.513525061451,86.5,0,223,840.797,1063.797,1063.797,0,1,919.513525061451,0,0,1
0.936,50,400,57.7834749385489,919.513525061451,86.5,0,223,840.797,1063.797,1063.797,0,1,919.513525061451,0,0,1
0.937,50,400,57.7834749385489,919.513525061451,86.5,0,223,840.797,1063.797,1063.797,0,1,919.513525061451,0,0,1
0.938,50,400,57.7834749385489,919.513525061451,86.5,0,223,840.797,1063.797,1063.797,0,1,919.513525061451,0,0,1
0.939,50,400,57.7834749385489,919.513525061451,86.5,0,223,840.797,1063.797,1063.797,0,1,919.513525061451,0,0,1
0.94,50,400,57.7834749385489,919.513525061451,86.5,0,223,840.797,1063.797,1063.797,0,1,919.513525061451,0,0,1
0.941,50,400,57.7834749385489,919.513525061451,86.5,0,223,840.797,1063.797,1063.797,0,1,919.513525061451,0,0,1
0.942,50,400,57.7834749385489,919.513525061451,86.5,0,223,840.797,1063.797,1063.797,0,1,919.513525061451,0,0,1
0.943,50,400,57.7834749385489,919.513525061451,86.5,0,223,840.797,1063.797,1063.797,0,1,919.513525061451,0,0,1
0.944,50,400,57.7834749385489,919.513525061451,86.5,0,223,840.797,1063.797,1063.797,0,1,919.513525061451,0,0,1
0.945,50,400,57.7834749385489,919.513525061451,86.5,0,223,840.797,1063.797,1063.797,0,1,919.513525061451,0,0,1
0.946,50,400,57.7834749385489,919.513525061451,86.5,0,223,840.797,1063.797,1063.797,0,1,919.513525061451,0,0,1
0.947,50,400,57.7834749385489,919.513525061451,86.5,0,223,840.797,1063.797,1063.797,0,1,919.513525061451,0,0,1
0.948,50,400,57.7834749385489,919.513525061451,86.5,0,223,840.797,1063.797,1063.797,0,1,919.513525061451,0,0,1
0.949,50,400,57.7834749385489,919.513525061451,86.5,0,223,840.797,1063.797,1063.797,0,1,919.513525061451,0,0,1
0.95,50,400,57.7834749385489,919.513525061451,86.5,0,223,840.797,1063.797,1063.797,0,1,919.513525061451,0,0,1
0.951,50,400,57.7834749385489,919.513525061451,86.5,0,223,840.797,1063.797,1063.797,0,1,919.513525061451,0,0,1
0.952,50,400,57.7834749385489,919.513525061451,86.5,0,223,840.797,1063.797,1063.797,0,1,919.513525061451,0,0,1
0.953,50,400,57.7834749385489,919.513525061451,86.5,0,223,840.797,1063.797,1063.797,0,1,919.513525061451,0,0,1
0.954,50,400,57.7834749385489,919.513525061451,86.5,0,223,840.797,1063.797,1063.797,0,1,919.513525061451,0,0,1
0.955,50,400,57.7834749385489,919.513525061451,86.5,0,223,840.797,1063.797,1063.797,0,1,919.513525061451,0,0,1
0.956,50,400,57.7834749385489,919.513525061451,86.5,0,223,840.797,1063.797,1063.797,0,1,919.513525061451,0,0,1
0.957,50,400,57.7834749385489,919.513525061451,86.5,0,223,840.797,1063.797,1063.797,0,1,919.513525061451,0,0,1
0.958,50,400,57.7834749385489,919.513525061451,86.5,0,223,840.797,1063.797,1063.797,0,1,919.513525061451,0,0,1
0.959,50,400,57.7834749385489,919.513525061451,86.5,0,223,840.797,1063.797,1063.797,0,1,919.513525061451,0,0,1
0.96,50,400,57.7834749385489,919.513525061451,86.5,0,223,840.797,1063.797,1063.797,0,1,919.513525061451,0,0,1
0.961,50,400,57.7834749385489,919.513525061451,86.5,0,223,840.797,1063.797,1063.797,0,1,919.513525061451,0,0,1
0.962,50,400,57.7834749385489,919.513525061451,86.5,0,223,840.797,1063.797,1063.797,0,1,919.513525061451,0,0,1
0.963,50,400,57.7834749385489,919.513525061451,86.5,0,223,840.797,1063.797,1063.797,0,1,919.513525061451,0,0,1
0.964,50,400,57.7834749385489,919.513525061451,86.5,0,223,840.797,1063.797,1063.797,0,1,919.513525061451,0,0,1
0.965,50,400,57.7834749385489,919.513525061451,86.5,0,223,840.797,1063.797,1063.797,0,1,919.513525061451,0,0,1
0.966,50,400,57.7834749385489,919.513525061451,86.5,0,223,840.797,1063.797,1063.797,0,1,919.513525061451,0,0,1
0.967,50,400,57.7834749385489,919.513525061451,86.5,0,223,840.797,1063.797,1063.797,0,1,919.513525061451,0,0,1
0.968,50,400,57.7834749385489,919.513525061451,86.5,0,223,840.797,1063.797,1063.797,0,1,919.513525061451,0,0,1
0.969,50,400,57.7834749385489,919.513525061451,86.5,0,223,840.797,1063.797,1063.797,0,1,919.513525061451,0,0,1
0.97,50,400,57.7834749385489,919.513525061451,86.5,0,223,840.797,1063.797,1063.797,0,1,919.513525061451,0,0,1
0.971,50,400,57.7834749385489,919.513525061451,86.5,0,223,840.797,1063.797,1063.797,0,1,919.513525061451,0,0,1
0.972,50,400,57.7834749385489,919.513525061451,86.5,0,223,840.797,1063.797,1063.797,0,1,919.513525061451,0,0,1
0.973,50,400,57.7834749385489,919.513525061451,86.5,0,223,840.797,1063.797,1063.797,0,1,919.513525061451,0,0,1
0.974,50,400,57.7834749385489,919.513525061451,86.5,0,223,840.797,1063.797,1063.797,0,1,919.513525061451,0,0,1
0.975,50,400,57.7834749385489,919.513525061451,86.5,0,223,840.797,1063.797,1063.797,0,1,919.513525061451,0,0,1
0.976,50,400,57.7834749385489,919.513525061451,86.5,0,223,840.797,1063.797,1063.797,0,1,919.513525061451,0,0,1
0.977,50,400,57.7834749385489,919.513525061451,86.5,0,223,840.797,1063.797,1063.797,0,1,919.513525061451,0,0,1
0.978,50,400,57.7834749385489,919.513525061451,86.5,0,223,840.797,1063.797,1063.797,0,1,919.513525061451,0,0,1
0.979,50,400,57.7834749385489,919.513525061451,86.5,0,223,840.797,1063.797,1063.797,0,1,919.513525061451,0,0,1
0.98,50,400,57.7834749385489,919.513525061451,86.5,0,223,840.797,1063.797,1063.797,0,1,919.513525061451,0,0,1
0.981,50,400,57.7834749385489,919.513525061451,86.5,0,223,840.797,1063.797,1063.797,0,1,919.513525061451,0,0,1
0.982,50,400,57.7834749385489,919.513525061451,86.5,0,223,840.797,1063.797,1063.797,0,1,919.513525061451,0,0,1
0.983,50,400,57.7834749385489,919.513525061451,86.5,0,223,840.797,1063.797,1063.797,0,1,919.513525061451,0,0,1
0.984,50,400,57.7834749385489,919.513525061451,86.5,0,223,840.797,1063.797,1063.797,0,1,919.513525061451,0,0,1
0.985,50,400,57.7834749385489,919.513525061451,86.5,0,223,840.797,1063.797,1063.797,0,1,919.513525061451,0,0,1
0.986,50,400,57.7834749385489,919.513525061451,86.5,0,223,840.797,1063.797,1063.797,0,1,919.513525061451,0,0,1
0.987,50,400,57.7834749385489,919.513525061451,86.5,0,223,840.797,1063.797,1063.797,0,1,919.513525061451,0,0,1
0.988,50,400,57.7834749385489,919.513525061451,86.5,0,223,840.797,1063.797,1063.797,0,1,919.513525061451,0,0,1
0.989,50,400,57.7834749385489,919.513525061451,86.5,0,223,840.797,1063.797,1063.797,0,1,919.513525061451,0,0,1
0.99,50,400,57.7834749385489,919.513525061451,86.5,0,223,840.797,1063.797,1063.797,0,1,919.513525061451,0,0,1
0.991,50,400,57.7834749385489,919.513525061451,86.5,0,223,840.797,1063.797,1063.797,0,1,919.513525061451,0,0,1
0.992,50,400,57.7834749385489,919.513525061451,86.5,0,223,840.797,1063.797,1063.797,0,1,919.513525061451,0,0,1
0.993,50,400,57.7834749385489,919.513525061451,86.5,0,223,840.797,1063.797,1063.797,0,1,919.513525061451,0,0,1
0.994,50,400,57.7834749385489,919.513525061451,86.5,0,223,840.797,1063.797,1063.797,0,1,919.513525061451,0,0,1
0.995,50,400,57.7834749385489,919.513525061451,86.5,0,223,840.797,1063.797,1063.797,0,1,919.513525061451,0,0,1
0.996,50,400,57.7834749385489,919.513525061451,86.5,0,223,840.797,1063.797,1063.797,0,1,919.513525061451,0,0,1
0.997,50,400,57.7834749385489,919.513525061451,86.5,0,223,840.797,1063.797,1063.797,0,1,919.513525061451,0,0,1
0.998,50,400,57.7834749385489,919.513525061451,86.5,0,223,840.797,1063.797,1063.797,0,1,919.513525061451,0,0,1
0.999,50,400,57.7834749385489,919.513525061451,86.5,0,223,840.797,1063.797,1063.797,0,1,919.513525061451,0,0,1
1,50,400,57.7834749385489,919.513525061451,86.5,0,223,840.797,1063.797,1063.797,0,1,919.513525061451,0,0,1
1.001,50,400,57.7834749385489,919.513525061451,86.5,0,223,840.797,1063.797,1063.797,0,1,919.513525061451,0,0,1
1.002,50,400,57.7834749385489,919.513525061451,86.5,0,223,840.797,1063.797,1063.797,0,1,919.513525061451,0,0,1
1.003,50,400,57.7834749385489,919.513525061451,86.5,0,223,840.797,1063.797,1063.797,0,1,919.513525061451,0,0,1
1.004,50,400,57.7834749385489,919.513525061451,86.5,0,223,840.797,1063.797,1063.797,0,1,919.513525061451,0,0,1
1.005,50,400,57.7834749385489,919.513525061451,86.5,0,223,840.797,1063.797,1063.797,0,1,919.513525061451,0,0,1
1.006,50,400,57.7834749385489,919.513525061451,86.5,0,223,840.797,1063.797,1063.797,0,1,919.513525061451,0,0,1
1.007,50,400,57.7834749385489,919.513525061451,86.5,0,223,840.797,1063.797,1063.797,0,1,919.513525061451,0,0,1
1.008,50,400,57.7834749385489,919.513525061451,86.5,0,223,840.797,1063.797,1063.797,0,1,919.513525061451,0,0,1
1.009,50,400,57.7834749385489,919.513525061451,86.5,0,223,840.797,1063.797,1063.797,0,1,919.513525061451,0,0,1
1.01,50,400,57.7834749385489,919.513525061451,86.5,0,223,840.797,1063.797,1063.797,0,1,919.513525061451,0,0,1
1.011,50,400,57.7834749385489,919.513525061451,86.5,0,223,840.797,1063.797,1063.797,0,1,919.513525061451,0,0,1
1.012,50,400,57.7834749385489,919.513525061451,86.5,0,223,840.797,1063.797,1063.797,0,1,919.513525061451,0,0,1
1.013,50,400,57.7834749385489,919.513525061451,86.5,0,223,840.797,1063.797,1063.797,0,1,919.513525061451,0,0,1
1.014,50,400,57.7834749385489,919.513525061451,86.5,0,223,840.797,1063.797,1063.797,0,1,919.513525061451,0,0,1
1.015,50,400,57.7834749385489,919.513525061451,86.5,0,223,840.797,1063.797,1063.797,0,1,919.513525061451,0,0,1
1.016,50,400,57.7834749385489,919.513525061451,86.5,0,223,840.797,1063.797,1063.797,0,1,919.513525061451,0,0,1
1.017,50,400,57.7834749385489,919.513525061451,86.5,0,223,840.797,1063.797,1063.797,0,1,919.513525061451,0,0,1
1.018,50,400,57.7834749385489,919.513525061451,86.5,0,223,840.797,1063.797,1063.797,0,1,919.513525061451,0,0,1
1.019,50,400,57.7834749385489,919.513525061451,86.5,0,223,840.797,1063.797,1063.797,0,1,919.513525061451,0,0,1
1.02,50,400,57.7834749385489,919.513525061451,86.5,0,223,840.797,1063.797,1063.797,0,1,919.513525061451,0,0,1
1.021,50,400,57.7834749385489,919.513525061451,86.5,0,223,840.797,1063.797,1063.797,0,1,919.513525061451,0,0,1
1.022,50,400,57.7834749385489,919.513525061451,86.5,0,223,840.797,1063.797,1063.797,0,1,919.513525061451,0,0,1
1.023,50,400,57.7834749385489,919.513525061451,86.5,0,223,840.797,1063.797,1063.797,0,1,919.513525061451,0,0,1
1.024,50,400,57.7834749385489,919.513525061451,86.5,0,223,840.797,1063.797,1063.797,0,1,919.513525061451,0,0,1
1.025,50,400,57.7834749385489,919.513525061451,86.5,0,223,840.797,1063.797,1063.797,0,1,919.513525061451,0,0,1
1.026,50,400,57.7834749385489,919.513525061451,86.5,0,223,840.797,1063.797,1063.797,0,1,919.513525061451,0,0,1
1.027,50,400,57.7834749385489,919.513525061451,86.5,0,223,840.797,1063.797,1063.797,0,1,919.513525061451,0,0,1
1.028,50,400,57.7834749385489,919.513525061451,86.5,0,223,840.797,1063.797,1063.797,0,1,919.513525061451,0,0,1
1.029,50,400,57.7834749385489,919.513525061451,86.5,0,223,840.797,1063.797,1063.797,0,1,919.513525061451,0,0,1
1.03,50,400,57.7834749385489,919.513525061451,86.5,0,223,840.797,1063.797,1063.797,0,1,919.513525061451,0,0,1
1.031,50,400,57.7834749385489,919.513525061451,86.5,0,223,840.797,1063.797,1063.797,0,1,919.513525061451,0,0,1
1.032,50,400,57.7834749385489,919.513525061451,86.5,0,223,840.797,1063.797,1063.797,0,1,919.513525061451,0,0,1
1.033,50,400,57.7834749385489,919.513525061451,86.5,0,223,840.797,1063.797,1063.797,0,1,919.513525061451,0,0,1
1.034,50,400,57.7834749385489,919.513525061451,86.5,0,223,840.797,1063.797,1063.797,0,1,919.513525061451,0,0,1
1.035,50,400,57.7834749385489,919.513525061451,86.5,0,223,840.797,1063.797,1063.797,0,1,919.513525061451,0,0,1
1.036,50,400,57.7834749385489,919.513525061451,86.5,0,223,840.797,1063.797,1063.797,0,1,919.513525061451,0,0,1
1.037,50,400,57.7834749385489,919.513525061451,86.5,0,223,840.797,1063.797,1063.797,0,1,919.513525061451,0,0,1
1.038,50,400,57.7834749385489,919.513525061451,86.5,0,223,840.797,1063.797,1063.797,0,1,919.513525061451,0,0,1
1.039,50,400,57.7834749385489,919.513525061451,86.5,0,223,840.797,1063.797,1063.797,0,1,919.513525061451,0,0,1
1.04,50,400,57.7834749385489,919.513525061451,86.5,0,223,840.797,1063.797,1063.797,0,1,919.513525061451,0,0,1
1.041,50,400,57.7834749385489,919.513525061451,86.5,0,223,840.797,1063.797,1063.797,0,1,919.513525061451,0,0,1
1.042,50,400,57.7834749385489,919.513525061451,86.5,0,223,840.797,1063.797,1063.797,0,1,919.513525061451,0,0,1
1.043,50,400,57.7834749385489,919.513525061451,86.5,0,223,840.797,1063.797,1063.797,0,1,919.513525061451,0,0,1
1.044,50,400,57.7834749385489,919.513525061451,86.5,0,223,840.797,1063.797,1063.797,0,1,919.513525061451,0,0,1
1.045,50,400,57.7834749385489,919.513525061451,86.5,0,223,840.797,1063.797,1063.797,0,1,919.513525061451,0,0,1
1.046,50,400,57.7834749385489,919.513525061451,86.5,0,223,840.797,1063.797,1063.797,0,1,919.513525061451,0,0,1
1.047,50,400,57.7834749385489,919.513525061451,86.5,0,223,840.797,1063.797,1063.797,0,1,919.513525061451,0,0,1
1.048,50,400,57.7834749385489,919.513525061451,86.5,0,223,840.797,1063.797,1063.797,0,1,919.513525061451,0,0,1
1.049,50,400,57.7834749385489,919.513525061451,86.5,0,223,840.797,1063.797,1063.797,0,1,919.513525061451,0,0,1
1.05,50,400,57.7834749385489,919.513525061451,86.5,0,223,840.797,1063.797,1063.797,0,1,919.513525061451,0,0,1
1.051,50,400,57.7834749385489,919.513525061451,86.5,0,223,840.797,1063.797,1063.797,0,1,919.513525061451,0,0,1
1.052,50,400,57.7834749385489,919.513525061451,86.5,0,223,840.797,1063.797,1063.797,0,1,919.513525061451,0,0,1
1.053,50,400,57.7834749385489,919.513525061451,86.5,0,223,840.797,1063.797,1063.797,0,1,919.513525061451,0,0,1
1.054,50,400,57.7834749385489,919.513525061451,86.5,0,223,840.797,1063.797,1063.797,0,1,919.513525061451,0,0,1
1.055,50,400,57.7834749385489,919.513525061451,86.5,0,223,840.797,1063.797,1063.797,0,1,919.513525061451,0,0,1
1.056,50,400,57.7834749385489,919.513525061451,86.5,0,223,840.797,1063.797,1063.797,0,1,919.513525061451,0,0,1
1.057,50,400,57.7834749385489,919.513525061451,86.5,0,223,840.797,1063.797,1063.797,0,1,919.513525061451,0,0,1
1.058,50,400,57.7834749385489,919.513525061451,86.5,0,223,840.797,1063.797,1063.797,0,1,919.513525061451,0,0,1
1.059,50,400,57.7834749385489,919.513525061451,86.5,0,223,840.797,1063.797,1063.797,0,1,919.513525061451,0,0,1
1.06,50,400,57.7834749385489,919.513525061451,86.5,0,223,840.797,1063.797,1063.797,0,1,919.513525061451,0,0,1
1.061,50,400,57.7834749385489,919.513525061451,86.5,0,223,840.797,1063.797,1063.797,0,1,919.513525061451,0,0,1
1.062,50,400,57.7834749385489,919.513525061451,86.5,0,223,840.797,1063.797,1063.797,0,1,919.513525061451,0,0,1
1.063,50,400,57.7834749385489,919.513525061451,86.5,0,223,840.797,1063.797,1063.797,0,1,919.513525061451,0,0,1
1.064,50,400,57.7834749385489,919.513525061451,86.5,0,223,840.797,1063.797,1063.797,0,1,919.513525061451,0,0,1
1.065,50,400,57.7834749385489,919.513525061451,86.5,0,223,840.797,1063.797,1063.797,0,1,919.513525061451,0,0,1
1.066,50,400,57.7834749385489,919.513525061451,86.5,0,223,840.797,1063.797,1063.797,0,1,919.513525061451,0,0,1
1.067,50,400,57.7834749385489,919.513525061451,86.5,0,223,840.797,1063.797,1063.797,0,1,919.513525061451,0,0,1
1.068,50,400,57.7834749385489,919.513525061451,86.5,0,223,840.797,1063.797,1063.797,0,1,919.513525061451,0,0,1
1.069,50,400,57.7834749385489,919.513525061451,86.5,0,223,840.797,1063.797,1063.797,0,1,919.513525061451,0,0,1
1.07,50,400,57.7834749385489,919.513525061451,86.5,0,223,840.797,1063.797,1063.797,0,1,919.513525061451,0,0,1
1.071,50,400,57.7834749385489,919.513525061451,86.5,0,223,840.797,1063.797,1063.797,0,1,919.513525061451,0,0,1
1.072,50,400,57.7834749385489,919.513525061451,86.5,0,223,840.797,1063.797,1063.797,0,1,919.513525061451,0,0,1
1.073,50,400,57.7834749385489,919.513525061451,86.5,0,223,840.797,1063.797,1063.797,0,1,919.513525061451,0,0,1
1.074,50,400,57.7834749385489,919.513525061451,86.5,0,223,840.797,1063.797,1063.797,0,1,919.513525061451,0,0,1
1.075,50,400,57.7834749385489,919.513525061451,86.5,0,223,840.797,1063.797,1063.797,0,1,919.513525061451,0,0,1
1.076,50,400,57.7834749385489,919.513525061451,86.5,0,223,840.797,1063.797,1063.797,0,1,919.513525061451,0,0,1
1.077,50,400,57.7834749385489,919.513525061451,86.5,0,223,840.797,1063.797,1063.797,0,1,919.513525061451,0,0,1
1.078,50,400,57.7834749385489,919.513525061451,86.5,0,223,840.797,1063.797,1063.797,0,1,919.513525061451,0,0,1
1.079,50,400,57.7834749385489,919.513525061451,86.5,0,223,840.797,1063.797,1063.797,0,1,919.513525061451,0,0,1
1.08,50,400,57.7834749385489,919.513525061451,86.5,0,223,840.797,1063.797,1063.797,0,1,919.513525061451,0,0,1
1.081,50,400,57.7834749385489,919.513525061451,86.5,0,223,840.797,1063.797,1063.797,0,1,919.513525061451,0,0,1
1.082,50,400,57.7834749385489,919.513525061451,86.5,0,223,840.797,1063.797,1063.797,0,1,919.513525061451,0,0,1
1.083,50,400,57.7834749385489,919.513525061451,86.5,0,223,840.797,1063.797,1063.797,0,1,919.513525061451,0,0,1
1.084,50,400,57.7834749385489,919.513525061451,86.5,0,223,840.797,1063.797,1063.797,0,1,919.513525061451,0,0,1
1.085,50,400,57.7834749385489,919.513525061451,86.5,0,223,840.797,1063.797,1063.797,0,1,919.513525061451,0,0,1
1.086,50,400,57.7834749385489,919.513525061451,86.5,0,223,840.797,1063.797,1063.797,0,1,919.513525061451,0,0,1
1.087,50,400,57.7834749385489,919.513525061451,86.5,0,223,840.797,1063.797,1063.797,0,1,919.513525061451,0,0,1
1.088,50,400,57.7834749385489,919.513525061451,86.5,0,223,840.797,1063.797,1063.797,0,1,919.513525061451,0,0,1
1.089,50,400,57.7834749385489,919.513525061451,86.5,0,223,840.797,1063.797,1063.797,0,1,919.513525061451,0,0,1
1.09,50,400,57.7834749385489,919.513525061451,86.5,0,223,840.797,1063.797,1063.797,0,1,919.513525061451,0,0,1
1.091,50,400,57.7834749385489,919.513525061451,86.5,0,223,840.797,1063.797,1063.797,0,1,919.513525061451,0,0,1
1.092,50,400,57.7834749385489,919.513525061451,86.5,0,223,840.797,1063.797,1063.797,0,1,919.513525061451,0,0,1
1.093,50,400,57.7834749385489,919.513525061451,86.5,0,223,840.797,1063.797,1063.797,0,1,919.513525061451,0,0,1
1.094,50,400,57.7834749385489,919.513525061451,86.5,0,223,840.797,1063.797,1063.797,0,1,919.513525061451,0,0,1
1.095,50,400,57.7834749385489,919.513525061451,86.5,0,223,840.797,1063.797,1063.797,0,1,919.513525061451,0,0,1
1.096,50,400,57.7834749385489,919.513525061451,86.5,0,223,840.797,1063.797,1063.797,0,1,919.513525061451,0,0,1
1.097,50,400,57.7834749385489,919.513525061451,86.5,0,223,840.797,1063.797,1063.797,0,1,919.513525061451,0,0,1
1.098,50,400,57.7834749385489,919.513525061451,86.5,0,223,840.797,1063.797,1063.797,0,1,919.513525061451,0,0,1
1.099,50,400,57.7834749385489,919.513525061451,86.5,0,223,840.797,1063.797,1063.797,0,1,919.513525061451,0,0,1
1.1,50,400,57.7834749385489,919.513525061451,86.5,0,223,840.797,1063.797,1063.797,0,1,919.513525061451,0,0,1
1.101,50,400,57.7834749385489,919.513525061451,86.5,0,223,840.797,1063.797,1063.797,0,1,919.513525061451,0,0,1
1.102,50,400,57.7834749385489,919.513525061451,86.5,0,223,840.797,1063.797,1063.797,0,1,919.513525061451,0,0,1
1.103,50,400,57.7834749385489,919.513525061451,86.5,0,223,840.797,1063.797,1063.797,0,1,919.513525061451,0,0,1
1.104,50,400,57.7834749385489,919.513525061451,86.5,0,223,840.797,1063.797,1063.797,0,1,919.513525061451,0,0,1
1.105,50,400,57.7834749385489,919.513525061451,86.5,0,223,840.797,1063.797,1063.797,0,1,919.513525061451,0,0,1
1.106,50,400,57.7834749385489,919.513525061451,86.5,0,223,840.797,1063.797,1063.797,0,1,919.513525061451,0,0,1
1.107,50,400,57.7834749385489,919.513525061451,86.5,0,223,840.797,1063.797,1063.797,0,1,919.513525061451,0,0,1
1.108,50,400,57.7834749385489,919.513525061451,86.5,0,223,840.797,1063.797,1063.797,0,1,919.513525061451,0,0,1
1.109,50,400,57.7834749385489,919.513525061451,86.5,0,223,840.797,1063.797,1063.797,0,1,919.513525061451,0,0,1
1.11,50,400,57.7834749385489,919.513525061451,86.5,0,223,840.797,1063.797,1063.797,0,1,919.513525061451,0,0,1
1.111,50,400,57.7834749385489,919.513525061451,86.5,0,223,840.797,1063.797,1063.797,0,1,919.513525061451,0,0,1
1.112,50,400,57.7834749385489,919.513525061451,86.5,0,223,840.797,1063.797,1063.797,0,1,919.513525061451,0,0,1
1.113,50,400,57.7834749385489,919.513525061451,86.5,0,223,840.797,1063.797,1063.797,0,1,919.513525061451,0,0,1
1.114,50,400,57.7834749385489,919.513525061451,86.5,0,223,840.797,1063.797,1063.797,0,1,919.513525061451,0,0,1
1.115,50,400,57.7834749385489,919.513525061451,86.5,0,223,840.797,1063.797,1063.797,0,1,919.513525061451,0,0,1
1.116,50,400,57.7834749385489,919.513525061451,86.5,0,223,840.797,1063.797,1063.797,0,1,919.513525061451,0,0,1
1.117,50,400,57.7834749385489,919.513525061451,86.5,0,223,840.797,1063.797,1063.797,0,1,919.513525061451,0,0,1
1.118,50,400,57.7834749385489,919.513525061451,86.5,0,223,840.797,1063.797,1063.797,0,1,919.513525061451,0,0,1
1.119,50,400,57.7834749385489,919.513525061451,86.5,0,223,840.797,1063.797,1063.797,0,1,919.513525061451,0,0,1
1.12,50,400,57.7834749385489,919.513525061451,86.5,0,223,840.797,1063.797,1063.797,0,1,919.513525061451,0,0,1
1.121,50,400,57.7834749385489,919.513525061451,86.5,0,223,840.797,1063.797,1063.797,0,1,919.513525061451,0,0,1
1.122,50,400,57.7834749385489,919.513525061451,86.5,0,223,840.797,1063.797,1063.797,0,1,919.513525061451,0,0,1
1.123,50,400,57.7834749385489,919.513525061451,86.5,0,223,840.797,1063.797,1063.797,0,1,919.513525061451,0,0,1
1.124,50,400,57.7834749385489,919.513525061451,86.5,0,223,840.797,1063.797,1063.797,0,1,919.513525061451,0,0,1
1.125,50,400,57.7834749385489,919.513525061451,86.5,0,223,840.797,1063.797,1063.797,0,1,919.513525061451,0,0,1
1.126,50,400,57.7834749385489,919.513525061451,86.5,0,223,840.797,1063.797,1063.797,0,1,919.513525061451,0,0,1
1.127,50,400,57.7834749385489,919.513525061451,86.5,0,223,840.797,1063.797,1063.797,0,1,919.513525061451,0,0,1
1.128,50,400,57.7834749385489,919.513525061451,86.5,0,223,840.797,1063.797,1063.797,0,1,919.513525061451,0,0,1
1.129,50,400,57.7834749385489,919.513525061451,86.5,0,223,840.797,1063.797,1063.797,0,1,919.513525061451,0,0,1
1.13,50,400,57.7834749385489,919.513525061451,86.5,0,223,840.797,1063.797,1063.797,0,1,919.513525061451,0,0,1
1.131,50,400,57.7834749385489,919.513525061451,86.5,0,223,840.797,1063.797,1063.797,0,1,919.513525061451,0,0,1
1.132,50,400,57.7834749385489,919.513525061451,86.5,0,223,840.797,1063.797,1063.797,0,1,919.513525061451,0,0,1
1.133,50,400,57.7834749385489,919.513525061451,86.5,0,223,840.797,1063.797,1063.797,0,1,919.513525061451,0,0,1
1.134,50,400,57.7834749385489,919.513525061451,86.5,0,223,840.797,1063.797,1063.797,0,1,919.513525061451,0,0,1
1.135,50,400,57.7834749385489,919.513525061451,86.5,0,223,840.797,1063.797,1063.797,0,1,919.513525061451,0,0,1
1.136,50,400,57.7834749385489,919.513525061451,86.5,0,223,840.797,1063.797,1063.797,0,1,919.513525061451,0,0,1
1.137,50,400,57.7834749385489,919.513525061451,86.5,0,223,840.797,1063.797,1063.797,0,1,919.513525061451,0,0,1
1.138,50,400,57.7834749385489,919.513525061451,86.5,0,223,840.797,1063.797,1063.797,0,1,919.513525061451,0,0,1
1.139,50,400,57.7834749385489,919.513525061451,86.5,0,223,840.797,1063.797,1063.797,0,1,919.513525061451,0,0,1
1.14,50,400,57.7834749385489,919.513525061451,86.5,0,223,840.797,1063.797,1063.797,0,1,919.513525061451,0,0,1
1.141,50,400,57.7834749385489,919.513525061451,86.5,0,223,840.797,1063.797,1063.797,0,1,919.513525061451,0,0,1
1.142,50,400,57.7834749385489,919.513525061451,86.5,0,223,840.797,1063.797,1063.797,0,1,919.513525061451,0,0,1
1.143,50,400,57.7834749385489,919.513525061451,86.5,0,223,840.797,1063.797,1063.797,0,1,919.513525061451,0,0,1
1.144,50,400,57.7834749385489,919.513525061451,86.5,0,223,840.797,1063.797,1063.797,0,1,919.513525061451,0,0,1
1.145,50,400,57.7834749385489,919.513525061451,86.5,0,223,840.797,1063.797,1063.797,0,1,919.513525061451,0,0,1
1.146,50,400,57.7834749385489,919.513525061451,86.5,0,223,840.797,1063.797,1063.797,0,1,919.513525061451,0,0,1
1.147,50,400,57.7834749385489,919.513525061451,86.5,0,223,840.797,1063.797,1063.797,0,1,919.513525061451,0,0,1
1.148,50,400,57.7834749385489,919.513525061451,86.5,0,223,840.797,1063.797,1063.797,0,1,919.513525061451,0,0,1
1.149,50,400,57.7834749385489,919.513525061451,86.5,0,223,840.797,1063.797,1063.797,0,1,919.513525061451,0,0,1
1.15,50,400,57.7834749385489,919.513525061451,86.5,0,223,840.797,1063.797,1063.797,0,1,919.513525061451,0,0,1
1.151,50,400,57.7834749385489,919.513525061451,86.5,0,223,840.797,1063.797,1063.797,0,1,919.513525061451,0,0,1
1.152,50,400,57.7834749385489,919.513525061451,86.5,0,223,840.797,1063.797,1063.797,0,1,919.513525061451,0,0,1
1.153,50,400,57.7834749385489,919.513525061451,86.5,0,223,840.797,1063.797,1063.797,0,1,919.513525061451,0,0,1
1.154,50,400,57.7834749385489,919.513525061451,86.5,0,223,840.797,1063.797,1063.797,0,1,919.513525061451,0,0,1
1.155,50,400,57.7834749385489,919.513525061451,86.5,0,223,840.797,1063.797,1063.797,0,1,919.513525061451,0,0,1
1.156,50,400,57.7834749385489,919.513525061451,86.5,0,223,840.797,1063.797,1063.797,0,1,919.513525061451,0,0,1
1.157,50,400,57.7834749385489,919.513525061451,86.5,0,223,840.797,1063.797,1063.797,0,1,919.513525061451,0,0,1
1.158,50,400,57.7834749385489,919.513525061451,86.5,0,223,840.797,1063.797,1063.797,0,1,919.513525061451,0,0,1
1.159,50,400,57.7834749385489,919.513525061451,86.5,0,223,840.797,1063.797,1063.797,0,1,919.513525061451,0,0,1
1.16,50,400,57.7834749385489,919.513525061451,86.5,0,223,840.797,1063.797,1063.797,0,1,919.513525061451,0,0,1
1.161,50,400,57.7834749385489,919.513525061451,86.5,0,223,840.797,1063.797,1063.797,0,1,919.513525061451,0,0,1
1.162,50,400,57.7834749385489,919.513525061451,86.5,0,223,840.797,1063.797,1063.797,0,1,919.513525061451,0,0,1
1.163,50,400,57.7834749385489,919.513525061451,86.5,0,223,840.797,1063.797,1063.797,0,1,919.513525061451,0,0,1
1.164,50,400,57.7834749385489,919.513525061451,86.5,0,223,840.797,1063.797,1063.797,0,1,919.513525061451,0,0,1
1.165,50,400,57.7834749385489,919.513525061451,86.5,0,223,840.797,1063.797,1063.797,0,1,919.513525061451,0,0,1
1.166,50,400,57.7834749385489,919.513525061451,86.5,0,223,840.797,1063.797,1063.797,0,1,919.513525061451,0,0,1
1.167,50,400,57.7834749385489,919.513525061451,86.5,0,223,840.797,1063.797,1063.797,0,1,919.513525061451,0,0,1
1.168,50,400,57.7834749385489,919.513525061451,86.5,0,223,840.797,1063.797,1063.797,0,1,919.513525061451,0,0,1
1.169,50,400,57.7834749385489,919.513525061451,86.5,0,223,840.797,1063.797,1063.797,0,1,919.513525061451,0,0,1
1.17,50,400,57.7834749385489,919.513525061451,86.5,0,223,840.797,1063.797,1063.797,0,1,919.513525061451,0,0,1
1.171,50,400,57.7834749385489,919.513525061451,86.5,0,223,840.797,1063.797,1063.797,0,1,919.513525061451,0,0,1
1.172,50,400,57.7834749385489,919.513525061451,86.5,0,223,840.797,1063.797,1063.797,0,1,919.513525061451,0,0,1
1.173,50,400,57.7834749385489,919.513525061451,86.5,0,223,840.797,1063.797,1063.797,0,1,919.513525061451,0,0,1
1.174,50,400,57.7834749385489,919.513525061451,86.5,0,223,840.797,1063.797,1063.797,0,1,919.513525061451,0,0,1
1.175,50,400,57.7834749385489,919.513525061451,86.5,0,223,840.797,1063.797,1063.797,0,1,919.513525061451,0,0,1
1.176,50,400,57.7834749385489,919.513525061451,86.5,0,223,840.797,1063.797,1063.797,0,1,919.513525061451,0,0,1
1.177,50,400,57.7834749385489,919.513525061451,86.5,0,223,840.797,1063.797,1063.797,0,1,919.513525061451,0,0,1
1.178,50,400,57.7834749385489,919.513525061451,86.5,0,223,840.797,1063.797,1063.797,0,1,919.513525061451,0,0,1
1.179,50,400,57.7834749385489,919.513525061451,86.5,0,223,840.797,1063.797,1063.797,0,1,919.513525061451,0,0,1
1.18,50,400,57.7834749385489,919.513525061451,86.5,0,223,840.797,1063.797,1063.797,0,1,919.513525061451,0,0,1
1.181,50,400,57.7834749385489,919.513525061451,86.5,0,223,840.797,1063.797,1063.797,0,1,919.513525061451,0,0,1
1.182,50,400,57.7834749385489,919.513525061451,86.5,0,223,840.797,1063.797,1063.797,0,1,919.513525061451,0,0,1
1.183,50,400,57.7834749385489,919.513525061451,86.5,0,223,840.797,1063.797,1063.797,0,1,919.513525061451,0,0,1
1.184,50,400,57.7834749385489,919.513525061451,86.5,0,223,840.797,1063.797,1063.797,0,1,919.513525061451,0,0,1
1.185,50,400,57.7834749385489,919.513525061451,86.5,0,223,840.797,1063.797,1063.797,0,1,919.513525061451,0,0,1
1.186,50,400,57.7834749385489,919.513525061451,86.5,0,223,840.797,1063.797,1063.797,0,1,919.513525061451,0,0,1
1.187,50,400,57.7834749385489,919.513525061451,86.5,0,223,840.797,1063.797,1063.797,0,1,919.513525061451,0,0,1
1.188,50,400,57.7834749385489,919.513525061451,86.5,0,223,840.797,1063.797,1063.797,0,1,919.513525061451,0,0,1
1.189,50,400,57.7834749385489,919.513525061451,86.5,0,223,840.797,1063.797,1063.797,0,1,919.513525061451,0,0,1
1.19,50,400,57.7834749385489,919.513525061451,86.5,0,223,840.797,1063.797,1063.797,0,1,919.513525061451,0,0,1
1.191,50,400,57.7834749385489,919.513525061451,86.5,0,223,840.797,1063.797,1063.797,0,1,919.513525061451,0,0,1
1.192,50,400,57.7834749385489,919.513525061451,86.5,0,223,840.797,1063.797,1063.797,0,1,919.513525061451,0,0,1
1.193,50,400,57.7834749385489,919.513525061451,86.5,0,223,840.797,1063.797,1063.797,0,1,919.513525061451,0,0,1
1.194,50,400,57.7834749385489,919.513525061451,86.5,0,223,840.797,1063.797,1063.797,0,1,919.513525061451,0,0,1
1.195,50,400,57.7834749385489,919.513525061451,86.5,0,223,840.797,1063.797,1063.797,0,1,919.513525061451,0,0,1
1.196,50,400,57.7834749385489,919.513525061451,86.5,0,223,840.797,1063.797,1063.797,0,1,919.513525061451,0,0,1
1.197,50,400,57.7834749385489,919.513525061451,86.5,0,223,840.797,1063.797,1063.797,0,1,919.513525061451,0,0,1
1.198,50,400,57.7834749385489,919.513525061451,86.5,0,223,840.797,1063.797,1063.797,0,1,919.513525061451,0,0,1
1.199,50,400,57.7834749385489,919.513525061451,86.5,0,223,840.797,1063.797,1063.797,0,1,919.513525061451,0,0,1
1.2,50,400,57.7834749385489,919.513525061451,86.5,0,223,840.797,1063.797,1063.797,0,1,919.513525061451,0,0,1
1.201,50,400,57.7834749385489,919.513525061451,86.5,0,223,840.797,1063.797,1063.797,0,1,919.513525061451,0,0,1
1.202,50,400,57.7834749385489,919.513525061451,86.5,0,223,840.797,1063.797,1063.797,0,1,919.513525061451,0,0,1
1.203,50,400,57.7834749385489,919.513525061451,86.5,0,223,840.797,1063.797,1063.797,0,1,919.513525061451,0,0,1
1.204,50,400,57.7834749385489,919.513525061451,86.5,0,223,840.797,1063.797,1063.797,0,1,919.513525061451,0,0,1
1.205,50,400,57.7834749385489,919.513525061451,86.5,0,223,840.797,1063.797,1063.797,0,1,919.513525061451,0,0,1
1.206,50,400,57.7834749385489,919.513525061451,86.5,0,223,840.797,1063.797,1063.797,0,1,919.513525061451,0,0,1
1.207,50,400,57.7834749385489,919.513525061451,86.5,0,223,840.797,1063.797,1063.797,0,1,919.513525061451,0,0,1
1.208,50,400,57.7834749385489,919.513525061451,86.5,0,223,840.797,1063.797,1063.797,0,1,919.513525061451,0,0,1
1.209,50,400,57.7834749385489,919.513525061451,86.5,0,223,840.797,1063.797,1063.797,0,1,919.513525061451,0,0,1
1.21,50,400,57.7834749385489,919.513525061451,86.5,0,223,840.797,1063.797,1063.797,0,1,919.513525061451,0,0,1
1.211,50,400,57.7834749385489,919.513525061451,86.5,0,223,840.797,1063.797,1063.797,0,1,919.513525061451,0,0,1
1.212,50,400,57.7834749385489,919.513525061451,86.5,0,223,840.797,1063.797,1063.797,0,1,919.513525061451,0,0,1
1.213,50,400,57.7834749385489,919.513525061451,86.5,0,223,840.797,1063.797,1063.797,0,1,919.513525061451,0,0,1
1.214,50,400,57.7834749385489,919.513525061451,86.5,0,223,840.797,1063.797,1063.797,0,1,919.513525061451,0,0,1
1.215,50,400,57.7834749385489,919.513525061451,86.5,0,223,840.797,1063.797,1063.797,0,1,919.513525061451,0,0,1
1.216,50,400,57.7834749385489,919.513525061451,86.5,0,223,840.797,1063.797,1063.797,0,1,919.513525061451,0,0,1
1.217,50,400,57.7834749385489,919.513525061451,86.5,0,223,840.797,1063.797,1063.797,0,1,919.513525061451,0,0,1
1.218,50,400,57.7834749385489,919.513525061451,86.5,0,223,840.797,1063.797,1063.797,0,1,919.513525061451,0,0,1
1.219,50,400,57.7834749385489,919.513525061451,86.5,0,223,840.797,1063.797,1063.797,0,1,919.513525061451,0,0,1
1.22,50,400,57.7834749385489,919.513525061451,86.5,0,223,840.797,1063.797,1063.797,0,1,919.513525061451,0,0,1
1.221,50,400,57.7834749385489,919.513525061451,86.5,0,223,840.797,1063.797,1063.797,0,1,919.513525061451,0,0,1
1.222,50,400,57.7834749385489,919.513525061451,86.5,0,223,840.797,1063.797,1063.797,0,1,919.513525061451,0,0,1
1.223,50,400,57.7834749385489,919.513525061451,86.5,0,223,840.797,1063.797,1063.797,0,1,919.513525061451,0,0,1
1.224,50,400,57.7834749385489,919.513525061451,86.5,0,223,840.797,1063.797,1063.797,0,1,919.513525061451,0,0,1
1.225,50,400,57.7834749385489,919.513525061451,86.5,0,223,840.797,1063.797,1063.797,0,1,919.513525061451,0,0,1
1.226,50,400,57.7834749385489,919.513525061451,86.5,0,223,840.797,1063.797,1063.797,0,1,919.513525061451,0,0,1
1.227,50,400,57.7834749385489,919.513525061451,86.5,0,223,840.797,1063.797,1063.797,0,1,919.513525061451,0,0,1
1.228,50,400,57.7834749385489,919.513525061451,86.5,0,223,840.797,1063.797,1063.797,0,1,919.513525061451,0,0,1
1.229,50,400,57.7834749385489,919.513525061451,86.5,0,223,840.797,1063.797,1063.797,0,1,919.513525061451,0,0,1
1.23,50,400,57.7834749385489,919.513525061451,86.5,0,223,840.797,1063.797,1063.797,0,1,919.513525061451,0,0,1
1.231,50,400,57.7834749385489,919.513525061451,86.5,0,223,840.797,1063.797,1063.797,0,1,919.513525061451,0,0,1
1.232,50,400,57.7834749385489,919.513525061451,86.5,0,223,840.797,1063.797,1063.797,0,1,919.513525061451,0,0,1
1.233,50,400,57.7834749385489,919.513525061451,86.5,0,223,840.797,1063.797,1063.797,0,1,919.513525061451,0,0,1
1.234,50,400,57.7834749385489,919.513525061451,86.5,0,223,840.797,1063.797,1063.797,0,1,919.513525061451,0,0,1
1.235,50,400,57.7834749385489,919.513525061451,86.5,0,223,840.797,1063.797,1063.797,0,1,919.513525061451,0,0,1
1.236,50,400,57.7834749385489,919.513525061451,86.5,0,223,840.797,1063.797,1063.797,0,1,919.513525061451,0,0,1
1.237,50,400,57.7834749385489,919.513525061451,86.5,0,223,840.797,1063.797,1063.797,0,1,919.513525061451,0,0,1
1.238,50,400,57.7834749385489,919.513525061451,86.5,0,223,840.797,1063.797,1063.797,0,1,919.513525061451,0,0,1
1.239,50,400,57.7834749385489,919.513525061451,86.5,0,223,840.797,1063.797,1063.797,0,1,919.513525061451,0,0,1
1.24,50,400,57.7834749385489,919.513525061451,86.5,0,223,840.797,1063.797,1063.797,0,1,919.513525061451,0,0,1
1.241,50,400,57.7834749385489,919.513525061451,86.5,0,223,840.797,1063.797,1063.797,0,1,919.513525061451,0,0,1
1.242,50,400,57.7834749385489,919.513525061451,86.5,0,223,840.797,1063.797,1063.797,0,1,919.513525061451,0,0,1
1.243,50,400,57.7834749385489,919.513525061451,86.5,0,223,840.797,1063.797,1063.797,0,1,919.513525061451,0,0,1
1.244,50,400,57.7834749385489,919.513525061451,86.5,0,223,840.797,1063.797,1063.797,0,1,919.513525061451,0,0,1
1.245,50,400,57.7834749385489,919.513525061451,86.5,0,223,840.797,1063.797,1063.797,0,1,919.513525061451,0,0,1
1.246,50,400,57.7834749385489,919.513525061451,86.5,0,223,840.797,1063.797,1063.797,0,1,919.513525061451,0,0,1
1.247,50,400,57.7834749385489,919.513525061451,86.5,0,223,840.797,1063.797,1063.797,0,1,919.513525061451,0,0,1
1.248,50,400,57.7834749385489,919.513525061451,86.5,0,223,840.797,1063.797,1063.797,0,1,919.513525061451,0,0,1
1.249,50,400,57.7834749385489,919.513525061451,86.5,0,223,840.797,1063.797,1063.797,0,1,919.513525061451,0,0,1
1.25,50,400,57.7834749385489,919.513525061451,86.5,0,223,840.797,1063.797,1063.797,0,1,919.513525061451,0,0,1
1.251,50,400,57.7834749385489,919.513525061451,86.5,0,223,840.797,1063.797,1063.797,0,1,919.513525061451,0,0,1
1.252,50,400,57.7834749385489,919.513525061451,86.5,0,223,840.797,1063.797,1063.797,0,1,919.513525061451,0,0,1
1.253,50,400,57.7834749385489,919.513525061451,86.5,0,223,840.797,1063.797,1063.797,0,1,919.513525061451,0,0,1
1.254,50,400,57.7834749385489,919.513525061451,86.5,0,223,840.797,1063.797,1063.797,0,1,919.513525061451,0,0,1
1.255,50,400,57.7834749385489,919.513525061451,86.5,0,223,840.797,1063.797,1063.797,0,1,919.513525061451,0,0,1
1.256,50,400,57.7834749385489,919.513525061451,86.5,0,223,840.797,1063.797,1063.797,0,1,919.513525061451,0,0,1
1.257,50,400,57.7834749385489,919.513525061451,86.5,0,223,840.797,1063.797,1063.797,0,1,919.513525061451,0,0,1
1.258,50,400,57.7834749385489,919.513525061451,86.5,0,223,840.797,1063.797,1063.797,0,1,919.513525061451,0,0,1
1.259,50,400,57.7834749385489,919.513525061451,86.5,0,223,840.797,1063.797,1063.797,0,1,919.513525061451,0,0,1
1.26,50,400,57.7834749385489,919.513525061451,86.5,0,223,840.797,1063.797,1063.797,0,1,919.513525061451,0,0,1
1.261,50,400,57.7834749385489,919.513525061451,86.5,0,223,840.797,1063.797,1063.797,0,1,919.513525061451,0,0,1
1.262,50,400,57.7834749385489,919.513525061451,86.5,0,223,840.797,1063.797,1063.797,0,1,919.513525061451,0,0,1
1.263,50,400,57.7834749385489,919.513525061451,86.5,0,223,840.797,1063.797,1063.797,0,1,919.513525061451,0,0,1
1.264,50,400,57.7834749385489,919.513525061451,86.5,0,223,840.797,1063.797,1063.797,0,1,919.513525061451,0,0,1
1.265,50,400,57.7834749385489,919.513525061451,86.5,0,223,840.797,1063.797,1063.797,0,1,919.513525061451,0,0,1
1.266,50,400,57.7834749385489,919.513525061451,86.5,0,223,840.797,1063.797,1063.797,0,1,919.513525061451,0,0,1
1.267,50,400,57.7834749385489,919.513525061451,86.5,0,223,840.797,1063.797,1063.797,0,1,919.513525061451,0,0,1
1.268,50,400,57.7834749385489,919.513525061451,86.5,0,223,840.797,1063.797,1063.797,0,1,919.513525061451,0,0,1
1.269,50,400,57.7834749385489,919.513525061451,86.5,0,223,840.797,1063.797,1063.797,0,1,919.513525061451,0,0,1
1.27,50,400,57.7834749385489,919.513525061451,86.5,0,223,840.797,1063.797,1063.797,0,1,919.513525061451,0,0,1
1.271,50,400,57.7834749385489,919.513525061451,86.5,0,223,840.797,1063.797,1063.797,0,1,919.513525061451,0,0,1
1.272,50,400,57.7834749385489,919.513525061451,86.5,0,223,840.797,1063.797,1063.797,0,1,919.513525061451,0,0,1
1.273,50,400,57.7834749385489,919.513525061451,86.5,0,223,840.797,1063.797,1063.797,0,1,919.513525061451,0,0,1
1.274,50,400,57.7834749385489,919.513525061451,86.5,0,223,840.797,1063.797,1063.797,0,1,919.513525061451,0,0,1
1.275,50,400,57.7834749385489,919.513525061451,86.5,0,223,840.797,1063.797,1063.797,0,1,919.513525061451,0,0,1
1.276,50,400,57.7834749385489,919.513525061451,86.5,0,223,840.797,1063.797,1063.797,0,1,919.513525061451,0,0,1
1.277,50,400,57.7834749385489,919.513525061451,86.5,0,223,840.797,1063.797,1063.797,0,1,919.513525061451,0,0,1
1.278,50,400,57.7834749385489,919.513525061451,86.5,0,223,840.797,1063.797,1063.797,0,1,919.513525061451,0,0,1
1.279,50,400,57.7834749385489,919.513525061451,86.5,0,223,840.797,1063.797,1063.797,0,1,919.513525061451,0,0,1
1.28,50,400,57.7834749385489,919.513525061451,86.5,0,223,840.797,1063.797,1063.797,0,1,919.513525061451,0,0,1
1.281,50,400,57.7834749385489,919.513525061451,86.5,0,223,840.797,1063.797,1063.797,0,1,919.513525061451,0,0,1
1.282,50,400,57.7834749385489,919.513525061451,86.5,0,223,840.797,1063.797,1063.797,0,1,919.513525061451,0,0,1
1.283,50,400,57.7834749385489,919.513525061451,86.5,0,223,840.797,1063.797,1063.797,0,1,919.513525061451,0,0,1
1.284,50,400,57.7834749385489,919.513525061451,86.5,0,223,840.797,1063.797,1063.797,0,1,919.513525061451,0,0,1
1.285,50,400,57.7834749385489,919.513525061451,86.5,0,223,840.797,1063.797,1063.797,0,1,919.513525061451,0,0,1
1.286,50,400,57.7834749385489,919.513525061451,86.5,0,223,840.797,1063.797,1063.797,0,1,919.513525061451,0,0,1
1.287,50,400,57.7834749385489,919.513525061451,86.5,0,223,840.797,1063.797,1063.797,0,1,919.513525061451,0,0,1
1.288,50,400,57.7834749385489,919.513525061451,86.5,0,223,840.797,1063.797,1063.797,0,1,919.513525061451,0,0,1
1.289,50,400,57.7834749385489,919.513525061451,86.5,0,223,840.797,1063.797,1063.797,0,1,919.513525061451,0,0,1
1.29,50,400,57.7834749385489,919.513525061451,86.5,0,223,840.797,1063.797,1063.797,0,1,919.513525061451,0,0,1
1.291,50,400,57.7834749385489,919.513525061451,86.5,0,223,840.797,1063.797,1063.797,0,1,919.513525061451,0,0,1
1.292,50,400,57.7834749385489,919.513525061451,86.5,0,223,840.797,1063.797,1063.797,0,1,919.513525061451,0,0,1
1.293,50,400,57.7834749385489,919.513525061451,86.5,0,223,840.797,1063.797,1063.797,0,1,919.513525061451,0,0,1
1.294,50,400,57.7834749385489,919.513525061451,86.5,0,223,840.797,1063.797,1063.797,0,1,919.513525061451,0,0,1
1.295,50,400,57.7834749385489,919.513525061451,86.5,0,223,840.797,1063.797,1063.797,0,1,919.513525061451,0,0,1
1.296,50,400,57.7834749385489,919.513525061451,86.5,0,223,840.797,1063.797,1063.797,0,1,919.513525061451,0,0,1
1.297,50,400,57.7834749385489,919.513525061451,86.5,0,223,840.797,1063.797,1063.797,0,1,919.513525061451,0,0,1
1.298,50,400,57.7834749385489,919.513525061451,86.5,0,223,840.797,1063.797,1063.797,0,1,919.513525061451,0,0,1
1.299,50,400,57.7834749385489,919.513525061451,86.5,0,223,840.797,1063.797,1063.797,0,1,919.513525061451,0,0,1
1.3,50,400,57.7834749385489,919.513525061451,86.5,0,223,840.797,1063.797,1063.797,0,1,919.513525061451,0,0,1
1.301,50,400,57.7834749385489,919.513525061451,86.5,0,223,840.797,1063.797,1063.797,0,1,919.513525061451,0,0,1
1.302,50,400,57.7834749385489,919.513525061451,86.5,0,223,840.797,1063.797,1063.797,0,1,919.513525061451,0,0,1
1.303,50,400,57.7834749385489,919.513525061451,86.5,0,223,840.797,1063.797,1063.797,0,1,919.513525061451,0,0,1
1.304,50,400,57.7834749385489,919.513525061451,86.5,0,223,840.797,1063.797,1063.797,0,1,919.513525061451,0,0,1
1.305,50,400,57.7834749385489,919.513525061451,86.5,0,223,840.797,1063.797,1063.797,0,1,919.513525061451,0,0,1
1.306,50,400,57.7834749385489,919.513525061451,86.5,0,223,840.797,1063.797,1063.797,0,1,919.513525061451,0,0,1
1.307,50,400,57.7834749385489,919.513525061451,86.5,0,223,840.797,1063.797,1063.797,0,1,919.513525061451,0,0,1
1.308,50,400,57.7834749385489,919.513525061451,86.5,0,223,840.797,1063.797,1063.797,0,1,919.513525061451,0,0,1
1.309,50,400,57.7834749385489,919.513525061451,86.5,0,223,840.797,1063.797,1063.797,0,1,919.513525061451,0,0,1
1.31,50,400,57.7834749385489,919.513525061451,86.5,0,223,840.797,1063.797,1063.797,0,1,919.513525061451,0,0,1
1.311,50,400,57.7834749385489,919.513525061451,86.5,0,223,840.797,1063.797,1063.797,0,1,919.513525061451,0,0,1
1.312,50,400,57.7834749385489,919.513525061451,86.5,0,223,840.797,1063.797,1063.797,0,1,919.513525061451,0,0,1
1.313,50,400,57.7834749385489,919.513525061451,86.5,0,223,840.797,1063.797,1063.797,0,1,919.513525061451,0,0,1
1.314,50,400,57.7834749385489,919.513525061451,86.5,0,223,840.797,1063.797,1063.797,0,1,919.513525061451,0,0,1
1.315,50,400,57.7834749385489,919.513525061451,86.5,0,223,840.797,1063.797,1063.797,0,1,919.513525061451,0,0,1
1.316,50,400,57.7834749385489,919.513525061451,86.5,0,223,840.797,1063.797,1063.797,0,1,919.513525061451,0,0,1
1.317,50,400,57.7834749385489,919.513525061451,86.5,0,223,840.797,1063.797,1063.797,0,1,919.513525061451,0,0,1
1.318,50,400,57.7834749385489,919.513525061451,86.5,0,223,840.797,1063.797,1063.797,0,1,919.513525061451,0,0,1
1.319,50,400,57.7834749385489,919.513525061451,86.5,0,223,840.797,1063.797,1063.797,0,1,919.513525061451,0,0,1
1.32,50,400,57.7834749385489,919.513525061451,86.5,0,223,840.797,1063.797,1063.797,0,1,919.513525061451,0,0,1
1.321,50,400,57.7834749385489,919.513525061451,86.5,0,223,840.797,1063.797,1063.797,0,1,919.513525061451,0,0,1
1.322,50,400,57.7834749385489,919.513525061451,86.5,0,223,840.797,1063.797,1063.797,0,1,919.513525061451,0,0,1
1.323,50,400,57.7834749385489,919.513525061451,86.5,0,223,840.797,1063.797,1063.797,0,1,919.513525061451,0,0,1
1.324,50,400,57.7834749385489,919.513525061451,86.5,0,223,840.797,1063.797,1063.797,0,1,919.513525061451,0,0,1
1.325,50,400,57.7834749385489,919.513525061451,86.5,0,223,840.797,1063.797,1063.797,0,1,919.513525061451,0,0,1
1.326,50,400,57.7834749385489,919.513525061451,86.5,0,223,840.797,1063.797,1063.797,0,1,919.513525061451,0,0,1
1.327,50,400,57.7834749385489,919.513525061451,86.5,0,223,840.797,1063.797,1063.797,0,1,919.513525061451,0,0,1
1.328,50,400,57.7834749385489,919.513525061451,86.5,0,223,840.797,1063.797,1063.797,0,1,919.513525061451,0,0,1
1.329,50,400,57.7834749385489,919.513525061451,86.5,0,223,840.797,1063.797,1063.797,0,1,919.513525061451,0,0,1
1.33,50,400,57.7834749385489,919.513525061451,86.5,0,223,840.797,1063.797,1063.797,0,1,919.513525061451,0,0,1
1.331,50,400,57.7834749385489,919.513525061451,86.5,0,223,840.797,1063.797,1063.797,0,1,919.513525061451,0,0,1
1.332,50,400,57.7834749385489,919.513525061451,86.5,0,223,840.797,1063.797,1063.797,0,1,919.513525061451,0,0,1
1.333,50,400,57.7834749385489,919.513525061451,86.5,0,223,840.797,1063.797,1063.797,0,1,919.513525061451,0,0,1
1.334,50,400,57.7834749385489,919.513525061451,86.5,0,223,840.797,1063.797,1063.797,0,1,919.513525061451,0,0,1
1.335,50,400,57.7834749385489,919.513525061451,86.5,0,223,840.797,1063.797,1063.797,0,1,919.513525061451,0,0,1
1.336,50,400,57.7834749385489,919.513525061451,86.5,0,223,840.797,1063.797,1063.797,0,1,919.513525061451,0,0,1
1.337,50,400,57.7834749385489,919.513525061451,86.5,0,223,840.797,1063.797,1063.797,0,1,919.513525061451,0,0,1
1.338,50,400,57.7834749385489,919.513525061451,86.5,0,223,840.797,1063.797,1063.797,0,1,919.513525061451,0,0,1
1.339,50,400,57.7834749385489,919.513525061451,86.5,0,223,840.797,1063.797,1063.797,0,1,919.513525061451,0,0,1
1.34,50,400,57.7834749385489,919.513525061451,86.5,0,223,840.797,1063.797,1063.797,0,1,919.513525061451,0,0,1
1.341,50,400,57.7834749385489,919.513525061451,86.5,0,223,840.797,1063.797,1063.797,0,1,919.513525061451,0,0,1
1.342,50,400,57.7834749385489,919.513525061451,86.5,0,223,840.797,1063.797,1063.797,0,1,919.513525061451,0,0,1
1.343,50,400,57.7834749385489,919.513525061451,86.5,0,223,840.797,1063.797,1063.797,0,1,919.513525061451,0,0,1
1.344,50,400,57.7834749385489,919.513525061451,86.5,0,223,840.797,1063.797,1063.797,0,1,919.513525061451,0,0,1
1.345,50,400,57.7834749385489,919.513525061451,86.5,0,223,840.797,1063.797,1063.797,0,1,919.513525061451,0,0,1
1.346,50,400,57.7834749385489,919.513525061451,86.5,0,223,840.797,1063.797,1063.797,0,1,919.513525061451,0,0,1
1.347,50,400,57.7834749385489,919.513525061451,86.5,0,223,840.797,1063.797,1063.797,0,1,919.513525061451,0,0,1
1.348,50,400,57.7834749385489,919.513525061451,86.5,0,223,840.797,1063.797,1063.797,0,1,919.513525061451,0,0,1
1.349,50,400,57.7834749385489,919.513525061451,86.5,0,223,840.797,1063.797,1063.797,0,1,919.513525061451,0,0,1
1.35,50,400,57.7834749385489,919.513525061451,86.5,0,223,840.797,1063.797,1063.797,0,1,919.513525061451,0,0,1
1.351,50,400,57.7834749385489,919.513525061451,86.5,0,223,840.797,1063.797,1063.797,0,1,919.513525061451,0,0,1
1.352,50,400,57.7834749385489,919.513525061451,86.5,0,223,840.797,1063.797,1063.797,0,1,919.513525061451,0,0,1
1.353,50,400,57.7834749385489,919.513525061451,86.5,0,223,840.797,1063.797,1063.797,0,1,919.513525061451,0,0,1
1.354,50,400,57.7834749385489,919.513525061451,86.5,0,223,840.797,1063.797,1063.797,0,1,919.513525061451,0,0,1
1.355,50,400,57.7834749385489,919.513525061451,86.5,0,223,840.797,1063.797,1063.797,0,1,919.513525061451,0,0,1
1.356,50,400,57.7834749385489,919.513525061451,86.5,0,223,840.797,1063.797,1063.797,0,1,919.513525061451,0,0,1
1.357,50,400,57.7834749385489,919.513525061451,86.5,0,223,840.797,1063.797,1063.797,0,1,919.513525061451,0,0,1
1.358,50,400,57.7834749385489,919.513525061451,86.5,0,223,840.797,1063.797,1063.797,0,1,919.513525061451,0,0,1
1.359,50,400,57.7834749385489,919.513525061451,86.5,0,223,840.797,1063.797,1063.797,0,1,919.513525061451,0,0,1
1.36,50,400,57.7834749385489,919.513525061451,86.5,0,223,840.797,1063.797,1063.797,0,1,919.513525061451,0,0,1
1.361,50,400,57.7834749385489,919.513525061451,86.5,0,223,840.797,1063.797,1063.797,0,1,919.513525061451,0,0,1
1.362,50,400,57.7834749385489,919.513525061451,86.5,0,223,840.797,1063.797,1063.797,0,1,919.513525061451,0,0,1
1.363,50,400,57.7834749385489,919.513525061451,86.5,0,223,840.797,1063.797,1063.797,0,1,919.513525061451,0,0,1
1.364,50,400,57.7834749385489,919.513525061451,86.5,0,223,840.797,1063.797,1063.797,0,1,919.513525061451,0,0,1
1.365,50,400,57.7834749385489,919.513525061451,86.5,0,223,840.797,1063.797,1063.797,0,1,919.513525061451,0,0,1
1.366,50,400,57.7834749385489,919.513525061451,86.5,0,223,840.797,1063.797,1063.797,0,1,919.513525061451,0,0,1
1.367,50,400,57.7834749385489,919.513525061451,86.5,0,223,840.797,1063.797,1063.797,0,1,919.513525061451,0,0,1
1.368,50,400,57.7834749385489,919.513525061451,86.5,0,223,840.797,1063.797,1063.797,0,1,919.513525061451,0,0,1
1.369,50,400,57.7834749385489,919.513525061451,86.5,0,223,840.797,1063.797,1063.797,0,1,919.513525061451,0,0,1
1.37,50,400,57.7834749385489,919.513525061451,86.5,0,223,840.797,1063.797,1063.797,0,1,919.513525061451,0,0,1
1.371,50,400,57.7834749385489,919.513525061451,86.5,0,223,840.797,1063.797,1063.797,0,1,919.513525061451,0,0,1
1.372,50,400,57.7834749385489,919.513525061451,86.5,0,223,840.797,1063.797,1063.797,0,1,919.513525061451,0,0,1
1.373,50,400,57.7834749385489,919.513525061451,86.5,0,223,840.797,1063.797,1063.797,0,1,919.513525061451,0,0,1
1.374,50,400,57.7834749385489,919.513525061451,86.5,0,223,840.797,1063.797,1063.797,0,1,919.513525061451,0,0,1
1.375,50,400,57.7834749385489,919.513525061451,86.5,0,223,840.797,1063.797,1063.797,0,1,919.513525061451,0,0,1
1.376,50,400,57.7834749385489,919.513525061451,86.5,0,223,840.797,1063.797,1063.797,0,1,919.513525061451,0,0,1
1.377,50,400,57.7834749385489,919.513525061451,86.5,0,223,840.797,1063.797,1063.797,0,1,919.513525061451,0,0,1
1.378,50,400,57.7834749385489,919.513525061451,86.5,0,223,840.797,1063.797,1063.797,0,1,919.513525061451,0,0,1
1.379,50,400,57.7834749385489,919.513525061451,86.5,0,223,840.797,1063.797,1063.797,0,1,919.513525061451,0,0,1
1.38,50,400,57.7834749385489,919.513525061451,86.5,0,223,840.797,1063.797,1063.797,0,1,919.513525061451,0,0,1
1.381,50,400,57.7834749385489,919.513525061451,86.5,0,223,840.797,1063.797,1063.797,0,1,919.513525061451,0,0,1
1.382,50,400,57.7834749385489,919.513525061451,86.5,0,223,840.797,1063.797,1063.797,0,1,919.513525061451,0,0,1
1.383,50,400,57.7834749385489,919.513525061451,86.5,0,223,840.797,1063.797,1063.797,0,1,919.513525061451,0,0,1
1.384,50,400,57.7834749385489,919.513525061451,86.5,0,223,840.797,1063.797,1063.797,0,1,919.513525061451,0,0,1
1.385,50,400,57.7834749385489,919.513525061451,86.5,0,223,840.797,1063.797,1063.797,0,1,919.513525061451,0,0,1
1.386,50,400,57.7834749385489,919.513525061451,86.5,0,223,840.797,1063.797,1063.797,0,1,919.513525061451,0,0,1
1.387,50,400,57.7834749385489,919.513525061451,86.5,0,223,840.797,1063.797,1063.797,0,1,919.513525061451,0,0,1
1.388,50,400,57.7834749385489,919.513525061451,86.5,0,223,840.797,1063.797,1063.797,0,1,919.513525061451,0,0,1
1.389,50,400,57.7834749385489,919.513525061451,86.5,0,223,840.797,1063.797,1063.797,0,1,919.513525061451,0,0,1
1.39,50,400,57.7834749385489,919.513525061451,86.5,0,223,840.797,1063.797,1063.797,0,1,919.513525061451,0,0,1
1.391,50,400,57.7834749385489,919.513525061451,86.5,0,223,840.797,1063.797,1063.797,0,1,919.513525061451,0,0,1
1.392,50,400,57.7834749385489,919.513525061451,86.5,0,223,840.797,1063.797,1063.797,0,1,919.513525061451,0,0,1
1.393,50,400,57.7834749385489,919.513525061451,86.5,0,223,840.797,1063.797,1063.797,0,1,919.513525061451,0,0,1
1.394,50,400,57.7834749385489,919.513525061451,86.5,0,223,840.797,1063.797,1063.797,0,1,919.513525061451,0,0,1
1.395,50,400,57.7834749385489,919.513525061451,86.5,0,223,840.797,1063.797,1063.797,0,1,919.513525061451,0,0,1
1.396,50,400,57.7834749385489,919.513525061451,86.5,0,223,840.797,1063.797,1063.797,0,1,919.513525061451,0,0,1
1.397,50,400,57.7834749385489,919.513525061451,86.5,0,223,840.797,1063.797,1063.797,0,1,919.513525061451,0,0,1
1.398,50,400,57.7834749385489,919.513525061451,86.5,0,223,840.797,1063.797,1063.797,0,1,919.513525061451,0,0,1
1.399,50,400,57.7834749385489,919.513525061451,86.5,0,223,840.797,1063.797,1063.797,0,1,919.513525061451,0,0,1
1.4,50,400,57.7834749385489,919.513525061451,86.5,0,223,840.797,1063.797,1063.797,0,1,919.513525061451,0,0,1
1.401,50,400,57.7834749385489,919.513525061451,86.5,0,223,840.797,1063.797,1063.797,0,1,919.513525061451,0,0,1
1.402,50,400,57.7834749385489,919.513525061451,86.5,0,223,840.797,1063.797,1063.797,0,1,919.513525061451,0,0,1
1.403,50,400,57.7834749385489,919.513525061451,86.5,0,223,840.797,1063.797,1063.797,0,1,919.513525061451,0,0,1
1.404,50,400,57.7834749385489,919.513525061451,86.5,0,223,840.797,1063.797,1063.797,0,1,919.513525061451,0,0,1
1.405,50,400,57.7834749385489,919.513525061451,86.5,0,223,840.797,1063.797,1063.797,0,1,919.513525061451,0,0,1
1.406,50,400,57.7834749385489,919.513525061451,86.5,0,223,840.797,1063.797,1063.797,0,1,919.513525061451,0,0,1
1.407,50,400,57.7834749385489,919.513525061451,86.5,0,223,840.797,1063.797,1063.797,0,1,919.513525061451,0,0,1
1.408,50,400,57.7834749385489,919.513525061451,86.5,0,223,840.797,1063.797,1063.797,0,1,919.513525061451,0,0,1
1.409,50,400,57.7834749385489,919.513525061451,86.5,0,223,840.797,1063.797,1063.797,0,1,919.513525061451,0,0,1
1.41,50,400,57.7834749385489,919.513525061451,86.5,0,223,840.797,1063.797,1063.797,0,1,919.513525061451,0,0,1
1.411,50,400,57.7834749385489,919.513525061451,86.5,0,223,840.797,1063.797,1063.797,0,1,919.513525061451,0,0,1
1.412,50,400,57.7834749385489,919.513525061451,86.5,0,223,840.797,1063.797,1063.797,0,1,919.513525061451,0,0,1
1.413,50,400,57.7834749385489,919.513525061451,86.5,0,223,840.797,1063.797,1063.797,0,1,919.513525061451,0,0,1
1.414,50,400,57.7834749385489,919.513525061451,86.5,0,223,840.797,1063.797,1063.797,0,1,919.513525061451,0,0,1
1.415,50,400,57.7834749385489,919.513525061451,86.5,0,223,840.797,1063.797,1063.797,0,1,919.513525061451,0,0,1
1.416,50,400,57.7834749385489,919.513525061451,86.5,0,223,840.797,1063.797,1063.797,0,1,919.513525061451,0,0,1
1.417,50,400,57.7834749385489,919.513525061451,86.5,0,223,840.797,1063.797,1063.797,0,1,919.513525061451,0,0,1
1.418,50,400,57.7834749385489,919.513525061451,86.5,0,223,840.797,1063.797,1063.797,0,1,919.513525061451,0,0,1
1.419,50,400,57.7834749385489,919.513525061451,86.5,0,223,840.797,1063.797,1063.797,0,1,919.513525061451,0,0,1
1.42,50,400,57.7834749385489,919.513525061451,86.5,0,223,840.797,1063.797,1063.797,0,1,919.513525061451,0,0,1
1.421,50,400,57.7834749385489,919.513525061451,86.5,0,223,840.797,1063.797,1063.797,0,1,919.513525061451,0,0,1
1.422,50,400,57.7834749385489,919.513525061451,86.5,0,223,840.797,1063.797,1063.797,0,1,919.513525061451,0,0,1
1.423,50,400,57.7834749385489,919.513525061451,86.5,0,223,840.797,1063.797,1063.797,0,1,919.513525061451,0,0,1
1.424,50,400,57.7834749385489,919.513525061451,86.5,0,223,840.797,1063.797,1063.797,0,1,919.513525061451,0,0,1
1.425,50,400,57.7834749385489,919.513525061451,86.5,0,223,840.797,1063.797,1063.797,0,1,919.513525061451,0,0,1
1.426,50,400,57.7834749385489,919.513525061451,86.5,0,223,840.797,1063.797,1063.797,0,1,919.513525061451,0,0,1
1.427,50,400,57.7834749385489,919.513525061451,86.5,0,223,840.797,1063.797,1063.797,0,1,919.513525061451,0,0,1
1.428,50,400,57.7834749385489,919.513525061451,86.5,0,223,840.797,1063.797,1063.797,0,1,919.513525061451,0,0,1
1.429,50,400,57.7834749385489,919.513525061451,86.5,0,223,840.797,1063.797,1063.797,0,1,919.513525061451,0,0,1
1.43,50,400,57.7834749385489,919.513525061451,86.5,0,223,840.797,1063.797,1063.797,0,1,919.513525061451,0,0,1
1.431,50,400,57.7834749385489,919.513525061451,86.5,0,223,840.797,1063.797,1063.797,0,1,919.513525061451,0,0,1
1.432,50,400,57.7834749385489,919.513525061451,86.5,0,223,840.797,1063.797,1063.797,0,1,919.513525061451,0,0,1
1.433,50,400,57.7834749385489,919.513525061451,86.5,0,223,840.797,1063.797,1063.797,0,1,919.513525061451,0,0,1
1.434,50,400,57.7834749385489,919.513525061451,86.5,0,223,840.797,1063.797,1063.797,0,1,919.513525061451,0,0,1
1.435,50,400,57.7834749385489,919.513525061451,86.5,0,223,840.797,1063.797,1063.797,0,1,919.513525061451,0,0,1
1.436,50,400,57.7834749385489,919.513525061451,86.5,0,223,840.797,1063.797,1063.797,0,1,919.513525061451,0,0,1
1.437,50,400,57.7834749385489,919.513525061451,86.5,0,223,840.797,1063.797,1063.797,0,1,919.513525061451,0,0,1
1.438,50,400,57.7834749385489,919.513525061451,86.5,0,223,840.797,1063.797,1063.797,0,1,919.513525061451,0,0,1
1.439,50,400,57.7834749385489,919.513525061451,86.5,0,223,840.797,1063.797,1063.797,0,1,919.513525061451,0,0,1
1.44,50,400,57.7834749385489,919.513525061451,86.5,0,223,840.797,1063.797,1063.797,0,1,919.513525061451,0,0,1
1.441,50,400,57.7834749385489,919.513525061451,86.5,0,223,840.797,1063.797,1063.797,0,1,919.513525061451,0,0,1
1.442,50,400,57.7834749385489,919.513525061451,86.5,0,223,840.797,1063.797,1063.797,0,1,919.513525061451,0,0,1
1.443,50,400,57.7834749385489,919.513525061451,86.5,0,223,840.797,1063.797,1063.797,0,1,919.513525061451,0,0,1
1.444,50,400,57.7834749385489,919.513525061451,86.5,0,223,840.797,1063.797,1063.797,0,1,919.513525061451,0,0,1
1.445,50,400,57.7834749385489,919.513525061451,86.5,0,223,840.797,1063.797,1063.797,0,1,919.513525061451,0,0,1
1.446,50,400,57.7834749385489,919.513525061451,86.5,0,223,840.797,1063.797,1063.797,0,1,919.513525061451,0,0,1
1.447,50,400,57.7834749385489,919.513525061451,86.5,0,223,840.797,1063.797,1063.797,0,1,919.513525061451,0,0,1
1.448,50,400,57.7834749385489,919.513525061451,86.5,0,223,840.797,1063.797,1063.797,0,1,919.513525061451,0,0,1
1.449,50,400,57.7834749385489,919.513525061451,86.5,0,223,840.797,1063.797,1063.797,0,1,919.513525061451,0,0,1
1.45,50,400,57.7834749385489,919.513525061451,86.5,0,223,840.797,1063.797,1063.797,0,1,919.513525061451,0,0,1
1.451,50,400,57.7834749385489,919.513525061451,86.5,0,223,840.797,1063.797,1063.797,0,1,919.513525061451,0,0,1
1.452,50,400,57.7834749385489,919.513525061451,86.5,0,223,840.797,1063.797,1063.797,0,1,919.513525061451,0,0,1
1.453,50,400,57.7834749385489,919.513525061451,86.5,0,223,840.797,1063.797,1063.797,0,1,919.513525061451,0,0,1
1.454,50,400,57.7834749385489,919.513525061451,86.5,0,223,840.797,1063.797,1063.797,0,1,919.513525061451,0,0,1
1.455,50,400,57.7834749385489,919.513525061451,86.5,0,223,840.797,1063.797,1063.797,0,1,919.513525061451,0,0,1
1.456,50,400,57.7834749385489,919.513525061451,86.5,0,223,840.797,1063.797,1063.797,0,1,919.513525061451,0,0,1
1.457,50,400,57.7834749385489,919.513525061451,86.5,0,223,840.797,1063.797,1063.797,0,1,919.513525061451,0,0,1
1.458,50,400,57.7834749385489,919.513525061451,86.5,0,223,840.797,1063.797,1063.797,0,1,919.513525061451,0,0,1
1.459,50,400,57.7834749385489,919.513525061451,86.5,0,223,840.797,1063.797,1063.797,0,1,919.513525061451,0,0,1
1.46,50,400,57.7834749385489,919.513525061451,86.5,0,223,840.797,1063.797,1063.797,0,1,919.513525061451,0,0,1
1.461,50,400,57.7834749385489,919.513525061451,86.5,0,223,840.797,1063.797,1063.797,0,1,919.513525061451,0,0,1
1.462,50,400,57.7834749385489,919.513525061451,86.5,0,223,840.797,1063.797,1063.797,0,1,919.513525061451,0,0,1
1.463,50,400,57.7834749385489,919.513525061451,86.5,0,223,840.797,1063.797,1063.797,0,1,919.513525061451,0,0,1
1.464,50,400,57.7834749385489,919.513525061451,86.5,0,223,840.797,1063.797,1063.797,0,1,919.513525061451,0,0,1
1.465,50,400,57.7834749385489,919.513525061451,86.5,0,223,840.797,1063.797,1063.797,0,1,919.513525061451,0,0,1
1.466,50,400,57.7834749385489,919.513525061451,86.5,0,223,840.797,1063.797,1063.797,0,1,919.513525061451,0,0,1
1.467,50,400,57.7834749385489,919.513525061451,86.5,0,223,840.797,1063.797,1063.797,0,1,919.513525061451,0,0,1
1.468,50,400,57.7834749385489,919.513525061451,86.5,0,223,840.797,1063.797,1063.797,0,1,919.513525061451,0,0,1
1.469,50,400,57.7834749385489,919.513525061451,86.5,0,223,840.797,1063.797,1063.797,0,1,919.513525061451,0,0,1
1.47,50,400,57.7834749385489,919.513525061451,86.5,0,223,840.797,1063.797,1063.797,0,1,919.513525061451,0,0,1
1.471,50,400,57.7834749385489,919.513525061451,86.5,0,223,840.797,1063.797,1063.797,0,1,919.513525061451,0,0,1
1.472,50,400,57.7834749385489,919.513525061451,86.5,0,223,840.797,1063.797,1063.797,0,1,919.513525061451,0,0,1
1.473,50,400,57.7834749385489,919.513525061451,86.5,0,223,840.797,1063.797,1063.797,0,1,919.513525061451,0,0,1
1.474,50,400,57.7834749385489,919.513525061451,86.5,0,223,840.797,1063.797,1063.797,0,1,919.513525061451,0,0,1
1.475,50,400,57.7834749385489,919.513525061451,86.5,0,223,840.797,1063.797,1063.797,0,1,919.513525061451,0,0,1
1.476,50,400,57.7834749385489,919.513525061451,86.5,0,223,840.797,1063.797,1063.797,0,1,919.513525061451,0,0,1
1.477,50,400,57.7834749385489,919.513525061451,86.5,0,223,840.797,1063.797,1063.797,0,1,919.513525061451,0,0,1
1.478,50,400,57.7834749385489,919.513525061451,86.5,0,223,840.797,1063.797,1063.797,0,1,919.513525061451,0,0,1
1.479,50,400,57.7834749385489,919.513525061451,86.5,0,223,840.797,1063.797,1063.797,0,1,919.513525061451,0,0,1
1.48,50,400,57.7834749385489,919.513525061451,86.5,0,223,840.797,1063.797,1063.797,0,1,919.513525061451,0,0,1
1.481,50,400,57.7834749385489,919.513525061451,86.5,0,223,840.797,1063.797,1063.797,0,1,919.513525061451,0,0,1
1.482,50,400,57.7834749385489,919.513525061451,86.5,0,223,840.797,1063.797,1063.797,0,1,919.513525061451,0,0,1
1.483,50,400,57.7834749385489,919.513525061451,86.5,0,223,840.797,1063.797,1063.797,0,1,919.513525061451,0,0,1
1.484,50,400,57.7834749385489,919.513525061451,86.5,0,223,840.797,1063.797,1063.797,0,1,919.513525061451,0,0,1
1.485,50,400,57.7834749385489,919.513525061451,86.5,0,223,840.797,1063.797,1063.797,0,1,919.513525061451,0,0,1
1.486,50,400,57.7834749385489,919.513525061451,86.5,0,223,840.797,1063.797,1063.797,0,1,919.513525061451,0,0,1
1.487,50,400,57.7834749385489,919.513525061451,86.5,0,223,840.797,1063.797,1063.797,0,1,919.513525061451,0,0,1
1.488,50,400,57.7834749385489,919.513525061451,86.5,0,223,840.797,1063.797,1063.797,0,1,919.513525061451,0,0,1
1.489,50,400,57.7834749385489,919.513525061451,86.5,0,223,840.797,1063.797,1063.797,0,1,919.513525061451,0,0,1
1.49,50,400,57.7834749385489,919.513525061451,86.5,0,223,840.797,1063.797,1063.797,0,1,919.513525061451,0,0,1
1.491,50,400,57.7834749385489,919.513525061451,86.5,0,223,840.797,1063.797,1063.797,0,1,919.513525061451,0,0,1
1.492,50,400,57.7834749385489,919.513525061451,86.5,0,223,840.797,1063.797,1063.797,0,1,919.513525061451,0,0,1
1.493,50,400,57.7834749385489,919.513525061451,86.5,0,223,840.797,1063.797,1063.797,0,1,919.513525061451,0,0,1
1.494,50,400,57.7834749385489,919.513525061451,86.5,0,223,840.797,1063.797,1063.797,0,1,919.513525061451,0,0,1
1.495,50,400,57.7834749385489,919.513525061451,86.5,0,223,840.797,1063.797,1063.797,0,1,919.513525061451,0,0,1
1.496,50,400,57.7834749385489,919.513525061451,86.5,0,223,840.797,1063.797,1063.797,0,1,919.513525061451,0,0,1
1.497,50,400,57.7834749385489,919.513525061451,86.5,0,223,840.797,1063.797,1063.797,0,1,919.513525061451,0,0,1
1.498,50,400,57.7834749385489,919.513525061451,86.5,0,223,840.797,1063.797,1063.797,0,1,919.513525061451,0,0,1
1.499,50,400,57.7834749385489,919.513525061451,86.5,0,223,840.797,1063.797,1063.797,0,1,919.513525061451,0,0,1
1.5,50,400,57.7834749385489,919.513525061451,86.5,0,223,840.797,1063.797,1063.797,0,1,919.513525061451,0,0,1
1.501,50,400,57.7834749385489,919.513525061451,86.5,0,223,840.797,1063.797,1063.797,0,1,919.513525061451,0,0,1
1.502,50,400,57.7834749385489,919.513525061451,86.5,0,223,840.797,1063.797,1063.797,0,1,919.513525061451,0,0,1
1.503,50,400,57.7834749385489,919.513525061451,86.5,0,223,840.797,1063.797,1063.797,0,1,919.513525061451,0,0,1
1.504,50,400,57.7834749385489,919.513525061451,86.5,0,223,840.797,1063.797,1063.797,0,1,919.513525061451,0,0,1
1.505,50,400,57.7834749385489,919.513525061451,86.5,0,223,840.797,1063.797,1063.797,0,1,919.513525061451,0,0,1
1.506,50,400,57.7834749385489,919.513525061451,86.5,0,223,840.797,1063.797,1063.797,0,1,919.513525061451,0,0,1
1.507,50,400,57.7834749385489,919.513525061451,86.5,0,223,840.797,1063.797,1063.797,0,1,919.513525061451,0,0,1
1.508,50,400,57.7834749385489,919.513525061451,86.5,0,223,840.797,1063.797,1063.797,0,1,919.513525061451,0,0,1
1.509,50,400,57.7834749385489,919.513525061451,86.5,0,223,840.797,1063.797,1063.797,0,1,919.513525061451,0,0,1
1.51,50,400,57.7834749385489,919.513525061451,86.5,0,223,840.797,1063.797,1063.797,0,1,919.513525061451,0,0,1
1.511,50,400,57.7834749385489,919.513525061451,86.5,0,223,840.797,1063.797,1063.797,0,1,919.513525061451,0,0,1
1.512,50,400,57.7834749385489,919.513525061451,86.5,0,223,840.797,1063.797,1063.797,0,1,919.513525061451,0,0,1
1.513,50,400,57.7834749385489,919.513525061451,86.5,0,223,840.797,1063.797,1063.797,0,1,919.513525061451,0,0,1
1.514,50,400,57.7834749385489,919.513525061451,86.5,0,223,840.797,1063.797,1063.797,0,1,919.513525061451,0,0,1
1.515,50,400,57.7834749385489,919.513525061451,86.5,0,223,840.797,1063.797,1063.797,0,1,919.513525061451,0,0,1
1.516,50,400,57.7834749385489,919.513525061451,86.5,0,223,840.797,1063.797,1063.797,0,1,919.513525061451,0,0,1
1.517,50,400,57.7834749385489,919.513525061451,86.5,0,223,840.797,1063.797,1063.797,0,1,919.513525061451,0,0,1
1.518,50,400,57.7834749385489,919.513525061451,86.5,0,223,840.797,1063.797,1063.797,0,1,919.513525061451,0,0,1
1.519,50,400,57.7834749385489,919.513525061451,86.5,0,223,840.797,1063.797,1063.797,0,1,919.513525061451,0,0,1
1.52,50,400,57.7834749385489,919.513525061451,86.5,0,223,840.797,1063.797,1063.797,0,1,919.513525061451,0,0,1
1.521,50,400,57.7834749385489,919.513525061451,86.5,0,223,840.797,1063.797,1063.797,0,1,919.513525061451,0,0,1
1.522,50,400,57.7834749385489,919.513525061451,86.5,0,223,840.797,1063.797,1063.797,0,1,919.513525061451,0,0,1
1.523,50,400,57.7834749385489,919.513525061451,86.5,0,223,840.797,1063.797,1063.797,0,1,919.513525061451,0,0,1
1.524,50,400,57.7834749385489,919.513525061451,86.5,0,223,840.797,1063.797,1063.797,0,1,919.513525061451,0,0,1
1.525,50,400,57.7834749385489,919.513525061451,86.5,0,223,840.797,1063.797,1063.797,0,1,919.513525061451,0,0,1
1.526,50,400,57.7834749385489,919.513525061451,86.5,0,223,840.797,1063.797,1063.797,0,1,919.513525061451,0,0,1
1.527,50,400,57.7834749385489,919.513525061451,86.5,0,223,840.797,1063.797,1063.797,0,1,919.513525061451,0,0,1
1.528,50,400,57.7834749385489,919.513525061451,86.5,0,223,840.797,1063.797,1063.797,0,1,919.513525061451,0,0,1
1.529,50,400,57.7834749385489,919.513525061451,86.5,0,223,840.797,1063.797,1063.797,0,1,919.513525061451,0,0,1
1.53,50,400,57.7834749385489,919.513525061451,86.5,0,223,840.797,1063.797,1063.797,0,1,919.513525061451,0,0,1
1.531,50,400,57.7834749385489,919.513525061451,86.5,0,223,840.797,1063.797,1063.797,0,1,919.513525061451,0,0,1
1.532,50,400,57.7834749385489,919.513525061451,86.5,0,223,840.797,1063.797,1063.797,0,1,919.513525061451,0,0,1
1.533,50,400,57.7834749385489,919.513525061451,86.5,0,223,840.797,1063.797,1063.797,0,1,919.513525061451,0,0,1
1.534,50,400,57.7834749385489,919.513525061451,86.5,0,223,840.797,1063.797,1063.797,0,1,919.513525061451,0,0,1
1.535,50,400,57.7834749385489,919.513525061451,86.5,0,223,840.797,1063.797,1063.797,0,1,919.513525061451,0,0,1
1.536,50,400,57.7834749385489,919.513525061451,86.5,0,223,840.797,1063.797,1063.797,0,1,919.513525061451,0,0,1
1.537,50,400,57.7834749385489,919.513525061451,86.5,0,223,840.797,1063.797,1063.797,0,1,919.513525061451,0,0,1
1.538,50,400,57.7834749385489,919.513525061451,86.5,0,223,840.797,1063.797,1063.797,0,1,919.513525061451,0,0,1
1.539,50,400,57.7834749385489,919.513525061451,86.5,0,223,840.797,1063.797,1063.797,0,1,919.513525061451,0,0,1
1.54,50,400,57.7834749385489,919.513525061451,86.5,0,223,840.797,1063.797,1063.797,0,1,919.513525061451,0,0,1
1.541,50,400,57.7834749385489,919.513525061451,86.5,0,223,840.797,1063.797,1063.797,0,1,919.513525061451,0,0,1
1.542,50,400,57.7834749385489,919.513525061451,86.5,0,223,840.797,1063.797,1063.797,0,1,919.513525061451,0,0,1
1.543,50,400,57.7834749385489,919.513525061451,86.5,0,223,840.797,1063.797,1063.797,0,1,919.513525061451,0,0,1
1.544,50,400,57.7834749385489,919.513525061451,86.5,0,223,840.797,1063.797,1063.797,0,1,919.513525061451,0,0,1
1.545,50,400,57.7834749385489,919.513525061451,86.5,0,223,840.797,1063.797,1063.797,0,1,919.513525061451,0,0,1
1.546,50,400,57.7834749385489,919.513525061451,86.5,0,223,840.797,1063.797,1063.797,0,1,919.513525061451,0,0,1
1.547,50,400,57.7834749385489,919.513525061451,86.5,0,223,840.797,1063.797,1063.797,0,1,919.513525061451,0,0,1
1.548,50,400,57.7834749385489,919.513525061451,86.5,0,223,840.797,1063.797,1063.797,0,1,919.513525061451,0,0,1
1.549,50,400,57.7834749385489,919.513525061451,86.5,0,223,840.797,1063.797,1063.797,0,1,919.513525061451,0,0,1
1.55,50,400,57.7834749385489,919.513525061451,86.5,0,223,840.797,1063.797,1063.797,0,1,919.513525061451,0,0,1
1.551,50,400,57.7834749385489,919.513525061451,86.5,0,223,840.797,1063.797,1063.797,0,1,919.513525061451,0,0,1
1.552,50,400,57.7834749385489,919.513525061451,86.5,0,223,840.797,1063.797,1063.797,0,1,919.513525061451,0,0,1
1.553,50,400,57.7834749385489,919.513525061451,86.5,0,223,840.797,1063.797,1063.797,0,1,919.513525061451,0,0,1
1.554,50,400,57.7834749385489,919.513525061451,86.5,0,223,840.797,1063.797,1063.797,0,1,919.513525061451,0,0,1
1.555,50,400,57.7834749385489,919.513525061451,86.5,0,223,840.797,1063.797,1063.797,0,1,919.513525061451,0,0,1
1.556,50,400,57.7834749385489,919.513525061451,86.5,0,223,840.797,1063.797,1063.797,0,1,919.513525061451,0,0,1
1.557,50,400,57.7834749385489,919.513525061451,86.5,0,223,840.797,1063.797,1063.797,0,1,919.513525061451,0,0,1
1.558,50,400,57.7834749385489,919.513525061451,86.5,0,223,840.797,1063.797,1063.797,0,1,919.513525061451,0,0,1
1.559,50,400,57.7834749385489,919.513525061451,86.5,0,223,840.797,1063.797,1063.797,0,1,919.513525061451,0,0,1
1.56,50,400,57.7834749385489,919.513525061451,86.5,0,223,840.797,1063.797,1063.797,0,1,919.513525061451,0,0,1
1.561,50,400,57.7834749385489,919.513525061451,86.5,0,223,840.797,1063.797,1063.797,0,1,919.513525061451,0,0,1
1.562,50,400,57.7834749385489,919.513525061451,86.5,0,223,840.797,1063.797,1063.797,0,1,919.513525061451,0,0,1
1.563,50,400,57.7834749385489,919.513525061451,86.5,0,223,840.797,1063.797,1063.797,0,1,919.513525061451,0,0,1
1.564,50,400,57.7834749385489,919.513525061451,86.5,0,223,840.797,1063.797,1063.797,0,1,919.513525061451,0,0,1
1.565,50,400,57.7834749385489,919.513525061451,86.5,0,223,840.797,1063.797,1063.797,0,1,919.513525061451,0,0,1
1.566,50,400,57.7834749385489,919.513525061451,86.5,0,223,840.797,1063.797,1063.797,0,1,919.513525061451,0,0,1
1.567,50,400,57.7834749385489,919.513525061451,86.5,0,223,840.797,1063.797,1063.797,0,1,919.513525061451,0,0,1
1.568,50,400,57.7834749385489,919.513525061451,86.5,0,223,840.797,1063.797,1063.797,0,1,919.513525061451,0,0,1
1.569,50,400,57.7834749385489,919.513525061451,86.5,0,223,840.797,1063.797,1063.797,0,1,919.513525061451,0,0,1
1.57,50,400,57.7834749385489,919.513525061451,86.5,0,223,840.797,1063.797,1063.797,0,1,919.513525061451,0,0,1
1.571,50,400,57.7834749385489,919.513525061451,86.5,0,223,840.797,1063.797,1063.797,0,1,919.513525061451,0,0,1
1.572,50,400,57.7834749385489,919.513525061451,86.5,0,223,840.797,1063.797,1063.797,0,1,919.513525061451,0,0,1
1.573,50,400,57.7834749385489,919.513525061451,86.5,0,223,840.797,1063.797,1063.797,0,1,919.513525061451,0,0,1
1.574,50,400,57.7834749385489,919.513525061451,86.5,0,223,840.797,1063.797,1063.797,0,1,919.513525061451,0,0,1
1.575,50,400,57.7834749385489,919.513525061451,86.5,0,223,840.797,1063.797,1063.797,0,1,919.513525061451,0,0,1
1.576,50,400,57.7834749385489,919.513525061451,86.5,0,223,840.797,1063.797,1063.797,0,1,919.513525061451,0,0,1
1.577,50,400,57.7834749385489,919.513525061451,86.5,0,223,840.797,1063.797,1063.797,0,1,919.513525061451,0,0,1
1.578,50,400,57.7834749385489,919.513525061451,86.5,0,223,840.797,1063.797,1063.797,0,1,919.513525061451,0,0,1
1.579,50,400,57.7834749385489,919.513525061451,86.5,0,223,840.797,1063.797,1063.797,0,1,919.513525061451,0,0,1
1.58,50,400,57.7834749385489,919.513525061451,86.5,0,223,840.797,1063.797,1063.797,0,1,919.513525061451,0,0,1
1.581,50,400,57.7834749385489,919.513525061451,86.5,0,223,840.797,1063.797,1063.797,0,1,919.513525061451,0,0,1
1.582,50,400,57.7834749385489,919.513525061451,86.5,0,223,840.797,1063.797,1063.797,0,1,919.513525061451,0,0,1
1.583,50,400,57.7834749385489,919.513525061451,86.5,0,223,840.797,1063.797,1063.797,0,1,919.513525061451,0,0,1
1.584,50,400,57.7834749385489,919.513525061451,86.5,0,223,840.797,1063.797,1063.797,0,1,919.513525061451,0,0,1
1.585,50,400,57.7834749385489,919.513525061451,86.5,0,223,840.797,1063.797,1063.797,0,1,919.513525061451,0,0,1
1.586,50,400,57.7834749385489,919.513525061451,86.5,0,223,840.797,1063.797,1063.797,0,1,919.513525061451,0,0,1
1.587,50,400,57.7834749385489,919.513525061451,86.5,0,223,840.797,1063.797,1063.797,0,1,919.513525061451,0,0,1
1.588,50,400,57.7834749385489,919.513525061451,86.5,0,223,840.797,1063.797,1063.797,0,1,919.513525061451,0,0,1
1.589,50,400,57.7834749385489,919.513525061451,86.5,0,223,840.797,1063.797,1063.797,0,1,919.513525061451,0,0,1
1.59,50,400,57.7834749385489,919.513525061451,86.5,0,223,840.797,1063.797,1063.797,0,1,919.513525061451,0,0,1
1.591,50,400,57.7834749385489,919.513525061451,86.5,0,223,840.797,1063.797,1063.797,0,1,919.513525061451,0,0,1
1.592,50,400,57.7834749385489,919.513525061451,86.5,0,223,840.797,1063.797,1063.797,0,1,919.513525061451,0,0,1
1.593,50,400,57.7834749385489,919.513525061451,86.5,0,223,840.797,1063.797,1063.797,0,1,919.513525061451,0,0,1
1.594,50,400,57.7834749385489,919.513525061451,86.5,0,223,840.797,1063.797,1063.797,0,1,919.513525061451,0,0,1
1.595,50,400,57.7834749385489,919.513525061451,86.5,0,223,840.797,1063.797,1063.797,0,1,919.513525061451,0,0,1
1.596,50,400,57.7834749385489,919.513525061451,86.5,0,223,840.797,1063.797,1063.797,0,1,919.513525061451,0,0,1
1.597,50,400,57.7834749385489,919.513525061451,86.5,0,223,840.797,1063.797,1063.797,0,1,919.513525061451,0,0,1
1.598,50,400,57.7834749385489,919.513525061451,86.5,0,223,840.797,1063.797,1063.797,0,1,919.513525061451,0,0,1
1.599,50,400,57.7834749385489,919.513525061451,86.5,0,223,840.797,1063.797,1063.797,0,1,919.513525061451,0,0,1
1.6,50,400,57.7834749385489,919.513525061451,86.5,0,223,840.797,1063.797,1063.797,0,1,919.513525061451,0,0,1
1.601,50,400,57.7834749385489,919.513525061451,86.5,0,223,840.797,1063.797,1063.797,0,1,919.513525061451,0,0,1
1.602,50,400,57.7834749385489,919.513525061451,86.5,0,223,840.797,1063.797,1063.797,0,1,919.513525061451,0,0,1
1.603,50,400,57.7834749385489,919.513525061451,86.5,0,223,840.797,1063.797,1063.797,0,1,919.513525061451,0,0,1
1.604,50,400,57.7834749385489,919.513525061451,86.5,0,223,840.797,1063.797,1063.797,0,1,919.513525061451,0,0,1
1.605,50,400,57.7834749385489,919.513525061451,86.5,0,223,840.797,1063.797,1063.797,0,1,919.513525061451,0,0,1
1.606,50,400,57.7834749385489,919.513525061451,86.5,0,223,840.797,1063.797,1063.797,0,1,919.513525061451,0,0,1
1.607,50,400,57.7834749385489,919.513525061451,86.5,0,223,840.797,1063.797,1063.797,0,1,919.513525061451,0,0,1
1.608,50,400,57.7834749385489,919.513525061451,86.5,0,223,840.797,1063.797,1063.797,0,1,919.513525061451,0,0,1
1.609,50,400,57.7834749385489,919.513525061451,86.5,0,223,840.797,1063.797,1063.797,0,1,919.513525061451,0,0,1
1.61,50,400,57.7834749385489,919.513525061451,86.5,0,223,840.797,1063.797,1063.797,0,1,919.513525061451,0,0,1
1.611,50,400,57.7834749385489,919.513525061451,86.5,0,223,840.797,1063.797,1063.797,0,1,919.513525061451,0,0,1
1.612,50,400,57.7834749385489,919.513525061451,86.5,0,223,840.797,1063.797,1063.797,0,1,919.513525061451,0,0,1
1.613,50,400,57.7834749385489,919.513525061451,86.5,0,223,840.797,1063.797,1063.797,0,1,919.513525061451,0,0,1
1.614,50,400,57.7834749385489,919.513525061451,86.5,0,223,840.797,1063.797,1063.797,0,1,919.513525061451,0,0,1
1.615,50,400,57.7834749385489,919.513525061451,86.5,0,223,840.797,1063.797,1063.797,0,1,919.513525061451,0,0,1
1.616,50,400,57.7834749385489,919.513525061451,86.5,0,223,840.797,1063.797,1063.797,0,1,919.513525061451,0,0,1
1.617,50,400,57.7834749385489,919.513525061451,86.5,0,223,840.797,1063.797,1063.797,0,1,919.513525061451,0,0,1
1.618,50,400,57.7834749385489,919.513525061451,86.5,0,223,840.797,1063.797,1063.797,0,1,919.513525061451,0,0,1
1.619,50,400,57.7834749385489,919.513525061451,86.5,0,223,840.797,1063.797,1063.797,0,1,919.513525061451,0,0,1
1.62,50,400,57.7834749385489,919.513525061451,86.5,0,223,840.797,1063.797,1063.797,0,1,919.513525061451,0,0,1
1.621,50,400,57.7834749385489,919.513525061451,86.5,0,223,840.797,1063.797,1063.797,0,1,919.513525061451,0,0,1
1.622,50,400,57.7834749385489,919.513525061451,86.5,0,223,840.797,1063.797,1063.797,0,1,919.513525061451,0,0,1
1.623,50,400,57.7834749385489,919.513525061451,86.5,0,223,840.797,1063.797,1063.797,0,1,919.513525061451,0,0,1
1.624,50,400,57.7834749385489,919.513525061451,86.5,0,223,840.797,1063.797,1063.797,0,1,919.513525061451,0,0,1
1.625,50,400,57.7834749385489,919.513525061451,86.5,0,223,840.797,1063.797,1063.797,0,1,919.513525061451,0,0,1
1.626,50,400,57.7834749385489,919.513525061451,86.5,0,223,840.797,1063.797,1063.797,0,1,919.513525061451,0,0,1
1.627,50,400,57.7834749385489,919.513525061451,86.5,0,223,840.797,1063.797,1063.797,0,1,919.513525061451,0,0,1
1.628,50,400,57.7834749385489,919.513525061451,86.5,0,223,840.797,1063.797,1063.797,0,1,919.513525061451,0,0,1
1.629,50,400,57.7834749385489,919.513525061451,86.5,0,223,840.797,1063.797,1063.797,0,1,919.513525061451,0,0,1
1.63,50,400,57.7834749385489,919.513525061451,86.5,0,223,840.797,1063.797,1063.797,0,1,919.513525061451,0,0,1
1.631,50,400,57.7834749385489,919.513525061451,86.5,0,223,840.797,1063.797,1063.797,0,1,919.513525061451,0,0,1
1.632,50,400,57.7834749385489,919.513525061451,86.5,0,223,840.797,1063.797,1063.797,0,1,919.513525061451,0,0,1
1.633,50,400,57.7834749385489,919.513525061451,86.5,0,223,840.797,1063.797,1063.797,0,1,919.513525061451,0,0,1
1.634,50,400,57.7834749385489,919.513525061451,86.5,0,223,840.797,1063.797,1063.797,0,1,919.513525061451,0,0,1
1.635,50,400,57.7834749385489,919.513525061451,86.5,0,223,840.797,1063.797,1063.797,0,1,919.513525061451,0,0,1
1.636,50,400,57.7834749385489,919.513525061451,86.5,0,223,840.797,1063.797,1063.797,0,1,919.513525061451,0,0,1
1.637,50,400,57.7834749385489,919.513525061451,86.5,0,223,840.797,1063.797,1063.797,0,1,919.513525061451,0,0,1
1.638,50,400,57.7834749385489,919.513525061451,86.5,0,223,840.797,1063.797,1063.797,0,1,919.513525061451,0,0,1
1.639,50,400,57.7834749385489,919.513525061451,86.5,0,223,840.797,1063.797,1063.797,0,1,919.513525061451,0,0,1
1.64,50,400,57.7834749385489,919.513525061451,86.5,0,223,840.797,1063.797,1063.797,0,1,919.513525061451,0,0,1
1.641,50,400,57.7834749385489,919.513525061451,86.5,0,223,840.797,1063.797,1063.797,0,1,919.513525061451,0,0,1
1.642,50,400,57.7834749385489,919.513525061451,86.5,0,223,840.797,1063.797,1063.797,0,1,919.513525061451,0,0,1
1.643,50,400,57.7834749385489,919.513525061451,86.5,0,223,840.797,1063.797,1063.797,0,1,919.513525061451,0,0,1
1.644,50,400,57.7834749385489,919.513525061451,86.5,0,223,840.797,1063.797,1063.797,0,1,919.513525061451,0,0,1
1.645,50,400,57.7834749385489,919.513525061451,86.5,0,223,840.797,1063.797,1063.797,0,1,919.513525061451,0,0,1
1.646,50,400,57.7834749385489,919.513525061451,86.5,0,223,840.797,1063.797,1063.797,0,1,919.513525061451,0,0,1
1.647,50,400,57.7834749385489,919.513525061451,86.5,0,223,840.797,1063.797,1063.797,0,1,919.513525061451,0,0,1
1.648,50,400,57.7834749385489,919.513525061451,86.5,0,223,840.797,1063.797,1063.797,0,1,919.513525061451,0,0,1
1.649,50,400,57.7834749385489,919.513525061451,86.5,0,223,840.797,1063.797,1063.797,0,1,919.513525061451,0,0,1
1.65,50,400,57.7834749385489,919.513525061451,86.5,0,223,840.797,1063.797,1063.797,0,1,919.513525061451,0,0,1
1.651,50,400,57.7834749385489,919.513525061451,86.5,0,223,840.797,1063.797,1063.797,0,1,919.513525061451,0,0,1
1.652,50,400,57.7834749385489,919.513525061451,86.5,0,223,840.797,1063.797,1063.797,0,1,919.513525061451,0,0,1
1.653,50,400,57.7834749385489,919.513525061451,86.5,0,223,840.797,1063.797,1063.797,0,1,919.513525061451,0,0,1
1.654,50,400,57.7834749385489,919.513525061451,86.5,0,223,840.797,1063.797,1063.797,0,1,919.513525061451,0,0,1
1.655,50,400,57.7834749385489,919.513525061451,86.5,0,223,840.797,1063.797,1063.797,0,1,919.513525061451,0,0,1
1.656,50,400,57.7834749385489,919.513525061451,86.5,0,223,840.797,1063.797,1063.797,0,1,919.513525061451,0,0,1
1.657,50,400,57.7834749385489,919.513525061451,86.5,0,223,840.797,1063.797,1063.797,0,1,919.513525061451,0,0,1
1.658,50,400,57.7834749385489,919.513525061451,86.5,0,223,840.797,1063.797,1063.797,0,1,919.513525061451,0,0,1
1.659,50,400,57.7834749385489,919.513525061451,86.5,0,223,840.797,1063.797,1063.797,0,1,919.513525061451,0,0,1
1.66,50,400,57.7834749385489,919.513525061451,86.5,0,223,840.797,1063.797,1063.797,0,1,919.513525061451,0,0,1
1.661,50,400,57.7834749385489,919.513525061451,86.5,0,223,840.797,1063.797,1063.797,0,1,919.513525061451,0,0,1
1.662,50,400,57.7834749385489,919.513525061451,86.5,0,223,840.797,1063.797,1063.797,0,1,919.513525061451,0,0,1
1.663,50,400,57.7834749385489,919.513525061451,86.5,0,223,840.797,1063.797,1063.797,0,1,919.513525061451,0,0,1
1.664,50,400,57.7834749385489,919.513525061451,86.5,0,223,840.797,1063.797,1063.797,0,1,919.513525061451,0,0,1
1.665,50,400,57.7834749385489,919.513525061451,86.5,0,223,840.797,1063.797,1063.797,0,1,919.513525061451,0,0,1
1.666,50,400,57.7834749385489,919.513525061451,86.5,0,223,840.797,1063.797,1063.797,0,1,919.513525061451,0,0,1
1.667,50,400,57.7834749385489,919.513525061451,86.5,0,223,840.797,1063.797,1063.797,0,1,919.513525061451,0,0,1
1.668,50,400,57.7834749385489,919.513525061451,86.5,0,223,840.797,1063.797,1063.797,0,1,919.513525061451,0,0,1
1.669,50,400,57.7834749385489,919.513525061451,86.5,0,223,840.797,1063.797,1063.797,0,1,919.513525061451,0,0,1
1.67,50,400,57.7834749385489,919.513525061451,86.5,0,223,840.797,1063.797,1063.797,0,1,919.513525061451,0,0,1
1.671,50,400,57.7834749385489,919.513525061451,86.5,0,223,840.797,1063.797,1063.797,0,1,919.513525061451,0,0,1
1.672,50,400,57.7834749385489,919.513525061451,86.5,0,223,840.797,1063.797,1063.797,0,1,919.513525061451,0,0,1
1.673,50,400,57.7834749385489,919.513525061451,86.5,0,223,840.797,1063.797,1063.797,0,1,919.513525061451,0,0,1
1.674,50,400,57.7834749385489,919.513525061451,86.5,0,223,840.797,1063.797,1063.797,0,1,919.513525061451,0,0,1
1.675,50,400,57.7834749385489,919.513525061451,86.5,0,223,840.797,1063.797,1063.797,0,1,919.513525061451,0,0,1
1.676,50,400,57.7834749385489,919.513525061451,86.5,0,223,840.797,1063.797,1063.797,0,1,919.513525061451,0,0,1
1.677,50,400,57.7834749385489,919.513525061451,86.5,0,223,840.797,1063.797,1063.797,0,1,919.513525061451,0,0,1
1.678,50,400,57.7834749385489,919.513525061451,86.5,0,223,840.797,1063.797,1063.797,0,1,919.513525061451,0,0,1
1.679,50,400,57.7834749385489,919.513525061451,86.5,0,223,840.797,1063.797,1063.797,0,1,919.513525061451,0,0,1
1.68,50,400,57.7834749385489,919.513525061451,86.5,0,223,840.797,1063.797,1063.797,0,1,919.513525061451,0,0,1
1.681,50,400,57.7834749385489,919.513525061451,86.5,0,223,840.797,1063.797,1063.797,0,1,919.513525061451,0,0,1
1.682,50,400,57.7834749385489,919.513525061451,86.5,0,223,840.797,1063.797,1063.797,0,1,919.513525061451,0,0,1
1.683,50,400,57.7834749385489,919.513525061451,86.5,0,223,840.797,1063.797,1063.797,0,1,919.513525061451,0,0,1
1.684,50,400,57.7834749385489,919.513525061451,86.5,0,223,840.797,1063.797,1063.797,0,1,919.513525061451,0,0,1
1.685,50,400,57.7834749385489,919.513525061451,86.5,0,223,840.797,1063.797,1063.797,0,1,919.513525061451,0,0,1
1.686,50,400,57.7834749385489,919.513525061451,86.5,0,223,840.797,1063.797,1063.797,0,1,919.513525061451,0,0,1
1.687,50,400,57.7834749385489,919.513525061451,86.5,0,223,840.797,1063.797,1063.797,0,1,919.513525061451,0,0,1
1.688,50,400,57.7834749385489,919.513525061451,86.5,0,223,840.797,1063.797,1063.797,0,1,919.513525061451,0,0,1
1.689,50,400,57.7834749385489,919.513525061451,86.5,0,223,840.797,1063.797,1063.797,0,1,919.513525061451,0,0,1
1.69,50,400,57.7834749385489,919.513525061451,86.5,0,223,840.797,1063.797,1063.797,0,1,919.513525061451,0,0,1
1.691,50,400,57.7834749385489,919.513525061451,86.5,0,223,840.797,1063.797,1063.797,0,1,919.513525061451,0,0,1
1.692,50,400,57.7834749385489,919.513525061451,86.5,0,223,840.797,1063.797,1063.797,0,1,919.513525061451,0,0,1
1.693,50,400,57.7834749385489,919.513525061451,86.5,0,223,840.797,1063.797,1063.797,0,1,919.513525061451,0,0,1
1.694,50,400,57.7834749385489,919.513525061451,86.5,0,223,840.797,1063.797,1063.797,0,1,919.513525061451,0,0,1
1.695,50,400,57.7834749385489,919.513525061451,86.5,0,223,840.797,1063.797,1063.797,0,1,919.513525061451,0,0,1
1.696,50,400,57.7834749385489,919.513525061451,86.5,0,223,840.797,1063.797,1063.797,0,1,919.513525061451,0,0,1
1.697,50,400,57.7834749385489,919.513525061451,86.5,0,223,840.797,1063.797,1063.797,0,1,919.513525061451,0,0,1
1.698,50,400,57.7834749385489,919.513525061451,86.5,0,223,840.797,1063.797,1063.797,0,1,919.513525061451,0,0,1
1.699,50,400,57.7834749385489,919.513525061451,86.5,0,223,840.797,1063.797,1063.797,0,1,919.513525061451,0,0,1
1.7,50,400,57.7834749385489,919.513525061451,86.5,0,223,840.797,1063.797,1063.797,0,1,919.513525061451,0,0,1
1.701,50,400,57.7834749385489,919.513525061451,86.5,0,223,840.797,1063.797,1063.797,0,1,919.513525061451,0,0,1
1.702,50,400,57.7834749385489,919.513525061451,86.5,0,223,840.797,1063.797,1063.797,0,1,919.513525061451,0,0,1
1.703,50,400,57.7834749385489,919.513525061451,86.5,0,223,840.797,1063.797,1063.797,0,1,919.513525061451,0,0,1
1.704,50,400,57.7834749385489,919.513525061451,86.5,0,223,840.797,1063.797,1063.797,0,1,919.513525061451,0,0,1
1.705,50,400,57.7834749385489,919.513525061451,86.5,0,223,840.797,1063.797,1063.797,0,1,919.513525061451,0,0,1
1.706,50,400,57.7834749385489,919.513525061451,86.5,0,223,840.797,1063.797,1063.797,0,1,919.513525061451,0,0,1
1.707,50,400,57.7834749385489,919.513525061451,86.5,0,223,840.797,1063.797,1063.797,0,1,919.513525061451,0,0,1
1.708,50,400,57.7834749385489,919.513525061451,86.5,0,223,840.797,1063.797,1063.797,0,1,919.513525061451,0,0,1
1.709,50,400,57.7834749385489,919.513525061451,86.5,0,223,840.797,1063.797,1063.797,0,1,919.513525061451,0,0,1
1.71,50,400,57.7834749385489,919.513525061451,86.5,0,223,840.797,1063.797,1063.797,0,1,919.513525061451,0,0,1
1.711,50,400,57.7834749385489,919.513525061451,86.5,0,223,840.797,1063.797,1063.797,0,1,919.513525061451,0,0,1
1.712,50,400,57.7834749385489,919.513525061451,86.5,0,223,840.797,1063.797,1063.797,0,1,919.513525061451,0,0,1
1.713,50,400,57.7834749385489,919.513525061451,86.5,0,223,840.797,1063.797,1063.797,0,1,919.513525061451,0,0,1
1.714,50,400,57.7834749385489,919.513525061451,86.5,0,223,840.797,1063.797,1063.797,0,1,919.513525061451,0,0,1
1.715,50,400,57.7834749385489,919.513525061451,86.5,0,223,840.797,1063.797,1063.797,0,1,919.513525061451,0,0,1
1.716,50,400,57.7834749385489,919.513525061451,86.5,0,223,840.797,1063.797,1063.797,0,1,919.513525061451,0,0,1
1.717,50,400,57.7834749385489,919.513525061451,86.5,0,223,840.797,1063.797,1063.797,0,1,919.513525061451,0,0,1
1.718,50,400,57.7834749385489,919.513525061451,86.5,0,223,840.797,1063.797,1063.797,0,1,919.513525061451,0,0,1
1.719,50,400,57.7834749385489,919.513525061451,86.5,0,223,840.797,1063.797,1063.797,0,1,919.513525061451,0,0,1
1.72,50,400,57.7834749385489,919.513525061451,86.5,0,223,840.797,1063.797,1063.797,0,1,919.513525061451,0,0,1
1.721,50,400,57.7834749385489,919.513525061451,86.5,0,223,840.797,1063.797,1063.797,0,1,919.513525061451,0,0,1
1.722,50,400,57.7834749385489,919.513525061451,86.5,0,223,840.797,1063.797,1063.797,0,1,919.513525061451,0,0,1
1.723,50,400,57.7834749385489,919.513525061451,86.5,0,223,840.797,1063.797,1063.797,0,1,919.513525061451,0,0,1
1.724,50,400,57.7834749385489,919.513525061451,86.5,0,223,840.797,1063.797,1063.797,0,1,919.513525061451,0,0,1
1.725,50,400,57.7834749385489,919.513525061451,86.5,0,223,840.797,1063.797,1063.797,0,1,919.513525061451,0,0,1
1.726,50,400,57.7834749385489,919.513525061451,86.5,0,223,840.797,1063.797,1063.797,0,1,919.513525061451,0,0,1
1.727,50,400,57.7834749385489,919.513525061451,86.5,0,223,840.797,1063.797,1063.797,0,1,919.513525061451,0,0,1
1.728,50,400,57.7834749385489,919.513525061451,86.5,0,223,840.797,1063.797,1063.797,0,1,919.513525061451,0,0,1
1.729,50,400,57.7834749385489,919.513525061451,86.5,0,223,840.797,1063.797,1063.797,0,1,919.513525061451,0,0,1
1.73,50,400,57.7834749385489,919.513525061451,86.5,0,223,840.797,1063.797,1063.797,0,1,919.513525061451,0,0,1
1.731,50,400,57.7834749385489,919.513525061451,86.5,0,223,840.797,1063.797,1063.797,0,1,919.513525061451,0,0,1
1.732,50,400,57.7834749385489,919.513525061451,86.5,0,223,840.797,1063.797,1063.797,0,1,919.513525061451,0,0,1
1.733,50,400,57.7834749385489,919.513525061451,86.5,0,223,840.797,1063.797,1063.797,0,1,919.513525061451,0,0,1
1.734,50,400,57.7834749385489,919.513525061451,86.5,0,223,840.797,1063.797,1063.797,0,1,919.513525061451,0,0,1
1.735,50,400,57.7834749385489,919.513525061451,86.5,0,223,840.797,1063.797,1063.797,0,1,919.513525061451,0,0,1
1.736,50,400,57.7834749385489,919.513525061451,86.5,0,223,840.797,1063.797,1063.797,0,1,919.513525061451,0,0,1
1.737,50,400,57.7834749385489,919.513525061451,86.5,0,223,840.797,1063.797,1063.797,0,1,919.513525061451,0,0,1
1.738,50,400,57.7834749385489,919.513525061451,86.5,0,223,840.797,1063.797,1063.797,0,1,919.513525061451,0,0,1
1.739,50,400,57.7834749385489,919.513525061451,86.5,0,223,840.797,1063.797,1063.797,0,1,919.513525061451,0,0,1
1.74,50,400,57.7834749385489,919.513525061451,86.5,0,223,840.797,1063.797,1063.797,0,1,919.513525061451,0,0,1
1.741,50,400,57.7834749385489,919.513525061451,86.5,0,223,840.797,1063.797,1063.797,0,1,919.513525061451,0,0,1
1.742,50,400,57.7834749385489,919.513525061451,86.5,0,223,840.797,1063.797,1063.797,0,1,919.513525061451,0,0,1
1.743,50,400,57.7834749385489,919.513525061451,86.5,0,223,840.797,1063.797,1063.797,0,1,919.513525061451,0,0,1
1.744,50,400,57.7834749385489,919.513525061451,86.5,0,223,840.797,1063.797,1063.797,0,1,919.513525061451,0,0,1
1.745,50,400,57.7834749385489,919.513525061451,86.5,0,223,840.797,1063.797,1063.797,0,1,919.513525061451,0,0,1
1.746,50,400,57.7834749385489,919.513525061451,86.5,0,223,840.797,1063.797,1063.797,0,1,919.513525061451,0,0,1
1.747,50,400,57.7834749385489,919.513525061451,86.5,0,223,840.797,1063.797,1063.797,0,1,919.513525061451,0,0,1
1.748,50,400,57.7834749385489,919.513525061451,86.5,0,223,840.797,1063.797,1063.797,0,1,919.513525061451,0,0,1
1.749,50,400,57.7834749385489,919.513525061451,86.5,0,223,840.797,1063.797,1063.797,0,1,919.513525061451,0,0,1
1.75,50,400,57.7834749385489,919.513525061451,86.5,0,223,840.797,1063.797,1063.797,0,1,919.513525061451,0,0,1
1.751,50,400,57.7834749385489,919.513525061451,86.5,0,223,840.797,1063.797,1063.797,0,1,919.513525061451,0,0,1
1.752,50,400,57.7834749385489,919.513525061451,86.5,0,223,840.797,1063.797,1063.797,0,1,919.513525061451,0,0,1
1.753,50,400,57.7834749385489,919.513525061451,86.5,0,223,840.797,1063.797,1063.797,0,1,919.513525061451,0,0,1
1.754,50,400,57.7834749385489,919.513525061451,86.5,0,223,840.797,1063.797,1063.797,0,1,919.513525061451,0,0,1
1.755,50,400,57.7834749385489,919.513525061451,86.5,0,223,840.797,1063.797,1063.797,0,1,919.513525061451,0,0,1
1.756,50,400,57.7834749385489,919.513525061451,86.5,0,223,840.797,1063.797,1063.797,0,1,919.513525061451,0,0,1
1.757,50,400,57.7834749385489,919.513525061451,86.5,0,223,840.797,1063.797,1063.797,0,1,919.513525061451,0,0,1
1.758,50,400,57.7834749385489,919.513525061451,86.5,0,223,840.797,1063.797,1063.797,0,1,919.513525061451,0,0,1
1.759,50,400,57.7834749385489,919.513525061451,86.5,0,223,840.797,1063.797,1063.797,0,1,919.513525061451,0,0,1
1.76,50,400,57.7834749385489,919.513525061451,86.5,0,223,840.797,1063.797,1063.797,0,1,919.513525061451,0,0,1
1.761,50,400,57.7834749385489,919.513525061451,86.5,0,223,840.797,1063.797,1063.797,0,1,919.513525061451,0,0,1
1.762,50,400,57.7834749385489,919.513525061451,86.5,0,223,840.797,1063.797,1063.797,0,1,919.513525061451,0,0,1
1.763,50,400,57.7834749385489,919.513525061451,86.5,0,223,840.797,1063.797,1063.797,0,1,919.513525061451,0,0,1
1.764,50,400,57.7834749385489,919.513525061451,86.5,0,223,840.797,1063.797,1063.797,0,1,919.513525061451,0,0,1
1.765,50,400,57.7834749385489,919.513525061451,86.5,0,223,840.797,1063.797,1063.797,0,1,919.513525061451,0,0,1
1.766,50,400,57.7834749385489,919.513525061451,86.5,0,223,840.797,1063.797,1063.797,0,1,919.513525061451,0,0,1
1.767,50,400,57.7834749385489,919.513525061451,86.5,0,223,840.797,1063.797,1063.797,0,1,919.513525061451,0,0,1
1.768,50,400,57.7834749385489,919.513525061451,86.5,0,223,840.797,1063.797,1063.797,0,1,919.513525061451,0,0,1
1.769,50,400,57.7834749385489,919.513525061451,86.5,0,223,840.797,1063.797,1063.797,0,1,919.513525061451,0,0,1
1.77,50,400,57.7834749385489,919.513525061451,86.5,0,223,840.797,1063.797,1063.797,0,1,919.513525061451,0,0,1
1.771,50,400,57.7834749385489,919.513525061451,86.5,0,223,840.797,1063.797,1063.797,0,1,919.513525061451,0,0,1
1.772,50,400,57.7834749385489,919.513525061451,86.5,0,223,840.797,1063.797,1063.797,0,1,919.513525061451,0,0,1
1.773,50,400,57.7834749385489,919.513525061451,86.5,0,223,840.797,1063.797,1063.797,0,1,919.513525061451,0,0,1
1.774,50,400,57.7834749385489,919.513525061451,86.5,0,223,840.797,1063.797,1063.797,0,1,919.513525061451,0,0,1
1.775,50,400,57.7834749385489,919.513525061451,86.5,0,223,840.797,1063.797,1063.797,0,1,919.513525061451,0,0,1
1.776,50,400,57.7834749385489,919.513525061451,86.5,0,223,840.797,1063.797,1063.797,0,1,919.513525061451,0,0,1
1.777,50,400,57.7834749385489,919.513525061451,86.5,0,223,840.797,1063.797,1063.797,0,1,919.513525061451,0,0,1
1.778,50,400,57.7834749385489,919.513525061451,86.5,0,223,840.797,1063.797,1063.797,0,1,919.513525061451,0,0,1
1.779,50,400,57.7834749385489,919.513525061451,86.5,0,223,840.797,1063.797,1063.797,0,1,919.513525061451,0,0,1
1.78,50,400,57.7834749385489,919.513525061451,86.5,0,223,840.797,1063.797,1063.797,0,1,919.513525061451,0,0,1
1.781,50,400,57.7834749385489,919.513525061451,86.5,0,223,840.797,1063.797,1063.797,0,1,919.513525061451,0,0,1
1.782,50,400,57.7834749385489,919.513525061451,86.5,0,223,840.797,1063.797,1063.797,0,1,919.513525061451,0,0,1
1.783,50,400,57.7834749385489,919.513525061451,86.5,0,223,840.797,1063.797,1063.797,0,1,919.513525061451,0,0,1
1.784,50,400,57.7834749385489,919.513525061451,86.5,0,223,840.797,1063.797,1063.797,0,1,919.513525061451,0,0,1
1.785,50,400,57.7834749385489,919.513525061451,86.5,0,223,840.797,1063.797,1063.797,0,1,919.513525061451,0,0,1
1.786,50,400,57.7834749385489,919.513525061451,86.5,0,223,840.797,1063.797,1063.797,0,1,919.513525061451,0,0,1
1.787,50,400,57.7834749385489,919.513525061451,86.5,0,223,840.797,1063.797,1063.797,0,1,919.513525061451,0,0,1
1.788,50,400,57.7834749385489,919.513525061451,86.5,0,223,840.797,1063.797,1063.797,0,1,919.513525061451,0,0,1
1.789,50,400,57.7834749385489,919.513525061451,86.5,0,223,840.797,1063.797,1063.797,0,1,919.513525061451,0,0,1
1.79,50,400,57.7834749385489,919.513525061451,86.5,0,223,840.797,1063.797,1063.797,0,1,919.513525061451,0,0,1
1.791,50,400,57.7834749385489,919.513525061451,86.5,0,223,840.797,1063.797,1063.797,0,1,919.513525061451,0,0,1
1.792,50,400,57.7834749385489,919.513525061451,86.5,0,223,840.797,1063.797,1063.797,0,1,919.513525061451,0,0,1
1.793,50,400,57.7834749385489,919.513525061451,86.5,0,223,840.797,1063.797,1063.797,0,1,919.513525061451,0,0,1
1.794,50,400,57.7834749385489,919.513525061451,86.5,0,223,840.797,1063.797,1063.797,0,1,919.513525061451,0,0,1
1.795,50,400,57.7834749385489,919.513525061451,86.5,0,223,840.797,1063.797,1063.797,0,1,919.513525061451,0,0,1
1.796,50,400,57.7834749385489,919.513525061451,86.5,0,223,840.797,1063.797,1063.797,0,1,919.513525061451,0,0,1
1.797,50,400,57.7834749385489,919.513525061451,86.5,0,223,840.797,1063.797,1063.797,0,1,919.513525061451,0,0,1
1.798,50,400,57.7834749385489,919.513525061451,86.5,0,223,840.797,1063.797,1063.797,0,1,919.513525061451,0,0,1
1.799,50,400,57.7834749385489,919.513525061451,86.5,0,223,840.797,1063.797,1063.797,0,1,919.513525061451,0,0,1
1.8,50,400,57.7834749385489,919.513525061451,86.5,0,223,840.797,1063.797,1063.797,0,1,919.513525061451,0,0,1
1.801,50,400,57.7834749385489,919.513525061451,86.5,0,223,840.797,1063.797,1063.797,0,1,919.513525061451,0,0,1
1.802,50,400,57.7834749385489,919.513525061451,86.5,0,223,840.797,1063.797,1063.797,0,1,919.513525061451,0,0,1
1.803,50,400,57.7834749385489,919.513525061451,86.5,0,223,840.797,1063.797,1063.797,0,1,919.513525061451,0,0,1
1.804,50,400,57.7834749385489,919.513525061451,86.5,0,223,840.797,1063.797,1063.797,0,1,919.513525061451,0,0,1
1.805,50,400,57.7834749385489,919.513525061451,86.5,0,223,840.797,1063.797,1063.797,0,1,919.513525061451,0,0,1
1.806,50,400,57.7834749385489,919.513525061451,86.5,0,223,840.797,1063.797,1063.797,0,1,919.513525061451,0,0,1
1.807,50,400,57.7834749385489,919.513525061451,86.5,0,223,840.797,1063.797,1063.797,0,1,919.513525061451,0,0,1
1.808,50,400,57.7834749385489,919.513525061451,86.5,0,223,840.797,1063.797,1063.797,0,1,919.513525061451,0,0,1
1.809,50,400,57.7834749385489,919.513525061451,86.5,0,223,840.797,1063.797,1063.797,0,1,919.513525061451,0,0,1
1.81,50,400,57.7834749385489,919.513525061451,86.5,0,223,840.797,1063.797,1063.797,0,1,919.513525061451,0,0,1
1.811,50,400,57.7834749385489,919.513525061451,86.5,0,223,840.797,1063.797,1063.797,0,1,919.513525061451,0,0,1
1.812,50,400,57.7834749385489,919.513525061451,86.5,0,223,840.797,1063.797,1063.797,0,1,919.513525061451,0,0,1
1.813,50,400,57.7834749385489,919.513525061451,86.5,0,223,840.797,1063.797,1063.797,0,1,919.513525061451,0,0,1
1.814,50,400,57.7834749385489,919.513525061451,86.5,0,223,840.797,1063.797,1063.797,0,1,919.513525061451,0,0,1
1.815,50,400,57.7834749385489,919.513525061451,86.5,0,223,840.797,1063.797,1063.797,0,1,919.513525061451,0,0,1
1.816,50,400,57.7834749385489,919.513525061451,86.5,0,223,840.797,1063.797,1063.797,0,1,919.513525061451,0,0,1
1.817,50,400,57.7834749385489,919.513525061451,86.5,0,223,840.797,1063.797,1063.797,0,1,919.513525061451,0,0,1
1.818,50,400,57.7834749385489,919.513525061451,86.5,0,223,840.797,1063.797,1063.797,0,1,919.513525061451,0,0,1
1.819,50,400,57.7834749385489,919.513525061451,86.5,0,223,840.797,1063.797,1063.797,0,1,919.513525061451,0,0,1
1.82,50,400,57.7834749385489,919.513525061451,86.5,0,223,840.797,1063.797,1063.797,0,1,919.513525061451,0,0,1
1.821,50,400,57.7834749385489,919.513525061451,86.5,0,223,840.797,1063.797,1063.797,0,1,919.513525061451,0,0,1
1.822,50,400,57.7834749385489,919.513525061451,86.5,0,223,840.797,1063.797,1063.797,0,1,919.513525061451,0,0,1
1.823,50,400,57.7834749385489,919.513525061451,86.5,0,223,840.797,1063.797,1063.797,0,1,919.513525061451,0,0,1
1.824,50,400,57.7834749385489,919.513525061451,86.5,0,223,840.797,1063.797,1063.797,0,1,919.513525061451,0,0,1
1.825,50,400,57.7834749385489,919.513525061451,86.5,0,223,840.797,1063.797,1063.797,0,1,919.513525061451,0,0,1
1.826,50,400,57.7834749385489,919.513525061451,86.5,0,223,840.797,1063.797,1063.797,0,1,919.513525061451,0,0,1
1.827,50,400,57.7834749385489,919.513525061451,86.5,0,223,840.797,1063.797,1063.797,0,1,919.513525061451,0,0,1
1.828,50,400,57.7834749385489,919.513525061451,86.5,0,223,840.797,1063.797,1063.797,0,1,919.513525061451,0,0,1
1.829,50,400,57.7834749385489,919.513525061451,86.5,0,223,840.797,1063.797,1063.797,0,1,919.513525061451,0,0,1
1.83,50,400,57.7834749385489,919.513525061451,86.5,0,223,840.797,1063.797,1063.797,0,1,919.513525061451,0,0,1
1.831,50,400,57.7834749385489,919.513525061451,86.5,0,223,840.797,1063.797,1063.797,0,1,919.513525061451,0,0,1
1.832,50,400,57.7834749385489,919.513525061451,86.5,0,223,840.797,1063.797,1063.797,0,1,919.513525061451,0,0,1
1.833,50,400,57.7834749385489,919.513525061451,86.5,0,223,840.797,1063.797,1063.797,0,1,919.513525061451,0,0,1
1.834,50,400,57.7834749385489,919.513525061451,86.5,0,223,840.797,1063.797,1063.797,0,1,919.513525061451,0,0,1
1.835,50,400,57.7834749385489,919.513525061451,86.5,0,223,840.797,1063.797,1063.797,0,1,919.513525061451,0,0,1
1.836,50,400,57.7834749385489,919.513525061451,86.5,0,223,840.797,1063.797,1063.797,0,1,919.513525061451,0,0,1
1.837,50,400,57.7834749385489,919.513525061451,86.5,0,223,840.797,1063.797,1063.797,0,1,919.513525061451,0,0,1
1.838,50,400,57.7834749385489,919.513525061451,86.5,0,223,840.797,1063.797,1063.797,0,1,919.513525061451,0,0,1
1.839,50,400,57.7834749385489,919.513525061451,86.5,0,223,840.797,1063.797,1063.797,0,1,919.513525061451,0,0,1
1.84,50,400,57.7834749385489,919.513525061451,86.5,0,223,840.797,1063.797,1063.797,0,1,919.513525061451,0,0,1
1.841,50,400,57.7834749385489,919.513525061451,86.5,0,223,840.797,1063.797,1063.797,0,1,919.513525061451,0,0,1
1.842,50,400,57.7834749385489,919.513525061451,86.5,0,223,840.797,1063.797,1063.797,0,1,919.513525061451,0,0,1
1.843,50,400,57.7834749385489,919.513525061451,86.5,0,223,840.797,1063.797,1063.797,0,1,919.513525061451,0,0,1
1.844,50,400,57.7834749385489,919.513525061451,86.5,0,223,840.797,1063.797,1063.797,0,1,919.513525061451,0,0,1
1.845,50,400,57.7834749385489,919.513525061451,86.5,0,223,840.797,1063.797,1063.797,0,1,919.513525061451,0,0,1
1.846,50,400,57.7834749385489,919.513525061451,86.5,0,223,840.797,1063.797,1063.797,0,1,919.513525061451,0,0,1
1.847,50,400,57.7834749385489,919.513525061451,86.5,0,223,840.797,1063.797,1063.797,0,1,919.513525061451,0,0,1
1.848,50,400,57.7834749385489,919.513525061451,86.5,0,223,840.797,1063.797,1063.797,0,1,919.513525061451,0,0,1
1.849,50,400,57.7834749385489,919.513525061451,86.5,0,223,840.797,1063.797,1063.797,0,1,919.513525061451,0,0,1
1.85,50,400,57.7834749385489,919.513525061451,86.5,0,223,840.797,1063.797,1063.797,0,1,919.513525061451,0,0,1
1.851,50,400,57.7834749385489,919.513525061451,86.5,0,223,840.797,1063.797,1063.797,0,1,919.513525061451,0,0,1
1.852,50,400,57.7834749385489,919.513525061451,86.5,0,223,840.797,1063.797,1063.797,0,1,919.513525061451,0,0,1
1.853,50,400,57.7834749385489,919.513525061451,86.5,0,223,840.797,1063.797,1063.797,0,1,919.513525061451,0,0,1
1.854,50,400,57.7834749385489,919.513525061451,86.5,0,223,840.797,1063.797,1063.797,0,1,919.513525061451,0,0,1
1.855,50,400,57.7834749385489,919.513525061451,86.5,0,223,840.797,1063.797,1063.797,0,1,919.513525061451,0,0,1
1.856,50,400,57.7834749385489,919.513525061451,86.5,0,223,840.797,1063.797,1063.797,0,1,919.513525061451,0,0,1
1.857,50,400,57.7834749385489,919.513525061451,86.5,0,223,840.797,1063.797,1063.797,0,1,919.513525061451,0,0,1
1.858,50,400,57.7834749385489,919.513525061451,86.5,0,223,840.797,1063.797,1063.797,0,1,919.513525061451,0,0,1
1.859,50,400,57.7834749385489,919.513525061451,86.5,0,223,840.797,1063.797,1063.797,0,1,919.513525061451,0,0,1
1.86,50,400,57.7834749385489,919.513525061451,86.5,0,223,840.797,1063.797,1063.797,0,1,919.513525061451,0,0,1
1.861,50,400,57.7834749385489,919.513525061451,86.5,0,223,840.797,1063.797,1063.797,0,1,919.513525061451,0,0,1
1.862,50,400,57.7834749385489,919.513525061451,86.5,0,223,840.797,1063.797,1063.797,0,1,919.513525061451,0,0,1
1.863,50,400,57.7834749385489,919.513525061451,86.5,0,223,840.797,1063.797,1063.797,0,1,919.513525061451,0,0,1
1.864,50,400,57.7834749385489,919.513525061451,86.5,0,223,840.797,1063.797,1063.797,0,1,919.513525061451,0,0,1
1.865,50,400,57.7834749385489,919.513525061451,86.5,0,223,840.797,1063.797,1063.797,0,1,919.513525061451,0,0,1
1.866,50,400,57.7834749385489,919.513525061451,86.5,0,223,840.797,1063.797,1063.797,0,1,919.513525061451,0,0,1
1.867,50,400,57.7834749385489,919.513525061451,86.5,0,223,840.797,1063.797,1063.797,0,1,919.513525061451,0,0,1
1.868,50,400,57.7834749385489,919.513525061451,86.5,0,223,840.797,1063.797,1063.797,0,1,919.513525061451,0,0,1
1.869,50,400,57.7834749385489,919.513525061451,86.5,0,223,840.797,1063.797,1063.797,0,1,919.513525061451,0,0,1
1.87,50,400,57.7834749385489,919.513525061451,86.5,0,223,840.797,1063.797,1063.797,0,1,919.513525061451,0,0,1
1.871,50,400,57.7834749385489,919.513525061451,86.5,0,223,840.797,1063.797,1063.797,0,1,919.513525061451,0,0,1
1.872,50,400,57.7834749385489,919.513525061451,86.5,0,223,840.797,1063.797,1063.797,0,1,919.513525061451,0,0,1
1.873,50,400,57.7834749385489,919.513525061451,86.5,0,223,840.797,1063.797,1063.797,0,1,919.513525061451,0,0,1
1.874,50,400,57.7834749385489,919.513525061451,86.5,0,223,840.797,1063.797,1063.797,0,1,919.513525061451,0,0,1
1.875,50,400,57.7834749385489,919.513525061451,86.5,0,223,840.797,1063.797,1063.797,0,1,919.513525061451,0,0,1
1.876,50,400,57.7834749385489,919.513525061451,86.5,0,223,840.797,1063.797,1063.797,0,1,919.513525061451,0,0,1
1.877,50,400,57.7834749385489,919.513525061451,86.5,0,223,840.797,1063.797,1063.797,0,1,919.513525061451,0,0,1
1.878,50,400,57.7834749385489,919.513525061451,86.5,0,223,840.797,1063.797,1063.797,0,1,919.513525061451,0,0,1
1.879,50,400,57.7834749385489,919.513525061451,86.5,0,223,840.797,1063.797,1063.797,0,1,919.513525061451,0,0,1
1.88,50,400,57.7834749385489,919.513525061451,86.5,0,223,840.797,1063.797,1063.797,0,1,919.513525061451,0,0,1
1.881,50,400,57.7834749385489,919.513525061451,86.5,0,223,840.797,1063.797,1063.797,0,1,919.513525061451,0,0,1
1.882,50,400,57.7834749385489,919.513525061451,86.5,0,223,840.797,1063.797,1063.797,0,1,919.513525061451,0,0,1
1.883,50,400,57.7834749385489,919.513525061451,86.5,0,223,840.797,1063.797,1063.797,0,1,919.513525061451,0,0,1
1.884,50,400,57.7834749385489,919.513525061451,86.5,0,223,840.797,1063.797,1063.797,0,1,919.513525061451,0,0,1
1.885,50,400,57.7834749385489,919.513525061451,86.5,0,223,840.797,1063.797,1063.797,0,1,919.513525061451,0,0,1
1.886,50,400,57.7834749385489,919.513525061451,86.5,0,223,840.797,1063.797,1063.797,0,1,919.513525061451,0,0,1
1.887,50,400,57.7834749385489,919.513525061451,86.5,0,223,840.797,1063.797,1063.797,0,1,919.513525061451,0,0,1
1.888,50,400,57.7834749385489,919.513525061451,86.5,0,223,840.797,1063.797,1063.797,0,1,919.513525061451,0,0,1
1.889,50,400,57.7834749385489,919.513525061451,86.5,0,223,840.797,1063.797,1063.797,0,1,919.513525061451,0,0,1
1.89,50,400,57.7834749385489,919.513525061451,86.5,0,223,840.797,1063.797,1063.797,0,1,919.513525061451,0,0,1
1.891,50,400,57.7834749385489,919.513525061451,86.5,0,223,840.797,1063.797,1063.797,0,1,919.513525061451,0,0,1
1.892,50,400,57.7834749385489,919.513525061451,86.5,0,223,840.797,1063.797,1063.797,0,1,919.513525061451,0,0,1
1.893,50,400,57.7834749385489,919.513525061451,86.5,0,223,840.797,1063.797,1063.797,0,1,919.513525061451,0,0,1
1.894,50,400,57.7834749385489,919.513525061451,86.5,0,223,840.797,1063.797,1063.797,0,1,919.513525061451,0,0,1
1.895,50,400,57.7834749385489,919.513525061451,86.5,0,223,840.797,1063.797,1063.797,0,1,919.513525061451,0,0,1
1.896,50,400,57.7834749385489,919.513525061451,86.5,0,223,840.797,1063.797,1063.797,0,1,919.513525061451,0,0,1
1.897,50,400,57.7834749385489,919.513525061451,86.5,0,223,840.797,1063.797,1063.797,0,1,919.513525061451,0,0,1
1.898,50,400,57.7834749385489,919.513525061451,86.5,0,223,840.797,1063.797,1063.797,0,1,919.513525061451,0,0,1
1.899,50,400,57.7834749385489,919.513525061451,86.5,0,223,840.797,1063.797,1063.797,0,1,919.513525061451,0,0,1
1.9,50,400,57.7834749385489,919.513525061451,86.5,0,223,840.797,1063.797,1063.797,0,1,919.513525061451,0,0,1
1.901,50,400,57.7834749385489,919.513525061451,86.5,0,223,840.797,1063.797,1063.797,0,1,919.513525061451,0,0,1
1.902,50,400,57.7834749385489,919.513525061451,86.5,0,223,840.797,1063.797,1063.797,0,1,919.513525061451,0,0,1
1.903,50,400,57.7834749385489,919.513525061451,86.5,0,223,840.797,1063.797,1063.797,0,1,919.513525061451,0,0,1
1.904,50,400,57.7834749385489,919.513525061451,86.5,0,223,840.797,1063.797,1063.797,0,1,919.513525061451,0,0,1
1.905,50,400,57.7834749385489,919.513525061451,86.5,0,223,840.797,1063.797,1063.797,0,1,919.513525061451,0,0,1
1.906,50,400,57.7834749385489,919.513525061451,86.5,0,223,840.797,1063.797,1063.797,0,1,919.513525061451,0,0,1
1.907,50,400,57.7834749385489,919.513525061451,86.5,0,223,840.797,1063.797,1063.797,0,1,919.513525061451,0,0,1
1.908,50,400,57.7834749385489,919.513525061451,86.5,0,223,840.797,1063.797,1063.797,0,1,919.513525061451,0,0,1
1.909,50,400,57.7834749385489,919.513525061451,86.5,0,223,840.797,1063.797,1063.797,0,1,919.513525061451,0,0,1
1.91,50,400,57.7834749385489,919.513525061451,86.5,0,223,840.797,1063.797,1063.797,0,1,919.513525061451,0,0,1
1.911,50,400,57.7834749385489,919.513525061451,86.5,0,223,840.797,1063.797,1063.797,0,1,919.513525061451,0,0,1
1.912,50,400,57.7834749385489,919.513525061451,86.5,0,223,840.797,1063.797,1063.797,0,1,919.513525061451,0,0,1
1.913,50,400,57.7834749385489,919.513525061451,86.5,0,223,840.797,1063.797,1063.797,0,1,919.513525061451,0,0,1
1.914,50,400,57.7834749385489,919.513525061451,86.5,0,223,840.797,1063.797,1063.797,0,1,919.513525061451,0,0,1
1.915,50,400,57.7834749385489,919.513525061451,86.5,0,223,840.797,1063.797,1063.797,0,1,919.513525061451,0,0,1
1.916,50,400,57.7834749385489,919.513525061451,86.5,0,223,840.797,1063.797,1063.797,0,1,919.513525061451,0,0,1
1.917,50,400,57.7834749385489,919.513525061451,86.5,0,223,840.797,1063.797,1063.797,0,1,919.513525061451,0,0,1
1.918,50,400,57.7834749385489,919.513525061451,86.5,0,223,840.797,1063.797,1063.797,0,1,919.513525061451,0,0,1
1.919,50,400,57.7834749385489,919.513525061451,86.5,0,223,840.797,1063.797,1063.797,0,1,919.513525061451,0,0,1
1.92,50,400,57.7834749385489,919.513525061451,86.5,0,223,840.797,1063.797,1063.797,0,1,919.513525061451,0,0,1
1.921,50,400,57.7834749385489,919.513525061451,86.5,0,223,840.797,1063.797,1063.797,0,1,919.513525061451,0,0,1
1.922,50,400,57.7834749385489,919.513525061451,86.5,0,223,840.797,1063.797,1063.797,0,1,919.513525061451,0,0,1
1.923,50,400,57.7834749385489,919.513525061451,86.5,0,223,840.797,1063.797,1063.797,0,1,919.513525061451,0,0,1
1.924,50,400,57.7834749385489,919.513525061451,86.5,0,223,840.797,1063.797,1063.797,0,1,919.513525061451,0,0,1
1.925,50,400,57.7834749385489,919.513525061451,86.5,0,223,840.797,1063.797,1063.797,0,1,919.513525061451,0,0,1
1.926,50,400,57.7834749385489,919.513525061451,86.5,0,223,840.797,1063.797,1063.797,0,1,919.513525061451,0,0,1
1.927,50,400,57.7834749385489,919.513525061451,86.5,0,223,840.797,1063.797,1063.797,0,1,919.513525061451,0,0,1
1.928,50,400,57.7834749385489,919.513525061451,86.5,0,223,840.797,1063.797,1063.797,0,1,919.513525061451,0,0,1
1.929,50,400,57.7834749385489,919.513525061451,86.5,0,223,840.797,1063.797,1063.797,0,1,919.513525061451,0,0,1
1.93,50,400,57.7834749385489,919.513525061451,86.5,0,223,840.797,1063.797,1063.797,0,1,919.513525061451,0,0,1
1.931,50,400,57.7834749385489,919.513525061451,86.5,0,223,840.797,1063.797,1063.797,0,1,919.513525061451,0,0,1
1.932,50,400,57.7834749385489,919.513525061451,86.5,0,223,840.797,1063.797,1063.797,0,1,919.513525061451,0,0,1
1.933,50,400,57.7834749385489,919.513525061451,86.5,0,223,840.797,1063.797,1063.797,0,1,919.513525061451,0,0,1
1.934,50,400,57.7834749385489,919.513525061451,86.5,0,223,840.797,1063.797,1063.797,0,1,919.513525061451,0,0,1
1.935,50,400,57.7834749385489,919.513525061451,86.5,0,223,840.797,1063.797,1063.797,0,1,919.513525061451,0,0,1
1.936,50,400,57.7834749385489,919.513525061451,86.5,0,223,840.797,1063.797,1063.797,0,1,919.513525061451,0,0,1
1.937,50,400,57.7834749385489,919.513525061451,86.5,0,223,840.797,1063.797,1063.797,0,1,919.513525061451,0,0,1
1.938,50,400,57.7834749385489,919.513525061451,86.5,0,223,840.797,1063.797,1063.797,0,1,919.513525061451,0,0,1
1.939,50,400,57.7834749385489,919.513525061451,86.5,0,223,840.797,1063.797,1063.797,0,1,919.513525061451,0,0,1
1.94,50,400,57.7834749385489,919.513525061451,86.5,0,223,840.797,1063.797,1063.797,0,1,919.513525061451,0,0,1
1.941,50,400,57.7834749385489,919.513525061451,86.5,0,223,840.797,1063.797,1063.797,0,1,919.513525061451,0,0,1
1.942,50,400,57.7834749385489,919.513525061451,86.5,0,223,840.797,1063.797,1063.797,0,1,919.513525061451,0,0,1
1.943,50,400,57.7834749385489,919.513525061451,86.5,0,223,840.797,1063.797,1063.797,0,1,919.513525061451,0,0,1
1.944,50,400,57.7834749385489,919.513525061451,86.5,0,223,840.797,1063.797,1063.797,0,1,919.513525061451,0,0,1
1.945,50,400,57.7834749385489,919.513525061451,86.5,0,223,840.797,1063.797,1063.797,0,1,919.513525061451,0,0,1
1.946,50,400,57.7834749385489,919.513525061451,86.5,0,223,840.797,1063.797,1063.797,0,1,919.513525061451,0,0,1
1.947,50,400,57.7834749385489,919.513525061451,86.5,0,223,840.797,1063.797,1063.797,0,1,919.513525061451,0,0,1
1.948,50,400,57.7834749385489,919.513525061451,86.5,0,223,840.797,1063.797,1063.797,0,1,919.513525061451,0,0,1
1.949,50,400,57.7834749385489,919.513525061451,86.5,0,223,840.797,1063.797,1063.797,0,1,919.513525061451,0,0,1
1.95,50,400,57.7834749385489,919.513525061451,86.5,0,223,840.797,1063.797,1063.797,0,1,919.513525061451,0,0,1
1.951,50,400,57.7834749385489,919.513525061451,86.5,0,223,840.797,1063.797,1063.797,0,1,919.513525061451,0,0,1
1.952,50,400,57.7834749385489,919.513525061451,86.5,0,223,840.797,1063.797,1063.797,0,1,919.513525061451,0,0,1
1.953,50,400,57.7834749385489,919.513525061451,86.5,0,223,840.797,1063.797,1063.797,0,1,919.513525061451,0,0,1
1.954,50,400,57.7834749385489,919.513525061451,86.5,0,223,840.797,1063.797,1063.797,0,1,919.513525061451,0,0,1
1.955,50,400,57.7834749385489,919.513525061451,86.5,0,223,840.797,1063.797,1063.797,0,1,919.513525061451,0,0,1
1.956,50,400,57.7834749385489,919.513525061451,86.5,0,223,840.797,1063.797,1063.797,0,1,919.513525061451,0,0,1
1.957,50,400,57.7834749385489,919.513525061451,86.5,0,223,840.797,1063.797,1063.797,0,1,919.513525061451,0,0,1
1.958,50,400,57.7834749385489,919.513525061451,86.5,0,223,840.797,1063.797,1063.797,0,1,919.513525061451,0,0,1
1.959,50,400,57.7834749385489,919.513525061451,86.5,0,223,840.797,1063.797,1063.797,0,1,919.513525061451,0,0,1
1.96,50,400,57.7834749385489,919.513525061451,86.5,0,223,840.797,1063.797,1063.797,0,1,919.513525061451,0,0,1
1.961,50,400,57.7834749385489,919.513525061451,86.5,0,223,840.797,1063.797,1063.797,0,1,919.513525061451,0,0,1
1.962,50,400,57.7834749385489,919.513525061451,86.5,0,223,840.797,1063.797,1063.797,0,1,919.513525061451,0,0,1
1.963,50,400,57.7834749385489,919.513525061451,86.5,0,223,840.797,1063.797,1063.797,0,1,919.513525061451,0,0,1
1.964,50,400,57.7834749385489,919.513525061451,86.5,0,223,840.797,1063.797,1063.797,0,1,919.513525061451,0,0,1
1.965,50,400,57.7834749385489,919.513525061451,86.5,0,223,840.797,1063.797,1063.797,0,1,919.513525061451,0,0,1
1.966,50,400,57.7834749385489,919.513525061451,86.5,0,223,840.797,1063.797,1063.797,0,1,919.513525061451,0,0,1
1.967,50,400,57.7834749385489,919.513525061451,86.5,0,223,840.797,1063.797,1063.797,0,1,919.513525061451,0,0,1
1.968,50,400,57.7834749385489,919.513525061451,86.5,0,223,840.797,1063.797,1063.797,0,1,919.513525061451,0,0,1
1.969,50,400,57.7834749385489,919.513525061451,86.5,0,223,840.797,1063.797,1063.797,0,1,919.513525061451,0,0,1
1.97,50,400,57.7834749385489,919.513525061451,86.5,0,223,840.797,1063.797,1063.797,0,1,919.513525061451,0,0,1
1.971,50,400,57.7834749385489,919.513525061451,86.5,0,223,840.797,1063.797,1063.797,0,1,919.513525061451,0,0,1
1.972,50,400,57.7834749385489,919.513525061451,86.5,0,223,840.797,1063.797,1063.797,0,1,919.513525061451,0,0,1
1.973,50,400,57.7834749385489,919.513525061451,86.5,0,223,840.797,1063.797,1063.797,0,1,919.513525061451,0,0,1
1.974,50,400,57.7834749385489,919.513525061451,86.5,0,223,840.797,1063.797,1063.797,0,1,919.513525061451,0,0,1
1.975,50,400,57.7834749385489,919.513525061451,86.5,0,223,840.797,1063.797,1063.797,0,1,919.513525061451,0,0,1
1.976,50,400,57.7834749385489,919.513525061451,86.5,0,223,840.797,1063.797,1063.797,0,1,919.513525061451,0,0,1
1.977,50,400,57.7834749385489,919.513525061451,86.5,0,223,840.797,1063.797,1063.797,0,1,919.513525061451,0,0,1
1.978,50,400,57.7834749385489,919.513525061451,86.5,0,223,840.797,1063.797,1063.797,0,1,919.513525061451,0,0,1
1.979,50,400,57.7834749385489,919.513525061451,86.5,0,223,840.797,1063.797,1063.797,0,1,919.513525061451,0,0,1
1.98,50,400,57.7834749385489,919.513525061451,86.5,0,223,840.797,1063.797,1063.797,0,1,919.513525061451,0,0,1
1.981,50,400,57.7834749385489,919.513525061451,86.5,0,223,840.797,1063.797,1063.797,0,1,919.513525061451,0,0,1
1.982,50,400,57.7834749385489,919.513525061451,86.5,0,223,840.797,1063.797,1063.797,0,1,919.513525061451,0,0,1
1.983,50,400,57.7834749385489,919.513525061451,86.5,0,223,840.797,1063.797,1063.797,0,1,919.513525061451,0,0,1
1.984,50,400,57.7834749385489,919.513525061451,86.5,0,223,840.797,1063.797,1063.797,0,1,919.513525061451,0,0,1
1.985,50,400,57.7834749385489,919.513525061451,86.5,0,223,840.797,1063.797,1063.797,0,1,919.513525061451,0,0,1
1.986,50,400,57.7834749385489,919.513525061451,86.5,0,223,840.797,1063.797,1063.797,0,1,919.513525061451,0,0,1
1.987,50,400,57.7834749385489,919.513525061451,86.5,0,223,840.797,1063.797,1063.797,0,1,919.513525061451,0,0,1
1.988,50,400,57.7834749385489,919.513525061451,86.5,0,223,840.797,1063.797,1063.797,0,1,919.513525061451,0,0,1
1.989,50,400,57.7834749385489,919.513525061451,86.5,0,223,840.797,1063.797,1063.797,0,1,919.513525061451,0,0,1
1.99,50,400,57.7834749385489,919.513525061451,86.5,0,223,840.797,1063.797,1063.797,0,1,919.513525061451,0,0,1
1.991,50,400,57.7834749385489,919.513525061451,86.5,0,223,840.797,1063.797,1063.797,0,1,919.513525061451,0,0,1
1.992,50,400,57.7834749385489,919.513525061451,86.5,0,223,840.797,1063.797,1063.797,0,1,919.513525061451,0,0,1
1.993,50,400,57.7834749385489,919.513525061451,86.5,0,223,840.797,1063.797,1063.797,0,1,919.513525061451,0,0,1
1.994,50,400,57.7834749385489,919.513525061451,86.5,0,223,840.797,1063.797,1063.797,0,1,919.513525061451,0,0,1
1.995,50,400,57.7834749385489,919.513525061451,86.5,0,223,840.797,1063.797,1063.797,0,1,919.513525061451,0,0,1
1.996,50,400,57.7834749385489,919.513525061451,86.5,0,223,840.797,1063.797,1063.797,0,1,919.513525061451,0,0,1
1.997,50,400,57.7834749385489,919.513525061451,86.5,0,223,840.797,1063.797,1063.797,0,1,919.513525061451,0,0,1
1.998,50,400,57.7834749385489,919.513525061451,86.5,0,223,840.797,1063.797,1063.797,0,1,919.513525061451,0,0,1
1.999,50,400,57.7834749385489,919.513525061451,86.5,0,223,840.797,1063.797,1063.797,0,1,919.513525061451,0,0,1
2,50,400,0,919.513525061451,86.5,0,223,840.797,1063.797,1006.01352506145,0,0,919.513525061451,1,0,1
2.001,49.9981408148347,399.658604845607,0,919.513525061451,86.5,0,223,840.797,1063.797,1006.01352506145,0,0,919.513525061451,1,0,1
2.002,49.9962822278628,399.33032146952,0,919.513525061451,86.5,0,223,840.797,1063.797,1006.01352506145,-0.000669306659518725,0,919.513525061451,1,0,1
2.003,49.9944242388918,399.014678173665,0,919.513525061451,86.5,0,223,840.797,1063.797,1006.01352506145,-0.00200770462892365,0,919.513525061451,1,0,1
2.004,49.9925668477294,398.711219676013,0,919.513525061451,86.5,0,223,840.797,1063.797,1006.01352506145,-0.0040149786278721,0,919.513525061451,1,0,1
2.005,49.9907100541832,398.419506549525,0,919.513525061451,86.5,0,223,840.797,1063.797,1006.01352506145,-0.00669091344528567,0,919.513525061451,1,0,1
2.006,49.9888538580609,398.13911468007,0,919.513525061451,86.5,0,223,840.797,1063.797,1006.01352506145,-0.0100352939393298,0,919.513525061451,1,0,1
2.007,49.9869982591704,397.86963474269,0,919.513525061451,86.5,0,223,840.797,1063.797,1006.01352506145,-0.0140479050373932,0,919.513525061451,1,0,1
2.008,49.9851432573193,397.610671695589,0,919.513525061451,86.5,0,223,840.797,1063.797,1006.01352506145,-0.018728531736065,0,919.513525061451,1,0,1
2.009,49.9832888523157,397.361844291242,0,919.513525061451,86.5,0,223,840.797,1063.797,1006.01352506145,-0.0240769591011116,0,919.513525061451,1,0,1
2.01,49.9814350439675,397.122784604068,0,919.513525061451,86.5,0,223,840.797,1063.797,1006.01352506145,-0.0300929722674536,0,919.513525061451,1,0,1
2.011,49.9795818320828,396.893137574087,0,919.513525061451,86.5,0,223,840.797,1063.797,1006.01352506145,-0.036776356439143,0,919.513525061451,1,0,1
2.012,49.9777292164695,396.67256056604,0,919.513525061451,86.5,0,223,840.797,1063.797,1006.01352506145,-0.0441268968893451,0,919.513525061451,1,0,1
2.013,49.975877196936,396.460722943444,0,919.513525061451,86.5,0,223,840.797,1063.797,1006.01352506145,-0.0521443789603128,0,919.513525061451,1,0,1
2.014,49.9740257732903,396.25730565708,0,919.513525061451,86.5,0,223,840.797,1063.797,1006.01352506145,-0.0608285880633642,0,919.513525061451,1,0,1
2.015,49.9721749453408,396.062000847431,0,919.513525061451,86.5,0,223,840.797,1063.797,1006.01352506145,-0.0701793096788612,0,919.513525061451,1,0,1
2.016,49.9703247128957,395.874511460596,0,919.513525061451,86.5,0,223,840.797,1063.797,1006.01352506145,-0.0801963293561897,0,919.513525061451,1,0,1
2.017,49.9684750757635,395.694550877232,0,919.513525061451,86.5,0,223,840.797,1063.797,1006.01352506145,-0.0908794327137341,0,919.513525061451,1,0,1
2.018,49.9666260337527,395.521842554078,0,919.513525061451,86.5,0,223,840.797,1063.797,1006.01352506145,-0.102228405438856,0,919.513525061451,1,0,1
2.019,49.9647775866718,395.356119677645,0,919.513525061451,86.5,0,223,840.797,1063.797,1006.01352506145,-0.114243033287873,0,919.513525061451,1,0,1
2.02,49.9629297343293,395.197124829657,0,919.513525061451,86.5,0,223,840.797,1063.797,1006.01352506145,-0.126923102086032,0,919.513525061451,1,0,1
2.021,49.9610824765338,395.044609663848,0,919.513525061451,86.5,0,223,840.797,1063.797,1006.01352506145,-0.140268397727497,0,919.513525061451,1,0,1
2.022,49.9592358130942,394.898334593733,0,919.513525061451,86.5,0,223,840.797,1063.797,1006.01352506145,-0.154278706175315,0,919.513525061451,1,0,1
2.023,49.9573897438191,394.758068490986,0,919.513525061451,86.5,0,223,840.797,1063.797,1006.01352506145,-0.168953813461401,0,919.513525061451,1,0,1
2.024,49.9555442685174,394.623588394061,0,919.513525061451,86.5,0,223,840.797,1063.797,1006.01352506145,-0.184293505686518,0,919.513525061451,1,0,1
2.025,49.953699386998,394.494679226716,0,919.513525061451,86.5,0,223,840.797,1063.797,1006.01352506145,-0.200297569020246,0,919.513525061451,1,0,1
2.026,49.9518550990698,394.371133526105,0,919.513525061451,86.5,0,223,840.797,1063.797,1006.01352506145,-0.216965789700967,0,919.513525061451,1,0,1
2.027,49.9500114045418,394.252751180112,0,919.513525061451,86.5,0,223,840.797,1063.797,1006.01352506145,-0.234297954035841,0,919.513525061451,1,0,1
2.028,49.9481683032232,394.139339173626,0,919.513525061451,86.5,0,223,840.797,1063.797,1006.01352506145,-0.252293848400784,0,919.513525061451,1,0,1
2.029,49.9463257949229,394.030711343438,0,919.513525061451,86.5,0,223,840.797,1063.797,1006.01352506145,-0.270953259240445,0,919.513525061451,1,0,1
2.03,49.9444838794504,393.926688141481,0,919.513525061451,86.5,0,223,840.797,1063.797,1006.01352506145,-0.290275973068186,0,919.513525061451,1,0,1
2.031,49.9426425566147,393.827096406137,0,919.513525061451,86.5,0,223,840.797,1063.797,1006.01352506145,-0.310261776466056,0,919.513525061451,1,0,1
2.032,49.9408018262252,393.731769141322,0,919.513525061451,86.5,0,223,840.797,1063.797,1006.01352506145,-0.330910456084772,0,919.513525061451,1,0,1
2.033,49.9389616880913,393.640545303098,0,919.513525061451,86.5,0,223,840.797,1063.797,1006.01352506145,-0.352221798643696,0,919.513525061451,1,0,1
2.034,49.9371221420225,393.553269593555,0,919.513525061451,86.5,0,223,840.797,1063.797,1006.01352506145,-0.374195590930814,0,919.513525061451,1,0,1
2.035,49.9352831878282,393.469792261724,0,919.513525061451,86.5,0,223,840.797,1063.797,1006.01352506145,-0.396831619802713,0,919.513525061451,1,0,1
2.036,49.933444825318,393.389968911266,0,919.513525061451,86.5,0,223,840.797,1063.797,1006.01352506145,-0.420129672184559,0,919.513525061451,1,0,1
2.037,49.9316070543016,393.313660314729,0,919.513525061451,86.5,0,223,840.797,1063.797,1006.01352506145,-0.444089535070074,0,919.513525061451,1,0,1
2.038,49.9297698745885,393.240732234138,0,919.513525061451,86.5,0,223,840.797,1063.797,1006.01352506145,-0.468710995521516,0,919.513525061451,1,0,1
2.039,49.9279332859886,393.171055247706,0,919.513525061451,86.5,0,223,840.797,1063.797,1006.01352506145,-0.493993840669656,0,919.513525061451,1,0,1
2.04,49.9260972883117,393.104504582466,0,919.513525061451,86.5,0,223,840.797,1063.797,1006.01352506145,-0.519937857713754,0,919.513525061451,1,0,1
2.041,49.9242618813676,393.040959952611,0,919.513525061451,86.5,0,223,840.797,1063.797,1006.01352506145,-0.546542833921541,0,919.513525061451,1,0,1
2.042,49.9224270649663,392.980305403364,0,919.513525061451,86.5,0,223,840.797,1063.797,1006.01352506145,-0.573808556629193,0,919.513525061451,1,0,1
2.043,49.9205928389178,392.92242916018,0,919.513525061451,86.5,0,223,840.797,1063.797,1006.01352506145,-0.60173481324131,0,919.513525061451,1,0,1
2.044,49.9187592030321,392.867223483101,0,919.513525061451,86.5,0,223,840.797,1063.797,1006.01352506145,-0.630321391230897,0,919.513525061451,1,0,1
2.045,49.9169261571193,392.814584526098,0,919.513525061451,86.5,0,223,840.797,1063.797,1006.01352506145,-0.659568078139337,0,919.513525061451,1,0,1
2.046,49.9150937009897,392.764412201217,0,919.513525061451,86.5,0,223,840.797,1063.797,1006.01352506145,-0.689474661576374,0,919.513525061451,1,0,1
2.047,49.9132618344534,392.716610047383,0,919.513525061451,86.5,0,223,840.797,1063.797,1006.01352506145,-0.720040929220087,0,919.513525061451,1,0,1
2.048,49.9114305573207,392.671085103691,0,919.513525061451,86.5,0,223,840.797,1063.797,1006.01352506145,-0.751266668816871,0,919.513525061451,1,0,1
2.049,49.9095998694021,392.627747787035,0,919.513525061451,86.5,0,223,840.797,1063.797,1006.01352506145,-0.783151668181411,0,919.513525061451,1,0,1
2.05,49.9077697705078,392.586511773937,0,919.513525061451,86.5,0,223,840.797,1063.797,1006.01352506145,-0.815695715196668,0,919.513525061451,1,0,1
2.051,49.9059402604485,392.547293886416,0,919.513525061451,86.5,0,223,840.797,1063.797,1006.01352506145,-0.848898597813845,0,919.513525061451,1,0,1
2.052,49.9041113390347,392.510013981785,0,919.513525061451,86.5,0,223,840.797,1063.797,1006.01352506145,-0.882760104052376,0,919.513525061451,1,0,1
2.053,49.9022830060768,392.474594846215,0,919.513525061451,86.5,0,223,840.797,1063.797,1006.01352506145,-0.9172800219999,0,919.513525061451,1,0,1
2.054,49.9004552613857,392.440962091959,0,919.513525061451,86.5,0,223,840.797,1063.797,1006.01352506145,-0.952458139812237,0,919.513525061451,1,0,1
2.055,49.8986281047721,392.409044058102,0,919.513525061451,86.5,0,223,840.797,1063.797,1006.01352506145,-0.988294245713369,0,919.513525061451,1,0,1
2.056,49.8968015360467,392.378771714729,0,919.513525061451,86.5,0,223,840.797,1063.797,1006.01352506145,-1.02478812799542,0,919.513525061451,1,0,1
2.057,49.8949755550203,392.350078570367,0,919.513525061451,86.5,0,223,840.797,1063.797,1006.01352506145,-1.06193957501862,0,919.513525061451,1,0,1
2.058,49.8931501615039,392.322900582633,0,919.513525061451,86.5,0,223,840.797,1063.797,1006.01352506145,-1.09974837521131,0,919.513525061451,1,0,1
2.059,49.8913253553085,392.297176071935,0,919.513525061451,86.5,0,223,840.797,1063.797,1006.01352506145,-1.13821431706989,0,919.513525061451,1,0,1
2.06,49.8895011362451,392.272845638157,0,919.513525061451,86.5,0,223,840.797,1063.797,1006.01352506145,-1.17733718915882,0,919.513525061451,1,0,1
2.061,49.8876775041247,392.249852080204,0,919.513525061451,86.5,0,223,840.797,1063.797,1006.01352506145,-1.21711678011059,0,919.513525061451,1,0,1
2.062,49.8858544587586,392.228140318321,0,919.513525061451,86.5,0,223,840.797,1063.797,1006.01352506145,-1.25755287862569,0,919.513525061451,1,0,1
2.063,49.8840319999579,392.207657319089,0,919.513525061451,86.5,0,223,840.797,1063.797,1006.01352506145,-1.29864527347261,0,919.513525061451,1,0,1
2.064,49.8822101275339,392.188352023009,0,919.513525061451,86.5,0,223,840.797,1063.797,1006.01352506145,-1.34039375348778,0,919.513525061451,1,0,1
2.065,49.8803888412979,392.170175274578,0,919.513525061451,86.5,0,223,840.797,1063.797,1006.01352506145,-1.38279810757559,0,919.513525061451,1,0,1
2.066,49.8785681410614,392.153079754785,0,919.513525061451,86.5,0,223,840.797,1063.797,1006.01352506145,-1.42585812470835,0,919.513525061451,1,0,1
2.067,49.8767480266357,392.137019915937,0,919.513525061451,86.5,0,223,840.797,1063.797,1006.01352506145,-1.46957359392626,0,919.513525061451,1,0,1
2.068,49.8749284978325,392.121951918728,0,919.513525061451,86.5,0,223,840.797,1063.797,1006.01352506145,-1.51394430433741,0,919.513525061451,1,0,1
2.069,49.8731095544632,392.107833571497,0,919.513525061451,86.5,0,223,840.797,1063.797,1006.01352506145,-1.55897004511773,0,919.513525061451,1,0,1
2.07,49.8712911963395,392.094624271577,0,919.513525061451,86.5,0,223,840.797,1063.797,1006.01352506145,-1.60465060551098,0,919.513525061451,1,0,1
2.071,49.8694734232732,392.082284948677,0,919.513525061451,86.5,0,223,840.797,1063.797,1006.01352506145,-1.65098577482874,0,919.513525061451,1,0,1
2.072,49.8676562350759,392.070778010221,0,919.513525061451,86.5,0,223,840.797,1063.797,1006.01352506145,-1.6979753424504,0,919.513525061451,1,0,1
2.073,49.8658396315595,392.060067288588,0,919.513525061451,86.5,0,223,840.797,1063.797,1006.01352506145,-1.74561909782306,0,919.513525061451,1,0,1
2.074,49.8640236125359,392.050117990174,0,919.513525061451,86.5,0,223,840.797,1063.797,1006.01352506145,-1.79391683046163,0,919.513525061451,1,0,1
2.075,49.862208177817,392.04089664622,0,919.513525061451,86.5,0,223,840.797,1063.797,1006.01352506145,-1.84286832994871,0,919.513525061451,1,0,1
2.076,49.8603933272148,392.032371065354,0,919.513525061451,86.5,0,223,840.797,1063.797,1006.01352506145,-1.89247338593459,0,919.513525061451,1,0,1
2.077,49.8585790605413,392.024510287776,0,919.513525061451,86.5,0,223,840.797,1063.797,1006.01352506145,-1.94273178813726,0,919.513525061451,1,0,1
2.078,49.8567653776088,392.017284541029,0,919.513525061451,86.5,0,223,840.797,1063.797,1006.01352506145,-1.99364332634238,0,919.513525061451,1,0,1
2.079,49.8549522782293,392.01066519732,0,919.513525061451,86.5,0,223,840.797,1063.797,1006.01352506145,-2.04520779040322,0,919.513525061451,1,0,1
2.08,49.8531397622151,392.004624732321,0,919.513525061451,86.5,0,223,840.797,1063.797,1006.01352506145,-2.09742497024068,0,919.513525061451,1,0,1
2.081,49.8513278293785,391.999136685394,0,919.513525061451,86.5,0,223,840.797,1063.797,1006.01352506145,-2.15029465584324,0,919.513525061451,1,0,1
2.082,49.8495164795319,391.994175621219,0,919.513525061451,86.5,0,223,840.797,1063.797,1006.01352506145,-2.20381663726697,0,919.513525061451,1,0,1
2.083,49.8477057124877,391.989717092748,0,919.513525061451,86.5,0,223,840.797,1063.797,1006.01352506145,-2.25799070463547,0,919.513525061451,1,0,1
2.084,49.8458955280584,391.985737605452,0,919.513525061451,86.5,0,223,840.797,1063.797,1006.01352506145,-2.31281664813989,0,919.513525061451,1,0,1
2.085,49.8440859260565,391.982214582822,0,919.513525061451,86.5,0,223,840.797,1063.797,1006.01352506145,-2.36829425803886,0,919.513525061451,1,0,1
2.086,49.8422769062946,391.979126333066,0,919.513525061451,86.5,0,223,840.797,1063.797,1006.01352506145,-2.42442332465852,0,919.513525061451,1,0,1
2.087,49.8404684685854,391.976452016979,0,919.513525061451,86.5,0,223,840.797,1063.797,1006.01352506145,-2.48120363839246,0,919.513525061451,1,0,1
2.088,49.8386606127417,391.974171616933,0,919.513525061451,86.5,0,223,840.797,1063.797,1006.01352506145,-2.5386349897017,0,919.513525061451,1,0,1
2.089,49.8368533385761,391.972265906949,0,919.513525061451,86.5,0,223,840.797,1063.797,1006.01352506145,-2.5967171691147,0,919.513525061451,1,0,1
2.09,49.8350466459016,391.970716423824,0,919.513525061451,86.5,0,223,840.797,1063.797,1006.01352506145,-2.65544996722731,0,919.513525061451,1,0,1
2.091,49.833240534531,391.969505439265,0,919.513525061451,86.5,0,223,840.797,1063.797,1006.01352506145,-2.71483317470274,0,919.513525061451,1,0,1
2.092,49.8314350042773,391.968615933005,0,919.513525061451,86.5,0,223,840.797,1063.797,1006.01352506145,-2.77486658227159,0,919.513525061451,1,0,1
2.093,49.8296300549536,391.968031566857,0,919.513525061451,86.5,0,223,840.797,1063.797,1006.01352506145,-2.83554998073175,0,919.513525061451,1,0,1
2.094,49.8278256863729,391.967736659686,0,919.513525061451,86.5,0,223,840.797,1063.797,1006.01352506145,-2.89688316094846,0,919.513525061451,1,0,1
2.095,49.8260218983484,391.967716163257,0,919.513525061451,86.5,0,223,840.797,1063.797,1006.01352506145,-2.95886591385421,0,919.513525061451,1,0,1
2.096,49.8242186906932,391.967955638936,0,919.513525061451,86.5,0,223,840.797,1063.797,1006.01352506145,-3.02149803044879,0,919.513525061451,1,0,1
2.097,49.8224160632207,391.968441235208,0,919.513525061451,86.5,0,223,840.797,1063.797,1006.01352506145,-3.08477930179923,0,919.513525061451,1,0,1
2.098,49.8206140157442,391.96915966599,0,919.513525061451,86.5,0,223,840.797,1063.797,1006.01352506145,-3.14870951903977,0,919.513525061451,1,0,1
2.099,49.818812548077,391.970098189712,0,919.513525061451,86.5,0,223,840.797,1063.797,1006.01352506145,-3.21328847337186,0,919.513525061451,1,0,1
2.1,49.8170116600326,391.971244589128,0,919.513525061451,86.5,0,223,0,223,1006.01352506145,-3.27851595606414,0,919.513525061451,1,0,0
2.101,49.8422640219522,392.257382649525,0,896.296407559403,86.5,0,223,0,223,982.796407559403,-3.3443917584524,0,919.513525061451,1,0,0
2.102,49.8667612474136,392.538009736968,0,873.853193974089,86.5,0,223,0,223,960.353193974089,-3.4011767105496,0,919.513525061451,1,0,0
2.103,49.8905284797656,392.813229011308,0,852.158087508286,86.5,0,223,0,223,938.658087508286,-3.44914266148069,0,919.513525061451,1,0,0
2.104,49.9135900242544,393.083141804518,0,831.18615125801,86.5,0,223,0,223,917.68615125801,-3.48855240876508,0,919.513525061451,1,0,0
2.105,49.9359693759601,393.34784764941,0,810.91327954941,86.5,0,223,0,223,897.41327954941,-3.5196600000335,0,919.513525061451,1,0,0
2.106,49.9576892468028,393.607444308032,0,791.316170231096,86.5,0,223,0,223,877.816170231096,-3.54271102468785,0,919.513525061451,1,0,0
2.107,49.9787715916472,393.862027799754,0,772.37229789006,86.5,0,223,0,223,858.87229789006,-3.55794289583884,0,919.513525061451,1,0,0
2.108,49.9992376335382,394.11155691284,0,754.059887960391,86.5,0,223,0,223,840.559887960391,-3.56558512284586,0,919.513525061451,1,0,0
2.109,50.019107888095,394.355961769496,0,736.357891695045,86.4466176615309,0,223,0,223,822.804509356576,-3.5658595747721,0,919.513525061451,1,0,0
2.11,50.0384004695131,394.595182957912,0,719.245961971876,86.2845291819139,0,223,0,223,805.53049115379,-3.5589807350579,0,919.513525061451,1,0,0
2.111,50.0571310514455,394.829171067254,0,702.704429906147,86.019456416171,0,223,0,223,788.723886322318,-3.54515656603317,0,919.513525061451,1,0,0
2.112,50.0753148537559,395.057886233487,0,686.714282242609,85.6568969636687,0,223,0,223,772.371179206278,-3.52458938751278,0,919.513525061451,1,0,0
2.113,50.0929666565445,395.281297696098,0,671.257139501189,85.2021321251704,0,223,0,223,756.459271626359,-3.49747604016064,0,919.513525061451,1,0,0
2.114,50.1101008137215,395.499383365725,0,656.315234851149,84.6602345883096,0,223,0,223,740.975469439459,-3.46400804380461,0,919.513525061451,1,0,0
2.115,50.1267312661444,395.71212940271,0,641.871393689444,84.036075850615,0,223,0,223,725.907469540059,-3.42437175086487,0,919.513525061451,1,0,0
2.116,50.1428715543322,395.919529806569,0,627.909013899796,83.3343333889088,0,223,0,223,711.243347288705,-3.3787484950529,0,919.513525061451,1,0,0
2.117,50.1585348307719,396.121586016351,0,614.412046769803,82.5594975836103,0,223,0,223,696.971544353413,-3.3273147354933,0,919.513525061451,1,0,0
2.118,50.1737338718287,396.31830652187,0,601.364978544143,81.7158784061852,0,223,0,223,683.080856950328,-3.27024219641542,0,919.513525061451,1,0,0
2.119,50.188481089275,396.509706485739,0,588.752812592671,80.8076118777122,0,223,0,223,669.560424470383,-3.20769800255708,0,919.513525061451,1,0,0
2.12,50.2027885414494,396.695807376173,0,576.561052172916,79.8386663062661,0,223,0,223,656.399718479182,-3.13984481041807,0,919.513525061451,1,0,0
2.121,50.2166679440576,396.876636610469,0,564.775683767152,78.8128483105632,0,223,0,223,643.588532077715,-3.0668409354963,0,919.513525061451,1,0,0
2.122,50.230130680629,397.052227209101,0,553.383160974913,77.7338086370644,0,223,0,223,631.116969611978,-2.98884047563555,0,919.513525061451,1,0,0
2.123,50.2431878126369,397.222617460326,0,542.370388942416,76.6050477774894,0,223,0,223,618.975436719906,-2.90599343060913,0,919.513525061451,1,0,0
2.124,50.2558500892969,397.387850595206,0,531.724709311002,75.4299213934662,0,223,0,223,607.154630704469,-2.81844581805986,0,919.513525061451,1,0,0
2.125,50.2681279570514,397.547974472946,0,521.433885667302,74.2116455548114,0,223,0,223,595.645531222114,-2.72633978591298,0,919.513525061451,1,0,0
2.126,50.2800315687519,397.703041276412,0,511.486089478392,72.9533017977233,0,223,0,223,584.439391276115,-2.62981372137446,0,919.513525061451,1,0,0
2.127,50.2915707925482,397.85310721773,0,501.869886495779,71.6578420089548,0,223,0,223,573.527728504734,-2.52900235662376,0,919.513525061451,1,0,0
2.128,50.3027552204948,397.998232253809,0,492.574223612587,70.328093141837,0,223,0,223,562.902316754424,-2.4240368713064,0,919.513525061451,1,0,0
2.129,50.3135941768831,398.138479811674,0,483.588416158834,68.9667617698197,0,223,0,223,552.555177928653,-2.31504499192827,0,919.513525061451,1,0,0
2.13,50.3240967263091,398.273916523447,0,474.902135620206,67.5764384830135,0,223,0,223,542.478574103219,-2.20215108825035,0,919.513525061451,1,0,0
2.131,50.3342716814842,398.404611970844,0,466.505397766199,66.1596021330279,0,223,0,223,532.664999899227,-2.08547626677906,0,919.513525061451,1,0,0
2.132,50.3441276107983,398.530638439014,0,458.388551173992,64.718623931228,0,223,0,223,523.10717510522,-1.96513846144477,0,919.513525061451,1,0,0
2.133,50.3536728456438,398.652070679588,0,450.542266134859,63.2557714053564,0,223,0,223,513.798037540216,-1.84125252155737,0,919.513525061451,1,0,0
2.134,50.3629154875062,398.768985682746,0,442.957523930364,61.7732122193048,0,223,0,223,504.730736149669,-1.7139302971256,0,919.513525061451,1,0,0
2.135,50.3718634148317,398.881462458163,0,435.625606466019,60.2730178606579,0,223,0,223,495.898624326676,-1.58328072162336,0,919.513525061451,1,0,0
2.136,50.3805242896765,398.989581824647,0,428.538086250485,58.7571672004779,0,223,0,223,487.295253450963,-1.44940989228397,0,919.513525061451,1,0,0
2.137,50.3889055641474,399.093426208307,0,421.686816708802,57.2275499296475,0,223,0,223,478.914366638449,-1.31242114800042,0,919.513525061451,1,0,0
2.138,50.3970144866376,399.193079449073,0,415.063922818508,55.6859698759459,0,223,0,223,470.749892694454,-1.17241514490737,0,919.513525061451,1,0,0
2.139,50.4048581078676,399.288626615387,0,408.661792057891,54.1341482058926,0,223,0,223,462.795940263784,-1.02948992971782,0,919.513525061451,1,0,0
2.14,50.4124432867346,399.380153826899,0,402.473065655962,52.5737265152567,0,223,0,223,455.046792171218,-0.883741010885483,0,919.513525061451,1,0,0
2.141,50.4197766959786,399.467748084977,0,396.490630134096,51.0062698120003,0,223,0,223,447.496899946097,-0.735261427661037,0,919.513525061451,1,0,0
2.142,50.4268648276705,399.551497110854,0,390.707609129626,49.4332693952998,0,223,0,223,440.140878524926,-0.584141817108747,0,919.513525061451,1,0,0
2.143,50.433713998528,399.631489191238,0,385.117355491972,47.8561456341629,0,223,0,223,432.973501126135,-0.43047047914735,0,919.513525061451,1,0,0
2.144,50.440330355064,399.707813031187,0,379.71344364224,46.2762506490445,0,223,0,223,425.989694291284,-0.274333439677285,0,919.513525061451,1,0,0
2.145,50.4467198785756,399.780557614084,0,374.489662187498,44.6948708997505,0,223,0,223,419.184533087249,-0.115814511854238,0,919.513525061451,1,0,0
2.146,50.4528883899753,399.849812068518,0,369.440006781249,43.1132296828051,0,223,0,223,412.553236464054,0.0450046444329856,0,919.513525061451,1,0,0
2.147,50.4588415544722,399.915665541897,0,364.558673221874,41.5324895413554,0,223,0,223,406.091162763229,0.208044464824088,0,919.513525061451,1,0,0
2.148,50.4645848861073,399.978207080604,0,359.840050781144,39.9537545905801,0,223,0,223,399.793805371725,0.373227424434083,0,919.513525061451,1,0,0
2.149,50.4701237521469,400.037525516524,0,355.278715755106,38.3780727614712,0,223,0,223,393.656788516578,0.54047798343271,0,919.513525061451,1,0,0
2.15,50.4754633773398,400.093709359755,0,350.869425229936,36.8064379657622,0,223,0,223,387.675863195698,0.70972253420559,0,919.513525061451,1,0,0
2.151,50.4806088480419,400.146846697324,0,346.607111055605,35.2397921846809,0,223,0,223,381.846903240286,0.880889350047913,0,919.513525061451,1,0,0
2.152,50.4855651162131,400.197025097743,0,342.486874020418,33.6790274841185,0,223,0,223,376.165901504537,1.053908535343,0,919.513525061451,1,0,0
2.153,50.4903370032897,400.244331521211,0,338.503978219738,32.1249879587153,0,223,0,223,370.628966178453,1.22871197717971,0,919.513525061451,1,0,0
2.154,50.4949292039379,400.288852235296,0,334.653845612413,30.5784716072839,0,223,0,223,365.232317219697,1.40523329836402,0,919.513525061451,1,0,0
2.155,50.4993462896902,400.330672735935,0,330.932050758666,29.0402321419065,0,223,0,223,359.972282900572,1.58340781178167,0,919.513525061451,1,0,0
2.156,50.5035927124702,400.36987767356,0,327.334315733377,27.5109807329648,0,223,0,223,354.845296466342,1.76317247607014,0,919.513525061451,1,0,0
2.157,50.5076728080089,400.406550784196,0,323.856505208931,25.9913876922873,0,223,0,223,349.847892901218,1.94446585255942,0,919.513525061451,1,0,0
2.158,50.511590799155,400.440774825368,0,320.494621701967,24.4820840965227,0,223,0,223,344.976705798489,2.12722806344262,0,919.513525061451,1,0,0
2.159,50.5153507990844,400.472631516631,0,317.244800978568,22.9836633527787,0,223,0,223,340.228464331347,2.31140075113842,0,919.513525061451,1,0,0
2.16,50.5189568144107,400.502201484593,0,314.103307612616,21.4966827084967,0,223,0,223,335.599990321112,2.49692703880882,0,919.513525061451,1,0,0
2.161,50.5224127482002,400.529564212242,0,311.066530692195,20.021664707467,0,223,0,223,331.088195399662,2.68375149199667,0,919.513525061451,1,0,0
2.162,50.5257224028951,400.554797992437,0,308.130979669122,18.5590985938246,0,223,0,223,326.690078262946,2.87182008134874,0,919.513525061451,1,0,0
2.163,50.5288894831472,400.577979885405,0,305.293280346818,17.1094416658042,0,223,0,223,322.402722012622,3.06108014639097,0,919.513525061451,1,0,0
2.164,50.5319175985648,400.599185680091,0,302.550171001924,15.673177623486,0,223,0,223,318.22334862541,3.25148036032395,0,919.513525061451,1,0,0
2.165,50.5348102682122,400.618489859213,0,299.898498635193,14.2508204584777,0,223,0,223,314.149319093671,3.44297069580729,0,919.513525061451,1,0,0
2.166,50.5375709251109,400.635965567876,0,297.335215347353,12.842848927636,0,223,0,223,310.178064274989,3.63550239236367,0,919.513525061451,1,0,0
2.167,50.5402029185158,400.651684585598,0,294.857374835775,11.449708017937,0,223,0,223,306.307082853712,3.82902792540359,0,919.513525061451,1,0,0
2.168,50.5427095161241,400.665717301617,0,292.462129007916,10.0718103583278,0,223,0,223,302.533939366243,4.02350097606926,0,919.513525061451,1,0,0
2.169,50.5450939062208,400.678132693334,0,290.146724707652,8.7095375803813,0,223,0,223,298.856262288033,4.21887640187396,0,919.513525061451,1,0,0
2.17,50.5473591997609,400.688998307758,0,287.90850055073,7.3632416295164,0,223,0,223,295.271742180246,4.41511020811346,0,919.513525061451,1,0,0
2.171,50.5495084323923,400.698380245821,0,285.744883865706,6.03324602848456,0,223,0,223,291.77812989419,4.61215952002739,0,919.513525061451,1,0,0
2.172,50.5515445664196,400.706343149444,0,283.653387736849,4.71984709476768,0,223,0,223,288.373234831617,4.80998255568861,0,919.513525061451,1,0,0
2.173,50.553470492712,400.712950191213,0,281.631608145621,3.42331511347629,0,223,0,223,285.054923259097,5.00853859959968,0,919.513525061451,1,0,0
2.174,50.5552890325554,400.718263066555,0,279.677221207433,2.14389546728336,0,223,0,223,281.821116674717,5.20778797697601,0,919.513525061451,1,0,0
2.175,50.5570029394521,400.72234198829,0,277.787980500519,0.881809724877387,0,223,0,223,278.669790225396,5.40769202869595,0,919.513525061451,1,0,0
2.176,50.5586149008688,400.725245683444,0,275.961714483835,-0.362743310631792,0,223,0,223,275.598971173203,5.6082130868987,0,919.513525061451,1,0,0
2.177,50.5601275399346,400.727031392205,0,274.19632400104,-1.58958659196919,0,223,0,223,272.606737409071,5.80931445121146,0,919.513525061451,1,0,0
2.178,50.5615434170906,400.727754868921,0,272.489779867672,-2.79856385527471,0,223,0,223,269.691216012398,6.0109603655879,0,919.513525061451,1,0,0
2.179,50.562865031693,400.727470385023,0,270.84012053875,-3.98953868371386,0,223,0,223,266.850581855036,6.21311599574051,0,919.513525061451,1,0,0
2.18,50.56409482357,400.726230733774,0,269.245449854125,-5.16239360586963,0,223,0,223,264.083056248255,6.41574740714998,0,919.513525061451,1,0,0
2.181,50.5652351745357,400.724087236745,0,267.703934858987,-6.31702922770851,0,223,0,223,261.386905631279,6.61882154363518,0,919.513525061451,1,0,0
2.182,50.5662884098602,400.721089751912,0,266.213803697021,-7.45336339695428,0,223,0,223,258.760440300067,6.82230620646801,0,919.513525061451,1,0,0
2.183,50.5672567996993,400.717286683288,0,264.773343573787,-8.5713303987426,0,223,0,223,256.202013175044,7.02617003401767,0,919.513525061451,1,0,0
2.184,50.5681425604837,400.712724991989,0,263.380898787994,-9.67088018146777,0,223,0,223,253.710018606526,7.23038248190943,0,919.513525061451,1,0,0
2.185,50.5689478562688,400.707450208647,0,262.034868828394,-10.7519776117696,0,223,0,223,251.282891216625,7.43491380368356,0,919.513525061451,1,0,0
2.186,50.5696748000479,400.701506447095,0,260.733706534115,-11.8146017576445,0,223,0,223,248.91910477647,7.63973503194034,0,919.513525061451,1,0,0
2.187,50.5703254550278,400.694936419213,0,259.475916316311,-12.8587451986982,0,223,0,223,246.617171117612,7.84481795995759,0,919.513525061451,1,0,0
2.188,50.5709018358698,400.687781450889,0,258.2600524391,-13.8844133625926,0,223,0,223,244.375639076508,8.05013512376761,0,919.513525061451,1,0,0
2.189,50.5714059098954,400.680081498984,0,257.084717357797,-14.8916238867693,0,223,0,223,242.193093471028,8.25565978468073,0,919.513525061451,1,0,0
2.19,50.57183959826,400.671875169246,0,255.948560112537,-15.8804060045655,0,223,0,223,240.068154107972,8.46136591224309,0,919.513525061451,1,0,0
2.191,50.5722047770929,400.663199735095,0,254.850274775453,-16.8507999548658,0,223,0,223,237.999474820587,8.6672281676167,0,919.513525061451,1,0,0
2.192,50.5725032786067,400.654091157206,0,253.788598949604,-17.8028564144652,0,223,0,223,235.985742535139,8.87322188737015,0,919.513525061451,1,0,0
2.193,50.5727368921765,400.644584103825,0,252.762312317951,-18.7366359523433,0,223,0,223,234.025676365607,9.07932306766858,0,919.513525061451,1,0,0
2.194,50.572907365389,400.634711971747,0,251.770235240686,-19.6522085050805,0,223,0,223,232.118026735605,9.28550834885213,0,919.513525061451,1,0,0
2.195,50.5730164050634,400.624506907909,0,250.811227399329,-20.5496528726696,0,223,0,223,230.26157452666,9.49175500039217,0,919.513525061451,1,0,0
2.196,50.5730656782448,400.613999831513,0,249.884186486018,-21.4290562340052,0,223,0,223,228.455130252013,9.69804090621501,0,919.513525061451,1,0,0
2.197,50.5730568131698,400.603220456648,0,248.988046936484,-22.2905136813534,0,223,0,223,226.697533255131,9.90434455038314,0,919.513525061451,1,0,0
2.198,50.5729914002072,400.592197315334,0,248.121778705268,-23.1341277731333,0,223,0,223,224.987650932135,10.1106450031243,0,919.513525061451,1,0,0
2.199,50.5728709927726,400.580957780947,0,247.284386081759,-23.960008104359,0,223,0,223,223.3243779774,10.3169219071989,0,919.513525061451,1,0,0
2.2,50.5726971082182,400.569528091974,0,246.474906545701,-24.7682708941177,0,223,0,223,221.706635651583,10.523155464597,0,919.513525061451,1,0,0
2.201,50.5724712286998,400.556335396921,0,245.692409660844,-25.5590385894777,0,223,0,223,220.133371071366,10.7293264235555,0,919.513525061451,1,0,0
2.202,50.5721948020198,400.541089873712,0,244.935996005483,-26.3324394852428,0,223,0,223,218.60355652024,10.9354160658875,0,919.513525061451,1,0,0
2.203,50.5718692424477,400.523907486817,0,244.204796138633,-27.0886073589873,0,223,0,223,217.116188779646,11.1414061946146,0,919.513525061451,1,0,0
2.204,50.5714959315196,400.504901302987,0,243.497969600679,-27.8276811208277,0,223,0,223,215.670288479851,11.3472791218958,0,919.513525061451,1,0,0
2.205,50.5710762188158,400.484181479331,0,242.814703947323,-28.5498044774039,0,223,0,223,214.264899469919,11.5530176572428,0,919.513525061451,1,0,0
2.206,50.570611422718,400.461855256092,0,242.154213815745,-29.2551256095609,0,223,0,223,212.899088206184,11.7586050960165,0,919.513525061451,1,0,0
2.207,50.5701028311472,400.438026953893,0,241.515740021887,-29.9437968632411,0,223,0,223,211.571943158646,11.964025208195,0,919.513525061451,1,0,0
2.208,50.5695517022813,400.412797975213,0,240.898548687824,-30.6159744531111,0,223,0,223,210.282574234713,12.169262227408,0,919.513525061451,1,0,0
2.209,50.5689592652546,400.386266809876,0,240.30193039823,-31.2718181784662,0,223,0,223,209.030112219764,12.3743008402293,0,919.513525061451,1,0,0
2.21,50.5683267208392,400.35852904432,0,239.725199384956,-31.91149115097,0,223,0,223,207.813708233986,12.5791261757209,0,919.513525061451,1,0,0
2.211,50.5676552421077,400.329677374458,0,239.167692738791,-32.5351595338007,0,223,0,223,206.63253320499,12.783723795223,0,919.513525061451,1,0,0
2.212,50.5669459750802,400.299801621899,0,238.628769647498,-33.1429922917932,0,223,0,223,205.485777355704,12.9880796823818,0,919.513525061451,1,0,0
2.213,50.5662000393532,400.268988753348,0,238.107810659248,-33.735160952177,0,223,0,223,204.372649707071,13.1921802334107,0,919.513525061451,1,0,0
2.214,50.5654185287133,400.237322902975,0,237.604216970606,-34.311839375526,0,223,0,223,203.29237759508,13.3960122475778,0,919.513525061451,1,0,0
2.215,50.5646025117348,400.204885397589,0,237.117409738253,-34.8732035365488,0,223,0,223,202.244206201704,13.5995629179146,0,919.513525061451,1,0,0
2.216,50.5637530323617,400.171754784405,0,236.646829413644,-35.4194313143601,0,223,0,223,201.227398099284,13.8028198221391,0,919.513525061451,1,0,0
2.217,50.5628711104755,400.138006861257,0,236.191935099856,-35.9507022918868,0,223,0,223,200.241232807969,14.0057709137893,0,919.513525061451,1,0,0
2.218,50.5619577424479,400.103714709072,0,235.752203929861,-36.4671975640756,0,223,0,223,199.285006365785,14.2084045135605,0,919.513525061451,1,0,0
2.219,50.5610139016802,400.068948726442,0,235.327130465532,-36.9690995545774,0,223,0,223,198.358030910955,14.4107093008417,0,919.513525061451,1,0,0
2.22,50.5600405391286,400.033776666139,0,234.916226116681,-37.4565918405977,0,223,0,223,197.459634276083,14.6126743054466,0,919.513525061451,1,0,0
2.221,50.559038583816,399.998263673427,0,234.519018579458,-37.9298589856123,0,223,0,223,196.589159593846,14.8142888995329,0,919.513525061451,1,0,0
2.222,50.5580089433319,399.96247232601,0,234.135051293476,-38.3890863796565,0,223,0,223,195.74596491382,15.0155427897067,0,919.513525061451,1,0,0
2.223,50.5569525043191,399.926462675485,0,233.763882917027,-38.834460086909,0,223,0,223,194.929422830118,15.2164260093062,0,919.513525061451,1,0,0
2.224,50.555870132948,399.890292290166,0,233.405086819793,-39.2661667002969,0,223,0,223,194.138920119496,15.4169289108611,0,919.513525061451,1,0,0
2.225,50.5547626753801,399.854016299138,0,233.058250592466,-39.6843932028642,0,223,0,223,193.373857389602,15.6170421587223,0,919.513525061451,1,0,0
2.226,50.5536309582191,399.817687437426,0,232.722975572718,-40.0893268356475,0,223,0,223,192.63364873707,15.8167567218592,0,919.513525061451,1,0,0
2.227,50.5524757889512,399.781356092153,0,232.39887638696,-40.4811549718178,0,223,0,223,191.917721415142,16.0160638668181,0,919.513525061451,1,0,0
2.228,50.5512979563749,399.745070349575,0,232.085580507395,-40.8600649968528,0,223,0,223,191.225515510542,16.2149551508405,0,919.513525061451,1,0,0
2.229,50.5500982310192,399.708876042876,0,231.782727823815,-41.2262441945113,0,223,0,223,190.556483629304,16.4134224151355,0,919.513525061451,1,0,0
2.23,50.5488773655533,399.672816800627,0,231.489970229688,-41.5798796383931,0,223,0,223,189.910090591295,16.6114577783024,0,919.513525061451,1,0,0
2.231,50.5476360951844,399.636934095801,0,231.206971222032,-41.9211580888702,0,223,0,223,189.285813133162,16.8090536299016,0,919.513525061451,1,0,0
2.232,50.5463751380474,399.601267295251,0,230.933405514631,-42.2502658951877,0,223,0,223,188.683139619443,17.006202624168,0,919.513525061451,1,0,0
2.233,50.545095195584,399.56585370955,0,230.668958664143,-42.567388902536,0,223,0,223,188.101569761607,17.202897673865,0,919.513525061451,1,0,0
2.234,50.5437969529137,399.530728643126,0,230.413326708671,-42.8727123639042,0,223,0,223,187.540614344767,17.3991319442753,0,919.513525061451,1,0,0
2.235,50.5424810791948,399.495925444581,0,230.166215818382,-43.166420856532,0,223,0,223,186.99979496185,17.5948988473242,0,919.513525061451,1,0,0
2.236,50.5411482279776,399.461475557136,0,229.92734195777,-43.4486982027836,0,223,0,223,186.478643754986,17.7901920358343,0,919.513525061451,1,0,0
2.237,50.5397990375489,399.427408569119,0,229.696430559177,-43.7197273952706,0,223,0,223,185.976703163907,17.9850053979063,0,919.513525061451,1,0,0
2.238,50.5384341312679,399.393752264421,0,229.473216207205,-43.9796905260618,0,223,0,223,185.493525681143,18.1793330514238,0,919.513525061451,1,0,0
2.239,50.537054117895,399.360532672859,0,229.257442333631,-44.2287687198193,0,223,0,223,185.028673613812,18.3731693386803,0,919.513525061451,1,0,0
2.24,50.5356595919115,399.327774120377,0,229.04886092251,-44.4671420707079,0,223,0,223,184.581718851802,18.5665088211225,0,919.513525061451,1,0,0
2.241,50.5342511338334,399.295499279028,0,228.847232225093,-44.6949895829305,0,223,0,223,184.152242642163,18.7593462742106,0,919.513525061451,1,0,0
2.242,50.5328293105163,399.263729216674,0,228.652324484257,-44.9124891147449,0,223,0,223,183.739835369512,18.9516766823907,0,919.513525061451,1,0,0
2.243,50.531394675454,399.232483446357,0,228.463913668115,-45.119817325827,0,223,0,223,183.344096342288,19.1434952341765,0,919.513525061451,1,0,0
2.244,50.5299477690701,399.201779975294,0,228.281783212511,-45.3171496278455,0,223,0,223,182.964633584666,19.33479731734,0,919.513525061451,1,0,0
2.245,50.5284891190023,399.171635353427,0,228.105723772094,-45.5046601381205,0,223,0,223,182.601063633973,19.5255785142052,0,919.513525061451,1,0,0
2.246,50.5270192403809,399.142064721519,0,227.935532979691,-45.6825216362429,0,223,0,223,182.253011343448,19.7158345970461,0,919.513525061451,1,0,0
2.247,50.5255386360996,399.113081858719,0,227.771015213701,-45.8509055235348,0,223,0,223,181.920109690166,19.9055615235832,0,919.513525061451,1,0,0
2.248,50.5240477970819,399.084699229586,0,227.611981373244,-46.0099817852368,0,223,0,223,181.601999588008,20.094755432579,0,919.513525061451,1,0,0
2.249,50.5225472025394,399.056928030514,0,227.458248660803,-46.1599189553103,0,223,0,223,181.298329705493,20.2834126395285,0,919.513525061451,1,0,0
2.25,50.5210373202253,399.029778235544,0,227.30964037211,-46.3008840837491,0,223,0,223,181.00875628836,20.4715296324427,0,919.513525061451,1,0,0
2.251,50.5195186066824,399.003258641519,0,227.165985693039,-46.4330427062958,0,223,0,223,180.732942986743,20.6591030677238,0,919.513525061451,1,0,0
2.252,50.5179915074842,398.97737691256,0,227.027119503271,-46.5565588164656,0,223,0,223,180.470560686806,20.8461297661295,0,919.513525061451,1,0,0
2.253,50.5164564574717,398.952139623837,0,226.892882186496,-46.6715948397797,0,223,0,223,180.221287346716,21.0326067088238,0,919.513525061451,1,0,0
2.254,50.5149138809843,398.927552304609,0,226.763119446946,-46.7783116101172,0,223,0,223,179.984807836828,21.2185310335136,0,919.513525061451,1,0,0
2.255,50.5133641920856,398.903619480523,0,226.637682132048,-46.8768683480968,0,223,0,223,179.760813783951,21.403900030668,0,919.513525061451,1,0,0
2.256,50.5118077947839,398.880344715126,0,226.516426060979,-46.9674226414003,0,223,0,223,179.549003419579,21.5887111398188,0,919.513525061451,1,0,0
2.257,50.5102450832482,398.857730650615,0,226.399211858947,-47.050130426959,0,223,0,223,179.349081431988,21.772961945941,0,919.513525061451,1,0,0
2.258,50.5086764420191,398.835779047764,0,226.285904796982,-47.1251459749188,0,223,0,223,179.160758822063,21.9566501759103,0,919.513525061451,1,0,0
2.259,50.5071022462148,398.814490825052,0,226.176374637082,-47.1926218743114,0,223,0,223,178.983752762771,22.1397736950372,0,919.513525061451,1,0,0
2.26,50.5055228617328,398.793866096962,0,226.070495482513,-47.2527090203541,0,223,0,223,178.817786462159,22.3223305036745,0,919.513525061451,1,0,0
2.261,50.5039386454473,398.773904211442,0,225.968145633096,-47.3055566033099,0,223,0,223,178.662589029786,22.5043187338984,0,919.513525061451,1,0,0
2.262,50.5023499454014,398.754603786529,0,225.869207445326,-47.3513120988366,0,223,0,223,178.517895346489,22.6857366462594,0,919.513525061451,1,0,0
2.263,50.5007571009964,398.735962746118,0,225.773567197148,-47.3901212597604,0,223,0,223,178.383445937388,22.8665826266039,0,919.513525061451,1,0,0
2.264,50.4991604431756,398.717978354883,0,225.681114957243,-47.4221281092098,0,223,0,223,178.258986848034,23.0468551829626,0,919.513525061451,1,0,0
2.265,50.4975602946047,398.700647252338,0,225.591744458669,-47.4474749350477,0,223,0,223,178.144269523621,23.2265529425058,0,919.513525061451,1,0,0
2.266,50.4959569698485,398.683965486038,0,225.505352976713,-47.466302285544,0,223,0,223,178.039050691169,23.4056746485635,0,919.513525061451,1,0,0
2.267,50.4943507755432,398.667928543917,0,225.421841210823,-47.4787489662303,0,223,0,223,177.943092244592,23.584219157709,0,919.513525061451,1,0,0
2.268,50.4927420105654,398.652531385774,0,225.341113170462,-47.4849520378822,0,223,0,223,177.85616113258,23.7621854369045,0,919.513525061451,1,0,0
2.269,50.4911309661969,398.637768473895,0,225.26307606478,-47.4850468155773,0,223,0,223,177.778029249202,23.9395725607081,0,919.513525061451,1,0,0
2.27,50.4895179262866,398.623633802814,0,225.187640195954,-47.4791668687768,0,223,0,223,177.708473327177,24.116379708539,0,919.513525061451,1,0,0
2.271,50.4879031674083,398.610120928235,0,225.114718856089,-47.4674440223824,0,223,0,223,177.647274833706,24.2926061620021,0,919.513525061451,1,0,0
2.272,50.4862869590158,398.597222995091,0,225.044228227552,-47.4500083587215,0,223,0,223,177.594219868831,24.4682513022691,0,919.513525061451,1,0,0
2.273,50.4846695635936,398.584932764774,0,224.976087286634,-47.4269882204148,0,223,0,223,177.549099066219,24.6433146075148,0,919.513525061451,1,0,0
2.274,50.4830512368057,398.573242641518,0,224.910217710413,-47.3985102140834,0,223,0,223,177.511707496329,24.8177956504085,0,919.513525061451,1,0,0
2.275,50.4814322276399,398.562144697962,0,224.846543786732,-47.3646992148528,0,223,0,223,177.48184457188,24.9916940956586,0,919.513525061451,1,0,0
2.276,50.4798127785503,398.551630699884,0,224.784992327175,-47.3256783716131,0,223,0,223,177.459313955562,25.1650096976089,0,919.513525061451,1,0,0
2.277,50.4781931255957,398.541692130131,0,224.725492582936,-47.2815691129981,0,223,0,223,177.443923469937,25.337742297887,0,919.513525061451,1,0,0
2.278,50.4765734985755,398.532320211736,0,224.667976163504,-47.2324911540442,0,223,0,223,177.43548500946,25.5098918231015,0,919.513525061451,1,0,0
2.279,50.4749541211632,398.523505930253,0,224.612376958054,-47.1785625034936,0,223,0,223,177.433814454561,25.6814582825887,0,919.513525061451,1,0,0
2.28,50.4733352110358,398.515240055299,0,224.558631059452,-47.119899471708,0,223,0,223,177.438731587744,25.8524417662074,0,919.513525061451,1,0,0
2.281,50.4717169800023,398.507513161329,0,224.506676690804,-47.0566166791589,0,223,0,223,177.450060011645,26.0228424421803,0,919.513525061451,1,0,0
2.282,50.4700996341275,398.500315647651,0,224.456454134444,-46.9888270654621,0,223,0,223,177.467627068982,26.1926605549811,0,919.513525061451,1,0,0
2.283,50.4684833738549,398.493637757688,0,224.407905663296,-46.916641898927,0,223,0,223,177.491263764369,26.361896423267,0,919.513525061451,1,0,0
2.284,50.466868394126,398.487469597511,0,224.360975474519,-46.8401707865899,0,223,0,223,177.520804687929,26.5305504378548,0,919.513525061451,1,0,0
2.285,50.4652548844975,398.481801153637,0,224.315609625369,-46.7595216847039,0,223,0,223,177.556087940665,26.6986230597402,0,919.513525061451,1,0,0
2.286,50.4636430292561,398.476622310128,0,224.27175597119,-46.6748009096573,0,223,0,223,177.596955061532,26.8661148181593,0,919.513525061451,1,0,0
2.287,50.4620330075305,398.471922864984,0,224.229364105483,-46.5861131492949,0,223,0,223,177.643250956188,27.0330263086915,0,919.513525061451,1,0,0
2.288,50.4604249934018,398.467692545857,0,224.188385301967,-46.4935614746171,0,223,0,223,177.69482382735,27.1993581914025,0,919.513525061451,1,0,0
2.289,50.458819156011,398.463921025086,0,224.148772458568,-46.3972473518324,0,223,0,223,177.751525106736,27.3651111890271,0,919.513525061451,1,0,0
2.29,50.4572156596644,398.460597934089,0,224.110480043283,-46.2972706547401,0,223,0,223,177.813209388543,27.5302860851911,0,919.513525061451,1,0,0
2.291,50.455614663937,398.457712877098,0,224.07346404184,-46.1937296774209,0,223,0,223,177.879734364419,27.6948837226703,0,919.513525061451,1,0,0
2.292,50.4540163237737,398.455255444276,0,224.037681907112,-46.0867211472153,0,223,0,223,177.950960759897,27.8589050016876,0,919.513525061451,1,0,0
2.293,50.4524207895884,398.453215224215,0,224.003092510208,-45.9763402379665,0,223,0,223,178.026752272242,28.0223508782461,0,919.513525061451,1,0,0
2.294,50.4508282073611,398.451581815833,0,223.969656093201,-45.8626805835116,0,223,0,223,178.10697550969,28.1852223624979,0,919.513525061451,1,0,0
2.295,50.449238718733,398.450344839693,0,223.937334223428,-45.7458342913996,0,223,0,223,178.191499932028,28.3475205171479,0,919.513525061451,1,0,0
2.296,50.4476524610993,398.449493948742,0,223.906089749314,-45.6258919568198,0,223,0,223,178.280197792494,28.5092464558918,0,919.513525061451,1,0,0
2.297,50.446069567701,398.449018838499,0,223.87588675767,-45.5029426767218,0,223,0,223,178.372944080948,28.6704013418875,0,919.513525061451,1,0,0
2.298,50.444490167714,398.448909256705,0,223.846690532414,-45.3770740641122,0,223,0,223,178.469616468302,28.8309863862599,0,919.513525061451,1,0,0
2.299,50.4429143863366,398.449155012433,0,223.818467514667,-45.2483722625107,0,223,0,223,178.570095252156,28.9910028466369,0,919.513525061451,1,0,0
2.3,50.4413423448755,398.449745984703,0,223.791185264178,-45.1169219605511,0,223,0,223,178.674263303627,29.1504520257181,0,919.513525061451,1,0,0
2.301,50.4397741608296,398.45067213058,0,223.764812422039,-44.9828064067129,0,223,0,223,178.782006015326,29.3093352698733,0,919.513525061451,1,0,0
2.302,50.4382099479727,398.451923492808,0,223.739318674638,-44.8461074241679,0,223,0,223,178.89321125047,29.467653967772,0,919.513525061451,1,0,0
2.303,50.4366498164338,398.453490206953,0,223.714674718816,-44.706905425731,0,223,0,223,179.007769293085,29.6254095490422,0,919.513525061451,1,0,0
2.304,50.4350938727764,398.45536250811,0,223.690852228189,-44.5652794289006,0,223,0,223,179.125572799289,29.7826034829583,0,919.513525061451,1,0,0
2.305,50.433542220076,398.457530737155,0,223.667823820583,-44.4213070709761,0,223,0,223,179.246516749607,29.9392372771578,0,919.513525061451,1,0,0
2.306,50.4319949579959,398.459985346575,0,223.645563026563,-44.2750646242431,0,223,0,223,179.37049840232,30.0953124763852,0,919.513525061451,1,0,0
2.307,50.4304521828615,398.462716905886,0,223.624044259011,-44.1266270112124,0,223,0,223,179.497417247799,30.2508306612637,0,919.513525061451,1,0,0
2.308,50.4289139877334,398.465716106643,0,223.603242783711,-43.9760678199037,0,223,0,223,179.627174963807,30.4057934470939,0,919.513525061451,1,0,0
2.309,50.4273804624788,398.468973767072,0,223.583134690921,-43.8234593191638,0,223,0,223,179.759675371757,30.5602024826779,0,919.513525061451,1,0,0
2.31,50.4258516938413,398.472480836324,0,223.56369686789,-43.668872474009,0,223,0,223,179.894824393881,30.7140594491703,0,919.513525061451,1,0,0
2.311,50.4243277655097,398.476228398371,0,223.544906972294,-43.5123769609827,0,223,0,223,180.032530011311,30.8673660589531,0,919.513525061451,1,0,0
2.312,50.4228087581853,398.480207675546,0,223.52674340655,-43.3540411835195,0,223,0,223,180.172702223031,31.0201240545366,0,919.513525061451,1,0,0
2.313,50.4212947496474,398.484410031766,0,223.509185292999,-43.1939322873075,0,223,0,223,180.315253005691,31.1723352074833,0,919.513525061451,1,0,0
2.314,50.4197858148182,398.488826975409,0,223.492212449899,-43.0321161756395,0,223,0,223,180.460096274259,31.3240013173564,0,919.513525061451,1,0,0
2.315,50.4182820258261,398.493450161906,0,223.475805368235,-42.8686575247481,0,223,0,223,180.607147843487,31.4751242106909,0,919.513525061451,1,0,0
2.316,50.4167834520676,398.498271396011,0,223.459945189294,-42.7036197991142,0,223,0,223,180.75632539018,31.6257057399883,0,919.513525061451,1,0,0
2.317,50.415290160268,398.503282633806,0,223.444613682984,-42.5370652667446,0,223,0,223,180.90754841624,31.7757477827327,0,919.513525061451,1,0,0
2.318,50.4138022145413,398.508475984416,0,223.429793226885,-42.3690550144104,0,223,0,223,181.060738212475,31.9252522404291,0,919.513525061451,1,0,0
2.319,50.4123196764482,398.513843711468,0,223.415466785989,-42.1996489628418,0,223,0,223,181.215817823147,32.074221037664,0,919.513525061451,1,0,0
2.32,50.4108426050537,398.5193782343,0,223.401617893123,-42.0289058818706,0,223,0,223,181.372712011252,32.2226561211854,0,919.513525061451,1,0,0
2.321,50.4093710569829,398.525072128919,0,223.388230630018,-41.8568834055176,0,223,0,223,181.531347224501,32.3705594590047,0,919.513525061451,1,0,0
2.322,50.4079050864763,398.530918128745,0,223.375289609018,-41.6836380470184,0,223,0,223,181.691651562,32.5179330395186,0,919.513525061451,1,0,0
2.323,50.4064447454434,398.536909125118,0,223.362779955384,-41.5092252137811,0,223,0,223,181.853554741603,32.66477887065,0,919.513525061451,1,0,0
2.324,50.4049900835157,398.543038167606,0,223.350687290204,-41.3336992222747,0,223,0,223,182.01698806793,32.8110989790097,0,919.513525061451,1,0,0
2.325,50.4035411480985,398.54929846411,0,223.338997713864,-41.1571133128396,0,223,0,223,182.181884401025,32.9568954090753,0,919.513525061451,1,0,0
2.326,50.4020979844216,398.55568338078,0,223.327697790069,-40.9795196644187,0,223,0,223,182.34817812565,33.1021702223908,0,919.513525061451,1,0,0
2.327,50.4006606355889,398.56218644175,0,223.3167745304,-40.8009694092044,0,223,0,223,182.515805121195,33.2469254967826,0,919.513525061451,1,0,0
2.328,50.3992291426277,398.5688013287,0,223.306215379387,-40.6215126471967,0,223,0,223,182.68470273219,33.3911633255946,0,919.513525061451,1,0,0
2.329,50.3978035445359,398.57552188026,0,223.296008200074,-40.4411984606708,0,223,0,223,182.854809739403,33.5348858169405,0,919.513525061451,1,0,0
2.33,50.3963838783291,398.582342091255,0,223.286141260071,-40.2600749285484,0,223,0,223,183.026066331523,33.6780950929734,0,919.513525061451,1,0,0
2.331,50.3949701790868,398.58925611181,0,223.276603218069,-40.0781891406719,0,223,0,223,183.198414077397,33.8207932891719,0,919.513525061451,1,0,0
2.332,50.3935624799969,398.596258246317,0,223.2673831108,-39.8955872119769,0,223,0,223,183.371795898823,33.9629825536432,0,919.513525061451,1,0,0
2.333,50.3921608124003,398.60334295227,0,223.25847034044,-39.7123142965609,0,223,0,223,183.546156043879,34.104665046442,0,919.513525061451,1,0,0
2.334,50.390765205834,398.610504838982,0,223.249854662425,-39.5284146016455,0,223,0,223,183.72144006078,34.2458429389062,0,919.513525061451,1,0,0
2.335,50.3893756880735,398.61773866619,0,223.241526173678,-39.34393140143,0,223,0,223,183.897594772248,34.3865184130064,0,919.513525061451,1,0,0
2.336,50.3879922851743,398.625039342552,0,223.233475301222,-39.1589070508336,0,223,0,223,184.074568250388,34.5266936607129,0,919.513525061451,1,0,0
2.337,50.3866150215127,398.632401924043,0,223.225692791181,-38.9733829991243,0,223,0,223,184.252309792057,34.6663708833756,0,919.513525061451,1,0,0
2.338,50.385243919826,398.639821612262,0,223.218169698142,-38.7873998034327,0,223,0,223,184.430769894709,34.8055522911202,0,919.513525061451,1,0,0
2.339,50.3838790012512,398.647293752655,0,223.21089737487,-38.6009971421495,0,223,0,223,184.609900232721,34.9442401022575,0,919.513525061451,1,0,0
2.34,50.3825202853639,398.654813832653,0,223.203867462375,-38.4142138282034,0,223,0,223,184.789653634171,35.082436542708,0,919.513525061451,1,0,0
2.341,50.3811677902152,398.662377479742,0,223.197071880295,-38.2270878222197,0,223,0,223,184.969984058076,35.220143845439,0,919.513525061451,1,0,0
2.342,50.3798215323695,398.669980459466,0,223.190502817619,-38.0396562455574,0,223,0,223,185.150846572062,35.3573642499164,0,919.513525061451,1,0,0
2.343,50.3784815269399,398.677618673365,0,223.184152723698,-37.8519553932233,0,223,0,223,185.332197330475,35.4941000015695,0,919.513525061451,1,0,0
2.344,50.377147787624,398.685288156864,0,223.178014299575,-37.6640207466629,0,223,0,223,185.513993552912,35.6303533512678,0,919.513525061451,1,0,0
2.345,50.3758203267385,398.692985077102,0,223.172080489589,-37.4758869864256,0,223,0,223,185.696193503164,35.7661265548125,0,919.513525061451,1,0,0
2.346,50.3744991552531,398.700705730725,0,223.16634447327,-37.2875880047053,0,223,0,223,185.878756468564,35.9014218724383,0,919.513525061451,1,0,0
2.347,50.3731842828244,398.708446541637,0,223.160799657494,-37.0991569177536,0,223,0,223,186.06164273974,36.0362415683295,0,919.513525061451,1,0,0
2.348,50.371875717828,398.716204058708,0,223.155439668911,-36.9106260781665,0,223,0,223,186.244813590744,36.1705879101463,0,919.513525061451,1,0,0
2.349,50.3705734673908,398.723974953463,0,223.150258346614,-36.7220270870428,0,223,0,223,186.428231259571,36.3044631685643,0,919.513525061451,1,0,0
2.35,50.3692775374225,398.731756017733,0,223.14524973506,-36.5333908060147,0,223,0,223,186.611858929045,36.437869616825,0,919.513525061451,1,0,0
2.351,50.3679879326463,398.739544161293,0,223.140408077225,-36.3447473691493,0,223,0,223,186.795660708075,36.5708095302971,0,919.513525061451,1,0,0
2.352,50.366704656629,398.747336409473,0,223.135727807984,-36.1561261947212,0,223,0,223,186.979601613263,36.7032851860498,0,919.513525061451,1,0,0
2.353,50.3654277118107,398.755129900762,0,223.131203547718,-35.9675559968561,0,223,0,223,187.163647550862,36.8352988624363,0,919.513525061451,1,0,0
2.354,50.3641570995337,398.762921884397,0,223.126830096127,-35.7790647970447,0,223,0,223,187.347765299082,36.9668528386881,0,919.513525061451,1,0,0
2.355,50.3628928200712,398.770709717943,0,223.122602426256,-35.590679935527,0,223,0,223,187.531922490729,37.0979493945202,0,919.513525061451,1,0,0
2.356,50.3616348726545,398.778490864873,0,223.118515678714,-35.4024280825472,0,223,0,223,187.716087596167,37.2285908097459,0,919.513525061451,1,0,0
2.357,50.360383255501,398.786262892143,0,223.114565156091,-35.2143352494789,0,223,0,223,187.900229906612,37.3587793639015,0,919.513525061451,1,0,0
2.358,50.3591379658405,398.794023467772,0,223.110746317554,-35.0264267998211,0,223,0,223,188.084319517733,37.4885173358819,0,919.513525061451,1,0,0
2.359,50.3578989999415,398.801770358425,0,223.107054773636,-34.8387274600647,0,223,0,223,188.268327313571,37.6178070035845,0,919.513525061451,1,0,0
2.36,50.356666353137,398.809501427002,0,223.103486281181,-34.6512613304301,0,223,0,223,188.452224950751,37.7466506435634,0,919.513525061451,1,0,0
2.361,50.3554400198493,398.817214630242,0,223.100036738475,-34.4640518954755,0,223,0,223,188.635984843,37.8750505306927,0,919.513525061451,1,0,0
2.362,50.3542199936152,398.824908016331,0,223.096702180526,-34.2771220345781,0,223,0,223,188.819580145948,38.0030089378385,0,919.513525061451,1,0,0
2.363,50.3530062671097,398.832579722535,0,223.093478774508,-34.0904940322852,0,223,0,223,189.002984742223,38.13052813554,0,919.513525061451,1,0,0
2.364,50.35179883217,398.840227972842,0,223.090362815358,-33.9041895885393,0,223,0,223,189.186173226819,38.2576103916995,0,919.513525061451,1,0,0
2.365,50.3505976798181,398.847851075621,0,223.087350721513,-33.7182298287756,0,223,0,223,189.369120892737,38.3842579712807,0,919.513525061451,1,0,0
2.366,50.3494028002845,398.855447421313,0,223.084439030796,-33.5326353138918,0,223,0,223,189.551803716904,38.5104731360152,0,919.513525061451,1,0,0
2.367,50.3482141830295,398.863015480133,0,223.081624396436,-33.3474260500938,0,223,0,223,189.734198346342,38.6362581441176,0,919.513525061451,1,0,0
2.368,50.3470318167655,398.870553799799,0,223.078903583221,-33.1626214986133,0,223,0,223,189.916282084608,38.7616152500082,0,919.513525061451,1,0,0
2.369,50.3458556894784,398.878061003289,0,223.076273463781,-32.9782405853029,0,223,0,223,190.098032878478,38.8865467040438,0,919.513525061451,1,0,0
2.37,50.3446857884483,398.885535786624,0,223.073731014988,-32.7943017101052,0,223,0,223,190.279429304883,39.011054752256,0,919.513525061451,1,0,0
2.371,50.34352210027,398.892976916678,0,223.071273314488,-32.6108227563991,0,223,0,223,190.460450558089,39.1351416360974,0,919.513525061451,1,0,0
2.372,50.3423646108735,398.900383229018,0,223.068897537339,-32.4278211002233,0,223,0,223,190.641076437116,39.2588095921946,0,919.513525061451,1,0,0
2.373,50.341213305543,398.907753625776,0,223.066600952761,-32.2453136193769,0,223,0,223,190.821287333384,39.3820608521091,0,919.513525061451,1,0,0
2.374,50.3400681689368,398.91508707355,0,223.064380921002,-32.0633167023999,0,223,0,223,191.001064218602,39.5048976421046,0,919.513525061451,1,0,0
2.375,50.3389291851057,398.92238260134,0,223.062234890302,-31.8818462574321,0,223,0,223,191.18038863287,39.6273221829218,0,919.513525061451,1,0,0
2.376,50.3377963375118,398.929639298516,0,223.060160393959,-31.7009177209526,0,223,0,223,191.359242673006,39.7493366895598,0,919.513525061451,1,0,0
2.377,50.3366696090465,398.936856312821,0,223.058155047493,-31.5205460664006,0,223,0,223,191.537608981093,39.8709433710641,0,919.513525061451,1,0,0
2.378,50.3355489820481,398.944032848406,0,223.05621654591,-31.3407458126782,0,223,0,223,191.715470733232,39.9921444303208,0,919.513525061451,1,0,0
2.379,50.3344344383194,398.951168163908,0,223.054342661047,-31.1615310325358,0,223,0,223,191.892811628511,40.1129420638581,0,919.513525061451,1,0,0
2.38,50.3333259591445,398.958261570552,0,223.052531239012,-30.9829153608415,0,223,0,223,192.06961587817,40.2333384616531,0,919.513525061451,1,0,0
2.381,50.3322235253056,398.965312430301,0,223.050780197711,-30.8049120027354,0,223,0,223,192.245868194976,40.3533358069451,0,919.513525061451,1,0,0
2.382,50.3311271170991,398.972320154035,0,223.049087524454,-30.6275337416687,0,223,0,223,192.421553782786,40.4729362760552,0,919.513525061451,1,0,0
2.383,50.3300367143518,398.979284199774,0,223.047451273639,-30.4507929473308,0,223,0,223,192.596658326308,40.5921420382109,0,919.513525061451,1,0,0
2.384,50.3289522964362,398.986204070929,0,223.045869564518,-30.2747015834624,0,223,0,223,192.771167981055,40.7109552553775,0,919.513525061451,1,0,0
2.385,50.3278738422861,398.993079314597,0,223.044340579034,-30.0992712155584,0,223,0,223,192.945069363475,40.8293780820945,0,919.513525061451,1,0,0
2.386,50.3268013304116,398.999909519897,0,223.042862559733,-29.9245130184598,0,223,0,223,193.118349541273,40.9474126653175,0,919.513525061451,1,0,0
2.387,50.3257347389135,399.006694316333,0,223.041433807742,-29.7504377838358,0,223,0,223,193.290996023906,41.0650611442657,0,919.513525061451,1,0,0
2.388,50.3246740454976,399.013433372204,0,223.040052680817,-29.5770559275581,0,223,0,223,193.462996753259,41.1823256502745,0,919.513525061451,1,0,0
2.389,50.3236192274892,399.020126393052,0,223.038717591456,-29.4043774969672,0,223,0,223,193.634340094489,41.2992083066537,0,919.513525061451,1,0,0
2.39,50.3225702618463,399.026773120136,0,223.037427005075,-29.2324121780326,0,223,0,223,193.805014827042,41.4157112285498,0,919.513525061451,1,0,0
2.391,50.3215271251735,399.033373328961,0,223.036179438239,-29.0611693024075,0,223,0,223,193.975010135831,41.5318365228144,0,919.513525061451,1,0,0
2.392,50.3204897937347,399.039926827831,0,223.034973456964,-28.8906578543788,0,223,0,223,194.144315602585,41.6475862878769,0,919.513525061451,1,0,0
2.393,50.3194582434666,399.046433456444,0,223.033807675065,-28.7208864777146,0,223,0,223,194.312921197351,41.7629626136214,0,919.513525061451,1,0,0
2.394,50.3184324499905,399.052893084525,0,223.032680752563,-28.5518634824083,0,223,0,223,194.480817270155,41.8779675812694,0,919.513525061451,1,0,0
2.395,50.3174123886253,399.059305610495,0,223.031591394144,-28.3835968513224,0,223,0,223,194.647994542822,41.9926032632659,0,919.513525061451,1,0,0
2.396,50.3163980343993,399.065670960175,0,223.030538347673,-28.2160942467317,0,223,0,223,194.814444100941,42.106871723171,0,919.513525061451,1,0,0
2.397,50.315389362062,399.071989085529,0,223.02952040275,-28.0493630167672,0,223,0,223,194.980157385983,42.2207750155548,0,919.513525061451,1,0,0
2.398,50.3143863460956,399.078259963437,0,223.028536389325,-27.8834102017625,0,223,0,223,195.145126187563,42.3343151858971,0,919.513525061451,1,0,0
2.399,50.3133889607265,399.084483594515,0,223.027585176348,-27.7182425405023,0,223,0,223,195.309342635846,42.4474942704915,0,919.513525061451,1,0,0
2.4,50.3123971799359,399.090660001957,0,223.02666567047,-27.553866476376,0,223,0,223,195.472799194094,42.560314296353,0,919.513525061451,1,0,0
2.401,50.3114109774711,399.096789230417,0,223.025776814787,-27.3902881634352,0,223,0,223,195.635488651352,42.67277728113,0,919.513525061451,1,0,0
2.402,50.3104303268558,399.102871344932,0,223.024917587628,-27.2275134723585,0,223,0,223,195.797404115269,42.7848852330196,0,919.513525061451,1,0,0
2.403,50.3094552014004,399.108906429863,0,223.024087001373,-27.0655479963226,0,223,0,223,195.958539005051,42.8966401506877,0,919.513525061451,1,0,0
2.404,50.3084855742122,399.114894587887,0,223.023284101328,-26.9043970567821,0,223,0,223,196.118887044546,43.0080440231918,0,919.513525061451,1,0,0
2.405,50.3075214182052,399.120835939008,0,223.022507964617,-26.7440657091584,0,223,0,223,196.278442255458,43.1190988299082,0,919.513525061451,1,0,0
2.406,50.3065627061098,399.126730619607,0,223.02175769913,-26.5845587484394,0,223,0,223,196.43719895069,43.2298065404621,0,919.513525061451,1,0,0
2.407,50.305609410482,399.132578781522,0,223.021032442492,-26.4258807146895,0,223,0,223,196.595151727802,43.3401691146616,0,919.513525061451,1,0,0
2.408,50.3046615037132,399.13838059116,0,223.020331361075,-26.2680358984737,0,223,0,223,196.752295462602,43.4501885024352,0,919.513525061451,1,0,0
2.409,50.3037189580383,399.144136228639,0,223.01965364904,-26.1110283461932,0,223,0,223,196.908625302846,43.5598666437719,0,919.513525061451,1,0,0
2.41,50.3027817455455,399.149845886956,0,223.018998527405,-25.9548618653375,0,223,0,223,197.064136662068,43.6692054686657,0,919.513525061451,1,0,0
2.411,50.301849838184,399.155509771194,0,223.018365243158,-25.7995400296503,0,223,0,223,197.218825213508,43.7782068970621,0,919.513525061451,1,0,0
2.412,50.3009232077732,399.161128097751,0,223.017753068386,-25.6450661842134,0,223,0,223,197.372686884173,43.8868728388083,0,919.513525061451,1,0,0
2.413,50.3000018260102,399.166701093593,0,223.01716129944,-25.4914434504469,0,223,0,223,197.525717848993,43.9952051936067,0,919.513525061451,1,0,0
2.414,50.2990856644783,399.172228995548,0,223.016589256125,-25.3386747310293,0,223,0,223,197.677914525096,44.1032058509703,0,919.513525061451,1,0,0
2.415,50.2981746946547,399.177712049614,0,223.016036280921,-25.1867627147358,0,223,0,223,197.829273566185,44.2108766901825,0,919.513525061451,1,0,0
2.416,50.2972688879178,399.183150510301,0,223.015501738224,-25.0357098811988,0,223,0,223,197.979791857025,44.3182195802582,0,919.513525061451,1,0,0
2.417,50.2963682155555,399.188544639995,0,223.014985013616,-24.8855185055885,0,223,0,223,198.129466508028,44.4252363799086,0,919.513525061451,1,0,0
2.418,50.2954726487715,399.193894708353,0,223.014485513162,-24.7361906632171,0,223,0,223,198.278294849945,44.5319289375086,0,919.513525061451,1,0,0
2.419,50.294582158693,399.199200991713,0,223.014002662724,-24.5877282340665,0,223,0,223,198.426274428657,44.6382990910663,0,919.513525061451,1,0,0
2.42,50.2936967163778,399.204463772538,0,223.0135359073,-24.4401329072402,0,223,0,223,198.573403000059,44.7443486681958,0,919.513525061451,1,0,0
2.421,50.2928162928204,399.209683338878,0,223.01308471039,-24.2934061853407,0,223,0,223,198.719678525049,44.8500794860918,0,919.513525061451,1,0,0
2.422,50.2919408589593,399.214859983858,0,223.012648553377,-24.1475493887744,0,223,0,223,198.865099164602,44.9554933515071,0,919.513525061451,1,0,0
2.423,50.291070385683,399.219994005182,0,223.012226934931,-24.0025636599825,0,223,0,223,199.009663274948,45.0605920607325,0,919.513525061451,1,0,0
2.424,50.2902048438368,399.225085704668,0,223.011819370433,-23.8584499676018,0,223,0,223,199.153369402831,45.1653773995784,0,919.513525061451,1,0,0
2.425,50.2893442042282,399.230135387799,0,223.011425391419,-23.7152091105537,0,223,0,223,199.296216280865,45.2698511433596,0,919.513525061451,1,0,0
2.426,50.2884884376335,399.235143363291,0,223.011044545038,-23.5728417220646,0,223,0,223,199.438202822973,45.3740150568818,0,919.513525061451,1,0,0
2.427,50.2876375148036,399.240109942689,0,223.010676393537,-23.4313482736165,0,223,0,223,199.57932811992,45.4778708944298,0,919.513525061451,1,0,0
2.428,50.2867914064694,399.245035439978,0,223.010320513752,-23.2907290788306,0,223,0,223,199.719591434921,45.5814203997591,0,919.513525061451,1,0,0
2.429,50.2859500833474,399.24992017121,0,223.009976496627,-23.1509842972839,0,223,0,223,199.858992199343,45.6846653060881,0,919.513525061451,1,0,0
2.43,50.2851135161456,399.254764454156,0,223.00964394674,-23.012113938259,0,223,0,223,199.997530008481,45.7876073360932,0,919.513525061451,1,0,0
2.431,50.2842816755679,399.25956860797,0,223.009322481848,-22.8741178644303,0,223,0,223,200.135204617418,45.8902482019056,0,919.513525061451,1,0,0
2.432,50.2834545323202,399.264332952873,0,223.009011732453,-22.7369957954846,0,223,0,223,200.272015936969,45.99258960511,0,919.513525061451,1,0,0
2.433,50.2826320571148,399.269057809854,0,223.008711341371,-22.6007473116792,0,223,0,223,200.407964029692,46.0946332367453,0,919.513525061451,1,0,0
2.434,50.2818142206752,399.273743500382,0,223.008420963326,-22.4653718573373,0,223,0,223,200.543049105988,46.1963807773066,0,919.513525061451,1,0,0
2.435,50.2810009937415,399.278390346142,0,223.008140264548,-22.3308687442819,0,223,0,223,200.677271520266,46.2978338967497,0,919.513525061451,1,0,0
2.436,50.2801923470742,399.282998668781,0,223.007868922397,-22.1972371552092,0,223,0,223,200.810631767187,46.3989942544966,0,919.513525061451,1,0,0
2.437,50.2793882514596,399.287568789665,0,223.007606624983,-22.0644761470015,0,223,0,223,200.943130477982,46.4998634994434,0,919.513525061451,1,0,0
2.438,50.2785886777132,399.29210102966,0,223.007353070817,-21.9325846539822,0,223,0,223,201.074768416835,46.6004432699688,0,919.513525061451,1,0,0
2.439,50.2777935966849,399.296595708915,0,223.007107968457,-21.8015614911114,0,223,0,223,201.205546477345,46.7007351939456,0,919.513525061451,1,0,0
2.44,50.2770029792625,399.301053146667,0,223.006871036175,-21.6714053571255,0,223,0,223,201.335465679049,46.8007408887522,0,919.513525061451,1,0,0
2.441,50.2762167963759,399.305473661055,0,223.006642001636,-21.5421148376189,0,223,0,223,201.464527164017,46.9004619612867,0,919.513525061451,1,0,0
2.442,50.2754350190014,399.309857568945,0,223.006420601581,-21.4136884080712,0,223,0,223,201.59273219351,46.999900007982,0,919.513525061451,1,0,0
2.443,50.274657618165,399.314205185769,0,223.006206581528,-21.2861244368186,0,223,0,223,201.72008214471,47.0990566148225,0,919.513525061451,1,0,0
2.444,50.2738845649463,399.318516825374,0,223.005999695477,-21.1594211879722,0,223,0,223,201.846578507505,47.1979333573619,0,919.513525061451,1,0,0
2.445,50.2731158304823,399.322792799881,0,223.005799705628,-21.0335768242816,0,223,0,223,201.972222881347,47.2965318007426,0,919.513525061451,1,0,0
2.446,50.2723513859706,399.327033419558,0,223.005606382107,-20.9085894099477,0,223,0,223,202.09701697216,47.3948534997162,0,919.513525061451,1,0,0
2.447,50.2715912026731,399.331238992695,0,223.005419502704,-20.784456913382,0,223,0,223,202.220962589322,47.4928999986656,0,919.513525061451,1,0,0
2.448,50.270835251919,399.335409825501,0,223.005238852614,-20.6611772099162,0,223,0,223,202.344061642697,47.5906728316279,0,919.513525061451,1,0,0
2.449,50.2700835051083,399.339546221996,0,223.005064224193,-20.5387480844609,0,223,0,223,202.466316139732,47.6881735223188,0,919.513525061451,1,0,0
2.45,50.2693359337147,399.343648483921,0,223.00489541672,-20.417167234115,0,223,0,223,202.587728182605,47.7854035841577,0,919.513525061451,1,0,0
2.451,50.2685925092889,399.347716910657,0,223.004732236163,-20.2964322707263,0,223,0,223,202.708299965436,47.882364520295,0,919.513525061451,1,0,0
2.452,50.2678532034611,399.351751799143,0,223.004574494957,-20.1765407234042,0,223,0,223,202.828033771553,47.979057823639,0,919.513525061451,1,0,0
2.453,50.2671179879443,399.355753443812,0,223.004422011792,-20.057490040985,0,223,0,223,202.946931970807,48.075484976885,0,919.513525061451,1,0,0
2.454,50.2663868345367,399.359722136529,0,223.004274611399,-19.9392775944501,0,223,0,223,203.064997016949,48.171647452545,0,919.513525061451,1,0,0
2.455,50.2656597151246,399.363658166535,0,223.004132124352,-19.8219006792994,0,223,0,223,203.182231445053,48.2675467129782,0,919.513525061451,1,0,0
2.456,50.2649366016848,399.3675618204,0,223.003994386874,-19.7053565178785,0,223,0,223,203.298637868995,48.363184210423,0,919.513525061451,1,0,0
2.457,50.2642174662876,399.371433381982,0,223.003861240645,-19.589642261662,0,223,0,223,203.414218978983,48.4585613870295,0,919.513525061451,1,0,0
2.458,50.2635022810982,399.375273132393,0,223.003732532623,-19.4747549934923,0,223,0,223,203.528977539131,48.5536796748931,0,919.513525061451,1,0,0
2.459,50.2627910183804,399.379081349965,0,223.003608114869,-19.3606917297762,0,223,0,223,203.642916385093,48.6485404960884,0,919.513525061451,1,0,0
2.46,50.2620836504975,399.382858310229,0,223.003487844374,-19.2474494226382,0,223,0,223,203.756038421735,48.7431452627054,0,919.513525061451,1,0,0
2.461,50.2613801499157,399.386604285896,0,223.003371582894,-19.1350249620322,0,223,0,223,203.868346620862,48.8374953768845,0,919.513525061451,1,0,0
2.462,50.2606804892053,399.390319546839,0,223.003259196798,-19.023415177812,0,223,0,223,203.979844018986,48.9315922308541,0,919.513525061451,1,0,0
2.463,50.2599846410434,399.394004360086,0,223.003150556905,-18.9126168417615,0,223,0,223,204.090533715143,49.025437206968,0,919.513525061451,1,0,0
2.464,50.2592925782153,399.397658989814,0,223.003045538341,-18.8026266695844,0,223,0,223,204.200418868757,49.1190316777436,0,919.513525061451,1,0,0
2.465,50.2586042736171,399.401283697345,0,223.002944020396,-18.6934413228552,0,223,0,223,204.309502697541,49.2123770059012,0,919.513525061451,1,0,0
2.466,50.2579197002568,399.404878741152,0,223.002845886383,-18.5850574109314,0,223,0,223,204.417788475452,49.3054745444033,0,919.513525061451,1,0,0
2.467,50.2572388312566,399.40844437686,0,223.002751023504,-18.4774714928271,0,223,0,223,204.525279530677,49.3983256364958,0,919.513525061451,1,0,0
2.468,50.2565616398543,399.411980857258,0,223.00265932272,-18.3706800790497,0,223,0,223,204.631979243671,49.4909316157481,0,919.513525061451,1,0,0
2.469,50.2558880994053,399.415488432312,0,223.00257067863,-18.2646796333997,0,223,0,223,204.73789104523,49.5832938060957,0,919.513525061451,1,0,0
2.47,50.2552181833838,399.418967349177,0,223.002484989342,-18.1594665747338,0,223,0,223,204.843018414608,49.6754135218816,0,919.513525061451,1,0,0
2.471,50.2545518653845,399.422417852216,0,223.002402156364,-18.0550372786926,0,223,0,223,204.947364877671,49.7672920678998,0,919.513525061451,1,0,0
2.472,50.253889119124,399.425840183021,0,223.002322084485,-17.9513880793931,0,223,0,223,205.050934005092,49.8589307394382,0,919.513525061451,1,0,0
2.473,50.2532299184423,399.429234580435,0,223.002244681669,-17.8485152710866,0,223,0,223,205.153729410582,49.9503308223228,0,919.513525061451,1,0,0
2.474,50.2525742373041,399.432601280575,0,223.002169858947,-17.7464151097826,0,223,0,223,205.255754749164,50.041493592962,0,919.513525061451,1,0,0
2.475,50.2519220498002,399.435940516864,0,223.002097530315,-17.645083814839,0,223,0,223,205.357013715476,50.1324203183915,0,919.513525061451,1,0,0
2.476,50.2512733301482,399.439252520053,0,223.002027612638,-17.5445175705198,0,223,0,223,205.457510042118,50.2231122563196,0,919.513525061451,1,0,0
2.477,50.2506280526946,399.442537518254,0,223.00196002555,-17.4447125275202,0,223,0,223,205.55724749803,50.3135706551729,0,919.513525061451,1,0,0
2.478,50.249986191915,399.445795736974,0,223.001894691365,-17.3456648044593,0,223,0,223,205.656229886906,50.4037967541429,0,919.513525061451,1,0,0
2.479,50.2493477224159,399.449027399143,0,223.001831534986,-17.2473704893426,0,223,0,223,205.754461045644,50.4937917832323,0,919.513525061451,1,0,0
2.48,50.2487126189352,399.452232725154,0,223.00177048382,-17.1498256409925,0,223,0,223,205.851944842828,50.5835569633021,0,919.513525061451,1,0,0
2.481,50.2480808563436,399.455411932895,0,223.001711467693,-17.053026290449,0,223,0,223,205.948685177244,50.6730935061187,0,919.513525061451,1,0,0
2.482,50.2474524096452,399.458565237783,0,223.00165441877,-16.9569684423409,0,223,0,223,206.044685976429,50.7624026144025,0,919.513525061451,1,0,0
2.483,50.2468272539786,399.461692852807,0,223.001599271477,-16.8616480762267,0,223,0,223,206.139951195251,50.8514854818747,0,919.513525061451,1,0,0
2.484,50.2462053646174,399.464794988563,0,223.001545962428,-16.7670611479079,0,223,0,223,206.23448481452,50.940343293307,0,919.513525061451,1,0,0
2.485,50.2455867169716,399.467871853291,0,223.001494430347,-16.6732035907126,0,223,0,223,206.328290839635,51.0289772245693,0,919.513525061451,1,0,0
2.486,50.2449712865878,399.470923652917,0,223.001444616002,-16.5800713167524,0,223,0,223,206.42137329925,51.1173884426791,0,919.513525061451,1,0,0
2.487,50.24435904915,399.473950591091,0,223.001396462135,-16.4876602181509,0,223,0,223,206.513736243985,51.2055781058507,0,919.513525061451,1,0,0
2.488,50.2437499804805,399.476952869226,0,223.001349913398,-16.3959661682461,0,223,0,223,206.605383745152,51.2935473635447,0,919.513525061451,1,0,0
2.489,50.2431440565403,399.479930686542,0,223.001304916284,-16.3049850227653,0,223,0,223,206.696319893519,51.3812973565176,0,919.513525061451,1,0,0
2.49,50.2425412534299,399.482884240099,0,223.001261419075,-16.2147126209749,0,223,0,223,206.7865487981,51.4688292168722,0,919.513525061451,1,0,0
2.491,50.2419415473895,399.485813724846,0,223.001219371772,-16.1251447868039,0,223,0,223,206.876074584968,51.5561440681069,0,919.513525061451,1,0,0
2.492,50.2413449147998,399.488719333655,0,223.001178726047,-16.0362773299427,0,223,0,223,206.964901396104,51.6432430251672,0,919.513525061451,1,0,0
2.493,50.2407513321823,399.491601257364,0,223.001139435178,-15.9481060469165,0,223,0,223,207.053033388262,51.7301271944951,0,919.513525061451,1,0,0
2.494,50.2401607761999,399.494459684817,0,223.001101454006,-15.860626722135,0,223,0,223,207.140474731871,51.8167976740807,0,919.513525061451,1,0,0
2.495,50.2395732236571,399.497294802904,0,223.001064738872,-15.7738351289177,0,223,0,223,207.227229609955,51.9032555535127,0,919.513525061451,1,0,0
2.496,50.2389886515005,399.500106796598,0,223.001029247577,-15.6877270304962,0,223,0,223,207.31330221708,51.9895019140292,0,919.513525061451,1,0,0
2.497,50.2384070368191,399.502895849,0,223.000994939324,-15.6022981809928,0,223,0,223,207.398696758331,52.0755378285694,0,919.513525061451,1,0,0
2.498,50.2378283568445,399.505662141373,0,223.00096177468,-15.5175443263769,0,223,0,223,207.483417448303,52.1613643618242,0,919.513525061451,1,0,0
2.499,50.2372525889513,399.508405853185,0,223.000929715524,-15.4334612053985,0,223,0,223,207.567468510125,52.2469825702882,0,919.513525061451,1,0,0
2.5,50.2366797106573,399.511127162141,0,223.000898725006,-15.3500445505007,0,223,0,223,207.650854174506,52.3323935023107,0,919.513525061451,1,0,0
2.501,50.2361096996234,399.513826244228,0,223.000868767506,-15.2672900887094,0,223,0,223,207.733578678797,52.4175981981473,0,919.513525061451,1,0,0
2.502,50.2355425336544,399.51650327375,0,223.000839808589,-15.1851935425032,0,223,0,223,207.815646266086,52.5025976900118,0,919.513525061451,1,0,0
2.503,50.2349781906984,399.51915842336,0,223.00081181497,-15.1037506306612,0,223,0,223,207.897061184308,52.5873930021273,0,919.513525061451,1,0,0
2.504,50.2344166488476,399.521791864104,0,223.000784754471,-15.0229570690916,0,223,0,223,207.977827685379,52.6719851507788,0,919.513525061451,1,0,0
2.505,50.2338578863379,399.524403765449,0,223.000758595988,-14.9428085716392,0,223,0,223,208.057950024349,52.7563751443639,0,919.513525061451,1,0,0
2.506,50.233301881549,399.526994295326,0,223.000733309455,-14.8633008508735,0,223,0,223,208.137432458582,52.8405639834456,0,919.513525061451,1,0,0
2.507,50.2327486130047,399.529563620155,0,223.000708865807,-14.7844296188582,0,223,0,223,208.216279246949,52.9245526608032,0,919.513525061451,1,0,0
2.508,50.2321980593727,399.532111904888,0,223.000685236947,-14.7061905879002,0,223,0,223,208.294494649046,53.0083421614849,0,919.513525061451,1,0,0
2.509,50.2316501994645,399.534639313034,0,223.000662395715,-14.6285794712816,0,223,0,223,208.372082924434,53.0919334628591,0,919.513525061451,1,0,0
2.51,50.2311050122358,399.537146006696,0,223.000640315858,-14.5515919839716,0,223,0,223,208.449048331886,53.1753275346663,0,919.513525061451,1,0,0
2.511,50.2305624767856,399.539632146601,0,223.000618971996,-14.475223843322,0,223,0,223,208.525395128674,53.2585253390712,0,919.513525061451,1,0,0
2.512,50.2300225723571,399.542097892132,0,223.000598339596,-14.3994707697442,0,223,0,223,208.601127569852,53.341527830714,0,919.513525061451,1,0,0
2.513,50.2294852783367,399.544543401355,0,223.000578394943,-14.3243284873685,0,223,0,223,208.676249907574,53.4243359567626,0,919.513525061451,1,0,0
2.514,50.2289505742545,399.546968831052,0,223.000559115111,-14.2497927246873,0,223,0,223,208.750766390424,53.5069506569638,0,919.513525061451,1,0,0
2.515,50.2284184397837,399.549374336746,0,223.000540477941,-14.1758592151808,0,223,0,223,208.82468126276,53.5893728636954,0,919.513525061451,1,0,0
2.516,50.2278888547407,399.551760072733,0,223.00052246201,-14.1025236979264,0,223,0,223,208.897998764083,53.6716035020175,0,919.513525061451,1,0,0
2.517,50.2273617990849,399.554126192104,0,223.000505046609,-14.0297819181924,0,223,0,223,208.970723128417,53.7536434897242,0,919.513525061451,1,0,0
2.518,50.2268372529181,399.556472846775,0,223.000488211722,-13.9576296280152,0,223,0,223,209.042858583707,53.8354937373947,0,919.513525061451,1,0,0
2.519,50.2263151964849,399.55880018751,0,223.000471937998,-13.8860625867614,0,223,0,223,209.114409351237,53.9171551484452,0,919.513525061451,1,0,0
2.52,50.2257956101717,399.561108363951,0,223.000456206732,-13.8150765616746,0,223,0,223,209.185379645057,53.9986286191798,0,919.513525061451,1,0,0
2.521,50.2252784745071,399.563397524632,0,223.000440999841,-13.7446673284071,0,223,0,223,209.255773671434,54.0799150388416,0,919.513525061451,1,0,0
2.522,50.2247637701611,399.565667817012,0,223.000426299846,-13.674830671537,0,223,0,223,209.325595628309,54.1610152896642,0,919.513525061451,1,0,0
2.523,50.2242514779451,399.567919387494,0,223.000412089851,-13.6055623850708,0,223,0,223,209.39484970478,54.2419302469222,0,919.513525061451,1,0,0
2.524,50.2237415788114,399.570152381442,0,223.000398353523,-13.5368582729316,0,223,0,223,209.463540080591,54.3226607789824,0,919.513525061451,1,0,0
2.525,50.223234053853,399.572366943212,0,223.000385075072,-13.4687141494344,0,223,0,223,209.531670925638,54.4032077473545,0,919.513525061451,1,0,0
2.526,50.222728884303,399.574563216161,0,223.000372239236,-13.4011258397463,0,223,0,223,209.59924639949,54.4835720067416,0,919.513525061451,1,0,0
2.527,50.2222260515346,399.576741342676,0,223.000359831262,-13.3340891803345,0,223,0,223,209.666270650927,54.5637544050906,0,919.513525061451,1,0,0
2.528,50.2217255370602,399.578901464187,0,223.000347836886,-13.2676000194009,0,223,0,223,209.732747817485,54.6437557836431,0,919.513525061451,1,0,0
2.529,50.2212273225314,399.581043721186,0,223.000336242323,-13.2016542173034,0,223,0,223,209.79868202502,54.7235769769848,0,919.513525061451,1,0,0
2.53,50.2207313897386,399.583168253245,0,223.000325034246,-13.1362476469655,0,223,0,223,209.864077387281,54.8032188130961,0,919.513525061451,1,0,0
2.531,50.2202377206102,399.585275199036,0,223.000314199771,-13.071376194272,0,223,0,223,209.928938005499,54.882682113402,0,919.513525061451,1,0,0
2.532,50.2197462972125,399.58736469634,0,223.000303726445,-13.0070357584546,0,223,0,223,209.993267967991,54.9619676928216,0,919.513525061451,1,0,0
2.533,50.2192571017491,399.589436882068,0,223.000293602231,-12.9432222524637,0,223,0,223,210.057071349767,55.0410763598182,0,919.513525061451,1,0,0
2.534,50.2187701165603,399.591491892275,0,223.00028381549,-12.8799316033298,0,223,0,223,210.12035221216,55.1200089164478,0,919.513525061451,1,0,0
2.535,50.2182853241229,399.59352986217,0,223.000274354973,-12.8171597525129,0,223,0,223,210.18311460246,55.1987661584095,0,919.513525061451,1,0,0
2.536,50.2178027070496,399.595550926136,0,223.000265209807,-12.7549026562406,0,223,0,223,210.245362553567,55.2773488750938,0,919.513525061451,1,0,0
2.537,50.2173222480883,399.597555217736,0,223.000256369481,-12.6931562858359,0,223,0,223,210.307100083645,55.3557578496317,0,919.513525061451,1,0,0
2.538,50.2168439301219,399.599542869732,0,223.000247823831,-12.6319166280331,0,223,0,223,210.368331195798,55.4339938589434,0,919.513525061451,1,0,0
2.539,50.2163677361674,399.601514014091,0,223.000239563037,-12.5711796852841,0,223,0,223,210.429059877753,55.5120576737873,0,919.513525061451,1,0,0
2.54,50.2158936493758,399.603468781999,0,223.000231577602,-12.5109414760541,0,223,0,223,210.489290101548,55.5899500588076,0,919.513525061451,1,0,0
2.541,50.2154216530311,399.605407303872,0,223.000223858349,-12.4511980351067,0,223,0,223,210.549025823242,55.6676717725828,0,919.513525061451,1,0,0
2.542,50.2149517305502,399.607329709363,0,223.000216396404,-12.3919454137797,0,223,0,223,210.608270982624,55.745223567674,0,919.513525061451,1,0,0
2.543,50.2144838654819,399.609236127375,0,223.00020918319,-12.3331796802507,0,223,0,223,210.66702950294,55.8226061906721,0,919.513525061451,1,0,0
2.544,50.2140180415066,399.611126686069,0,223.000202210417,-12.2748969197934,0,223,0,223,210.725305290624,55.8998203822456,0,919.513525061451,1,0,0
2.545,50.2135542424356,399.61300151287,0,223.00019547007,-12.2170932350243,0,223,0,223,210.783102235046,55.9768668771879,0,919.513525061451,1,0,0
2.546,50.2130924522108,399.614860734481,0,223.000188954401,-12.1597647461403,0,223,0,223,210.840424208261,56.0537464044648,0,919.513525061451,1,0,0
2.547,50.2126326549034,399.616704476883,0,223.000182655921,-12.1029075911479,0,223,0,223,210.897275064773,56.1304596872606,0,919.513525061451,1,0,0
2.548,50.212174834714,399.618532865348,0,223.00017656739,-12.0465179260824,0,223,0,223,210.953658641308,56.2070074430259,0,919.513525061451,1,0,0
2.549,50.2117189759719,399.620346024443,0,223.000170681811,-11.9905919252197,0,223,0,223,211.009578756591,56.2833903835229,0,919.513525061451,1,0,0
2.55,50.211265063134,399.622144078037,0,223.000164992417,-11.9351257812787,0,223,0,223,211.065039211138,56.3596092148728,0,919.513525061451,1,0,0
2.551,50.2108130807845,399.623927149308,0,223.00015949267,-11.8801157056164,0,223,0,223,211.120043787053,56.435664637601,0,919.513525061451,1,0,0
2.552,50.2103630136346,399.625695360744,0,223.000154176247,-11.8255579284139,0,223,0,223,211.174596247834,56.5115573466835,0,919.513525061451,1,0,0
2.553,50.209914846521,399.627448834156,0,223.000149037039,-11.7714486988552,0,223,0,223,211.228700338184,56.5872880315919,0,919.513525061451,1,0,0
2.554,50.2094685644063,399.629187690676,0,223.000144069138,-11.7177842852981,0,223,0,223,211.28235978384,56.6628573763395,0,919.513525061451,1,0,0
2.555,50.2090241523773,399.630912050764,0,223.000139266833,-11.664560975437,0,223,0,223,211.335578291396,56.7382660595257,0,919.513525061451,1,0,0
2.556,50.2085815956452,399.632622034212,0,223.000134624606,-11.6117750764592,0,223,0,223,211.388359548146,56.8135147543816,0,919.513525061451,1,0,0
2.557,50.2081408795446,399.634317760148,0,223.000130137119,-11.5594229151931,0,223,0,223,211.440707221926,56.8886041288139,0,919.513525061451,1,0,0
2.558,50.2077019895326,399.635999347039,0,223.000125799215,-11.5075008382496,0,223,0,223,211.492624960965,56.9635348454499,0,919.513525061451,1,0,0
2.559,50.2072649111885,399.637666912694,0,223.000121605908,-11.4560052121566,0,223,0,223,211.544116393751,57.0383075616816,0,919.513525061451,1,0,0
2.56,50.206829630213,399.63932057427,0,223.000117552377,-11.4049324234867,0,223,0,223,211.595185128891,57.1129229297095,0,919.513525061451,1,0,0
2.561,50.2063961324275,399.64096044827,0,223.000113633965,-11.354278878978,0,223,0,223,211.645834754987,57.1873815965862,0,919.513525061451,1,0,0
2.562,50.2059644037734,399.642586650547,0,223.000109846166,-11.3040410056485,0,223,0,223,211.696068840517,57.2616842042601,0,919.513525061451,1,0,0
2.563,50.2055344303115,399.644199296308,0,223.000106184627,-11.2542152509044,0,223,0,223,211.745890933723,57.3358313896185,0,919.513525061451,1,0,0
2.564,50.2051061982211,399.645798500116,0,223.00010264514,-11.2047980826415,0,223,0,223,211.795304562498,57.4098237845306,0,919.513525061451,1,0,0
2.565,50.2046796937996,399.647384375889,0,223.000099223635,-11.1557859893413,0,223,0,223,211.844313234294,57.4836620158902,0,919.513525061451,1,0,0
2.566,50.2042549034616,399.648957036904,0,223.00009591618,-11.1071754801606,0,223,0,223,211.89292043602,57.5573467056581,0,919.513525061451,1,0,0
2.567,50.2038318137384,399.650516595797,0,223.000092718974,-11.0589630850154,0,223,0,223,211.941129633959,57.6308784709042,0,919.513525061451,1,0,0
2.568,50.2034104112769,399.652063164565,0,223.000089628342,-11.0111453546589,0,223,0,223,211.988944273683,57.7042579238501,0,919.513525061451,1,0,0
2.569,50.2029906828393,399.653596854568,0,223.00008664073,-10.9637188607548,0,223,0,223,212.036367779976,57.7774856719097,0,919.513525061451,1,0,0
2.57,50.2025726153024,399.655117776527,0,223.000083752706,-10.9166801959437,0,223,0,223,212.083403556762,57.8505623177319,0,919.513525061451,1,0,0
2.571,50.2021561956564,399.65662604053,0,223.000080960949,-10.8700259739055,0,223,0,223,212.130054987044,57.9234884592408,0,919.513525061451,1,0,0
2.572,50.2017414110049,399.658121756026,0,223.000078262251,-10.8237528294159,0,223,0,223,212.176325432835,57.9962646896771,0,919.513525061451,1,0,0
2.573,50.2013282485635,399.65960503183,0,223.000075653509,-10.7778574183981,0,223,0,223,212.222218235111,58.0688915976388,0,919.513525061451,1,0,0
2.574,50.2009166956597,399.661075976123,0,223.000073131726,-10.7323364179692,0,223,0,223,212.267736713756,58.1413697671217,0,919.513525061451,1,0,0
2.575,50.2005067397317,399.662534696449,0,223.000070694001,-10.6871865264824,0,223,0,223,212.312884167519,58.2136997775592,0,919.513525061451,1,0,0
2.576,50.2000983683279,399.663981299721,0,223.000068337535,-10.6424044635638,0,223,0,223,212.357663873971,58.2858822038626,0,919.513525061451,1,0,0
2.577,50.1996915691063,399.665415892217,0,223.000066059617,-10.5979869701446,0,223,0,223,212.402079089472,58.3579176164607,0,919.513525061451,1,0,0
2.578,50.1992863298334,399.666838579579,0,223.00006385763,-10.5539308084897,0,223,0,223,212.44613304914,58.429806581339,0,919.513525061451,1,0,0
2.579,50.1988826383839,399.668249466817,0,223.000061729042,-10.5102327622207,0,223,0,223,212.489828966821,58.501549660079,0,919.513525061451,1,0,0
2.58,50.1984804827399,399.669648658306,0,223.000059671407,-10.4668896363353,0,223,0,223,212.533170035072,58.5731474098972,0,919.513525061451,1,0,0
2.581,50.1980798509898,399.671036257786,0,223.00005768236,-10.4238982572224,0,223,0,223,212.576159425138,58.6446003836835,0,919.513525061451,1,0,0
2.582,50.1976807313281,399.672412368365,0,223.000055759615,-10.3812554726728,0,223,0,223,212.618800286942,58.7159091300398,0,919.513525061451,1,0,0
2.583,50.1972831120544,399.673777092513,0,223.000053900961,-10.3389581518867,0,223,0,223,212.661095749074,58.787074193318,0,919.513525061451,1,0,0
2.584,50.1968869815727,399.675130532067,0,223.000052104262,-10.2970031854763,0,223,0,223,212.703048918786,58.8580961136575,0,919.513525061451,1,0,0
2.585,50.1964923283907,399.676472788228,0,223.000050367454,-10.2553874854651,0,223,0,223,212.744662881989,58.9289754270237,0,919.513525061451,1,0,0
2.586,50.1960991411191,399.677803961563,0,223.000048688539,-10.214107985284,0,223,0,223,212.785940703255,58.9997126652444,0,919.513525061451,1,0,0
2.587,50.1957074084708,399.679124152,0,223.000047065587,-10.1731616397625,0,223,0,223,212.826885425825,59.0703083560472,0,919.513525061451,1,0,0
2.588,50.1953171192604,399.680433458835,0,223.000045496734,-10.132545425118,0,223,0,223,212.867500071616,59.1407630230967,0,919.513525061451,1,0,0
2.589,50.1949282624033,399.681731980723,0,223.000043980177,-10.09225633894,0,223,0,223,212.907787641237,59.2110771860305,0,919.513525061451,1,0,0
2.59,50.1945408269147,399.683019815685,0,223.000042514171,-10.0522914001725,0,223,0,223,212.947751113998,59.2812513604957,0,919.513525061451,1,0,0
2.591,50.1941548019098,399.684297061106,0,223.000041097032,-10.0126476490922,0,223,0,223,212.987393447939,59.351286058185,0,919.513525061451,1,0,0
2.592,50.1937701766018,399.685563813729,0,223.000039727131,-9.97332214728356,0,223,0,223,213.026717579847,59.4211817868725,0,919.513525061451,1,0,0
2.593,50.1933869403024,399.686820169664,0,223.000038402893,-9.93431197761147,0,223,0,223,213.065726425281,59.4909390504491,0,919.513525061451,1,0,0
2.594,50.1930050824202,399.68806622438,0,223.000037122796,-9.89561424419009,0,223,0,223,213.104422878606,59.560558348958,0,919.513525061451,1,0,0
2.595,50.1926245924606,399.689302072709,0,223.00003588537,-9.85722607234932,0,223,0,223,213.142809813021,59.6300401786293,0,919.513525061451,1,0,0
2.596,50.1922454600245,399.690527808846,0,223.000034689191,-9.81914460859821,0,223,0,223,213.180890080593,59.6993850319151,0,919.513525061451,1,0,0
2.597,50.1918676748083,399.691743526344,0,223.000033532885,-9.78136702058564,0,223,0,223,213.218666512299,59.7685933975239,0,919.513525061451,1,0,0
2.598,50.1914912266026,399.69294931812,0,223.000032415122,-9.74389049705839,0,223,0,223,213.256141918063,59.8376657604549,0,919.513525061451,1,0,0
2.599,50.1911161052915,399.694145276452,0,223.000031334618,-9.70671224781643,0,223,0,223,213.293319086801,59.9066026020318,0,919.513525061451,1,0,0
2.6,50.1907423008524,399.695331492977,0,223.00003029013,-9.66982950366585,0,223,0,223,213.330200786465,59.9754043999368,0,919.513525061451,1,0,0
2.601,50.1903698033549,399.696508058695,0,223.000029280459,-9.63323951636923,0,223,0,223,213.36678976409,60.0440716282436,0,919.513525061451,1,0,0
2.602,50.1899986029602,399.697675063968,0,223.000028304444,-9.59693955859363,0,223,0,223,213.403088745851,60.1126047574514,0,919.513525061451,1,0,0
2.603,50.1896286899201,399.698832598517,0,223.000027360963,-9.56092692385628,0,223,0,223,213.439100437106,60.1810042545171,0,919.513525061451,1,0,0
2.604,50.1892600545771,399.699980751425,0,223.000026448931,-9.52519892646794,0,223,0,223,213.474827522463,60.2492705828883,0,919.513525061451,1,0,0
2.605,50.1888926873627,399.701119611139,0,223.0000255673,-9.48975290147415,0,223,0,223,213.510272665825,60.3174042025361,0,919.513525061451,1,0,0
2.606,50.1885265787975,399.702249265464,0,223.000024715056,-9.45458620459424,0,223,0,223,213.545438510462,60.3854055699867,0,919.513525061451,1,0,0
2.607,50.1881617194899,399.70336980157,0,223.000023891221,-9.41969621215846,0,223,0,223,213.580327679063,60.4532751383538,0,919.513525061451,1,0,0
2.608,50.1877981001362,399.704481305989,0,223.000023094847,-9.38508032104296,0,223,0,223,213.614942773804,60.5210133573701,0,919.513525061451,1,0,0
2.609,50.1874357115188,399.705583864615,0,223.000022325019,-9.35073594860279,0,223,0,223,213.649286376416,60.5886206734191,0,919.513525061451,1,0,0
2.61,50.1870745445066,399.706677562706,0,223.000021580851,-9.31666053260317,0,223,0,223,213.683361048248,60.6560975295659,0,919.513525061451,1,0,0
2.611,50.1867145900537,399.707762484886,0,223.00002086149,-9.28285153114888,0,223,0,223,213.717169330341,60.7234443655883,0,919.513525061451,1,0,0
2.612,50.1863558391988,399.708838715141,0,223.000020166107,-9.2493064226118,0,223,0,223,213.750713743495,60.7906616180076,0,919.513525061451,1,0,0
2.613,50.1859982830647,399.709906336823,0,223.000019493903,-9.21602270555689,0,223,0,223,213.783996788346,60.8577497201192,0,919.513525061451,1,0,0
2.614,50.1856419128574,399.710965432651,0,223.000018844106,-9.18299789866643,0,223,0,223,213.81702094544,60.9247091020225,0,919.513525061451,1,0,0
2.615,50.1852867198657,399.712016084711,0,223.00001821597,-9.15022954066266,0,223,0,223,213.849788675307,60.9915401906511,0,919.513525061451,1,0,0
2.616,50.1849326954601,399.713058374456,0,223.000017608771,-9.11771519022887,0,223,0,223,213.882302418542,61.0582434098027,0,919.513525061451,1,0,0
2.617,50.1845798310928,399.714092382708,0,223.000017021812,-9.08545242592908,0,223,0,223,213.914564595882,61.1248191801684,0,919.513525061451,1,0,0
2.618,50.1842281182963,399.71511818966,0,223.000016454418,-9.05343884612618,0,223,0,223,213.946577608292,61.1912679193618,0,919.513525061451,1,0,0
2.619,50.1838775486832,399.716135874876,0,223.000015905937,-9.02167206889877,0,223,0,223,213.978343837038,61.2575900419485,0,919.513525061451,1,0,0
2.62,50.1835281139455,399.717145517289,0,223.000015375739,-8.99014973195663,0,223,0,223,214.009865643783,61.3237859594745,0,919.513525061451,1,0,0
2.621,50.1831798058536,399.718147195211,0,223.000014863215,-8.95886949255484,0,223,0,223,214.04114537066,61.3898560804948,0,919.513525061451,1,0,0
2.622,50.1828326162562,399.719140986323,0,223.000014367774,-8.92782902740671,0,223,0,223,214.072185340367,61.4558008106021,0,919.513525061451,1,0,0
2.623,50.1824865370791,399.720126967686,0,223.000013888848,-8.89702603259555,0,223,0,223,214.102987856253,61.5216205524544,0,919.513525061451,1,0,0
2.624,50.1821415603251,399.721105215737,0,223.000013425887,-8.86645822348516,0,223,0,223,214.133555202402,61.5873157058029,0,919.513525061451,1,0,0
2.625,50.1817976780729,399.722075806292,0,223.000012978357,-8.83612333462942,0,223,0,223,214.163889643728,61.6528866675199,0,919.513525061451,1,0,0
2.626,50.1814548824764,399.723038814549,0,223.000012545745,-8.8060191196806,0,223,0,223,214.193993426065,61.7183338316261,0,919.513525061451,1,0,0
2.627,50.1811131657648,399.723994315087,0,223.000012127554,-8.77614335129674,0,223,0,223,214.223868776257,61.7836575893177,0,919.513525061451,1,0,0
2.628,50.1807725202409,399.724942381869,0,223.000011723302,-8.74649382104815,0,223,0,223,214.253517902254,61.848858328993,0,919.513525061451,1,0,0
2.629,50.1804329382814,399.725883088244,0,223.000011332525,-8.71706833932274,0,223,0,223,214.282942993203,61.9139364362797,0,919.513525061451,1,0,0
2.63,50.1800944123358,399.726816506949,0,223.000010954774,-8.68786473523064,0,223,0,223,214.312146219544,61.978892294061,0,919.513525061451,1,0,0
2.631,50.1797569349258,399.72774271011,0,223.000010589615,-8.65888085650792,0,223,0,223,214.341129733107,62.0437262825019,0,919.513525061451,1,0,0
2.632,50.1794204986447,399.728661769245,0,223.000010236628,-8.63011456941947,0,223,0,223,214.369895667209,62.1084387790752,0,919.513525061451,1,0,0
2.633,50.179085096157,399.729573755266,0,223.000009895407,-8.60156375866108,0,223,0,223,214.398446136746,62.1730301585873,0,919.513525061451,1,0,0
2.634,50.1787507201973,399.730478738479,0,223.00000956556,-8.57322632726081,0,223,0,223,214.426783238299,62.2375007932038,0,919.513525061451,1,0,0
2.635,50.1784173635704,399.731376788589,0,223.000009246708,-8.54510019647958,0,223,0,223,214.454909050229,62.3018510524748,0,919.513525061451,1,0,0
2.636,50.1780850191501,399.732267974701,0,223.000008938485,-8.51718330571119,0,223,0,223,214.482825632773,62.3660813033602,0,919.513525061451,1,0,0
2.637,50.1777536798785,399.733152365322,0,223.000008640535,-8.48947361238165,0,223,0,223,214.510535028153,62.4301919102542,0,919.513525061451,1,0,0
2.638,50.1774233387662,399.734030028364,0,223.000008352517,-8.46196909184779,0,223,0,223,214.53803926067,62.4941832350105,0,919.513525061451,1,0,0
2.639,50.1770939888909,399.734901031144,0,223.0000080741,-8.43466773729553,0,223,0,223,214.565340336805,62.5580556369664,0,919.513525061451,1,0,0
2.64,50.1767656233969,399.735765440391,0,223.000007804963,-8.40756755963737,0,223,0,223,214.592440245326,62.6218094729671,0,919.513525061451,1,0,0
2.641,50.1764382354951,399.736623322245,0,223.000007544798,-8.38066658740952,0,223,0,223,214.619340957388,62.6854450973899,0,919.513525061451,1,0,0
2.642,50.1761118184617,399.737474742261,0,223.000007293305,-8.35396286666854,0,223,0,223,214.646044426636,62.7489628621682,0,919.513525061451,1,0,0
2.643,50.1757863656381,399.738319765408,0,223.000007050195,-8.32745446088739,0,223,0,223,214.672552589307,62.8123631168144,0,919.513525061451,1,0,0
2.644,50.17546187043,399.739158456079,0,223.000006815188,-8.30113945085122,0,223,0,223,214.698867364337,62.8756462084441,0,919.513525061451,1,0,0
2.645,50.1751383263071,399.739990878086,0,223.000006588015,-8.27501593455275,0,223,0,223,214.724990653462,62.9388124817989,0,919.513525061451,1,0,0
2.646,50.1748157268023,399.740817094669,0,223.000006368415,-8.24908202708714,0,223,0,223,214.750924341327,63.0018622792694,0,919.513525061451,1,0,0
2.647,50.1744940655112,399.741637168492,0,223.000006156134,-8.22333586054669,0,223,0,223,214.776670295587,63.0647959409183,0,919.513525061451,1,0,0
2.648,50.1741733360917,399.742451161654,0,223.00000595093,-8.19777558391517,0,223,0,223,214.802230367014,63.1276138045023,0,919.513525061451,1,0,0
2.649,50.173853532263,399.743259135684,0,223.000005752565,-8.17239936296179,0,223,0,223,214.827606389604,63.1903162054953,0,919.513525061451,1,0,0
2.65,50.1735346478057,399.74406115155,0,223.000005560813,-8.14720538013508,0,223,0,223,214.852800180678,63.25290347711,0,919.513525061451,1,0,0
2.651,50.1732166765606,399.744857269657,0,223.000005375453,-8.12219183445633,0,223,0,223,214.877813540996,63.31537595032,0,919.513525061451,1,0,0
2.652,50.1728996124286,399.745647549855,0,223.000005196271,-8.09735694141303,0,223,0,223,214.902648254858,63.3777339538819,0,919.513525061451,1,0,0
2.653,50.1725834493697,399.746432051438,0,223.000005023062,-8.07269893285195,0,223,0,223,214.92730609021,63.4399778143561,0,919.513525061451,1,0,0
2.654,50.172268181403,399.747210833147,0,223.000004855626,-8.04821605687219,0,223,0,223,214.951788798754,63.5021078561292,0,919.513525061451,1,0,0
2.655,50.1719538026059,399.747983953179,0,223.000004693772,-8.02390657771796,0,223,0,223,214.976098116054,63.5641244014343,0,919.513525061451,1,0,0
2.656,50.1716403071133,399.74875146918,0,223.000004537313,-7.99976877567137,0,223,0,223,215.000235761642,63.6260277703725,0,919.513525061451,1,0,0
2.657,50.1713276891175,399.749513438259,0,223.000004386069,-7.97580094694503,0,223,0,223,215.024203439124,63.6878182809333,0,919.513525061451,1,0,0
2.658,50.1710159428674,399.750269916982,0,223.000004239867,-7.95200140357461,0,223,0,223,215.048002836292,63.7494962490155,0,919.513525061451,1,0,0
2.659,50.1707050626682,399.751020961382,0,223.000004098538,-7.92836847331143,0,223,0,223,215.071635625227,63.8110619884478,0,919.513525061451,1,0,0
2.66,50.1703950428805,399.751766626959,0,223.00000396192,-7.90490049951482,0,223,0,223,215.095103462405,63.8725158110084,0,919.513525061451,1,0,0
2.661,50.1700858779202,399.752506968683,0,223.000003829856,-7.88159584104463,0,223,0,223,215.118407988812,63.9338580264453,0,919.513525061451,1,0,0
2.662,50.1697775622577,399.753242040999,0,223.000003702194,-7.85845287215373,0,223,0,223,215.141550830041,63.9950889424966,0,919.513525061451,1,0,0
2.663,50.1694700904175,399.753971897828,0,223.000003578788,-7.83546998238045,0,223,0,223,215.164533596407,64.0562088649094,0,919.513525061451,1,0,0
2.664,50.1691634569778,399.754696592573,0,223.000003459495,-7.8126455764411,0,223,0,223,215.187357883054,64.1172180974597,0,919.513525061451,1,0,0
2.665,50.1688576565696,399.75541617812,0,223.000003344178,-7.78997807412262,0,223,0,223,215.210025270056,64.1781169419717,0,919.513525061451,1,0,0
2.666,50.1685526838767,399.756130706846,0,223.000003232706,-7.76746591017519,0,223,0,223,215.232537322531,64.2389056983368,0,919.513525061451,1,0,0
2.667,50.1682485336348,399.756840230613,0,223.000003124949,-7.74510753420506,0,223,0,223,215.254895590744,64.2995846645324,0,919.513525061451,1,0,0
2.668,50.1679452006314,399.757544800783,0,223.000003020784,-7.72290141056732,0,223,0,223,215.277101610217,64.3601541366409,0,919.513525061451,1,0,0
2.669,50.1676426797049,399.758244468213,0,223.000002920091,-7.700846018259,0,223,0,223,215.299156901832,64.4206144088682,0,919.513525061451,1,0,0
2.67,50.1673409657443,399.758939283262,0,223.000002822755,-7.67893985081208,0,223,0,223,215.321062971943,64.480965773562,0,919.513525061451,1,0,0
2.671,50.1670400536888,399.759629295792,0,223.000002728663,-7.65718141618689,0,223,0,223,215.342821312476,64.54120852123,0,919.513525061451,1,0,0
2.672,50.1667399385272,399.760314555176,0,223.000002637708,-7.63556923666556,0,223,0,223,215.364433401042,64.6013429405579,0,919.513525061451,1,0,0
2.673,50.1664406152973,399.760995110297,0,223.000002549784,-7.61410184874561,0,223,0,223,215.385900701038,64.6613693184277,0,919.513525061451,1,0,0
2.674,50.1661420790858,399.761671009554,0,223.000002464791,-7.59277780303381,0,223,0,223,215.407224661757,64.7212879399347,0,919.513525061451,1,0,0
2.675,50.1658443250276,399.762342300864,0,223.000002382631,-7.57159566414028,0,223,0,223,215.428406718491,64.7810990884056,0,919.513525061451,1,0,0
2.676,50.1655473483052,399.763009031666,0,223.00000230321,-7.55055401057272,0,223,0,223,215.449448292638,64.8408030454156,0,919.513525061451,1,0,0
2.677,50.1652511441485,399.763671248927,0,223.000002226437,-7.52965143463101,0,223,0,223,215.470350791806,64.9004000908055,0,919.513525061451,1,0,0
2.678,50.1649557078342,399.764328999141,0,223.000002152222,-7.5088865423019,0,223,0,223,215.49111560992,64.9598905026989,0,919.513525061451,1,0,0
2.679,50.1646610346853,399.764982328335,0,223.000002080481,-7.48825795315411,0,223,0,223,215.511744127327,65.0192745575192,0,919.513525061451,1,0,0
2.68,50.1643671200707,399.765631282075,0,223.000002011132,-7.46776430023355,0,223,0,223,215.532237710898,65.0785525300059,0,919.513525061451,1,0,0
2.681,50.164073959405,399.766275905463,0,223.000001944094,-7.44740422995903,0,223,0,223,215.552597714135,65.1377246932314,0,919.513525061451,1,0,0
2.682,50.1637815481476,399.766916243147,0,223.000001879291,-7.42717640201808,0,223,0,223,215.572825477273,65.1967913186172,0,919.513525061451,1,0,0
2.683,50.1634898818026,399.767552339323,0,223.000001816648,-7.40707948926318,0,223,0,223,215.592922327385,65.2557526759504,0,919.513525061451,1,0,0
2.684,50.1631989559181,399.768184237736,0,223.000001756093,-7.38711217760829,0,223,0,223,215.612889578485,65.3146090333993,0,919.513525061451,1,0,0
2.685,50.162908766086,399.768811981685,0,223.000001697557,-7.36727316592561,0,223,0,223,215.632728531631,65.3733606575298,0,919.513525061451,1,0,0
2.686,50.1626193079416,399.769435614028,0,223.000001640972,-7.34756116594287,0,223,0,223,215.652440475029,65.4320078133208,0,919.513525061451,1,0,0
2.687,50.1623305771628,399.770055177184,0,223.000001586272,-7.32797490214082,0,223,0,223,215.672026684132,65.4905507641797,0,919.513525061451,1,0,0
2.688,50.1620425694701,399.770670713135,0,223.000001533397,-7.30851311165111,0,223,0,223,215.691488421746,65.5489897719583,0,919.513525061451,1,0,0
2.689,50.1617552806261,399.771282263435,0,223.000001482283,-7.28917454415456,0,223,0,223,215.710826938129,65.6073250969676,0,919.513525061451,1,0,0
2.69,50.1614687064347,399.771889869208,0,223.000001432874,-7.26995796177974,0,223,0,223,215.730043471094,65.665556997993,0,919.513525061451,1,0,0
2.691,50.1611828427412,399.772493571152,0,223.000001385112,-7.25086213900208,0,223,0,223,215.74913924611,65.7236857323095,0,919.513525061451,1,0,0
2.692,50.1608976854317,399.773093409546,0,223.000001338941,-7.23188586254312,0,223,0,223,215.768115476398,65.7817115556963,0,919.513525061451,1,0,0
2.693,50.1606132304324,399.773689424253,0,223.00000129431,-7.21302793127045,0,223,0,223,215.786973363039,65.8396347224517,0,919.513525061451,1,0,0
2.694,50.1603294737097,399.774281654718,0,223.000001251166,-7.19428715609781,0,223,0,223,215.805714095068,65.8974554854074,0,919.513525061451,1,0,0
2.695,50.1600464112695,399.774870139979,0,223.000001209461,-7.17566235988575,0,223,0,223,215.824338849575,65.9551740959429,0,919.513525061451,1,0,0
2.696,50.1597640391568,399.775454918666,0,223.000001169145,-7.15715237734266,0,223,0,223,215.842848791803,66.0127908039999,0,919.513525061451,1,0,0
2.697,50.1594823534553,399.776036029005,0,223.000001130174,-7.13875605492623,0,223,0,223,215.861245075248,66.0703058580963,0,919.513525061451,1,0,0
2.698,50.1592013502874,399.776613508824,0,223.000001092501,-7.12047225074531,0,223,0,223,215.879528841756,66.1277195053402,0,919.513525061451,1,0,0
2.699,50.1589210258131,399.777187395551,0,223.000001056085,-7.10229983446228,0,223,0,223,215.897701221622,66.1850319914437,0,919.513525061451,1,0,0
2.7,50.1586413762302,399.777757726225,0,223.000001020882,-7.08423768719583,0,223,0,223,215.915763333686,66.2422435607364,0,919.513525061451,1,0,0
2.701,50.1583623977737,399.778324537494,0,223.000000986852,-7.06628470142414,0,223,0,223,215.933716285428,66.2993544561793,0,919.513525061451,1,0,0
2.702,50.1580840867154,399.778887865618,0,223.000000953957,-7.04843978088862,0,223,0,223,215.951561173069,66.3563649193778,0,919.513525061451,1,0,0
2.703,50.1578064393636,399.779447746478,0,223.000000922159,-7.03070184049801,0,223,0,223,215.969299081661,66.4132751905954,0,919.513525061451,1,0,0
2.704,50.1575294520627,399.780004215571,0,223.00000089142,-7.013069806233,0,223,0,223,215.986931085187,66.4700855087663,0,919.513525061451,1,0,0
2.705,50.1572531211928,399.780557308023,0,223.000000861706,-6.9955426150513,0,223,0,223,216.004458246655,66.5267961115088,0,919.513525061451,1,0,0
2.706,50.1569774431695,399.781107058585,0,223.000000832983,-6.97811921479324,0,223,0,223,216.021881618189,66.5834072351383,0,919.513525061451,1,0,0
2.707,50.1567024144432,399.781653501638,0,223.000000805216,-6.96079856408775,0,223,0,223,216.039202241129,66.6399191146793,0,919.513525061451,1,0,0
2.708,50.1564280314991,399.7821966712,0,223.000000778376,-6.94357963225897,0,223,0,223,216.056421146117,66.6963319838788,0,919.513525061451,1,0,0
2.709,50.1561542908566,399.782736600924,0,223.00000075243,-6.92646139923315,0,223,0,223,216.073539353197,66.7526460752185,0,919.513525061451,1,0,0
2.71,50.1558811890691,399.783273324106,0,223.000000727349,-6.90944285544624,0,223,0,223,216.090557871903,66.8088616199268,0,919.513525061451,1,0,0
2.711,50.1556087227235,399.783806873684,0,223.000000703104,-6.89252300175184,0,223,0,223,216.107477701352,66.8649788479917,0,919.513525061451,1,0,0
2.712,50.1553368884402,399.784337282245,0,223.000000679667,-6.87570084932979,0,223,0,223,216.124299830337,66.9209979881722,0,919.513525061451,1,0,0
2.713,50.1550656828722,399.784864582027,0,223.000000657012,-6.85897541959508,0,223,0,223,216.141025237417,66.9769192680106,0,919.513525061451,1,0,0
2.714,50.1547951027052,399.78538880492,0,223.000000635111,-6.84234574410741,0,223,0,223,216.157654891004,67.0327429138446,0,919.513525061451,1,0,0
2.715,50.154525144657,399.785909982475,0,223.000000613941,-6.8258108644812,0,223,0,223,216.17418974946,67.0884691508185,0,919.513525061451,1,0,0
2.716,50.1542558054776,399.786428145899,0,223.000000593476,-6.80936983229616,0,223,0,223,216.19063076118,67.144098202895,0,919.513525061451,1,0,0
2.717,50.1539870819482,399.786943326066,0,223.000000573694,-6.79302170900829,0,223,0,223,216.206978864685,67.1996302928669,0,919.513525061451,1,0,0
2.718,50.1537189708814,399.787455553515,0,223.000000554571,-6.7767655658615,0,223,0,223,216.223234988709,67.2550656423683,0,919.513525061451,1,0,0
2.719,50.1534514691208,399.787964858457,0,223.000000536085,-6.76060048379966,0,223,0,223,216.239400052285,67.3104044718856,0,919.513525061451,1,0,0
2.72,50.1531845735404,399.788471270773,0,223.000000518215,-6.74452555337928,0,223,0,223,216.255474964836,67.3656470007691,0,919.513525061451,1,0,0
2.721,50.1529182810446,399.788974820024,0,223.000000500942,-6.72853987468254,0,223,0,223,216.271460626259,67.4207934472436,0,919.513525061451,1,0,0
2.722,50.1526525885676,399.789475535448,0,223.000000484244,-6.71264255723104,0,223,0,223,216.287357927012,67.4758440284197,0,919.513525061451,1,0,0
2.723,50.1523874930734,399.789973445966,0,223.000000468102,-6.69683271990002,0,223,0,223,216.303167748202,67.530798960304,0,919.513525061451,1,0,0
2.724,50.1521229915553,399.790468580184,0,223.000000452499,-6.68110949083298,0,223,0,223,216.318890961666,67.5856584578104,0,919.513525061451,1,0,0
2.725,50.1518590810356,399.790960966399,0,223.000000437415,-6.66547200735703,0,223,0,223,216.334528430058,67.6404227347704,0,919.513525061451,1,0,0
2.726,50.1515957585652,399.791450632596,0,223.000000422835,-6.64991941589863,0,223,0,223,216.350081006936,67.6950920039432,0,919.513525061451,1,0,0
2.727,50.1513330212235,399.791937606458,0,223.00000040874,-6.63445087189993,0,223,0,223,216.36554953684,67.7496664770266,0,919.513525061451,1,0,0
2.728,50.1510708661181,399.792421915363,0,223.000000395116,-6.61906553973565,0,223,0,223,216.38093485538,67.8041463646671,0,919.513525061451,1,0,0
2.729,50.1508092903844,399.792903586391,0,223.000000381945,-6.60376259263043,0,223,0,223,216.396237789315,67.8585318764696,0,919.513525061451,1,0,0
2.73,50.150548291185,399.793382646325,0,223.000000369214,-6.58854121257683,0,223,0,223,216.411459156637,67.912823221008,0,919.513525061451,1,0,0
2.731,50.1502878657103,399.793859121656,0,223.000000356907,-6.57340059025375,0,223,0,223,216.426599766653,67.9670206058346,0,919.513525061451,1,0,0
2.732,50.1500280111771,399.794333038581,0,223.00000034501,-6.55833992494551,0,223,0,223,216.441660420064,68.0211242374903,0,919.513525061451,1,0,0
2.733,50.1497687248293,399.794804423013,0,223.000000333509,-6.54335842446133,0,223,0,223,216.456641909048,68.0751343215141,0,919.513525061451,1,0,0
2.734,50.1495100039368,399.795273300577,0,223.000000322392,-6.52845530505542,0,223,0,223,216.471545017337,68.1290510624526,0,919.513525061451,1,0,0
2.735,50.1492518457958,399.795739696619,0,223.000000311646,-6.5136297913477,0,223,0,223,216.486370520298,68.1828746638698,0,919.513525061451,1,0,0
2.736,50.1489942477283,399.796203636202,0,223.000000301258,-6.49888111624488,0,223,0,223,216.501119185013,68.2366053283563,0,919.513525061451,1,0,0
2.737,50.1487372070818,399.796665144115,0,223.000000291216,-6.48420852086225,0,223,0,223,216.515791770354,68.2902432575385,0,919.513525061451,1,0,0
2.738,50.1484807212291,399.797124244874,0,223.000000281509,-6.46961125444588,0,223,0,223,216.530389027063,68.3437886520879,0,919.513525061451,1,0,0
2.739,50.1482247875681,399.797580962722,0,223.000000272125,-6.45508857429544,0,223,0,223,216.54491169783,68.3972417117304,0,919.513525061451,1,0,0
2.74,50.1479694035212,399.798035321636,0,223.000000263054,-6.44063974568755,0,223,0,223,216.559360517367,68.450602635255,0,919.513525061451,1,0,0
2.741,50.1477145665354,399.798487345324,0,223.000000254286,-6.42626404179962,0,223,0,223,216.573736212486,68.5038716205226,0,919.513525061451,1,0,0
2.742,50.147460274082,399.798937057235,0,223.000000245809,-6.41196074363435,0,223,0,223,216.588039502175,68.5570488644753,0,919.513525061451,1,0,0
2.743,50.147206523656,399.799384480556,0,223.000000237616,-6.3977291399446,0,223,0,223,216.602271097671,68.6101345631449,0,919.513525061451,1,0,0
2.744,50.1469533127764,399.799829638217,0,223.000000229695,-6.38356852715897,0,223,0,223,216.616431702536,68.663128911661,0,919.513525061451,1,0,0
2.745,50.1467006389854,399.800272552892,0,223.000000222039,-6.36947820930778,0,223,0,223,216.630522012731,68.7160321042605,0,919.513525061451,1,0,0
2.746,50.1464484998484,399.800713247005,0,223.000000214638,-6.35545749794966,0,223,0,223,216.644542716688,68.7688443342953,0,919.513525061451,1,0,0
2.747,50.1461968929539,399.801151742729,0,223.000000207483,-6.34150571209865,0,223,0,223,216.658494495384,68.8215657942407,0,919.513525061451,1,0,0
2.748,50.1459458159129,399.801588061989,0,223.000000200567,-6.32762217815194,0,223,0,223,216.672378022415,68.8741966757041,0,919.513525061451,1,0,0
2.749,50.1456952663589,399.802022226467,0,223.000000193881,-6.31380622981793,0,223,0,223,216.686193964063,68.9267371694327,0,919.513525061451,1,0,0
2.75,50.1454452419477,399.802454257601,0,223.000000187419,-6.30005720804504,0,223,0,223,216.699942979374,68.9791874653219,0,919.513525061451,1,0,0
2.751,50.145195740357,399.802884176593,0,223.000000181171,-6.28637446095091,0,223,0,223,216.71362572022,69.0315477524231,0,919.513525061451,1,0,0
2.752,50.1449467592861,399.803312004404,0,223.000000175132,-6.27275734375223,0,223,0,223,216.72724283138,69.0838182189516,0,919.513525061451,1,0,0
2.753,50.144698296456,399.803737761762,0,223.000000169294,-6.25920521869507,0,223,0,223,216.740794950599,69.1359990522947,0,919.513525061451,1,0,0
2.754,50.1444503496087,399.804161469164,0,223.000000163651,-6.24571745498566,0,223,0,223,216.754282708666,69.1880904390188,0,919.513525061451,1,0,0
2.755,50.1442029165074,399.804583146875,0,223.000000158196,-6.23229342872185,0,223,0,223,216.767706729474,69.2400925648779,0,919.513525061451,1,0,0
2.756,50.1439559949361,399.805002814933,0,223.000000152923,-6.218932522825,0,223,0,223,216.781067630098,69.2920056148206,0,919.513525061451,1,0,0
2.757,50.1437095826993,399.805420493153,0,223.000000147826,-6.20563412697237,0,223,0,223,216.794366020853,69.3438297729976,0,919.513525061451,1,0,0
2.758,50.1434636776219,399.805836201125,0,223.000000142898,-6.19239763753014,0,223,0,223,216.807602505368,69.3955652227693,0,919.513525061451,1,0,0
2.759,50.1432182775488,399.806249958221,0,223.000000138135,-6.17922245748684,0,223,0,223,216.820777680648,69.4472121467132,0,919.513525061451,1,0,0
2.76,50.142973380345,399.806661783591,0,223.00000013353,-6.16610799638741,0,223,0,223,216.833892137143,69.4987707266308,0,919.513525061451,1,0,0
2.761,50.142728983895,399.807071696175,0,223.000000129079,-6.15305367026772,0,223,0,223,216.846946458812,69.550241143555,0,919.513525061451,1,0,0
2.762,50.1424850861029,399.807479714693,0,223.000000124777,-6.14005890158954,0,223,0,223,216.859941223187,69.6016235777572,0,919.513525061451,1,0,0
2.763,50.1422416848919,399.807885857659,0,223.000000120617,-6.12712311917616,0,223,0,223,216.872877001441,69.6529182087542,0,919.513525061451,1,0,0
2.764,50.1419987782044,399.808290143376,0,223.000000116597,-6.11424575814848,0,223,0,223,216.885754358448,69.7041252153153,0,919.513525061451,1,0,0
2.765,50.1417563640015,399.808692589941,0,223.00000011271,-6.10142625986159,0,223,0,223,216.898573852849,69.7552447754689,0,919.513525061451,1,0,0
2.766,50.1415144402632,399.809093215243,0,223.000000108953,-6.08866407184187,0,223,0,223,216.911336037111,69.8062770665094,0,919.513525061451,1,0,0
2.767,50.1412730049876,399.809492036974,0,223.000000105322,-6.07595864772455,0,223,0,223,216.924041457597,69.8572222650042,0,919.513525061451,1,0,0
2.768,50.1410320561912,399.809889072621,0,223.000000101811,-6.0633094471919,0,223,0,223,216.936690654619,69.9080805467997,0,919.513525061451,1,0,0
2.769,50.1407915919085,399.810284339476,0,223.000000098417,-6.05071593591189,0,223,0,223,216.949284162505,69.9588520870285,0,919.513525061451,1,0,0
2.77,50.1405516101917,399.810677854633,0,223.000000095137,-6.03817758547718,0,223,0,223,216.961822509659,70.0095370601156,0,919.513525061451,1,0,0
2.771,50.1403121091109,399.811069634993,0,223.000000091965,-6.02569387334486,0,223,0,223,216.97430621862,70.0601356397846,0,919.513525061451,1,0,0
2.772,50.1400730867533,399.811459697265,0,223.0000000889,-6.01326428277658,0,223,0,223,216.986735806123,70.1106479990646,0,919.513525061451,1,0,0
2.773,50.1398345412237,399.811848057967,0,223.000000085936,-6.00088830277912,0,223,0,223,216.999111783157,70.1610743102958,0,919.513525061451,1,0,0
2.774,50.1395964706436,399.812234733431,0,223.000000083072,-5.98856542804558,0,223,0,223,217.011434655026,70.2114147451363,0,919.513525061451,1,0,0
2.775,50.1393588731516,399.812619739802,0,223.000000080303,-5.97629515889693,0,223,0,223,217.023704921406,70.261669474568,0,919.513525061451,1,0,0
2.776,50.1391217469029,399.813003093042,0,223.000000077626,-5.96407700122419,0,223,0,223,217.035923076402,70.3118386689026,0,919.513525061451,1,0,0
2.777,50.1388850900692,399.81338480893,0,223.000000075039,-5.95191046643099,0,223,0,223,217.048089608608,70.3619224977876,0,919.513525061451,1,0,0
2.778,50.1386489008384,399.813764903066,0,223.000000072537,-5.9397950713766,0,223,0,223,217.060205001161,70.4119211302125,0,919.513525061451,1,0,0
2.779,50.1384131774147,399.814143390871,0,223.000000070119,-5.9277303383196,0,223,0,223,217.0722697318,70.4618347345143,0,919.513525061451,1,0,0
2.78,50.1381779180183,399.814520287591,0,223.000000067782,-5.91571579486187,0,223,0,223,217.08428427292,70.5116634783836,0,919.513525061451,1,0,0
2.781,50.1379431208848,399.814895608299,0,223.000000065523,-5.90375097389314,0,223,0,223,217.096249091629,70.5614075288702,0,919.513525061451,1,0,0
2.782,50.1377087842659,399.815269367893,0,223.000000063339,-5.89183541353597,0,223,0,223,217.108164649803,70.6110670523887,0,919.513525061451,1,0,0
2.783,50.1374749064283,399.815641581102,0,223.000000061227,-5.87996865709124,0,223,0,223,217.120031404136,70.6606422147244,0,919.513525061451,1,0,0
2.784,50.1372414856541,399.816012262486,0,223.000000059186,-5.86815025298413,0,223,0,223,217.131849806202,70.7101331810386,0,919.513525061451,1,0,0
2.785,50.1370085202407,399.81638142644,0,223.000000057213,-5.85637975471051,0,223,0,223,217.143620302503,70.7595401158741,0,919.513525061451,1,0,0
2.786,50.1367760085,399.816749087192,0,223.000000055306,-5.84465672078387,0,223,0,223,217.155343334522,70.8088631831607,0,919.513525061451,1,0,0
2.787,50.136543948759,399.817115258808,0,223.000000053463,-5.83298071468266,0,223,0,223,217.16701933878,70.8581025462207,0,919.513525061451,1,0,0
2.788,50.1363123393591,399.817479955191,0,223.000000051681,-5.82135130479804,0,223,0,223,217.178648746883,70.907258367774,0,919.513525061451,1,0,0
2.789,50.1360811786562,399.817843190087,0,223.000000049958,-5.80976806438228,0,223,0,223,217.190231985576,70.9563308099433,0,919.513525061451,1,0,0
2.79,50.1358504650204,399.818204977083,0,223.000000048293,-5.79823057149742,0,223,0,223,217.201769476795,71.0053200342595,0,919.513525061451,1,0,0
2.791,50.1356201968359,399.818565329609,0,223.000000046683,-5.78673840896446,0,223,0,223,217.213261637719,71.0542262016668,0,919.513525061451,1,0,0
2.792,50.1353903725009,399.818924260942,0,223.000000045127,-5.77529116431301,0,223,0,223,217.224708880814,71.1030494725277,0,919.513525061451,1,0,0
2.793,50.1351609904274,399.819281784205,0,223.000000043623,-5.76388842973141,0,223,0,223,217.236111613891,71.1517900066281,0,919.513525061451,1,0,0
2.794,50.134932049041,399.819637912371,0,223.000000042169,-5.75252980201725,0,223,0,223,217.247470240151,71.2004479631819,0,919.513525061451,1,0,0
2.795,50.1347035467807,399.819992658264,0,223.000000040763,-5.74121488252835,0,223,0,223,217.258785158235,71.2490235008367,0,919.513525061451,1,0,0
2.796,50.1344754820989,399.820346034557,0,223.000000039404,-5.72994327713416,0,223,0,223,217.27005676227,71.2975167776778,0,919.513525061451,1,0,0
2.797,50.1342478534613,399.820698053782,0,223.000000038091,-5.71871459616768,0,223,0,223,217.281285441923,71.3459279512334,0,919.513525061451,1,0,0
2.798,50.1340206593463,399.821048728323,0,223.000000036821,-5.70752845437774,0,223,0,223,217.292471582443,71.3942571784794,0,919.513525061451,1,0,0
2.799,50.1337938982456,399.821398070421,0,223.000000035594,-5.69638447088172,0,223,0,223,217.303615564712,71.4425046158441,0,919.513525061451,1,0,0
2.8,50.1335675686633,399.821746092178,0,223.000000034407,-5.68528226911871,0,223,0,223,217.314717765289,71.4906704192125,0,919.513525061451,1,0,0
2.801,50.1333416691162,399.822092805554,0,223.00000003326,-5.67422147680314,0,223,0,223,217.325778556457,71.5387547439313,0,919.513525061451,1,0,0
2.802,50.1331161981338,399.822438222371,0,223.000000032152,-5.66320172587877,0,223,0,223,217.336798306273,71.5867577448131,0,919.513525061451,1,0,0
2.803,50.1328911542575,399.822782354316,0,223.00000003108,-5.65222265247315,0,223,0,223,217.347777378607,71.6346795761413,0,919.513525061451,1,0,0
2.804,50.1326665360412,399.82312521294,0,223.000000030044,-5.64128389685247,0,223,0,223,217.358716133191,71.682520391674,0,919.513525061451,1,0,0
2.805,50.1324423420506,399.823466809659,0,223.000000029042,-5.63038510337688,0,223,0,223,217.369614925666,71.7302803446488,0,919.513525061451,1,0,0
2.806,50.1322185708635,399.823807155758,0,223.000000028074,-5.61952592045613,0,223,0,223,217.380474107618,71.777959587787,0,919.513525061451,1,0,0
2.807,50.1319952210694,399.824146262391,0,223.000000027139,-5.60870600050572,0,223,0,223,217.391294026633,71.8255582732979,0,919.513525061451,1,0,0
2.808,50.1317722912694,399.824484140583,0,223.000000026234,-5.59792499990342,0,223,0,223,217.402075026331,71.8730765528828,0,919.513525061451,1,0,0
2.809,50.1315497800761,399.824820801232,0,223.000000025359,-5.58718257894618,0,223,0,223,217.412817446413,71.9205145777398,0,919.513525061451,1,0,0
2.81,50.1313276861136,399.825156255107,0,223.000000024514,-5.57647840180745,0,223,0,223,217.423521622707,71.9678724985672,0,919.513525061451,1,0,0
2.811,50.1311060080171,399.825490512855,0,223.000000023697,-5.56581213649497,0,223,0,223,217.434187887202,72.0151504655681,0,919.513525061451,1,0,0
2.812,50.1308847444331,399.825823584997,0,223.000000022907,-5.55518345480881,0,223,0,223,217.444816568098,72.0623486284543,0,919.513525061451,1,0,0
2.813,50.1306638940188,399.826155481934,0,223.000000022144,-5.54459203229997,0,223,0,223,217.455407989844,72.1094671364502,0,919.513525061451,1,0,0
2.814,50.1304434554425,399.826486213944,0,223.000000021405,-5.53403754822926,0,223,0,223,217.465962473176,72.1565061382969,0,919.513525061451,1,0,0
2.815,50.1302234273833,399.826815791186,0,223.000000020692,-5.52351968552667,0,223,0,223,217.476480335165,72.2034657822563,0,919.513525061451,1,0,0
2.816,50.1300038085307,399.827144223703,0,223.000000020002,-5.51303813075098,0,223,0,223,217.486961889251,72.2503462161142,0,919.513525061451,1,0,0
2.817,50.1297845975849,399.827471521419,0,223.000000019335,-5.50259257404991,0,223,0,223,217.497407445286,72.2971475871853,0,919.513525061451,1,0,0
2.818,50.1295657932563,399.827797694142,0,223.000000018691,-5.49218270912053,0,223,0,223,217.50781730957,72.3438700423158,0,919.513525061451,1,0,0
2.819,50.1293473942659,399.828122751569,0,223.000000018068,-5.48180823317021,0,223,0,223,217.518191784898,72.3905137278881,0,919.513525061451,1,0,0
2.82,50.1291293993445,399.82844670328,0,223.000000017466,-5.47146884687777,0,223,0,223,217.528531170588,72.4370787898238,0,919.513525061451,1,0,0
2.821,50.128911807233,399.828769558747,0,223.000000016883,-5.46116425435502,0,223,0,223,217.538835762528,72.4835653735878,0,919.513525061451,1,0,0
2.822,50.1286946166825,399.829091327328,0,223.000000016321,-5.45089416310885,0,223,0,223,217.549105853212,72.5299736241917,0,919.513525061451,1,0,0
2.823,50.1284778264537,399.829412018277,0,223.000000015777,-5.44065828400349,0,223,0,223,217.559341731773,72.5763036861974,0,919.513525061451,1,0,0
2.824,50.1282614353168,399.829731640734,0,223.000000015251,-5.43045633122324,0,223,0,223,217.569543684028,72.6225557037207,0,919.513525061451,1,0,0
2.825,50.128045442052,399.830050203737,0,223.000000014742,-5.42028802223555,0,223,0,223,217.579711992507,72.6687298204348,0,919.513525061451,1,0,0
2.826,50.1278298454488,399.830367716217,0,223.000000014251,-5.41015307775441,0,223,0,223,217.589846936497,72.7148261795735,0,919.513525061451,1,0,0
2.827,50.127614644306,399.830684187,0,223.000000013776,-5.40005122170416,0,223,0,223,217.599948792072,72.7608449239351,0,919.513525061451,1,0,0
2.828,50.1273998374318,399.83099962481,0,223.000000013317,-5.38998218118363,0,223,0,223,217.610017832133,72.8067861958853,0,919.513525061451,1,0,0
2.829,50.1271854236435,399.831314038269,0,223.000000012873,-5.37994568643068,0,223,0,223,217.620054326442,72.8526501373607,0,919.513525061451,1,0,0
2.83,50.1269714017673,399.831627435899,0,223.000000012444,-5.36994147078695,0,223,0,223,217.630058541657,72.8984368898724,0,919.513525061451,1,0,0
2.831,50.1267577706388,399.831939826119,0,223.000000012029,-5.35996927066312,0,223,0,223,217.640030741366,72.9441465945086,0,919.513525061451,1,0,0
2.832,50.1265445291019,399.832251217255,0,223.000000011628,-5.3500288255044,0,223,0,223,217.649971186124,72.9897793919386,0,919.513525061451,1,0,0
2.833,50.1263316760097,399.832561617531,0,223.00000001124,-5.34011987775649,0,223,0,223,217.659880133484,73.0353354224153,0,919.513525061451,1,0,0
2.834,50.1261192102238,399.832871035077,0,223.000000010866,-5.3302421728317,0,223,0,223,217.669757838034,73.0808148257788,0,919.513525061451,1,0,0
2.835,50.1259071306143,399.833179477928,0,223.000000010504,-5.32039545907557,0,223,0,223,217.679604551428,73.1262177414594,0,919.513525061451,1,0,0
2.836,50.1256954360597,399.833486954024,0,223.000000010153,-5.31057948773375,0,223,0,223,217.68942052242,73.1715443084805,0,919.513525061451,1,0,0
2.837,50.1254841254472,399.833793471213,0,223.000000009815,-5.30079401291918,0,223,0,223,217.699205996896,73.216794665462,0,919.513525061451,1,0,0
2.838,50.1252731976718,399.834099037251,0,223.000000009488,-5.29103879157972,0,223,0,223,217.708961217908,73.261968950623,0,919.513525061451,1,0,0
2.839,50.1250626516371,399.834403659803,0,223.000000009172,-5.28131358346594,0,223,0,223,217.718686425706,73.3070673017848,0,919.513525061451,1,0,0
2.84,50.1248524862546,399.834707346444,0,223.000000008866,-5.27161815109938,0,223,0,223,217.728381857766,73.3520898563742,0,919.513525061451,1,0,0
2.841,50.1246427004436,399.835010104661,0,223.00000000857,-5.26195225974102,0,223,0,223,217.738047748829,73.3970367514258,0,919.513525061451,1,0,0
2.842,50.1244332931316,399.835311941853,0,223.000000008285,-5.25231567736014,0,223,0,223,217.747684330924,73.4419081235855,0,919.513525061451,1,0,0
2.843,50.1242242632539,399.835612865332,0,223.000000008008,-5.24270817460352,0,223,0,223,217.757291833405,73.4867041091129,0,919.513525061451,1,0,0
2.844,50.1240156097533,399.835912882324,0,223.000000007742,-5.23312952476485,0,223,0,223,217.766870482977,73.5314248438843,0,919.513525061451,1,0,0
2.845,50.1238073315803,399.836211999973,0,223.000000007484,-5.22357950375452,0,223,0,223,217.776420503729,73.5760704633955,0,919.513525061451,1,0,0
2.846,50.1235994276932,399.836510225336,0,223.000000007234,-5.21405789006969,0,223,0,223,217.785942117164,73.6206411027644,0,919.513525061451,1,0,0
2.847,50.1233918970574,399.836807565388,0,223.000000006993,-5.20456446476476,0,223,0,223,217.795435542228,73.665136896734,0,919.513525061451,1,0,0
2.848,50.123184738646,399.837104027025,0,223.00000000676,-5.19509901142197,0,223,0,223,217.804900995338,73.7095579796747,0,919.513525061451,1,0,0
2.849,50.1229779514391,399.837399617058,0,223.000000006535,-5.18566131612246,0,223,0,223,217.814338690412,73.7539044855872,0,919.513525061451,1,0,0
2.85,50.1227715344241,399.837694342221,0,223.000000006317,-5.17625116741754,0,223,0,223,217.823748838899,73.7981765481053,0,919.513525061451,1,0,0
2.851,50.1225654865958,399.837988209169,0,223.000000006106,-5.16686835630028,0,223,0,223,217.833131649806,73.842374300498,0,919.513525061451,1,0,0
2.852,50.1223598069556,399.838281224478,0,223.000000005903,-5.1575126761774,0,223,0,223,217.842487329725,73.8864978756724,0,919.513525061451,1,0,0
2.853,50.1221544945123,399.838573394647,0,223.000000005706,-5.14818392284146,0,223,0,223,217.851816082864,73.9305474061765,0,919.513525061451,1,0,0
2.854,50.1219495482812,399.8388647261,0,223.000000005516,-5.13888189444331,0,223,0,223,217.861118111072,73.9745230242009,0,919.513525061451,1,0,0
2.855,50.1217449672846,399.839155225184,0,223.000000005332,-5.12960639146482,0,223,0,223,217.870393613867,74.0184248615821,0,919.513525061451,1,0,0
2.856,50.1215407505517,399.839444898172,0,223.000000005154,-5.12035721669193,0,223,0,223,217.879642788462,74.0622530498046,0,919.513525061451,1,0,0
2.857,50.1213368971181,399.839733751266,0,223.000000004982,-5.11113417518793,0,223,0,223,217.888865829794,74.1060077200032,0,919.513525061451,1,0,0
2.858,50.121133406026,399.840021790591,0,223.000000004816,-5.10193707426714,0,223,0,223,217.898062930549,74.1496890029657,0,919.513525061451,1,0,0
2.859,50.1209302763243,399.840309022203,0,223.000000004656,-5.09276572346871,0,223,0,223,217.907234281187,74.1932970291351,0,919.513525061451,1,0,0
2.86,50.1207275070681,399.840595452088,0,223.0000000045,-5.08361993453072,0,223,0,223,217.91638006997,74.2368319286119,0,919.513525061451,1,0,0
2.861,50.1205250973191,399.840881086159,0,223.00000000435,-5.07449952136474,0,223,0,223,217.925500482986,74.2802938311564,0,919.513525061451,1,0,0
2.862,50.120323046145,399.841165930261,0,223.000000004205,-5.06540430003034,0,223,0,223,217.934595704175,74.3236828661913,0,919.513525061451,1,0,0
2.863,50.12012135262,399.841449990172,0,223.000000004065,-5.05633408871014,0,223,0,223,217.943665915355,74.3669991628035,0,919.513525061451,1,0,0
2.864,50.1199200158243,399.841733271599,0,223.00000000393,-5.04728870768501,0,223,0,223,217.952711296245,74.4102428497467,0,919.513525061451,1,0,0
2.865,50.1197190348442,399.842015780186,0,223.000000003799,-5.03826797930948,0,223,0,223,217.961732024489,74.4534140554434,0,919.513525061451,1,0,0
2.866,50.119518408772,399.842297521509,0,223.000000003672,-5.02927172798758,0,223,0,223,217.970728275685,74.4965129079873,0,919.513525061451,1,0,0
2.867,50.1193181367059,399.842578501077,0,223.00000000355,-5.02029978014878,0,223,0,223,217.979700223401,74.5395395351452,0,919.513525061451,1,0,0
2.868,50.1191182177502,399.842858724338,0,223.000000003431,-5.01135196422423,0,223,0,223,217.988648039207,74.5824940643593,0,919.513525061451,1,0,0
2.869,50.1189186510148,399.843138196674,0,223.000000003317,-5.00242811062326,0,223,0,223,217.997571892694,74.6253766227494,0,919.513525061451,1,0,0
2.87,50.1187194356152,399.843416923405,0,223.000000003206,-4.99352805171013,0,223,0,223,218.006471951496,74.6681873371147,0,919.513525061451,1,0,0
2.871,50.118520570673,399.843694909787,0,223.0000000031,-4.98465162178107,0,223,0,223,218.015348381319,74.7109263339362,0,919.513525061451,1,0,0
2.872,50.118322055315,399.843972161017,0,223.000000002996,-4.97579865704146,0,223,0,223,218.024201345955,74.7535937393785,0,919.513525061451,1,0,0
2.873,50.1181238886739,399.84424868223,0,223.000000002896,-4.96696899558339,0,223,0,223,218.033031007313,74.7961896792919,0,919.513525061451,1,0,0
2.874,50.1179260698875,399.844524478502,0,223.0000000028,-4.95816247736331,0,223,0,223,218.041837525437,74.8387142792145,0,919.513525061451,1,0,0
2.875,50.1177285980995,399.844799554847,0,223.000000002707,-4.94937894418005,0,223,0,223,218.050621058526,74.881167664374,0,919.513525061451,1,0,0
2.876,50.1175314724584,399.845073916223,0,223.000000002616,-4.94061823965303,0,223,0,223,218.059381762963,74.9235499596898,0,919.513525061451,1,0,0
2.877,50.1173346921186,399.845347567529,0,223.000000002529,-4.93188020920066,0,223,0,223,218.068119793328,74.9658612897748,0,919.513525061451,1,0,0
2.878,50.1171382562394,399.845620513608,0,223.000000002445,-4.92316470001911,0,223,0,223,218.076835302426,75.0081017789375,0,919.513525061451,1,0,0
2.879,50.1169421639852,399.845892759245,0,223.000000002363,-4.91447156106109,0,223,0,223,218.085528441302,75.0502715511837,0,919.513525061451,1,0,0
2.88,50.1167464145258,399.84616430917,0,223.000000002285,-4.90580064301512,0,223,0,223,218.094199359269,75.0923707302184,0,919.513525061451,1,0,0
2.881,50.1165510070359,399.846435168057,0,223.000000002208,-4.89715179828473,0,223,0,223,218.102848203924,75.1343994394476,0,919.513525061451,1,0,0
2.882,50.1163559406952,399.846705340528,0,223.000000002135,-4.88852488096819,0,223,0,223,218.111475121167,75.1763578019805,0,919.513525061451,1,0,0
2.883,50.1161612146886,399.846974831147,0,223.000000002064,-4.87991974683827,0,223,0,223,218.120080255225,75.2182459406308,0,919.513525061451,1,0,0
2.884,50.1159668282056,399.847243644428,0,223.000000001995,-4.87133625332224,0,223,0,223,218.128663748673,75.2600639779187,0,919.513525061451,1,0,0
2.885,50.1157727804407,399.847511784832,0,223.000000001928,-4.86277425948214,0,223,0,223,218.137225742446,75.3018120360728,0,919.513525061451,1,0,0
2.886,50.1155790705932,399.847779256768,0,223.000000001864,-4.85423362599525,0,223,0,223,218.145766375869,75.3434902370314,0,919.513525061451,1,0,0
2.887,50.115385697867,399.848046064593,0,223.000000001802,-4.84571421513478,0,223,0,223,218.154285786667,75.3850987024449,0,919.513525061451,1,0,0
2.888,50.1151926614708,399.848312212614,0,223.000000001742,-4.83721589075068,0,223,0,223,218.162784110991,75.4266375536771,0,919.513525061451,1,0,0
2.889,50.1149999606181,399.848577705087,0,223.000000001684,-4.82873851825085,0,223,0,223,218.171261483433,75.4681069118066,0,919.513525061451,1,0,0
2.89,50.1148075945266,399.84884254622,0,223.000000001628,-4.82028196458238,0,223,0,223,218.179718037045,75.5095068976291,0,919.513525061451,1,0,0
2.891,50.1146155624189,399.849106740171,0,223.000000001573,-4.81184609821308,0,223,0,223,218.18815390336,75.5508376316587,0,919.513525061451,1,0,0
2.892,50.1144238635218,399.849370291051,0,223.000000001521,-4.80343078911323,0,223,0,223,218.196569212408,75.5920992341294,0,919.513525061451,1,0,0
2.893,50.1142324970668,399.849633202923,0,223.00000000147,-4.79503590873741,0,223,0,223,218.204964092733,75.6332918249973,0,919.513525061451,1,0,0
2.894,50.1140414622895,399.849895479801,0,223.000000001421,-4.78666133000672,0,223,0,223,218.213338671415,75.6744155239413,0,919.513525061451,1,0,0
2.895,50.11385075843,399.850157125656,0,223.000000001374,-4.77830692729107,0,223,0,223,218.221693074083,75.7154704503655,0,919.513525061451,1,0,0
2.896,50.1136603847328,399.85041814441,0,223.000000001328,-4.76997257639165,0,223,0,223,218.230027424936,75.7564567234004,0,919.513525061451,1,0,0
2.897,50.1134703404464,399.850678539941,0,223.000000001284,-4.76165815452373,0,223,0,223,218.23834184676,75.7973744619042,0,919.513525061451,1,0,0
2.898,50.1132806248235,399.850938316082,0,223.000000001241,-4.75336354029946,0,223,0,223,218.246636460942,75.8382237844649,0,919.513525061451,1,0,0
2.899,50.1130912371212,399.851197476622,0,223.0000000012,-4.74508861371101,0,223,0,223,218.254911387489,75.8790048094013,0,919.513525061451,1,0,0
2.9,50.1129021766005,399.851456025307,0,223.00000000116,-4.73683325611389,0,223,0,223,218.263166745046,75.919717654765,0,919.513525061451,1,0,0
2.901,50.1127134425265,399.851713965837,0,223.000000001121,-4.72859735021037,0,223,0,223,218.271402650911,75.9603624383411,0,919.513525061451,1,0,0
2.902,50.1125250341682,399.851971301873,0,223.000000001084,-4.72038078003312,0,223,0,223,218.279619221051,76.0009392776507,0,919.513525061451,1,0,0
2.903,50.1123369507988,399.852228037031,0,223.000000001048,-4.71218343092915,0,223,0,223,218.287816570118,76.0414482899512,0,919.513525061451,1,0,0
2.904,50.1121491916953,399.852484174888,0,223.000000001013,-4.70400518954371,0,223,0,223,218.295994811469,76.0818895922388,0,919.513525061451,1,0,0
2.905,50.1119617561385,399.852739718977,0,223.000000000979,-4.69584594380458,0,223,0,223,218.304154057174,76.1222633012491,0,919.513525061451,1,0,0
2.906,50.1117746434131,399.852994672793,0,223.000000000946,-4.68770558290636,0,223,0,223,218.31229441804,76.162569533459,0,919.513525061451,1,0,0
2.907,50.1115878528077,399.85324903979,0,223.000000000915,-4.67958399729508,0,223,0,223,218.32041600362,76.2028084050878,0,919.513525061451,1,0,0
2.908,50.1114013836145,399.853502823381,0,223.000000000884,-4.67148107865297,0,223,0,223,218.328518922231,76.2429800320985,0,919.513525061451,1,0,0
2.909,50.1112152351295,399.853756026942,0,223.000000000855,-4.66339671988327,0,223,0,223,218.336603280971,76.2830845301998,0,919.513525061451,1,0,0
2.91,50.1110294066524,399.85400865381,0,223.000000000826,-4.6553308150954,0,223,0,223,218.344669185731,76.3231220148464,0,919.513525061451,1,0,0
2.911,50.1108438974863,399.854260707283,0,223.000000000799,-4.64728325959016,0,223,0,223,218.352716741208,76.3630926012412,0,919.513525061451,1,0,0
2.912,50.1106587069383,399.854512190623,0,223.000000000772,-4.63925394984508,0,223,0,223,218.360746050927,76.4029964043363,0,919.513525061451,1,0,0
2.913,50.1104738343186,399.854763107052,0,223.000000000746,-4.6312427835001,0,223,0,223,218.368757217246,76.4428335388341,0,919.513525061451,1,0,0
2.914,50.1102892789413,399.855013459757,0,223.000000000721,-4.62324965934327,0,223,0,223,218.376750341378,76.4826041191888,0,919.513525061451,1,0,0
2.915,50.1101050401238,399.855263251891,0,223.000000000697,-4.61527447729664,0,223,0,223,218.384725523401,76.5223082596077,0,919.513525061451,1,0,0
2.916,50.109921117187,399.855512486566,0,223.000000000674,-4.60731713840234,0,223,0,223,218.392682862272,76.5619460740523,0,919.513525061451,1,0,0
2.917,50.109737509455,399.855761166863,0,223.000000000652,-4.59937754480877,0,223,0,223,218.400622455843,76.6015176762396,0,919.513525061451,1,0,0
2.918,50.1095542162556,399.856009295827,0,223.00000000063,-4.59145559975708,0,223,0,223,218.408544400873,76.6410231796434,0,919.513525061451,1,0,0
2.919,50.1093712369196,399.856256876467,0,223.000000000609,-4.58355120756761,0,223,0,223,218.416448793041,76.6804626974954,0,919.513525061451,1,0,0
2.92,50.1091885707814,399.85650391176,0,223.000000000589,-4.57566427362663,0,223,0,223,218.424335726962,76.7198363427864,0,919.513525061451,1,0,0
2.921,50.1090062171784,399.856750404648,0,223.000000000569,-4.56779470437316,0,223,0,223,218.432205296196,76.7591442282677,0,919.513525061451,1,0,0
2.922,50.1088241754514,399.85699635804,0,223.00000000055,-4.55994240728601,0,223,0,223,218.440057593264,76.7983864664519,0,919.513525061451,1,0,0
2.923,50.1086424449442,399.857241774813,0,223.000000000532,-4.55210729087089,0,223,0,223,218.447892709661,76.8375631696144,0,919.513525061451,1,0,0
2.924,50.1084610250041,399.857486657811,0,223.000000000514,-4.54428926464777,0,223,0,223,218.455710735866,76.8766744497944,0,919.513525061451,1,0,0
2.925,50.1082799149811,399.857731009846,0,223.000000000497,-4.53648823913822,0,223,0,223,218.463511761359,76.9157204187958,0,919.513525061451,1,0,0
2.926,50.1080991142286,399.857974833698,0,223.00000000048,-4.52870412585309,0,223,0,223,218.471295874627,76.954701188189,0,919.513525061451,1,0,0
2.927,50.1079186221029,399.858218132118,0,223.000000000464,-4.52093683728022,0,223,0,223,218.479063163184,76.9936168693113,0,919.513525061451,1,0,0
2.928,50.1077384379633,399.858460907822,0,223.000000000449,-4.51318628687229,0,223,0,223,218.486813713577,77.0324675732683,0,919.513525061451,1,0,0
2.929,50.1075585611722,399.858703163501,0,223.000000000434,-4.50545238903488,0,223,0,223,218.494547611399,77.0712534109351,0,919.513525061451,1,0,0
2.93,50.107378991095,399.858944901811,0,223.000000000419,-4.49773505911459,0,223,0,223,218.502264941305,77.1099744929572,0,919.513525061451,1,0,0
2.931,50.1071997270998,399.859186125382,0,223.000000000405,-4.4900342133874,0,223,0,223,218.509965787018,77.1486309297513,0,919.513525061451,1,0,0
2.932,50.1070207685579,399.859426836812,0,223.000000000392,-4.48234976904698,0,223,0,223,218.517650231345,77.1872228315073,0,919.513525061451,1,0,0
2.933,50.1068421148431,399.859667038672,0,223.000000000379,-4.47468164419339,0,223,0,223,218.525318356185,77.2257503081881,0,919.513525061451,1,0,0
2.934,50.1066637653324,399.859906733504,0,223.000000000366,-4.46702975782172,0,223,0,223,218.532970242544,77.2642134695317,0,919.513525061451,1,0,0
2.935,50.1064857194055,399.860145923822,0,223.000000000354,-4.45939402981091,0,223,0,223,218.540605970543,77.3026124250513,0,919.513525061451,1,0,0
2.936,50.1063079764446,399.860384612112,0,223.000000000342,-4.45177438091273,0,223,0,223,218.54822561943,77.3409472840373,0,919.513525061451,1,0,0
2.937,50.106130535835,399.860622800832,0,223.000000000331,-4.4441707327409,0,223,0,223,218.55582926759,77.3792181555574,0,919.513525061451,1,0,0
2.938,50.1059533969647,399.860860492413,0,223.00000000032,-4.43658300776028,0,223,0,223,218.56341699256,77.417425148458,0,919.513525061451,1,0,0
2.939,50.1057765592241,399.86109768926,0,223.000000000309,-4.42901112927622,0,223,0,223,218.570988871033,77.4555683713653,0,919.513525061451,1,0,0
2.94,50.1056000220066,399.861334393752,0,223.000000000299,-4.42145502142403,0,223,0,223,218.578544978875,77.4936479326859,0,919.513525061451,1,0,0
2.941,50.105423784708,399.86157060824,0,223.000000000289,-4.41391460915864,0,223,0,223,218.58608539113,77.5316639406083,0,919.513525061451,1,0,0
2.942,50.1052478467267,399.86180633505,0,223.000000000279,-4.40638981824423,0,223,0,223,218.593610182035,77.5696165031032,0,919.513525061451,1,0,0
2.943,50.105072207464,399.862041576485,0,223.00000000027,-4.39888057524413,0,223,0,223,218.601119425026,77.6075057279248,0,919.513525061451,1,0,0
2.944,50.1048968663234,399.862276334819,0,223.000000000261,-4.39138680751083,0,223,0,223,218.60861319275,77.6453317226119,0,919.513525061451,1,0,0
2.945,50.1047218227111,399.862510612303,0,223.000000000252,-4.38390844317598,0,223,0,223,218.616091557076,77.6830945944883,0,919.513525061451,1,0,0
2.946,50.1045470760358,399.862744411165,0,223.000000000244,-4.37644541114059,0,223,0,223,218.623554589103,77.7207944506643,0,919.513525061451,1,0,0
2.947,50.1043726257085,399.862977733606,0,223.000000000236,-4.36899764106542,0,223,0,223,218.63100235917,77.7584313980372,0,919.513525061451,1,0,0
2.948,50.1041984711429,399.863210581806,0,223.000000000228,-4.36156506336139,0,223,0,223,218.638434936866,77.7960055432923,0,919.513525061451,1,0,0
2.949,50.1040246117551,399.863442957919,0,223.00000000022,-4.35414760918005,0,223,0,223,218.64585239104,77.8335169929037,0,919.513525061451,1,0,0
2.95,50.1038510469634,399.863674864077,0,223.000000000213,-4.34674521040435,0,223,0,223,218.653254789809,77.8709658531355,0,919.513525061451,1,0,0
2.951,50.1036777761886,399.86390630239,0,223.000000000206,-4.33935779963936,0,223,0,223,218.660642200566,77.9083522300424,0,919.513525061451,1,0,0
2.952,50.1035047988539,399.864137274942,0,223.000000000199,-4.33198531020318,0,223,0,223,218.668014689996,77.9456762294703,0,919.513525061451,1,0,0
2.953,50.1033321143849,399.864367783799,0,223.000000000192,-4.32462767611785,0,223,0,223,218.675372324074,77.9829379570577,0,919.513525061451,1,0,0
2.954,50.1031597222092,399.864597831002,0,223.000000000186,-4.31728483210057,0,223,0,223,218.682715168085,78.0201375182362,0,919.513525061451,1,0,0
2.955,50.102987621757,399.864827418572,0,223.00000000018,-4.3099567135548,0,223,0,223,218.690043286625,78.0572750182316,0,919.513525061451,1,0,0
2.956,50.1028158124607,399.865056548505,0,223.000000000174,-4.30264325656165,0,223,0,223,218.697356743612,78.0943505620641,0,919.513525061451,1,0,0
2.957,50.1026442937547,399.865285222781,0,223.000000000168,-4.29534439787128,0,223,0,223,218.704655602297,78.1313642545499,0,919.513525061451,1,0,0
2.958,50.102473065076,399.865513443356,0,223.000000000162,-4.28806007489437,0,223,0,223,218.711939925268,78.1683162003016,0,919.513525061451,1,0,0
2.959,50.1023021258634,399.865741212164,0,223.000000000157,-4.28079022569382,0,223,0,223,218.719209774463,78.205206503729,0,919.513525061451,1,0,0
2.96,50.1021314755583,399.865968531122,0,223.000000000152,-4.27353478897643,0,223,0,223,218.726465211175,78.2420352690398,0,919.513525061451,1,0,0
2.961,50.1019611136038,399.866195402125,0,223.000000000147,-4.2662937040847,0,223,0,223,218.733706296062,78.2788026002408,0,919.513525061451,1,0,0
2.962,50.1017910394455,399.866421827047,0,223.000000000142,-4.25906691098881,0,223,0,223,218.740933089153,78.3155086011381,0,919.513525061451,1,0,0
2.963,50.1016212525309,399.866647807745,0,223.000000000137,-4.25185435027861,0,223,0,223,218.748145649858,78.3521533753385,0,919.513525061451,1,0,0
2.964,50.1014517523097,399.866873346054,0,223.000000000132,-4.24465596315573,0,223,0,223,218.755344036977,78.3887370262497,0,919.513525061451,1,0,0
2.965,50.1012825382336,399.867098443792,0,223.000000000128,-4.23747169142581,0,223,0,223,218.762528308702,78.4252596570812,0,919.513525061451,1,0,0
2.966,50.1011136097563,399.867323102757,0,223.000000000124,-4.23030147749081,0,223,0,223,218.769698522633,78.4617213708453,0,919.513525061451,1,0,0
2.967,50.1009449663337,399.867547324728,0,223.00000000012,-4.22314526434143,0,223,0,223,218.776854735778,78.4981222703576,0,919.513525061451,1,0,0
2.968,50.1007766074236,399.867771111467,0,223.000000000116,-4.21600299554953,0,223,0,223,218.783997004566,78.5344624582377,0,919.513525061451,1,0,0
2.969,50.1006085324857,399.867994464716,0,223.000000000112,-4.20887461526084,0,223,0,223,218.791125384851,78.5707420369102,0,919.513525061451,1,0,0
2.97,50.1004407409818,399.868217386201,0,223.000000000108,-4.20176006818752,0,223,0,223,218.798239931921,78.606961108605,0,919.513525061451,1,0,0
2.971,50.1002732323757,399.868439877629,0,223.000000000104,-4.19465929960099,0,223,0,223,218.805340700504,78.6431197753585,0,919.513525061451,1,0,0
2.972,50.100106006133,399.86866194069,0,223.000000000101,-4.18757225532474,0,223,0,223,218.812427744776,78.6792181390137,0,919.513525061451,1,0,0
2.973,50.0999390617213,399.868883577056,0,223.000000000098,-4.18049888172736,0,223,0,223,218.81950111837,78.7152563012216,0,919.513525061451,1,0,0
2.974,50.09977239861,399.869104788384,0,223.000000000094,-4.17343912571545,0,223,0,223,218.826560874379,78.7512343634412,0,919.513525061451,1,0,0
2.975,50.0996060162705,399.869325576312,0,223.000000000091,-4.16639293472686,0,223,0,223,218.833607065364,78.7871524269408,0,919.513525061451,1,0,0
2.976,50.099439914176,399.869545942462,0,223.000000000088,-4.15936025672378,0,223,0,223,218.840639743364,78.8230105927982,0,919.513525061451,1,0,0
2.977,50.0992740918015,399.869765888441,0,223.000000000085,-4.15234104018608,0,223,0,223,218.847658959899,78.8588089619015,0,919.513525061451,1,0,0
2.978,50.099108548624,399.869985415838,0,223.000000000082,-4.14533523410469,0,223,0,223,218.854664765978,78.8945476349501,0,919.513525061451,1,0,0
2.979,50.098943284122,399.870204526226,0,223.00000000008,-4.138342787975,0,223,0,223,218.861657212105,78.9302267124547,0,919.513525061451,1,0,0
2.98,50.0987782977762,399.870423221165,0,223.000000000077,-4.13136365179044,0,223,0,223,218.868636348287,78.9658462947386,0,919.513525061451,1,0,0
2.981,50.0986135890686,399.870641502197,0,223.000000000074,-4.12439777603605,0,223,0,223,218.875602224038,79.001406481938,0,919.513525061451,1,0,0
2.982,50.0984491574835,399.870859370849,0,223.000000000072,-4.11744511168216,0,223,0,223,218.88255488839,79.0369073740028,0,919.513525061451,1,0,0
2.983,50.0982850025065,399.871076828633,0,223.00000000007,-4.11050561017823,0,223,0,223,218.889494389891,79.0723490706968,0,919.513525061451,1,0,0
2.984,50.098121123625,399.871293877047,0,223.000000000067,-4.10357922344661,0,223,0,223,218.896420776621,79.1077316715991,0,919.513525061451,1,0,0
2.985,50.0979575203284,399.871510517572,0,223.000000000065,-4.09666590387654,0,223,0,223,218.903334096188,79.1430552761041,0,919.513525061451,1,0,0
2.986,50.0977941921074,399.871726751678,0,223.000000000063,-4.08976560431806,0,223,0,223,218.910234395745,79.1783199834223,0,919.513525061451,1,0,0
2.987,50.0976311384547,399.871942580817,0,223.000000000061,-4.08287827807613,0,223,0,223,218.917121721985,79.213525892581,0,919.513525061451,1,0,0
2.988,50.0974683588646,399.872158006429,0,223.000000000059,-4.07600387890476,0,223,0,223,218.923996121154,79.2486731024247,0,919.513525061451,1,0,0
2.989,50.0973058528328,399.87237302994,0,223.000000000057,-4.06914236100129,0,223,0,223,218.930857639055,79.283761711616,0,919.513525061451,1,0,0
2.99,50.097143619857,399.872587652761,0,223.000000000055,-4.06229367900059,0,223,0,223,218.937706321054,79.3187918186358,0,919.513525061451,1,0,0
2.991,50.0969816594362,399.87280187629,0,223.000000000053,-4.05545778796944,0,223,0,223,218.944542212084,79.3537635217843,0,919.513525061451,1,0,0
2.992,50.0968199710712,399.873015701913,0,223.000000000051,-4.04863464340101,0,223,0,223,218.95136535665,79.3886769191813,0,919.513525061451,1,0,0
2.993,50.0966585542645,399.873229131,0,223.00000000005,-4.04182420120931,0,223,0,223,218.95817579884,79.4235321087669,0,919.513525061451,1,0,0
2.994,50.0964974085198,399.87344216491,0,223.000000000048,-4.03502641772382,0,223,0,223,218.964973582324,79.4583291883021,0,919.513525061451,1,0,0
2.995,50.0963365333428,399.873654804988,0,223.000000000046,-4.02824124968405,0,223,0,223,218.971758750362,79.4930682553693,0,919.513525061451,1,0,0
2.996,50.0961759282404,399.873867052568,0,223.000000000045,-4.02146865423436,0,223,0,223,218.97853134581,79.5277494073727,0,919.513525061451,1,0,0
2.997,50.0960155927212,399.874078908968,0,223.000000000043,-4.01470858891862,0,223,0,223,218.985291411125,79.5623727415392,0,919.513525061451,1,0,0
2.998,50.0958555262953,399.874290375497,0,223.000000000042,-4.00796101167506,0,223,0,223,218.992038988367,79.5969383549188,0,919.513525061451,1,0,0
2.999,50.0956957284744,399.874501453451,0,223.00000000004,-4.00122588083129,0,223,0,223,218.998774119209,79.6314463443851,0,919.513525061451,1,0,0
3,50.0955361987715,399.874712144112,0,223.000000000039,-3.9945031550991,0,223,0,223,219.00549684494,79.6658968066359,0,919.513525061451,1,0,0
3.001,50.0953769367012,399.874922448752,0,223.000000000038,-3.98779279356963,0,223,0,223,219.012207206468,79.7002898381936,0,919.513525061451,1,0,0
3.002,50.0952179417797,399.875132368631,0,223.000000000037,-3.9810947557084,0,223,0,223,219.018905244328,79.7346255354061,0,919.513525061451,1,0,0
3.003,50.0950592135245,399.875341904997,0,223.000000000035,-3.97440900135048,0,223,0,223,219.025590998685,79.7689039944468,0,919.513525061451,1,0,0
3.004,50.0949007514544,399.875551059086,0,223.000000000034,-3.96773549069576,0,223,0,223,219.032264509338,79.8031253113156,0,919.513525061451,1,0,0
3.005,50.09474255509,399.875759832124,0,223.000000000033,-3.96107418430409,0,223,0,223,219.038925815729,79.8372895818392,0,919.513525061451,1,0,0
3.006,50.0945846239531,399.875968225324,0,223.000000000032,-3.95442504309079,0,223,0,223,219.045574956941,79.8713969016716,0,919.513525061451,1,0,0
3.007,50.0944269575669,399.876176239891,0,223.000000000031,-3.9477880283219,0,223,0,223,219.052211971709,79.9054473662947,0,919.513525061451,1,0,0
3.008,50.0942695554561,399.876383877016,0,223.00000000003,-3.94116310160974,0,223,0,223,219.05883689842,79.9394410710188,0,919.513525061451,1,0,0
3.009,50.0941124171467,399.87659113788,0,223.000000000029,-3.93455022490839,0,223,0,223,219.06544977512,79.973378110983,0,919.513525061451,1,0,0
3.01,50.0939555421662,399.876798023656,0,223.000000000028,-3.92794936050928,0,223,0,223,219.072050639519,80.0072585811559,0,919.513525061451,1,0,0
3.011,50.0937989300432,399.877004535502,0,223.000000000027,-3.92136047103676,0,223,0,223,219.07863952899,80.0410825763357,0,919.513525061451,1,0,0
3.012,50.0936425803079,399.87721067457,0,223.000000000026,-3.91478351944382,0,223,0,223,219.085216480582,80.0748501911512,0,919.513525061451,1,0,0
3.013,50.0934864924919,399.877416441999,0,223.000000000025,-3.90821846900785,0,223,0,223,219.091781531017,80.1085615200621,0,919.513525061451,1,0,0
3.014,50.0933306661279,399.877621838919,0,223.000000000024,-3.90166528332645,0,223,0,223,219.098334716698,80.1422166573592,0,919.513525061451,1,0,0
3.015,50.09317510075,399.87782686645,0,223.000000000024,-3.89512392631323,0,223,0,223,219.10487607371,80.1758156971652,0,919.513525061451,1,0,0
3.016,50.0930197958937,399.878031525703,0,223.000000000023,-3.8885943621937,0,223,0,223,219.111405637829,80.2093587334352,0,919.513525061451,1,0,0
3.017,50.0928647510957,399.878235817778,0,223.000000000022,-3.88207655550127,0,223,0,223,219.117923444521,80.2428458599569,0,919.513525061451,1,0,0
3.018,50.0927099658941,399.878439743767,0,223.000000000021,-3.87557047107324,0,223,0,223,219.124429528948,80.2762771703514,0,919.513525061451,1,0,0
3.019,50.0925554398281,399.87864330475,0,223.00000000002,-3.86907607404686,0,223,0,223,219.130923925974,80.3096527580733,0,919.513525061451,1,0,0
3.02,50.0924011724384,399.878846501801,0,223.00000000002,-3.86259332985546,0,223,0,223,219.137406670164,80.3429727164114,0,919.513525061451,1,0,0
3.021,50.0922471632668,399.879049335982,0,223.000000000019,-3.85612220422457,0,223,0,223,219.143877795795,80.3762371384892,0,919.513525061451,1,0,0
3.022,50.0920934118563,399.879251808349,0,223.000000000019,-3.84966266316809,0,223,0,223,219.15033733685,80.4094461172653,0,919.513525061451,1,0,0
3.023,50.0919399177514,399.879453919945,0,223.000000000018,-3.84321467298468,0,223,0,223,219.156785327033,80.4425997455336,0,919.513525061451,1,0,0
3.024,50.0917866804975,399.879655671809,0,223.000000000017,-3.83677820025395,0,223,0,223,219.163221799763,80.4756981159241,0,919.513525061451,1,0,0
3.025,50.0916336996415,399.879857064967,0,223.000000000017,-3.83035321183284,0,223,0,223,219.169646788184,80.5087413209032,0,919.513525061451,1,0,0
3.026,50.0914809747313,399.88005810044,0,223.000000000016,-3.82393967485205,0,223,0,223,219.176060325164,80.5417294527741,0,919.513525061451,1,0,0
3.027,50.0913285053162,399.880258779237,0,223.000000000016,-3.81753755671246,0,223,0,223,219.182462443303,80.5746626036774,0,919.513525061451,1,0,0
3.028,50.0911762909465,399.880459102361,0,223.000000000015,-3.81114682508164,0,223,0,223,219.188853174933,80.6075408655912,0,919.513525061451,1,0,0
3.029,50.0910243311739,399.880659070808,0,223.000000000015,-3.80476744789037,0,223,0,223,219.195232552124,80.640364330332,0,919.513525061451,1,0,0
3.03,50.090872625551,399.880858685562,0,223.000000000014,-3.79839939332926,0,223,0,223,219.201600606685,80.6731330895546,0,919.513525061451,1,0,0
3.031,50.0907211736318,399.881057947602,0,223.000000000014,-3.7920426298453,0,223,0,223,219.207957370168,80.7058472347529,0,919.513525061451,1,0,0
3.032,50.0905699749713,399.881256857899,0,223.000000000013,-3.78569712613866,0,223,0,223,219.214302873875,80.7385068572603,0,919.513525061451,1,0,0
3.033,50.0904190291259,399.881455417414,0,223.000000000013,-3.77936285115926,0,223,0,223,219.220637148854,80.77111204825,0,919.513525061451,1,0,0
3.034,50.0902683356528,399.881653627104,0,223.000000000012,-3.77303977410367,0,223,0,223,219.226960225909,80.8036628987353,0,919.513525061451,1,0,0
3.035,50.0901178941107,399.881851487913,0,223.000000000012,-3.7667278644118,0,223,0,223,219.2332721356,80.8361594995704,0,919.513525061451,1,0,0
3.036,50.089967704059,399.882049000783,0,223.000000000012,-3.76042709176383,0,223,0,223,219.239572908248,80.8686019414502,0,919.513525061451,1,0,0
3.037,50.0898177650586,399.882246166646,0,223.000000000011,-3.75413742607704,0,223,0,223,219.245862573934,80.9009903149115,0,919.513525061451,1,0,0
3.038,50.0896680766713,399.882442986426,0,223.000000000011,-3.74785883750274,0,223,0,223,219.252141162508,80.9333247103326,0,919.513525061451,1,0,0
3.039,50.0895186384601,399.882639461042,0,223.00000000001,-3.74159129642322,0,223,0,223,219.258408703587,80.9656052179343,0,919.513525061451,1,0,0
3.04,50.0893694499891,399.882835591403,0,223.00000000001,-3.73533477344883,0,223,0,223,219.264665226561,80.9978319277799,0,919.513525061451,1,0,0
3.041,50.0892205108233,399.883031378414,0,223.00000000001,-3.72908923941492,0,223,0,223,219.270910760595,81.030004929776,0,919.513525061451,1,0,0
3.042,50.0890718205289,399.883226822972,0,223.000000000009,-3.72285466537904,0,223,0,223,219.27714533463,81.0621243136723,0,919.513525061451,1,0,0
3.043,50.0889233786734,399.883421925966,0,223.000000000009,-3.71663102261797,0,223,0,223,219.283368977391,81.0941901690628,0,919.513525061451,1,0,0
3.044,50.0887751848249,399.883616688278,0,223.000000000009,-3.71041828262492,0,223,0,223,219.289581717384,81.1262025853852,0,919.513525061451,1,0,0
3.045,50.088627238553,399.883811110787,0,223.000000000008,-3.70421641710675,0,223,0,223,219.295783582902,81.1581616519222,0,919.513525061451,1,0,0
3.046,50.0884795394281,399.884005194362,0,223.000000000008,-3.69802539798112,0,223,0,223,219.301974602027,81.1900674578012,0,919.513525061451,1,0,0
3.047,50.0883320870217,399.884198939865,0,223.000000000008,-3.69184519737386,0,223,0,223,219.308154802634,81.2219200919954,0,919.513525061451,1,0,0
3.048,50.0881848809062,399.884392348155,0,223.000000000008,-3.68567578761623,0,223,0,223,219.314324212391,81.2537196433232,0,919.513525061451,1,0,0
3.049,50.0880379206554,399.884585420081,0,223.000000000007,-3.67951714124228,0,223,0,223,219.320482858765,81.2854662004494,0,919.513525061451,1,0,0
3.05,50.0878912058437,399.884778156489,0,223.000000000007,-3.67336923098619,0,223,0,223,219.326630769021,81.3171598518854,0,919.513525061451,1,0,0
3.051,50.0877447360467,399.884970558217,0,223.000000000007,-3.66723202977973,0,223,0,223,219.332767970227,81.3488006859891,0,919.513525061451,1,0,0
3.052,50.0875985108411,399.885162626096,0,223.000000000007,-3.66110551074968,0,223,0,223,219.338894489257,81.3803887909659,0,919.513525061451,1,0,0
3.053,50.0874525298045,399.885354360954,0,223.000000000006,-3.65498964721537,0,223,0,223,219.345010352791,81.4119242548687,0,919.513525061451,1,0,0
3.054,50.0873067925153,399.88554576361,0,223.000000000006,-3.64888441268609,0,223,0,223,219.35111558732,81.4434071655983,0,919.513525061451,1,0,0
3.055,50.0871612985534,399.88573683488,0,223.000000000006,-3.64278978085873,0,223,0,223,219.357210219147,81.4748376109038,0,919.513525061451,1,0,0
3.056,50.0870160474991,399.885927575571,0,223.000000000006,-3.63670572561529,0,223,0,223,219.363294274391,81.506215678383,0,919.513525061451,1,0,0
3.057,50.0868710389341,399.886117986487,0,223.000000000006,-3.63063222102061,0,223,0,223,219.369367778985,81.5375414554827,0,919.513525061451,1,0,0
3.058,50.0867262724409,399.886308068426,0,223.000000000005,-3.62456924131985,0,223,0,223,219.375430758686,81.568815029499,0,919.513525061451,1,0,0
3.059,50.0865817476028,399.88649782218,0,223.000000000005,-3.6185167609363,0,223,0,223,219.381483239069,81.6000364875777,0,919.513525061451,1,0,0
3.06,50.0864374640045,399.886687248534,0,223.000000000005,-3.61247475446905,0,223,0,223,219.387525245536,81.6312059167147,0,919.513525061451,1,0,0
3.061,50.0862934212312,399.886876348271,0,223.000000000005,-3.60644319669069,0,223,0,223,219.393556803314,81.6623234037563,0,919.513525061451,1,0,0
3.062,50.0861496188692,399.887065122166,0,223.000000000005,-3.60042206254512,0,223,0,223,219.39957793746,81.6933890353995,0,919.513525061451,1,0,0
3.063,50.0860060565059,399.887253570989,0,223.000000000005,-3.59441132714535,0,223,0,223,219.405588672859,81.7244028981925,0,919.513525061451,1,0,0
3.064,50.0858627337295,399.887441695506,0,223.000000000004,-3.58841096577132,0,223,0,223,219.411589034233,81.7553650785346,0,919.513525061451,1,0,0
3.065,50.085719650129,399.887629496477,0,223.000000000004,-3.58242095386778,0,223,0,223,219.417579046137,81.7862756626772,0,919.513525061451,1,0,0
3.066,50.0855768052945,399.887816974658,0,223.000000000004,-3.57644126704211,0,223,0,223,219.423558732962,81.8171347367236,0,919.513525061451,1,0,0
3.067,50.085434198817,399.888004130799,0,223.000000000004,-3.57047188106231,0,223,0,223,219.429528118942,81.8479423866297,0,919.513525061451,1,0,0
3.068,50.0852918302884,399.888190965644,0,223.000000000004,-3.5645127718549,0,223,0,223,219.435487228149,81.8786986982038,0,919.513525061451,1,0,0
3.069,50.0851496993015,399.888377479935,0,223.000000000004,-3.55856391550287,0,223,0,223,219.441436084501,81.9094037571076,0,919.513525061451,1,0,0
3.07,50.0850078054498,399.888563674407,0,223.000000000004,-3.55262528824378,0,223,0,223,219.44737471176,81.9400576488562,0,919.513525061451,1,0,0
3.071,50.0848661483281,399.888749549791,0,223.000000000004,-3.54669686646767,0,223,0,223,219.453303133536,81.9706604588181,0,919.513525061451,1,0,0
3.072,50.0847247275318,399.888935106814,0,223.000000000003,-3.54077862671517,0,223,0,223,219.459221373288,82.0012122722162,0,919.513525061451,1,0,0
3.073,50.0845835426572,399.889120346197,0,223.000000000003,-3.53487054567558,0,223,0,223,219.465129454328,82.0317131741277,0,919.513525061451,1,0,0
3.074,50.0844425933016,399.889305268657,0,223.000000000003,-3.52897260018492,0,223,0,223,219.471027399818,82.0621632494843,0,919.513525061451,1,0,0
3.075,50.0843018790631,399.889489874907,0,223.000000000003,-3.5230847672242,0,223,0,223,219.476915232779,82.0925625830729,0,919.513525061451,1,0,0
3.076,50.0841613995407,399.889674165656,0,223.000000000003,-3.51720702391739,0,223,0,223,219.482792976086,82.1229112595356,0,919.513525061451,1,0,0
3.077,50.0840211543341,399.889858141606,0,223.000000000003,-3.51133934752975,0,223,0,223,219.488660652473,82.1532093633702,0,919.513525061451,1,0,0
3.078,50.0838811430442,399.890041803458,0,223.000000000003,-3.50548171546592,0,223,0,223,219.494518284537,82.1834569789305,0,919.513525061451,1,0,0
3.079,50.0837413652724,399.890225151907,0,223.000000000003,-3.49963410526827,0,223,0,223,219.500365894734,82.2136541904264,0,919.513525061451,1,0,0
3.08,50.0836018206213,399.890408187644,0,223.000000000003,-3.49379649461502,0,223,0,223,219.506203505388,82.2438010819245,0,919.513525061451,1,0,0
3.081,50.083462508694,399.890590911356,0,223.000000000003,-3.48796886131868,0,223,0,223,219.512031138684,82.2738977373482,0,919.513525061451,1,0,0
3.082,50.0833234290946,399.890773323725,0,223.000000000002,-3.48215118332417,0,223,0,223,219.517848816678,82.303944240478,0,919.513525061451,1,0,0
3.083,50.0831845814281,399.890955425432,0,223.000000000002,-3.47634343870732,0,223,0,223,219.523656561295,82.3339406749521,0,919.513525061451,1,0,0
3.084,50.0830459653003,399.89113721715,0,223.000000000002,-3.47054560567308,0,223,0,223,219.529454394329,82.3638871242662,0,919.513525061451,1,0,0
3.085,50.0829075803177,399.89131869955,0,223.000000000002,-3.46475766255398,0,223,0,223,219.535242337448,82.3937836717743,0,919.513525061451,1,0,0
3.086,50.0827694260878,399.891499873299,0,223.000000000002,-3.45897958780846,0,223,0,223,219.541020412194,82.4236304006887,0,919.513525061451,1,0,0
3.087,50.0826315022188,399.891680739061,0,223.000000000002,-3.45321136001933,0,223,0,223,219.546788639983,82.4534273940803,0,919.513525061451,1,0,0
3.088,50.0824938083197,399.891861297494,0,223.000000000002,-3.4474529578922,0,223,0,223,219.55254704211,82.483174734879,0,919.513525061451,1,0,0
3.089,50.0823563440005,399.892041549255,0,223.000000000002,-3.4417043602539,0,223,0,223,219.558295639748,82.5128725058741,0,919.513525061451,1,0,0
3.09,50.0822191088718,399.892221494995,0,223.000000000002,-3.43596554605104,0,223,0,223,219.564034453951,82.5425207897143,0,919.513525061451,1,0,0
3.091,50.0820821025451,399.892401135363,0,223.000000000002,-3.43023649434839,0,223,0,223,219.569763505653,82.5721196689082,0,919.513525061451,1,0,0
3.092,50.0819453246326,399.892580471003,0,223.000000000002,-3.42451718432752,0,223,0,223,219.575482815674,82.6016692258244,0,919.513525061451,1,0,0
3.093,50.0818087747475,399.892759502556,0,223.000000000002,-3.41880759528526,0,223,0,223,219.581192404716,82.6311695426922,0,919.513525061451,1,0,0
3.094,50.0816724525035,399.89293823066,0,223.000000000002,-3.41310770663234,0,223,0,223,219.586892293369,82.6606207016013,0,919.513525061451,1,0,0
3.095,50.0815363575153,399.893116655949,0,223.000000000002,-3.40741749789189,0,223,0,223,219.59258250211,82.6900227845025,0,919.513525061451,1,0,0
3.096,50.0814004893984,399.893294779054,0,223.000000000002,-3.40173694869807,0,223,0,223,219.598263051303,82.719375873208,0,919.513525061451,1,0,0
3.097,50.081264847769,399.893472600602,0,223.000000000001,-3.39606603879471,0,223,0,223,219.603933961207,82.7486800493915,0,919.513525061451,1,0,0
3.098,50.081129432244,399.893650121217,0,223.000000000001,-3.39040474803396,0,223,0,223,219.609595251967,82.7779353945883,0,919.513525061451,1,0,0
3.099,50.0809942424412,399.89382734152,0,223.000000000001,-3.38475305637489,0,223,0,223,219.615246943626,82.8071419901962,0,919.513525061451,1,0,0
3.1,50.0808592779792,399.894004262128,0,223.000000000001,-3.37911094388219,0,223,0,223,219.620889056119,82.836299917475,0,919.513525061451,1,0,0
3.101,50.0807245384771,399.894180883656,0,223.000000000001,-3.37347839072489,0,223,0,223,219.626521609276,82.8654092575475,0,919.513525061451,1,0,0
3.102,50.0805900235552,399.894357206713,0,223.000000000001,-3.36785537717506,0,223,0,223,219.632144622826,82.8944700913993,0,919.513525061451,1,0,0
3.103,50.080455732834,399.89453323191,0,223.000000000001,-3.36224188360656,0,223,0,223,219.637758116395,82.9234824998792,0,919.513525061451,1,0,0
3.104,50.0803216659353,399.894708959849,0,223.000000000001,-3.35663789049375,0,223,0,223,219.643362109507,82.9524465636994,0,919.513525061451,1,0,0
3.105,50.0801878224813,399.894884391134,0,223.000000000001,-3.35104337841029,0,223,0,223,219.648956621591,82.9813623634361,0,919.513525061451,1,0,0
3.106,50.0800542020951,399.895059526362,0,223.000000000001,-3.34545832802786,0,223,0,223,219.654541671973,83.0102299795294,0,919.513525061451,1,0,0
3.107,50.0799208044005,399.895234366129,0,223.000000000001,-3.33988272011511,0,223,0,223,219.660117279886,83.0390494922836,0,919.513525061451,1,0,0
3.108,50.079787629022,399.895408911029,0,223.000000000001,-3.33431653553628,0,223,0,223,219.665683464465,83.0678209818678,0,919.513525061451,1,0,0
3.109,50.0796546755849,399.895583161652,0,223.000000000001,-3.32875975525021,0,223,0,223,219.671240244751,83.0965445283157,0,919.513525061451,1,0,0
3.11,50.0795219437151,399.895757118583,0,223.000000000001,-3.32321236030903,0,223,0,223,219.676787639692,83.1252202115263,0,919.513525061451,1,0,0
3.111,50.0793894330396,399.895930782408,0,223.000000000001,-3.31767433185719,0,223,0,223,219.682325668144,83.1538481112637,0,919.513525061451,1,0,0
3.112,50.0792571431856,399.896104153708,0,223.000000000001,-3.31214565113023,0,223,0,223,219.687854348871,83.182428307158,0,919.513525061451,1,0,0
3.113,50.0791250737813,399.896277233061,0,223.000000000001,-3.30662629945367,0,223,0,223,219.693373700547,83.2109608787048,0,919.513525061451,1,0,0
3.114,50.0789932244558,399.896450021045,0,223.000000000001,-3.30111625824203,0,223,0,223,219.698883741759,83.239445905266,0,919.513525061451,1,0,0
3.115,50.0788615948386,399.89662251823,0,223.000000000001,-3.29561550899763,0,223,0,223,219.704384491003,83.2678834660701,0,919.513525061451,1,0,0
3.116,50.0787301845601,399.896794725189,0,223.000000000001,-3.29012403330965,0,223,0,223,219.709875966691,83.296273640212,0,919.513525061451,1,0,0
3.117,50.0785989932512,399.896966642489,0,223.000000000001,-3.28464181285303,0,223,0,223,219.715358187148,83.3246165066537,0,919.513525061451,1,0,0
3.118,50.0784680205438,399.897138270696,0,223.000000000001,-3.27916882938742,0,223,0,223,219.720831170613,83.3529121442241,0,919.513525061451,1,0,0
3.119,50.0783372660704,399.897309610372,0,223.000000000001,-3.27370506475619,0,223,0,223,219.726294935245,83.3811606316199,0,919.513525061451,1,0,0
3.12,50.078206729464,399.897480662078,0,223.000000000001,-3.26825050088544,0,223,0,223,219.731749499115,83.4093620474052,0,919.513525061451,1,0,0
3.121,50.0780764103586,399.89765142637,0,223.000000000001,-3.26280511978303,0,223,0,223,219.737194880218,83.4375164700122,0,919.513525061451,1,0,0
3.122,50.0779463083888,399.897821903805,0,223.000000000001,-3.25736890353761,0,223,0,223,219.742631096463,83.4656239777413,0,919.513525061451,1,0,0
3.123,50.0778164231897,399.897992094935,0,223.000000000001,-3.2519418343176,0,223,0,223,219.748058165683,83.4936846487613,0,919.513525061451,1,0,0
3.124,50.0776867543973,399.898162000311,0,223.000000000001,-3.24652389437033,0,223,0,223,219.75347610563,83.5216985611096,0,919.513525061451,1,0,0
3.125,50.0775573016484,399.89833162048,0,223.000000000001,-3.24111506602108,0,223,0,223,219.758884933979,83.5496657926926,0,919.513525061451,1,0,0
3.126,50.0774280645801,399.898500955988,0,223.000000000001,-3.23571533167212,0,223,0,223,219.764284668328,83.577586421286,0,919.513525061451,1,0,0
3.127,50.0772990428305,399.898670007379,0,223.000000000001,-3.23032467380186,0,223,0,223,219.769675326199,83.6054605245348,0,919.513525061451,1,0,0
3.128,50.0771702360382,399.898838775193,0,223,-3.22494307496396,0,223,0,223,219.775056925037,83.6332881799538,0,919.513525061451,1,0,0
3.129,50.0770416438428,399.899007259968,0,223,-3.21957051778641,0,223,0,223,219.780429482214,83.6610694649276,0,919.513525061451,1,0,0
3.13,50.0769132658841,399.899175462243,0,223,-3.21420698497072,0,223,0,223,219.78579301503,83.688804456711,0,919.513525061451,1,0,0
3.131,50.0767851018029,399.89934338255,0,223,-3.208852459291,0,223,0,223,219.791147540709,83.7164932324293,0,919.513525061451,1,0,0
3.132,50.0766571512405,399.899511021421,0,223,-3.2035069235932,0,223,0,223,219.796493076407,83.7441358690783,0,919.513525061451,1,0,0
3.133,50.0765294138391,399.899678379387,0,223,-3.19817036079423,0,223,0,223,219.801829639206,83.7717324435249,0,919.513525061451,1,0,0
3.134,50.0764018892413,399.899845456976,0,223,-3.19284275388114,0,223,0,223,219.807157246119,83.799283032507,0,919.513525061451,1,0,0
3.135,50.0762745770906,399.900012254712,0,223,-3.18752408591031,0,223,0,223,219.81247591409,83.8267877126339,0,919.513525061451,1,0,0
3.136,50.0761474770308,399.900178773119,0,223,-3.18221434000669,0,223,0,223,219.817785659994,83.8542465603865,0,919.513525061451,1,0,0
3.137,50.0760205887068,399.900345012719,0,223,-3.176913499363,0,223,0,223,219.823086500637,83.8816596521176,0,919.513525061451,1,0,0
3.138,50.0758939117639,399.90051097403,0,223,-3.17162154723897,0,223,0,223,219.828378452761,83.909027064052,0,919.513525061451,1,0,0
3.139,50.075767445848,399.900676657571,0,223,-3.16633846696054,0,223,0,223,219.83366153304,83.936348872287,0,919.513525061451,1,0,0
3.14,50.0756411906059,399.900842063857,0,223,-3.16106424191917,0,223,0,223,219.838935758081,83.9636251527923,0,919.513525061451,1,0,0
3.141,50.0755151456848,399.9010071934,0,223,-3.15579885557104,0,223,0,223,219.844201144429,83.9908559814104,0,919.513525061451,1,0,0
3.142,50.0753893107327,399.901172046713,0,223,-3.15054229143635,0,223,0,223,219.849457708564,84.018041433857,0,919.513525061451,1,0,0
3.143,50.0752636853981,399.901336624304,0,223,-3.14529453309863,0,223,0,223,219.854705466902,84.0451815857207,0,919.513525061451,1,0,0
3.144,50.0751382693303,399.901500926682,0,223,-3.14005556420395,0,223,0,223,219.859944435796,84.072276512464,0,919.513525061451,1,0,0
3.145,50.0750130621791,399.901664954351,0,223,-3.13482536846034,0,223,0,223,219.86517463154,84.0993262894229,0,919.513525061451,1,0,0
3.146,50.0748880635951,399.901828707816,0,223,-3.12960392963701,0,223,0,223,219.870396070363,84.1263309918074,0,919.513525061451,1,0,0
3.147,50.0747632732295,399.901992187579,0,223,-3.12439123156372,0,223,0,223,219.875608768437,84.1532906947016,0,919.513525061451,1,0,0
3.148,50.0746386907338,399.902155394139,0,223,-3.11918725813009,0,223,0,223,219.88081274187,84.1802054730642,0,919.513525061451,1,0,0
3.149,50.0745143157607,399.902318327995,0,223,-3.11399199328493,0,223,0,223,219.886008006715,84.2070754017284,0,919.513525061451,1,0,0
3.15,50.074390147963,399.902480989643,0,223,-3.10880542103565,0,223,0,223,219.891194578965,84.2339005554023,0,919.513525061451,1,0,0
3.151,50.0742661869945,399.902643379579,0,223,-3.10362752544754,0,223,0,223,219.896372474553,84.260681008669,0,919.513525061451,1,0,0
3.152,50.0741424325095,399.902805498295,0,223,-3.09845829064321,0,223,0,223,219.901541709357,84.287416835987,0,919.513525061451,1,0,0
3.153,50.0740188841628,399.902967346281,0,223,-3.09329770080192,0,223,0,223,219.906702299198,84.3141081116904,0,919.513525061451,1,0,0
3.154,50.0738955416099,399.903128924029,0,223,-3.08814574015901,0,223,0,223,219.911854259841,84.340754909989,0,919.513525061451,1,0,0
3.155,50.0737724045071,399.903290232025,0,223,-3.08300239300524,0,223,0,223,219.916997606995,84.3673573049686,0,919.513525061451,1,0,0
3.156,50.073649472511,399.903451270756,0,223,-3.07786764368625,0,223,0,223,219.922132356314,84.3939153705912,0,919.513525061451,1,0,0
3.157,50.0735267452791,399.903612040707,0,223,-3.07274147660197,0,223,0,223,219.927258523398,84.4204291806951,0,919.513525061451,1,0,0
3.158,50.0734042224693,399.903772542359,0,223,-3.06762387620602,0,223,0,223,219.932376123794,84.4468988089956,0,919.513525061451,1,0,0
3.159,50.0732819037402,399.903932776195,0,223,-3.06251482700511,0,223,0,223,219.937485172995,84.4733243290845,0,919.513525061451,1,0,0
3.16,50.0731597887509,399.904092742694,0,223,-3.05741431355858,0,223,0,223,219.942585686442,84.499705814431,0,919.513525061451,1,0,0
3.161,50.0730378771615,399.904252442334,0,223,-3.05232232047771,0,223,0,223,219.947677679523,84.5260433383813,0,919.513525061451,1,0,0
3.162,50.0729161686321,399.904411875591,0,223,-3.0472388324253,0,223,0,223,219.952761167575,84.5523369741595,0,919.513525061451,1,0,0
3.163,50.0727946628239,399.904571042941,0,223,-3.04216383411507,0,223,0,223,219.957836165885,84.578586794867,0,919.513525061451,1,0,0
3.164,50.0726733593985,399.904729944857,0,223,-3.03709731031116,0,223,0,223,219.962902689689,84.6047928734836,0,919.513525061451,1,0,0
3.165,50.072552258018,399.90488858181,0,223,-3.03203924582759,0,223,0,223,219.967960754173,84.6309552828671,0,919.513525061451,1,0,0
3.166,50.0724313583454,399.905046954271,0,223,-3.02698962552776,0,223,0,223,219.973010374473,84.6570740957536,0,919.513525061451,1,0,0
3.167,50.072310660044,399.90520506271,0,223,-3.0219484343239,0,223,0,223,219.978051565676,84.6831493847579,0,919.513525061451,1,0,0
3.168,50.0721901627777,399.905362907592,0,223,-3.01691565717665,0,223,0,223,219.983084342824,84.7091812223738,0,919.513525061451,1,0,0
3.169,50.0720698662113,399.905520489385,0,223,-3.0118912790945,0,223,0,223,219.988108720906,84.7351696809737,0,919.513525061451,1,0,0
3.17,50.0719497700098,399.905677808553,0,223,-3.00687528513329,0,223,0,223,219.993124714867,84.7611148328098,0,919.513525061451,1,0,0
3.171,50.0718298738391,399.905834865558,0,223,-3.00186766039584,0,223,0,223,219.998132339605,84.7870167500133,0,919.513525061451,1,0,0
3.172,50.0717101773655,399.905991660863,0,223,-2.99686839003138,0,223,0,223,220.003131609969,84.8128755045954,0,919.513525061451,1,0,0
3.173,50.071590680256,399.906148194928,0,223,-2.99187745923515,0,223,0,223,220.008122540765,84.838691168447,0,919.513525061451,1,0,0
3.174,50.0714713821781,399.906304468211,0,223,-2.98689485324787,0,223,0,223,220.013105146753,84.8644638133392,0,919.513525061451,1,0,0
3.175,50.0713522827999,399.90646048117,0,223,-2.98192055735537,0,223,0,223,220.018079442645,84.8901935109233,0,919.513525061451,1,0,0
3.176,50.0712333817901,399.906616234261,0,223,-2.97695455688808,0,223,0,223,220.023045443112,84.9158803327313,0,919.513525061451,1,0,0
3.177,50.0711146788179,399.906771727939,0,223,-2.97199683722064,0,223,0,223,220.02800316278,84.9415243501757,0,919.513525061451,1,0,0
3.178,50.0709961735533,399.906926962657,0,223,-2.96704738377146,0,223,0,223,220.032952616229,84.9671256345501,0,919.513525061451,1,0,0
3.179,50.0708778656665,399.907081938868,0,223,-2.96210618200227,0,223,0,223,220.037893817998,84.9926842570293,0,919.513525061451,1,0,0
3.18,50.0707597548287,399.907236657022,0,223,-2.95717321741772,0,223,0,223,220.042826782583,85.0182002886693,0,919.513525061451,1,0,0
3.181,50.0706418407114,399.907391117569,0,223,-2.95224847556498,0,223,0,223,220.047751524435,85.0436738004076,0,919.513525061451,1,0,0
3.182,50.0705241229868,399.907545320957,0,223,-2.94733194203331,0,223,0,223,220.052668057967,85.0691048630637,0,919.513525061451,1,0,0
3.183,50.0704066013274,399.907699267633,0,223,-2.94242360245368,0,223,0,223,220.057576397547,85.094493547339,0,919.513525061451,1,0,0
3.184,50.0702892754067,399.907852958043,0,223,-2.93752344249839,0,223,0,223,220.062476557502,85.1198399238168,0,919.513525061451,1,0,0
3.185,50.0701721448985,399.908006392631,0,223,-2.93263144788065,0,223,0,223,220.06736855212,85.1451440629633,0,919.513525061451,1,0,0
3.186,50.0700552094771,399.90815957184,0,223,-2.92774760435419,0,223,0,223,220.072252395646,85.1704060351267,0,919.513525061451,1,0,0
3.187,50.0699384688175,399.908312496113,0,223,-2.92287189771293,0,223,0,223,220.077128102287,85.1956259105385,0,919.513525061451,1,0,0
3.188,50.0698219225953,399.90846516589,0,223,-2.91800431379056,0,223,0,223,220.08199568621,85.2208037593128,0,919.513525061451,1,0,0
3.189,50.0697055704866,399.90861758161,0,223,-2.91314483846022,0,223,0,223,220.08685516154,85.2459396514471,0,919.513525061451,1,0,0
3.19,50.0695894121679,399.908769743713,0,223,-2.90829345763407,0,223,0,223,220.091706542366,85.2710336568222,0,919.513525061451,1,0,0
3.191,50.0694734473166,399.908921652635,0,223,-2.90345015726299,0,223,0,223,220.096549842737,85.2960858452027,0,919.513525061451,1,0,0
3.192,50.0693576756104,399.909073308813,0,223,-2.89861492333622,0,223,0,223,220.101385076664,85.3210962862367,0,919.513525061451,1,0,0
3.193,50.0692420967275,399.909224712681,0,223,-2.89378774188104,0,223,0,223,220.106212258119,85.3460650494564,0,919.513525061451,1,0,0
3.194,50.0691267103469,399.909375864673,0,223,-2.88896859896241,0,223,0,223,220.111031401038,85.3709922042783,0,919.513525061451,1,0,0
3.195,50.069011516148,399.909526765222,0,223,-2.88415748068256,0,223,0,223,220.115842519318,85.3958778200032,0,919.513525061451,1,0,0
3.196,50.0688965138107,399.909677414759,0,223,-2.87935437318081,0,223,0,223,220.12064562682,85.4207219658165,0,919.513525061451,1,0,0
3.197,50.0687817030156,399.909827813714,0,223,-2.87455926263312,0,223,0,223,220.125440737367,85.4455247107883,0,919.513525061451,1,0,0
3.198,50.0686670834438,399.909977962518,0,223,-2.86977213525181,0,223,0,223,220.130227864749,85.4702861238739,0,919.513525061451,1,0,0
3.199,50.0685526547768,399.910127861597,0,223,-2.8649929772853,0,223,0,223,220.135007022715,85.4950062739137,0,919.513525061451,1,0,0
3.2,50.0684384166968,399.91027751138,0,223,-2.86022177501773,0,223,0,223,220.139778224983,85.5196852296333,0,919.513525061451,1,0,0
3.201,50.0683243688866,399.910426912291,0,223,-2.85545851476863,0,223,0,223,220.144541485232,85.5443230596442,0,919.513525061451,1,0,0
3.202,50.0682105110293,399.910576064757,0,223,-2.85070318289271,0,223,0,223,220.149296817108,85.5689198324434,0,919.513525061451,1,0,0
3.203,50.0680968428088,399.9107249692,0,223,-2.84595576577948,0,223,0,223,220.154044234221,85.5934756164139,0,919.513525061451,1,0,0
3.204,50.0679833639094,399.910873626045,0,223,-2.84121624985302,0,223,0,223,220.158783750147,85.6179904798251,0,919.513525061451,1,0,0
3.205,50.067870074016,399.911022035711,0,223,-2.83648462157164,0,223,0,223,220.163515378429,85.6424644908325,0,919.513525061451,1,0,0
3.206,50.0677569728138,399.911170198621,0,223,-2.8317608674276,0,223,0,223,220.168239132573,85.6668977174783,0,919.513525061451,1,0,0
3.207,50.067644059989,399.911318115194,0,223,-2.82704497394686,0,223,0,223,220.172955026054,85.6912902276913,0,919.513525061451,1,0,0
3.208,50.067531335228,399.911465785849,0,223,-2.82233692768884,0,223,0,223,220.177663072312,85.7156420892873,0,919.513525061451,1,0,0
3.209,50.0674187982177,399.911613211003,0,223,-2.81763671524606,0,223,0,223,220.182363284754,85.7399533699694,0,919.513525061451,1,0,0
3.21,50.0673064486457,399.911760391073,0,223,-2.81294432324391,0,223,0,223,220.187055676757,85.7642241373277,0,919.513525061451,1,0,0
3.211,50.0671942862001,399.911907326474,0,223,-2.80825973834037,0,223,0,223,220.19174026166,85.7884544588402,0,919.513525061451,1,0,0
3.212,50.0670823105694,399.912054017622,0,223,-2.8035829472258,0,223,0,223,220.196417052775,85.8126444018722,0,919.513525061451,1,0,0
3.213,50.0669705214429,399.91220046493,0,223,-2.79891393662264,0,223,0,223,220.201086063378,85.8367940336772,0,919.513525061451,1,0,0
3.214,50.0668589185101,399.912346668811,0,223,-2.79425269328519,0,223,0,223,220.205747306715,85.8609034213966,0,919.513525061451,1,0,0
3.215,50.0667475014612,399.912492629677,0,223,-2.78959920399931,0,223,0,223,220.210400796001,85.8849726320602,0,919.513525061451,1,0,0
3.216,50.066636269987,399.912638347939,0,223,-2.78495345558224,0,223,0,223,220.215046544418,85.9090017325863,0,919.513525061451,1,0,0
3.217,50.0665252237787,399.912783824005,0,223,-2.7803154348823,0,223,0,223,220.219684565118,85.9329907897816,0,919.513525061451,1,0,0
3.218,50.0664143625279,399.912929058287,0,223,-2.7756851287787,0,223,0,223,220.224314871222,85.9569398703419,0,919.513525061451,1,0,0
3.219,50.0663036859271,399.91307405119,0,223,-2.77106252418124,0,223,0,223,220.228937475819,85.980849040852,0,919.513525061451,1,0,0
3.22,50.0661931936689,399.913218803124,0,223,-2.76644760803015,0,223,0,223,220.23355239197,86.0047183677857,0,919.513525061451,1,0,0
3.221,50.0660828854468,399.913363314493,0,223,-2.76184036729586,0,223,0,223,220.238159632705,86.0285479175065,0,919.513525061451,1,0,0
3.222,50.0659727609544,399.913507585703,0,223,-2.75724078897869,0,223,0,223,220.242759211022,86.0523377562674,0,919.513525061451,1,0,0
3.223,50.0658628198863,399.913651617158,0,223,-2.75264886010872,0,223,0,223,220.247351139892,86.076087950211,0,919.513525061451,1,0,0
3.224,50.0657530619371,399.913795409263,0,223,-2.74806456774558,0,223,0,223,220.251935432255,86.09979856537,0,919.513525061451,1,0,0
3.225,50.0656434868024,399.913938962419,0,223,-2.74348789897813,0,223,0,223,220.256512101022,86.1234696676674,0,919.513525061451,1,0,0
3.226,50.065534094178,399.914082277028,0,223,-2.73891884092436,0,223,0,223,220.261081159076,86.1471013229163,0,919.513525061451,1,0,0
3.227,50.0654248837603,399.91422535349,0,223,-2.7343573807311,0,223,0,223,220.265642619269,86.1706935968204,0,919.513525061451,1,0,0
3.228,50.0653158552462,399.914368192207,0,223,-2.72980350557391,0,223,0,223,220.270196494426,86.1942465549741,0,919.513525061451,1,0,0
3.229,50.0652070083331,399.914510793577,0,223,-2.7252572026568,0,223,0,223,220.274742797344,86.2177602628627,0,919.513525061451,1,0,0
3.23,50.065098342719,399.914653157998,0,223,-2.72071845921202,0,223,0,223,220.279281540788,86.2412347858626,0,919.513525061451,1,0,0
3.231,50.0649898581023,399.914795285867,0,223,-2.71618726249993,0,223,0,223,220.2838127375,86.2646701892414,0,919.513525061451,1,0,0
3.232,50.064881554182,399.914937177581,0,223,-2.71166359980876,0,223,0,223,220.288336400192,86.2880665381583,0,919.513525061451,1,0,0
3.233,50.0647734306575,399.915078833536,0,223,-2.70714745845444,0,223,0,223,220.292852541546,86.3114238976638,0,919.513525061451,1,0,0
3.234,50.0646654872288,399.915220254126,0,223,-2.70263882578041,0,223,0,223,220.29736117422,86.3347423327005,0,919.513525061451,1,0,0
3.235,50.0645577235963,399.915361439746,0,223,-2.69813768915744,0,223,0,223,220.301862310843,86.3580219081029,0,919.513525061451,1,0,0
3.236,50.064450139461,399.915502390789,0,223,-2.6936440359834,0,223,0,223,220.306355964017,86.3812626885975,0,919.513525061451,1,0,0
3.237,50.0643427345243,399.915643107646,0,223,-2.68915785368315,0,223,0,223,220.310842146317,86.4044647388035,0,919.513525061451,1,0,0
3.238,50.0642355084883,399.91578359071,0,223,-2.68467912970832,0,223,0,223,220.315320870292,86.4276281232323,0,919.513525061451,1,0,0
3.239,50.0641284610554,399.915923840371,0,223,-2.68020785153715,0,223,0,223,220.319792148463,86.4507529062881,0,919.513525061451,1,0,0
3.24,50.0640215919286,399.916063857019,0,223,-2.67574400667431,0,223,0,223,220.324255993326,86.473839152268,0,919.513525061451,1,0,0
3.241,50.0639149008113,399.916203641044,0,223,-2.67128758265076,0,223,0,223,220.32871241735,86.4968869253623,0,919.513525061451,1,0,0
3.242,50.0638083874075,399.916343192833,0,223,-2.66683856702353,0,223,0,223,220.333161432977,86.5198962896544,0,919.513525061451,1,0,0
3.243,50.0637020514216,399.916482512773,0,223,-2.66239694737564,0,223,0,223,220.337603052625,86.5428673091211,0,919.513525061451,1,0,0
3.244,50.0635958925586,399.916621601253,0,223,-2.65796271131584,0,223,0,223,220.342037288685,86.5658000476328,0,919.513525061451,1,0,0
3.245,50.063489910524,399.916760458657,0,223,-2.65353584647851,0,223,0,223,220.346464153522,86.5886945689539,0,919.513525061451,1,0,0
3.246,50.0633841050236,399.916899085371,0,223,-2.64911634052349,0,223,0,223,220.350883659477,86.6115509367426,0,919.513525061451,1,0,0
3.247,50.0632784757639,399.91703748178,0,223,-2.64470418113592,0,223,0,223,220.355295818864,86.634369214551,0,919.513525061451,1,0,0
3.248,50.0631730224518,399.917175648266,0,223,-2.64029935602606,0,223,0,223,220.359700643974,86.6571494658261,0,919.513525061451,1,0,0
3.249,50.0630677447948,399.917313585213,0,223,-2.63590185292921,0,223,0,223,220.364098147071,86.6798917539087,0,919.513525061451,1,0,0
3.25,50.0629626425007,399.917451293003,0,223,-2.6315116596055,0,223,0,223,220.368488340395,86.7025961420348,0,919.513525061451,1,0,0
3.251,50.0628577152779,399.917588772017,0,223,-2.6271287638398,0,223,0,223,220.372871236161,86.7252626933351,0,919.513525061451,1,0,0
3.252,50.0627529628353,399.917726022635,0,223,-2.62275315344153,0,223,0,223,220.377246846559,86.7478914708351,0,919.513525061451,1,0,0
3.253,50.0626483848822,399.917863045239,0,223,-2.61838481624452,0,223,0,223,220.381615183756,86.7704825374558,0,919.513525061451,1,0,0
3.254,50.0625439811285,399.917999840206,0,223,-2.6140237401069,0,223,0,223,220.385976259894,86.7930359560134,0,919.513525061451,1,0,0
3.255,50.0624397512845,399.918136407916,0,223,-2.6096699129109,0,223,0,223,220.390330087089,86.8155517892197,0,919.513525061451,1,0,0
3.256,50.062335695061,399.918272748745,0,223,-2.60532332256279,0,223,0,223,220.394676677438,86.8380300996821,0,919.513525061451,1,0,0
3.257,50.0622318121694,399.918408863071,0,223,-2.60098395699273,0,223,0,223,220.399016043008,86.8604709499041,0,919.513525061451,1,0,0
3.258,50.0621281023213,399.91854475127,0,223,-2.5966518041546,0,223,0,223,220.403348195846,86.8828744022851,0,919.513525061451,1,0,0
3.259,50.062024565229,399.918680413717,0,223,-2.5923268520259,0,223,0,223,220.407673147974,86.9052405191207,0,919.513525061451,1,0,0
3.26,50.0619212006053,399.918815850787,0,223,-2.5880090886076,0,223,0,223,220.411990911393,86.9275693626032,0,919.513525061451,1,0,0
3.261,50.0618180081634,399.918951062855,0,223,-2.58369850192405,0,223,0,223,220.416301498076,86.9498609948211,0,919.513525061451,1,0,0
3.262,50.061714987617,399.919086050293,0,223,-2.57939508002282,0,223,0,223,220.420604919978,86.9721154777599,0,919.513525061451,1,0,0
3.263,50.0616121386801,399.919220813474,0,223,-2.57509881097459,0,223,0,223,220.424901189026,86.994332873302,0,919.513525061451,1,0,0
3.264,50.0615094610676,399.919355352771,0,223,-2.57080968287305,0,223,0,223,220.429190317127,87.0165132432269,0,919.513525061451,1,0,0
3.265,50.0614069544945,399.919489668553,0,223,-2.56652768383474,0,223,0,223,220.433472316166,87.0386566492112,0,919.513525061451,1,0,0
3.266,50.0613046186763,399.919623761192,0,223,-2.56225280199898,0,223,0,223,220.437747198001,87.0607631528292,0,919.513525061451,1,0,0
3.267,50.0612024533292,399.919757631058,0,223,-2.55798502552769,0,223,0,223,220.442014974473,87.0828328155527,0,919.513525061451,1,0,0
3.268,50.0611004581696,399.91989127852,0,223,-2.55372434260533,0,223,0,223,220.446275657395,87.1048656987512,0,919.513525061451,1,0,0
3.269,50.0609986329146,399.920024703946,0,223,-2.54947074143878,0,223,0,223,220.450529258562,87.1268618636922,0,919.513525061451,1,0,0
3.27,50.0608969772817,399.920157907704,0,223,-2.54522421025722,0,223,0,223,220.454775789743,87.1488213715415,0,919.513525061451,1,0,0
3.271,50.0607954909889,399.920290890161,0,223,-2.54098473731199,0,223,0,223,220.459015262688,87.170744283363,0,919.513525061451,1,0,0
3.272,50.0606941737544,399.920423651684,0,223,-2.53675231087656,0,223,0,223,220.463247689124,87.1926306601189,0,919.513525061451,1,0,0
3.273,50.0605930252972,399.920556192637,0,223,-2.53252691924636,0,223,0,223,220.467473080754,87.2144805626705,0,919.513525061451,1,0,0
3.274,50.0604920453367,399.920688513387,0,223,-2.52830855073869,0,223,0,223,220.471691449262,87.2362940517775,0,919.513525061451,1,0,0
3.275,50.0603912335927,399.920820614298,0,223,-2.52409719369264,0,223,0,223,220.475902806308,87.2580711880987,0,919.513525061451,1,0,0
3.276,50.0602905897855,399.920952495734,0,223,-2.51989283646892,0,223,0,223,220.480107163531,87.2798120321921,0,919.513525061451,1,0,0
3.277,50.0601901136357,399.921084158056,0,223,-2.51569546744985,0,223,0,223,220.484304532551,87.3015166445149,0,919.513525061451,1,0,0
3.278,50.0600898048647,399.921215601629,0,223,-2.51150507503919,0,223,0,223,220.488494924961,87.3231850854237,0,919.513525061451,1,0,0
3.279,50.059989663194,399.921346826814,0,223,-2.50732164766208,0,223,0,223,220.492678352338,87.344817415175,0,919.513525061451,1,0,0
3.28,50.0598896883459,399.921477833972,0,223,-2.50314517376496,0,223,0,223,220.496854826235,87.3664136939249,0,919.513525061451,1,0,0
3.281,50.0597898800429,399.921608623463,0,223,-2.49897564181544,0,223,0,223,220.501024358185,87.3879739817294,0,919.513525061451,1,0,0
3.282,50.0596902380081,399.921739195647,0,223,-2.49481304030218,0,223,0,223,220.505186959698,87.4094983385448,0,919.513525061451,1,0,0
3.283,50.059590761965,399.921869550883,0,223,-2.49065735773488,0,223,0,223,220.509342642266,87.4309868242278,0,919.513525061451,1,0,0
3.284,50.0594914516375,399.921999689531,0,223,-2.4865085826441,0,223,0,223,220.513491417356,87.4524394985351,0,919.513525061451,1,0,0
3.285,50.0593923067501,399.922129611947,0,223,-2.48236670358125,0,223,0,223,220.517633296419,87.4738564211247,0,919.513525061451,1,0,0
3.286,50.0592933270278,399.922259318489,0,223,-2.47823170911842,0,223,0,223,220.521768290882,87.4952376515547,0,919.513525061451,1,0,0
3.287,50.0591945121958,399.922388809514,0,223,-2.47410358784836,0,223,0,223,220.525896412152,87.5165832492847,0,919.513525061451,1,0,0
3.288,50.0590958619799,399.922518085378,0,223,-2.46998232838439,0,223,0,223,220.530017671616,87.5378932736752,0,919.513525061451,1,0,0
3.289,50.0589973761064,399.922647146436,0,223,-2.46586791936029,0,223,0,223,220.53413208064,87.5591677839879,0,919.513525061451,1,0,0
3.29,50.058899054302,399.922775993043,0,223,-2.4617603494302,0,223,0,223,220.53823965057,87.5804068393862,0,919.513525061451,1,0,0
3.291,50.0588008962939,399.922904625553,0,223,-2.4576596072686,0,223,0,223,220.542340392732,87.6016104989349,0,919.513525061451,1,0,0
3.292,50.0587029018096,399.923033044319,0,223,-2.45356568157016,0,223,0,223,220.54643431843,87.6227788216007,0,919.513525061451,1,0,0
3.293,50.0586050705773,399.923161249694,0,223,-2.44947856104966,0,223,0,223,220.550521438951,87.6439118662522,0,919.513525061451,1,0,0
3.294,50.0585074023255,399.923289242032,0,223,-2.44539823444198,0,223,0,223,220.554601765558,87.66500969166,0,919.513525061451,1,0,0
3.295,50.0584098967831,399.923417021682,0,223,-2.44132469050199,0,223,0,223,220.558675309498,87.6860723564972,0,919.513525061451,1,0,0
3.296,50.0583125536795,399.923544588997,0,223,-2.43725791800441,0,223,0,223,220.562742081996,87.7070999193391,0,919.513525061451,1,0,0
3.297,50.0582153727447,399.923671944327,0,223,-2.43319790574384,0,223,0,223,220.566802094257,87.7280924386638,0,919.513525061451,1,0,0
3.298,50.0581183537089,399.923799088021,0,223,-2.42914464253462,0,223,0,223,220.570855357466,87.7490499728518,0,919.513525061451,1,0,0
3.299,50.0580214963029,399.92392602043,0,223,-2.42509811721071,0,223,0,223,220.57490188279,87.769972580187,0,919.513525061451,1,0,0
3.3,50.0579248002578,399.924052741901,0,223,-2.42105831862577,0,223,0,223,220.578941681375,87.7908603188561,0,919.513525061451,1,0,0
3.301,50.0578282653054,399.924179252782,0,223,-2.41702523565289,0,223,0,223,220.582974764348,87.8117132469489,0,919.513525061451,1,0,0
3.302,50.0577318911777,399.924305553421,0,223,-2.41299885718472,0,223,0,223,220.587001142816,87.8325314224588,0,919.513525061451,1,0,0
3.303,50.0576356776073,399.924431644165,0,223,-2.40897917213322,0,223,0,223,220.591020827867,87.8533149032828,0,919.513525061451,1,0,0
3.304,50.0575396243271,399.92455752536,0,223,-2.40496616942973,0,223,0,223,220.595033830571,87.8740637472214,0,919.513525061451,1,0,0
3.305,50.0574437310705,399.924683197352,0,223,-2.40095983802479,0,223,0,223,220.599040161976,87.8947780119791,0,919.513525061451,1,0,0
3.306,50.0573479975716,399.924808660486,0,223,-2.39696016688816,0,223,0,223,220.603039833112,87.9154577551645,0,919.513525061451,1,0,0
3.307,50.0572524235644,399.924933915105,0,223,-2.39296714500871,0,223,0,223,220.607032854992,87.9361030342903,0,919.513525061451,1,0,0
3.308,50.0571570087838,399.925058961555,0,223,-2.38898076139436,0,223,0,223,220.611019238606,87.9567139067735,0,919.513525061451,1,0,0
3.309,50.057061752965,399.925183800178,0,223,-2.38500100507201,0,223,0,223,220.614998994928,87.9772904299357,0,919.513525061451,1,0,0
3.31,50.0569666558435,399.925308431317,0,223,-2.38102786508751,0,223,0,223,220.618972134913,87.997832661003,0,919.513525061451,1,0,0
3.311,50.0568717171555,399.925432855315,0,223,-2.37706133050552,0,223,0,223,220.622938669495,88.0183406571067,0,919.513525061451,1,0,0
3.312,50.0567769366374,399.925557072512,0,223,-2.37310139040954,0,223,0,223,220.626898609591,88.0388144752827,0,919.513525061451,1,0,0
3.313,50.0566823140262,399.92568108325,0,223,-2.36914803390179,0,223,0,223,220.630851966099,88.0592541724722,0,919.513525061451,1,0,0
3.314,50.0565878490592,399.925804887869,0,223,-2.36520125010315,0,223,0,223,220.634798749897,88.0796598055216,0,919.513525061451,1,0,0
3.315,50.0564935414742,399.925928486709,0,223,-2.36126102815313,0,223,0,223,220.638738971847,88.1000314311829,0,919.513525061451,1,0,0
3.316,50.0563993910095,399.926051880109,0,223,-2.35732735720978,0,223,0,223,220.642672642791,88.1203691061137,0,919.513525061451,1,0,0
3.317,50.0563053974038,399.926175068408,0,223,-2.35340022644968,0,223,0,223,220.646599773551,88.1406728868771,0,919.513525061451,1,0,0
3.318,50.056211560396,399.926298051944,0,223,-2.34947962506781,0,223,0,223,220.650520374933,88.1609428299425,0,919.513525061451,1,0,0
3.319,50.0561178797259,399.926420831055,0,223,-2.34556554227752,0,223,0,223,220.654434457723,88.181178991685,0,919.513525061451,1,0,0
3.32,50.0560243551332,399.926543406078,0,223,-2.34165796731049,0,223,0,223,220.65834203269,88.2013814283863,0,919.513525061451,1,0,0
3.321,50.0559309863585,399.926665777348,0,223,-2.3377568894167,0,223,0,223,220.662243110584,88.2215501962343,0,919.513525061451,1,0,0
3.322,50.0558377731425,399.926787945202,0,223,-2.33386229786434,0,223,0,223,220.666137702136,88.2416853513234,0,919.513525061451,1,0,0
3.323,50.0557447152265,399.926909909976,0,223,-2.32997418193971,0,223,0,223,220.670025818061,88.2617869496546,0,919.513525061451,1,0,0
3.324,50.0556518123522,399.927031672003,0,223,-2.32609253094726,0,223,0,223,220.673907469053,88.2818550471362,0,919.513525061451,1,0,0
3.325,50.0555590642616,399.927153231619,0,223,-2.32221733420946,0,223,0,223,220.677782665791,88.301889699583,0,919.513525061451,1,0,0
3.326,50.0554664706974,399.927274589156,0,223,-2.31834858106675,0,223,0,223,220.681651418934,88.3218909627172,0,919.513525061451,1,0,0
3.327,50.0553740314024,399.927395744949,0,223,-2.31448626087759,0,223,0,223,220.685513739123,88.3418588921682,0,919.513525061451,1,0,0
3.328,50.0552817461201,399.927516699328,0,223,-2.31063036301828,0,223,0,223,220.689369636982,88.3617935434731,0,919.513525061451,1,0,0
3.329,50.0551896145942,399.927637452627,0,223,-2.30678087688295,0,223,0,223,220.693219123117,88.3816949720763,0,919.513525061451,1,0,0
3.33,50.055097636569,399.927758005177,0,223,-2.30293779188358,0,223,0,223,220.697062208117,88.4015632333302,0,919.513525061451,1,0,0
3.331,50.0550058117891,399.927878357308,0,223,-2.29910109744984,0,223,0,223,220.700898902551,88.421398382495,0,919.513525061451,1,0,0
3.332,50.0549141399997,399.927998509352,0,223,-2.29527078302913,0,223,0,223,220.704729216971,88.4412004747391,0,919.513525061451,1,0,0
3.333,50.0548226209462,399.928118461637,0,223,-2.29144683808645,0,223,0,223,220.708553161914,88.460969565139,0,919.513525061451,1,0,0
3.334,50.0547312543745,399.928238214493,0,223,-2.28762925210446,0,223,0,223,220.712370747896,88.4807057086797,0,919.513525061451,1,0,0
3.335,50.054640040031,399.928357768249,0,223,-2.2838180145833,0,223,0,223,220.716181985417,88.5004089602545,0,919.513525061451,1,0,0
3.336,50.0545489776625,399.928477123233,0,223,-2.28001311504065,0,223,0,223,220.71998688496,88.5200793746657,0,919.513525061451,1,0,0
3.337,50.054458067016,399.928596279772,0,223,-2.27621454301164,0,223,0,223,220.723785456989,88.5397170066242,0,919.513525061451,1,0,0
3.338,50.0543673078393,399.928715238195,0,223,-2.27242228804883,0,223,0,223,220.727577711952,88.5593219107499,0,919.513525061451,1,0,0
3.339,50.0542766998803,399.928833998826,0,223,-2.26863633972212,0,223,0,223,220.731363660278,88.5788941415721,0,919.513525061451,1,0,0
3.34,50.0541862428874,399.928952561992,0,223,-2.26485668761871,0,223,0,223,220.735143312382,88.598433753529,0,919.513525061451,1,0,0
3.341,50.0540959366095,399.929070928019,0,223,-2.26108332134313,0,223,0,223,220.738916678657,88.6179408009684,0,919.513525061451,1,0,0
3.342,50.0540057807959,399.929189097232,0,223,-2.25731623051711,0,223,0,223,220.742683769483,88.6374153381478,0,919.513525061451,1,0,0
3.343,50.0539157751962,399.929307069955,0,223,-2.25355540477955,0,223,0,223,220.746444595221,88.6568574192344,0,919.513525061451,1,0,0
3.344,50.0538259195605,399.929424846512,0,223,-2.24980083378651,0,223,0,223,220.750199166214,88.676267098305,0,919.513525061451,1,0,0
3.345,50.0537362136394,399.929542427226,0,223,-2.24605250721117,0,223,0,223,220.753947492789,88.6956444293468,0,919.513525061451,1,0,0
3.346,50.0536466571837,399.92965981242,0,223,-2.24231041474375,0,223,0,223,220.757689585257,88.714989466257,0,919.513525061451,1,0,0
3.347,50.0535572499447,399.929777002416,0,223,-2.23857454609149,0,223,0,223,220.761425453909,88.7343022628431,0,919.513525061451,1,0,0
3.348,50.0534679916743,399.929893997537,0,223,-2.23484489097858,0,223,0,223,220.765155109022,88.7535828728232,0,919.513525061451,1,0,0
3.349,50.0533788821245,399.930010798103,0,223,-2.2311214391462,0,223,0,223,220.768878560854,88.7728313498259,0,919.513525061451,1,0,0
3.35,50.0532899210479,399.930127404436,0,223,-2.22740418035239,0,223,0,223,220.772595819648,88.7920477473907,0,919.513525061451,1,0,0
3.351,50.0532011081975,399.930243816855,0,223,-2.22369310437204,0,223,0,223,220.776306895628,88.811232118968,0,919.513525061451,1,0,0
3.352,50.0531124433266,399.93036003568,0,223,-2.21998820099689,0,223,0,223,220.780011799004,88.830384517919,0,919.513525061451,1,0,0
3.353,50.0530239261891,399.93047606123,0,223,-2.21628946003545,0,223,0,223,220.783710539965,88.8495049975166,0,919.513525061451,1,0,0
3.354,50.0529355565391,399.930591893824,0,223,-2.21259687131293,0,223,0,223,220.787403128687,88.8685936109447,0,919.513525061451,1,0,0
3.355,50.0528473341312,399.93070753378,0,223,-2.20891042467128,0,223,0,223,220.791089575329,88.8876504112988,0,919.513525061451,1,0,0
3.356,50.0527592587204,399.930822981416,0,223,-2.20523010996909,0,223,0,223,220.794769890031,88.906675451586,0,919.513525061451,1,0,0
3.357,50.0526713300622,399.930938237049,0,223,-2.2015559170816,0,223,0,223,220.798444082919,88.9256687847253,0,919.513525061451,1,0,0
3.358,50.0525835479124,399.931053300995,0,223,-2.19788783590063,0,223,0,223,220.8021121641,88.9446304635477,0,919.513525061451,1,0,0
3.359,50.0524959120271,399.93116817357,0,223,-2.19422585633452,0,223,0,223,220.805774143666,88.9635605407962,0,919.513525061451,1,0,0
3.36,50.052408422163,399.931282855091,0,223,-2.19056996830817,0,223,0,223,220.809430031692,88.982459069126,0,919.513525061451,1,0,0
3.361,50.0523210780771,399.931397345871,0,223,-2.1869201617629,0,223,0,223,220.813079838238,89.0013261011046,0,919.513525061451,1,0,0
3.362,50.0522338795268,399.931511646227,0,223,-2.1832764266565,0,223,0,223,220.816723573344,89.0201616892124,0,919.513525061451,1,0,0
3.363,50.05214682627,399.93162575647,0,223,-2.17963875296318,0,223,0,223,220.820361247037,89.038965885842,0,919.513525061451,1,0,0
3.364,50.0520599180648,399.931739676916,0,223,-2.17600713067348,0,223,0,223,220.823992869327,89.0577387432992,0,919.513525061451,1,0,0
3.365,50.05197315467,399.931853407878,0,223,-2.17238154979434,0,223,0,223,220.827618450206,89.0764803138025,0,919.513525061451,1,0,0
3.366,50.0518865358445,399.931966949667,0,223,-2.16876200034893,0,223,0,223,220.831237999651,89.0951906494837,0,919.513525061451,1,0,0
3.367,50.0518000613478,399.932080302595,0,223,-2.16514847237671,0,223,0,223,220.834851527624,89.1138698023878,0,919.513525061451,1,0,0
3.368,50.0517137309396,399.932193466975,0,223,-2.16154095593342,0,223,0,223,220.838459044067,89.1325178244729,0,919.513525061451,1,0,0
3.369,50.0516275443802,399.932306443117,0,223,-2.15793944109094,0,223,0,223,220.842060558909,89.1511347676112,0,919.513525061451,1,0,0
3.37,50.0515415014303,399.932419231332,0,223,-2.15434391793732,0,223,0,223,220.845656082063,89.1697206835881,0,919.513525061451,1,0,0
3.371,50.0514556018507,399.93253183193,0,223,-2.15075437657674,0,223,0,223,220.849245623424,89.188275624103,0,919.513525061451,1,0,0
3.372,50.051369845403,399.93264424522,0,223,-2.1471708071295,0,223,0,223,220.852829192871,89.2067996407692,0,919.513525061451,1,0,0
3.373,50.0512842318489,399.932756471511,0,223,-2.14359319973197,0,223,0,223,220.856406800268,89.2252927851143,0,919.513525061451,1,0,0
3.374,50.0511987609506,399.932868511112,0,223,-2.14002154453652,0,223,0,223,220.859978455464,89.2437551085799,0,919.513525061451,1,0,0
3.375,50.0511134324708,399.932980364331,0,223,-2.13645583171156,0,223,0,223,220.863544168289,89.2621866625222,0,919.513525061451,1,0,0
3.376,50.0510282461723,399.933092031476,0,223,-2.13289605144142,0,223,0,223,220.867103948559,89.2805874982116,0,919.513525061451,1,0,0
3.377,50.0509432018186,399.933203512852,0,223,-2.12934219392642,0,223,0,223,220.870657806074,89.2989576668337,0,919.513525061451,1,0,0
3.378,50.0508582991734,399.933314808768,0,223,-2.12579424938278,0,223,0,223,220.874205750618,89.3172972194884,0,919.513525061451,1,0,0
3.379,50.0507735380009,399.933425919528,0,223,-2.12225220804258,0,223,0,223,220.877747791958,89.3356062071908,0,919.513525061451,1,0,0
3.38,50.0506889180657,399.933536845439,0,223,-2.11871606015373,0,223,0,223,220.881283939847,89.3538846808711,0,919.513525061451,1,0,0
3.381,50.0506044391326,399.933647586805,0,223,-2.11518579597998,0,223,0,223,220.88481420402,89.3721326913747,0,919.513525061451,1,0,0
3.382,50.0505201009669,399.933758143932,0,223,-2.11166140580084,0,223,0,223,220.8883385942,89.3903502894625,0,919.513525061451,1,0,0
3.383,50.0504359033345,399.933868517123,0,223,-2.10814287991162,0,223,0,223,220.891857120089,89.4085375258106,0,919.513525061451,1,0,0
3.384,50.0503518460014,399.933978706681,0,223,-2.10463020862328,0,223,0,223,220.895369791377,89.426694451011,0,919.513525061451,1,0,0
3.385,50.0502679287341,399.93408871291,0,223,-2.10112338226254,0,223,0,223,220.898876617738,89.4448211155715,0,919.513525061451,1,0,0
3.386,50.0501841512994,399.934198536113,0,223,-2.09762239117176,0,223,0,223,220.902377608829,89.4629175699158,0,919.513525061451,1,0,0
3.387,50.0501005134646,399.934308176591,0,223,-2.09412722570892,0,223,0,223,220.905872774291,89.4809838643836,0,919.513525061451,1,0,0
3.388,50.0500170149975,399.934417634646,0,223,-2.09063787624765,0,223,0,223,220.909362123753,89.4990200492308,0,919.513525061451,1,0,0
3.389,50.0499336556658,399.93452691058,0,223,-2.08715433317713,0,223,0,223,220.912845666823,89.5170261746299,0,919.513525061451,1,0,0
3.39,50.0498504352382,399.934636004693,0,223,-2.08367658690208,0,223,0,223,220.916323413098,89.5350022906696,0,919.513525061451,1,0,0
3.391,50.0497673534834,399.934744917285,0,223,-2.08020462784278,0,223,0,223,220.919795372158,89.5529484473554,0,919.513525061451,1,0,0
3.392,50.0496844101706,399.934853648656,0,223,-2.07673844643495,0,223,0,223,220.923261553565,89.5708646946094,0,919.513525061451,1,0,0
3.393,50.0496016050693,399.934962199105,0,223,-2.0732780331298,0,223,0,223,220.926721966871,89.5887510822708,0,919.513525061451,1,0,0
3.394,50.0495189379495,399.935070568932,0,223,-2.06982337839397,0,223,0,223,220.930176621606,89.6066076600958,0,919.513525061451,1,0,0
3.395,50.0494364085815,399.935178758433,0,223,-2.06637447270951,0,223,0,223,220.933625527291,89.6244344777576,0,919.513525061451,1,0,0
3.396,50.049354016736,399.935286767907,0,223,-2.06293130657385,0,223,0,223,220.937068693427,89.642231584847,0,919.513525061451,1,0,0
3.397,50.0492717621841,399.935394597652,0,223,-2.05949387049979,0,223,0,223,220.940506129501,89.6599990308719,0,919.513525061451,1,0,0
3.398,50.0491896446972,399.935502247963,0,223,-2.05606215501544,0,223,0,223,220.943937844985,89.6777368652582,0,919.513525061451,1,0,0
3.399,50.0491076640472,399.935609719139,0,223,-2.0526361506642,0,223,0,223,220.947363849336,89.6954451373492,0,919.513525061451,1,0,0
3.4,50.0490258200063,399.935717011473,0,223,-2.04921584800475,0,223,0,223,220.950784151996,89.7131238964062,0,919.513525061451,1,0,0
3.401,50.0489441123471,399.935824125262,0,223,-2.04580123761102,0,223,0,223,220.954198762389,89.7307731916084,0,919.513525061451,1,0,0
3.402,50.0488625408425,399.935931060802,0,223,-2.04239231007215,0,223,0,223,220.957607689928,89.7483930720534,0,919.513525061451,1,0,0
3.403,50.048781105266,399.936037818385,0,223,-2.03898905599252,0,223,0,223,220.961010944008,89.7659835867567,0,919.513525061451,1,0,0
3.404,50.0486998053912,399.936144398306,0,223,-2.03559146599162,0,223,0,223,220.964408534009,89.7835447846524,0,919.513525061451,1,0,0
3.405,50.0486186409922,399.936250800859,0,223,-2.03219953070412,0,223,0,223,220.967800469296,89.8010767145933,0,919.513525061451,1,0,0
3.406,50.0485376118436,399.936357026337,0,223,-2.02881324077974,0,223,0,223,220.971186759221,89.8185794253505,0,919.513525061451,1,0,0
3.407,50.0484567177201,399.936463075032,0,223,-2.02543258688337,0,223,0,223,220.974567413117,89.8360529656142,0,919.513525061451,1,0,0
3.408,50.0483759583969,399.936568947237,0,223,-2.02205755969492,0,223,0,223,220.977942440305,89.8534973839934,0,919.513525061451,1,0,0
3.409,50.0482953336497,399.936674643242,0,223,-2.01868814990934,0,223,0,223,220.981311850091,89.8709127290163,0,919.513525061451,1,0,0
3.41,50.0482148432543,399.93678016334,0,223,-2.01532434823661,0,223,0,223,220.984675651764,89.8882990491302,0,919.513525061451,1,0,0
3.411,50.0481344869873,399.936885507821,0,223,-2.01196614540171,0,223,0,223,220.988033854599,89.9056563927017,0,919.513525061451,1,0,0
3.412,50.0480542646251,399.936990676975,0,223,-2.00861353214453,0,223,0,223,220.991386467856,89.9229848080171,0,919.513525061451,1,0,0
3.413,50.047974175945,399.937095671092,0,223,-2.00526649921994,0,223,0,223,220.99473350078,89.9402843432822,0,919.513525061451,1,0,0
3.414,50.0478942207243,399.937200490461,0,223,-2.00192503739769,0,223,0,223,220.998074962603,89.9575550466224,0,919.513525061451,1,0,0
3.415,50.0478143987409,399.937305135372,0,223,-1.99858913746246,0,223,0,223,221.001410862538,89.9747969660832,0,919.513525061451,1,0,0
3.416,50.0477347097729,399.937409606111,0,223,-1.99525879021375,0,223,0,223,221.004741209787,89.9920101496299,0,919.513525061451,1,0,0
3.417,50.0476551535989,399.937513902969,0,223,-1.99193398646594,0,223,0,223,221.008066013534,90.0091946451481,0,919.513525061451,1,0,0
3.418,50.0475757299978,399.937618026231,0,223,-1.98861471704819,0,223,0,223,221.011385282952,90.0263505004438,0,919.513525061451,1,0,0
3.419,50.0474964387489,399.937721976185,0,223,-1.98530097280449,0,223,0,223,221.014699027196,90.043477763243,0,919.513525061451,1,0,0
3.42,50.0474172796318,399.937825753118,0,223,-1.98199274459356,0,223,0,223,221.018007255407,90.0605764811926,0,919.513525061451,1,0,0
3.421,50.0473382524264,399.937929357315,0,223,-1.97869002328886,0,223,0,223,221.021309976712,90.07764670186,0,919.513525061451,1,0,0
3.422,50.0472593569133,399.938032789062,0,223,-1.97539279977858,0,223,0,223,221.024607200222,90.0946884727335,0,919.513525061451,1,0,0
3.423,50.0471805928732,399.938136048645,0,223,-1.97210106496563,0,223,0,223,221.027898935035,90.1117018412223,0,919.513525061451,1,0,0
3.424,50.047101960087,399.938239136348,0,223,-1.96881480976757,0,223,0,223,221.031185190233,90.1286868546567,0,919.513525061451,1,0,0
3.425,50.0470234583363,399.938342052454,0,223,-1.96553402511661,0,223,0,223,221.034465974884,90.145643560288,0,919.513525061451,1,0,0
3.426,50.046945087403,399.938444797249,0,223,-1.96225870195957,0,223,0,223,221.037741298041,90.1625720052891,0,919.513525061451,1,0,0
3.427,50.0468668470691,399.938547371016,0,223,-1.95898883125788,0,223,0,223,221.041011168743,90.1794722367541,0,919.513525061451,1,0,0
3.428,50.0467887371173,399.938649774036,0,223,-1.95572440398757,0,223,0,223,221.044275596013,90.196344301699,0,919.513525061451,1,0,0
3.429,50.0467107573305,399.938752006594,0,223,-1.95246541113919,0,223,0,223,221.047534588861,90.2131882470613,0,919.513525061451,1,0,0
3.43,50.0466329074919,399.93885406897,0,223,-1.94921184371786,0,223,0,223,221.050788156283,90.2300041197003,0,919.513525061451,1,0,0
3.431,50.0465551873851,399.938955961446,0,223,-1.94596369274318,0,223,0,223,221.054036307257,90.2467919663973,0,919.513525061451,1,0,0
3.432,50.0464775967941,399.939057684304,0,223,-1.94272094924922,0,223,0,223,221.057279050751,90.2635518338559,0,919.513525061451,1,0,0
3.433,50.0464001355034,399.939159237823,0,223,-1.93948360428456,0,223,0,223,221.060516395716,90.2802837687018,0,919.513525061451,1,0,0
3.434,50.0463228032975,399.939260622285,0,223,-1.93625164891219,0,223,0,223,221.063748351088,90.296987817483,0,919.513525061451,1,0,0
3.435,50.0462455999615,399.939361837968,0,223,-1.93302507420953,0,223,0,223,221.066974925791,90.3136640266701,0,919.513525061451,1,0,0
3.436,50.0461685252809,399.939462885153,0,223,-1.92980387126839,0,223,0,223,221.070196128732,90.3303124426563,0,919.513525061451,1,0,0
3.437,50.0460915790414,399.939563764117,0,223,-1.92658803119495,0,223,0,223,221.073411968805,90.3469331117574,0,919.513525061451,1,0,0
3.438,50.0460147610291,399.93966447514,0,223,-1.92337754510972,0,223,0,223,221.076622454891,90.3635260802123,0,919.513525061451,1,0,0
3.439,50.0459380710305,399.939765018499,0,223,-1.9201724041476,0,223,0,223,221.079827595853,90.3800913941827,0,919.513525061451,1,0,0
3.44,50.0458615088325,399.939865394471,0,223,-1.91697259945775,0,223,0,223,221.083027400543,90.3966290997537,0,919.513525061451,1,0,0
3.441,50.0457850742222,399.939965603335,0,223,-1.91377812220362,0,223,0,223,221.086221877797,90.4131392429334,0,919.513525061451,1,0,0
3.442,50.0457087669872,399.940065645365,0,223,-1.91058896356293,0,223,0,223,221.089411036437,90.4296218696534,0,919.513525061451,1,0,0
3.443,50.0456325869153,399.940165520839,0,223,-1.90740511472762,0,223,0,223,221.092594885273,90.4460770257688,0,919.513525061451,1,0,0
3.444,50.0455565337949,399.940265230033,0,223,-1.90422656690386,0,223,0,223,221.095773433097,90.4625047570583,0,919.513525061451,1,0,0
3.445,50.0454806074144,399.94036477322,0,223,-1.90105331131202,0,223,0,223,221.098946688688,90.4789051092245,0,919.513525061451,1,0,0
3.446,50.0454048075629,399.940464150677,0,223,-1.89788533918661,0,223,0,223,221.102114660814,90.4952781278937,0,919.513525061451,1,0,0
3.447,50.0453291340296,399.940563362678,0,223,-1.89472264177632,0,223,0,223,221.105277358224,90.5116238586163,0,919.513525061451,1,0,0
3.448,50.0452535866042,399.940662409496,0,223,-1.891565210344,0,223,0,223,221.108434789656,90.527942346867,0,919.513525061451,1,0,0
3.449,50.0451781650766,399.940761291406,0,223,-1.88841303616659,0,223,0,223,221.111586963834,90.5442336380445,0,919.513525061451,1,0,0
3.45,50.0451028692373,399.940860008679,0,223,-1.8852661105351,0,223,0,223,221.114733889465,90.560497777472,0,919.513525061451,1,0,0
3.451,50.0450276988768,399.940958561589,0,223,-1.88212442475462,0,223,0,223,221.117875575246,90.5767348103974,0,919.513525061451,1,0,0
3.452,50.0449526537863,399.941056950408,0,223,-1.87898797014429,0,223,0,223,221.121012029856,90.5929447819931,0,919.513525061451,1,0,0
3.453,50.0448777337571,399.941155175408,0,223,-1.87585673803725,0,223,0,223,221.124143261963,90.6091277373562,0,919.513525061451,1,0,0
3.454,50.0448029385809,399.941253236859,0,223,-1.87273071978066,0,223,0,223,221.12726928022,90.6252837215087,0,919.513525061451,1,0,0
3.455,50.0447282680498,399.941351135034,0,223,-1.86960990673569,0,223,0,223,221.130390093265,90.6414127793978,0,919.513525061451,1,0,0
3.456,50.0446537219563,399.941448870202,0,223,-1.86649429027739,0,223,0,223,221.133505709723,90.6575149558958,0,919.513525061451,1,0,0
3.457,50.044579300093,399.941546442633,0,223,-1.86338386179481,0,223,0,223,221.136616138206,90.6735902958,0,919.513525061451,1,0,0
3.458,50.0445050022532,399.941643852596,0,223,-1.8602786126909,0,223,0,223,221.139721387309,90.6896388438335,0,919.513525061451,1,0,0
3.459,50.0444308282302,399.941741100362,0,223,-1.85717853438253,0,223,0,223,221.142821465618,90.7056606446447,0,919.513525061451,1,0,0
3.46,50.0443567778178,399.941838186198,0,223,-1.85408361830043,0,223,0,223,221.1459163817,90.7216557428075,0,919.513525061451,1,0,0
3.461,50.0442828508102,399.941935110373,0,223,-1.85099385588918,0,223,0,223,221.149006144111,90.7376241828219,0,919.513525061451,1,0,0
3.462,50.0442090470018,399.942031873155,0,223,-1.84790923860723,0,223,0,223,221.152090761393,90.7535660091136,0,919.513525061451,1,0,0
3.463,50.0441353661875,399.942128474811,0,223,-1.84482975792682,0,223,0,223,221.155170242074,90.7694812660342,0,919.513525061451,1,0,0
3.464,50.0440618081624,399.942224915608,0,223,-1.84175540533396,0,223,0,223,221.158244594666,90.7853699978617,0,919.513525061451,1,0,0
3.465,50.043988372722,399.942321195813,0,223,-1.83868617232844,0,223,0,223,221.161313827672,90.8012322488002,0,919.513525061451,1,0,0
3.466,50.0439150596622,399.942417315691,0,223,-1.83562205042382,0,223,0,223,221.164377949577,90.8170680629801,0,919.513525061451,1,0,0
3.467,50.0438418687791,399.942513275509,0,223,-1.8325630311474,0,223,0,223,221.167436968853,90.8328774844585,0,919.513525061451,1,0,0
3.468,50.0437687998692,399.942609075531,0,223,-1.82950910604017,0,223,0,223,221.17049089396,90.848660557219,0,919.513525061451,1,0,0
3.469,50.0436958527294,399.942704716023,0,223,-1.8264602666568,0,223,0,223,221.173539733344,90.8644173251719,0,919.513525061451,1,0,0
3.47,50.0436230271569,399.942800197249,0,223,-1.82341650456564,0,223,0,223,221.176583495435,90.8801478321545,0,919.513525061451,1,0,0
3.471,50.0435503229492,399.942895519472,0,223,-1.8203778113487,0,223,0,223,221.179622188652,90.895852121931,0,919.513525061451,1,0,0
3.472,50.0434777399041,399.942990682957,0,223,-1.81734417860163,0,223,0,223,221.182655821399,90.9115302381927,0,919.513525061451,1,0,0
3.473,50.0434052778199,399.943085687966,0,223,-1.81431559793365,0,223,0,223,221.185684402067,90.9271822245582,0,919.513525061451,1,0,0
3.474,50.043332936495,399.943180534762,0,223,-1.81129206096763,0,223,0,223,221.188707939033,90.9428081245733,0,919.513525061451,1,0,0
3.475,50.0432607157284,399.943275223608,0,223,-1.80827355933993,0,223,0,223,221.19172644066,90.9584079817115,0,919.513525061451,1,0,0
3.476,50.0431886153193,399.943369754765,0,223,-1.80526008470053,0,223,0,223,221.1947399153,90.9739818393738,0,919.513525061451,1,0,0
3.477,50.0431166350671,399.943464128494,0,223,-1.8022516287129,0,223,0,223,221.197748371288,90.9895297408887,0,919.513525061451,1,0,0
3.478,50.0430447747718,399.943558345058,0,223,-1.79924818305401,0,223,0,223,221.200751816946,91.0050517295129,0,919.513525061451,1,0,0
3.479,50.0429730342334,399.943652404715,0,223,-1.79624973941433,0,223,0,223,221.203750260586,91.0205478484307,0,919.513525061451,1,0,0
3.48,50.0429014132527,399.943746307727,0,223,-1.79325628949782,0,223,0,223,221.206743710503,91.0360181407548,0,919.513525061451,1,0,0
3.481,50.0428299116304,399.943840054353,0,223,-1.79026782502189,0,223,0,223,221.209732174979,91.0514626495257,0,919.513525061451,1,0,0
3.482,50.0427585291676,399.943933644852,0,223,-1.78728433771734,0,223,0,223,221.212715662283,91.0668814177127,0,919.513525061451,1,0,0
3.483,50.0426872656661,399.944027079484,0,223,-1.78430581932838,0,223,0,223,221.215694180672,91.082274488213,0,919.513525061451,1,0,0
3.484,50.0426161209274,399.944120358507,0,223,-1.78133226161264,0,223,0,223,221.218667738388,91.0976419038528,0,919.513525061451,1,0,0
3.485,50.042545094754,399.944213482178,0,223,-1.77836365634108,0,223,0,223,221.221636343659,91.1129837073867,0,919.513525061451,1,0,0
3.486,50.0424741869482,399.944306450756,0,223,-1.77539999529806,0,223,0,223,221.224600004702,91.1282999414981,0,919.513525061451,1,0,0
3.487,50.0424033973129,399.944399264497,0,223,-1.77244127028125,0,223,0,223,221.227558729719,91.1435906487995,0,919.513525061451,1,0,0
3.488,50.0423327256513,399.944491923659,0,223,-1.76948747310161,0,223,0,223,221.230512526899,91.1588558718321,0,919.513525061451,1,0,0
3.489,50.0422621717668,399.944584428498,0,223,-1.76653859558342,0,223,0,223,221.233461404417,91.1740956530666,0,919.513525061451,1,0,0
3.49,50.0421917354633,399.94467677927,0,223,-1.7635946295642,0,223,0,223,221.236405370436,91.1893100349026,0,919.513525061451,1,0,0
3.491,50.0421214165449,399.94476897623,0,223,-1.76065556689471,0,223,0,223,221.239344433106,91.2044990596694,0,919.513525061451,1,0,0
3.492,50.042051214816,399.944861019634,0,223,-1.75772139943897,0,223,0,223,221.242278600561,91.2196627696256,0,919.513525061451,1,0,0
3.493,50.0419811300816,399.944952909736,0,223,-1.75479211907422,0,223,0,223,221.245207880926,91.2348012069594,0,919.513525061451,1,0,0
3.494,50.0419111621466,399.945044646791,0,223,-1.75186771769085,0,223,0,223,221.24813228231,91.2499144137887,0,919.513525061451,1,0,0
3.495,50.0418413108165,399.945136231052,0,223,-1.74894818719246,0,223,0,223,221.251051812808,91.2650024321615,0,919.513525061451,1,0,0
3.496,50.0417715758971,399.945227662773,0,223,-1.74603351949578,0,223,0,223,221.253966480505,91.2800653040554,0,919.513525061451,1,0,0
3.497,50.0417019571944,399.945318942208,0,223,-1.74312370653071,0,223,0,223,221.25687629347,91.2951030713783,0,919.513525061451,1,0,0
3.498,50.0416324545149,399.945410069608,0,223,-1.74021874024022,0,223,0,223,221.25978125976,91.3101157759683,0,919.513525061451,1,0,0
3.499,50.0415630676653,399.945501045226,0,223,-1.73731861258041,0,223,0,223,221.26268138742,91.3251034595937,0,919.513525061451,1,0,0
3.5,50.0414937964527,399.945591869315,0,223,-1.73442331552042,0,223,0,223,221.26557668448,91.3400661639532,0,919.513525061451,1,0,0
3.501,50.0414246406843,399.945682542124,0,223,-1.73153284104248,0,223,0,223,221.268467158958,91.3550039306762,0,919.513525061451,1,0,0
3.502,50.041355600168,399.945773063906,0,223,-1.72864718114183,0,223,0,223,221.271352818859,91.3699168013225,0,919.513525061451,1,0,0
3.503,50.0412866747116,399.945863434911,0,223,-1.72576632782672,0,223,0,223,221.274233672174,91.384804817383,0,919.513525061451,1,0,0
3.504,50.0412178641237,399.94595365539,0,223,-1.72289027311846,0,223,0,223,221.277109726882,91.3996680202792,0,919.513525061451,1,0,0
3.505,50.0411491682126,399.946043725591,0,223,-1.72001900905127,0,223,0,223,221.279980990949,91.4145064513637,0,919.513525061451,1,0,0
3.506,50.0410805867876,399.946133645765,0,223,-1.71715252767236,0,223,0,223,221.282847472328,91.4293201519203,0,919.513525061451,1,0,0
3.507,50.0410121196577,399.94622341616,0,223,-1.71429082104188,0,223,0,223,221.285709178959,91.4441091631638,0,919.513525061451,1,0,0
3.508,50.0409437666327,399.946313037026,0,223,-1.71143388123291,0,223,0,223,221.288566118767,91.4588735262406,0,919.513525061451,1,0,0
3.509,50.0408755275224,399.94640250861,0,223,-1.70858170033141,0,223,0,223,221.291418299669,91.4736132822283,0,919.513525061451,1,0,0
3.51,50.0408074021371,399.94649183116,0,223,-1.70573427043621,0,223,0,223,221.294265729564,91.4883284721364,0,919.513525061451,1,0,0
3.511,50.0407393902873,399.946581004923,0,223,-1.70289158365907,0,223,0,223,221.297108416341,91.5030191369058,0,919.513525061451,1,0,0
3.512,50.0406714917839,399.946670030147,0,223,-1.70005363212455,0,223,0,223,221.299946367876,91.5176853174092,0,919.513525061451,1,0,0
3.513,50.040603706438,399.946758907078,0,223,-1.69722040797004,0,223,0,223,221.30277959203,91.5323270544514,0,919.513525061451,1,0,0
3.514,50.0405360340612,399.946847635963,0,223,-1.6943919033457,0,223,0,223,221.305608096655,91.5469443887691,0,919.513525061451,1,0,0
3.515,50.0404684744651,399.946936217046,0,223,-1.69156811041454,0,223,0,223,221.308431889586,91.5615373610311,0,919.513525061451,1,0,0
3.516,50.0404010274621,399.947024650574,0,223,-1.68874902135229,0,223,0,223,221.311250978648,91.5761060118385,0,919.513525061451,1,0,0
3.517,50.0403336928644,399.947112936792,0,223,-1.68593462834746,0,223,0,223,221.314065371653,91.5906503817249,0,919.513525061451,1,0,0
3.518,50.0402664704848,399.947201075943,0,223,-1.68312492360131,0,223,0,223,221.316875076399,91.6051705111561,0,919.513525061451,1,0,0
3.519,50.0401993601364,399.947289068273,0,223,-1.68031989932776,0,223,0,223,221.319680100673,91.6196664405306,0,919.513525061451,1,0,0
3.52,50.0401323616325,399.947376914024,0,223,-1.67751954775347,0,223,0,223,221.322480452247,91.6341382101797,0,919.513525061451,1,0,0
3.521,50.0400654747869,399.947464613442,0,223,-1.67472386111776,0,223,0,223,221.325276138883,91.6485858603674,0,919.513525061451,1,0,0
3.522,50.0399986994133,399.947552166767,0,223,-1.67193283167258,0,223,0,223,221.328067168328,91.6630094312907,0,919.513525061451,1,0,0
3.523,50.0399320353263,399.947639574244,0,223,-1.66914645168255,0,223,0,223,221.330853548318,91.6774089630795,0,919.513525061451,1,0,0
3.524,50.0398654823403,399.947726836114,0,223,-1.66636471342492,0,223,0,223,221.333635286575,91.691784495797,0,919.513525061451,1,0,0
3.525,50.0397990402702,399.947813952619,0,223,-1.66358760918951,0,223,0,223,221.336412390811,91.7061360694395,0,919.513525061451,1,0,0
3.526,50.0397327089314,399.947900924,0,223,-1.66081513127874,0,223,0,223,221.339184868722,91.7204637239368,0,919.513525061451,1,0,0
3.527,50.0396664881392,399.9479877505,0,223,-1.65804727200756,0,223,0,223,221.341952727993,91.7347674991521,0,919.513525061451,1,0,0
3.528,50.0396003777096,399.948074432357,0,223,-1.65528402370347,0,223,0,223,221.344715976297,91.7490474348822,0,919.513525061451,1,0,0
3.529,50.0395343774586,399.948160969813,0,223,-1.65252537870654,0,223,0,223,221.347474621294,91.7633035708576,0,919.513525061451,1,0,0
3.53,50.0394684872027,399.948247363107,0,223,-1.64977132936931,0,223,0,223,221.350228670631,91.7775359467427,0,919.513525061451,1,0,0
3.531,50.0394027067586,399.948333612478,0,223,-1.64702186805681,0,223,0,223,221.352978131944,91.7917446021357,0,919.513525061451,1,0,0
3.532,50.0393370359434,399.948419718167,0,223,-1.64427698714653,0,223,0,223,221.355723012854,91.8059295765688,0,919.513525061451,1,0,0
3.533,50.0392714745745,399.948505680411,0,223,-1.64153667902843,0,223,0,223,221.358463320972,91.8200909095084,0,919.513525061451,1,0,0
3.534,50.0392060224695,399.948591499449,0,223,-1.63880093610492,0,223,0,223,221.361199063895,91.8342286403552,0,919.513525061451,1,0,0
3.535,50.0391406794463,399.948677175519,0,223,-1.63606975079079,0,223,0,223,221.36393024921,91.8483428084442,0,919.513525061451,1,0,0
3.536,50.0390754453232,399.948762708857,0,223,-1.6333431155132,0,223,0,223,221.366656884487,91.8624334530449,0,919.513525061451,1,0,0
3.537,50.0390103199188,399.948848099703,0,223,-1.63062102271174,0,223,0,223,221.369378977289,91.8765006133612,0,919.513525061451,1,0,0
3.538,50.0389453030519,399.948933348291,0,223,-1.62790346483835,0,223,0,223,221.372096535162,91.890544328532,0,919.513525061451,1,0,0
3.539,50.0388803945418,399.949018454859,0,223,-1.62519043435729,0,223,0,223,221.374809565643,91.9045646376307,0,919.513525061451,1,0,0
3.54,50.0388155942078,399.949103419642,0,223,-1.62248192374515,0,223,0,223,221.377518076255,91.9185615796657,0,919.513525061451,1,0,0
3.541,50.0387509018698,399.949188242876,0,223,-1.61977792549083,0,223,0,223,221.38022207451,91.9325351935806,0,919.513525061451,1,0,0
3.542,50.0386863173478,399.949272924797,0,223,-1.61707843209551,0,223,0,223,221.382921567905,91.9464855182537,0,919.513525061451,1,0,0
3.543,50.0386218404622,399.949357465638,0,223,-1.61438343607261,0,223,0,223,221.385616563928,91.9604125924989,0,919.513525061451,1,0,0
3.544,50.0385574710336,399.949441865635,0,223,-1.61169292994784,0,223,0,223,221.388307070053,91.9743164550653,0,919.513525061451,1,0,0
3.545,50.038493208883,399.949526125022,0,223,-1.60900690625911,0,223,0,223,221.390993093741,91.9881971446374,0,919.513525061451,1,0,0
3.546,50.0384290538317,399.949610244031,0,223,-1.60632535755654,0,223,0,223,221.393674642444,92.0020546998352,0,919.513525061451,1,0,0
3.547,50.0383650057012,399.949694222897,0,223,-1.60364827640247,0,223,0,223,221.396351723598,92.0158891592146,0,919.513525061451,1,0,0
3.548,50.0383010643133,399.949778061853,0,223,-1.60097565537138,0,223,0,223,221.399024344629,92.0297005612671,0,919.513525061451,1,0,0
3.549,50.0382372294903,399.94986176113,0,223,-1.5983074870499,0,223,0,223,221.40169251295,92.0434889444199,0,919.513525061451,1,0,0
3.55,50.0381735010546,399.949945320961,0,223,-1.59564376403685,0,223,0,223,221.404356235964,92.0572543470364,0,919.513525061451,1,0,0
3.551,50.0381098788289,399.950028741579,0,223,-1.59298447894313,0,223,0,223,221.407015521057,92.0709968074161,0,919.513525061451,1,0,0
3.552,50.0380463626363,399.950112023213,0,223,-1.59032962439174,0,223,0,223,221.409670375609,92.0847163637945,0,919.513525061451,1,0,0
3.553,50.0379829523,399.950195166096,0,223,-1.58767919301778,0,223,0,223,221.412320806983,92.0984130543435,0,919.513525061451,1,0,0
3.554,50.0379196476438,399.950278170457,0,223,-1.58503317746842,0,223,0,223,221.414966822532,92.1120869171716,0,919.513525061451,1,0,0
3.555,50.0378564484915,399.950361036527,0,223,-1.58239157040284,0,223,0,223,221.417608429598,92.1257379903233,0,919.513525061451,1,0,0
3.556,50.0377933546673,399.950443764537,0,223,-1.57975436449228,0,223,0,223,221.420245635508,92.1393663117803,0,919.513525061451,1,0,0
3.557,50.0377303659958,399.950526354714,0,223,-1.57712155241999,0,223,0,223,221.42287844758,92.1529719194605,0,919.513525061451,1,0,0
3.558,50.0376674823017,399.95060880729,0,223,-1.57449312688121,0,223,0,223,221.425506873119,92.166554851219,0,919.513525061451,1,0,0
3.559,50.0376047034101,399.950691122491,0,223,-1.57186908058315,0,223,0,223,221.428130919417,92.1801151448476,0,919.513525061451,1,0,0
3.56,50.0375420291465,399.950773300548,0,223,-1.56924940624496,0,223,0,223,221.430750593755,92.1936528380752,0,919.513525061451,1,0,0
3.561,50.0374794593364,399.950855341687,0,223,-1.56663409659775,0,223,0,223,221.433365903403,92.207167968568,0,919.513525061451,1,0,0
3.562,50.0374169938058,399.950937246136,0,223,-1.56402314438457,0,223,0,223,221.435976855616,92.2206605739291,0,919.513525061451,1,0,0
3.563,50.037354632381,399.951019014123,0,223,-1.5614165423603,0,223,0,223,221.43858345764,92.2341306916991,0,919.513525061451,1,0,0
3.564,50.0372923748885,399.951100645874,0,223,-1.55881428329179,0,223,0,223,221.441185716709,92.2475783593563,0,919.513525061451,1,0,0
3.565,50.0372302211552,399.951182141616,0,223,-1.55621635995771,0,223,0,223,221.443783640043,92.2610036143162,0,919.513525061451,1,0,0
3.566,50.0371681710081,399.951263501575,0,223,-1.55362276514859,0,223,0,223,221.446377234852,92.274406493932,0,919.513525061451,1,0,0
3.567,50.0371062242747,399.951344725977,0,223,-1.55103349166677,0,223,0,223,221.448966508334,92.287787035495,0,919.513525061451,1,0,0
3.568,50.0370443807826,399.951425815048,0,223,-1.54844853232641,0,223,0,223,221.451551467674,92.3011452762339,0,919.513525061451,1,0,0
3.569,50.0369826403598,399.951506769011,0,223,-1.54586787995348,0,223,0,223,221.454132120047,92.3144812533156,0,919.513525061451,1,0,0
3.57,50.0369210028346,399.951587588092,0,223,-1.5432915273857,0,223,0,223,221.456708472615,92.3277950038451,0,919.513525061451,1,0,0
3.571,50.0368594680355,399.951668272516,0,223,-1.54071946747256,0,223,0,223,221.459280532528,92.3410865648656,0,919.513525061451,1,0,0
3.572,50.0367980357913,399.951748822506,0,223,-1.53815169307533,0,223,0,223,221.461848306925,92.3543559733583,0,919.513525061451,1,0,0
3.573,50.0367367059313,399.951829238285,0,223,-1.53558819706696,0,223,0,223,221.464411802933,92.3676032662432,0,919.513525061451,1,0,0
3.574,50.0366754782847,399.951909520077,0,223,-1.53302897233212,0,223,0,223,221.466971027668,92.3808284803785,0,919.513525061451,1,0,0
3.575,50.0366143526812,399.951989668105,0,223,-1.53047401176712,0,223,0,223,221.469525988233,92.394031652561,0,919.513525061451,1,0,0
3.576,50.0365533289509,399.952069682591,0,223,-1.52792330827999,0,223,0,223,221.47207669172,92.4072128195262,0,919.513525061451,1,0,0
3.577,50.0364924069239,399.952149563757,0,223,-1.52537685479042,0,223,0,223,221.47462314521,92.4203720179485,0,919.513525061451,1,0,0
3.578,50.0364315864309,399.952229311825,0,223,-1.52283464422972,0,223,0,223,221.477165355771,92.4335092844411,0,919.513525061451,1,0,0
3.579,50.0363708673026,399.952308927017,0,223,-1.52029666954077,0,223,0,223,221.47970333046,92.4466246555563,0,919.513525061451,1,0,0
3.58,50.0363102493701,399.952388409552,0,223,-1.51776292367814,0,223,0,223,221.482237076322,92.4597181677852,0,919.513525061451,1,0,0
3.581,50.0362497324647,399.952467759653,0,223,-1.51523339960791,0,223,0,223,221.484766600392,92.4727898575584,0,919.513525061451,1,0,0
3.582,50.0361893164183,399.952546977539,0,223,-1.51270809030773,0,223,0,223,221.487291909693,92.4858397612457,0,919.513525061451,1,0,0
3.583,50.0361290010626,399.952626063429,0,223,-1.51018698876683,0,223,0,223,221.489813011234,92.4988679151563,0,919.513525061451,1,0,0
3.584,50.0360687862299,399.952705017545,0,223,-1.50767008798593,0,223,0,223,221.492329912014,92.5118743555388,0,919.513525061451,1,0,0
3.585,50.0360086717528,399.952783840104,0,223,-1.50515738097725,0,223,0,223,221.494842619023,92.5248591185816,0,919.513525061451,1,0,0
3.586,50.0359486574639,399.952862531326,0,223,-1.50264886076455,0,223,0,223,221.497351139236,92.5378222404126,0,919.513525061451,1,0,0
3.587,50.0358887431963,399.952941091429,0,223,-1.50014452038302,0,223,0,223,221.499855479617,92.5507637570996,0,919.513525061451,1,0,0
3.588,50.0358289287834,399.953019520631,0,223,-1.49764435287935,0,223,0,223,221.502355647121,92.5636837046503,0,919.513525061451,1,0,0
3.589,50.0357692140588,399.953097819151,0,223,-1.49514835131165,0,223,0,223,221.504851648689,92.5765821190123,0,919.513525061451,1,0,0
3.59,50.0357095988564,399.953175987204,0,223,-1.49265650874941,0,223,0,223,221.507343491251,92.5894590360735,0,919.513525061451,1,0,0
3.591,50.0356500830103,399.953254025009,0,223,-1.49016881827361,0,223,0,223,221.509831181727,92.6023144916618,0,919.513525061451,1,0,0
3.592,50.0355906663549,399.953331932782,0,223,-1.48768527297653,0,223,0,223,221.512314727024,92.6151485215455,0,919.513525061451,1,0,0
3.593,50.0355313487251,399.95340971074,0,223,-1.48520586596187,0,223,0,223,221.514794134039,92.6279611614333,0,919.513525061451,1,0,0
3.594,50.0354721299556,399.953487359098,0,223,-1.48273059034466,0,223,0,223,221.517269409656,92.6407524469743,0,919.513525061451,1,0,0
3.595,50.035413009882,399.953564878072,0,223,-1.48025943925129,0,223,0,223,221.519740560749,92.6535224137583,0,919.513525061451,1,0,0
3.596,50.0353539883396,399.953642267877,0,223,-1.47779240581944,0,223,0,223,221.522207594181,92.6662710973158,0,919.513525061451,1,0,0
3.597,50.0352950651642,399.953719528728,0,223,-1.47532948319812,0,223,0,223,221.524670516802,92.6789985331181,0,919.513525061451,1,0,0
3.598,50.0352362401921,399.95379666084,0,223,-1.47287066454758,0,223,0,223,221.527129335453,92.6917047565772,0,919.513525061451,1,0,0
3.599,50.0351775132594,399.953873664426,0,223,-1.47041594303936,0,223,0,223,221.529584056961,92.7043898030463,0,919.513525061451,1,0,0
3.6,50.0351188842029,399.953950539702,0,223,-1.46796531185623,0,223,0,223,221.532034688144,92.7170537078197,0,919.513525061451,1,0,0
3.601,50.0350603528595,399.954027286879,0,223,-1.46551876419222,0,223,0,223,221.534481235808,92.7296965061328,0,919.513525061451,1,0,0
3.602,50.0350019190663,399.954103906172,0,223,-1.46307629325255,0,223,0,223,221.536923706748,92.7423182331622,0,919.513525061451,1,0,0
3.603,50.0349435826608,399.954180397793,0,223,-1.46063789225364,0,223,0,223,221.539362107747,92.7549189240261,0,919.513525061451,1,0,0
3.604,50.0348853434806,399.954256761955,0,223,-1.4582035544231,0,223,0,223,221.541796445577,92.7674986137839,0,919.513525061451,1,0,0
3.605,50.0348272013638,399.954332998869,0,223,-1.45577327299971,0,223,0,223,221.544226727001,92.7800573374369,0,919.513525061451,1,0,0
3.606,50.0347691561487,399.954409108747,0,223,-1.45334704123335,0,223,0,223,221.546652958767,92.7925951299279,0,919.513525061451,1,0,0
3.607,50.0347112076737,399.954485091802,0,223,-1.45092485238506,0,223,0,223,221.549075147615,92.8051120261414,0,919.513525061451,1,0,0
3.608,50.0346533557777,399.954560948243,0,223,-1.44850669972699,0,223,0,223,221.551493300273,92.817608060904,0,919.513525061451,1,0,0
3.609,50.0345956002996,399.954636678281,0,223,-1.44609257654234,0,223,0,223,221.553907423458,92.830083268984,0,919.513525061451,1,0,0
3.61,50.0345379410789,399.954712282128,0,223,-1.44368247612544,0,223,0,223,221.556317523875,92.8425376850918,0,919.513525061451,1,0,0
3.611,50.0344803779551,399.954787759992,0,223,-1.44127639178161,0,223,0,223,221.558723608219,92.8549713438802,0,919.513525061451,1,0,0
3.612,50.0344229107682,399.954863112084,0,223,-1.43887431682728,0,223,0,223,221.561125683173,92.8673842799441,0,919.513525061451,1,0,0
3.613,50.0343655393581,399.954938338612,0,223,-1.43647624458987,0,223,0,223,221.563523755411,92.8797765278206,0,919.513525061451,1,0,0
3.614,50.0343082635654,399.955013439787,0,223,-1.43408216840779,0,223,0,223,221.565917831593,92.8921481219895,0,919.513525061451,1,0,0
3.615,50.0342510832306,399.955088415815,0,223,-1.43169208163047,0,223,0,223,221.56830791837,92.9044990968731,0,919.513525061451,1,0,0
3.616,50.0341939981948,399.955163266907,0,223,-1.42930597761831,0,223,0,223,221.570694022382,92.9168294868361,0,919.513525061451,1,0,0
3.617,50.034137008299,399.955237993269,0,223,-1.42692384974263,0,223,0,223,221.573076150258,92.9291393261862,0,919.513525061451,1,0,0
3.618,50.0340801133849,399.955312595109,0,223,-1.42454569138573,0,223,0,223,221.575454308615,92.9414286491739,0,919.513525061451,1,0,0
3.619,50.034023313294,399.955387072634,0,223,-1.42217149594079,0,223,0,223,221.57782850406,92.9536974899925,0,919.513525061451,1,0,0
3.62,50.0339666078683,399.955461426052,0,223,-1.41980125681192,0,223,0,223,221.580198743188,92.9659458827783,0,919.513525061451,1,0,0
3.621,50.0339099969502,399.955535655568,0,223,-1.41743496741411,0,223,0,223,221.582565032586,92.9781738616109,0,919.513525061451,1,0,0
3.622,50.0338534803821,399.95560976139,0,223,-1.41507262117322,0,223,0,223,221.584927378827,92.9903814605129,0,919.513525061451,1,0,0
3.623,50.0337970580068,399.955683743723,0,223,-1.41271421152594,0,223,0,223,221.587285788474,93.0025687134505,0,919.513525061451,1,0,0
3.624,50.0337407296673,399.955757602772,0,223,-1.41035973191984,0,223,0,223,221.589640268081,93.0147356543329,0,919.513525061451,1,0,0
3.625,50.0336844952069,399.955831338743,0,223,-1.40800917581329,0,223,0,223,221.591990824187,93.0268823170131,0,919.513525061451,1,0,0
3.626,50.0336283544692,399.95590495184,0,223,-1.40566253667543,0,223,0,223,221.594337463325,93.0390087352876,0,919.513525061451,1,0,0
3.627,50.033572307298,399.955978442268,0,223,-1.40331980798624,0,223,0,223,221.596680192014,93.0511149428965,0,919.513525061451,1,0,0
3.628,50.0335163535373,399.956051810232,0,223,-1.40098098323642,0,223,0,223,221.599019016764,93.0632009735238,0,919.513525061451,1,0,0
3.629,50.0334604930316,399.956125055935,0,223,-1.39864605592744,0,223,0,223,221.601353944073,93.0752668607972,0,919.513525061451,1,0,0
3.63,50.0334047256253,399.95619817958,0,223,-1.3963150195715,0,223,0,223,221.603684980429,93.0873126382886,0,919.513525061451,1,0,0
3.631,50.0333490511634,399.956271181372,0,223,-1.39398786769151,0,223,0,223,221.606012132309,93.0993383395137,0,919.513525061451,1,0,0
3.632,50.033293469491,399.956344061512,0,223,-1.3916645938211,0,223,0,223,221.608335406179,93.1113439979325,0,919.513525061451,1,0,0
3.633,50.0332379804534,399.956416820203,0,223,-1.38934519150459,0,223,0,223,221.610654808496,93.1233296469493,0,919.513525061451,1,0,0
3.634,50.0331825838962,399.956489457647,0,223,-1.38702965429691,0,223,0,223,221.612970345703,93.1352953199125,0,919.513525061451,1,0,0
3.635,50.0331272796654,399.956561974047,0,223,-1.3847179757637,0,223,0,223,221.615282024237,93.1472410501151,0,919.513525061451,1,0,0
3.636,50.0330720676071,399.956634369603,0,223,-1.38241014948121,0,223,0,223,221.617589850519,93.1591668707947,0,919.513525061451,1,0,0
3.637,50.0330169475677,399.956706644517,0,223,-1.38010616903631,0,223,0,223,221.619893830964,93.1710728151332,0,919.513525061451,1,0,0
3.638,50.0329619193938,399.95677879899,0,223,-1.37780602802646,0,223,0,223,221.622193971974,93.1829589162576,0,919.513525061451,1,0,0
3.639,50.0329069829323,399.956850833222,0,223,-1.3755097200597,0,223,0,223,221.624490279941,93.1948252072394,0,919.513525061451,1,0,0
3.64,50.0328521380305,399.956922747413,0,223,-1.37321723875467,0,223,0,223,221.626782761246,93.206671721095,0,919.513525061451,1,0,0
3.641,50.0327973845357,399.956994541764,0,223,-1.37092857774052,0,223,0,223,221.62907142226,93.218498490786,0,919.513525061451,1,0,0
3.642,50.0327427222955,399.957066216473,0,223,-1.36864373065694,0,223,0,223,221.631356269343,93.2303055492188,0,919.513525061451,1,0,0
3.643,50.032688151158,399.95713777174,0,223,-1.36636269115417,0,223,0,223,221.633637308846,93.2420929292452,0,919.513525061451,1,0,0
3.644,50.0326336709713,399.957209207764,0,223,-1.36408545289291,0,223,0,223,221.635914547107,93.2538606636621,0,919.513525061451,1,0,0
3.645,50.0325792815839,399.957280524744,0,223,-1.36181200954435,0,223,0,223,221.638187990456,93.2656087852118,0,919.513525061451,1,0,0
3.646,50.0325249828443,399.957351722876,0,223,-1.35954235479016,0,223,0,223,221.64045764521,93.277337326582,0,919.513525061451,1,0,0
3.647,50.0324707746016,399.95742280236,0,223,-1.35727648232246,0,223,0,223,221.642723517678,93.2890463204059,0,919.513525061451,1,0,0
3.648,50.0324166567049,399.957493763393,0,223,-1.35501438584381,0,223,0,223,221.644985614157,93.3007357992625,0,919.513525061451,1,0,0
3.649,50.0323626290037,399.957564606172,0,223,-1.35275605906715,0,223,0,223,221.647243940933,93.3124057956763,0,919.513525061451,1,0,0
3.65,50.0323086913477,399.957635330894,0,223,-1.35050149571585,0,223,0,223,221.649498504285,93.3240563421176,0,919.513525061451,1,0,0
3.651,50.0322548435868,399.957705937756,0,223,-1.34825068952368,0,223,0,223,221.651749310477,93.3356874710028,0,919.513525061451,1,0,0
3.652,50.0322010855712,399.957776426954,0,223,-1.34600363423472,0,223,0,223,221.653996365766,93.3472992146941,0,919.513525061451,1,0,0
3.653,50.0321474171513,399.957846798683,0,223,-1.34376032360348,0,223,0,223,221.656239676397,93.3588916054997,0,919.513525061451,1,0,0
3.654,50.0320938381779,399.957917053139,0,223,-1.34152075139475,0,223,0,223,221.658479248606,93.3704646756742,0,919.513525061451,1,0,0
3.655,50.0320403485018,399.957987190518,0,223,-1.33928491138368,0,223,0,223,221.660715088617,93.3820184574182,0,919.513525061451,1,0,0
3.656,50.0319869479742,399.958057211015,0,223,-1.33705279735567,0,223,0,223,221.662947202645,93.3935529828788,0,919.513525061451,1,0,0
3.657,50.0319336364466,399.958127114824,0,223,-1.33482440310643,0,223,0,223,221.665175596894,93.4050682841495,0,919.513525061451,1,0,0
3.658,50.0318804137707,399.958196902139,0,223,-1.33259972244193,0,223,0,223,221.667400277558,93.4165643932703,0,919.513525061451,1,0,0
3.659,50.0318272797984,399.958266573155,0,223,-1.33037874917842,0,223,0,223,221.669621250822,93.4280413422278,0,919.513525061451,1,0,0
3.66,50.0317742343818,399.958336128065,0,223,-1.32816147714236,0,223,0,223,221.671838522858,93.4394991629552,0,919.513525061451,1,0,0
3.661,50.0317212773734,399.958405567062,0,223,-1.32594790017043,0,223,0,223,221.67405209983,93.4509378873326,0,919.513525061451,1,0,0
3.662,50.0316684086258,399.95847489034,0,223,-1.32373801210952,0,223,0,223,221.676261987891,93.462357547187,0,919.513525061451,1,0,0
3.663,50.031615627992,399.95854409809,0,223,-1.32153180681673,0,223,0,223,221.678468193184,93.4737581742923,0,919.513525061451,1,0,0
3.664,50.0315629353252,399.958613190507,0,223,-1.31932927815932,0,223,0,223,221.680670721841,93.4851398003695,0,919.513525061451,1,0,0
3.665,50.0315103304786,399.958682167781,0,223,-1.3171304200147,0,223,0,223,221.682869579986,93.4965024570865,0,919.513525061451,1,0,0
3.666,50.031457813306,399.958751030104,0,223,-1.31493522627041,0,223,0,223,221.68506477373,93.5078461760588,0,919.513525061451,1,0,0
3.667,50.0314053836612,399.958819777668,0,223,-1.31274369082413,0,223,0,223,221.687256309176,93.519170988849,0,919.513525061451,1,0,0
3.668,50.0313530413984,399.958888410664,0,223,-1.31055580758363,0,223,0,223,221.689444192417,93.530476926967,0,919.513525061451,1,0,0
3.669,50.031300786372,399.958956929282,0,223,-1.30837157046678,0,223,0,223,221.691628429534,93.5417640218704,0,919.513525061451,1,0,0
3.67,50.0312486184365,399.959025333714,0,223,-1.30619097340155,0,223,0,223,221.693809026599,93.5530323049643,0,919.513525061451,1,0,0
3.671,50.0311965374469,399.959093624149,0,223,-1.30401401032593,0,223,0,223,221.695985989674,93.5642818076015,0,919.513525061451,1,0,0
3.672,50.0311445432582,399.959161800776,0,223,-1.30184067518797,0,223,0,223,221.698159324812,93.5755125610823,0,919.513525061451,1,0,0
3.673,50.0310926357258,399.959229863787,0,223,-1.29967096194574,0,223,0,223,221.700329038055,93.5867245966553,0,919.513525061451,1,0,0
3.674,50.0310408147052,399.95929781337,0,223,-1.29750486456735,0,223,0,223,221.702495135433,93.5979179455166,0,919.513525061451,1,0,0
3.675,50.0309890800523,399.959365649713,0,223,-1.29534237703084,0,223,0,223,221.70465762297,93.6090926388104,0,919.513525061451,1,0,0
3.676,50.0309374316232,399.959433373006,0,223,-1.2931834933243,0,223,0,223,221.706816506676,93.6202487076292,0,919.513525061451,1,0,0
3.677,50.0308858692741,399.959500983436,0,223,-1.29102820744575,0,223,0,223,221.708971792555,93.6313861830136,0,919.513525061451,1,0,0
3.678,50.0308343928616,399.959568481192,0,223,-1.28887651340316,0,223,0,223,221.711123486597,93.6425050959523,0,919.513525061451,1,0,0
3.679,50.0307830022425,399.959635866461,0,223,-1.28672840521444,0,223,0,223,221.713271594786,93.6536054773824,0,919.513525061451,1,0,0
3.68,50.0307316972738,399.959703139431,0,223,-1.28458387690739,0,223,0,223,221.715416123093,93.6646873581897,0,919.513525061451,1,0,0
3.681,50.0306804778127,399.959770300288,0,223,-1.28244292251974,0,223,0,223,221.717557077481,93.6757507692083,0,919.513525061451,1,0,0
3.682,50.0306293437168,399.95983734922,0,223,-1.28030553609908,0,223,0,223,221.719694463901,93.6867957412209,0,919.513525061451,1,0,0
3.683,50.0305782948438,399.959904286412,0,223,-1.27817171170285,0,223,0,223,221.721828288298,93.6978223049589,0,919.513525061451,1,0,0
3.684,50.0305273310516,399.959971112051,0,223,-1.27604144339841,0,223,0,223,221.723958556602,93.7088304911027,0,919.513525061451,1,0,0
3.685,50.0304764521985,399.960037826323,0,223,-1.27391472526289,0,223,0,223,221.726085274737,93.7198203302813,0,919.513525061451,1,0,0
3.686,50.030425658143,399.960104429414,0,223,-1.27179155138326,0,223,0,223,221.728208448617,93.7307918530727,0,919.513525061451,1,0,0
3.687,50.0303749487436,399.960170921507,0,223,-1.2696719158563,0,223,0,223,221.730328084144,93.7417450900042,0,919.513525061451,1,0,0
3.688,50.0303243238593,399.960237302789,0,223,-1.26755581278859,0,223,0,223,221.732444187212,93.7526800715519,0,919.513525061451,1,0,0
3.689,50.0302737833493,399.960303573443,0,223,-1.26544323629648,0,223,0,223,221.734556763704,93.7635968281412,0,919.513525061451,1,0,0
3.69,50.0302233270729,399.960369733655,0,223,-1.26333418050605,0,223,0,223,221.736665819494,93.774495390147,0,919.513525061451,1,0,0
3.691,50.0301729548898,399.960435783607,0,223,-1.26122863955313,0,223,0,223,221.738771360447,93.7853757878933,0,919.513525061451,1,0,0
3.692,50.0301226666598,399.960501723484,0,223,-1.25912660758329,0,223,0,223,221.740873392417,93.7962380516536,0,919.513525061451,1,0,0
3.693,50.030072462243,399.960567553469,0,223,-1.25702807875181,0,223,0,223,221.742971921249,93.8070822116511,0,919.513525061451,1,0,0
3.694,50.0300223414997,399.960633273746,0,223,-1.25493304722365,0,223,0,223,221.745066952777,93.8179082980586,0,919.513525061451,1,0,0
3.695,50.0299723042905,399.960698884495,0,223,-1.25284150717345,0,223,0,223,221.747158492827,93.8287163409985,0,919.513525061451,1,0,0
3.696,50.0299223504762,399.960764385901,0,223,-1.25075345278556,0,223,0,223,221.749246547215,93.8395063705431,0,919.513525061451,1,0,0
3.697,50.0298724799177,399.960829778146,0,223,-1.24866887825389,0,223,0,223,221.751331121747,93.8502784167145,0,919.513525061451,1,0,0
3.698,50.0298226924763,399.96089506141,0,223,-1.24658777778207,0,223,0,223,221.753412222218,93.8610325094849,0,919.513525061451,1,0,0
3.699,50.0297729880136,399.960960235877,0,223,-1.24451014558331,0,223,0,223,221.755489854417,93.8717686787763,0,919.513525061451,1,0,0
3.7,50.0297233663911,399.961025301726,0,223,-1.24243597588038,0,223,0,223,221.75756402412,93.8824869544612,0,919.513525061451,1,0,0
3.701,50.0296738274709,399.961090259139,0,223,-1.24036526290568,0,223,0,223,221.759634737095,93.893187366362,0,919.513525061451,1,0,0
3.702,50.0296243711151,399.961155108296,0,223,-1.23829800090117,0,223,0,223,221.761701999099,93.9038699442516,0,919.513525061451,1,0,0
3.703,50.0295749971862,399.961219849378,0,223,-1.23623418411838,0,223,0,223,221.763765815882,93.914534717853,0,919.513525061451,1,0,0
3.704,50.0295257055467,399.961284482565,0,223,-1.23417380681838,0,223,0,223,221.765826193182,93.9251817168401,0,919.513525061451,1,0,0
3.705,50.0294764960595,399.961349008037,0,223,-1.23211686327173,0,223,0,223,221.767883136729,93.9358109708368,0,919.513525061451,1,0,0
3.706,50.0294273685876,399.961413425973,0,223,-1.23006334775856,0,223,0,223,221.769936652242,93.9464225094182,0,919.513525061451,1,0,0
3.707,50.0293783229945,399.961477736551,0,223,-1.22801325456844,0,223,0,223,221.771986745432,93.9570163621098,0,919.513525061451,1,0,0
3.708,50.0293293591437,399.961541939952,0,223,-1.22596657800043,0,223,0,223,221.774033422,93.9675925583878,0,919.513525061451,1,0,0
3.709,50.0292804768989,399.961606036353,0,223,-1.22392331236308,0,223,0,223,221.776076687637,93.9781511276796,0,919.513525061451,1,0,0
3.71,50.029231676124,399.961670025933,0,223,-1.22188345197434,0,223,0,223,221.778116548026,93.9886920993632,0,919.513525061451,1,0,0
3.711,50.0291829566835,399.961733908869,0,223,-1.21984699116161,0,223,0,223,221.780153008839,93.9992155027678,0,919.513525061451,1,0,0
3.712,50.0291343184416,399.96179768534,0,223,-1.21781392426173,0,223,0,223,221.782186075739,94.0097213671739,0,919.513525061451,1,0,0
3.713,50.029085761263,399.961861355522,0,223,-1.21578424562092,0,223,0,223,221.784215754379,94.0202097218128,0,919.513525061451,1,0,0
3.714,50.0290372850128,399.961924919594,0,223,-1.21375794959477,0,223,0,223,221.786242050406,94.0306805958675,0,919.513525061451,1,0,0
3.715,50.0289888895559,399.96198837773,0,223,-1.21173503054829,0,223,0,223,221.788264969452,94.0411340184721,0,919.513525061451,1,0,0
3.716,50.0289405747578,399.962051730109,0,223,-1.20971548285579,0,223,0,223,221.790284517145,94.0515700187122,0,919.513525061451,1,0,0
3.717,50.0288923404839,399.962114976906,0,223,-1.20769930090098,0,223,0,223,221.792300699099,94.061988625625,0,919.513525061451,1,0,0
3.718,50.0288441866002,399.962178118297,0,223,-1.20568647907683,0,223,0,223,221.794313520924,94.0723898681993,0,919.513525061451,1,0,0
3.719,50.0287961129726,399.962241154457,0,223,-1.20367701178567,0,223,0,223,221.796322988215,94.0827737753753,0,919.513525061451,1,0,0
3.72,50.0287481194675,399.962304085563,0,223,-1.20167089343913,0,223,0,223,221.798329106561,94.0931403760455,0,919.513525061451,1,0,0
3.721,50.0287002059511,399.962366911788,0,223,-1.19966811845808,0,223,0,223,221.800331881542,94.1034896990538,0,919.513525061451,1,0,0
3.722,50.0286523722903,399.962429633308,0,223,-1.19766868127268,0,223,0,223,221.802331318728,94.1138217731962,0,919.513525061451,1,0,0
3.723,50.0286046183519,399.962492250297,0,223,-1.19567257632235,0,223,0,223,221.804327423678,94.1241366272207,0,919.513525061451,1,0,0
3.724,50.0285569440032,399.96255476293,0,223,-1.19367979805571,0,223,0,223,221.806320201945,94.1344342898274,0,919.513525061451,1,0,0
3.725,50.0285093491113,399.962617171379,0,223,-1.19169034093063,0,223,0,223,221.80830965907,94.1447147896685,0,919.513525061451,1,0,0
3.726,50.028461833544,399.962679475819,0,223,-1.18970419941417,0,223,0,223,221.810295800586,94.1549781553486,0,919.513525061451,1,0,0
3.727,50.028414397169,399.962741676424,0,223,-1.18772136798261,0,223,0,223,221.812278632018,94.1652244154244,0,919.513525061451,1,0,0
3.728,50.0283670398544,399.962803773365,0,223,-1.18574184112135,0,223,0,223,221.814258158879,94.1754535984053,0,919.513525061451,1,0,0
3.729,50.0283197614683,399.962865766816,0,223,-1.183765613325,0,223,0,223,221.816234386675,94.1856657327528,0,919.513525061451,1,0,0
3.73,50.0282725618792,399.962927656949,0,223,-1.18179267909729,0,223,0,223,221.818207320903,94.1958608468814,0,919.513525061451,1,0,0
3.731,50.0282254409559,399.962989443936,0,223,-1.17982303295109,0,223,0,223,221.820176967049,94.2060389691579,0,919.513525061451,1,0,0
3.732,50.0281783985671,399.963051127949,0,223,-1.17785666940841,0,223,0,223,221.822143330592,94.2162001279021,0,919.513525061451,1,0,0
3.733,50.0281314345821,399.963112709159,0,223,-1.17589358300032,0,223,0,223,221.824106417,94.2263443513862,0,919.513525061451,1,0,0
3.734,50.0280845488701,399.963174187739,0,223,-1.17393376826699,0,223,0,223,221.826066231733,94.2364716678357,0,919.513525061451,1,0,0
3.735,50.0280377413007,399.963235563858,0,223,-1.17197721975769,0,223,0,223,221.828022780243,94.2465821054289,0,919.513525061451,1,0,0
3.736,50.0279910117436,399.963296837688,0,223,-1.17002393203072,0,223,0,223,221.82997606797,94.2566756922972,0,919.513525061451,1,0,0
3.737,50.0279443600689,399.963358009399,0,223,-1.16807389965339,0,223,0,223,221.831926100347,94.2667524565249,0,919.513525061451,1,0,0
3.738,50.0278977861468,399.963419079161,0,223,-1.16612711720211,0,223,0,223,221.833872882798,94.2768124261497,0,919.513525061451,1,0,0
3.739,50.0278512898476,399.963480047144,0,223,-1.16418357926223,0,223,0,223,221.835816420738,94.2868556291625,0,919.513525061451,1,0,0
3.74,50.027804871042,399.963540913518,0,223,-1.16224328042817,0,223,0,223,221.837756719572,94.2968820935077,0,919.513525061451,1,0,0
3.741,50.0277585296009,399.963601678451,0,223,-1.16030621530327,0,223,0,223,221.839693784697,94.3068918470828,0,919.513525061451,1,0,0
3.742,50.0277122653952,399.963662342113,0,223,-1.15837237849987,0,223,0,223,221.841627621501,94.3168849177391,0,919.513525061451,1,0,0
3.743,50.0276660782964,399.963722904673,0,223,-1.15644176463925,0,223,0,223,221.843558235361,94.3268613332814,0,919.513525061451,1,0,0
3.744,50.0276199681758,399.963783366299,0,223,-1.15451436835166,0,223,0,223,221.845485631649,94.3368211214681,0,919.513525061451,1,0,0
3.745,50.0275739349052,399.963843727158,0,223,-1.15259018427623,0,223,0,223,221.847409815724,94.3467643100114,0,919.513525061451,1,0,0
3.746,50.0275279783565,399.96390398742,0,223,-1.15066920706105,0,223,0,223,221.849330792939,94.3566909265772,0,919.513525061451,1,0,0
3.747,50.0274820984018,399.963964147252,0,223,-1.14875143136307,0,223,0,223,221.851248568637,94.3666009987856,0,919.513525061451,1,0,0
3.748,50.0274362949136,399.964024206821,0,223,-1.14683685184811,0,223,0,223,221.853163148152,94.3764945542102,0,919.513525061451,1,0,0
3.749,50.0273905677643,399.964084166293,0,223,-1.14492546319087,0,223,0,223,221.85507453681,94.3863716203791,0,919.513525061451,1,0,0
3.75,50.0273449168266,399.964144025837,0,223,-1.14301726007494,0,223,0,223,221.856982739925,94.3962322247742,0,919.513525061451,1,0,0
3.751,50.0272993419737,399.964203785618,0,223,-1.14111223719269,0,223,0,223,221.858887762808,94.4060763948318,0,919.513525061451,1,0,0
3.752,50.0272538430787,399.964263445802,0,223,-1.13921038924535,0,223,0,223,221.860789610755,94.4159041579424,0,919.513525061451,1,0,0
3.753,50.027208420015,399.964323006556,0,223,-1.13731171094293,0,223,0,223,221.862688289057,94.4257155414507,0,919.513525061451,1,0,0
3.754,50.0271630726562,399.964382468045,0,223,-1.13541619700425,0,223,0,223,221.864583802996,94.4355105726561,0,919.513525061451,1,0,0
3.755,50.0271178008762,399.964441830435,0,223,-1.13352384215694,0,223,0,223,221.866476157843,94.4452892788124,0,919.513525061451,1,0,0
3.756,50.0270726045489,399.96450109389,0,223,-1.13163464113734,0,223,0,223,221.868365358863,94.4550516871278,0,919.513525061451,1,0,0
3.757,50.0270274835487,399.964560258576,0,223,-1.12974858869059,0,223,0,223,221.87025141131,94.4647978247654,0,919.513525061451,1,0,0
3.758,50.02698243775,399.964619324657,0,223,-1.12786567957054,0,223,0,223,221.87213432043,94.4745277188429,0,919.513525061451,1,0,0
3.759,50.0269374670275,399.964678292297,0,223,-1.12598590853976,0,223,0,223,221.874014091461,94.4842413964329,0,919.513525061451,1,0,0
3.76,50.0268925712559,399.964737161661,0,223,-1.12410927036956,0,223,0,223,221.875890729631,94.4939388845628,0,919.513525061451,1,0,0
3.761,50.0268477503105,399.964795932912,0,223,-1.12223575983991,0,223,0,223,221.87776424016,94.5036202102149,0,919.513525061451,1,0,0
3.762,50.0268030040666,399.964854606213,0,223,-1.12036537173948,0,223,0,223,221.879634628261,94.5132854003267,0,919.513525061451,1,0,0
3.763,50.0267583323995,399.964913181729,0,223,-1.1184981008656,0,223,0,223,221.881501899135,94.5229344817907,0,919.513525061451,1,0,0
3.764,50.0267137351851,399.964971659621,0,223,-1.11663394202426,0,223,0,223,221.883366057976,94.5325674814545,0,919.513525061451,1,0,0
3.765,50.0266692122992,399.965030040052,0,223,-1.11477289003006,0,223,0,223,221.88522710997,94.5421844261211,0,919.513525061451,1,0,0
3.766,50.0266247636179,399.965088323186,0,223,-1.11291493970626,0,223,0,223,221.887085060294,94.5517853425488,0,919.513525061451,1,0,0
3.767,50.0265803890177,399.965146509183,0,223,-1.11106008588468,0,223,0,223,221.888939914116,94.5613702574513,0,919.513525061451,1,0,0
3.768,50.0265360883749,399.965204598206,0,223,-1.1092083234058,0,223,0,223,221.890791676595,94.5709391974976,0,919.513525061451,1,0,0
3.769,50.0264918615665,399.965262590417,0,223,-1.10735964711862,0,223,0,223,221.892640352882,94.5804921893126,0,919.513525061451,1,0,0
3.77,50.0264477084692,399.965320485976,0,223,-1.10551405188073,0,223,0,223,221.89448594812,94.5900292594765,0,919.513525061451,1,0,0
3.771,50.0264036289603,399.965378285045,0,223,-1.10367153255829,0,223,0,223,221.896328467442,94.5995504345254,0,919.513525061451,1,0,0
3.772,50.0263596229171,399.965435987784,0,223,-1.10183208402598,0,223,0,223,221.898167915974,94.6090557409511,0,919.513525061451,1,0,0
3.773,50.0263156902172,399.965493594355,0,223,-1.09999570116702,0,223,0,223,221.900004298833,94.6185452052013,0,919.513525061451,1,0,0
3.774,50.0262718307383,399.965551104916,0,223,-1.09816237887311,0,223,0,223,221.901837621127,94.6280188536795,0,919.513525061451,1,0,0
3.775,50.0262280443585,399.96560851963,0,223,-1.09633211204448,0,223,0,223,221.903667887956,94.6374767127453,0,919.513525061451,1,0,0
3.776,50.0261843309558,399.965665838654,0,223,-1.09450489558981,0,223,0,223,221.905495104411,94.6469188087143,0,919.513525061451,1,0,0
3.777,50.0261406904086,399.965723062148,0,223,-1.09268072442629,0,223,0,223,221.907319275574,94.6563451678584,0,919.513525061451,1,0,0
3.778,50.0260971225956,399.965780190272,0,223,-1.09085959347954,0,223,0,223,221.909140406521,94.6657558164055,0,919.513525061451,1,0,0
3.779,50.0260536273955,399.965837223185,0,223,-1.08904149768363,0,223,0,223,221.910958502317,94.67515078054,0,919.513525061451,1,0,0
3.78,50.0260102046873,399.965894161045,0,223,-1.08722643198105,0,223,0,223,221.912773568019,94.6845300864023,0,919.513525061451,1,0,0
3.781,50.0259668543501,399.96595100401,0,223,-1.08541439132273,0,223,0,223,221.914585608678,94.6938937600898,0,919.513525061451,1,0,0
3.782,50.0259235762634,399.966007752239,0,223,-1.08360537066794,0,223,0,223,221.916394629332,94.7032418276558,0,919.513525061451,1,0,0
3.783,50.0258803703068,399.966064405889,0,223,-1.08179936498439,0,223,0,223,221.918200635016,94.7125743151107,0,919.513525061451,1,0,0
3.784,50.0258372363599,399.966120965119,0,223,-1.07999636924814,0,223,0,223,221.920003630752,94.7218912484211,0,919.513525061451,1,0,0
3.785,50.0257941743029,399.966177430085,0,223,-1.07819637844363,0,223,0,223,221.921803621557,94.7311926535106,0,919.513525061451,1,0,0
3.786,50.0257511840158,399.966233800945,0,223,-1.07639938756364,0,223,0,223,221.923600612437,94.7404785562597,0,919.513525061451,1,0,0
3.787,50.0257082653792,399.966290077855,0,223,-1.07460539160924,0,223,0,223,221.925394608391,94.7497489825054,0,919.513525061451,1,0,0
3.788,50.0256654182734,399.966346260972,0,223,-1.07281438558985,0,223,0,223,221.927185614411,94.7590039580419,0,919.513525061451,1,0,0
3.789,50.0256226425795,399.966402350452,0,223,-1.07102636452319,0,223,0,223,221.928973635477,94.7682435086203,0,919.513525061451,1,0,0
3.79,50.0255799381782,399.966458346452,0,223,-1.06924132343527,0,223,0,223,221.930758676565,94.7774676599489,0,919.513525061451,1,0,0
3.791,50.0255373049509,399.966514249127,0,223,-1.0674592573604,0,223,0,223,221.93254074264,94.7866764376931,0,919.513525061451,1,0,0
3.792,50.0254947427789,399.966570058632,0,223,-1.06568016134112,0,223,0,223,221.934319838659,94.7958698674754,0,919.513525061451,1,0,0
3.793,50.0254522515437,399.966625775122,0,223,-1.06390403042823,0,223,0,223,221.936095969572,94.8050479748758,0,919.513525061451,1,0,0
3.794,50.0254098311272,399.966681398754,0,223,-1.06213085968078,0,223,0,223,221.93786914032,94.8142107854316,0,919.513525061451,1,0,0
3.795,50.0253674814113,399.966736929681,0,223,-1.060360644166,0,223,0,223,221.939639355834,94.8233583246373,0,919.513525061451,1,0,0
3.796,50.0253252022781,399.966792368058,0,223,-1.05859337895937,0,223,0,223,221.941406621041,94.8324906179454,0,919.513525061451,1,0,0
3.797,50.0252829936101,399.96684771404,0,223,-1.05682905914455,0,223,0,223,221.943170940856,94.8416076907655,0,919.513525061451,1,0,0
3.798,50.0252408552898,399.966902967779,0,223,-1.05506767981336,0,223,0,223,221.944932320187,94.8507095684652,0,919.513525061451,1,0,0
3.799,50.0251987871999,399.966958129431,0,223,-1.05330923606584,0,223,0,223,221.946690763935,94.8597962763695,0,919.513525061451,1,0,0
3.8,50.0251567892235,399.967013199148,0,223,-1.05155372301014,0,223,0,223,221.94844627699,94.8688678397614,0,919.513525061451,1,0,0
3.801,50.0251148612436,399.967068177083,0,223,-1.04980113576256,0,223,0,223,221.950198864238,94.8779242838819,0,919.513525061451,1,0,0
3.802,50.0250730031436,399.96712306339,0,223,-1.04805146944754,0,223,0,223,221.951948530553,94.8869656339296,0,919.513525061451,1,0,0
3.803,50.025031214807,399.967177858221,0,223,-1.04630471919764,0,223,0,223,221.953695280803,94.8959919150613,0,919.513525061451,1,0,0
3.804,50.0249894961176,399.967232561729,0,223,-1.04456088015349,0,223,0,223,221.955439119847,94.9050031523918,0,919.513525061451,1,0,0
3.805,50.0249478469592,399.967287174066,0,223,-1.04281994746383,0,223,0,223,221.957180052537,94.9139993709941,0,919.513525061451,1,0,0
3.806,50.0249062672161,399.967341695383,0,223,-1.04108191628551,0,223,0,223,221.958918083715,94.9229805958994,0,919.513525061451,1,0,0
3.807,50.0248647567724,399.967396125833,0,223,-1.03934678178337,0,223,0,223,221.960653218217,94.9319468520972,0,919.513525061451,1,0,0
3.808,50.0248233155128,399.967450465566,0,223,-1.03761453913033,0,223,0,223,221.96238546087,94.9408981645353,0,919.513525061451,1,0,0
3.809,50.0247819433219,399.967504714735,0,223,-1.03588518350733,0,223,0,223,221.964114816493,94.9498345581199,0,919.513525061451,1,0,0
3.81,50.0247406400845,399.967558873489,0,223,-1.03415871010337,0,223,0,223,221.965841289897,94.9587560577158,0,919.513525061451,1,0,0
3.811,50.0246994056858,399.96761294198,0,223,-1.03243511411542,0,223,0,223,221.967564885885,94.9676626881462,0,919.513525061451,1,0,0
3.812,50.0246582400111,399.967666920359,0,223,-1.03071439074847,0,223,0,223,221.969285609252,94.9765544741931,0,919.513525061451,1,0,0
3.813,50.0246171429458,399.967720808774,0,223,-1.02899653521546,0,223,0,223,221.971003464785,94.9854314405971,0,919.513525061451,1,0,0
3.814,50.0245761143755,399.967774607376,0,223,-1.02728154273735,0,223,0,223,221.972718457263,94.9942936120576,0,919.513525061451,1,0,0
3.815,50.0245351541861,399.967828316316,0,223,-1.02556940854298,0,223,0,223,221.974430591457,95.0031410132327,0,919.513525061451,1,0,0
3.816,50.0244942622636,399.967881935741,0,223,-1.02386012786923,0,223,0,223,221.976139872131,95.0119736687397,0,919.513525061451,1,0,0
3.817,50.0244534384943,399.967935465802,0,223,-1.02215369596082,0,223,0,223,221.97784630404,95.0207916031546,0,919.513525061451,1,0,0
3.818,50.0244126827645,399.967988906647,0,223,-1.02045010807044,0,223,0,223,221.97954989193,95.0295948410126,0,919.513525061451,1,0,0
3.819,50.0243719949609,399.968042258425,0,223,-1.01874935945867,0,223,0,223,221.981250640542,95.0383834068078,0,919.513525061451,1,0,0
3.82,50.0243313749703,399.968095521285,0,223,-1.01705144539395,0,223,0,223,221.982948554606,95.0471573249937,0,919.513525061451,1,0,0
3.821,50.0242908226796,399.968148695374,0,223,-1.01535636115261,0,223,0,223,221.984643638848,95.055916619983,0,919.513525061451,1,0,0
3.822,50.024250337976,399.96820178084,0,223,-1.01366410201887,0,223,0,223,221.986335897982,95.0646613161476,0,919.513525061451,1,0,0
3.823,50.0242099207468,399.968254777832,0,223,-1.01197466328477,0,223,0,223,221.988025336716,95.073391437819,0,919.513525061451,1,0,0
3.824,50.0241695708797,399.968307686496,0,223,-1.01028804025023,0,223,0,223,221.98971195975,95.0821070092878,0,919.513525061451,1,0,0
3.825,50.0241292882623,399.96836050698,0,223,-1.00860422822297,0,223,0,223,221.991395771777,95.0908080548045,0,919.513525061451,1,0,0
3.826,50.0240890727825,399.968413239431,0,223,-1.00692322251851,0,223,0,223,221.993076777482,95.099494598579,0,919.513525061451,1,0,0
3.827,50.0240489243285,399.968465883996,0,223,-1.0052450184602,0,223,0,223,221.99475498154,95.1081666647807,0,919.513525061451,1,0,0
3.828,50.0240088427886,399.96851844082,0,223,-1.00356961137914,0,223,0,223,221.996430388621,95.1168242775389,0,919.513525061451,1,0,0
3.829,50.0239688280511,399.968570910051,0,223,-1.00189699661424,0,223,0,223,221.998103003386,95.1254674609428,0,919.513525061451,1,0,0
3.83,50.0239288800049,399.968623291833,0,223,-1.00022716951212,0,223,0,223,221.999772830488,95.1340962390412,0,919.513525061451,1,0,0
3.831,50.0238889985387,399.968675586314,0,223,-0.998560125427205,0,223,0,223,222.001439874573,95.142710635843,0,919.513525061451,1,0,0
3.832,50.0238491835416,399.968727793638,0,223,-0.996895859721612,0,223,0,223,222.003104140279,95.1513106753169,0,919.513525061451,1,0,0
3.833,50.0238094349027,399.96877991395,0,223,-0.995234367765191,0,223,0,223,222.004765632235,95.1598963813919,0,919.513525061451,1,0,0
3.834,50.0237697525116,399.968831947396,0,223,-0.993575644935499,0,223,0,223,222.006424355065,95.1684677779569,0,919.513525061451,1,0,0
3.835,50.0237301362577,399.968883894121,0,223,-0.991919686617793,0,223,0,223,222.008080313383,95.177024888861,0,919.513525061451,1,0,0
3.836,50.0236905860309,399.968935754268,0,223,-0.990266488205017,0,223,0,223,222.009733511795,95.1855677379138,0,919.513525061451,1,0,0
3.837,50.0236511017211,399.968987527982,0,223,-0.988616045097792,0,223,0,223,222.011383954903,95.1940963488849,0,919.513525061451,1,0,0
3.838,50.0236116832185,399.969039215408,0,223,-0.986968352704413,0,223,0,223,222.013031647296,95.2026107455045,0,919.513525061451,1,0,0
3.839,50.0235723304133,399.969090816689,0,223,-0.985323406440803,0,223,0,223,222.01467659356,95.2111109514632,0,919.513525061451,1,0,0
3.84,50.0235330431961,399.969142331968,0,223,-0.983681201730508,0,223,0,223,222.01631879827,95.219596990412,0,919.513525061451,1,0,0
3.841,50.0234938214576,399.969193761389,0,223,-0.982041734004699,0,223,0,223,222.017958265996,95.2280688859626,0,919.513525061451,1,0,0
3.842,50.0234546650886,399.969245105095,0,223,-0.980404998702167,0,223,0,223,222.019595001298,95.2365266616873,0,919.513525061451,1,0,0
3.843,50.0234155739801,399.969296363229,0,223,-0.97877099126929,0,223,0,223,222.021229008731,95.2449703411192,0,919.513525061451,1,0,0
3.844,50.0233765480235,399.969347535934,0,223,-0.977139707159994,0,223,0,223,222.02286029284,95.253399947752,0,919.513525061451,1,0,0
3.845,50.0233375871102,399.969398623351,0,223,-0.975511141835837,0,223,0,223,222.024488858165,95.2618155050405,0,919.513525061451,1,0,0
3.846,50.0232986911317,399.969449625623,0,223,-0.973885290765899,0,223,0,223,222.026114709234,95.2702170364002,0,919.513525061451,1,0,0
3.847,50.0232598599797,399.969500542892,0,223,-0.972262149426829,0,223,0,223,222.027737850574,95.2786045652075,0,919.513525061451,1,0,0
3.848,50.0232210935463,399.9695513753,0,223,-0.970641713302775,0,223,0,223,222.029358286698,95.2869781148002,0,919.513525061451,1,0,0
3.849,50.0231823917237,399.969602122987,0,223,-0.969023977885437,0,223,0,223,222.030976022115,95.2953377084769,0,919.513525061451,1,0,0
3.85,50.023143754404,399.969652786096,0,223,-0.967408938674003,0,223,0,223,222.032591061326,95.3036833694975,0,919.513525061451,1,0,0
3.851,50.0231051814799,399.969703364766,0,223,-0.965796591175162,0,223,0,223,222.034203408825,95.3120151210829,0,919.513525061451,1,0,0
3.852,50.0230666728439,399.96975385914,0,223,-0.96418693090308,0,223,0,223,222.035813069097,95.3203329864157,0,919.513525061451,1,0,0
3.853,50.0230282283889,399.969804269356,0,223,-0.962579953379384,0,223,0,223,222.037420046621,95.3286369886395,0,919.513525061451,1,0,0
3.854,50.0229898480081,399.969854595556,0,223,-0.960975654133178,0,223,0,223,222.039024345867,95.3369271508595,0,919.513525061451,1,0,0
3.855,50.0229515315945,399.96990483788,0,223,-0.959374028701027,0,223,0,223,222.040625971299,95.3452034961424,0,919.513525061451,1,0,0
3.856,50.0229132790416,399.969954996467,0,223,-0.9577750726269,0,223,0,223,222.042224927373,95.3534660475164,0,919.513525061451,1,0,0
3.857,50.0228750902429,399.970005071457,0,223,-0.9561787814622,0,223,0,223,222.043821218538,95.3617148279714,0,919.513525061451,1,0,0
3.858,50.0228369650922,399.970055062989,0,223,-0.954585150765745,0,223,0,223,222.045414849235,95.3699498604588,0,919.513525061451,1,0,0
3.859,50.0227989034834,399.970104971202,0,223,-0.95299417610376,0,223,0,223,222.047005823897,95.378171167892,0,919.513525061451,1,0,0
3.86,50.0227609053106,399.970154796235,0,223,-0.951405853049832,0,223,0,223,222.048594146951,95.386378773146,0,919.513525061451,1,0,0
3.861,50.022722970468,399.970204538228,0,223,-0.949820177184935,0,223,0,223,222.050179822815,95.3945726990578,0,919.513525061451,1,0,0
3.862,50.0226850988502,399.970254197317,0,223,-0.948237144097392,0,223,0,223,222.051762855903,95.4027529684264,0,919.513525061451,1,0,0
3.863,50.0226472903517,399.970303773641,0,223,-0.946656749382864,0,223,0,223,222.053343250618,95.4109196040124,0,919.513525061451,1,0,0
3.864,50.0226095448674,399.970353267339,0,223,-0.945078988644354,0,223,0,223,222.054921011356,95.4190726285391,0,919.513525061451,1,0,0
3.865,50.0225718622922,399.970402678548,0,223,-0.943503857492201,0,223,0,223,222.056496142508,95.4272120646913,0,919.513525061451,1,0,0
3.866,50.0225342425213,399.970452007405,0,223,-0.941931351544042,0,223,0,223,222.058068648456,95.4353379351165,0,919.513525061451,1,0,0
3.867,50.02249668545,399.970501254048,0,223,-0.940361466424818,0,223,0,223,222.059638533576,95.4434502624242,0,919.513525061451,1,0,0
3.868,50.0224591909737,399.970550418613,0,223,-0.938794197766772,0,223,0,223,222.061205802234,95.4515490691862,0,919.513525061451,1,0,0
3.869,50.0224217589883,399.970599501238,0,223,-0.93722954120942,0,223,0,223,222.062770458791,95.4596343779367,0,919.513525061451,1,0,0
3.87,50.0223843893895,399.970648502059,0,223,-0.935667492399516,0,223,0,223,222.064332507601,95.4677062111725,0,919.513525061451,1,0,0
3.871,50.0223470820733,399.970697421213,0,223,-0.934108046991066,0,223,0,223,222.065891953009,95.4757645913527,0,919.513525061451,1,0,0
3.872,50.022309836936,399.970746258834,0,223,-0.932551200645332,0,223,0,223,222.067448799355,95.4838095408991,0,919.513525061451,1,0,0
3.873,50.0222726538739,399.970795015061,0,223,-0.930996949030807,0,223,0,223,222.06900305097,95.4918410821961,0,919.513525061451,1,0,0
3.874,50.0222355327836,399.970843690027,0,223,-0.92944528782319,0,223,0,223,222.070554712177,95.4998592375907,0,919.513525061451,1,0,0
3.875,50.0221984735617,399.970892283868,0,223,-0.927896212705401,0,223,0,223,222.072103787295,95.5078640293928,0,919.513525061451,1,0,0
3.876,50.0221614761052,399.97094079672,0,223,-0.926349719367519,0,223,0,223,222.073650280633,95.515855479875,0,919.513525061451,1,0,0
3.877,50.0221245403111,399.970989228718,0,223,-0.924805803506803,0,223,0,223,222.075194196494,95.5238336112729,0,919.513525061451,1,0,0
3.878,50.0220876660767,399.971037579996,0,223,-0.923264460827708,0,223,0,223,222.076735539173,95.5317984457849,0,919.513525061451,1,0,0
3.879,50.0220508532993,399.971085850689,0,223,-0.92172568704183,0,223,0,223,222.078274312959,95.5397500055725,0,919.513525061451,1,0,0
3.88,50.0220141018765,399.971134040931,0,223,-0.920189477867892,0,223,0,223,222.079810522133,95.5476883127602,0,919.513525061451,1,0,0
3.881,50.0219774117061,399.971182150856,0,223,-0.918655829031764,0,223,0,223,222.081344170969,95.5556133894357,0,919.513525061451,1,0,0
3.882,50.0219407826859,399.971230180599,0,223,-0.917124736266456,0,223,0,223,222.082875263734,95.5635252576499,0,919.513525061451,1,0,0
3.883,50.0219042147141,399.971278130292,0,223,-0.915596195312062,0,223,0,223,222.084403804688,95.5714239394168,0,919.513525061451,1,0,0
3.884,50.0218677076889,399.971326000069,0,223,-0.914070201915793,0,223,0,223,222.085929798085,95.5793094567139,0,919.513525061451,1,0,0
3.885,50.0218312615088,399.971373790064,0,223,-0.912546751831892,0,223,0,223,222.087453248169,95.5871818314819,0,919.513525061451,1,0,0
3.886,50.0217948760723,399.971421500408,0,223,-0.911025840821739,0,223,0,223,222.088974159179,95.5950410856251,0,919.513525061451,1,0,0
3.887,50.0217585512782,399.971469131236,0,223,-0.909507464653737,0,223,0,223,222.090492535347,95.6028872410111,0,919.513525061451,1,0,0
3.888,50.0217222870253,399.97151668268,0,223,-0.90799161910334,0,223,0,223,222.092008380897,95.6107203194713,0,919.513525061451,1,0,0
3.889,50.0216860832129,399.971564154871,0,223,-0.906478299953056,0,223,0,223,222.093521700047,95.6185403428004,0,919.513525061451,1,0,0
3.89,50.0216499397402,399.971611547942,0,223,-0.904967502992405,0,223,0,223,222.095032497008,95.6263473327571,0,919.513525061451,1,0,0
3.891,50.0216138565066,399.971658862025,0,223,-0.903459224017926,0,223,0,223,222.096540775982,95.6341413110635,0,919.513525061451,1,0,0
3.892,50.0215778334117,399.971706097252,0,223,-0.901953458833168,0,223,0,223,222.098046541167,95.6419222994059,0,919.513525061451,1,0,0
3.893,50.0215418703553,399.971753253753,0,223,-0.90045020324867,0,223,0,223,222.099549796752,95.6496903194341,0,919.513525061451,1,0,0
3.894,50.0215059672374,399.97180033166,0,223,-0.898949453081955,0,223,0,223,222.101050546918,95.6574453927621,0,919.513525061451,1,0,0
3.895,50.0214701239579,399.971847331105,0,223,-0.897451204157467,0,223,0,223,222.102548795843,95.6651875409675,0,919.513525061451,1,0,0
3.896,50.0214343404172,399.971894252217,0,223,-0.895955452306657,0,223,0,223,222.104044547694,95.6729167855924,0,919.513525061451,1,0,0
3.897,50.0213986165158,399.971941095128,0,223,-0.894462193367911,0,223,0,223,222.105537806632,95.6806331481426,0,919.513525061451,1,0,0
3.898,50.0213629521542,399.971987859967,0,223,-0.892971423186529,0,223,0,223,222.107028576814,95.6883366500883,0,919.513525061451,1,0,0
3.899,50.0213273472332,399.972034546865,0,223,-0.891483137614773,0,223,0,223,222.108516862386,95.6960273128638,0,919.513525061451,1,0,0
3.9,50.0212918016537,399.972081155952,0,223,-0.889997332511769,0,223,0,223,222.110002667489,95.7037051578677,0,919.513525061451,1,0,0
3.901,50.0212563153169,399.972127687357,0,223,-0.88851400374356,0,223,0,223,222.111485996257,95.7113702064631,0,919.513525061451,1,0,0
3.902,50.0212208881239,399.97217414121,0,223,-0.887033147183087,0,223,0,223,222.112966852817,95.7190224799772,0,919.513525061451,1,0,0
3.903,50.0211855199763,399.97222051764,0,223,-0.885554758710169,0,223,0,223,222.11444524129,95.7266619997018,0,919.513525061451,1,0,0
3.904,50.0211502107756,399.972266816777,0,223,-0.884078834211447,0,223,0,223,222.115921165789,95.7342887868932,0,919.513525061451,1,0,0
3.905,50.0211149604235,399.972313038748,0,223,-0.882605369580447,0,223,0,223,222.11739463042,95.7419028627724,0,919.513525061451,1,0,0
3.906,50.0210797688221,399.972359183683,0,223,-0.881134360717561,0,223,0,223,222.118865639283,95.7495042485249,0,919.513525061451,1,0,0
3.907,50.0210446358732,399.972405251709,0,223,-0.879665803529961,0,223,0,223,222.12033419647,95.7570929653009,0,919.513525061451,1,0,0
3.908,50.0210095614794,399.972451242956,0,223,-0.878199693931663,0,223,0,223,222.121800306069,95.7646690342152,0,919.513525061451,1,0,0
3.909,50.0209745455428,399.972497157551,0,223,-0.876736027843516,0,223,0,223,222.123263972157,95.7722324763478,0,919.513525061451,1,0,0
3.91,50.0209395879661,399.972542995622,0,223,-0.875274801193117,0,223,0,223,222.124725198807,95.7797833127432,0,919.513525061451,1,0,0
3.911,50.020904688652,399.972588757296,0,223,-0.873816009914884,0,223,0,223,222.126183990086,95.787321564411,0,919.513525061451,1,0,0
3.912,50.0208698475035,399.972634442701,0,223,-0.872359649949969,0,223,0,223,222.12764035005,95.7948472523257,0,919.513525061451,1,0,0
3.913,50.0208350644236,399.972680051964,0,223,-0.870905717246331,0,223,0,223,222.129094282754,95.802360397427,0,919.513525061451,1,0,0
3.914,50.0208003393154,399.972725585211,0,223,-0.86945420775866,0,223,0,223,222.130545792242,95.8098610206195,0,919.513525061451,1,0,0
3.915,50.0207656720824,399.97277104257,0,223,-0.868005117448375,0,223,0,223,222.131994882552,95.817349142773,0,919.513525061451,1,0,0
3.916,50.0207310626282,399.972816424166,0,223,-0.866558442283657,0,223,0,223,222.133441557717,95.8248247847227,0,919.513525061451,1,0,0
3.917,50.0206965108563,399.972861730127,0,223,-0.865114178239384,0,223,0,223,222.134885821761,95.8322879672688,0,919.513525061451,1,0,0
3.918,50.0206620166708,399.972906960578,0,223,-0.863672321297123,0,223,0,223,222.136327678703,95.8397387111771,0,919.513525061451,1,0,0
3.919,50.0206275799755,399.972952115645,0,223,-0.862232867445147,0,223,0,223,222.137767132555,95.8471770371786,0,919.513525061451,1,0,0
3.92,50.0205932006748,399.972997195454,0,223,-0.86079581267843,0,223,0,223,222.139204187322,95.8546029659698,0,919.513525061451,1,0,0
3.921,50.0205588786729,399.973042200129,0,223,-0.859361152998621,0,223,0,223,222.140638847002,95.8620165182127,0,919.513525061451,1,0,0
3.922,50.0205246138743,399.973087129797,0,223,-0.857928884414016,0,223,0,223,222.142071115586,95.869417714535,0,919.513525061451,1,0,0
3.923,50.0204904061837,399.973131984583,0,223,-0.856499002939529,0,223,0,223,222.143500997061,95.8768065755297,0,919.513525061451,1,0,0
3.924,50.020456255506,399.97317676461,0,223,-0.85507150459678,0,223,0,223,222.144928495404,95.8841831217559,0,919.513525061451,1,0,0
3.925,50.020422161746,399.973221470005,0,223,-0.853646385413956,0,223,0,223,222.146353614586,95.891547373738,0,919.513525061451,1,0,0
3.926,50.020388124809,399.97326610089,0,223,-0.8522236414259,0,223,0,223,222.147776358575,95.8988993519666,0,919.513525061451,1,0,0
3.927,50.0203541446002,399.973310657391,0,223,-0.850803268674056,0,223,0,223,222.149196731326,95.9062390768978,0,919.513525061451,1,0,0
3.928,50.0203202210251,399.973355139631,0,223,-0.849385263206479,0,223,0,223,222.150614736794,95.9135665689539,0,919.513525061451,1,0,0
3.929,50.0202863539892,399.973399547734,0,223,-0.847969621077785,0,223,0,223,222.152030378923,95.9208818485229,0,919.513525061451,1,0,0
3.93,50.0202525433985,399.973443881823,0,223,-0.846556338349168,0,223,0,223,222.153443661651,95.928184935959,0,919.513525061451,1,0,0
3.931,50.0202187891587,399.973488142023,0,223,-0.845145411088382,0,223,0,223,222.154854588912,95.9354758515825,0,919.513525061451,1,0,0
3.932,50.020185091176,399.973532328455,0,223,-0.843736835369732,0,223,0,223,222.156263164631,95.9427546156796,0,919.513525061451,1,0,0
3.933,50.0201514493566,399.973576441244,0,223,-0.842330607274092,0,223,0,223,222.157669392726,95.9500212485029,0,919.513525061451,1,0,0
3.934,50.0201178636069,399.973620480511,0,223,-0.840926722888822,0,223,0,223,222.159073277112,95.9572757702713,0,919.513525061451,1,0,0
3.935,50.0200843338334,399.97366444638,0,223,-0.83952517830783,0,223,0,223,222.160474821693,95.9645182011698,0,919.513525061451,1,0,0
3.936,50.0200508599429,399.973708338972,0,223,-0.838125969631526,0,223,0,223,222.161874030369,95.9717485613498,0,919.513525061451,1,0,0
3.937,50.0200174418422,399.97375215841,0,223,-0.836729092966815,0,223,0,223,222.163270907034,95.9789668709293,0,919.513525061451,1,0,0
3.938,50.0199840794384,399.973795904816,0,223,-0.835334544427092,0,223,0,223,222.164665455573,95.9861731499925,0,919.513525061451,1,0,0
3.939,50.0199507726386,399.973839578311,0,223,-0.833942320132233,0,223,0,223,222.166057679868,95.9933674185903,0,919.513525061451,1,0,0
3.94,50.0199175213501,399.973883179017,0,223,-0.832552416208556,0,223,0,223,222.167447583792,96.0005496967402,0,919.513525061451,1,0,0
3.941,50.0198843254804,399.973926707055,0,223,-0.831164828788857,0,223,0,223,222.168835171212,96.0077200044262,0,919.513525061451,1,0,0
3.942,50.0198511849372,399.973970162547,0,223,-0.82977955401237,0,223,0,223,222.170220445988,96.0148783615992,0,919.513525061451,1,0,0
3.943,50.0198180996282,399.974013545612,0,223,-0.828396588024771,0,223,0,223,222.171603411976,96.0220247881766,0,919.513525061451,1,0,0
3.944,50.0197850694614,399.974056856373,0,223,-0.827015926978135,0,223,0,223,222.172984073022,96.0291593040427,0,919.513525061451,1,0,0
3.945,50.0197520943448,399.974100094949,0,223,-0.825637567030985,0,223,0,223,222.174362432969,96.0362819290488,0,919.513525061451,1,0,0
3.946,50.0197191741868,399.974143261461,0,223,-0.824261504348218,0,223,0,223,222.175738495652,96.0433926830129,0,919.513525061451,1,0,0
3.947,50.0196863088958,399.974186356029,0,223,-0.822887735101145,0,223,0,223,222.177112264899,96.0504915857202,0,919.513525061451,1,0,0
3.948,50.0196534983802,399.974229378773,0,223,-0.821516255467429,0,223,0,223,222.178483744533,96.0575786569227,0,919.513525061451,1,0,0
3.949,50.0196207425488,399.974272329812,0,223,-0.820147061631093,0,223,0,223,222.179852938369,96.0646539163396,0,919.513525061451,1,0,0
3.95,50.0195880413105,399.974315209266,0,223,-0.818780149782564,0,223,0,223,222.181219850218,96.0717173836572,0,919.513525061451,1,0,0
3.951,50.0195553945742,399.974358017254,0,223,-0.817415516118575,0,223,0,223,222.182584483882,96.0787690785289,0,919.513525061451,1,0,0
3.952,50.0195228022492,399.974400753896,0,223,-0.816053156842214,0,223,0,223,222.183946843158,96.0858090205757,0,919.513525061451,1,0,0
3.953,50.0194902642447,399.97444341931,0,223,-0.8146930681629,0,223,0,223,222.185306931837,96.0928372293854,0,919.513525061451,1,0,0
3.954,50.0194577804703,399.974486013615,0,223,-0.813335246296364,0,223,0,223,222.186664753704,96.0998537245135,0,919.513525061451,1,0,0
3.955,50.0194253508354,399.97452853693,0,223,-0.811979687464624,0,223,0,223,222.188020312536,96.1068585254828,0,919.513525061451,1,0,0
3.956,50.01939297525,399.974570989372,0,223,-0.810626387896045,0,223,0,223,222.189373612104,96.1138516517835,0,919.513525061451,1,0,0
3.957,50.0193606536238,399.974613371061,0,223,-0.809275343825242,0,223,0,223,222.190724656175,96.1208331228735,0,919.513525061451,1,0,0
3.958,50.0193283858671,399.974655682113,0,223,-0.807926551493102,0,223,0,223,222.192073448507,96.1278029581781,0,919.513525061451,1,0,0
3.959,50.0192961718899,399.974697922647,0,223,-0.806580007146773,0,223,0,223,222.193419992854,96.1347611770903,0,919.513525061451,1,0,0
3.96,50.0192640116027,399.97474009278,0,223,-0.805235707039642,0,223,0,223,222.194764292961,96.1417077989706,0,919.513525061451,1,0,0
3.961,50.019231904916,399.974782192629,0,223,-0.803893647431369,0,223,0,223,222.196106352569,96.1486428431476,0,919.513525061451,1,0,0
3.962,50.0191998517404,399.974824222312,0,223,-0.802553824587832,0,223,0,223,222.197446175413,96.1555663289174,0,919.513525061451,1,0,0
3.963,50.0191678519868,399.974866181946,0,223,-0.801216234781154,0,223,0,223,222.198783765219,96.1624782755439,0,919.513525061451,1,0,0
3.964,50.0191359055662,399.974908071647,0,223,-0.799880874289661,0,223,0,223,222.200119125711,96.1693787022592,0,919.513525061451,1,0,0
3.965,50.0191040123895,399.974949891532,0,223,-0.798547739397873,0,223,0,223,222.201452260603,96.176267628263,0,919.513525061451,1,0,0
3.966,50.0190721723682,399.974991641717,0,223,-0.797216826396496,0,223,0,223,222.202783173604,96.1831450727232,0,919.513525061451,1,0,0
3.967,50.0190403854135,399.975033322318,0,223,-0.795888131582419,0,223,0,223,222.204111868418,96.1900110547758,0,919.513525061451,1,0,0
3.968,50.0190086514372,399.975074933452,0,223,-0.794561651258714,0,223,0,223,222.205438348742,96.1968655935246,0,919.513525061451,1,0,0
3.969,50.0189769703507,399.975116475234,0,223,-0.793237381734625,0,223,0,223,222.206762618266,96.203708708042,0,919.513525061451,1,0,0
3.97,50.0189453420662,399.97515794778,0,223,-0.791915319325503,0,223,0,223,222.208084680675,96.2105404173683,0,919.513525061451,1,0,0
3.971,50.0189137664954,399.975199351204,0,223,-0.790595460352874,0,223,0,223,222.209404539648,96.2173607405121,0,919.513525061451,1,0,0
3.972,50.0188822435505,399.975240685623,0,223,-0.789277801144369,0,223,0,223,222.210722198856,96.2241696964504,0,919.513525061451,1,0,0
3.973,50.018850773144,399.975281951152,0,223,-0.787962338033764,0,223,0,223,222.212037661967,96.2309673041286,0,919.513525061451,1,0,0
3.974,50.0188193551881,399.975323147904,0,223,-0.786649067360948,0,223,0,223,222.213350932639,96.2377535824605,0,919.513525061451,1,0,0
3.975,50.0187879895954,399.975364275995,0,223,-0.785337985471889,0,223,0,223,222.214662014528,96.2445285503282,0,919.513525061451,1,0,0
3.976,50.0187566762788,399.97540533554,0,223,-0.784029088718645,0,223,0,223,222.215970911282,96.2512922265825,0,919.513525061451,1,0,0
3.977,50.018725415151,399.975446326651,0,223,-0.782722373459366,0,223,0,223,222.217277626541,96.2580446300428,0,919.513525061451,1,0,0
3.978,50.0186942061251,399.975487249445,0,223,-0.781417836058275,0,223,0,223,222.218582163942,96.2647857794972,0,919.513525061451,1,0,0
3.979,50.0186630491142,399.975528104034,0,223,-0.780115472885634,0,223,0,223,222.219884527115,96.2715156937022,0,919.513525061451,1,0,0
3.98,50.0186319440317,399.975568890531,0,223,-0.778815280317759,0,223,0,223,222.221184719683,96.2782343913834,0,919.513525061451,1,0,0
3.981,50.018600890791,399.975609609051,0,223,-0.777517254736999,0,223,0,223,222.222482745263,96.2849418912348,0,919.513525061451,1,0,0
3.982,50.0185698893058,399.975650259707,0,223,-0.776221392531746,0,223,0,223,222.223778607469,96.2916382119196,0,919.513525061451,1,0,0
3.983,50.0185389394896,399.975690842612,0,223,-0.774927690096416,0,223,0,223,222.225072309904,96.2983233720696,0,919.513525061451,1,0,0
3.984,50.0185080412565,399.975731357879,0,223,-0.773636143831429,0,223,0,223,222.226363856169,96.3049973902859,0,919.513525061451,1,0,0
3.985,50.0184771945205,399.97577180562,0,223,-0.772346750143191,0,223,0,223,222.227653249857,96.3116602851382,0,919.513525061451,1,0,0
3.986,50.0184463991957,399.975812185949,0,223,-0.771059505444113,0,223,0,223,222.228940494556,96.3183120751656,0,919.513525061451,1,0,0
3.987,50.0184156551964,399.975852498977,0,223,-0.769774406152555,0,223,0,223,222.230225593848,96.3249527788761,0,919.513525061451,1,0,0
3.988,50.0183849624371,399.975892744816,0,223,-0.768491448692855,0,223,0,223,222.231508551308,96.3315824147467,0,919.513525061451,1,0,0
3.989,50.0183543208324,399.975932923579,0,223,-0.767210629495348,0,223,0,223,222.232789370505,96.3382010012241,0,919.513525061451,1,0,0
3.99,50.0183237302971,399.975973035378,0,223,-0.765931944996278,0,223,0,223,222.234068055004,96.3448085567238,0,919.513525061451,1,0,0
3.991,50.018293190746,399.976013080323,0,223,-0.764655391637827,0,223,0,223,222.235344608363,96.3514050996307,0,919.513525061451,1,0,0
3.992,50.0182627020942,399.976053058527,0,223,-0.763380965868142,0,223,0,223,222.236619034132,96.3579906482993,0,919.513525061451,1,0,0
3.993,50.0182322642568,399.976092970101,0,223,-0.76210866414125,0,223,0,223,222.237891335859,96.3645652210532,0,919.513525061451,1,0,0
3.994,50.0182018771491,399.976132815155,0,223,-0.760838482917093,0,223,0,223,222.239161517083,96.3711288361856,0,919.513525061451,1,0,0
3.995,50.0181715406866,399.976172593801,0,223,-0.759570418661552,0,223,0,223,222.240429581339,96.3776815119593,0,919.513525061451,1,0,0
3.996,50.0181412547849,399.976212306149,0,223,-0.758304467846371,0,223,0,223,222.241695532154,96.3842232666065,0,919.513525061451,1,0,0
3.997,50.0181110193597,399.97625195231,0,223,-0.757040626949156,0,223,0,223,222.242959373051,96.3907541183291,0,919.513525061451,1,0,0
3.998,50.0180808343268,399.976291532393,0,223,-0.755778892453407,0,223,0,223,222.244221107547,96.3972740852985,0,919.513525061451,1,0,0
3.999,50.0180506996024,399.976331046511,0,223,-0.754519260848479,0,223,0,223,222.245480739152,96.4037831856562,0,919.513525061451,1,0,0
4,50.0180206151025,399.976370494771,0,223,-0.753261728629548,0,223,0,223,222.246738271371,96.410281437513,0,919.513525061451,1,0,0
4.001,50.0179905807434,399.976409877284,0,223,-0.752006292297684,0,223,0,223,222.247993707703,96.4167688589499,0,919.513525061451,1,0,0
4.002,50.0179605964416,399.976449194159,0,223,-0.750752948359745,0,223,0,223,222.249247051641,96.4232454680176,0,919.513525061451,1,0,0
4.003,50.0179306621137,399.976488445507,0,223,-0.749501693328452,0,223,0,223,222.250498306672,96.4297112827365,0,919.513525061451,1,0,0
4.004,50.0179007776763,399.976527631435,0,223,-0.748252523722284,0,223,0,223,222.251747476278,96.4361663210975,0,919.513525061451,1,0,0
4.005,50.0178709430463,399.976566752054,0,223,-0.74700543606556,0,223,0,223,222.252994563935,96.4426106010609,0,919.513525061451,1,0,0
4.006,50.0178411581407,399.976605807471,0,223,-0.745760426888369,0,223,0,223,222.254239573112,96.4490441405576,0,919.513525061451,1,0,0
4.007,50.0178114228766,399.976644797797,0,223,-0.744517492726619,0,223,0,223,222.255482507274,96.4554669574882,0,919.513525061451,1,0,0
4.008,50.0177817371712,399.976683723138,0,223,-0.743276630121974,0,223,0,223,222.256723369878,96.4618790697238,0,919.513525061451,1,0,0
4.009,50.0177521009421,399.976722583604,0,223,-0.742037835621857,0,223,0,223,222.257962164379,96.4682804951054,0,919.513525061451,1,0,0
4.01,50.0177225141067,399.976761379302,0,223,-0.740801105779436,0,223,0,223,222.259198894221,96.4746712514446,0,919.513525061451,1,0,0
4.011,50.0176929765826,399.976800110341,0,223,-0.739566437153631,0,223,0,223,222.260433562847,96.481051356523,0,919.513525061451,1,0,0
4.012,50.0176634882878,399.976838776828,0,223,-0.738333826309093,0,223,0,223,222.261666173691,96.4874208280928,0,919.513525061451,1,0,0
4.013,50.0176340491402,399.97687737887,0,223,-0.737103269816186,0,223,0,223,222.262896730184,96.4937796838764,0,919.513525061451,1,0,0
4.014,50.0176046590577,399.976915916577,0,223,-0.735874764250998,0,223,0,223,222.264125235749,96.5001279415668,0,919.513525061451,1,0,0
4.015,50.0175753179588,399.976954390053,0,223,-0.734648306195331,0,223,0,223,222.265351693805,96.5064656188276,0,919.513525061451,1,0,0
4.016,50.0175460257617,399.976992799407,0,223,-0.733423892236711,0,223,0,223,222.266576107764,96.5127927332928,0,919.513525061451,1,0,0
4.017,50.017516782385,399.977031144746,0,223,-0.732201518968307,0,223,0,223,222.267798481032,96.519109302567,0,919.513525061451,1,0,0
4.018,50.0174875877472,399.977069426175,0,223,-0.730981182988981,0,223,0,223,222.269018817011,96.5254153442256,0,919.513525061451,1,0,0
4.019,50.0174584417671,399.977107643802,0,223,-0.729762880903281,0,223,0,223,222.270237119097,96.5317108758146,0,919.513525061451,1,0,0
4.02,50.0174293443637,399.977145797733,0,223,-0.728546609321389,0,223,0,223,222.271453390679,96.5379959148507,0,919.513525061451,1,0,0
4.021,50.0174002954559,399.977183888075,0,223,-0.727332364859147,0,223,0,223,222.272667635141,96.5442704788216,0,919.513525061451,1,0,0
4.022,50.017371294963,399.977221914932,0,223,-0.726120144138008,0,223,0,223,222.273879855862,96.5505345851858,0,919.513525061451,1,0,0
4.023,50.0173423428043,399.977259878411,0,223,-0.724909943785104,0,223,0,223,222.275090056215,96.5567882513725,0,919.513525061451,1,0,0
4.024,50.0173134388991,399.977297778618,0,223,-0.723701760433162,0,223,0,223,222.276298239567,96.563031494782,0,919.513525061451,1,0,0
4.025,50.0172845831672,399.977335615657,0,223,-0.722495590720535,0,223,0,223,222.27750440928,96.5692643327857,0,919.513525061451,1,0,0
4.026,50.0172557755281,399.977373389635,0,223,-0.721291431291158,0,223,0,223,222.278708568709,96.5754867827259,0,919.513525061451,1,0,0
4.027,50.0172270159017,399.977411100657,0,223,-0.720089278794548,0,223,0,223,222.279910721206,96.581698861916,0,919.513525061451,1,0,0
4.028,50.0171983042081,399.977448748826,0,223,-0.718889129885833,0,223,0,223,222.281110870115,96.5879005876406,0,919.513525061451,1,0,0
4.029,50.0171696403673,399.977486334249,0,223,-0.717690981225716,0,223,0,223,222.282309018775,96.5940919771555,0,919.513525061451,1,0,0
4.03,50.0171410242996,399.977523857029,0,223,-0.716494829480472,0,223,0,223,222.28350517052,96.6002730476877,0,919.513525061451,1,0,0
4.031,50.0171124559253,399.977561317271,0,223,-0.715300671321915,0,223,0,223,222.284699328678,96.6064438164356,0,919.513525061451,1,0,0
4.032,50.017083935165,399.977598715079,0,223,-0.714108503427395,0,223,0,223,222.285891496573,96.6126043005687,0,919.513525061451,1,0,0
4.033,50.0170554619393,399.977636050558,0,223,-0.712918322479803,0,223,0,223,222.287081677521,96.6187545172281,0,919.513525061451,1,0,0
4.034,50.017027036169,399.977673323811,0,223,-0.711730125167577,0,223,0,223,222.288269874833,96.6248944835263,0,919.513525061451,1,0,0
4.035,50.0169986577749,399.977710534942,0,223,-0.710543908184666,0,223,0,223,222.289456091816,96.6310242165471,0,919.513525061451,1,0,0
4.036,50.0169703266782,399.977747684054,0,223,-0.70935966823054,0,223,0,223,222.29064033177,96.6371437333461,0,919.513525061451,1,0,0
4.037,50.0169420428,399.977784771251,0,223,-0.708177402010157,0,223,0,223,222.29182259799,96.6432530509502,0,919.513525061451,1,0,0
4.038,50.0169138060616,399.977821796636,0,223,-0.706997106233974,0,223,0,223,222.293002893766,96.6493521863582,0,919.513525061451,1,0,0
4.039,50.0168856163844,399.977858760312,0,223,-0.705818777617917,0,223,0,223,222.294181222382,96.6554411565404,0,919.513525061451,1,0,0
4.04,50.01685747369,399.977895662382,0,223,-0.704642412883397,0,223,0,223,222.295357587117,96.6615199784388,0,919.513525061451,1,0,0
4.041,50.0168293779001,399.977932502948,0,223,-0.703468008757278,0,223,0,223,222.296531991243,96.6675886689672,0,919.513525061451,1,0,0
4.042,50.0168013289366,399.977969282114,0,223,-0.702295561971896,0,223,0,223,222.297704438028,96.6736472450112,0,919.513525061451,1,0,0
4.043,50.0167733267213,399.978005999981,0,223,-0.701125069264998,0,223,0,223,222.298874930735,96.6796957234284,0,919.513525061451,1,0,0
4.044,50.0167453711763,399.978042656651,0,223,-0.699956527379793,0,223,0,223,222.300043472621,96.6857341210481,0,919.513525061451,1,0,0
4.045,50.016717462224,399.978079252227,0,223,-0.698789933064932,0,223,0,223,222.301210066935,96.6917624546715,0,919.513525061451,1,0,0
4.046,50.0166895997866,399.97811578681,0,223,-0.697625283074453,0,223,0,223,222.302374716926,96.6977807410722,0,919.513525061451,1,0,0
4.047,50.0166617837865,399.978152260502,0,223,-0.696462574167835,0,223,0,223,222.303537425833,96.7037889969953,0,919.513525061451,1,0,0
4.048,50.0166340141465,399.978188673405,0,223,-0.695301803109945,0,223,0,223,222.30469819689,96.7097872391585,0,919.513525061451,1,0,0
4.049,50.0166062907892,399.978225025619,0,223,-0.694142966671023,0,223,0,223,222.305857033329,96.7157754842512,0,919.513525061451,1,0,0
4.05,50.0165786136375,399.978261317247,0,223,-0.692986061626704,0,223,0,223,222.307013938374,96.7217537489353,0,919.513525061451,1,0,0
4.051,50.0165509826144,399.978297548388,0,223,-0.691831084758003,0,223,0,223,222.308168915242,96.7277220498448,0,919.513525061451,1,0,0
4.052,50.016523397643,399.978333719144,0,223,-0.690678032851304,0,223,0,223,222.309321967149,96.733680403586,0,919.513525061451,1,0,0
4.053,50.0164958586466,399.978369829616,0,223,-0.689526902698348,0,223,0,223,222.310473097302,96.7396288267375,0,919.513525061451,1,0,0
4.054,50.0164683655485,399.978405879903,0,223,-0.688377691096224,0,223,0,223,222.311622308904,96.7455673358503,0,919.513525061451,1,0,0
4.055,50.0164409182722,399.978441870107,0,223,-0.68723039484732,0,223,0,223,222.312769605153,96.7514959474477,0,919.513525061451,1,0,0
4.056,50.0164135167414,399.978477800327,0,223,-0.686085010759394,0,223,0,223,222.313914989241,96.7574146780257,0,919.513525061451,1,0,0
4.057,50.0163861608798,399.978513670663,0,223,-0.684941535645526,0,223,0,223,222.315058464355,96.7633235440526,0,919.513525061451,1,0,0
4.058,50.0163588506113,399.978549481215,0,223,-0.683799966324075,0,223,0,223,222.316200033676,96.7692225619694,0,919.513525061451,1,0,0
4.059,50.01633158586,399.978585232083,0,223,-0.682660299618718,0,223,0,223,222.317339700382,96.7751117481894,0,919.513525061451,1,0,0
4.06,50.0163043665498,399.978620923366,0,223,-0.681522532358437,0,223,0,223,222.318477467642,96.780991119099,0,919.513525061451,1,0,0
4.061,50.0162771926053,399.978656555164,0,223,-0.680386661377488,0,223,0,223,222.319613338623,96.786860691057,0,919.513525061451,1,0,0
4.062,50.0162500639506,399.978692127575,0,223,-0.679252683515432,0,223,0,223,222.320747316485,96.7927204803948,0,919.513525061451,1,0,0
4.063,50.0162229805103,399.978727640699,0,223,-0.67812059561706,0,223,0,223,222.321879404383,96.7985705034171,0,919.513525061451,1,0,0
4.064,50.0161959422091,399.978763094634,0,223,-0.676990394532436,0,223,0,223,222.323009605468,96.8044107764008,0,919.513525061451,1,0,0
4.065,50.0161689489718,399.97879848948,0,223,-0.675862077116858,0,223,0,223,222.324137922884,96.8102413155961,0,919.513525061451,1,0,0
4.066,50.0161420007232,399.978833825334,0,223,-0.674735640230901,0,223,0,223,222.32526435977,96.8160621372259,0,919.513525061451,1,0,0
4.067,50.0161150973883,399.978869102295,0,223,-0.673611080740345,0,223,0,223,222.32638891926,96.8218732574863,0,919.513525061451,1,0,0
4.068,50.0160882388924,399.978904320461,0,223,-0.67248839551618,0,223,0,223,222.327511604484,96.827674692546,0,919.513525061451,1,0,0
4.069,50.0160614251606,399.97893947993,0,223,-0.671367581434654,0,223,0,223,222.328632418566,96.8334664585473,0,919.513525061451,1,0,0
4.07,50.0160346561183,399.978974580799,0,223,-0.6702486353772,0,223,0,223,222.329751364623,96.8392485716051,0,919.513525061451,1,0,0
4.071,50.0160079316911,399.979009623168,0,223,-0.669131554230415,0,223,0,223,222.33086844577,96.8450210478077,0,919.513525061451,1,0,0
4.072,50.0159812518047,399.979044607132,0,223,-0.668016334886137,0,223,0,223,222.331983665114,96.8507839032165,0,919.513525061451,1,0,0
4.073,50.0159546163847,399.97907953279,0,223,-0.666902974241351,0,223,0,223,222.333097025759,96.8565371538662,0,919.513525061451,1,0,0
4.074,50.0159280253571,399.979114400238,0,223,-0.665791469198233,0,223,0,223,222.334208530802,96.8622808157647,0,919.513525061451,1,0,0
4.075,50.0159014786479,399.979149209574,0,223,-0.664681816664129,0,223,0,223,222.335318183336,96.8680149048932,0,919.513525061451,1,0,0
4.076,50.0158749761832,399.979183960894,0,223,-0.663574013551493,0,223,0,223,222.336425986449,96.8737394372065,0,919.513525061451,1,0,0
4.077,50.0158485178892,399.979218654296,0,223,-0.662468056777982,0,223,0,223,222.337531943222,96.8794544286324,0,919.513525061451,1,0,0
4.078,50.0158221036925,399.979253289875,0,223,-0.661363943266352,0,223,0,223,222.338636056734,96.8851598950725,0,919.513525061451,1,0,0
4.079,50.0157957335193,399.979287867728,0,223,-0.660261669944483,0,223,0,223,222.339738330056,96.8908558524018,0,919.513525061451,1,0,0
4.08,50.0157694072965,399.979322387951,0,223,-0.659161233745397,0,223,0,223,222.340838766255,96.8965423164688,0,919.513525061451,1,0,0
4.081,50.0157431249507,399.979356850641,0,223,-0.658062631607235,0,223,0,223,222.341937368393,96.9022193030955,0,919.513525061451,1,0,0
4.082,50.0157168864089,399.979391255892,0,223,-0.656965860473211,0,223,0,223,222.343034139527,96.9078868280778,0,919.513525061451,1,0,0
4.083,50.0156906915979,399.979425603802,0,223,-0.655870917291665,0,223,0,223,222.344129082709,96.913544907185,0,919.513525061451,1,0,0
4.084,50.015664540445,399.979459894465,0,223,-0.654777799016014,0,223,0,223,222.345222200984,96.9191935561602,0,919.513525061451,1,0,0
4.085,50.0156384328773,399.979494127977,0,223,-0.65368650260474,0,223,0,223,222.346313497396,96.9248327907204,0,919.513525061451,1,0,0
4.086,50.0156123688222,399.979528304433,0,223,-0.652597025021413,0,223,0,223,222.347402974979,96.9304626265563,0,919.513525061451,1,0,0
4.087,50.0155863482073,399.979562423928,0,223,-0.651509363234644,0,223,0,223,222.348490636766,96.9360830793323,0,919.513525061451,1,0,0
4.088,50.01556037096,399.979596486558,0,223,-0.650423514218114,0,223,0,223,222.349576485782,96.9416941646869,0,919.513525061451,1,0,0
4.089,50.0155344370081,399.979630492416,0,223,-0.649339474950523,0,223,0,223,222.35066052505,96.9472958982325,0,919.513525061451,1,0,0
4.09,50.0155085462795,399.979664441598,0,223,-0.648257242415625,0,223,0,223,222.351742757585,96.9528882955554,0,919.513525061451,1,0,0
4.091,50.0154826987021,399.979698334198,0,223,-0.647176813602181,0,223,0,223,222.352823186398,96.9584713722161,0,919.513525061451,1,0,0
4.092,50.0154568942041,399.97973217031,0,223,-0.646098185503993,0,223,0,223,222.353901814496,96.9640451437488,0,919.513525061451,1,0,0
4.093,50.0154311327135,399.979765950029,0,223,-0.645021355119895,0,223,0,223,222.354978644881,96.9696096256623,0,919.513525061451,1,0,0
4.094,50.0154054141587,399.979799673448,0,223,-0.643946319453681,0,223,0,223,222.356053680547,96.9751648334392,0,919.513525061451,1,0,0
4.095,50.0153797384682,399.979833340662,0,223,-0.64287307551417,0,223,0,223,222.357126924486,96.9807107825363,0,919.513525061451,1,0,0
4.096,50.0153541055705,399.979866951763,0,223,-0.641801620315136,0,223,0,223,222.358198379685,96.9862474883848,0,919.513525061451,1,0,0
4.097,50.0153285153943,399.979900506846,0,223,-0.640731950875344,0,223,0,223,222.359268049125,96.9917749663902,0,919.513525061451,1,0,0
4.098,50.0153029678684,399.979934006004,0,223,-0.639664064218511,0,223,0,223,222.360335935782,96.9972932319322,0,919.513525061451,1,0,0
4.099,50.0152774629217,399.979967449329,0,223,-0.638597957373348,0,223,0,223,222.361402042627,97.0028023003648,0,919.513525061451,1,0,0
4.1,50.0152520004833,399.980000836916,0,223,-0.637533627373485,0,223,0,223,222.362466372627,97.0083021870166,0,919.513525061451,1,0,0
4.101,50.0152265804823,399.980034168857,0,223,-0.636471071257517,0,223,0,223,222.363528928743,97.0137929071906,0,919.513525061451,1,0,0
4.102,50.0152012028479,399.980067445245,0,223,-0.635410286068965,0,223,0,223,222.364589713931,97.0192744761642,0,919.513525061451,1,0,0
4.103,50.0151758675096,399.980100666172,0,223,-0.63435126885629,0,223,0,223,222.365648731144,97.0247469091894,0,919.513525061451,1,0,0
4.104,50.0151505743968,399.98013383173,0,223,-0.633294016672854,0,223,0,223,222.366705983328,97.0302102214929,0,919.513525061451,1,0,0
4.105,50.0151253234393,399.980166942013,0,223,-0.632238526576937,0,223,0,223,222.367761473423,97.0356644282758,0,919.513525061451,1,0,0
4.106,50.0151001145667,399.980199997112,0,223,-0.631184795631739,0,223,0,223,222.368815204369,97.0411095447139,0,919.513525061451,1,0,0
4.107,50.0150749477088,399.980232997119,0,223,-0.63013282090532,0,223,0,223,222.369867179095,97.0465455859579,0,919.513525061451,1,0,0
4.108,50.0150498227958,399.980265942126,0,223,-0.629082599470645,0,223,0,223,222.37091740053,97.0519725671331,0,919.513525061451,1,0,0
4.109,50.0150247397576,399.980298832225,0,223,-0.628034128405564,0,223,0,223,222.371965871595,97.0573905033396,0,919.513525061451,1,0,0
4.11,50.0149996985244,399.980331667507,0,223,-0.62698740479282,0,223,0,223,222.373012595208,97.0627994096523,0,919.513525061451,1,0,0
4.111,50.0149746990267,399.980364448063,0,223,-0.62594242571999,0,223,0,223,222.37405757428,97.0681993011211,0,919.513525061451,1,0,0
4.112,50.0149497411948,399.980397173985,0,223,-0.624899188279503,0,223,0,223,222.375100811721,97.0735901927707,0,919.513525061451,1,0,0
4.113,50.0149248249592,399.980429845364,0,223,-0.623857689568617,0,223,0,223,222.376142310432,97.0789720996008,0,919.513525061451,1,0,0
4.114,50.0148999502508,399.98046246229,0,223,-0.622817926689436,0,223,0,223,222.377182073311,97.0843450365861,0,919.513525061451,1,0,0
4.115,50.0148751170002,399.980495024855,0,223,-0.621779896748932,0,223,0,223,222.378220103251,97.0897090186764,0,919.513525061451,1,0,0
4.116,50.0148503251383,399.980527533149,0,223,-0.620743596858848,0,223,0,223,222.379256403142,97.0950640607964,0,919.513525061451,1,0,0
4.117,50.0148255745962,399.980559987263,0,223,-0.619709024135795,0,223,0,223,222.380290975865,97.1004101778462,0,919.513525061451,1,0,0
4.118,50.014800865305,399.980592387286,0,223,-0.618676175701126,0,223,0,223,222.381323824299,97.1057473847009,0,919.513525061451,1,0,0
4.119,50.014776197196,399.980624733309,0,223,-0.617645048681029,0,223,0,223,222.382354951319,97.1110756962107,0,919.513525061451,1,0,0
4.12,50.0147515702005,399.980657025422,0,223,-0.616615640206482,0,223,0,223,222.383384359794,97.1163951272012,0,919.513525061451,1,0,0
4.121,50.0147269842499,399.980689263715,0,223,-0.615587947413234,0,223,0,223,222.384412052587,97.1217056924734,0,919.513525061451,1,0,0
4.122,50.014702439276,399.980721448278,0,223,-0.614561967441834,0,223,0,223,222.385438032559,97.1270074068034,0,919.513525061451,1,0,0
4.123,50.0146779352104,399.980753579199,0,223,-0.613537697437584,0,223,0,223,222.386462302563,97.1323002849427,0,919.513525061451,1,0,0
4.124,50.0146534719848,399.980785656569,0,223,-0.612515134550526,0,223,0,223,222.38748486545,97.1375843416185,0,919.513525061451,1,0,0
4.125,50.0146290495313,399.980817680477,0,223,-0.611494275935474,0,223,0,223,222.388505724065,97.142859591533,0,919.513525061451,1,0,0
4.126,50.0146046677819,399.980849651012,0,223,-0.610475118751964,0,223,0,223,222.389524881248,97.1481260493643,0,919.513525061451,1,0,0
4.127,50.0145803266688,399.980881568262,0,223,-0.609457660164256,0,223,0,223,222.390542339836,97.1533837297658,0,919.513525061451,1,0,0
4.128,50.0145560261242,399.980913432317,0,223,-0.608441897341358,0,223,0,223,222.391558102659,97.1586326473665,0,919.513525061451,1,0,0
4.129,50.0145317660805,399.980945243265,0,223,-0.607427827456987,0,223,0,223,222.392572172543,97.1638728167712,0,919.513525061451,1,0,0
4.13,50.0145075464702,399.980977001194,0,223,-0.606415447689603,0,223,0,223,222.393584552311,97.1691042525602,0,919.513525061451,1,0,0
4.131,50.0144833672259,399.981008706194,0,223,-0.605404755222329,0,223,0,223,222.394595244778,97.1743269692895,0,919.513525061451,1,0,0
4.132,50.0144592282803,399.981040358352,0,223,-0.604395747242992,0,223,0,223,222.395604252757,97.1795409814908,0,919.513525061451,1,0,0
4.133,50.0144351295664,399.981071957757,0,223,-0.603388420944117,0,223,0,223,222.396611579056,97.1847463036717,0,919.513525061451,1,0,0
4.134,50.0144110710169,399.981103504496,0,223,-0.602382773522893,0,223,0,223,222.397617226478,97.1899429503156,0,919.513525061451,1,0,0
4.135,50.0143870525651,399.981134998657,0,223,-0.601378802181173,0,223,0,223,222.398621197819,97.1951309358817,0,919.513525061451,1,0,0
4.136,50.014363074144,399.981166440327,0,223,-0.600376504125516,0,223,0,223,222.399623495875,97.2003102748051,0,919.513525061451,1,0,0
4.137,50.0143391356869,399.981197829595,0,223,-0.599375876567075,0,223,0,223,222.400624123433,97.2054809814969,0,919.513525061451,1,0,0
4.138,50.0143152371273,399.981229166548,0,223,-0.598376916721716,0,223,0,223,222.401623083279,97.2106430703442,0,919.513525061451,1,0,0
4.139,50.0142913783986,399.981260451272,0,223,-0.59737962180991,0,223,0,223,222.40262037819,97.2157965557101,0,919.513525061451,1,0,0
4.14,50.0142675594344,399.981291683854,0,223,-0.596383989056739,0,223,0,223,222.403616010944,97.2209414519335,0,919.513525061451,1,0,0
4.141,50.0142437801685,399.981322864383,0,223,-0.595390015691944,0,223,0,223,222.404609984308,97.2260777733299,0,919.513525061451,1,0,0
4.142,50.0142200405348,399.981353992944,0,223,-0.594397698949891,0,223,0,223,222.40560230105,97.2312055341906,0,919.513525061451,1,0,0
4.143,50.0141963404671,399.981385069624,0,223,-0.593407036069545,0,223,0,223,222.406592963931,97.2363247487831,0,919.513525061451,1,0,0
4.144,50.0141726798995,399.98141609451,0,223,-0.592418024294445,0,223,0,223,222.407581975706,97.2414354313513,0,919.513525061451,1,0,0
4.145,50.0141490587662,399.981447067687,0,223,-0.591430660872748,0,223,0,223,222.408569339128,97.2465375961151,0,919.513525061451,1,0,0
4.146,50.0141254770014,399.981477989243,0,223,-0.59044494305721,0,223,0,223,222.409555056943,97.2516312572709,0,919.513525061451,1,0,0
4.147,50.0141019345396,399.981508859262,0,223,-0.589460868105157,0,223,0,223,222.410539131895,97.2567164289914,0,919.513525061451,1,0,0
4.148,50.0140784313152,399.981539677832,0,223,-0.588478433278461,0,223,0,223,222.411521566722,97.2617931254257,0,919.513525061451,1,0,0
4.149,50.0140549672629,399.981570445037,0,223,-0.587497635843598,0,223,0,223,222.412502364157,97.2668613606992,0,919.513525061451,1,0,0
4.15,50.0140315423173,399.981601160963,0,223,-0.586518473071548,0,223,0,223,222.413481526929,97.2719211489138,0,919.513525061451,1,0,0
4.151,50.0140081564133,399.981631825696,0,223,-0.585540942237886,0,223,0,223,222.414459057763,97.2769725041481,0,919.513525061451,1,0,0
4.152,50.0139848094858,399.981662439322,0,223,-0.584565040622693,0,223,0,223,222.415434959378,97.2820154404569,0,919.513525061451,1,0,0
4.153,50.0139615014699,399.981693001924,0,223,-0.583590765510607,0,223,0,223,222.41640923449,97.2870499718718,0,919.513525061451,1,0,0
4.154,50.0139382323007,399.981723513589,0,223,-0.582618114190806,0,223,0,223,222.41738188581,97.2920761124009,0,919.513525061451,1,0,0
4.155,50.0139150019134,399.981753974401,0,223,-0.58164708395696,0,223,0,223,222.418352916043,97.2970938760292,0,919.513525061451,1,0,0
4.156,50.0138918102434,399.981784384445,0,223,-0.580677672107244,0,223,0,223,222.419322327893,97.302103276718,0,919.513525061451,1,0,0
4.157,50.0138686572262,399.981814743806,0,223,-0.579709875944369,0,223,0,223,222.420290124056,97.3071043284056,0,919.513525061451,1,0,0
4.158,50.0138455427973,399.981845052568,0,223,-0.578743692775525,0,223,0,223,222.421256307225,97.312097045007,0,919.513525061451,1,0,0
4.159,50.0138224668926,399.981875310815,0,223,-0.577779119912374,0,223,0,223,222.422220880088,97.3170814404141,0,919.513525061451,1,0,0
4.16,50.0137994294476,399.981905518632,0,223,-0.576816154671072,0,223,0,223,222.423183845329,97.3220575284954,0,919.513525061451,1,0,0
4.161,50.0137764303984,399.981935676102,0,223,-0.575854794372256,0,223,0,223,222.424145205628,97.3270253230965,0,919.513525061451,1,0,0
4.162,50.013753469681,399.98196578331,0,223,-0.574895036341005,0,223,0,223,222.425104963659,97.33198483804,0,919.513525061451,1,0,0
4.163,50.0137305472314,399.981995840339,0,223,-0.573936877906862,0,223,0,223,222.426063122094,97.3369360871251,0,919.513525061451,1,0,0
4.164,50.0137076629859,399.982025847273,0,223,-0.572980316403827,0,223,0,223,222.427019683597,97.3418790841284,0,919.513525061451,1,0,0
4.165,50.0136848168808,399.982055804196,0,223,-0.572025349170352,0,223,0,223,222.42797465083,97.3468138428033,0,919.513525061451,1,0,0
4.166,50.0136620088525,399.98208571119,0,223,-0.571071973549334,0,223,0,223,222.428928026451,97.3517403768804,0,919.513525061451,1,0,0
4.167,50.0136392388377,399.982115568339,0,223,-0.570120186888072,0,223,0,223,222.429879813112,97.3566587000673,0,919.513525061451,1,0,0
4.168,50.0136165067728,399.982145375727,0,223,-0.569169986538303,0,223,0,223,222.430830013462,97.3615688260489,0,919.513525061451,1,0,0
4.169,50.0135938125948,399.982175133435,0,223,-0.568221369856157,0,223,0,223,222.431778630144,97.3664707684871,0,919.513525061451,1,0,0
4.17,50.0135711562403,399.982204841547,0,223,-0.567274334202197,0,223,0,223,222.432725665798,97.3713645410212,0,919.513525061451,1,0,0
4.171,50.0135485376465,399.982234500146,0,223,-0.566328876941378,0,223,0,223,222.433671123059,97.3762501572678,0,919.513525061451,1,0,0
4.172,50.0135259567503,399.982264109313,0,223,-0.565384995443046,0,223,0,223,222.434615004557,97.3811276308205,0,919.513525061451,1,0,0
4.173,50.013503413489,399.982293669132,0,223,-0.564442687080902,0,223,0,223,222.435557312919,97.3859969752506,0,919.513525061451,1,0,0
4.174,50.0134809077997,399.982323179685,0,223,-0.563501949233043,0,223,0,223,222.436498050767,97.3908582041066,0,919.513525061451,1,0,0
4.175,50.0134584396199,399.982352641053,0,223,-0.562562779281963,0,223,0,223,222.437437220718,97.3957113309146,0,919.513525061451,1,0,0
4.176,50.0134360088871,399.98238205332,0,223,-0.56162517461448,0,223,0,223,222.438374825386,97.4005563691777,0,919.513525061451,1,0,0
4.177,50.0134136155389,399.982411416565,0,223,-0.560689132621817,0,223,0,223,222.439310867379,97.4053933323771,0,919.513525061451,1,0,0
4.178,50.0133912595129,399.982440730872,0,223,-0.559754650699494,0,223,0,223,222.440245349301,97.4102222339711,0,919.513525061451,1,0,0
4.179,50.0133689407469,399.982469996322,0,223,-0.558821726247373,0,223,0,223,222.441178273753,97.4150430873957,0,919.513525061451,1,0,0
4.18,50.0133466591789,399.982499212996,0,223,-0.557890356669704,0,223,0,223,222.442109643331,97.4198559060646,0,919.513525061451,1,0,0
4.181,50.0133244147469,399.982528380975,0,223,-0.556960539375015,0,223,0,223,222.443039460625,97.424660703369,0,919.513525061451,1,0,0
4.182,50.0133022073889,399.982557500341,0,223,-0.556032271776164,0,223,0,223,222.443967728224,97.4294574926779,0,919.513525061451,1,0,0
4.183,50.0132800370431,399.982586571175,0,223,-0.555105551290311,0,223,0,223,222.44489444871,97.4342462873379,0,919.513525061451,1,0,0
4.184,50.013257903648,399.982615593558,0,223,-0.554180375338925,0,223,0,223,222.445819624661,97.4390271006734,0,919.513525061451,1,0,0
4.185,50.0132358071418,399.982644567569,0,223,-0.553256741347801,0,223,0,223,222.446743258653,97.4437999459867,0,919.513525061451,1,0,0
4.186,50.0132137474631,399.982673493291,0,223,-0.552334646746994,0,223,0,223,222.447665353253,97.4485648365577,0,919.513525061451,1,0,0
4.187,50.0131917245506,399.982702370803,0,223,-0.551414088970833,0,223,0,223,222.44858591103,97.4533217856444,0,919.513525061451,1,0,0
4.188,50.0131697383429,399.982731200186,0,223,-0.550495065457976,0,223,0,223,222.449504934542,97.4580708064827,0,919.513525061451,1,0,0
4.189,50.0131477887789,399.98275998152,0,223,-0.549577573651309,0,223,0,223,222.450422426349,97.4628119122861,0,919.513525061451,1,0,0
4.19,50.0131258757975,399.982788714886,0,223,-0.548661610997964,0,223,0,223,222.451338389002,97.4675451162465,0,919.513525061451,1,0,0
4.191,50.0131039993378,399.982817400362,0,223,-0.547747174949375,0,223,0,223,222.452252825051,97.4722704315336,0,919.513525061451,1,0,0
4.192,50.0130821593388,399.982846038029,0,223,-0.546834262961182,0,223,0,223,222.453165737039,97.4769878712952,0,919.513525061451,1,0,0
4.193,50.0130603557398,399.982874627966,0,223,-0.54592287249329,0,223,0,223,222.454077127507,97.4816974486572,0,919.513525061451,1,0,0
4.194,50.0130385884802,399.982903170254,0,223,-0.54501300100981,0,223,0,223,222.454986998991,97.4863991767236,0,919.513525061451,1,0,0
4.195,50.0130168574993,399.982931664971,0,223,-0.544104645979122,0,223,0,223,222.455895354021,97.4910930685764,0,919.513525061451,1,0,0
4.196,50.0129951627367,399.982960112197,0,223,-0.543197804873781,0,223,0,223,222.456802195127,97.4957791372762,0,919.513525061451,1,0,0
4.197,50.0129735041321,399.982988512011,0,223,-0.542292475170578,0,223,0,223,222.45770752483,97.5004573958614,0,919.513525061451,1,0,0
4.198,50.0129518816251,399.983016864492,0,223,-0.541388654350529,0,223,0,223,222.45861134565,97.505127857349,0,919.513525061451,1,0,0
4.199,50.0129302951557,399.983045169719,0,223,-0.540486339898817,0,223,0,223,222.459513660102,97.509790534734,0,919.513525061451,1,0,0
4.2,50.0129087446637,399.98307342777,0,223,-0.539585529304827,0,223,0,223,222.460414470696,97.5144454409901,0,919.513525061451,1,0,0
4.201,50.0128872300892,399.983101638725,0,223,-0.538686220062128,0,223,0,223,222.461313779938,97.519092589069,0,919.513525061451,1,0,0
4.202,50.0128657513723,399.983129802661,0,223,-0.537788409668465,0,223,0,223,222.462211590332,97.5237319919011,0,919.513525061451,1,0,0
4.203,50.0128443084532,399.983157919658,0,223,-0.536892095625751,0,223,0,223,222.463107904375,97.5283636623951,0,919.513525061451,1,0,0
4.204,50.0128229012724,399.983185989792,0,223,-0.535997275440055,0,223,0,223,222.46400272456,97.5329876134383,0,919.513525061451,1,0,0
4.205,50.0128015297702,399.983214013144,0,223,-0.5351039466216,0,223,0,223,222.464896053379,97.5376038578963,0,919.513525061451,1,0,0
4.206,50.0127801938872,399.983241989789,0,223,-0.534212106684786,0,223,0,223,222.465787893316,97.5422124086136,0,919.513525061451,1,0,0
4.207,50.012758893564,399.983269919807,0,223,-0.533321753148154,0,223,0,223,222.466678246852,97.546813278413,0,919.513525061451,1,0,0
4.208,50.0127376287413,399.983297803275,0,223,-0.532432883534338,0,223,0,223,222.467567116466,97.551406480096,0,919.513525061451,1,0,0
4.209,50.01271639936,399.98332564027,0,223,-0.531545495370141,0,223,0,223,222.46845450463,97.5559920264429,0,919.513525061451,1,0,0
4.21,50.012695205361,399.983353430871,0,223,-0.530659586186489,0,223,0,223,222.469340413814,97.5605699302125,0,919.513525061451,1,0,0
4.211,50.0126740466853,399.983381175153,0,223,-0.529775153518396,0,223,0,223,222.470224846482,97.5651402041425,0,919.513525061451,1,0,0
4.212,50.0126529232741,399.983408873196,0,223,-0.528892194904996,0,223,0,223,222.471107805095,97.5697028609492,0,919.513525061451,1,0,0
4.213,50.0126318350686,399.983436525074,0,223,-0.528010707889547,0,223,0,223,222.471989292111,97.5742579133279,0,919.513525061451,1,0,0
4.214,50.0126107820101,399.983464130867,0,223,-0.527130690019388,0,223,0,223,222.472869309981,97.5788053739525,0,919.513525061451,1,0,0
4.215,50.01258976404,399.983491690649,0,223,-0.526252138845944,0,223,0,223,222.473747861154,97.5833452554762,0,919.513525061451,1,0,0
4.216,50.0125687810999,399.983519204499,0,223,-0.525375051924691,0,223,0,223,222.474624948076,97.5878775705306,0,919.513525061451,1,0,0
4.217,50.0125478331313,399.983546672492,0,223,-0.524499426815233,0,223,0,223,222.475500573185,97.5924023317265,0,919.513525061451,1,0,0
4.218,50.012526920076,399.983574094705,0,223,-0.523625261081192,0,223,0,223,222.476374738919,97.5969195516538,0,919.513525061451,1,0,0
4.219,50.0125060418758,399.983601471215,0,223,-0.522752552290289,0,223,0,223,222.47724744771,97.6014292428812,0,919.513525061451,1,0,0
4.22,50.0124851984727,399.983628802097,0,223,-0.521881298014275,0,223,0,223,222.478118701986,97.6059314179565,0,919.513525061451,1,0,0
4.221,50.0124643898085,399.983656087428,0,223,-0.521011495828973,0,223,0,223,222.478988504171,97.6104260894066,0,919.513525061451,1,0,0
4.222,50.0124436158254,399.983683327283,0,223,-0.520143143314214,0,223,0,223,222.479856856686,97.6149132697377,0,919.513525061451,1,0,0
4.223,50.0124228764656,399.983710521738,0,223,-0.519276238053877,0,223,0,223,222.480723761947,97.6193929714348,0,919.513525061451,1,0,0
4.224,50.0124021716715,399.983737670869,0,223,-0.518410777635867,0,223,0,223,222.481589222365,97.6238652069625,0,919.513525061451,1,0,0
4.225,50.0123815013853,399.983764774752,0,223,-0.517546759652119,0,223,0,223,222.482453240348,97.6283299887642,0,919.513525061451,1,0,0
4.226,50.0123608655496,399.983791833461,0,223,-0.516684181698574,0,223,0,223,222.483315818302,97.6327873292629,0,919.513525061451,1,0,0
4.227,50.012340264107,399.983818847073,0,223,-0.515823041375192,0,223,0,223,222.484176958625,97.6372372408607,0,919.513525061451,1,0,0
4.228,50.0123196970001,399.983845815661,0,223,-0.514963336285923,0,223,0,223,222.485036663714,97.6416797359392,0,919.513525061451,1,0,0
4.229,50.0122991641717,399.983872739303,0,223,-0.514105064038685,0,223,0,223,222.485894935962,97.6461148268593,0,919.513525061451,1,0,0
4.23,50.0122786655647,399.983899618071,0,223,-0.513248222245419,0,223,0,223,222.486751777755,97.6505425259611,0,919.513525061451,1,0,0
4.231,50.012258201122,399.983926452042,0,223,-0.512392808522022,0,223,0,223,222.487607191478,97.6549628455644,0,919.513525061451,1,0,0
4.232,50.0122377707867,399.983953241289,0,223,-0.511538820488368,0,223,0,223,222.488461179512,97.6593757979683,0,919.513525061451,1,0,0
4.233,50.012217374502,399.983979985887,0,223,-0.510686255768324,0,223,0,223,222.489313744232,97.6637813954515,0,919.513525061451,1,0,0
4.234,50.0121970122112,399.984006685911,0,223,-0.509835111989691,0,223,0,223,222.490164888011,97.6681796502722,0,919.513525061451,1,0,0
4.235,50.0121766838574,399.984033341436,0,223,-0.508985386784223,0,223,0,223,222.491014613216,97.6725705746682,0,919.513525061451,1,0,0
4.236,50.0121563893843,399.984059952534,0,223,-0.508137077787645,0,223,0,223,222.491862922213,97.6769541808569,0,919.513525061451,1,0,0
4.237,50.0121361287352,399.98408651928,0,223,-0.507290182639602,0,223,0,223,222.492709817361,97.6813304810352,0,919.513525061451,1,0,0
4.238,50.012115901854,399.984113041749,0,223,-0.506444698983675,0,223,0,223,222.493555301017,97.6856994873799,0,919.513525061451,1,0,0
4.239,50.0120957086842,399.984139520013,0,223,-0.50560062446737,0,223,0,223,222.494399375533,97.6900612120474,0,919.513525061451,1,0,0
4.24,50.0120755491697,399.984165954147,0,223,-0.504757956742135,0,223,0,223,222.495242043258,97.6944156671737,0,919.513525061451,1,0,0
4.241,50.0120554232543,399.984192344224,0,223,-0.503916693463313,0,223,0,223,222.496083306537,97.6987628648747,0,919.513525061451,1,0,0
4.242,50.0120353308822,399.984218690317,0,223,-0.503076832290166,0,223,0,223,222.49692316771,97.7031028172463,0,919.513525061451,1,0,0
4.243,50.0120152719973,399.984244992501,0,223,-0.502238370885821,0,223,0,223,222.497761629115,97.7074355363639,0,919.513525061451,1,0,0
4.244,50.011995246544,399.984271250847,0,223,-0.501401306917341,0,223,0,223,222.498598693083,97.711761034283,0,919.513525061451,1,0,0
4.245,50.0119752544663,399.98429746543,0,223,-0.500565638055667,0,223,0,223,222.499434361945,97.7160793230388,0,919.513525061451,1,0,0
4.246,50.0119552957089,399.984323636321,0,223,-0.499731361975617,0,223,0,223,222.500268638025,97.7203904146467,0,919.513525061451,1,0,0
4.247,50.011935370216,399.984349763594,0,223,-0.49889847635587,0,223,0,223,222.501101523645,97.7246943211018,0,919.513525061451,1,0,0
4.248,50.0119154779322,399.984375847322,0,223,-0.498066978879002,0,223,0,223,222.501933021121,97.7289910543796,0,919.513525061451,1,0,0
4.249,50.0118956188023,399.984401887577,0,223,-0.497236867231435,0,223,0,223,222.502763132769,97.7332806264352,0,919.513525061451,1,0,0
4.25,50.0118757927709,399.984427884432,0,223,-0.496408139103471,0,223,0,223,222.503591860897,97.737563049204,0,919.513525061451,1,0,0
4.251,50.0118559997829,399.984453837958,0,223,-0.495580792189247,0,223,0,223,222.504419207811,97.7418383346016,0,919.513525061451,1,0,0
4.252,50.0118362397832,399.984479748229,0,223,-0.494754824186731,0,223,0,223,222.505245175814,97.7461064945234,0,919.513525061451,1,0,0
4.253,50.0118165127169,399.984505615316,0,223,-0.493930232797719,0,223,0,223,222.506069767203,97.7503675408454,0,919.513525061451,1,0,0
4.254,50.011796818529,399.98453143929,0,223,-0.493107015727869,0,223,0,223,222.506892984273,97.7546214854235,0,919.513525061451,1,0,0
4.255,50.0117771571647,399.984557220225,0,223,-0.492285170686658,0,223,0,223,222.507714829314,97.7588683400939,0,919.513525061451,1,0,0
4.256,50.0117575285694,399.984582958192,0,223,-0.491464695387346,0,223,0,223,222.508535304613,97.7631081166732,0,919.513525061451,1,0,0
4.257,50.0117379326884,399.984608653262,0,223,-0.490645587547049,0,223,0,223,222.509354412453,97.7673408269582,0,919.513525061451,1,0,0
4.258,50.0117183694673,399.984634305507,0,223,-0.489827844886663,0,223,0,223,222.510172155114,97.7715664827261,0,919.513525061451,1,0,0
4.259,50.0116988388514,399.984659914999,0,223,-0.489011465130868,0,223,0,223,222.51098853487,97.7757850957343,0,919.513525061451,1,0,0
4.26,50.0116793407867,399.984685481808,0,223,-0.488196446008164,0,223,0,223,222.511803553992,97.7799966777208,0,919.513525061451,1,0,0
4.261,50.0116598752186,399.984711006005,0,223,-0.487382785250836,0,223,0,223,222.51261721475,97.784201240404,0,919.513525061451,1,0,0
4.262,50.0116404420932,399.984736487662,0,223,-0.48657048059492,0,223,0,223,222.513429519405,97.7883987954827,0,919.513525061451,1,0,0
4.263,50.0116210413564,399.98476192685,0,223,-0.485759529780248,0,223,0,223,222.51424047022,97.7925893546363,0,919.513525061451,1,0,0
4.264,50.0116016729541,399.984787323639,0,223,-0.484949930550409,0,223,0,223,222.51505006945,97.7967729295246,0,919.513525061451,1,0,0
4.265,50.0115823368325,399.9848126781,0,223,-0.484141680652761,0,223,0,223,222.515858319348,97.800949531788,0,919.513525061451,1,0,0
4.266,50.0115630329377,399.984837990303,0,223,-0.483334777838431,0,223,0,223,222.516665222162,97.8051191730477,0,919.513525061451,1,0,0
4.267,50.0115437612161,399.98486326032,0,223,-0.482529219862289,0,223,0,223,222.517470780138,97.8092818649053,0,919.513525061451,1,0,0
4.268,50.011524521614,399.98488848822,0,223,-0.481725004482919,0,223,0,223,222.518274995517,97.8134376189431,0,919.513525061451,1,0,0
4.269,50.011505314078,399.984913674073,0,223,-0.480922129462661,0,223,0,223,222.519077870538,97.8175864467241,0,919.513525061451,1,0,0
4.27,50.0114861385545,399.98493881795,0,223,-0.480120592567588,0,223,0,223,222.519879407433,97.8217283597922,0,919.513525061451,1,0,0
4.271,50.0114669949902,399.984963919921,0,223,-0.479320391567477,0,223,0,223,222.520679608433,97.8258633696718,0,919.513525061451,1,0,0
4.272,50.0114478833319,399.984988980055,0,223,-0.478521524235856,0,223,0,223,222.521478475765,97.8299914878683,0,919.513525061451,1,0,0
4.273,50.0114288035263,399.985013998422,0,223,-0.477723988349944,0,223,0,223,222.52227601165,97.8341127258678,0,919.513525061451,1,0,0
4.274,50.0114097555204,399.985038975091,0,223,-0.47692778169066,0,223,0,223,222.52307221831,97.8382270951372,0,919.513525061451,1,0,0
4.275,50.0113907392611,399.985063910133,0,223,-0.476132902042603,0,223,0,223,222.523867097958,97.8423346071246,0,919.513525061451,1,0,0
4.276,50.0113717546957,399.985088803617,0,223,-0.475339347194103,0,223,0,223,222.524660652806,97.8464352732586,0,919.513525061451,1,0,0
4.277,50.0113528017711,399.985113655611,0,223,-0.474547114937159,0,223,0,223,222.525452885063,97.850529104949,0,919.513525061451,1,0,0
4.278,50.0113338804348,399.985138466185,0,223,-0.473756203067458,0,223,0,223,222.526243796933,97.8546161135866,0,919.513525061451,1,0,0
4.279,50.0113149906341,399.985163235409,0,223,-0.472966609384349,0,223,0,223,222.527033390616,97.8586963105432,0,919.513525061451,1,0,0
4.28,50.0112961323163,399.98518796335,0,223,-0.472178331690831,0,223,0,223,222.52782166831,97.8627697071714,0,919.513525061451,1,0,0
4.281,50.0112773054291,399.985212650078,0,223,-0.471391367793602,0,223,0,223,222.528608632207,97.8668363148053,0,919.513525061451,1,0,0
4.282,50.01125850992,399.985237295662,0,223,-0.470605715503007,0,223,0,223,222.529394284497,97.8708961447598,0,919.513525061451,1,0,0
4.283,50.0112397457368,399.985261900169,0,223,-0.469821372633016,0,223,0,223,222.530178627367,97.874949208331,0,919.513525061451,1,0,0
4.284,50.0112210128272,399.985286463669,0,223,-0.469038337001288,0,223,0,223,222.530961662999,97.8789955167963,0,919.513525061451,1,0,0
4.285,50.0112023111391,399.98531098623,0,223,-0.468256606429074,0,223,0,223,222.531743393571,97.883035081414,0,919.513525061451,1,0,0
4.286,50.0111836406206,399.98533546792,0,223,-0.467476178741283,0,223,0,223,222.532523821259,97.8870679134241,0,919.513525061451,1,0,0
4.287,50.0111650012195,399.985359908807,0,223,-0.466697051766424,0,223,0,223,222.533302948234,97.8910940240475,0,919.513525061451,1,0,0
4.288,50.0111463928841,399.98538430896,0,223,-0.465919223336634,0,223,0,223,222.534080776664,97.8951134244865,0,919.513525061451,1,0,0
4.289,50.0111278155626,399.985408668445,0,223,-0.465142691287698,0,223,0,223,222.534857308713,97.8991261259248,0,919.513525061451,1,0,0
4.29,50.0111092692033,399.985432987331,0,223,-0.464367453458968,0,223,0,223,222.535632546541,97.9031321395273,0,919.513525061451,1,0,0
4.291,50.0110907537546,399.985457265686,0,223,-0.463593507693422,0,223,0,223,222.536406492307,97.9071314764405,0,919.513525061451,1,0,0
4.292,50.011072269165,399.985481503577,0,223,-0.462820851837614,0,223,0,223,222.537179148163,97.9111241477922,0,919.513525061451,1,0,0
4.293,50.011053815383,399.985505701071,0,223,-0.462049483741673,0,223,0,223,222.537950516259,97.9151101646916,0,919.513525061451,1,0,0
4.294,50.0110353923574,399.985529858236,0,223,-0.461279401259357,0,223,0,223,222.538720598741,97.9190895382295,0,919.513525061451,1,0,0
4.295,50.0110170000368,399.98555397514,0,223,-0.460510602247943,0,223,0,223,222.539489397752,97.9230622794782,0,919.513525061451,1,0,0
4.296,50.01099863837,399.985578051848,0,223,-0.459743084568324,0,223,0,223,222.540256915432,97.9270283994914,0,919.513525061451,1,0,0
4.297,50.010980307306,399.985602088429,0,223,-0.458976846084932,0,223,0,223,222.541023153915,97.9309879093046,0,919.513525061451,1,0,0
4.298,50.0109620067938,399.985626084948,0,223,-0.458211884665804,0,223,0,223,222.541788115335,97.9349408199348,0,919.513525061451,1,0,0
4.299,50.0109437367825,399.985650041474,0,223,-0.457448198182465,0,223,0,223,222.542551801818,97.9388871423805,0,919.513525061451,1,0,0
4.3,50.0109254972212,399.985673958071,0,223,-0.456685784510038,0,223,0,223,222.54331421549,97.9428268876222,0,919.513525061451,1,0,0
4.301,50.0109072880591,399.985697834808,0,223,-0.455924641527161,0,223,0,223,222.544075358473,97.9467600666218,0,919.513525061451,1,0,0
4.302,50.0108891092456,399.98572167175,0,223,-0.455164767116025,0,223,0,223,222.544835232884,97.9506866903231,0,919.513525061451,1,0,0
4.303,50.0108709607302,399.985745468964,0,223,-0.454406159162334,0,223,0,223,222.545593840838,97.9546067696516,0,919.513525061451,1,0,0
4.304,50.0108528424623,399.985769226516,0,223,-0.453648815555337,0,223,0,223,222.546351184445,97.9585203155144,0,919.513525061451,1,0,0
4.305,50.0108347543915,399.985792944473,0,223,-0.452892734187796,0,223,0,223,222.547107265813,97.9624273388009,0,919.513525061451,1,0,0
4.306,50.0108166964675,399.985816622899,0,223,-0.452137912955981,0,223,0,223,222.547862087044,97.9663278503818,0,919.513525061451,1,0,0
4.307,50.01079866864,399.985840261861,0,223,-0.45138434975967,0,223,0,223,222.548615650241,97.9702218611101,0,919.513525061451,1,0,0
4.308,50.010780670859,399.985863861425,0,223,-0.45063204250212,0,223,0,223,222.549367957498,97.9741093818205,0,919.513525061451,1,0,0
4.309,50.0107627030742,399.985887421656,0,223,-0.449880989090098,0,223,0,223,222.55011901091,97.9779904233298,0,919.513525061451,1,0,0
4.31,50.0107447652357,399.98591094262,0,223,-0.449131187433854,0,223,0,223,222.550868812567,97.9818649964365,0,919.513525061451,1,0,0
4.311,50.0107268572936,399.985934424383,0,223,-0.448382635447118,0,223,0,223,222.551617364553,97.9857331119213,0,919.513525061451,1,0,0
4.312,50.0107089791981,399.985957867009,0,223,-0.447635331047112,0,223,0,223,222.552364668953,97.989594780547,0,919.513525061451,1,0,0
4.313,50.0106911308994,399.985981270564,0,223,-0.446889272154545,0,223,0,223,222.553110727846,97.9934500130583,0,919.513525061451,1,0,0
4.314,50.0106733123479,399.986004635113,0,223,-0.446144456693555,0,223,0,223,222.553855543307,97.9972988201822,0,919.513525061451,1,0,0
4.315,50.010655523494,399.986027960722,0,223,-0.445400882591745,0,223,0,223,222.554599117409,98.0011412126274,0,919.513525061451,1,0,0
4.316,50.0106377642881,399.986051247454,0,223,-0.444658547780194,0,223,0,223,222.55534145222,98.0049772010852,0,919.513525061451,1,0,0
4.317,50.010620034681,399.986074495375,0,223,-0.443917450193428,0,223,0,223,222.556082549807,98.008806796229,0,919.513525061451,1,0,0
4.318,50.0106023346232,399.98609770455,0,223,-0.443177587769388,0,223,0,223,222.556822412231,98.0126300087141,0,919.513525061451,1,0,0
4.319,50.0105846640654,399.986120875042,0,223,-0.442438958449481,0,223,0,223,222.557561041551,98.0164468491784,0,919.513525061451,1,0,0
4.32,50.0105670229586,399.986144006918,0,223,-0.441701560178515,0,223,0,223,222.558298439822,98.020257328242,0,919.513525061451,1,0,0
4.321,50.0105494112537,399.98616710024,0,223,-0.440965390904744,0,223,0,223,222.559034609096,98.0240614565071,0,919.513525061451,1,0,0
4.322,50.0105318289016,399.986190155073,0,223,-0.440230448579846,0,223,0,223,222.559769551421,98.0278592445584,0,919.513525061451,1,0,0
4.323,50.0105142758534,399.986213171481,0,223,-0.439496731158898,0,223,0,223,222.560503268842,98.031650702963,0,919.513525061451,1,0,0
4.324,50.0104967520603,399.986236149529,0,223,-0.438764236600386,0,223,0,223,222.5612357634,98.0354358422702,0,919.513525061451,1,0,0
4.325,50.0104792574735,399.98625908928,0,223,-0.438032962866222,0,223,0,223,222.561967037134,98.0392146730119,0,919.513525061451,1,0,0
4.326,50.0104617920444,399.986281990798,0,223,-0.437302907921682,0,223,0,223,222.562697092079,98.0429872057024,0,919.513525061451,1,0,0
4.327,50.0104443557243,399.986304854147,0,223,-0.436574069735461,0,223,0,223,222.563425930265,98.0467534508384,0,919.513525061451,1,0,0
4.328,50.0104269484647,399.98632767939,0,223,-0.43584644627965,0,223,0,223,222.564153553721,98.0505134188991,0,919.513525061451,1,0,0
4.329,50.0104095702173,399.986350466591,0,223,-0.435120035529676,0,223,0,223,222.564879964471,98.0542671203464,0,919.513525061451,1,0,0
4.33,50.0103922209336,399.986373215814,0,223,-0.434394835464362,0,223,0,223,222.565605164536,98.0580145656246,0,919.513525061451,1,0,0
4.331,50.0103749005653,399.986395927121,0,223,-0.433670844065905,0,223,0,223,222.566329155934,98.0617557651607,0,919.513525061451,1,0,0
4.332,50.0103576090644,399.986418600576,0,223,-0.432948059319856,0,223,0,223,222.567051940681,98.0654907293642,0,919.513525061451,1,0,0
4.333,50.0103403463826,399.986441236242,0,223,-0.432226479215145,0,223,0,223,222.567773520785,98.0692194686274,0,919.513525061451,1,0,0
4.334,50.0103231124719,399.986463834182,0,223,-0.431506101744019,0,223,0,223,222.568493898256,98.0729419933251,0,919.513525061451,1,0,0
4.335,50.0103059072845,399.986486394458,0,223,-0.430786924902071,0,223,0,223,222.569213075098,98.076658313815,0,919.513525061451,1,0,0
4.336,50.0102887307723,399.986508917134,0,223,-0.430068946688256,0,223,0,223,222.569931053312,98.0803684404374,0,919.513525061451,1,0,0
4.337,50.0102715828877,399.986531402273,0,223,-0.429352165104879,0,223,0,223,222.570647834896,98.0840723835154,0,919.513525061451,1,0,0
4.338,50.0102544635828,399.986553849936,0,223,-0.428636578157544,0,223,0,223,222.571363421843,98.087770153355,0,919.513525061451,1,0,0
4.339,50.0102373728102,399.986576260186,0,223,-0.427922183855175,0,223,0,223,222.572077816145,98.0914617602448,0,919.513525061451,1,0,0
4.34,50.0102203105222,399.986598633086,0,223,-0.427208980210044,0,223,0,223,222.57279101979,98.0951472144565,0,919.513525061451,1,0,0
4.341,50.0102032766713,399.986620968698,0,223,-0.42649696523772,0,223,0,223,222.573503034763,98.0988265262445,0,919.513525061451,1,0,0
4.342,50.0101862712102,399.986643267083,0,223,-0.425786136957094,0,223,0,223,222.574213863043,98.1024997058462,0,919.513525061451,1,0,0
4.343,50.0101692940915,399.986665528305,0,223,-0.425076493390333,0,223,0,223,222.57492350661,98.1061667634818,0,919.513525061451,1,0,0
4.344,50.010152345268,399.986687752425,0,223,-0.424368032562907,0,223,0,223,222.575631967437,98.1098277093547,0,919.513525061451,1,0,0
4.345,50.0101354246925,399.986709939504,0,223,-0.423660752503579,0,223,0,223,222.576339247497,98.1134825536512,0,919.513525061451,1,0,0
4.346,50.010118532318,399.986732089605,0,223,-0.422954651244399,0,223,0,223,222.577045348756,98.1171313065405,0,919.513525061451,1,0,0
4.347,50.0101016680975,399.986754202789,0,223,-0.422249726820729,0,223,0,223,222.57775027318,98.120773978175,0,919.513525061451,1,0,0
4.348,50.0100848319839,399.986776279118,0,223,-0.421545977271165,0,223,0,223,222.578454022729,98.12441057869,0,919.513525061451,1,0,0
4.349,50.0100680239306,399.986798318653,0,223,-0.420843400637567,0,223,0,223,222.579156599363,98.1280411182043,0,919.513525061451,1,0,0
4.35,50.0100512438907,399.986820321455,0,223,-0.42014199496509,0,223,0,223,222.579858005035,98.1316656068193,0,919.513525061451,1,0,0
4.351,50.0100344918176,399.986842287586,0,223,-0.419441758302143,0,223,0,223,222.580558241698,98.13528405462,0,919.513525061451,1,0,0
4.352,50.0100177676645,399.986864217107,0,223,-0.418742688700347,0,223,0,223,222.5812573113,98.1388964716743,0,919.513525061451,1,0,0
4.353,50.0100010713851,399.986886110079,0,223,-0.418044784214603,0,223,0,223,222.581955215786,98.1425028680335,0,919.513525061451,1,0,0
4.354,50.0099844029328,399.986907966562,0,223,-0.417348042903057,0,223,0,223,222.582651957097,98.1461032537322,0,919.513525061451,1,0,0
4.355,50.0099677622612,399.986929786618,0,223,-0.416652462827094,0,223,0,223,222.583347537173,98.149697638788,0,919.513525061451,1,0,0
4.356,50.0099511493241,399.986951570307,0,223,-0.415958042051301,0,223,0,223,222.584041957949,98.153286033202,0,919.513525061451,1,0,0
4.357,50.0099345640752,399.98697331769,0,223,-0.415264778643538,0,223,0,223,222.584735221357,98.1568684469586,0,919.513525061451,1,0,0
4.358,50.0099180064684,399.986995028827,0,223,-0.414572670674831,0,223,0,223,222.585427329326,98.1604448900257,0,919.513525061451,1,0,0
4.359,50.0099014764576,399.98701670378,0,223,-0.413881716219479,0,223,0,223,222.586118283781,98.1640153723543,0,919.513525061451,1,0,0
4.36,50.0098849739968,399.987038342607,0,223,-0.413191913354946,0,223,0,223,222.586808086645,98.1675799038791,0,919.513525061451,1,0,0
4.361,50.0098684990402,399.987059945369,0,223,-0.4125032601619,0,223,0,223,222.587496739838,98.1711384945179,0,919.513525061451,1,0,0
4.362,50.0098520515417,399.987081512127,0,223,-0.411815754724215,0,223,0,223,222.588184245276,98.1746911541724,0,919.513525061451,1,0,0
4.363,50.0098356314558,399.98710304294,0,223,-0.411129395128977,0,223,0,223,222.588870604871,98.1782378927274,0,919.513525061451,1,0,0
4.364,50.0098192387367,399.987124537869,0,223,-0.410444179466444,0,223,0,223,222.589555820534,98.1817787200515,0,919.513525061451,1,0,0
4.365,50.0098028733388,399.987145996973,0,223,-0.40976010583006,0,223,0,223,222.59023989417,98.1853136459967,0,919.513525061451,1,0,0
4.366,50.0097865352166,399.987167420311,0,223,-0.40907717231645,0,223,0,223,222.590922827684,98.1888426803987,0,919.513525061451,1,0,0
4.367,50.0097702243246,399.987188807944,0,223,-0.408395377025434,0,223,0,223,222.591604622975,98.1923658330767,0,919.513525061451,1,0,0
4.368,50.0097539406173,399.987210159931,0,223,-0.407714718059955,0,223,0,223,222.59228528194,98.1958831138335,0,919.513525061451,1,0,0
4.369,50.0097376840496,399.987231476331,0,223,-0.407035193526124,0,223,0,223,222.592964806474,98.1993945324558,0,919.513525061451,1,0,0
4.37,50.0097214545762,399.987252757204,0,223,-0.40635680153323,0,223,0,223,222.593643198467,98.2029000987136,0,919.513525061451,1,0,0
4.371,50.0097052521519,399.987274002609,0,223,-0.40567954019371,0,223,0,223,222.594320459807,98.2063998223611,0,919.513525061451,1,0,0
4.372,50.0096890767316,399.987295212605,0,223,-0.405003407623156,0,223,0,223,222.594996592377,98.2098937131358,0,919.513525061451,1,0,0
4.373,50.0096729282704,399.98731638725,0,223,-0.404328401940254,0,223,0,223,222.59567159806,98.2133817807592,0,919.513525061451,1,0,0
4.374,50.0096568067233,399.987337526605,0,223,-0.403654521266869,0,223,0,223,222.596345478734,98.2168640349365,0,919.513525061451,1,0,0
4.375,50.0096407120454,399.987358630727,0,223,-0.402981763727979,0,223,0,223,222.597018236272,98.2203404853569,0,919.513525061451,1,0,0
4.376,50.009624644192,399.987379699676,0,223,-0.402310127451689,0,223,0,223,222.597689872549,98.2238111416932,0,919.513525061451,1,0,0
4.377,50.0096086031183,399.98740073351,0,223,-0.401639610569243,0,223,0,223,222.598360389431,98.2272760136023,0,919.513525061451,1,0,0
4.378,50.0095925887798,399.987421732288,0,223,-0.400970211214963,0,223,0,223,222.599029788785,98.230735110725,0,919.513525061451,1,0,0
4.379,50.0095766011318,399.987442696068,0,223,-0.400301927526336,0,223,0,223,222.599698072474,98.2341884426857,0,919.513525061451,1,0,0
4.38,50.0095606401299,399.987463624908,0,223,-0.399634757643921,0,223,0,223,222.600365242356,98.2376360190931,0,919.513525061451,1,0,0
4.381,50.0095447057297,399.987484518866,0,223,-0.398968699711357,0,223,0,223,222.601031300289,98.2410778495399,0,919.513525061451,1,0,0
4.382,50.0095287978868,399.987505378002,0,223,-0.398303751875387,0,223,0,223,222.601696248125,98.2445139436026,0,919.513525061451,1,0,0
4.383,50.009512916557,399.987526202372,0,223,-0.397639912285869,0,223,0,223,222.602360087715,98.2479443108419,0,919.513525061451,1,0,0
4.384,50.0094970616961,399.987546992034,0,223,-0.396977179095722,0,223,0,223,222.603022820905,98.2513689608024,0,919.513525061451,1,0,0
4.385,50.0094812332599,399.987567747048,0,223,-0.396315550460939,0,223,0,223,222.603684449539,98.254787903013,0,919.513525061451,1,0,0
4.386,50.0094654312045,399.987588467469,0,223,-0.395655024540577,0,223,0,223,222.60434497546,98.2582011469866,0,919.513525061451,1,0,0
4.387,50.0094496554858,399.987609153357,0,223,-0.394995599496804,0,223,0,223,222.605004400504,98.2616087022202,0,919.513525061451,1,0,0
4.388,50.00943390606,399.987629804768,0,223,-0.394337273494813,0,223,0,223,222.605662726506,98.2650105781951,0,919.513525061451,1,0,0
4.389,50.0094181828832,399.98765042176,0,223,-0.393680044702877,0,223,0,223,222.606319955298,98.2684067843767,0,919.513525061451,1,0,0
4.39,50.0094024859117,399.987671004391,0,223,-0.393023911292297,0,223,0,223,222.606976088708,98.2717973302146,0,919.513525061451,1,0,0
4.391,50.0093868151019,399.987691552717,0,223,-0.392368871437425,0,223,0,223,222.607631128563,98.2751822251428,0,919.513525061451,1,0,0
4.392,50.00937117041,399.987712066796,0,223,-0.391714923315682,0,223,0,223,222.608285076685,98.2785614785795,0,919.513525061451,1,0,0
4.393,50.0093555517927,399.987732546685,0,223,-0.391062065107511,0,223,0,223,222.608937934893,98.2819350999271,0,919.513525061451,1,0,0
4.394,50.0093399592063,399.98775299244,0,223,-0.390410294996398,0,223,0,223,222.609589705004,98.2853030985724,0,919.513525061451,1,0,0
4.395,50.0093243926077,399.98777340412,0,223,-0.389759611168825,0,223,0,223,222.610240388832,98.2886654838867,0,919.513525061451,1,0,0
4.396,50.0093088519533,399.987793781779,0,223,-0.389110011814328,0,223,0,223,222.610889988186,98.2920222652255,0,919.513525061451,1,0,0
4.397,50.0092933372,399.987814125477,0,223,-0.388461495125452,0,223,0,223,222.611538504875,98.2953734519287,0,919.513525061451,1,0,0
4.398,50.0092778483047,399.987834435268,0,223,-0.387814059297772,0,223,0,223,222.612185940703,98.2987190533207,0,919.513525061451,1,0,0
4.399,50.0092623852242,399.987854711209,0,223,-0.387167702529854,0,223,0,223,222.612832297471,98.3020590787104,0,919.513525061451,1,0,0
4.4,50.0092469479155,399.987874953357,0,223,-0.386522423023236,0,223,0,223,222.613477576977,98.3053935373911,0,919.513525061451,1,0,0
4.401,50.0092315363356,399.987895161768,0,223,-0.385878218982499,0,223,0,223,222.614121781018,98.3087224386406,0,919.513525061451,1,0,0
4.402,50.0092161504417,399.987915336499,0,223,-0.385235088615185,0,223,0,223,222.614764911385,98.3120457917215,0,919.513525061451,1,0,0
4.403,50.009200790191,399.987935477604,0,223,-0.384593030131859,0,223,0,223,222.615406969869,98.3153636058805,0,919.513525061451,1,0,0
4.404,50.0091854555407,399.987955585142,0,223,-0.38395204174603,0,223,0,223,222.616047958254,98.3186758903492,0,919.513525061451,1,0,0
4.405,50.0091701464481,399.987975659167,0,223,-0.38331212167422,0,223,0,223,222.616687878326,98.3219826543439,0,919.513525061451,1,0,0
4.406,50.0091548628707,399.987995699735,0,223,-0.382673268135881,0,223,0,223,222.617326731865,98.3252839070652,0,919.513525061451,1,0,0
4.407,50.0091396047659,399.988015706902,0,223,-0.382035479353467,0,223,0,223,222.617964520647,98.3285796576986,0,919.513525061451,1,0,0
4.408,50.0091243720913,399.988035680724,0,223,-0.381398753552391,0,223,0,223,222.618601246448,98.3318699154143,0,919.513525061451,1,0,0
4.409,50.0091091648044,399.988055621256,0,223,-0.38076308896102,0,223,0,223,222.619236911039,98.3351546893672,0,919.513525061451,1,0,0
4.41,50.0090939828631,399.988075528554,0,223,-0.380128483810671,0,223,0,223,222.61987151619,98.3384339886968,0,919.513525061451,1,0,0
4.411,50.009078826225,399.988095402673,0,223,-0.379494936335612,0,223,0,223,222.620505063665,98.3417078225275,0,919.513525061451,1,0,0
4.412,50.0090636948479,399.988115243669,0,223,-0.378862444773056,0,223,0,223,222.621137555227,98.3449761999685,0,919.513525061451,1,0,0
4.413,50.0090485886899,399.988135051596,0,223,-0.378231007363125,0,223,0,223,222.621768992637,98.3482391301138,0,919.513525061451,1,0,0
4.414,50.0090335077087,399.98815482651,0,223,-0.377600622348921,0,223,0,223,222.622399377651,98.3514966220421,0,919.513525061451,1,0,0
4.415,50.0090184518625,399.988174568466,0,223,-0.376971287976418,0,223,0,223,222.623028712024,98.3547486848172,0,919.513525061451,1,0,0
4.416,50.0090034211094,399.988194277519,0,223,-0.376343002494569,0,223,0,223,222.623656997506,98.3579953274877,0,919.513525061451,1,0,0
4.417,50.0089884154076,399.988213953723,0,223,-0.375715764155199,0,223,0,223,222.624284235845,98.3612365590871,0,919.513525061451,1,0,0
4.418,50.0089734347152,399.988233597133,0,223,-0.37508957121308,0,223,0,223,222.624910428787,98.3644723886338,0,919.513525061451,1,0,0
4.419,50.0089584789907,399.988253207805,0,223,-0.374464421925896,0,223,0,223,222.625535578075,98.3677028251313,0,919.513525061451,1,0,0
4.42,50.0089435481923,399.988272785792,0,223,-0.373840314554208,0,223,0,223,222.626159685446,98.370927877568,0,919.513525061451,1,0,0
4.421,50.0089286422787,399.988292331149,0,223,-0.373217247361496,0,223,0,223,222.626782752639,98.3741475549172,0,919.513525061451,1,0,0
4.422,50.0089137612082,399.98831184393,0,223,-0.372595218614123,0,223,0,223,222.627404781386,98.3773618661375,0,919.513525061451,1,0,0
4.423,50.0088989049395,399.988331324191,0,223,-0.371974226581345,0,223,0,223,222.628025773419,98.3805708201725,0,919.513525061451,1,0,0
4.424,50.0088840734313,399.988350771984,0,223,-0.37135426953531,0,223,0,223,222.628645730465,98.3837744259507,0,919.513525061451,1,0,0
4.425,50.0088692666422,399.988370187364,0,223,-0.370735345751031,0,223,0,223,222.629264654249,98.386972692386,0,919.513525061451,1,0,0
4.426,50.0088544845312,399.988389570385,0,223,-0.370117453506429,0,223,0,223,222.629882546494,98.3901656283772,0,919.513525061451,1,0,0
4.427,50.008839727057,399.988408921101,0,223,-0.369500591082263,0,223,0,223,222.630499408918,98.3933532428084,0,919.513525061451,1,0,0
4.428,50.0088249941785,399.988428239566,0,223,-0.368884756762179,0,223,0,223,222.631115243238,98.3965355445489,0,919.513525061451,1,0,0
4.429,50.0088102858549,399.988447525833,0,223,-0.36826994883264,0,223,0,223,222.631730051168,98.3997125424532,0,919.513525061451,1,0,0
4.43,50.0087956020451,399.988466779957,0,223,-0.367656165583014,0,223,0,223,222.632343834417,98.4028842453609,0,919.513525061451,1,0,0
4.431,50.0087809427084,399.98848600199,0,223,-0.367043405305505,0,223,0,223,222.632956594695,98.4060506620972,0,919.513525061451,1,0,0
4.432,50.0087663078039,399.988505191987,0,223,-0.366431666295163,0,223,0,223,222.633568333705,98.4092118014722,0,919.513525061451,1,0,0
4.433,50.0087516972909,399.98852435,0,223,-0.365820946849862,0,223,0,223,222.634179053151,98.4123676722816,0,919.513525061451,1,0,0
4.434,50.0087371111287,399.988543476084,0,223,-0.365211245270307,0,223,0,223,222.63478875473,98.4155182833063,0,919.513525061451,1,0,0
4.435,50.0087225492768,399.98856257029,0,223,-0.364602559860086,0,223,0,223,222.63539744014,98.4186636433126,0,919.513525061451,1,0,0
4.436,50.0087080116947,399.988581632673,0,223,-0.363994888925568,0,223,0,223,222.636005111075,98.4218037610523,0,919.513525061451,1,0,0
4.437,50.0086934983419,399.988600663286,0,223,-0.363388230775957,0,223,0,223,222.636611769224,98.4249386452624,0,919.513525061451,1,0,0
4.438,50.008679009178,399.98861966218,0,223,-0.362782583723265,0,223,0,223,222.637217416277,98.4280683046654,0,919.513525061451,1,0,0
4.439,50.0086645441627,399.98863862941,0,223,-0.362177946082366,0,223,0,223,222.637822053918,98.4311927479695,0,919.513525061451,1,0,0
4.44,50.0086501032557,399.988657565028,0,223,-0.361574316170897,0,223,0,223,222.638425683829,98.4343119838681,0,919.513525061451,1,0,0
4.441,50.008635686417,399.988676469086,0,223,-0.360971692309313,0,223,0,223,222.639028307691,98.4374260210401,0,919.513525061451,1,0,0
4.442,50.0086212936063,399.988695341637,0,223,-0.360370072820867,0,223,0,223,222.63962992718,98.4405348681502,0,919.513525061451,1,0,0
4.443,50.0086069247836,399.988714182735,0,223,-0.359769456031583,0,223,0,223,222.640230543969,98.4436385338485,0,919.513525061451,1,0,0
4.444,50.0085925799089,399.98873299243,0,223,-0.359169840270284,0,223,0,223,222.64083015973,98.4467370267706,0,919.513525061451,1,0,0
4.445,50.0085782589424,399.988751770776,0,223,-0.3585712238686,0,223,0,223,222.641428776132,98.4498303555378,0,919.513525061451,1,0,0
4.446,50.0085639618442,399.988770517825,0,223,-0.357973605160954,0,223,0,223,222.642026394839,98.4529185287571,0,919.513525061451,1,0,0
4.447,50.0085496885744,399.988789233629,0,223,-0.357376982484506,0,223,0,223,222.642623017516,98.456001555021,0,919.513525061451,1,0,0
4.448,50.0085354390935,399.988807918239,0,223,-0.356781354179211,0,223,0,223,222.643218645821,98.4590794429078,0,919.513525061451,1,0,0
4.449,50.0085212133617,399.988826571709,0,223,-0.356186718587761,0,223,0,223,222.643813281413,98.4621522009814,0,919.513525061451,1,0,0
4.45,50.0085070113394,399.988845194089,0,223,-0.355593074055648,0,223,0,223,222.644406925945,98.4652198377916,0,919.513525061451,1,0,0
4.451,50.0084928329871,399.988863785433,0,223,-0.355000418931108,0,223,0,223,222.644999581069,98.4682823618738,0,919.513525061451,1,0,0
4.452,50.0084786782655,399.98888234579,0,223,-0.354408751565108,0,223,0,223,222.645591248435,98.4713397817492,0,919.513525061451,1,0,0
4.453,50.0084645471351,399.988900875214,0,223,-0.353818070311402,0,223,0,223,222.646181929689,98.4743921059247,0,919.513525061451,1,0,0
4.454,50.0084504395565,399.988919373755,0,223,-0.353228373526483,0,223,0,223,222.646771626474,98.4774393428934,0,919.513525061451,1,0,0
4.455,50.0084363554906,399.988937841466,0,223,-0.352639659569569,0,223,0,223,222.647360340431,98.4804815011337,0,919.513525061451,1,0,0
4.456,50.0084222948981,399.988956278397,0,223,-0.352051926802589,0,223,0,223,222.647948073198,98.4835185891103,0,919.513525061451,1,0,0
4.457,50.0084082577399,399.988974684599,0,223,-0.351465173590248,0,223,0,223,222.64853482641,98.4865506152736,0,919.513525061451,1,0,0
4.458,50.008394243977,399.988993060125,0,223,-0.350879398299936,0,223,0,223,222.6491206017,98.48957758806,0,919.513525061451,1,0,0
4.459,50.0083802535704,399.989011405025,0,223,-0.350294599301798,0,223,0,223,222.649705400699,98.4925995158917,0,919.513525061451,1,0,0
4.46,50.0083662864811,399.98902971935,0,223,-0.349710774968679,0,223,0,223,222.650289225032,98.4956164071771,0,919.513525061451,1,0,0
4.461,50.0083523426703,399.989048003151,0,223,-0.349127923676119,0,223,0,223,222.650872076324,98.4986282703103,0,919.513525061451,1,0,0
4.462,50.0083384220992,399.989066256479,0,223,-0.348546043802379,0,223,0,223,222.651453956198,98.5016351136716,0,919.513525061451,1,0,0
4.463,50.008324524729,399.989084479385,0,223,-0.347965133728435,0,223,0,223,222.652034866272,98.5046369456273,0,919.513525061451,1,0,0
4.464,50.0083106505211,399.989102671919,0,223,-0.347385191837963,0,223,0,223,222.652614808162,98.5076337745297,0,919.513525061451,1,0,0
4.465,50.0082967994369,399.989120834133,0,223,-0.346806216517339,0,223,0,223,222.653193783483,98.5106256087173,0,919.513525061451,1,0,0
4.466,50.0082829714379,399.989138966076,0,223,-0.346228206155589,0,223,0,223,222.653771793845,98.5136124565146,0,919.513525061451,1,0,0
4.467,50.0082691664855,399.989157067799,0,223,-0.345651159144461,0,223,0,223,222.654348840856,98.5165943262322,0,919.513525061451,1,0,0
4.468,50.0082553845413,399.989175139353,0,223,-0.345075073878378,0,223,0,223,222.654924926122,98.519571226167,0,919.513525061451,1,0,0
4.469,50.0082416255671,399.989193180787,0,223,-0.344499948754436,0,223,0,223,222.655500051246,98.5225431646019,0,919.513525061451,1,0,0
4.47,50.0082278895245,399.989211192153,0,223,-0.343925782172396,0,223,0,223,222.656074217828,98.525510149806,0,919.513525061451,1,0,0
4.471,50.0082141763753,399.989229173499,0,223,-0.343352572534685,0,223,0,223,222.656647427466,98.5284721900348,0,919.513525061451,1,0,0
4.472,50.0082004860813,399.989247124877,0,223,-0.342780318246384,0,223,0,223,222.657219681754,98.5314292935299,0,919.513525061451,1,0,0
4.473,50.0081868186045,399.989265046335,0,223,-0.342209017715235,0,223,0,223,222.657790982285,98.5343814685192,0,919.513525061451,1,0,0
4.474,50.0081731739068,399.989282937925,0,223,-0.341638669351631,0,223,0,223,222.658361330649,98.5373287232168,0,919.513525061451,1,0,0
4.475,50.0081595519503,399.989300799695,0,223,-0.341069271568652,0,223,0,223,222.658930728432,98.5402710658233,0,919.513525061451,1,0,0
4.476,50.0081459526971,399.989318631696,0,223,-0.340500822781993,0,223,0,223,222.659499177218,98.5432085045254,0,919.513525061451,1,0,0
4.477,50.0081323761092,399.989336433976,0,223,-0.339933321409995,0,223,0,223,222.66006667859,98.5461410474963,0,919.513525061451,1,0,0
4.478,50.0081188221491,399.989354206586,0,223,-0.339366765873613,0,223,0,223,222.660633234127,98.5490687028956,0,919.513525061451,1,0,0
4.479,50.0081052907788,399.989371949575,0,223,-0.338801154596486,0,223,0,223,222.661198845404,98.5519914788693,0,919.513525061451,1,0,0
4.48,50.0080917819608,399.989389662993,0,223,-0.33823648600483,0,223,0,223,222.661763513996,98.5549093835497,0,919.513525061451,1,0,0
4.481,50.0080782956576,399.989407346888,0,223,-0.337672758527509,0,223,0,223,222.662327241473,98.5578224250556,0,919.513525061451,1,0,0
4.482,50.0080648318315,399.989425001309,0,223,-0.337109970596006,0,223,0,223,222.662890029404,98.5607306114923,0,919.513525061451,1,0,0
4.483,50.0080513904451,399.989442626307,0,223,-0.336548120644381,0,223,0,223,222.663451879356,98.5636339509516,0,919.513525061451,1,0,0
4.484,50.008037971461,399.98946022193,0,223,-0.335987207109357,0,223,0,223,222.664012792891,98.5665324515118,0,919.513525061451,1,0,0
4.485,50.0080245748419,399.989477788227,0,223,-0.33542722843024,0,223,0,223,222.66457277157,98.5694261212378,0,919.513525061451,1,0,0
4.486,50.0080112005505,399.989495325247,0,223,-0.334868183048931,0,223,0,223,222.665131816951,98.5723149681809,0,919.513525061451,1,0,0
4.487,50.0079978485496,399.989512833038,0,223,-0.334310069409924,0,223,0,223,222.66568993059,98.5751990003791,0,919.513525061451,1,0,0
4.488,50.007984518802,399.989530311649,0,223,-0.333752885960317,0,223,0,223,222.66624711404,98.5780782258569,0,919.513525061451,1,0,0
4.489,50.0079712112707,399.98954776113,0,223,-0.333196631149815,0,223,0,223,222.666803368851,98.5809526526256,0,919.513525061451,1,0,0
4.49,50.0079579259185,399.989565181528,0,223,-0.332641303430661,0,223,0,223,222.66735869657,98.5838222886831,0,919.513525061451,1,0,0
4.491,50.0079446627087,399.989582572892,0,223,-0.332086901257718,0,223,0,223,222.667913098743,98.5866871420137,0,919.513525061451,1,0,0
4.492,50.0079314216042,399.989599935271,0,223,-0.331533423088405,0,223,0,223,222.668466576912,98.5895472205889,0,919.513525061451,1,0,0
4.493,50.0079182025681,399.989617268712,0,223,-0.330980867382699,0,223,0,223,222.669019132618,98.5924025323663,0,919.513525061451,1,0,0
4.494,50.0079050055639,399.989634573264,0,223,-0.330429232603187,0,223,0,223,222.669570767397,98.5952530852909,0,919.513525061451,1,0,0
4.495,50.0078918305546,399.989651848975,0,223,-0.329878517214995,0,223,0,223,222.670121482785,98.5980988872939,0,919.513525061451,1,0,0
4.496,50.0078786775037,399.989669095894,0,223,-0.329328719685803,0,223,0,223,222.670671280315,98.6009399462936,0,919.513525061451,1,0,0
4.497,50.0078655463745,399.989686314067,0,223,-0.328779838485849,0,223,0,223,222.671220161515,98.6037762701949,0,919.513525061451,1,0,0
4.498,50.0078524371305,399.989703503544,0,223,-0.328231872087909,0,223,0,223,222.671768127912,98.6066078668897,0,919.513525061451,1,0,0
4.499,50.0078393497353,399.989720664371,0,223,-0.327684818967304,0,223,0,223,222.672315181033,98.6094347442567,0,919.513525061451,1,0,0
4.5,50.0078262841524,399.989737796597,0,223,-0.327138677601913,0,223,0,223,222.672861322398,98.6122569101614,0,919.513525061451,1,0,0
4.501,50.0078132403455,399.98975490027,0,223,-0.326593446472147,0,223,0,223,222.673406553528,98.6150743724563,0,919.513525061451,1,0,0
4.502,50.0078002182783,399.989771975436,0,223,-0.326049124060928,0,223,0,223,222.673950875939,98.6178871389806,0,919.513525061451,1,0,0
4.503,50.0077872179145,399.989789022144,0,223,-0.325505708853734,0,223,0,223,222.674494291147,98.6206952175608,0,919.513525061451,1,0,0
4.504,50.0077742392179,399.98980604044,0,223,-0.324963199338545,0,223,0,223,222.675036800662,98.62349861601,0,919.513525061451,1,0,0
4.505,50.0077612821526,399.989823030373,0,223,-0.32442159400589,0,223,0,223,222.675578405995,98.6262973421285,0,919.513525061451,1,0,0
4.506,50.0077483466823,399.989839991989,0,223,-0.323880891348788,0,223,0,223,222.676119108652,98.6290914037034,0,919.513525061451,1,0,0
4.507,50.0077354327712,399.989856925335,0,223,-0.323341089862802,0,223,0,223,222.676658910138,98.6318808085091,0,919.513525061451,1,0,0
4.508,50.0077225403832,399.98987383046,0,223,-0.322802188045981,0,223,0,223,222.677197811954,98.6346655643067,0,919.513525061451,1,0,0
4.509,50.0077096694826,399.989890707409,0,223,-0.322264184398874,0,223,0,223,222.677735815602,98.6374456788447,0,919.513525061451,1,0,0
4.51,50.0076968200335,399.98990755623,0,223,-0.321727077424512,0,223,0,223,222.678272922576,98.6402211598584,0,919.513525061451,1,0,0
4.511,50.0076839920001,399.98992437697,0,223,-0.321190865628427,0,223,0,223,222.678809134372,98.6429920150705,0,919.513525061451,1,0,0
4.512,50.0076711853467,399.989941169675,0,223,-0.320655547518669,0,223,0,223,222.679344452482,98.6457582521905,0,919.513525061451,1,0,0
4.513,50.0076584000378,399.989957934392,0,223,-0.320121121605747,0,223,0,223,222.679878878395,98.6485198789153,0,919.513525061451,1,0,0
4.514,50.0076456360378,399.989974671168,0,223,-0.31958758640269,0,223,0,223,222.680412413598,98.6512769029289,0,919.513525061451,1,0,0
4.515,50.007632893311,399.989991380049,0,223,-0.319054940424989,0,223,0,223,222.680945059575,98.6540293319025,0,919.513525061451,1,0,0
4.516,50.0076201718222,399.990008061083,0,223,-0.318523182190584,0,223,0,223,222.68147681781,98.6567771734945,0,919.513525061451,1,0,0
4.517,50.0076074715358,399.990024714314,0,223,-0.317992310219917,0,223,0,223,222.68200768978,98.6595204353505,0,919.513525061451,1,0,0
4.518,50.0075947924166,399.99004133979,0,223,-0.317462323035881,0,223,0,223,222.682537676965,98.6622591251034,0,919.513525061451,1,0,0
4.519,50.0075821344292,399.990057937557,0,223,-0.316933219163808,0,223,0,223,222.683066780837,98.6649932503733,0,919.513525061451,1,0,0
4.52,50.0075694975385,399.990074507662,0,223,-0.316404997131524,0,223,0,223,222.683595002869,98.6677228187679,0,919.513525061451,1,0,0
4.521,50.0075568817093,399.990091050149,0,223,-0.315877655469298,0,223,0,223,222.684122344531,98.6704478378817,0,919.513525061451,1,0,0
4.522,50.0075442869064,399.990107565065,0,223,-0.315351192709832,0,223,0,223,222.684648807291,98.673168315297,0,919.513525061451,1,0,0
4.523,50.0075317130949,399.990124052457,0,223,-0.314825607388317,0,223,0,223,222.685174392612,98.6758842585834,0,919.513525061451,1,0,0
4.524,50.0075191602397,399.990140512369,0,223,-0.314300898042348,0,223,0,223,222.685699101958,98.6785956752975,0,919.513525061451,1,0,0
4.525,50.007506628306,399.990156944849,0,223,-0.313777063211951,0,223,0,223,222.686222936788,98.6813025729838,0,919.513525061451,1,0,0
4.526,50.0074941172588,399.990173349941,0,223,-0.313254101439606,0,223,0,223,222.686745898561,98.684004959174,0,919.513525061451,1,0,0
4.527,50.0074816270634,399.990189727691,0,223,-0.312732011270236,0,223,0,223,222.68726798873,98.6867028413872,0,919.513525061451,1,0,0
4.528,50.007469157685,399.990206078145,0,223,-0.312210791251158,0,223,0,223,222.687789208749,98.68939622713,0,919.513525061451,1,0,0
4.529,50.0074567090888,399.990222401348,0,223,-0.311690439932114,0,223,0,223,222.688309560068,98.6920851238966,0,919.513525061451,1,0,0
4.53,50.0074442812403,399.990238697345,0,223,-0.311170955865259,0,223,0,223,222.688829044135,98.6947695391685,0,919.513525061451,1,0,0
4.531,50.0074318741049,399.990254966183,0,223,-0.310652337605186,0,223,0,223,222.689347662395,98.6974494804151,0,919.513525061451,1,0,0
4.532,50.0074194876481,399.990271207906,0,223,-0.310134583708886,0,223,0,223,222.689865416292,98.7001249550928,0,919.513525061451,1,0,0
4.533,50.0074071218353,399.99028742256,0,223,-0.309617692735736,0,223,0,223,222.690382307265,98.7027959706462,0,919.513525061451,1,0,0
4.534,50.0073947766323,399.990303610189,0,223,-0.309101663247529,0,223,0,223,222.690898336753,98.7054625345069,0,919.513525061451,1,0,0
4.535,50.0073824520046,399.990319770839,0,223,-0.308586493808467,0,223,0,223,222.691413506192,98.7081246540945,0,919.513525061451,1,0,0
4.536,50.0073701479179,399.990335904554,0,223,-0.308072182985156,0,223,0,223,222.691927817015,98.7107823368162,0,919.513525061451,1,0,0
4.537,50.007357864338,399.99035201138,0,223,-0.307558729346559,0,223,0,223,222.692441270654,98.7134355900666,0,919.513525061451,1,0,0
4.538,50.0073456012308,399.990368091361,0,223,-0.307046131464032,0,223,0,223,222.692953868536,98.7160844212283,0,919.513525061451,1,0,0
4.539,50.0073333585621,399.990384144542,0,223,-0.306534387911316,0,223,0,223,222.693465612089,98.7187288376713,0,919.513525061451,1,0,0
4.54,50.0073211362978,399.990400170968,0,223,-0.306023497264533,0,223,0,223,222.693976502736,98.7213688467537,0,919.513525061451,1,0,0
4.541,50.007308934404,399.990416170683,0,223,-0.305513458102182,0,223,0,223,222.694486541898,98.7240044558209,0,919.513525061451,1,0,0
4.542,50.0072967528466,399.990432143731,0,223,-0.3050042690051,0,223,0,223,222.694995730995,98.7266356722063,0,919.513525061451,1,0,0
4.543,50.0072845915919,399.990448090159,0,223,-0.304495928556529,0,223,0,223,222.695504071444,98.7292625032311,0,919.513525061451,1,0,0
4.544,50.0072724506059,399.990464010008,0,223,-0.303988435342044,0,223,0,223,222.696011564658,98.7318849562042,0,919.513525061451,1,0,0
4.545,50.0072603298549,399.990479903325,0,223,-0.303481787949585,0,223,0,223,222.696518212051,98.7345030384223,0,919.513525061451,1,0,0
4.546,50.0072482293051,399.990495770153,0,223,-0.302975984969457,0,223,0,223,222.697024015031,98.7371167571701,0,919.513525061451,1,0,0
4.547,50.007236148923,399.990511610536,0,223,-0.302471024994289,0,223,0,223,222.697528975006,98.73972611972,0,919.513525061451,1,0,0
4.548,50.0072240886748,399.990527424518,0,223,-0.301966906619074,0,223,0,223,222.698033093381,98.7423311333322,0,919.513525061451,1,0,0
4.549,50.007212048527,399.990543212144,0,223,-0.301463628441169,0,223,0,223,222.698536371559,98.7449318052551,0,919.513525061451,1,0,0
4.55,50.0072000284461,399.990558973457,0,223,-0.300961189060216,0,223,0,223,222.69903881094,98.7475281427249,0,919.513525061451,1,0,0
4.551,50.0071880283987,399.990574708502,0,223,-0.300459587078223,0,223,0,223,222.699540412922,98.7501201529655,0,919.513525061451,1,0,0
4.552,50.0071760483513,399.990590417321,0,223,-0.299958821099526,0,223,0,223,222.700041178901,98.752707843189,0,919.513525061451,1,0,0
4.553,50.0071640882708,399.990606099959,0,223,-0.299458889730791,0,223,0,223,222.70054111027,98.7552912205955,0,919.513525061451,1,0,0
4.554,50.0071521481236,399.990621756459,0,223,-0.298959791581015,0,223,0,223,222.701040208419,98.7578702923729,0,919.513525061451,1,0,0
4.555,50.0071402278768,399.990637386865,0,223,-0.298461525261493,0,223,0,223,222.701538474739,98.7604450656974,0,919.513525061451,1,0,0
4.556,50.007128327497,399.99065299122,0,223,-0.297964089385822,0,223,0,223,222.702035910615,98.7630155477331,0,919.513525061451,1,0,0
4.557,50.0071164469511,399.990668569568,0,223,-0.29746748256994,0,223,0,223,222.70253251743,98.765581745632,0,919.513525061451,1,0,0
4.558,50.0071045862062,399.990684121952,0,223,-0.296971703432098,0,223,0,223,222.703028296568,98.7681436665344,0,919.513525061451,1,0,0
4.559,50.0070927452292,399.990699648415,0,223,-0.296476750592819,0,223,0,223,222.703523249408,98.7707013175686,0,919.513525061451,1,0,0
4.56,50.0070809239872,399.990715149001,0,223,-0.295982622674948,0,223,0,223,222.704017377325,98.7732547058511,0,919.513525061451,1,0,0
4.561,50.0070691224472,399.990730623753,0,223,-0.295489318303619,0,223,0,223,222.704510681697,98.7758038384865,0,919.513525061451,1,0,0
4.562,50.0070573405764,399.990746072713,0,223,-0.294996836106259,0,223,0,223,222.705003163894,98.7783487225675,0,919.513525061451,1,0,0
4.563,50.0070455783421,399.990761495925,0,223,-0.29450517471256,0,223,0,223,222.705494825288,98.780889365175,0,919.513525061451,1,0,0
4.564,50.0070338357116,399.990776893432,0,223,-0.294014332754521,0,223,0,223,222.705985667246,98.7834257733782,0,919.513525061451,1,0,0
4.565,50.0070221126521,399.990792265276,0,223,-0.293524308866421,0,223,0,223,222.706475691134,98.7859579542343,0,919.513525061451,1,0,0
4.566,50.007010409131,399.990807611501,0,223,-0.293035101684792,0,223,0,223,222.706964898316,98.7884859147891,0,919.513525061451,1,0,0
4.567,50.0069987251157,399.990822932148,0,223,-0.292546709848457,0,223,0,223,222.707453290152,98.7910096620762,0,919.513525061451,1,0,0
4.568,50.0069870605739,399.990838227262,0,223,-0.29205913199851,0,223,0,223,222.707940868002,98.7935292031179,0,919.513525061451,1,0,0
4.569,50.0069754154729,399.990853496883,0,223,-0.291572366778324,0,223,0,223,222.708427633222,98.7960445449245,0,919.513525061451,1,0,0
4.57,50.0069637897805,399.990868741055,0,223,-0.291086412833518,0,223,0,223,222.708913587167,98.7985556944948,0,919.513525061451,1,0,0
4.571,50.0069521834642,399.99088395982,0,223,-0.29060126881194,0,223,0,223,222.709398731188,98.8010626588157,0,919.513525061451,1,0,0
4.572,50.0069405964917,399.99089915322,0,223,-0.290116933363744,0,223,0,223,222.709883066637,98.8035654448628,0,919.513525061451,1,0,0
4.573,50.0069290288309,399.990914321298,0,223,-0.289633405141296,0,223,0,223,222.710366594859,98.8060640595999,0,919.513525061451,1,0,0
4.574,50.0069174804495,399.990929464096,0,223,-0.289150682799219,0,223,0,223,222.710849317201,98.808558509979,0,919.513525061451,1,0,0
4.575,50.0069059513154,399.990944581656,0,223,-0.28866876499437,0,223,0,223,222.711331235006,98.8110488029408,0,919.513525061451,1,0,0
4.576,50.0068944413966,399.990959674019,0,223,-0.288187650385857,0,223,0,223,222.711812349615,98.8135349454144,0,919.513525061451,1,0,0
4.577,50.0068829506609,399.990974741229,0,223,-0.287707337635043,0,223,0,223,222.712292662365,98.8160169443171,0,919.513525061451,1,0,0
4.578,50.0068714790765,399.990989783327,0,223,-0.287227825405496,0,223,0,223,222.712772174595,98.8184948065551,0,919.513525061451,1,0,0
4.579,50.0068600266114,399.991004800355,0,223,-0.286749112362995,0,223,0,223,222.713250887637,98.8209685390226,0,919.513525061451,1,0,0
4.58,50.0068485932337,399.991019792355,0,223,-0.286271197175551,0,223,0,223,222.713728802825,98.8234381486027,0,919.513525061451,1,0,0
4.581,50.0068371789116,399.991034759367,0,223,-0.28579407851342,0,223,0,223,222.714205921487,98.8259036421668,0,919.513525061451,1,0,0
4.582,50.0068257836134,399.991049701435,0,223,-0.28531775504908,0,223,0,223,222.714682244951,98.828365026575,0,919.513525061451,1,0,0
4.583,50.0068144073074,399.991064618599,0,223,-0.284842225457176,0,223,0,223,222.715157774543,98.8308223086758,0,919.513525061451,1,0,0
4.584,50.0068030499619,399.991079510902,0,223,-0.284367488414608,0,223,0,223,222.715632511586,98.8332754953065,0,919.513525061451,1,0,0
4.585,50.0067917115453,399.991094378383,0,223,-0.28389354260044,0,223,0,223,222.7161064574,98.8357245932928,0,919.513525061451,1,0,0
4.586,50.006780392026,399.991109221086,0,223,-0.283420386695954,0,223,0,223,222.716579613304,98.8381696094491,0,919.513525061451,1,0,0
4.587,50.0067690913727,399.991124039051,0,223,-0.282948019384628,0,223,0,223,222.717051980616,98.8406105505785,0,919.513525061451,1,0,0
4.588,50.0067578095537,399.991138832319,0,223,-0.28247643935216,0,223,0,223,222.717523560648,98.8430474234726,0,919.513525061451,1,0,0
4.589,50.0067465465378,399.991153600932,0,223,-0.282005645286406,0,223,0,223,222.717994354714,98.845480234912,0,919.513525061451,1,0,0
4.59,50.0067353022936,399.991168344931,0,223,-0.281535635877443,0,223,0,223,222.718464364123,98.8479089916656,0,919.513525061451,1,0,0
4.591,50.0067240767897,399.991183064356,0,223,-0.281066409817511,0,223,0,223,222.718933590183,98.8503337004913,0,919.513525061451,1,0,0
4.592,50.0067128699951,399.991197759248,0,223,-0.280597965800999,0,223,0,223,222.719402034199,98.8527543681356,0,919.513525061451,1,0,0
4.593,50.0067016818784,399.99121242965,0,223,-0.280130302524498,0,223,0,223,222.719869697476,98.8551710013338,0,919.513525061451,1,0,0
4.594,50.0066905124086,399.9912270756,0,223,-0.279663418686794,0,223,0,223,222.720336581314,98.85758360681,0,919.513525061451,1,0,0
4.595,50.0066793615546,399.991241697141,0,223,-0.279197312988807,0,223,0,223,222.720802687012,98.8599921912771,0,919.513525061451,1,0,0
4.596,50.0066682292854,399.991256294312,0,223,-0.278731984133654,0,223,0,223,222.721268015867,98.8623967614368,0,919.513525061451,1,0,0
4.597,50.0066571155699,399.991270867155,0,223,-0.278267430826598,0,223,0,223,222.721732569174,98.8647973239795,0,919.513525061451,1,0,0
4.598,50.0066460203773,399.99128541571,0,223,-0.27780365177507,0,223,0,223,222.722196348225,98.8671938855847,0,919.513525061451,1,0,0
4.599,50.0066349436766,399.991299940017,0,223,-0.27734064568862,0,223,0,223,222.722659354312,98.8695864529205,0,919.513525061451,1,0,0
4.6,50.0066238854372,399.991314440117,0,223,-0.276878411278975,0,223,0,223,222.723121588721,98.8719750326441,0,919.513525061451,1,0,0
4.601,50.0066128456281,399.99132891605,0,223,-0.276416947260031,0,223,0,223,222.72358305274,98.8743596314014,0,919.513525061451,1,0,0
4.602,50.0066018242187,399.991343367857,0,223,-0.2759562523478,0,223,0,223,222.724043747653,98.8767402558276,0,919.513525061451,1,0,0
4.603,50.0065908211784,399.991357795577,0,223,-0.275496325260437,0,223,0,223,222.72450367474,98.8791169125463,0,919.513525061451,1,0,0
4.604,50.0065798364764,399.991372199251,0,223,-0.275037164718229,0,223,0,223,222.724962835282,98.8814896081705,0,919.513525061451,1,0,0
4.605,50.0065688700823,399.991386578919,0,223,-0.274578769443585,0,223,0,223,222.725421230557,98.883858349302,0,919.513525061451,1,0,0
4.606,50.0065579219655,399.991400934621,0,223,-0.27412113816106,0,223,0,223,222.725878861839,98.8862231425317,0,919.513525061451,1,0,0
4.607,50.0065469920955,399.991415266396,0,223,-0.27366426959735,0,223,0,223,222.726335730403,98.8885839944392,0,919.513525061451,1,0,0
4.608,50.006536080442,399.991429574286,0,223,-0.273208162481239,0,223,0,223,222.726791837519,98.8909409115936,0,919.513525061451,1,0,0
4.609,50.0065251869746,399.991443858329,0,223,-0.272752815543671,0,223,0,223,222.727247184457,98.8932939005527,0,919.513525061451,1,0,0
4.61,50.006514311663,399.991458118565,0,223,-0.272298227517662,0,223,0,223,222.727701772483,98.8956429678636,0,919.513525061451,1,0,0
4.611,50.0065034544769,399.991472355034,0,223,-0.271844397138369,0,223,0,223,222.728155602862,98.8979881200623,0,919.513525061451,1,0,0
4.612,50.0064926153861,399.991486567775,0,223,-0.271391323143045,0,223,0,223,222.728608676857,98.900329363674,0,919.513525061451,1,0,0
4.613,50.0064817943605,399.991500756829,0,223,-0.270939004271031,0,223,0,223,222.729060995729,98.902666705213,0,919.513525061451,1,0,0
4.614,50.0064709913699,399.991514922234,0,223,-0.270487439263788,0,223,0,223,222.729512560737,98.9050001511828,0,919.513525061451,1,0,0
4.615,50.0064602063842,399.991529064031,0,223,-0.270036626864889,0,223,0,223,222.729963373136,98.9073297080759,0,919.513525061451,1,0,0
4.616,50.0064494393736,399.991543182257,0,223,-0.269586565819977,0,223,0,223,222.73041343418,98.9096553823743,0,919.513525061451,1,0,0
4.617,50.006438690308,399.991557276954,0,223,-0.269137254876796,0,223,0,223,222.730862745124,98.9119771805487,0,919.513525061451,1,0,0
4.618,50.0064279591575,399.991571348159,0,223,-0.268688692785187,0,223,0,223,222.731311307215,98.9142951090596,0,919.513525061451,1,0,0
4.619,50.0064172458922,399.991585395912,0,223,-0.268240878297083,0,223,0,223,222.731759121703,98.9166091743563,0,919.513525061451,1,0,0
4.62,50.0064065504824,399.991599420252,0,223,-0.267793810166467,0,223,0,223,222.732206189834,98.9189193828775,0,919.513525061451,1,0,0
4.621,50.0063958728982,399.991613421218,0,223,-0.267347487149406,0,223,0,223,222.732652512851,98.9212257410511,0,919.513525061451,1,0,0
4.622,50.0063852131101,399.991627398849,0,223,-0.26690190800405,0,223,0,223,222.733098091996,98.9235282552945,0,919.513525061451,1,0,0
4.623,50.0063745710882,399.991641353185,0,223,-0.26645707149059,0,223,0,223,222.73354292851,98.9258269320141,0,919.513525061451,1,0,0
4.624,50.0063639468031,399.991655284263,0,223,-0.26601297637133,0,223,0,223,222.733987023629,98.9281217776059,0,919.513525061451,1,0,0
4.625,50.0063533402251,399.991669192122,0,223,-0.26556962141061,0,223,0,223,222.73443037859,98.930412798455,0,919.513525061451,1,0,0
4.626,50.0063427513247,399.991683076802,0,223,-0.265127005374846,0,223,0,223,222.734872994626,98.932700000936,0,919.513525061451,1,0,0
4.627,50.0063321800725,399.991696938341,0,223,-0.264685127032485,0,223,0,223,222.735314872968,98.9349833914129,0,919.513525061451,1,0,0
4.628,50.006321626439,399.991710776777,0,223,-0.264243985154012,0,223,0,223,222.735756014846,98.937262976239,0,919.513525061451,1,0,0
4.629,50.006311090395,399.991724592149,0,223,-0.263803578512019,0,223,0,223,222.736196421488,98.9395387617571,0,919.513525061451,1,0,0
4.63,50.006300571911,399.991738384495,0,223,-0.263363905881094,0,223,0,223,222.736636094119,98.9418107542993,0,919.513525061451,1,0,0
4.631,50.0062900709578,399.991752153854,0,223,-0.2629249660379,0,223,0,223,222.737075033962,98.9440789601872,0,919.513525061451,1,0,0
4.632,50.0062795875062,399.991765900265,0,223,-0.262486757761098,0,223,0,223,222.737513242239,98.946343385732,0,919.513525061451,1,0,0
4.633,50.006269121527,399.991779623764,0,223,-0.262049279831424,0,223,0,223,222.737950720169,98.9486040372343,0,919.513525061451,1,0,0
4.634,50.0062586729911,399.991793324391,0,223,-0.261612531031618,0,223,0,223,222.738387468969,98.950860920984,0,919.513525061451,1,0,0
4.635,50.0062482418695,399.991807002184,0,223,-0.261176510146463,0,223,0,223,222.738823489854,98.9531140432608,0,919.513525061451,1,0,0
4.636,50.006237828133,399.99182065718,0,223,-0.260741215962786,0,223,0,223,222.739258784038,98.9553634103338,0,919.513525061451,1,0,0
4.637,50.0062274317528,399.991834289418,0,223,-0.260306647269428,0,223,0,223,222.739693352731,98.9576090284617,0,919.513525061451,1,0,0
4.638,50.0062170526999,399.991847898936,0,223,-0.259872802857241,0,223,0,223,222.740127197143,98.9598509038928,0,919.513525061451,1,0,0
4.639,50.0062066909454,399.991861485771,0,223,-0.259439681519064,0,223,0,223,222.740560318481,98.9620890428647,0,919.513525061451,1,0,0
4.64,50.0061963464605,399.991875049962,0,223,-0.259007282049796,0,223,0,223,222.740992717951,98.9643234516051,0,919.513525061451,1,0,0
4.641,50.0061860192164,399.991888591545,0,223,-0.258575603246327,0,223,0,223,222.741424396754,98.9665541363308,0,919.513525061451,1,0,0
4.642,50.0061757091844,399.991902110559,0,223,-0.258144643907546,0,223,0,223,222.741855356093,98.9687811032487,0,919.513525061451,1,0,0
4.643,50.0061654163357,399.991915607042,0,223,-0.257714402834345,0,223,0,223,222.742285597166,98.9710043585551,0,919.513525061451,1,0,0
4.644,50.0061551406418,399.99192908103,0,223,-0.25728487882959,0,223,0,223,222.742715121171,98.973223908436,0,919.513525061451,1,0,0
4.645,50.0061448820741,399.991942532561,0,223,-0.256856070698161,0,223,0,223,222.743143929302,98.9754397590671,0,919.513525061451,1,0,0
4.646,50.006134640604,399.991955961674,0,223,-0.256427977246965,0,223,0,223,222.743572022753,98.9776519166137,0,919.513525061451,1,0,0
4.647,50.006124416203,399.991969368404,0,223,-0.256000597284864,0,223,0,223,222.743999402716,98.9798603872312,0,919.513525061451,1,0,0
4.648,50.0061142088426,399.99198275279,0,223,-0.255573929622686,0,223,0,223,222.744426070378,98.9820651770642,0,919.513525061451,1,0,0
4.649,50.0061040184946,399.991996114869,0,223,-0.255147973073271,0,223,0,223,222.744852026927,98.9842662922476,0,919.513525061451,1,0,0
4.65,50.0060938451304,399.992009454678,0,223,-0.254722726451438,0,223,0,223,222.745277273549,98.9864637389056,0,919.513525061451,1,0,0
4.651,50.0060836887219,399.992022772253,0,223,-0.254298188573964,0,223,0,223,222.745701811426,98.9886575231526,0,919.513525061451,1,0,0
4.652,50.0060735492406,399.992036067633,0,223,-0.253874358259625,0,223,0,223,222.746125641741,98.9908476510924,0,919.513525061451,1,0,0
4.653,50.0060634266586,399.992049340853,0,223,-0.253451234329136,0,223,0,223,222.746548765671,98.9930341288191,0,919.513525061451,1,0,0
4.654,50.0060533209475,399.992062591952,0,223,-0.253028815605194,0,223,0,223,222.746971184395,98.9952169624162,0,919.513525061451,1,0,0
4.655,50.0060432320792,399.992075820965,0,223,-0.252607100912458,0,223,0,223,222.747392899088,98.9973961579573,0,919.513525061451,1,0,0
4.656,50.0060331600258,399.99208902793,0,223,-0.252186089077554,0,223,0,223,222.747813910923,98.9995717215058,0,919.513525061451,1,0,0
4.657,50.0060231047591,399.992102212884,0,223,-0.251765778929054,0,223,0,223,222.748234221071,99.001743659115,0,919.513525061451,1,0,0
4.658,50.0060130662511,399.992115375862,0,223,-0.251346169297486,0,223,0,223,222.748653830703,99.0039119768283,0,919.513525061451,1,0,0
4.659,50.006003044474,399.992128516903,0,223,-0.25092725901531,0,223,0,223,222.749072740985,99.0060766806787,0,919.513525061451,1,0,0
4.66,50.0059930393999,399.992141636041,0,223,-0.250509046916932,0,223,0,223,222.749490953083,99.0082377766894,0,919.513525061451,1,0,0
4.661,50.0059830510009,399.992154733314,0,223,-0.250091531838716,0,223,0,223,222.749908468162,99.0103952708734,0,919.513525061451,1,0,0
4.662,50.0059730792493,399.992167808759,0,223,-0.249674712618962,0,223,0,223,222.750325287381,99.0125491692337,0,919.513525061451,1,0,0
4.663,50.0059631241172,399.992180862411,0,223,-0.249258588097918,0,223,0,223,222.750741411902,99.0146994777634,0,919.513525061451,1,0,0
4.664,50.005953185577,399.992193894307,0,223,-0.248843157117761,0,223,0,223,222.751156842883,99.0168462024456,0,919.513525061451,1,0,0
4.665,50.005943263601,399.992206904483,0,223,-0.248428418522571,0,223,0,223,222.751571581478,99.0189893492533,0,919.513525061451,1,0,0
4.666,50.0059333581617,399.992219892976,0,223,-0.248014371158386,0,223,0,223,222.751985628842,99.0211289241497,0,919.513525061451,1,0,0
4.667,50.0059234692314,399.992232859821,0,223,-0.247601013873143,0,223,0,223,222.752398986127,99.0232649330879,0,919.513525061451,1,0,0
4.668,50.0059135967827,399.992245805054,0,223,-0.247188345516696,0,223,0,223,222.752811654484,99.0253973820112,0,919.513525061451,1,0,0
4.669,50.0059037407881,399.992258728712,0,223,-0.246776364940829,0,223,0,223,222.75322363506,99.027526276853,0,919.513525061451,1,0,0
4.67,50.0058939012201,399.992271630831,0,223,-0.24636507099924,0,223,0,223,222.753634929001,99.0296516235367,0,919.513525061451,1,0,0
4.671,50.0058840780514,399.992284511446,0,223,-0.245954462547554,0,223,0,223,222.754045537453,99.0317734279759,0,919.513525061451,1,0,0
4.672,50.0058742712546,399.992297370594,0,223,-0.245544538443272,0,223,0,223,222.754455461557,99.0338916960744,0,919.513525061451,1,0,0
4.673,50.0058644808025,399.99231020831,0,223,-0.245135297545821,0,223,0,223,222.754864702455,99.0360064337261,0,919.513525061451,1,0,0
4.674,50.0058547066679,399.992323024629,0,223,-0.24472673871654,0,223,0,223,222.755273261284,99.038117646815,0,919.513525061451,1,0,0
4.675,50.0058449488234,399.992335819588,0,223,-0.244318860818657,0,223,0,223,222.755681139182,99.0402253412154,0,919.513525061451,1,0,0
4.676,50.005835207242,399.992348593222,0,223,-0.243911662717277,0,223,0,223,222.756088337283,99.0423295227918,0,919.513525061451,1,0,0
4.677,50.0058254818966,399.992361345567,0,223,-0.243505143279398,0,223,0,223,222.756494856721,99.044430197399,0,919.513525061451,1,0,0
4.678,50.0058157727602,399.992374076658,0,223,-0.243099301373934,0,223,0,223,222.756900698626,99.0465273708817,0,919.513525061451,1,0,0
4.679,50.0058060798056,399.99238678653,0,223,-0.242694135871656,0,223,0,223,222.757305864129,99.0486210490754,0,919.513525061451,1,0,0
4.68,50.0057964030059,399.992399475219,0,223,-0.242289645645222,0,223,0,223,222.757710354355,99.0507112378054,0,919.513525061451,1,0,0
4.681,50.0057867423342,399.99241214276,0,223,-0.241885829569155,0,223,0,223,222.758114170431,99.0527979428875,0,919.513525061451,1,0,0
4.682,50.0057770977636,399.992424789189,0,223,-0.241482686519864,0,223,0,223,222.758517313481,99.0548811701278,0,919.513525061451,1,0,0
4.683,50.0057674692674,399.99243741454,0,223,-0.241080215375673,0,223,0,223,222.758919784625,99.0569609253227,0,919.513525061451,1,0,0
4.684,50.0057578568186,399.992450018849,0,223,-0.240678415016725,0,223,0,223,222.759321584984,99.059037214259,0,919.513525061451,1,0,0
4.685,50.0057482603906,399.992462602151,0,223,-0.240277284325044,0,223,0,223,222.759722715675,99.0611100427137,0,919.513525061451,1,0,0
4.686,50.0057386799566,399.992475164481,0,223,-0.239876822184526,0,223,0,223,222.760123177816,99.0631794164543,0,919.513525061451,1,0,0
4.687,50.00572911549,399.992487705874,0,223,-0.239477027480919,0,223,0,223,222.760522972519,99.0652453412387,0,919.513525061451,1,0,0
4.688,50.0057195669642,399.992500226364,0,223,-0.239077899101815,0,223,0,223,222.760922100899,99.0673078228151,0,919.513525061451,1,0,0
4.689,50.0057100343526,399.992512725987,0,223,-0.238679435936673,0,223,0,223,222.761320564064,99.0693668669222,0,919.513525061451,1,0,0
4.69,50.0057005176286,399.992525204777,0,223,-0.238281636876806,0,223,0,223,222.761718363124,99.0714224792891,0,919.513525061451,1,0,0
4.691,50.0056910167659,399.992537662769,0,223,-0.237884500815372,0,223,0,223,222.762115499185,99.0734746656354,0,919.513525061451,1,0,0
4.692,50.005681531738,399.992550099997,0,223,-0.23748802664736,0,223,0,223,222.762511973353,99.0755234316712,0,919.513525061451,1,0,0
4.693,50.0056720625184,399.992562516497,0,223,-0.237092213269616,0,223,0,223,222.762907786731,99.0775687830968,0,919.513525061451,1,0,0
4.694,50.0056626090809,399.992574912303,0,223,-0.236697059580836,0,223,0,223,222.76330294042,99.0796107256035,0,919.513525061451,1,0,0
4.695,50.0056531713991,399.992587287449,0,223,-0.236302564481552,0,223,0,223,222.763697435519,99.0816492648726,0,919.513525061451,1,0,0
4.696,50.0056437494467,399.99259964197,0,223,-0.235908726874086,0,223,0,223,222.764091273126,99.0836844065762,0,919.513525061451,1,0,0
4.697,50.0056343431977,399.9926119759,0,223,-0.235515545662618,0,223,0,223,222.764484454338,99.0857161563771,0,919.513525061451,1,0,0
4.698,50.0056249526257,399.992624289274,0,223,-0.235123019753171,0,223,0,223,222.764876980247,99.0877445199282,0,919.513525061451,1,0,0
4.699,50.0056155777046,399.992636582125,0,223,-0.234731148053572,0,223,0,223,222.765268851947,99.0897695028735,0,919.513525061451,1,0,0
4.7,50.0056062184085,399.992648854488,0,223,-0.234339929473475,0,223,0,223,222.765660070527,99.0917911108472,0,919.513525061451,1,0,0
4.701,50.0055968747111,399.992661106397,0,223,-0.233949362924359,0,223,0,223,222.766050637076,99.0938093494742,0,919.513525061451,1,0,0
4.702,50.0055875465866,399.992673337887,0,223,-0.233559447319478,0,223,0,223,222.766440552681,99.0958242243702,0,919.513525061451,1,0,0
4.703,50.0055782340089,399.99268554899,0,223,-0.233170181573931,0,223,0,223,222.766829818426,99.0978357411414,0,919.513525061451,1,0,0
4.704,50.0055689369523,399.992697739742,0,223,-0.232781564604619,0,223,0,223,222.767218435396,99.0998439053846,0,919.513525061451,1,0,0
4.705,50.0055596553907,399.992709910176,0,223,-0.232393595330273,0,223,0,223,222.76760640467,99.1018487226874,0,919.513525061451,1,0,0
4.706,50.0055503892984,399.992722060325,0,223,-0.232006272671377,0,223,0,223,222.767993727329,99.103850198628,0,919.513525061451,1,0,0
4.707,50.0055411386495,399.992734190225,0,223,-0.231619595550234,0,223,0,223,222.76838040445,99.1058483387755,0,919.513525061451,1,0,0
4.708,50.0055319034184,399.992746299908,0,223,-0.231233562890962,0,223,0,223,222.768766437109,99.1078431486893,0,919.513525061451,1,0,0
4.709,50.0055226835794,399.992758389408,0,223,-0.230848173619455,0,223,0,223,222.769151826381,99.1098346339199,0,919.513525061451,1,0,0
4.71,50.0055134791068,399.992770458759,0,223,-0.230463426663409,0,223,0,223,222.769536573337,99.1118228000085,0,919.513525061451,1,0,0
4.711,50.0055042899749,399.992782507994,0,223,-0.230079320952287,0,223,0,223,222.769920679048,99.113807652487,0,919.513525061451,1,0,0
4.712,50.0054951161583,399.992794537148,0,223,-0.229695855417349,0,223,0,223,222.770304144583,99.1157891968779,0,919.513525061451,1,0,0
4.713,50.0054859576314,399.992806546252,0,223,-0.229313028991653,0,223,0,223,222.770686971009,99.1177674386949,0,919.513525061451,1,0,0
4.714,50.0054768143687,399.992818535342,0,223,-0.228930840610008,0,223,0,223,222.77106915939,99.1197423834422,0,919.513525061451,1,0,0
4.715,50.0054676863447,399.99283050445,0,223,-0.228549289209015,0,223,0,223,222.771450710791,99.121714036615,0,919.513525061451,1,0,0
4.716,50.0054585735341,399.992842453609,0,223,-0.228168373727026,0,223,0,223,222.771831626273,99.123682403699,0,919.513525061451,1,0,0
4.717,50.0054494759116,399.992854382853,0,223,-0.227788093104177,0,223,0,223,222.772211906896,99.1256474901713,0,919.513525061451,1,0,0
4.718,50.0054403934517,399.992866292215,0,223,-0.227408446282353,0,223,0,223,222.772591553718,99.1276093014995,0,919.513525061451,1,0,0
4.719,50.0054313261293,399.992878181728,0,223,-0.227029432205222,0,223,0,223,222.772970567795,99.1295678431421,0,919.513525061451,1,0,0
4.72,50.0054222739191,399.992890051425,0,223,-0.226651049818236,0,223,0,223,222.773348950182,99.1315231205487,0,919.513525061451,1,0,0
4.721,50.0054132367959,399.992901901339,0,223,-0.226273298068553,0,223,0,223,222.773726701932,99.1334751391596,0,919.513525061451,1,0,0
4.722,50.0054042147346,399.992913731504,0,223,-0.225896175905117,0,223,0,223,222.774103824095,99.1354239044061,0,919.513525061451,1,0,0
4.723,50.00539520771,399.992925541951,0,223,-0.225519682278615,0,223,0,223,222.774480317722,99.1373694217105,0,919.513525061451,1,0,0
4.724,50.0053862156972,399.992937332715,0,223,-0.225143816141482,0,223,0,223,222.774856183859,99.1393116964862,0,919.513525061451,1,0,0
4.725,50.005377238671,399.992949103827,0,223,-0.224768576447904,0,223,0,223,222.775231423552,99.1412507341371,0,919.513525061451,1,0,0
4.726,50.0053682766066,399.99296085532,0,223,-0.224393962153812,0,223,0,223,222.775606037847,99.1431865400587,0,919.513525061451,1,0,0
4.727,50.0053593294789,399.992972587228,0,223,-0.224019972216892,0,223,0,223,222.775980027784,99.1451191196371,0,919.513525061451,1,0,0
4.728,50.0053503972631,399.992984299583,0,223,-0.223646605596547,0,223,0,223,222.776353394404,99.1470484782494,0,919.513525061451,1,0,0
4.729,50.0053414799343,399.992995992417,0,223,-0.223273861253897,0,223,0,223,222.776726138747,99.1489746212641,0,919.513525061451,1,0,0
4.73,50.0053325774678,399.993007665763,0,223,-0.222901738151824,0,223,0,223,222.777098261849,99.1508975540405,0,919.513525061451,1,0,0
4.731,50.0053236898386,399.993019319653,0,223,-0.222530235254937,0,223,0,223,222.777469764745,99.1528172819289,0,919.513525061451,1,0,0
4.732,50.0053148170222,399.993030954121,0,223,-0.222159351529536,0,223,0,223,222.777840648471,99.1547338102708,0,919.513525061451,1,0,0
4.733,50.0053059589939,399.993042569197,0,223,-0.221789085943693,0,223,0,223,222.778210914057,99.1566471443988,0,919.513525061451,1,0,0
4.734,50.0052971157289,399.993054164915,0,223,-0.221419437467146,0,223,0,223,222.778580562533,99.1585572896366,0,919.513525061451,1,0,0
4.735,50.0052882872027,399.993065741307,0,223,-0.221050405071375,0,223,0,223,222.778949594929,99.160464251299,0,919.513525061451,1,0,0
4.736,50.0052794733907,399.993077298405,0,223,-0.220681987729609,0,223,0,223,222.779318012271,99.162368034692,0,919.513525061451,1,0,0
4.737,50.0052706742683,399.993088836241,0,223,-0.220314184416759,0,223,0,223,222.779685815584,99.1642686451126,0,919.513525061451,1,0,0
4.738,50.0052618898112,399.993100354847,0,223,-0.219946994109419,0,223,0,223,222.780053005891,99.1661660878492,0,919.513525061451,1,0,0
4.739,50.0052531199949,399.993111854255,0,223,-0.219580415785916,0,223,0,223,222.780419584214,99.1680603681812,0,919.513525061451,1,0,0
4.74,50.0052443647949,399.993123334498,0,223,-0.219214448426275,0,223,0,223,222.780785551574,99.1699514913794,0,919.513525061451,1,0,0
4.741,50.0052356241869,399.993134795607,0,223,-0.218849091012228,0,223,0,223,222.781150908988,99.1718394627055,0,919.513525061451,1,0,0
4.742,50.0052268981466,399.993146237615,0,223,-0.21848434252722,0,223,0,223,222.781515657473,99.1737242874128,0,919.513525061451,1,0,0
4.743,50.0052181866497,399.993157660552,0,223,-0.218120201956343,0,223,0,223,222.781879798044,99.1756059707456,0,919.513525061451,1,0,0
4.744,50.0052094896719,399.993169064451,0,223,-0.21775666828642,0,223,0,223,222.782243331714,99.1774845179395,0,919.513525061451,1,0,0
4.745,50.0052008071891,399.993180449344,0,223,-0.217393740505938,0,223,0,223,222.782606259494,99.1793599342214,0,919.513525061451,1,0,0
4.746,50.0051921391772,399.993191815261,0,223,-0.217031417605091,0,223,0,223,222.782968582395,99.1812322248095,0,919.513525061451,1,0,0
4.747,50.0051834856119,399.993203162236,0,223,-0.21666969857576,0,223,0,223,222.783330301425,99.1831013949132,0,919.513525061451,1,0,0
4.748,50.0051748464692,399.993214490299,0,223,-0.216308582411477,0,223,0,223,222.783691417589,99.1849674497335,0,919.513525061451,1,0,0
4.749,50.0051662217251,399.993225799482,0,223,-0.215948068107475,0,223,0,223,222.784051931893,99.1868303944624,0,919.513525061451,1,0,0
4.75,50.0051576113555,399.993237089816,0,223,-0.215588154660665,0,223,0,223,222.78441184534,99.1886902342834,0,919.513525061451,1,0,0
4.751,50.0051490153366,399.993248361333,0,223,-0.215228841069603,0,223,0,223,222.784771158931,99.1905469743714,0,919.513525061451,1,0,0
4.752,50.0051404336444,399.993259614064,0,223,-0.214870126334543,0,223,0,223,222.785129873666,99.1924006198926,0,919.513525061451,1,0,0
4.753,50.005131866255,399.993270848041,0,223,-0.214512009457371,0,223,0,223,222.785487990543,99.1942511760046,0,919.513525061451,1,0,0
4.754,50.0051233131445,399.993282063294,0,223,-0.214154489441659,0,223,0,223,222.785845510559,99.1960986478564,0,919.513525061451,1,0,0
4.755,50.0051147742893,399.993293259855,0,223,-0.213797565292631,0,223,0,223,222.786202434708,99.1979430405884,0,919.513525061451,1,0,0
4.756,50.0051062496655,399.993304437755,0,223,-0.213441236017186,0,223,0,223,222.786558763983,99.1997843593325,0,919.513525061451,1,0,0
4.757,50.0050977392494,399.993315597026,0,223,-0.213085500623864,0,223,0,223,222.786914499377,99.2016226092121,0,919.513525061451,1,0,0
4.758,50.0050892430173,399.993326737697,0,223,-0.212730358122866,0,223,0,223,222.787269641878,99.2034577953419,0,919.513525061451,1,0,0
4.759,50.0050807609456,399.993337859801,0,223,-0.212375807526025,0,223,0,223,222.787624192474,99.2052899228281,0,919.513525061451,1,0,0
4.76,50.0050722930107,399.993348963368,0,223,-0.212021847846862,0,223,0,223,222.787978152154,99.2071189967685,0,919.513525061451,1,0,0
4.761,50.005063839189,399.993360048429,0,223,-0.211668478100486,0,223,0,223,222.7883315219,99.2089450222524,0,919.513525061451,1,0,0
4.762,50.005055399457,399.993371115015,0,223,-0.211315697303681,0,223,0,223,222.788684302697,99.2107680043604,0,919.513525061451,1,0,0
4.763,50.0050469737913,399.993382163157,0,223,-0.210963504474889,0,223,0,223,222.789036495526,99.212587948165,0,919.513525061451,1,0,0
4.764,50.0050385621683,399.993393192885,0,223,-0.210611898634144,0,223,0,223,222.789388101366,99.2144048587298,0,919.513525061451,1,0,0
4.765,50.0050301645647,399.99340420423,0,223,-0.210260878803131,0,223,0,223,222.789739121197,99.2162187411104,0,919.513525061451,1,0,0
4.766,50.0050217809571,399.993415197223,0,223,-0.209910444005162,0,223,0,223,222.790089555995,99.2180296003537,0,919.513525061451,1,0,0
4.767,50.0050134113221,399.993426171894,0,223,-0.209560593265191,0,223,0,223,222.790439406735,99.2198374414982,0,919.513525061451,1,0,0
4.768,50.0050050556366,399.993437128275,0,223,-0.209211325609796,0,223,0,223,222.790788674391,99.2216422695741,0,919.513525061451,1,0,0
4.769,50.0049967138772,399.993448066394,0,223,-0.208862640067157,0,223,0,223,222.791137359933,99.2234440896033,0,919.513525061451,1,0,0
4.77,50.0049883860207,399.993458986283,0,223,-0.208514535667074,0,223,0,223,222.791485464333,99.2252429065991,0,919.513525061451,1,0,0
4.771,50.004980072044,399.993469887973,0,223,-0.208167011440985,0,223,0,223,222.791832988559,99.2270387255666,0,919.513525061451,1,0,0
4.772,50.004971771924,399.993480771493,0,223,-0.207820066421945,0,223,0,223,222.792179933578,99.2288315515024,0,919.513525061451,1,0,0
4.773,50.0049634856374,399.993491636874,0,223,-0.207473699644609,0,223,0,223,222.792526300356,99.230621389395,0,919.513525061451,1,0,0
4.774,50.0049552131614,399.993502484146,0,223,-0.20712791014525,0,223,0,223,222.792872089855,99.2324082442245,0,919.513525061451,1,0,0
4.775,50.0049469544728,399.993513313339,0,223,-0.20678269696174,0,223,0,223,222.793217303039,99.2341921209626,0,919.513525061451,1,0,0
4.776,50.0049387095486,399.993524124483,0,223,-0.206438059133534,0,223,0,223,222.793561940867,99.2359730245728,0,919.513525061451,1,0,0
4.777,50.004930478366,399.993534917609,0,223,-0.206093995701689,0,223,0,223,222.793906004299,99.2377509600103,0,919.513525061451,1,0,0
4.778,50.0049222609021,399.993545692746,0,223,-0.205750505708883,0,223,0,223,222.794249494292,99.2395259322221,0,919.513525061451,1,0,0
4.779,50.0049140571339,399.993556449925,0,223,-0.2054075881994,0,223,0,223,222.794592411801,99.2412979461468,0,919.513525061451,1,0,0
4.78,50.0049058670387,399.993567189175,0,223,-0.205065242219109,0,223,0,223,222.794934757781,99.2430670067151,0,919.513525061451,1,0,0
4.781,50.0048976905937,399.993577910527,0,223,-0.204723466815456,0,223,0,223,222.795276533185,99.244833118849,0,919.513525061451,1,0,0
4.782,50.004889527776,399.993588614009,0,223,-0.204382261037476,0,223,0,223,222.795617738963,99.2465962874627,0,919.513525061451,1,0,0
4.783,50.004881378563,399.993599299652,0,223,-0.204041623935786,0,223,0,223,222.795958376065,99.2483565174621,0,919.513525061451,1,0,0
4.784,50.0048732429321,399.993609967486,0,223,-0.203701554562599,0,223,0,223,222.796298445438,99.2501138137448,0,919.513525061451,1,0,0
4.785,50.0048651208605,399.99362061754,0,223,-0.203362051971717,0,223,0,223,222.796637948029,99.2518681812003,0,919.513525061451,1,0,0
4.786,50.0048570123258,399.993631249845,0,223,-0.203023115218473,0,223,0,223,222.796976884782,99.2536196247101,0,919.513525061451,1,0,0
4.787,50.0048489173052,399.993641864428,0,223,-0.202684743359833,0,223,0,223,222.797315256641,99.2553681491474,0,919.513525061451,1,0,0
4.788,50.0048408357764,399.993652461321,0,223,-0.202346935454303,0,223,0,223,222.797653064546,99.2571137593773,0,919.513525061451,1,0,0
4.789,50.0048327677168,399.993663040552,0,223,-0.202009690561959,0,223,0,223,222.797990309438,99.2588564602568,0,919.513525061451,1,0,0
4.79,50.0048247131039,399.993673602151,0,223,-0.201673007744429,0,223,0,223,222.798326992256,99.2605962566348,0,919.513525061451,1,0,0
4.791,50.0048166719154,399.993684146147,0,223,-0.201336886064917,0,223,0,223,222.798663113935,99.2623331533522,0,919.513525061451,1,0,0
4.792,50.0048086441289,399.99369467257,0,223,-0.201001324588195,0,223,0,223,222.798998675412,99.2640671552417,0,919.513525061451,1,0,0
4.793,50.004800629722,399.99370518145,0,223,-0.200666322380588,0,223,0,223,222.79933367762,99.2657982671281,0,919.513525061451,1,0,0
4.794,50.0047926286725,399.993715672814,0,223,-0.200331878509999,0,223,0,223,222.79966812149,99.2675264938281,0,919.513525061451,1,0,0
4.795,50.004784640958,399.993726146692,0,223,-0.199997992045859,0,223,0,223,222.800002007955,99.2692518401502,0,919.513525061451,1,0,0
4.796,50.0047766665564,399.993736603115,0,223,-0.199664662059157,0,223,0,223,222.800335337941,99.270974310895,0,919.513525061451,1,0,0
4.797,50.0047687054455,399.993747042109,0,223,-0.199331887622426,0,223,0,223,222.800668112378,99.2726939108554,0,919.513525061451,1,0,0
4.798,50.0047607576031,399.993757463706,0,223,-0.198999667809772,0,223,0,223,222.801000332191,99.2744106448157,0,919.513525061451,1,0,0
4.799,50.0047528230071,399.993767867933,0,223,-0.198668001696786,0,223,0,223,222.801331998304,99.2761245175528,0,919.513525061451,1,0,0
4.8,50.0047449016354,399.99377825482,0,223,-0.19833688836065,0,223,0,223,222.80166311164,99.2778355338354,0,919.513525061451,1,0,0
4.801,50.004736993466,399.993788624395,0,223,-0.198006326880086,0,223,0,223,222.80199367312,99.2795436984241,0,919.513525061451,1,0,0
4.802,50.0047290984769,399.993798976688,0,223,-0.197676316335313,0,223,0,223,222.802323683665,99.2812490160719,0,919.513525061451,1,0,0
4.803,50.0047212166461,399.993809311727,0,223,-0.197346855808112,0,223,0,223,222.802653144192,99.2829514915235,0,919.513525061451,1,0,0
4.804,50.0047133479517,399.99381962954,0,223,-0.197017944381778,0,223,0,223,222.802982055619,99.2846511295161,0,919.513525061451,1,0,0
4.805,50.0047054923718,399.993829930158,0,223,-0.196689581141151,0,223,0,223,222.803310418859,99.2863479347787,0,919.513525061451,1,0,0
4.806,50.0046976498845,399.993840213608,0,223,-0.196361765172608,0,223,0,223,222.803638234828,99.2880419120326,0,919.513525061451,1,0,0
4.807,50.004689820468,399.993850479918,0,223,-0.196034495564016,0,223,0,223,222.803965504436,99.289733065991,0,919.513525061451,1,0,0
4.808,50.0046820041005,399.993860729118,0,223,-0.195707771404766,0,223,0,223,222.804292228596,99.2914214013595,0,919.513525061451,1,0,0
4.809,50.0046742007604,399.993870961237,0,223,-0.195381591785763,0,223,0,223,222.804618408215,99.2931069228357,0,919.513525061451,1,0,0
4.81,50.0046664104258,399.993881176301,0,223,-0.195055955799457,0,223,0,223,222.804944044201,99.2947896351094,0,919.513525061451,1,0,0
4.811,50.0046586330751,399.993891374341,0,223,-0.194730862539799,0,223,0,223,222.805269137461,99.2964695428627,0,919.513525061451,1,0,0
4.812,50.0046508686866,399.993901555383,0,223,-0.194406311102239,0,223,0,223,222.805593688898,99.2981466507697,0,919.513525061451,1,0,0
4.813,50.0046431172388,399.993911719458,0,223,-0.19408230058375,0,223,0,223,222.805917699417,99.2998209634969,0,919.513525061451,1,0,0
4.814,50.0046353787101,399.993921866592,0,223,-0.193758830082793,0,223,0,223,222.806241169918,99.3014924857028,0,919.513525061451,1,0,0
4.815,50.0046276530789,399.993931996814,0,223,-0.193435898699345,0,223,0,223,222.806564101301,99.3031612220385,0,919.513525061451,1,0,0
4.816,50.0046199403237,399.993942110153,0,223,-0.193113505534859,0,223,0,223,222.806886494466,99.3048271771469,0,919.513525061451,1,0,0
4.817,50.0046122404232,399.993952206636,0,223,-0.192791649692295,0,223,0,223,222.807208350308,99.3064903556634,0,919.513525061451,1,0,0
4.818,50.0046045533558,399.993962286292,0,223,-0.192470330276118,0,223,0,223,222.807529669724,99.3081507622158,0,919.513525061451,1,0,0
4.819,50.0045968791002,399.993972349148,0,223,-0.192149546392293,0,223,0,223,222.807850453608,99.3098084014239,0,919.513525061451,1,0,0
4.82,50.0045892176351,399.993982395233,0,223,-0.191829297148281,0,223,0,223,222.808170702852,99.3114632778999,0,919.513525061451,1,0,0
4.821,50.004581568939,399.993992424574,0,223,-0.191509581653,0,223,0,223,222.808490418347,99.3131153962486,0,919.513525061451,1,0,0
4.822,50.0045739329908,399.9940024372,0,223,-0.191190399016895,0,223,0,223,222.808809600983,99.3147647610666,0,919.513525061451,1,0,0
4.823,50.0045663097691,399.994012433138,0,223,-0.190871748351864,0,223,0,223,222.809128251649,99.3164113769433,0,919.513525061451,1,0,0
4.824,50.0045586992529,399.994022412416,0,223,-0.190553628771288,0,223,0,223,222.809446371229,99.3180552484602,0,919.513525061451,1,0,0
4.825,50.0045511014208,399.994032375062,0,223,-0.190236039389999,0,223,0,223,222.80976396061,99.3196963801912,0,919.513525061451,1,0,0
4.826,50.0045435162517,399.994042321103,0,223,-0.189918979324346,0,223,0,223,222.810081020676,99.3213347767027,0,919.513525061451,1,0,0
4.827,50.0045359437246,399.994052250568,0,223,-0.189602447692124,0,223,0,223,222.810397552308,99.3229704425533,0,919.513525061451,1,0,0
4.828,50.0045283838184,399.994062163484,0,223,-0.189286443612609,0,223,0,223,222.810713556388,99.3246033822942,0,919.513525061451,1,0,0
4.829,50.0045208365121,399.994072059878,0,223,-0.188970966206556,0,223,0,223,222.811029033794,99.3262336004688,0,919.513525061451,1,0,0
4.83,50.0045133017845,399.994081939778,0,223,-0.188656014596163,0,223,0,223,222.811343985404,99.3278611016132,0,919.513525061451,1,0,0
4.831,50.0045057796149,399.994091803212,0,223,-0.188341587905108,0,223,0,223,222.811658412095,99.3294858902556,0,919.513525061451,1,0,0
4.832,50.0044982699822,399.994101650207,0,223,-0.188027685258548,0,223,0,223,222.811972314742,99.331107970917,0,919.513525061451,1,0,0
4.833,50.0044907728656,399.99411148079,0,223,-0.187714305783085,0,223,0,223,222.812285694217,99.3327273481106,0,919.513525061451,1,0,0
4.834,50.0044832882441,399.994121294988,0,223,-0.187401448606763,0,223,0,223,222.812598551394,99.3343440263422,0,919.513525061451,1,0,0
4.835,50.0044758160971,399.99413109283,0,223,-0.187089112859074,0,223,0,223,222.812910887141,99.3359580101101,0,919.513525061451,1,0,0
4.836,50.0044683564036,399.994140874342,0,223,-0.186777297670955,0,223,0,223,222.813222702329,99.337569303905,0,919.513525061451,1,0,0
4.837,50.0044609091429,399.994150639551,0,223,-0.186466002174832,0,223,0,223,222.813533997826,99.3391779122103,0,919.513525061451,1,0,0
4.838,50.0044534742943,399.994160388485,0,223,-0.186155225504543,0,223,0,223,222.813844774496,99.3407838395018,0,919.513525061451,1,0,0
4.839,50.0044460518372,399.994170121171,0,223,-0.18584496679538,0,223,0,223,222.814155033205,99.3423870902477,0,919.513525061451,1,0,0
4.84,50.0044386417508,399.994179837636,0,223,-0.185535225184056,0,223,0,223,222.814464774816,99.3439876689091,0,919.513525061451,1,0,0
4.841,50.0044312440145,399.994189537907,0,223,-0.185225999808742,0,223,0,223,222.814774000192,99.3455855799394,0,919.513525061451,1,0,0
4.842,50.0044238586078,399.99419922201,0,223,-0.184917289809036,0,223,0,223,222.815082710191,99.3471808277846,0,919.513525061451,1,0,0
4.843,50.0044164855101,399.994208889973,0,223,-0.184609094326003,0,223,0,223,222.815390905674,99.3487734168834,0,919.513525061451,1,0,0
4.844,50.004409124701,399.994218541823,0,223,-0.184301412502103,0,223,0,223,222.815698587498,99.3503633516671,0,919.513525061451,1,0,0
4.845,50.0044017761598,399.994228177587,0,223,-0.183994243481234,0,223,0,223,222.816005756519,99.3519506365594,0,919.513525061451,1,0,0
4.846,50.0043944398662,399.994237797291,0,223,-0.183687586408738,0,223,0,223,222.816312413592,99.353535275977,0,919.513525061451,1,0,0
4.847,50.0043871157998,399.994247400962,0,223,-0.183381440431365,0,223,0,223,222.816618559569,99.3551172743288,0,919.513525061451,1,0,0
4.848,50.0043798039401,399.994256988627,0,223,-0.183075804697283,0,223,0,223,222.816924195303,99.3566966360167,0,919.513525061451,1,0,0
4.849,50.0043725042668,399.994266560313,0,223,-0.182770678356078,0,223,0,223,222.817229321644,99.3582733654351,0,919.513525061451,1,0,0
4.85,50.0043652167597,399.994276116046,0,223,-0.182466060558764,0,223,0,223,222.817533939442,99.3598474669712,0,919.513525061451,1,0,0
4.851,50.0043579413985,399.994285655852,0,223,-0.18216195045779,0,223,0,223,222.817838049543,99.3614189450047,0,919.513525061451,1,0,0
4.852,50.0043506781628,399.994295179759,0,223,-0.181858347207002,0,223,0,223,222.818141652793,99.3629878039082,0,919.513525061451,1,0,0
4.853,50.0043434270325,399.994304687793,0,223,-0.181555249961623,0,223,0,223,222.818444750039,99.3645540480468,0,919.513525061451,1,0,0
4.854,50.0043361879875,399.99431417998,0,223,-0.181252657878324,0,223,0,223,222.818747342122,99.3661176817785,0,919.513525061451,1,0,0
4.855,50.0043289610075,399.994323656347,0,223,-0.180950570115166,0,223,0,223,222.819049429885,99.367678709454,0,919.513525061451,1,0,0
4.856,50.0043217460725,399.994333116919,0,223,-0.180648985831601,0,223,0,223,222.819351014169,99.3692371354167,0,919.513525061451,1,0,0
4.857,50.0043145431624,399.994342561725,0,223,-0.180347904188522,0,223,0,223,222.819652095812,99.3707929640028,0,919.513525061451,1,0,0
4.858,50.0043073522571,399.994351990788,0,223,-0.18004732434819,0,223,0,223,222.819952675652,99.3723461995412,0,919.513525061451,1,0,0
4.859,50.0043001733367,399.994361404137,0,223,-0.179747245474252,0,223,0,223,222.820252754526,99.3738968463538,0,919.513525061451,1,0,0
4.86,50.0042930063811,399.994370801797,0,223,-0.179447666731779,0,223,0,223,222.820552333269,99.375444908755,0,919.513525061451,1,0,0
4.861,50.0042858513705,399.994380183794,0,223,-0.179148587287204,0,223,0,223,222.820851412713,99.3769903910522,0,919.513525061451,1,0,0
4.862,50.0042787082849,399.994389550154,0,223,-0.178850006308369,0,223,0,223,222.821149993692,99.3785332975455,0,919.513525061451,1,0,0
4.863,50.0042715771044,399.994398900904,0,223,-0.178551922964495,0,223,0,223,222.821448077036,99.3800736325281,0,919.513525061451,1,0,0
4.864,50.0042644578092,399.994408236069,0,223,-0.178254336426197,0,223,0,223,222.821745663574,99.3816114002857,0,919.513525061451,1,0,0
4.865,50.0042573503795,399.994417555676,0,223,-0.17795724586545,0,223,0,223,222.822042754135,99.383146605097,0,919.513525061451,1,0,0
4.866,50.0042502547956,399.994426859749,0,223,-0.177660650455642,0,223,0,223,222.822339349545,99.3846792512336,0,919.513525061451,1,0,0
4.867,50.0042431710376,399.994436148317,0,223,-0.17736454937151,0,223,0,223,222.822635450629,99.38620934296,0,919.513525061451,1,0,0
4.868,50.0042360990858,399.994445421403,0,223,-0.177068941789185,0,223,0,223,222.822931058211,99.3877368845336,0,919.513525061451,1,0,0
4.869,50.0042290389207,399.994454679034,0,223,-0.176773826886171,0,223,0,223,222.823226173114,99.3892618802044,0,919.513525061451,1,0,0
4.87,50.0042219905225,399.994463921235,0,223,-0.176479203841315,0,223,0,223,222.823520796159,99.3907843342159,0,919.513525061451,1,0,0
4.871,50.0042149538716,399.994473148033,0,223,-0.176185071834859,0,223,0,223,222.823814928166,99.392304250804,0,919.513525061451,1,0,0
4.872,50.0042079289485,399.994482359453,0,223,-0.175891430048415,0,223,0,223,222.824108569952,99.3938216341978,0,919.513525061451,1,0,0
4.873,50.0042009157336,399.994491555521,0,223,-0.175598277664939,0,223,0,223,222.824401722335,99.3953364886192,0,919.513525061451,1,0,0
4.874,50.0041939142074,399.994500736262,0,223,-0.175305613868782,0,223,0,223,222.824694386132,99.3968488182833,0,919.513525061451,1,0,0
4.875,50.0041869243503,399.994509901701,0,223,-0.175013437845629,0,223,0,223,222.824986562155,99.398358627398,0,919.513525061451,1,0,0
4.876,50.0041799461431,399.994519051865,0,223,-0.17472174878251,0,223,0,223,222.825278251218,99.3998659201641,0,919.513525061451,1,0,0
4.877,50.0041729795662,399.994528186779,0,223,-0.174430545867818,0,223,0,223,222.825569454133,99.4013707007756,0,919.513525061451,1,0,0
4.878,50.0041660246002,399.994537306467,0,223,-0.174139828291322,0,223,0,223,222.825860171709,99.4028729734194,0,919.513525061451,1,0,0
4.879,50.0041590812259,399.994546410957,0,223,-0.173849595244102,0,223,0,223,222.826150404756,99.4043727422755,0,919.513525061451,1,0,0
4.88,50.0041521494239,399.994555500272,0,223,-0.173559845918647,0,223,0,223,222.826440154082,99.4058700115169,0,919.513525061451,1,0,0
4.881,50.0041452291748,399.994564574438,0,223,-0.173270579508747,0,223,0,223,222.826729420492,99.4073647853095,0,919.513525061451,1,0,0
4.882,50.0041383204595,399.99457363348,0,223,-0.172981795209518,0,223,0,223,222.827018204791,99.4088570678124,0,919.513525061451,1,0,0
4.883,50.0041314232588,399.994582677425,0,223,-0.172693492217451,0,223,0,223,222.827306507783,99.4103468631778,0,919.513525061451,1,0,0
4.884,50.0041245375533,399.994591706296,0,223,-0.17240566973039,0,223,0,223,222.82759433027,99.411834175551,0,919.513525061451,1,0,0
4.885,50.0041176633241,399.994600720118,0,223,-0.172118326947473,0,223,0,223,222.827881673053,99.4133190090702,0,919.513525061451,1,0,0
4.886,50.0041108005519,399.994609718918,0,223,-0.171831463069188,0,223,0,223,222.828168536931,99.4148013678669,0,919.513525061451,1,0,0
4.887,50.0041039492176,399.99461870272,0,223,-0.171545077297351,0,223,0,223,222.828454922703,99.4162812560656,0,919.513525061451,1,0,0
4.888,50.0040971093023,399.994627671549,0,223,-0.171259168835123,0,223,0,223,222.828740831165,99.4177586777839,0,919.513525061451,1,0,0
4.889,50.0040902807868,399.99463662543,0,223,-0.17097373688699,0,223,0,223,222.829026263113,99.4192336371327,0,919.513525061451,1,0,0
4.89,50.0040834636521,399.994645564387,0,223,-0.170688780658779,0,223,0,223,222.829311219342,99.4207061382159,0,919.513525061451,1,0,0
4.891,50.0040766578794,399.994654488446,0,223,-0.170404299357604,0,223,0,223,222.829595700643,99.4221761851307,0,919.513525061451,1,0,0
4.892,50.0040698634496,399.994663397632,0,223,-0.170120292191921,0,223,0,223,222.829879707808,99.4236437819673,0,919.513525061451,1,0,0
4.893,50.0040630803438,399.99467229197,0,223,-0.169836758371504,0,223,0,223,222.830163241629,99.4251089328091,0,919.513525061451,1,0,0
4.894,50.0040563085432,399.994681171483,0,223,-0.169553697107473,0,223,0,223,222.830446302893,99.4265716417329,0,919.513525061451,1,0,0
4.895,50.004049548029,399.994690036197,0,223,-0.169271107612227,0,223,0,223,222.830728892388,99.4280319128084,0,919.513525061451,1,0,0
4.896,50.0040427987823,399.994698886137,0,223,-0.168988989099473,0,223,0,223,222.831011010901,99.4294897500989,0,919.513525061451,1,0,0
4.897,50.0040360607843,399.994707721327,0,223,-0.168707340784241,0,223,0,223,222.831292659216,99.4309451576605,0,919.513525061451,1,0,0
4.898,50.0040293340163,399.994716541791,0,223,-0.168426161882865,0,223,0,223,222.831573838118,99.4323981395429,0,919.513525061451,1,0,0
4.899,50.0040226184596,399.994725347555,0,223,-0.168145451613008,0,223,0,223,222.831854548387,99.4338486997887,0,919.513525061451,1,0,0
4.9,50.0040159140955,399.994734138642,0,223,-0.167865209193602,0,223,0,223,222.832134790807,99.4352968424342,0,919.513525061451,1,0,0
4.901,50.0040092209054,399.994742915078,0,223,-0.16758543384491,0,223,0,223,222.832414566155,99.4367425715086,0,919.513525061451,1,0,0
4.902,50.0040025388705,399.994751676886,0,223,-0.16730612478847,0,223,0,223,222.832693875212,99.4381858910345,0,919.513525061451,1,0,0
4.903,50.0039958679724,399.994760424091,0,223,-0.167027281247119,0,223,0,223,222.832972718753,99.4396268050279,0,919.513525061451,1,0,0
4.904,50.0039892081925,399.994769156718,0,223,-0.166748902445009,0,223,0,223,222.833251097555,99.441065317498,0,919.513525061451,1,0,0
4.905,50.0039825595122,399.99477787479,0,223,-0.16647098760756,0,223,0,223,222.833529012393,99.4425014324473,0,919.513525061451,1,0,0
4.906,50.003975921913,399.994786578332,0,223,-0.166193535961516,0,223,0,223,222.833806464039,99.4439351538717,0,919.513525061451,1,0,0
4.907,50.0039692953764,399.994795267368,0,223,-0.165916546734893,0,223,0,223,222.834083453265,99.4453664857603,0,919.513525061451,1,0,0
4.908,50.0039626798841,399.994803941922,0,223,-0.165640019156965,0,223,0,223,222.834359980843,99.4467954320959,0,919.513525061451,1,0,0
4.909,50.0039560754177,399.994812602019,0,223,-0.165363952458324,0,223,0,223,222.834636047542,99.4482219968542,0,919.513525061451,1,0,0
4.91,50.0039494819586,399.994821247683,0,223,-0.165088345870863,0,223,0,223,222.83491165413,99.4496461840045,0,919.513525061451,1,0,0
4.911,50.0039428994887,399.994829878936,0,223,-0.16481319862773,0,223,0,223,222.835186801373,99.4510679975096,0,919.513525061451,1,0,0
4.912,50.0039363279896,399.994838495805,0,223,-0.164538509963346,0,223,0,223,222.835461490037,99.4524874413256,0,919.513525061451,1,0,0
4.913,50.0039297674429,399.994847098312,0,223,-0.164264279113395,0,223,0,223,222.835735720887,99.4539045194018,0,919.513525061451,1,0,0
4.914,50.0039232178305,399.994855686481,0,223,-0.163990505314849,0,223,0,223,222.836009494686,99.4553192356813,0,919.513525061451,1,0,0
4.915,50.0039166791341,399.994864260337,0,223,-0.163717187805951,0,223,0,223,222.836282812194,99.4567315941002,0,919.513525061451,1,0,0
4.916,50.0039101513356,399.994872819903,0,223,-0.163444325826244,0,223,0,223,222.836555674174,99.4581415985885,0,919.513525061451,1,0,0
4.917,50.0039036344167,399.994881365203,0,223,-0.163171918616518,0,223,0,223,222.836828081384,99.4595492530693,0,919.513525061451,1,0,0
4.918,50.0038971283593,399.994889896261,0,223,-0.162899965418801,0,223,0,223,222.837100034582,99.4609545614593,0,919.513525061451,1,0,0
4.919,50.0038906331454,399.994898413101,0,223,-0.162628465476417,0,223,0,223,222.837371534524,99.4623575276687,0,919.513525061451,1,0,0
4.92,50.0038841487568,399.994906915746,0,223,-0.162357418033943,0,223,0,223,222.837642581966,99.463758155601,0,919.513525061451,1,0,0
4.921,50.0038776751756,399.99491540422,0,223,-0.162086822337194,0,223,0,223,222.837913177663,99.4651564491535,0,919.513525061451,1,0,0
4.922,50.0038712123836,399.994923878546,0,223,-0.161816677633288,0,223,0,223,222.838183322367,99.4665524122167,0,919.513525061451,1,0,0
4.923,50.003864760363,399.994932338748,0,223,-0.161546983170559,0,223,0,223,222.83845301683,99.4679460486748,0,919.513525061451,1,0,0
4.924,50.0038583190957,399.99494078485,0,223,-0.161277738198587,0,223,0,223,222.838722261802,99.4693373624055,0,919.513525061451,1,0,0
4.925,50.0038518885639,399.994949216876,0,223,-0.161008941968222,0,223,0,223,222.838991058032,99.4707263572799,0,919.513525061451,1,0,0
4.926,50.0038454687496,399.994957634848,0,223,-0.160740593731575,0,223,0,223,222.839259406269,99.4721130371629,0,919.513525061451,1,0,0
4.927,50.003839059635,399.99496603879,0,223,-0.160472692742008,0,223,0,223,222.839527307258,99.4734974059127,0,919.513525061451,1,0,0
4.928,50.0038326612023,399.994974428725,0,223,-0.160205238254089,0,223,0,223,222.839794761746,99.4748794673813,0,919.513525061451,1,0,0
4.929,50.0038262734336,399.994982804677,0,223,-0.159938229523654,0,223,0,223,222.840061770477,99.4762592254142,0,919.513525061451,1,0,0
4.93,50.0038198963112,399.994991166669,0,223,-0.159671665807766,0,223,0,223,222.840328334193,99.4776366838502,0,919.513525061451,1,0,0
4.931,50.0038135298174,399.994999514725,0,223,-0.159405546364739,0,223,0,223,222.840594453636,99.4790118465223,0,919.513525061451,1,0,0
4.932,50.0038071739343,399.995007848867,0,223,-0.159139870454131,0,223,0,223,222.840860129546,99.4803847172565,0,919.513525061451,1,0,0
4.933,50.0038008286444,399.995016169119,0,223,-0.158874637336698,0,223,0,223,222.841125362664,99.4817552998729,0,919.513525061451,1,0,0
4.934,50.00379449393,399.995024475504,0,223,-0.158609846274465,0,223,0,223,222.841390153726,99.4831235981849,0,919.513525061451,1,0,0
4.935,50.0037881697735,399.995032768044,0,223,-0.158345496530674,0,223,0,223,222.84165450347,99.4844896159997,0,919.513525061451,1,0,0
4.936,50.0037818561572,399.995041046764,0,223,-0.158081587369783,0,223,0,223,222.841918412631,99.4858533571182,0,919.513525061451,1,0,0
4.937,50.0037755530636,399.995049311687,0,223,-0.157818118057492,0,223,0,223,222.842181881943,99.4872148253348,0,919.513525061451,1,0,0
4.938,50.0037692604752,399.995057562834,0,223,-0.15755508786074,0,223,0,223,222.84244491214,99.4885740244376,0,919.513525061451,1,0,0
4.939,50.0037629783744,399.995065800229,0,223,-0.157292496047656,0,223,0,223,222.842707503953,99.4899309582087,0,919.513525061451,1,0,0
4.94,50.0037567067438,399.995074023895,0,223,-0.157030341887596,0,223,0,223,222.842969658113,99.4912856304235,0,919.513525061451,1,0,0
4.941,50.0037504455658,399.995082233855,0,223,-0.156768624651132,0,223,0,223,222.843231375349,99.4926380448512,0,919.513525061451,1,0,0
4.942,50.0037441948232,399.995090430132,0,223,-0.15650734361005,0,223,0,223,222.84349265639,99.4939882052549,0,919.513525061451,1,0,0
4.943,50.0037379544985,399.995098612749,0,223,-0.156246498037378,0,223,0,223,222.843753501963,99.4953361153913,0,919.513525061451,1,0,0
4.944,50.0037317245744,399.995106781728,0,223,-0.155986087207311,0,223,0,223,222.844013912793,99.4966817790108,0,919.513525061451,1,0,0
4.945,50.0037255050334,399.995114937091,0,223,-0.155726110395277,0,223,0,223,222.844273889605,99.4980251998575,0,919.513525061451,1,0,0
4.946,50.0037192958583,399.995123078863,0,223,-0.155466566877932,0,223,0,223,222.844533433122,99.4993663816696,0,919.513525061451,1,0,0
4.947,50.0037130970319,399.995131207065,0,223,-0.155207455933119,0,223,0,223,222.844792544067,99.5007053281786,0,919.513525061451,1,0,0
4.948,50.0037069085369,399.99513932172,0,223,-0.154948776839867,0,223,0,223,222.845051223161,99.50204204311,0,919.513525061451,1,0,0
4.949,50.003700730356,399.99514742285,0,223,-0.154690528878455,0,223,0,223,222.845309471122,99.5033765301833,0,919.513525061451,1,0,0
4.95,50.003694562472,399.995155510479,0,223,-0.154432711330303,0,223,0,223,222.84556728867,99.5047087931115,0,919.513525061451,1,0,0
4.951,50.0036884048679,399.995163584628,0,223,-0.154175323478075,0,223,0,223,222.845824676522,99.5060388356014,0,919.513525061451,1,0,0
4.952,50.0036822575265,399.99517164532,0,223,-0.153918364605608,0,223,0,223,222.846081635395,99.5073666613539,0,919.513525061451,1,0,0
4.953,50.0036761204306,399.995179692578,0,223,-0.153661833997937,0,223,0,223,222.846338166002,99.5086922740634,0,919.513525061451,1,0,0
4.954,50.0036699935632,399.995187726424,0,223,-0.153405730941263,0,223,0,223,222.846594269059,99.5100156774184,0,919.513525061451,1,0,0
4.955,50.0036638769073,399.99519574688,0,223,-0.153150054723024,0,223,0,223,222.846849945277,99.5113368751012,0,919.513525061451,1,0,0
4.956,50.0036577704458,399.995203753968,0,223,-0.152894804631812,0,223,0,223,222.847105195369,99.5126558707878,0,919.513525061451,1,0,0
4.957,50.0036516741617,399.995211747712,0,223,-0.152639979957419,0,223,0,223,222.847360020043,99.5139726681483,0,919.513525061451,1,0,0
4.958,50.0036455880381,399.995219728132,0,223,-0.152385579990823,0,223,0,223,222.84761442001,99.5152872708465,0,919.513525061451,1,0,0
4.959,50.003639512058,399.995227695252,0,223,-0.152131604024159,0,223,0,223,222.847868395976,99.5165996825402,0,919.513525061451,1,0,0
4.96,50.0036334462046,399.995235649093,0,223,-0.15187805135079,0,223,0,223,222.84812194865,99.5179099068811,0,919.513525061451,1,0,0
4.961,50.0036273904609,399.995243589678,0,223,-0.151624921265227,0,223,0,223,222.848375078735,99.5192179475147,0,919.513525061451,1,0,0
4.962,50.0036213448101,399.995251517028,0,223,-0.151372213063134,0,223,0,223,222.848627786937,99.5205238080806,0,919.513525061451,1,0,0
4.963,50.0036153092355,399.995259431167,0,223,-0.151119926041362,0,223,0,223,222.848880073959,99.5218274922123,0,919.513525061451,1,0,0
4.964,50.0036092837201,399.995267332115,0,223,-0.15086805949795,0,223,0,223,222.849131940502,99.5231290035371,0,919.513525061451,1,0,0
4.965,50.0036032682472,399.995275219895,0,223,-0.150616612732125,0,223,0,223,222.849383387268,99.5244283456763,0,919.513525061451,1,0,0
4.966,50.0035972628001,399.995283094528,0,223,-0.150365585044226,0,223,0,223,222.849634414956,99.5257255222453,0,919.513525061451,1,0,0
4.967,50.0035912673621,399.995290956037,0,223,-0.150114975735819,0,223,0,223,222.849885024265,99.5270205368533,0,919.513525061451,1,0,0
4.968,50.0035852819165,399.995298804444,0,223,-0.149864784109582,0,223,0,223,222.850135215891,99.5283133931037,0,919.513525061451,1,0,0
4.969,50.0035793064467,399.99530663977,0,223,-0.149615009469387,0,223,0,223,222.850384990531,99.5296040945936,0,919.513525061451,1,0,0
4.97,50.0035733409359,399.995314462037,0,223,-0.149365651120258,0,223,0,223,222.85063434888,99.5308926449144,0,919.513525061451,1,0,0
4.971,50.0035673853677,399.995322271267,0,223,-0.149116708368375,0,223,0,223,222.850883291632,99.5321790476514,0,919.513525061451,1,0,0
4.972,50.0035614397254,399.995330067481,0,223,-0.148868180521077,0,223,0,223,222.851131819479,99.5334633063837,0,919.513525061451,1,0,0
4.973,50.0035555039925,399.995337850702,0,223,-0.14862006688686,0,223,0,223,222.851379933114,99.5347454246849,0,919.513525061451,1,0,0
4.974,50.0035495781526,399.995345620951,0,223,-0.148372366775385,0,223,0,223,222.851627633225,99.5360254061222,0,919.513525061451,1,0,0
4.975,50.003543662189,399.995353378249,0,223,-0.148125079497438,0,223,0,223,222.851874920503,99.5373032542571,0,919.513525061451,1,0,0
4.976,50.0035377560853,399.995361122619,0,223,-0.147878204364936,0,223,0,223,222.852121795635,99.5385789726451,0,919.513525061451,1,0,0
4.977,50.0035318598252,399.995368854081,0,223,-0.147631740691004,0,223,0,223,222.852368259309,99.5398525648358,0,919.513525061451,1,0,0
4.978,50.0035259733921,399.995376572658,0,223,-0.147385687789866,0,223,0,223,222.852614312211,99.5411240343729,0,919.513525061451,1,0,0
4.979,50.0035200967698,399.99538427837,0,223,-0.147140044976884,0,223,0,223,222.852859955024,99.5423933847941,0,919.513525061451,1,0,0
4.98,50.0035142299419,399.99539197124,0,223,-0.146894811568605,0,223,0,223,222.853105188432,99.5436606196312,0,919.513525061451,1,0,0
4.981,50.003508372892,399.995399651287,0,223,-0.146649986882681,0,223,0,223,222.853350013118,99.5449257424103,0,919.513525061451,1,0,0
4.982,50.0035025256038,399.995407318535,0,223,-0.146405570237882,0,223,0,223,222.853594429763,99.5461887566514,0,919.513525061451,1,0,0
4.983,50.0034966880611,399.995414973004,0,223,-0.146161560954173,0,223,0,223,222.853838439046,99.5474496658688,0,919.513525061451,1,0,0
4.984,50.0034908602477,399.995422614716,0,223,-0.145917958352601,0,223,0,223,222.854082041648,99.5487084735708,0,919.513525061451,1,0,0
4.985,50.0034850421473,399.995430243692,0,223,-0.145674761755382,0,223,0,223,222.854325238245,99.5499651832599,0,919.513525061451,1,0,0
4.986,50.0034792337437,399.995437859952,0,223,-0.145431970485828,0,223,0,223,222.854568029515,99.551219798433,0,919.513525061451,1,0,0
4.987,50.0034734350208,399.995445463519,0,223,-0.14518958386839,0,223,0,223,222.854810416132,99.5524723225807,0,919.513525061451,1,0,0
4.988,50.0034676459624,399.995453054413,0,223,-0.144947601228665,0,223,0,223,222.855052398772,99.5537227591882,0,919.513525061451,1,0,0
4.989,50.0034618665525,399.995460632656,0,223,-0.144706021893325,0,223,0,223,222.855293978107,99.5549711117347,0,919.513525061451,1,0,0
4.99,50.0034560967749,399.995468198268,0,223,-0.144464845190202,0,223,0,223,222.85553515481,99.5562173836936,0,919.513525061451,1,0,0
4.991,50.0034503366136,399.995475751271,0,223,-0.14422407044825,0,223,0,223,222.855775929552,99.5574615785325,0,919.513525061451,1,0,0
4.992,50.0034445860526,399.995483291685,0,223,-0.143983696997523,0,223,0,223,222.856016303003,99.5587036997134,0,919.513525061451,1,0,0
4.993,50.0034388450758,399.995490819532,0,223,-0.143743724169213,0,223,0,223,222.856256275831,99.5599437506924,0,919.513525061451,1,0,0
4.994,50.0034331136674,399.995498334833,0,223,-0.143504151295619,0,223,0,223,222.856495848705,99.5611817349197,0,919.513525061451,1,0,0
4.995,50.0034273918113,399.995505837609,0,223,-0.143264977710162,0,223,0,223,222.85673502229,99.56241765584,0,919.513525061451,1,0,0
4.996,50.0034216794916,399.995513327879,0,223,-0.143026202747344,0,223,0,223,222.856973797253,99.563651516892,0,919.513525061451,1,0,0
4.997,50.0034159766924,399.995520805666,0,223,-0.142787825742806,0,223,0,223,222.857212174258,99.564883321509,0,919.513525061451,1,0,0
4.998,50.0034102833979,399.99552827099,0,223,-0.142549846033286,0,223,0,223,222.857450153967,99.5661130731183,0,919.513525061451,1,0,0
4.999,50.0034045995923,399.995535723872,0,223,-0.1423122629566,0,223,0,223,222.857687737044,99.5673407751415,0,919.513525061451,1,0,0
5,50.0033989252596,399.995543164332,0,223,-0.142075075851721,0,223,0,223,222.857924924149,99.5685664309948,0,919.513525061451,1,0,0
5.001,50.0033932603842,399.995550592391,0,223,-0.141838284058674,0,223,0,223,222.858161715942,99.5697900440882,0,919.513525061451,1,0,0
5.002,50.0033876049502,399.995558008071,0,223,-0.141601886918624,0,223,0,223,222.858398113082,99.5710116178265,0,919.513525061451,1,0,0
5.003,50.003381958942,399.99556541139,0,223,-0.141365883773806,0,223,0,223,222.858634116227,99.5722311556086,0,919.513525061451,1,0,0
5.004,50.0033763223437,399.995572802371,0,223,-0.141130273967577,0,223,0,223,222.858869726033,99.5734486608277,0,919.513525061451,1,0,0
5.005,50.0033706951398,399.995580181034,0,223,-0.140895056844345,0,223,0,223,222.859104943156,99.5746641368714,0,919.513525061451,1,0,0
5.006,50.0033650773146,399.995587547399,0,223,-0.140660231749659,0,223,0,223,222.859339768251,99.5758775871218,0,919.513525061451,1,0,0
5.007,50.0033594688524,399.995594901487,0,223,-0.140425798030141,0,223,0,223,222.85957420197,99.577089014955,0,919.513525061451,1,0,0
5.008,50.0033538697377,399.995602243318,0,223,-0.140191755033498,0,223,0,223,222.859808244967,99.5782984237419,0,919.513525061451,1,0,0
5.009,50.0033482799548,399.995609572912,0,223,-0.139958102108533,0,223,0,223,222.860041897892,99.5795058168475,0,919.513525061451,1,0,0
5.01,50.0033426994882,399.995616890291,0,223,-0.139724838605116,0,223,0,223,222.860275161395,99.5807111976312,0,919.513525061451,1,0,0
5.011,50.0033371283224,399.995624195473,0,223,-0.139491963874199,0,223,0,223,222.860508036126,99.581914569447,0,919.513525061451,1,0,0
5.012,50.0033315664418,399.995631488481,0,223,-0.139259477267825,0,223,0,223,222.860740522733,99.583115935643,0,919.513525061451,1,0,0
5.013,50.0033260138311,399.995638769334,0,223,-0.139027378139139,0,223,0,223,222.860972621861,99.5843152995621,0,919.513525061451,1,0,0
5.014,50.0033204704747,399.995646038051,0,223,-0.138795665842327,0,223,0,223,222.861204334158,99.5855126645413,0,919.513525061451,1,0,0
5.015,50.0033149363572,399.995653294655,0,223,-0.138564339732663,0,223,0,223,222.861435660268,99.5867080339122,0,919.513525061451,1,0,0
5.016,50.0033094114633,399.995660539163,0,223,-0.138333399166523,0,223,0,223,222.861666600834,99.5879014110008,0,919.513525061451,1,0,0
5.017,50.0033038957775,399.995667771598,0,223,-0.138102843501323,0,223,0,223,222.861897156499,99.5890927991276,0,919.513525061451,1,0,0
5.018,50.0032983892846,399.995674991979,0,223,-0.137872672095569,0,223,0,223,222.862127327905,99.5902822016075,0,919.513525061451,1,0,0
5.019,50.0032928919691,399.995682200325,0,223,-0.13764288430883,0,223,0,223,222.862357115692,99.5914696217499,0,919.513525061451,1,0,0
5.02,50.0032874038158,399.995689396658,0,223,-0.137413479501716,0,223,0,223,222.862586520499,99.5926550628588,0,919.513525061451,1,0,0
5.021,50.0032819248095,399.995696580997,0,223,-0.137184457035931,0,223,0,223,222.862815542964,99.5938385282325,0,919.513525061451,1,0,0
5.022,50.0032764549348,399.995703753362,0,223,-0.136955816274245,0,223,0,223,222.863044183726,99.5950200211639,0,919.513525061451,1,0,0
5.023,50.0032709941766,399.995710913773,0,223,-0.136727556580511,0,223,0,223,222.86327244342,99.5961995449404,0,919.513525061451,1,0,0
5.024,50.0032655425196,399.99571806225,0,223,-0.136499677319599,0,223,0,223,222.863500322681,99.597377102844,0,919.513525061451,1,0,0
5.025,50.0032600999487,399.995725198813,0,223,-0.136272177857456,0,223,0,223,222.863727822143,99.5985526981511,0,919.513525061451,1,0,0
5.026,50.0032546664488,399.995732323482,0,223,-0.136045057561078,0,223,0,223,222.863954942439,99.5997263341326,0,919.513525061451,1,0,0
5.027,50.0032492420047,399.995739436276,0,223,-0.135818315798524,0,223,0,223,222.864181684202,99.6008980140542,0,919.513525061451,1,0,0
5.028,50.0032438266014,399.995746537215,0,223,-0.135591951938897,0,223,0,223,222.864408048062,99.6020677411759,0,919.513525061451,1,0,0
5.029,50.0032384202237,399.99575362632,0,223,-0.135365965352356,0,223,0,223,222.864634034648,99.6032355187524,0,919.513525061451,1,0,0
5.03,50.0032330228567,399.99576070361,0,223,-0.135140355410134,0,223,0,223,222.86485964459,99.6044013500329,0,919.513525061451,1,0,0
5.031,50.0032276344853,399.995767769104,0,223,-0.134915121484477,0,223,0,223,222.865084878516,99.6055652382613,0,919.513525061451,1,0,0
5.032,50.0032222550944,399.995774822822,0,223,-0.134690262948698,0,223,0,223,222.865309737052,99.606727186676,0,919.513525061451,1,0,0
5.033,50.0032168846693,399.995781864784,0,223,-0.134465779177156,0,223,0,223,222.865534220823,99.60788719851,0,919.513525061451,1,0,0
5.034,50.0032115231948,399.995788895009,0,223,-0.134241669545235,0,223,0,223,222.865758330455,99.609045276991,0,919.513525061451,1,0,0
5.035,50.0032061706562,399.995795913517,0,223,-0.134017933429358,0,223,0,223,222.865982066571,99.6102014253411,0,919.513525061451,1,0,0
5.036,50.0032008270384,399.995802920328,0,223,-0.13379457020701,0,223,0,223,222.866205429793,99.6113556467773,0,919.513525061451,1,0,0
5.037,50.0031954923267,399.995809915461,0,223,-0.13357157925671,0,223,0,223,222.866428420744,99.6125079445112,0,919.513525061451,1,0,0
5.038,50.0031901665062,399.995816898935,0,223,-0.133348959957995,0,223,0,223,222.866651040042,99.6136583217488,0,919.513525061451,1,0,0
5.039,50.003184849562,399.99582387077,0,223,-0.133126711691439,0,223,0,223,222.866873288309,99.614806781691,0,919.513525061451,1,0,0
5.04,50.0031795414794,399.995830830986,0,223,-0.132904833838666,0,223,0,223,222.867095166162,99.6159533275333,0,919.513525061451,1,0,0
5.041,50.0031742422436,399.995837779601,0,223,-0.132683325782297,0,223,0,223,222.867316674218,99.6170979624658,0,919.513525061451,1,0,0
5.042,50.0031689518398,399.995844716635,0,223,-0.132462186906005,0,223,0,223,222.867537813094,99.6182406896735,0,919.513525061451,1,0,0
5.043,50.0031636702534,399.995851642107,0,223,-0.132241416594494,0,223,0,223,222.867758583406,99.6193815123359,0,919.513525061451,1,0,0
5.044,50.0031583974697,399.995858556037,0,223,-0.132021014233517,0,223,0,223,222.867978985767,99.6205204336271,0,919.513525061451,1,0,0
5.045,50.0031531334739,399.995865458443,0,223,-0.131800979209824,0,223,0,223,222.868199020791,99.6216574567162,0,919.513525061451,1,0,0
5.046,50.0031478782514,399.995872349346,0,223,-0.131581310911177,0,223,0,223,222.868418689089,99.6227925847668,0,919.513525061451,1,0,0
5.047,50.0031426317877,399.995879228764,0,223,-0.13136200872637,0,223,0,223,222.868637991274,99.6239258209373,0,919.513525061451,1,0,0
5.048,50.003137394068,399.995886096716,0,223,-0.131143072045212,0,223,0,223,222.868856927955,99.6250571683809,0,919.513525061451,1,0,0
5.049,50.0031321650779,399.995892953221,0,223,-0.130924500258512,0,223,0,223,222.869075499742,99.6261866302454,0,919.513525061451,1,0,0
5.05,50.0031269448028,399.995899798299,0,223,-0.130706292758128,0,223,0,223,222.869293707242,99.6273142096734,0,919.513525061451,1,0,0
5.051,50.0031217332281,399.995906631969,0,223,-0.130488448936922,0,223,0,223,222.869511551063,99.6284399098025,0,919.513525061451,1,0,0
5.052,50.0031165303394,399.995913454249,0,223,-0.130270968188736,0,223,0,223,222.869729031812,99.6295637337646,0,919.513525061451,1,0,0
5.053,50.0031113361222,399.995920265158,0,223,-0.130053849908453,0,223,0,223,222.869946150092,99.6306856846868,0,919.513525061451,1,0,0
5.054,50.003106150562,399.995927064716,0,223,-0.129837093491978,0,223,0,223,222.870162906508,99.6318057656908,0,919.513525061451,1,0,0
5.055,50.0031009736444,399.995933852942,0,223,-0.129620698336189,0,223,0,223,222.870379301664,99.6329239798931,0,919.513525061451,1,0,0
5.056,50.003095805355,399.995940629854,0,223,-0.129404663838988,0,223,0,223,222.870595336161,99.634040330405,0,919.513525061451,1,0,0
5.057,50.0030906456794,399.995947395471,0,223,-0.129188989399293,0,223,0,223,222.870811010601,99.6351548203328,0,919.513525061451,1,0,0
5.058,50.0030854946032,399.995954149811,0,223,-0.128973674417014,0,223,0,223,222.871026325583,99.6362674527774,0,919.513525061451,1,0,0
5.059,50.0030803521122,399.995960892895,0,223,-0.128758718293044,0,223,0,223,222.871241281707,99.6373782308346,0,919.513525061451,1,0,0
5.06,50.0030752181921,399.99596762474,0,223,-0.128544120429279,0,223,0,223,222.871455879571,99.638487157595,0,919.513525061451,1,0,0
5.061,50.0030700928284,399.995974345366,0,223,-0.128329880228603,0,223,0,223,222.871670119772,99.6395942361441,0,919.513525061451,1,0,0
5.062,50.003064976007,399.99598105479,0,223,-0.128115997094944,0,223,0,223,222.871884002905,99.6406994695623,0,919.513525061451,1,0,0
5.063,50.0030598677137,399.995987753032,0,223,-0.127902470433192,0,223,0,223,222.872097529567,99.6418028609249,0,919.513525061451,1,0,0
5.064,50.0030547679342,399.99599444011,0,223,-0.127689299649213,0,223,0,223,222.872310700351,99.6429044133018,0,919.513525061451,1,0,0
5.065,50.0030496766543,399.996001116043,0,223,-0.127476484149879,0,223,0,223,222.872523515851,99.6440041297581,0,919.513525061451,1,0,0
5.066,50.0030445938598,399.99600778085,0,223,-0.127264023343053,0,223,0,223,222.872735976657,99.6451020133536,0,919.513525061451,1,0,0
5.067,50.0030395195367,399.996014434549,0,223,-0.12705191663757,0,223,0,223,222.872948083363,99.6461980671432,0,919.513525061451,1,0,0
5.068,50.0030344536709,399.996021077158,0,223,-0.126840163443266,0,223,0,223,222.873159836557,99.6472922941764,0,919.513525061451,1,0,0
5.069,50.0030293962481,399.996027708696,0,223,-0.126628763170964,0,223,0,223,222.873371236829,99.6483846974979,0,919.513525061451,1,0,0
5.07,50.0030243472543,399.996034329181,0,223,-0.126417715232457,0,223,0,223,222.873582284768,99.6494752801472,0,919.513525061451,1,0,0
5.071,50.0030193066756,399.996040938633,0,223,-0.126207019040497,0,223,0,223,222.87379298096,99.6505640451588,0,919.513525061451,1,0,0
5.072,50.0030142744978,399.996047537068,0,223,-0.125996674008861,0,223,0,223,222.874003325992,99.651650995562,0,919.513525061451,1,0,0
5.073,50.003009250707,399.996054124507,0,223,-0.125786679552293,0,223,0,223,222.874213320448,99.6527361343812,0,919.513525061451,1,0,0
5.074,50.0030042352891,399.996060700966,0,223,-0.125577035086498,0,223,0,223,222.874422964914,99.6538194646357,0,919.513525061451,1,0,0
5.075,50.0029992282303,399.996067266464,0,223,-0.125367740028125,0,223,0,223,222.874632259972,99.6549009893398,0,919.513525061451,1,0,0
5.076,50.0029942295166,399.99607382102,0,223,-0.125158793794836,0,223,0,223,222.874841206206,99.6559807115027,0,919.513525061451,1,0,0
5.077,50.002989239134,399.996080364652,0,223,-0.124950195805251,0,223,0,223,222.875049804195,99.6570586341287,0,919.513525061451,1,0,0
5.078,50.0029842570688,399.996086897377,0,223,-0.124741945478975,0,223,0,223,222.875258054521,99.6581347602169,0,919.513525061451,1,0,0
5.079,50.002979283307,399.996093419215,0,223,-0.124534042236588,0,223,0,223,222.875465957764,99.6592090927617,0,919.513525061451,1,0,0
5.08,50.0029743178349,399.996099930183,0,223,-0.124326485499595,0,223,0,223,222.875673514501,99.6602816347522,0,919.513525061451,1,0,0
5.081,50.0029693606385,399.996106430299,0,223,-0.124119274690491,0,223,0,223,222.87588072531,99.6613523891727,0,919.513525061451,1,0,0
5.082,50.0029644117041,399.996112919582,0,223,-0.12391240923275,0,223,0,223,222.876087590768,99.6624213590026,0,919.513525061451,1,0,0
5.083,50.0029594710179,399.996119398049,0,223,-0.123705888550774,0,223,0,223,222.87629411145,99.6634885472161,0,919.513525061451,1,0,0
5.084,50.0029545385662,399.996125865719,0,223,-0.123499712069926,0,223,0,223,222.87650028793,99.6645539567825,0,919.513525061451,1,0,0
5.085,50.0029496143353,399.99613232261,0,223,-0.123293879216551,0,223,0,223,222.876706120784,99.6656175906663,0,919.513525061451,1,0,0
5.086,50.0029446983114,399.996138768739,0,223,-0.123088389417933,0,223,0,223,222.876911610582,99.666679451827,0,919.513525061451,1,0,0
5.087,50.0029397904808,399.996145204124,0,223,-0.122883242102322,0,223,0,223,222.877116757898,99.6677395432191,0,919.513525061451,1,0,0
5.088,50.00293489083,399.996151628784,0,223,-0.122678436698882,0,223,0,223,222.877321563302,99.6687978677922,0,919.513525061451,1,0,0
5.089,50.0029299993453,399.996158042736,0,223,-0.122473972637766,0,223,0,223,222.877526027363,99.669854428491,0,919.513525061451,1,0,0
5.09,50.0029251160131,399.996164445998,0,223,-0.122269849350097,0,223,0,223,222.87773015065,99.6709092282554,0,919.513525061451,1,0,0
5.091,50.0029202408197,399.996170838588,0,223,-0.12206606626789,0,223,0,223,222.877933933733,99.6719622700201,0,919.513525061451,1,0,0
5.092,50.0029153737517,399.996177220524,0,223,-0.121862622824155,0,223,0,223,222.878137377176,99.6730135567152,0,919.513525061451,1,0,0
5.093,50.0029105147954,399.996183591823,0,223,-0.12165951845281,0,223,0,223,222.878340481548,99.6740630912658,0,919.513525061451,1,0,0
5.094,50.0029056639374,399.996189952503,0,223,-0.121456752588751,0,223,0,223,222.878543247412,99.6751108765921,0,919.513525061451,1,0,0
5.095,50.0029008211642,399.996196302582,0,223,-0.121254324667807,0,223,0,223,222.878745675333,99.6761569156096,0,919.513525061451,1,0,0
5.096,50.0028959864623,399.996202642078,0,223,-0.121052234126728,0,223,0,223,222.878947765874,99.6772012112287,0,919.513525061451,1,0,0
5.097,50.0028911598182,399.996208971008,0,223,-0.120850480403217,0,223,0,223,222.879149519597,99.6782437663552,0,919.513525061451,1,0,0
5.098,50.0028863412185,399.99621528939,0,223,-0.120649062935925,0,223,0,223,222.879350937064,99.6792845838897,0,919.513525061451,1,0,0
5.099,50.0028815306498,399.996221597241,0,223,-0.1204479811644,0,223,0,223,222.879552018836,99.6803236667284,0,919.513525061451,1,0,0
5.1,50.0028767280987,399.996227894579,0,223,-0.120247234529162,0,223,0,223,222.879752765471,99.6813610177623,0,919.513525061451,1,0,0
5.101,50.0028719335519,399.996234181421,0,223,-0.120046822471653,0,223,0,223,222.879953177529,99.6823966398778,0,919.513525061451,1,0,0
5.102,50.0028671469959,399.996240457785,0,223,-0.119846744434232,0,223,0,223,222.880153255566,99.6834305359565,0,919.513525061451,1,0,0
5.103,50.0028623684176,399.996246723689,0,223,-0.119646999860207,0,223,0,223,222.88035300014,99.684462708875,0,919.513525061451,1,0,0
5.104,50.0028575978036,399.996252979149,0,223,-0.11944758819379,0,223,0,223,222.880552411807,99.6854931615054,0,919.513525061451,1,0,0
5.105,50.0028528351406,399.996259224184,0,223,-0.119248508880164,0,223,0,223,222.88075149112,99.6865218967147,0,919.513525061451,1,0,0
5.106,50.0028480804154,399.996265458811,0,223,-0.119049761365406,0,223,0,223,222.880950238635,99.6875489173653,0,919.513525061451,1,0,0
5.107,50.0028433336147,399.996271683046,0,223,-0.118851345096516,0,223,0,223,222.881148654904,99.6885742263148,0,919.513525061451,1,0,0
5.108,50.0028385947253,399.996277896907,0,223,-0.118653259521412,0,223,0,223,222.881346740479,99.6895978264161,0,919.513525061451,1,0,0
5.109,50.0028338637341,399.996284100413,0,223,-0.118455504088925,0,223,0,223,222.881544495911,99.6906197205172,0,919.513525061451,1,0,0
5.11,50.0028291406279,399.996290293579,0,223,-0.118258078248829,0,223,0,223,222.881741921752,99.6916399114614,0,919.513525061451,1,0,0
5.111,50.0028244253935,399.996296476423,0,223,-0.118060981451805,0,223,0,223,222.881939018549,99.6926584020875,0,919.513525061451,1,0,0
5.112,50.0028197180178,399.996302648962,0,223,-0.117864213149426,0,223,0,223,222.882135786851,99.6936751952291,0,919.513525061451,1,0,0
5.113,50.0028150184878,399.996308811214,0,223,-0.1176677727942,0,223,0,223,222.882332227206,99.6946902937156,0,919.513525061451,1,0,0
5.114,50.0028103267903,399.996314963195,0,223,-0.11747165983956,0,223,0,223,222.882528340161,99.6957037003712,0,919.513525061451,1,0,0
5.115,50.0028056429123,399.996321104923,0,223,-0.117275873739859,0,223,0,223,222.882724126261,99.6967154180157,0,919.513525061451,1,0,0
5.116,50.0028009668408,399.996327236415,0,223,-0.117080413950331,0,223,0,223,222.88291958605,99.6977254494641,0,919.513525061451,1,0,0
5.117,50.0027962985628,399.996333357687,0,223,-0.116885279927124,0,223,0,223,222.883114720073,99.6987337975268,0,919.513525061451,1,0,0
5.118,50.0027916380652,399.996339468758,0,223,-0.116690471127297,0,223,0,223,222.883309528873,99.6997404650094,0,919.513525061451,1,0,0
5.119,50.002786985335,399.996345569643,0,223,-0.116495987008815,0,223,0,223,222.883504012992,99.7007454547129,0,919.513525061451,1,0,0
5.12,50.0027823403595,399.996351660361,0,223,-0.116301827030547,0,223,0,223,222.88369817297,99.7017487694335,0,919.513525061451,1,0,0
5.121,50.0027777031256,399.996357740927,0,223,-0.116107990652224,0,223,0,223,222.883892009348,99.7027504119629,0,919.513525061451,1,0,0
5.122,50.0027730736203,399.996363811358,0,223,-0.115914477334515,0,223,0,223,222.884085522666,99.7037503850881,0,919.513525061451,1,0,0
5.123,50.002768451831,399.996369871673,0,223,-0.115721286539018,0,223,0,223,222.884278713461,99.7047486915914,0,919.513525061451,1,0,0
5.124,50.0027638377446,399.996375921887,0,223,-0.115528417728188,0,223,0,223,222.884471582272,99.7057453342506,0,919.513525061451,1,0,0
5.125,50.0027592313484,399.996381962017,0,223,-0.11533587036537,0,223,0,223,222.884664129635,99.7067403158386,0,919.513525061451,1,0,0
5.126,50.0027546326294,399.99638799208,0,223,-0.115143643914834,0,223,0,223,222.884856356086,99.707733639124,0,919.513525061451,1,0,0
5.127,50.0027500415751,399.996394012093,0,223,-0.114951737841699,0,223,0,223,222.885048262159,99.7087253068706,0,919.513525061451,1,0,0
5.128,50.0027454581724,399.996400022073,0,223,-0.114760151612006,0,223,0,223,222.885239848388,99.7097153218377,0,919.513525061451,1,0,0
5.129,50.0027408824088,399.996406022036,0,223,-0.114568884692679,0,223,0,223,222.885431115308,99.7107036867797,0,919.513525061451,1,0,0
5.13,50.0027363142715,399.996412012,0,223,-0.114377936551561,0,223,0,223,222.885622063449,99.7116904044469,0,919.513525061451,1,0,0
5.131,50.0027317537477,399.99641799198,0,223,-0.114187306657337,0,223,0,223,222.885812693343,99.7126754775846,0,919.513525061451,1,0,0
5.132,50.0027272008248,399.996423961993,0,223,-0.11399699447961,0,223,0,223,222.886003005521,99.7136589089338,0,919.513525061451,1,0,0
5.133,50.0027226554901,399.996429922056,0,223,-0.113806999488861,0,223,0,223,222.886193000512,99.7146407012307,0,919.513525061451,1,0,0
5.134,50.0027181177309,399.996435872186,0,223,-0.113617321156411,0,223,0,223,222.886382678844,99.7156208572071,0,919.513525061451,1,0,0
5.135,50.0027135875347,399.996441812399,0,223,-0.113427958954498,0,223,0,223,222.886572041046,99.7165993795902,0,919.513525061451,1,0,0
5.136,50.0027090648888,399.996447742712,0,223,-0.113238912356235,0,223,0,223,222.886761087644,99.7175762711027,0,919.513525061451,1,0,0
5.137,50.0027045497806,399.996453663141,0,223,-0.113050180835653,0,223,0,223,222.886949819165,99.7185515344627,0,919.513525061451,1,0,0
5.138,50.0027000421977,399.996459573702,0,223,-0.11286176386762,0,223,0,223,222.887138236133,99.7195251723837,0,919.513525061451,1,0,0
5.139,50.0026955421273,399.996465474413,0,223,-0.112673660927882,0,223,0,223,222.887326339073,99.7204971875749,0,919.513525061451,1,0,0
5.14,50.0026910495571,399.996471365289,0,223,-0.112485871493027,0,223,0,223,222.887514128507,99.7214675827408,0,919.513525061451,1,0,0
5.141,50.0026865644745,399.996477246347,0,223,-0.112298395040561,0,223,0,223,222.88770160496,99.7224363605813,0,919.513525061451,1,0,0
5.142,50.0026820868671,399.996483117603,0,223,-0.112111231048831,0,223,0,223,222.887888768952,99.7234035237922,0,919.513525061451,1,0,0
5.143,50.0026776167223,399.996488979073,0,223,-0.111924378997102,0,223,0,223,222.888075621003,99.7243690750643,0,919.513525061451,1,0,0
5.144,50.0026731540278,399.996494830775,0,223,-0.111737838365448,0,223,0,223,222.888262161635,99.7253330170843,0,919.513525061451,1,0,0
5.145,50.0026686987711,399.996500672724,0,223,-0.111551608634863,0,223,0,223,222.888448391366,99.7262953525343,0,919.513525061451,1,0,0
5.146,50.0026642509398,399.996506504936,0,223,-0.111365689287154,0,223,0,223,222.888634310713,99.7272560840919,0,919.513525061451,1,0,0
5.147,50.0026598105215,399.996512327427,0,223,-0.111180079805012,0,223,0,223,222.888819920195,99.7282152144302,0,919.513525061451,1,0,0
5.148,50.002655377504,399.996518140215,0,223,-0.11099477967202,0,223,0,223,222.889005220328,99.729172746218,0,919.513525061451,1,0,0
5.149,50.0026509518748,399.996523943315,0,223,-0.110809788372576,0,223,0,223,222.889190211628,99.7301286821194,0,919.513525061451,1,0,0
5.15,50.0026465336217,399.996529736743,0,223,-0.110625105391974,0,223,0,223,222.889374894608,99.7310830247944,0,919.513525061451,1,0,0
5.151,50.0026421227323,399.996535520515,0,223,-0.110440730216328,0,223,0,223,222.889559269784,99.7320357768982,0,919.513525061451,1,0,0
5.152,50.0026377191944,399.996541294647,0,223,-0.110256662332651,0,223,0,223,222.889743337668,99.7329869410818,0,919.513525061451,1,0,0
5.153,50.0026333229958,399.996547059156,0,223,-0.110072901228784,0,223,0,223,222.889927098772,99.7339365199918,0,919.513525061451,1,0,0
5.154,50.0026289341241,399.996552814057,0,223,-0.109889446393436,0,223,0,223,222.890110553607,99.7348845162703,0,919.513525061451,1,0,0
5.155,50.0026245525673,399.996558559367,0,223,-0.10970629731615,0,223,0,223,222.890293702684,99.735830932555,0,919.513525061451,1,0,0
5.156,50.002620178313,399.996564295102,0,223,-0.109523453487343,0,223,0,223,222.890476546513,99.7367757714792,0,919.513525061451,1,0,0
5.157,50.0026158113491,399.996570021277,0,223,-0.109340914398234,0,223,0,223,222.890659085602,99.7377190356719,0,919.513525061451,1,0,0
5.158,50.0026114516635,399.996575737908,0,223,-0.109158679540929,0,223,0,223,222.890841320459,99.7386607277576,0,919.513525061451,1,0,0
5.159,50.0026070992441,399.996581445011,0,223,-0.108976748408378,0,223,0,223,222.891023251592,99.7396008503564,0,919.513525061451,1,0,0
5.16,50.0026027540787,399.996587142603,0,223,-0.108795120494387,0,223,0,223,222.891204879506,99.7405394060843,0,919.513525061451,1,0,0
5.161,50.0025984161552,399.996592830699,0,223,-0.108613795293579,0,223,0,223,222.891386204707,99.7414763975526,0,919.513525061451,1,0,0
5.162,50.0025940854616,399.996598509314,0,223,-0.108432772301441,0,223,0,223,222.891567227699,99.7424118273685,0,919.513525061451,1,0,0
5.163,50.0025897619859,399.996604178465,0,223,-0.10825205101429,0,223,0,223,222.891747948986,99.7433456981347,0,919.513525061451,1,0,0
5.164,50.0025854457159,399.996609838168,0,223,-0.108071630929274,0,223,0,223,222.891928369071,99.7442780124496,0,919.513525061451,1,0,0
5.165,50.0025811366397,399.996615488437,0,223,-0.107891511544382,0,223,0,223,222.892108488456,99.7452087729073,0,919.513525061451,1,0,0
5.166,50.0025768347453,399.99662112929,0,223,-0.10771169235845,0,223,0,223,222.892288307642,99.7461379820976,0,919.513525061451,1,0,0
5.167,50.0025725400207,399.996626760741,0,223,-0.107532172871159,0,223,0,223,222.892467827129,99.7470656426059,0,919.513525061451,1,0,0
5.168,50.002568252454,399.996632382807,0,223,-0.107352952583013,0,223,0,223,222.892647047417,99.7479917570134,0,919.513525061451,1,0,0
5.169,50.0025639720333,399.996637995502,0,223,-0.107174030995335,0,223,0,223,222.892825969005,99.7489163278969,0,919.513525061451,1,0,0
5.17,50.0025596987465,399.996643598843,0,223,-0.10699540761032,0,223,0,223,222.89300459239,99.7498393578288,0,919.513525061451,1,0,0
5.171,50.002555432582,399.996649192845,0,223,-0.106817081930957,0,223,0,223,222.893182918069,99.7507608493776,0,919.513525061451,1,0,0
5.172,50.0025511735277,399.996654777523,0,223,-0.106639053461044,0,223,0,223,222.893360946539,99.7516808051071,0,919.513525061451,1,0,0
5.173,50.0025469215718,399.996660352894,0,223,-0.106461321705263,0,223,0,223,222.893538678295,99.7525992275771,0,919.513525061451,1,0,0
5.174,50.0025426767025,399.996665918973,0,223,-0.106283886169078,0,223,0,223,222.893716113831,99.7535161193429,0,919.513525061451,1,0,0
5.175,50.002538438908,399.996671475774,0,223,-0.106106746358778,0,223,0,223,222.893893253642,99.7544314829558,0,919.513525061451,1,0,0
5.176,50.0025342081765,399.996677023315,0,223,-0.105929901781483,0,223,0,223,222.894070098219,99.7553453209627,0,919.513525061451,1,0,0
5.177,50.0025299844962,399.996682561609,0,223,-0.105753351945155,0,223,0,223,222.894246648055,99.7562576359062,0,919.513525061451,1,0,0
5.178,50.0025257678554,399.996688090673,0,223,-0.105577096358563,0,223,0,223,222.894422903642,99.7571684303248,0,919.513525061451,1,0,0
5.179,50.0025215582423,399.996693610522,0,223,-0.105401134531292,0,223,0,223,222.894598865469,99.7580777067527,0,919.513525061451,1,0,0
5.18,50.0025173556452,399.996699121171,0,223,-0.105225465973717,0,223,0,223,222.894774534027,99.75898546772,0,919.513525061451,1,0,0
5.181,50.0025131600524,399.996704622636,0,223,-0.105050090197081,0,223,0,223,222.894949909803,99.7598917157522,0,919.513525061451,1,0,0
5.182,50.0025089714524,399.996710114932,0,223,-0.104875006713395,0,223,0,223,222.895124993287,99.7607964533711,0,919.513525061451,1,0,0
5.183,50.0025047898333,399.996715598073,0,223,-0.104700215035517,0,223,0,223,222.895299784965,99.7616996830939,0,919.513525061451,1,0,0
5.184,50.0025006151835,399.996721072077,0,223,-0.104525714677087,0,223,0,223,222.895474285323,99.7626014074339,0,919.513525061451,1,0,0
5.185,50.0024964474916,399.996726536956,0,223,-0.104351505152577,0,223,0,223,222.895648494848,99.7635016289,0,919.513525061451,1,0,0
5.186,50.0024922867458,399.996731992728,0,223,-0.104177585977292,0,223,0,223,222.895822414023,99.764400349997,0,919.513525061451,1,0,0
5.187,50.0024881329345,399.996737439407,0,223,-0.10400395666731,0,223,0,223,222.895996043333,99.7652975732254,0,919.513525061451,1,0,0
5.188,50.0024839860463,399.996742877008,0,223,-0.103830616739529,0,223,0,223,222.896169383261,99.7661933010819,0,919.513525061451,1,0,0
5.189,50.0024798460695,399.996748305546,0,223,-0.103657565711633,0,223,0,223,222.896342434289,99.7670875360585,0,919.513525061451,1,0,0
5.19,50.0024757129928,399.996753725037,0,223,-0.103484803102108,0,223,0,223,222.896515196898,99.7679802806436,0,919.513525061451,1,0,0
5.191,50.0024715868044,399.996759135495,0,223,-0.10331232843025,0,223,0,223,222.89668767157,99.768871537321,0,919.513525061451,1,0,0
5.192,50.0024674674931,399.996764536936,0,223,-0.103140141216173,0,223,0,223,222.896859858784,99.7697613085706,0,919.513525061451,1,0,0
5.193,50.0024633550473,399.996769929375,0,223,-0.10296824098078,0,223,0,223,222.89703175902,99.7706495968681,0,919.513525061451,1,0,0
5.194,50.0024592494555,399.996775312826,0,223,-0.102796627245779,0,223,0,223,222.897203372755,99.7715364046851,0,919.513525061451,1,0,0
5.195,50.0024551507064,399.996780687304,0,223,-0.102625299533688,0,223,0,223,222.897374700467,99.7724217344891,0,919.513525061451,1,0,0
5.196,50.0024510587886,399.996786052826,0,223,-0.102454257367773,0,223,0,223,222.897545742633,99.7733055887434,0,919.513525061451,1,0,0
5.197,50.0024469736906,399.996791409404,0,223,-0.102283500272132,0,223,0,223,222.897716499728,99.7741879699073,0,919.513525061451,1,0,0
5.198,50.0024428954011,399.996796757055,0,223,-0.102113027771634,0,223,0,223,222.897886972229,99.7750688804359,0,919.513525061451,1,0,0
5.199,50.0024388239088,399.996802095793,0,223,-0.101942839391965,0,223,0,223,222.898057160608,99.7759483227803,0,919.513525061451,1,0,0
5.2,50.0024347592023,399.996807425634,0,223,-0.1017729346596,0,223,0,223,222.898227065341,99.7768262993875,0,919.513525061451,1,0,0
5.201,50.0024307012703,399.996812746591,0,223,-0.101603313101782,0,223,0,223,222.898396686899,99.7777028127003,0,919.513525061451,1,0,0
5.202,50.0024266501015,399.99681805868,0,223,-0.101433974246567,0,223,0,223,222.898566025754,99.7785778651576,0,919.513525061451,1,0,0
5.203,50.0024226056847,399.996823361916,0,223,-0.101264917622761,0,223,0,223,222.898735082378,99.7794514591941,0,919.513525061451,1,0,0
5.204,50.0024185680085,399.996828656312,0,223,-0.101096142760008,0,223,0,223,222.89890385724,99.7803235972406,0,919.513525061451,1,0,0
5.205,50.0024145370618,399.996833941885,0,223,-0.100927649188691,0,223,0,223,222.899072350812,99.7811942817237,0,919.513525061451,1,0,0
5.206,50.0024105128334,399.996839218649,0,223,-0.100759436439977,0,223,0,223,222.89924056356,99.782063515066,0,919.513525061451,1,0,0
5.207,50.002406495312,399.996844486618,0,223,-0.100591504045835,0,223,0,223,222.899408495955,99.782931299686,0,919.513525061451,1,0,0
5.208,50.0024024844865,399.996849745807,0,223,-0.100423851539008,0,223,0,223,222.899576148461,99.7837976379983,0,919.513525061451,1,0,0
5.209,50.0023984803457,399.99685499623,0,223,-0.100256478453024,0,223,0,223,222.899743521547,99.7846625324134,0,919.513525061451,1,0,0
5.21,50.0023944828784,399.996860237903,0,223,-0.100089384322176,0,223,0,223,222.899910615678,99.7855259853379,0,919.513525061451,1,0,0
5.211,50.0023904920736,399.99686547084,0,223,-0.0999225686815313,0,223,0,223,222.900077431319,99.7863879991741,0,919.513525061451,1,0,0
5.212,50.0023865079202,399.996870695055,0,223,-0.0997560310669456,0,223,0,223,222.900243968933,99.7872485763206,0,919.513525061451,1,0,0
5.213,50.002382530407,399.996875910563,0,223,-0.09958977101504,0,223,0,223,222.900410228985,99.7881077191718,0,919.513525061451,1,0,0
5.214,50.0023785595229,399.996881117379,0,223,-0.0994237880632132,0,223,0,223,222.900576211937,99.7889654301184,0,919.513525061451,1,0,0
5.215,50.0023745952571,399.996886315517,0,223,-0.0992580817496554,0,223,0,223,222.900741918251,99.7898217115466,0,919.513525061451,1,0,0
5.216,50.0023706375983,399.996891504991,0,223,-0.0990926516132876,0,223,0,223,222.900907348387,99.7906765658392,0,919.513525061451,1,0,0
5.217,50.0023666865356,399.996896685816,0,223,-0.0989274971938131,0,223,0,223,222.901072502807,99.7915299953746,0,919.513525061451,1,0,0
5.218,50.0023627420581,399.996901858006,0,223,-0.0987626180316944,0,223,0,223,222.901237381969,99.7923820025274,0,919.513525061451,1,0,0
5.219,50.0023588041547,399.996907021576,0,223,-0.0985980136681671,0,223,0,223,222.901401986332,99.7932325896683,0,919.513525061451,1,0,0
5.22,50.0023548728144,399.99691217654,0,223,-0.0984336836452545,0,223,0,223,222.901566316355,99.794081759164,0,919.513525061451,1,0,0
5.221,50.0023509480264,399.996917322913,0,223,-0.0982696275057075,0,223,0,223,222.901730372495,99.7949295133772,0,919.513525061451,1,0,0
5.222,50.0023470297797,399.996922460708,0,223,-0.0981058447930566,0,223,0,223,222.901894155207,99.7957758546667,0,919.513525061451,1,0,0
5.223,50.0023431180634,399.99692758994,0,223,-0.0979423350515901,0,223,0,223,222.902057664949,99.7966207853873,0,919.513525061451,1,0,0
5.224,50.0023392128666,399.996932710624,0,223,-0.097779097826368,0,223,0,223,222.902220902174,99.7974643078902,0,919.513525061451,1,0,0
5.225,50.0023353141785,399.996937822773,0,223,-0.0976161326632011,0,223,0,223,222.902383867337,99.7983064245221,0,919.513525061451,1,0,0
5.226,50.0023314219882,399.996942926401,0,223,-0.0974534391086286,0,223,0,223,222.902546560892,99.7991471376264,0,919.513525061451,1,0,0
5.227,50.0023275362849,399.996948021524,0,223,-0.0972910167099713,0,223,0,223,222.90270898329,99.7999864495421,0,919.513525061451,1,0,0
5.228,50.0023236570577,399.996953108155,0,223,-0.0971288650153101,0,223,0,223,222.902871134985,99.8008243626046,0,919.513525061451,1,0,0
5.229,50.0023197842959,399.996958186308,0,223,-0.0969669835734638,0,223,0,223,222.903033016427,99.8016608791454,0,919.513525061451,1,0,0
5.23,50.0023159179888,399.996963255997,0,223,-0.0968053719340062,0,223,0,223,222.903194628066,99.802496001492,0,919.513525061451,1,0,0
5.231,50.0023120581255,399.996968317237,0,223,-0.0966440296472814,0,223,0,223,222.903355970353,99.8033297319679,0,919.513525061451,1,0,0
5.232,50.0023082046953,399.996973370042,0,223,-0.0964829562643831,0,223,0,223,222.903517043736,99.8041620728931,0,919.513525061451,1,0,0
5.233,50.0023043576874,399.996978414425,0,223,-0.0963221513371335,0,223,0,223,222.903677848663,99.8049930265834,0,919.513525061451,1,0,0
5.234,50.0023005170913,399.996983450401,0,223,-0.096161614418101,0,223,0,223,222.903838385582,99.8058225953509,0,919.513525061451,1,0,0
5.235,50.0022966828961,399.996988477984,0,223,-0.0960013450606161,0,223,0,223,222.90399865494,99.8066507815038,0,919.513525061451,1,0,0
5.236,50.0022928550913,399.996993497187,0,223,-0.0958413428187146,0,223,0,223,222.904158657182,99.8074775873464,0,919.513525061451,1,0,0
5.237,50.0022890336662,399.996998508025,0,223,-0.0956816072472289,0,223,0,223,222.904318392753,99.8083030151792,0,919.513525061451,1,0,0
5.238,50.0022852186101,399.997003510512,0,223,-0.0955221379016936,0,223,0,223,222.904477862099,99.8091270672991,0,919.513525061451,1,0,0
5.239,50.0022814099124,399.997008504661,0,223,-0.0953629343384,0,223,0,223,222.904637065662,99.8099497459987,0,919.513525061451,1,0,0
5.24,50.0022776075625,399.997013490487,0,223,-0.095203996114377,0,223,0,223,222.904796003886,99.8107710535672,0,919.513525061451,1,0,0
5.241,50.0022738115499,399.997018468002,0,223,-0.0950453227874079,0,223,0,223,222.904954677213,99.8115909922897,0,919.513525061451,1,0,0
5.242,50.002270021864,399.997023437222,0,223,-0.0948869139159748,0,223,0,223,222.905113086084,99.8124095644476,0,919.513525061451,1,0,0
5.243,50.0022662384942,399.99702839816,0,223,-0.0947287690593138,0,223,0,223,222.905271230941,99.8132267723187,0,919.513525061451,1,0,0
5.244,50.0022624614301,399.99703335083,0,223,-0.0945708877774326,0,223,0,223,222.905429112223,99.8140426181766,0,919.513525061451,1,0,0
5.245,50.002258690661,399.997038295245,0,223,-0.0944132696310174,0,223,0,223,222.905586730369,99.8148571042914,0,919.513525061451,1,0,0
5.246,50.0022549261766,399.99704323142,0,223,-0.0942559141815262,0,223,0,223,222.905744085819,99.8156702329294,0,919.513525061451,1,0,0
5.247,50.0022511679663,399.997048159368,0,223,-0.0940988209911326,0,223,0,223,222.905901179009,99.816482006353,0,919.513525061451,1,0,0
5.248,50.0022474160197,399.997053079102,0,223,-0.0939419896227081,0,223,0,223,222.906058010378,99.8172924268208,0,919.513525061451,1,0,0
5.249,50.0022436703263,399.997057990637,0,223,-0.0937854196399151,0,223,0,223,222.90621458036,99.8181014965879,0,919.513525061451,1,0,0
5.25,50.0022399308758,399.997062893986,0,223,-0.0936291106071139,0,223,0,223,222.906370889393,99.8189092179054,0,919.513525061451,1,0,0
5.251,50.0022361976576,399.997067789163,0,223,-0.0934730620893828,0,223,0,223,222.906526937911,99.8197155930207,0,919.513525061451,1,0,0
5.252,50.0022324706615,399.997072676181,0,223,-0.0933172736525004,0,223,0,223,222.906682726348,99.8205206241774,0,919.513525061451,1,0,0
5.253,50.0022287498771,399.997077555054,0,223,-0.0931617448630023,0,223,0,223,222.906838255137,99.8213243136156,0,919.513525061451,1,0,0
5.254,50.002225035294,399.997082425795,0,223,-0.0930064752881636,0,223,0,223,222.906993524712,99.8221266635713,0,919.513525061451,1,0,0
5.255,50.0022213269018,399.997087288419,0,223,-0.0928514644959437,0,223,0,223,222.907148535504,99.8229276762771,0,919.513525061451,1,0,0
5.256,50.0022176246903,399.997092142938,0,223,-0.0926967120550446,0,223,0,223,222.907303287945,99.8237273539618,0,919.513525061451,1,0,0
5.257,50.0022139286492,399.997096989367,0,223,-0.0925422175348931,0,223,0,223,222.907457782466,99.8245256988503,0,919.513525061451,1,0,0
5.258,50.0022102387681,399.997101827718,0,223,-0.0923879805056243,0,223,0,223,222.907612019495,99.825322713164,0,919.513525061451,1,0,0
5.259,50.0022065550368,399.997106658005,0,223,-0.0922340005380648,0,223,0,223,222.907765999462,99.8261183991205,0,919.513525061451,1,0,0
5.26,50.0022028774451,399.997111480242,0,223,-0.0920802772037912,0,223,0,223,222.907919722797,99.8269127589338,0,919.513525061451,1,0,0
5.261,50.0021992059827,399.997116294441,0,223,-0.0919268100750758,0,223,0,223,222.908073189925,99.827705794814,0,919.513525061451,1,0,0
5.262,50.0021955406394,399.997121100617,0,223,-0.0917735987249078,0,223,0,223,222.908226401275,99.8284975089678,0,919.513525061451,1,0,0
5.263,50.002191881405,399.997125898783,0,223,-0.0916206427269776,0,223,0,223,222.908379357273,99.829287903598,0,919.513525061451,1,0,0
5.264,50.0021882282693,399.997130688951,0,223,-0.0914679416556977,0,223,0,223,222.908532058345,99.8300769809038,0,919.513525061451,1,0,0
5.265,50.0021845812222,399.997135471137,0,223,-0.0913154950861871,0,223,0,223,222.908684504914,99.8308647430807,0,919.513525061451,1,0,0
5.266,50.0021809402535,399.997140245351,0,223,-0.0911633025942925,0,223,0,223,222.908836697406,99.8316511923207,0,919.513525061451,1,0,0
5.267,50.002177305353,399.997145011609,0,223,-0.0910113637565358,0,223,0,223,222.908988636244,99.8324363308119,0,919.513525061451,1,0,0
5.268,50.0021736765108,399.997149769923,0,223,-0.0908596781501734,0,223,0,223,222.90914032185,99.833220160739,0,919.513525061451,1,0,0
5.269,50.0021700537166,399.997154520306,0,223,-0.0907082453531433,0,223,0,223,222.909291754647,99.8340026842829,0,919.513525061451,1,0,0
5.27,50.0021664369604,399.997159262773,0,223,-0.090557064944125,0,223,0,223,222.909442935056,99.8347839036209,0,919.513525061451,1,0,0
5.271,50.0021628262321,399.997163997335,0,223,-0.0904061365024495,0,223,0,223,222.909593863498,99.8355638209266,0,919.513525061451,1,0,0
5.272,50.0021592215218,399.997168724006,0,223,-0.090255459608197,0,223,0,223,222.909744540392,99.8363424383702,0,919.513525061451,1,0,0
5.273,50.0021556228192,399.997173442799,0,223,-0.0901050338421074,0,223,0,223,222.909894966158,99.837119758118,0,919.513525061451,1,0,0
5.274,50.0021520301145,399.997178153728,0,223,-0.0899548587856407,0,223,0,223,222.910045141215,99.837895782333,0,919.513525061451,1,0,0
5.275,50.0021484433977,399.997182856805,0,223,-0.0898049340209252,0,223,0,223,222.910195065979,99.8386705131742,0,919.513525061451,1,0,0
5.276,50.0021448626587,399.997187552043,0,223,-0.0896552591308183,0,223,0,223,222.91034474087,99.8394439527974,0,919.513525061451,1,0,0
5.277,50.0021412878876,399.997192239457,0,223,-0.0895058336988549,0,223,0,223,222.910494166302,99.8402161033545,0,919.513525061451,1,0,0
5.278,50.0021377190744,399.997196919058,0,223,-0.0893566573092708,0,223,0,223,222.910643342691,99.840986966994,0,919.513525061451,1,0,0
5.279,50.0021341562093,399.997201590859,0,223,-0.089207729546989,0,223,0,223,222.910792270453,99.8417565458608,0,919.513525061451,1,0,0
5.28,50.0021305992823,399.997206254874,0,223,-0.0890590499976433,0,223,0,223,222.910940950003,99.8425248420961,0,919.513525061451,1,0,0
5.281,50.0021270482835,399.997210911116,0,223,-0.0889106182475647,0,223,0,223,222.911089381753,99.8432918578378,0,919.513525061451,1,0,0
5.282,50.002123503203,399.997215559598,0,223,-0.0887624338837309,0,223,0,223,222.911237566117,99.8440575952198,0,919.513525061451,1,0,0
5.283,50.002119964031,399.997220200332,0,223,-0.0886144964938285,0,223,0,223,222.911385503507,99.8448220563729,0,919.513525061451,1,0,0
5.284,50.0021164307576,399.997224833331,0,223,-0.0884668056662391,0,223,0,223,222.911533194334,99.845585243424,0,919.513525061451,1,0,0
5.285,50.002112903373,399.997229458609,0,223,-0.088319360990027,0,223,0,223,222.91168063901,99.8463471584968,0,919.513525061451,1,0,0
5.286,50.0021093818674,399.997234076178,0,223,-0.0881721620549632,0,223,0,223,222.911827837945,99.8471078037111,0,919.513525061451,1,0,0
5.287,50.002105866231,399.997238686051,0,223,-0.0880252084514755,0,223,0,223,222.911974791549,99.8478671811833,0,919.513525061451,1,0,0
5.288,50.0021023564539,399.997243288241,0,223,-0.0878784997706742,0,223,0,223,222.91212150023,99.8486252930265,0,919.513525061451,1,0,0
5.289,50.0020988525265,399.997247882761,0,223,-0.0877320356043394,0,223,0,223,222.912267964396,99.8493821413499,0,919.513525061451,1,0,0
5.29,50.0020953544389,399.997252469623,0,223,-0.0875858155449468,0,223,0,223,222.912414184455,99.8501377282594,0,919.513525061451,1,0,0
5.291,50.0020918621815,399.99725704884,0,223,-0.0874398391856547,0,223,0,223,222.912560160815,99.8508920558574,0,919.513525061451,1,0,0
5.292,50.0020883757446,399.997261620425,0,223,-0.0872941061202931,0,223,0,223,222.91270589388,99.8516451262428,0,919.513525061451,1,0,0
5.293,50.0020848951183,399.997266184391,0,223,-0.0871486159433882,0,223,0,223,222.912851384057,99.8523969415108,0,919.513525061451,1,0,0
5.294,50.0020814202931,399.997270740751,0,223,-0.0870033682501145,0,223,0,223,222.91299663175,99.8531475037534,0,919.513525061451,1,0,0
5.295,50.0020779512593,399.997275289516,0,223,-0.0868583626363205,0,223,0,223,222.913141637364,99.853896815059,0,919.513525061451,1,0,0
5.296,50.0020744880072,399.9972798307,0,223,-0.0867135986985547,0,223,0,223,222.913286401302,99.8546448775123,0,919.513525061451,1,0,0
5.297,50.0020710305272,399.997284364316,0,223,-0.086569076034017,0,223,0,223,222.913430923966,99.8553916931949,0,919.513525061451,1,0,0
5.298,50.0020675788097,399.997288890375,0,223,-0.0864247942405854,0,223,0,223,222.91357520576,99.8561372641847,0,919.513525061451,1,0,0
5.299,50.002064132845,399.997293408891,0,223,-0.0862807529168047,0,223,0,223,222.913719247084,99.8568815925562,0,919.513525061451,1,0,0
5.3,50.0020606926236,399.997297919876,0,223,-0.0861369516619133,0,223,0,223,222.913863048338,99.8576246803803,0,919.513525061451,1,0,0
5.301,50.0020572581359,399.997302423343,0,223,-0.0859933900757952,0,223,0,223,222.914006609925,99.8583665297248,0,919.513525061451,1,0,0
5.302,50.0020538293723,399.997306919304,0,223,-0.08585006775897,0,223,0,223,222.914149932241,99.8591071426537,0,919.513525061451,1,0,0
5.303,50.0020504063233,399.997311407772,0,223,-0.0857069843126576,0,223,0,223,222.914293015688,99.8598465212278,0,919.513525061451,1,0,0
5.304,50.0020469889795,399.997315888759,0,223,-0.0855641393387672,0,223,0,223,222.914435860662,99.8605846675042,0,919.513525061451,1,0,0
5.305,50.0020435773312,399.997320362278,0,223,-0.0854215324398499,0,223,0,223,222.914578467561,99.8613215835368,0,919.513525061451,1,0,0
5.306,50.002040171369,399.997324828341,0,223,-0.0852791632190895,0,223,0,223,222.914720836781,99.862057271376,0,919.513525061451,1,0,0
5.307,50.0020367710833,399.99732928696,0,223,-0.0851370312803673,0,223,0,223,222.91486296872,99.8627917330688,0,919.513525061451,1,0,0
5.308,50.0020333764649,399.997333738149,0,223,-0.0849951362282153,0,223,0,223,222.915004863772,99.8635249706588,0,919.513525061451,1,0,0
5.309,50.0020299875041,399.997338181918,0,223,-0.0848534776678066,0,223,0,223,222.915146522333,99.8642569861861,0,919.513525061451,1,0,0
5.31,50.0020266041916,399.997342618282,0,223,-0.0847120552049836,0,223,0,223,222.915287944795,99.8649877816876,0,919.513525061451,1,0,0
5.311,50.0020232265179,399.997347047251,0,223,-0.0845708684462492,0,223,0,223,222.915429131554,99.8657173591966,0,919.513525061451,1,0,0
5.312,50.0020198544737,399.997351468839,0,223,-0.0844299169987939,0,223,0,223,222.915570083002,99.8664457207431,0,919.513525061451,1,0,0
5.313,50.0020164880496,399.997355883058,0,223,-0.0842892004704131,0,223,0,223,222.91571079953,99.8671728683536,0,919.513525061451,1,0,0
5.314,50.0020131272362,399.997360289919,0,223,-0.0841487184695733,0,223,0,223,222.915851281531,99.8678988040514,0,919.513525061451,1,0,0
5.315,50.0020097720241,399.997364689436,0,223,-0.084008470605403,0,223,0,223,222.915991529395,99.8686235298565,0,919.513525061451,1,0,0
5.316,50.0020064224041,399.99736908162,0,223,-0.0838684564876842,0,223,0,223,222.916131543513,99.8693470477852,0,919.513525061451,1,0,0
5.317,50.0020030783668,399.997373466484,0,223,-0.0837286757268442,0,223,0,223,222.916271324274,99.8700693598506,0,919.513525061451,1,0,0
5.318,50.0019997399028,399.99737784404,0,223,-0.0835891279339478,0,223,0,223,222.916410872066,99.8707904680627,0,919.513525061451,1,0,0
5.319,50.001996407003,399.9973822143,0,223,-0.0834498127206892,0,223,0,223,222.91655018728,99.8715103744277,0,919.513525061451,1,0,0
5.32,50.001993079658,399.997386577276,0,223,-0.0833107296994589,0,223,0,223,222.916689270301,99.8722290809487,0,919.513525061451,1,0,0
5.321,50.0019897578585,399.997390932981,0,223,-0.0831718784832606,0,223,0,223,222.916828121517,99.8729465896256,0,919.513525061451,1,0,0
5.322,50.0019864415954,399.997395281426,0,223,-0.0830332586857417,0,223,0,223,222.916966741315,99.8736629024547,0,919.513525061451,1,0,0
5.323,50.0019831308594,399.997399622624,0,223,-0.0828948699212226,0,223,0,223,222.917105130079,99.874378021429,0,919.513525061451,1,0,0
5.324,50.0019798256413,399.997403956586,0,223,-0.082756711804652,0,223,0,223,222.917243288196,99.8750919485384,0,919.513525061451,1,0,0
5.325,50.0019765259319,399.997408283325,0,223,-0.0826187839515999,0,223,0,223,222.917381216049,99.8758046857693,0,919.513525061451,1,0,0
5.326,50.001973231722,399.997412602853,0,223,-0.0824810859782884,0,223,0,223,222.917518914022,99.8765162351048,0,919.513525061451,1,0,0
5.327,50.0019699430025,399.997416915181,0,223,-0.0823436175015839,0,223,0,223,222.917656382499,99.8772265985248,0,919.513525061451,1,0,0
5.328,50.0019666597642,399.997421220323,0,223,-0.0822063781390278,0,223,0,223,222.917793621861,99.8779357780057,0,919.513525061451,1,0,0
5.329,50.0019633819979,399.997425518289,0,223,-0.0820693675087549,0,223,0,223,222.917930632492,99.8786437755208,0,919.513525061451,1,0,0
5.33,50.0019601096946,399.997429809092,0,223,-0.0819325852295249,0,223,0,223,222.918067414771,99.87935059304,0,919.513525061451,1,0,0
5.331,50.0019568428451,399.997434092743,0,223,-0.0817960309207533,0,223,0,223,222.91820396908,99.8800562325301,0,919.513525061451,1,0,0
5.332,50.0019535814403,399.997438369255,0,223,-0.0816597042025048,0,223,0,223,222.918340295798,99.8807606959543,0,919.513525061451,1,0,0
5.333,50.0019503254713,399.99744263864,0,223,-0.0815236046954498,0,223,0,223,222.918476395305,99.8814639852728,0,919.513525061451,1,0,0
5.334,50.0019470749288,399.997446900909,0,223,-0.0813877320208964,0,223,0,223,222.91861226798,99.8821661024425,0,919.513525061451,1,0,0
5.335,50.0019438298039,399.997451156074,0,223,-0.0812520858008205,0,223,0,223,222.9187479142,99.8828670494168,0,919.513525061451,1,0,0
5.336,50.0019405900876,399.997455404147,0,223,-0.0811166656577867,0,223,0,223,222.918883334343,99.8835668281462,0,919.513525061451,1,0,0
5.337,50.0019373557708,399.99745964514,0,223,-0.0809814712149796,0,223,0,223,222.919018528785,99.8842654405778,0,919.513525061451,1,0,0
5.338,50.0019341268445,399.997463879065,0,223,-0.0808465020962362,0,223,0,223,222.919153497904,99.8849628886553,0,919.513525061451,1,0,0
5.339,50.0019309032998,399.997468105933,0,223,-0.0807117579260394,0,223,0,223,222.919288242074,99.8856591743193,0,919.513525061451,1,0,0
5.34,50.0019276851276,399.997472325757,0,223,-0.0805772383294763,0,223,0,223,222.919422761671,99.8863542995072,0,919.513525061451,1,0,0
5.341,50.0019244723191,399.997476538547,0,223,-0.0804429429322331,0,223,0,223,222.919557057068,99.8870482661531,0,919.513525061451,1,0,0
5.342,50.0019212648652,399.997480744316,0,223,-0.0803088713606648,0,223,0,223,222.91969112864,99.887741076188,0,919.513525061451,1,0,0
5.343,50.0019180627571,399.997484943076,0,223,-0.0801750232417158,0,223,0,223,222.919824976759,99.8884327315395,0,919.513525061451,1,0,0
5.344,50.0019148659858,399.997489134837,0,223,-0.0800413982029526,0,223,0,223,222.919958601797,99.889123234132,0,919.513525061451,1,0,0
5.345,50.0019116745425,399.997493319613,0,223,-0.0799079958725966,0,223,0,223,222.920092004128,99.8898125858869,0,919.513525061451,1,0,0
5.346,50.0019084884183,399.997497497413,0,223,-0.0797748158794448,0,223,0,223,222.920225184121,99.8905007887222,0,919.513525061451,1,0,0
5.347,50.0019053076042,399.997501668251,0,223,-0.0796418578529409,0,223,0,223,222.920358142147,99.8911878445528,0,919.513525061451,1,0,0
5.348,50.0019021320916,399.997505832137,0,223,-0.0795091214231329,0,223,0,223,222.920490878577,99.8918737552903,0,919.513525061451,1,0,0
5.349,50.0018989618714,399.997509989084,0,223,-0.079376606220707,0,223,0,223,222.92062339378,99.8925585228433,0,919.513525061451,1,0,0
5.35,50.001895796935,399.997514139102,0,223,-0.0792443118769462,0,223,0,223,222.920755688123,99.893242149117,0,919.513525061451,1,0,0
5.351,50.0018926372734,399.997518282203,0,223,-0.0791122380237638,0,223,0,223,222.920887761977,99.8939246360136,0,919.513525061451,1,0,0
5.352,50.0018894828779,399.9975224184,0,223,-0.0789803842936627,0,223,0,223,222.921019615707,99.894605985432,0,919.513525061451,1,0,0
5.353,50.0018863337398,399.997526547702,0,223,-0.0788487503197692,0,223,0,223,222.921151249681,99.8952861992681,0,919.513525061451,1,0,0
5.354,50.0018831898502,399.997530670123,0,223,-0.0787173357358297,0,223,0,223,222.921282664265,99.8959652794144,0,919.513525061451,1,0,0
5.355,50.0018800512005,399.997534785673,0,223,-0.0785861401762072,0,223,0,223,222.921413859824,99.8966432277605,0,919.513525061451,1,0,0
5.356,50.0018769177818,399.997538894363,0,223,-0.0784551632758413,0,223,0,223,222.921544836725,99.8973200461926,0,919.513525061451,1,0,0
5.357,50.0018737895855,399.997542996206,0,223,-0.0783244046703194,0,223,0,223,222.92167559533,99.8979957365941,0,919.513525061451,1,0,0
5.358,50.0018706666029,399.997547091212,0,223,-0.0781938639958,0,223,0,223,222.921806136005,99.8986703008449,0,919.513525061451,1,0,0
5.359,50.0018675488252,399.997551179393,0,223,-0.0780635408890836,0,223,0,223,222.921936459111,99.8993437408219,0,919.513525061451,1,0,0
5.36,50.0018644362438,399.997555260761,0,223,-0.0779334349875367,0,223,0,223,222.922066565013,99.900016058399,0,919.513525061451,1,0,0
5.361,50.0018613288501,399.997559335327,0,223,-0.0778035459291632,0,223,0,223,222.922196454071,99.9006872554468,0,919.513525061451,1,0,0
5.362,50.0018582266353,399.997563403101,0,223,-0.0776738733525646,0,223,0,223,222.922326126648,99.9013573338328,0,919.513525061451,1,0,0
5.363,50.001855129591,399.997567464096,0,223,-0.0775444168969385,0,223,0,223,222.922455583103,99.9020262954215,0,919.513525061451,1,0,0
5.364,50.0018520377083,399.997571518322,0,223,-0.0774151762020759,0,223,0,223,222.922584823798,99.9026941420743,0,919.513525061451,1,0,0
5.365,50.0018489509788,399.997575565792,0,223,-0.0772861509083603,0,223,0,223,222.922713849092,99.9033608756493,0,919.513525061451,1,0,0
5.366,50.0018458693938,399.997579606516,0,223,-0.0771573406568024,0,223,0,223,222.922842659344,99.9040264980016,0,919.513525061451,1,0,0
5.367,50.0018427929448,399.997583640505,0,223,-0.077028745089001,0,223,0,223,222.922971254911,99.9046910109834,0,919.513525061451,1,0,0
5.368,50.0018397216233,399.99758766777,0,223,-0.0769003638471419,0,223,0,223,222.923099636153,99.9053544164435,0,919.513525061451,1,0,0
5.369,50.0018366554205,399.997591688324,0,223,-0.0767721965740335,0,223,0,223,222.923227803426,99.9060167162279,0,919.513525061451,1,0,0
5.37,50.0018335943282,399.997595702177,0,223,-0.0766442429130311,0,223,0,223,222.923355757087,99.9066779121793,0,919.513525061451,1,0,0
5.371,50.0018305383376,399.99759970934,0,223,-0.0765165025081476,0,223,0,223,222.923483497492,99.9073380061374,0,919.513525061451,1,0,0
5.372,50.0018274874404,399.997603709824,0,223,-0.0763889750039404,0,223,0,223,222.923611024996,99.907996999939,0,919.513525061451,1,0,0
5.373,50.001824441628,399.997607703641,0,223,-0.076261660045585,0,223,0,223,222.923738339955,99.9086548954175,0,919.513525061451,1,0,0
5.374,50.001821400892,399.997611690802,0,223,-0.0761345572788374,0,223,0,223,222.923865442722,99.9093116944036,0,919.513525061451,1,0,0
5.375,50.0018183652238,399.997615671317,0,223,-0.0760076663500331,0,223,0,223,222.92399233365,99.9099673987247,0,919.513525061451,1,0,0
5.376,50.0018153346151,399.997619645198,0,223,-0.0758809869061239,0,223,0,223,222.924119013094,99.9106220102053,0,919.513525061451,1,0,0
5.377,50.0018123090574,399.997623612456,0,223,-0.0757545185946403,0,223,0,223,222.924245481406,99.9112755306667,0,919.513525061451,1,0,0
5.378,50.0018092885423,399.997627573102,0,223,-0.0756282610636907,0,223,0,223,222.924371738937,99.9119279619274,0,919.513525061451,1,0,0
5.379,50.0018062730614,399.997631527147,0,223,-0.0755022139619624,0,223,0,223,222.924497786038,99.9125793058026,0,919.513525061451,1,0,0
5.38,50.0018032626063,399.997635474602,0,223,-0.075376376938721,0,223,0,223,222.924623623062,99.9132295641047,0,919.513525061451,1,0,0
5.381,50.0018002571686,399.997639415478,0,223,-0.0752507496438478,0,223,0,223,222.924749250357,99.913878738643,0,919.513525061451,1,0,0
5.382,50.00179725674,399.997643349785,0,223,-0.0751253317278023,0,223,0,223,222.924874668273,99.9145268312237,0,919.513525061451,1,0,0
5.383,50.0017942613121,399.997647277536,0,223,-0.0750001228416228,0,223,0,223,222.924999877159,99.9151738436502,0,919.513525061451,1,0,0
5.384,50.0017912708766,399.99765119874,0,223,-0.0748751226369269,0,223,0,223,222.925124877363,99.9158197777225,0,919.513525061451,1,0,0
5.385,50.0017882854251,399.997655113408,0,223,-0.074750330765912,0,223,0,223,222.925249669234,99.9164646352381,0,919.513525061451,1,0,0
5.386,50.0017853049494,399.997659021553,0,223,-0.0746257468813561,0,223,0,223,222.925374253119,99.9171084179911,0,919.513525061451,1,0,0
5.387,50.0017823294412,399.997662923183,0,223,-0.0745013706366186,0,223,0,223,222.925498629364,99.9177511277729,0,919.513525061451,1,0,0
5.388,50.0017793588921,399.997666818311,0,223,-0.0743772016856044,0,223,0,223,222.925622798315,99.9183927663718,0,919.513525061451,1,0,0
5.389,50.001776393294,399.997670706948,0,223,-0.0742532396828391,0,223,0,223,222.925746760318,99.9190333355729,0,919.513525061451,1,0,0
5.39,50.0017734326385,399.997674589103,0,223,-0.074129484283396,0,223,0,223,222.925870515717,99.9196728371588,0,919.513525061451,1,0,0
5.391,50.0017704769174,399.997678464788,0,223,-0.0740059351429344,0,223,0,223,222.925994064857,99.9203112729086,0,919.513525061451,1,0,0
5.392,50.0017675261225,399.997682334013,0,223,-0.0738825919177008,0,223,0,223,222.926117408083,99.9209486445989,0,919.513525061451,1,0,0
5.393,50.0017645802457,399.99768619679,0,223,-0.0737594542644936,0,223,0,223,222.926240545736,99.921584954003,0,919.513525061451,1,0,0
5.394,50.0017616392786,399.997690053128,0,223,-0.073636521840702,0,223,0,223,222.92636347816,99.9222202028915,0,919.513525061451,1,0,0
5.395,50.0017587032131,399.99769390304,0,223,-0.0735137943042701,0,223,0,223,222.926486205696,99.9228543930317,0,919.513525061451,1,0,0
5.396,50.0017557720411,399.997697746535,0,223,-0.0733912713137365,0,223,0,223,222.926608728687,99.9234875261885,0,919.513525061451,1,0,0
5.397,50.0017528457544,399.997701583624,0,223,-0.0732689525281988,0,223,0,223,222.926731047472,99.9241196041233,0,919.513525061451,1,0,0
5.398,50.0017499243448,399.997705414318,0,223,-0.0731468376073157,0,223,0,223,222.926853162393,99.9247506285948,0,919.513525061451,1,0,0
5.399,50.0017470078042,399.997709238627,0,223,-0.0730249262113097,0,223,0,223,222.926975073789,99.925380601359,0,919.513525061451,1,0,0
5.4,50.0017440961245,399.997713056563,0,223,-0.0729032180009695,0,223,0,223,222.927096781999,99.9260095241685,0,919.513525061451,1,0,0
5.401,50.0017411892977,399.997716868135,0,223,-0.0727817126376525,0,223,0,223,222.927218287363,99.9266373987733,0,919.513525061451,1,0,0
5.402,50.0017382873155,399.997720673355,0,223,-0.0726604097832873,0,223,0,223,222.927339590217,99.9272642269205,0,919.513525061451,1,0,0
5.403,50.00173539017,399.997724472233,0,223,-0.0725393091003395,0,223,0,223,222.9274606909,99.9278900103541,0,919.513525061451,1,0,0
5.404,50.001732497853,399.997728264779,0,223,-0.0724184102518519,0,223,0,223,222.927581589749,99.9285147508153,0,919.513525061451,1,0,0
5.405,50.0017296103566,399.997732051004,0,223,-0.0722977129014472,0,223,0,223,222.927702287099,99.9291384500423,0,919.513525061451,1,0,0
5.406,50.0017267276727,399.997735830919,0,223,-0.0721772167132937,0,223,0,223,222.927822783287,99.9297611097707,0,919.513525061451,1,0,0
5.407,50.0017238497932,399.997739604534,0,223,-0.0720569213521092,0,223,0,223,222.927943078648,99.9303827317329,0,919.513525061451,1,0,0
5.408,50.0017209767102,399.99774337186,0,223,-0.071936826483201,0,223,0,223,222.928063173517,99.9310033176585,0,919.513525061451,1,0,0
5.409,50.0017181084157,399.997747132907,0,223,-0.0718169317723951,0,223,0,223,222.928183068228,99.9316228692742,0,919.513525061451,1,0,0
5.41,50.0017152449017,399.997750887686,0,223,-0.0716972368861144,0,223,0,223,222.928302763114,99.9322413883038,0,919.513525061451,1,0,0
5.411,50.0017123861602,399.997754636206,0,223,-0.0715777414913076,0,223,0,223,222.928422258509,99.9328588764684,0,919.513525061451,1,0,0
5.412,50.0017095321833,399.997758378479,0,223,-0.0714584452554907,0,223,0,223,222.928541554745,99.9334753354861,0,919.513525061451,1,0,0
5.413,50.0017066829629,399.997762114515,0,223,-0.0713393478467506,0,223,0,223,222.928660652154,99.934090767072,0,919.513525061451,1,0,0
5.414,50.0017038384913,399.997765844324,0,223,-0.0712204489336749,0,223,0,223,222.928779551067,99.9347051729387,0,919.513525061451,1,0,0
5.415,50.0017009987605,399.997769567917,0,223,-0.0711017481854681,0,223,0,223,222.928898251815,99.9353185547956,0,919.513525061451,1,0,0
5.416,50.0016981637626,399.997773285304,0,223,-0.0709832452718433,0,223,0,223,222.929016754729,99.9359309143494,0,919.513525061451,1,0,0
5.417,50.0016953334896,399.997776996495,0,223,-0.0708649398630651,0,223,0,223,222.929135060137,99.9365422533039,0,919.513525061451,1,0,0
5.418,50.0016925079338,399.997780701501,0,223,-0.0707468316299535,0,223,0,223,222.92925316837,99.9371525733602,0,919.513525061451,1,0,0
5.419,50.0016896870873,399.997784400332,0,223,-0.0706289202438886,0,223,0,223,222.929371079757,99.9377618762164,0,919.513525061451,1,0,0
5.42,50.0016868709421,399.997788092998,0,223,-0.0705112053768148,0,223,0,223,222.929488794624,99.9383701635678,0,919.513525061451,1,0,0
5.421,50.0016840594906,399.997791779509,0,223,-0.0703936867011721,0,223,0,223,222.929606313299,99.9389774371069,0,919.513525061451,1,0,0
5.422,50.0016812527247,399.997795459877,0,223,-0.0702763638899754,0,223,0,223,222.92972363611,99.9395836985235,0,919.513525061451,1,0,0
5.423,50.0016784506369,399.99779913411,0,223,-0.0701592366167822,0,223,0,223,222.929840763384,99.9401889495044,0,919.513525061451,1,0,0
5.424,50.0016756532191,399.99780280222,0,223,-0.070042304555698,0,223,0,223,222.929957695445,99.9407931917337,0,919.513525061451,1,0,0
5.425,50.0016728604638,399.997806464217,0,223,-0.0699255673813813,0,223,0,223,222.930074432619,99.9413964268926,0,919.513525061451,1,0,0
5.426,50.001670072363,399.99781012011,0,223,-0.0698090247690118,0,223,0,223,222.930190975231,99.9419986566595,0,919.513525061451,1,0,0
5.427,50.0016672889091,399.997813769909,0,223,-0.0696926763943337,0,223,0,223,222.930307323606,99.9425998827102,0,919.513525061451,1,0,0
5.428,50.0016645100942,399.997817413626,0,223,-0.0695765219336236,0,223,0,223,222.930423478067,99.9432001067175,0,919.513525061451,1,0,0
5.429,50.0016617359107,399.99782105127,0,223,-0.0694605610636963,0,223,0,223,222.930539438937,99.9437993303514,0,919.513525061451,1,0,0
5.43,50.0016589663509,399.997824682851,0,223,-0.0693447934618743,0,223,0,223,222.930655206539,99.9443975552793,0,919.513525061451,1,0,0
5.431,50.001656201407,399.99782830838,0,223,-0.0692292188060679,0,223,0,223,222.930770781194,99.9449947831656,0,919.513525061451,1,0,0
5.432,50.0016534410713,399.997831927866,0,223,-0.0691138367747063,0,223,0,223,222.930886163226,99.9455910156721,0,919.513525061451,1,0,0
5.433,50.0016506853362,399.997835541319,0,223,-0.0689986470467447,0,223,0,223,222.931001352954,99.9461862544577,0,919.513525061451,1,0,0
5.434,50.0016479341939,399.997839148751,0,223,-0.0688836493016701,0,223,0,223,222.931116350699,99.9467805011788,0,919.513525061451,1,0,0
5.435,50.0016451876369,399.997842750169,0,223,-0.0687688432195086,0,223,0,223,222.931231156781,99.9473737574886,0,919.513525061451,1,0,0
5.436,50.0016424456576,399.997846345586,0,223,-0.0686542284808312,0,223,0,223,222.93134577152,99.9479660250379,0,919.513525061451,1,0,0
5.437,50.0016397082481,399.99784993501,0,223,-0.0685398047667237,0,223,0,223,222.931460195234,99.9485573054746,0,919.513525061451,1,0,0
5.438,50.001636975401,399.997853518451,0,223,-0.0684255717587937,0,223,0,223,222.931574428242,99.9491476004439,0,919.513525061451,1,0,0
5.439,50.0016342471087,399.997857095921,0,223,-0.0683115291392146,0,223,0,223,222.931688470861,99.9497369115883,0,919.513525061451,1,0,0
5.44,50.0016315233635,399.997860667427,0,223,-0.0681976765906579,0,223,0,223,222.93180232341,99.9503252405474,0,919.513525061451,1,0,0
5.441,50.0016288041579,399.997864232982,0,223,-0.0680840137963383,0,223,0,223,222.931915986204,99.9509125889583,0,919.513525061451,1,0,0
5.442,50.0016260894843,399.997867792593,0,223,-0.06797054044002,0,223,0,223,222.93202945956,99.9514989584551,0,919.513525061451,1,0,0
5.443,50.0016233793352,399.997871346272,0,223,-0.0678572562059503,0,223,0,223,222.932142743794,99.9520843506695,0,919.513525061451,1,0,0
5.444,50.001620673703,399.997874894029,0,223,-0.0677441607789413,0,223,0,223,222.932255839221,99.9526687672302,0,919.513525061451,1,0,0
5.445,50.0016179725801,399.997878435872,0,223,-0.0676312538443034,0,223,0,223,222.932368746156,99.9532522097632,0,919.513525061451,1,0,0
5.446,50.0016152759591,399.997881971812,0,223,-0.0675185350878899,0,223,0,223,222.932481464913,99.9538346798921,0,919.513525061451,1,0,0
5.447,50.0016125838325,399.997885501859,0,223,-0.0674060041960677,0,223,0,223,222.932593995804,99.9544161792374,0,919.513525061451,1,0,0
5.448,50.0016098961928,399.997889026023,0,223,-0.0672936608557254,0,223,0,223,222.932706339145,99.9549967094171,0,919.513525061451,1,0,0
5.449,50.0016072130325,399.997892544313,0,223,-0.0671815047542813,0,223,0,223,222.932818495246,99.9555762720465,0,919.513525061451,1,0,0
5.45,50.0016045343441,399.997896056739,0,223,-0.0670695355796913,0,223,0,223,222.932930464421,99.9561548687382,0,919.513525061451,1,0,0
5.451,50.0016018601202,399.997899563311,0,223,-0.0669577530203829,0,223,0,223,222.93304224698,99.9567325011021,0,919.513525061451,1,0,0
5.452,50.0015991903533,399.997903064039,0,223,-0.0668461567653385,0,223,0,223,222.933153843235,99.9573091707454,0,919.513525061451,1,0,0
5.453,50.0015965250361,399.997906558932,0,223,-0.0667347465040659,0,223,0,223,222.933265253496,99.9578848792726,0,919.513525061451,1,0,0
5.454,50.001593864161,399.997910048,0,223,-0.0666235219265702,0,223,0,223,222.933376478074,99.9584596282856,0,919.513525061451,1,0,0
5.455,50.0015912077208,399.997913531254,0,223,-0.0665124827233624,0,223,0,223,222.933487517277,99.9590334193835,0,919.513525061451,1,0,0
5.456,50.0015885557079,399.997917008702,0,223,-0.0664016285855057,0,223,0,223,222.933598371415,99.959606254163,0,919.513525061451,1,0,0
5.457,50.0015859081151,399.997920480354,0,223,-0.0662909592045495,0,223,0,223,222.933709040796,99.9601781342179,0,919.513525061451,1,0,0
5.458,50.0015832649349,399.99792394622,0,223,-0.0661804742725759,0,223,0,223,222.933819525728,99.9607490611393,0,919.513525061451,1,0,0
5.459,50.00158062616,399.997927406309,0,223,-0.0660701734821716,0,223,0,223,222.933929826518,99.9613190365158,0,919.513525061451,1,0,0
5.46,50.001577991783,399.997930860632,0,223,-0.0659600565264005,0,223,0,223,222.934039943474,99.9618880619334,0,919.513525061451,1,0,0
5.461,50.0015753617967,399.997934309198,0,223,-0.0658501230988871,0,223,0,223,222.934149876902,99.9624561389753,0,919.513525061451,1,0,0
5.462,50.0015727361937,399.997937752016,0,223,-0.0657403728937516,0,223,0,223,222.934259627107,99.9630232692221,0,919.513525061451,1,0,0
5.463,50.0015701149667,399.997941189096,0,223,-0.0656308056056191,0,223,0,223,222.934369194395,99.9635894542519,0,919.513525061451,1,0,0
5.464,50.0015674981085,399.997944620447,0,223,-0.0655214209296301,0,223,0,223,222.934478579071,99.9641546956399,0,919.513525061451,1,0,0
5.465,50.0015648856116,399.99794804608,0,223,-0.0654122185614491,0,223,0,223,222.934587781439,99.9647189949589,0,919.513525061451,1,0,0
5.466,50.0015622774689,399.997951466003,0,223,-0.0653031981972013,0,223,0,223,222.934696801803,99.9652823537791,0,919.513525061451,1,0,0
5.467,50.0015596736732,399.997954880227,0,223,-0.0651943595335565,0,223,0,223,222.934805640467,99.965844773668,0,919.513525061451,1,0,0
5.468,50.001557074217,399.997958288759,0,223,-0.0650857022677019,0,223,0,223,222.934914297733,99.9664062561903,0,919.513525061451,1,0,0
5.469,50.0015544790933,399.997961691612,0,223,-0.0649772260972782,0,223,0,223,222.935022773903,99.9669668029084,0,919.513525061451,1,0,0
5.47,50.0015518882948,399.997965088792,0,223,-0.0648689307204645,0,223,0,223,222.93513106928,99.967526415382,0,919.513525061451,1,0,0
5.471,50.0015493018144,399.997968480311,0,223,-0.064760815835951,0,223,0,223,222.935239184164,99.9680850951681,0,919.513525061451,1,0,0
5.472,50.0015467196447,399.997971866177,0,223,-0.0646528811429127,0,223,0,223,222.935347118857,99.9686428438213,0,919.513525061451,1,0,0
5.473,50.0015441417786,399.9979752464,0,223,-0.0645451263410202,0,223,0,223,222.935454873659,99.9691996628934,0,919.513525061451,1,0,0
5.474,50.001541568209,399.997978620989,0,223,-0.0644375511304505,0,223,0,223,222.93556244887,99.9697555539337,0,919.513525061451,1,0,0
5.475,50.0015389989286,399.997981989954,0,223,-0.0643301552118973,0,223,0,223,222.935669844788,99.9703105184889,0,919.513525061451,1,0,0
5.476,50.0015364339304,399.997985353305,0,223,-0.0642229382865453,0,223,0,223,222.935777061714,99.9708645581032,0,919.513525061451,1,0,0
5.477,50.0015338732072,399.997988711049,0,223,-0.0641159000560808,0,223,0,223,222.935884099944,99.9714176743182,0,919.513525061451,1,0,0
5.478,50.0015313167518,399.997992063197,0,223,-0.064009040222666,0,223,0,223,222.935990959778,99.9719698686727,0,919.513525061451,1,0,0
5.479,50.0015287645572,399.997995409759,0,223,-0.0639023584889876,0,223,0,223,222.936097641511,99.9725211427034,0,919.513525061451,1,0,0
5.48,50.0015262166163,399.997998750742,0,223,-0.0637958545581938,0,223,0,223,222.936204145442,99.973071497944,0,919.513525061451,1,0,0
5.481,50.001523672922,399.998002086158,0,223,-0.063689528133943,0,223,0,223,222.936310471866,99.9736209359259,0,919.513525061451,1,0,0
5.482,50.0015211334671,399.998005416014,0,223,-0.0635833789204154,0,223,0,223,222.93641662108,99.9741694581778,0,919.513525061451,1,0,0
5.483,50.0015185982447,399.998008740321,0,223,-0.0634774066222499,0,223,0,223,222.936522593378,99.9747170662259,0,919.513525061451,1,0,0
5.484,50.0015160672476,399.998012059087,0,223,-0.0633716109445934,0,223,0,223,222.936628389056,99.975263761594,0,919.513525061451,1,0,0
5.485,50.0015135404688,399.998015372322,0,223,-0.0632659915930758,0,223,0,223,222.936734008407,99.9758095458032,0,919.513525061451,1,0,0
5.486,50.0015110179014,399.998018680035,0,223,-0.0631605482738217,0,223,0,223,222.936839451727,99.9763544203719,0,919.513525061451,1,0,0
5.487,50.0015084995382,399.998021982234,0,223,-0.0630552806934258,0,223,0,223,222.936944719307,99.9768983868164,0,919.513525061451,1,0,0
5.488,50.0015059853723,399.998025278931,0,223,-0.0629501885590018,0,223,0,223,222.937049811441,99.9774414466502,0,919.513525061451,1,0,0
5.489,50.0015034753967,399.998028570133,0,223,-0.062845271578121,0,223,0,223,222.937154728422,99.9779836013842,0,919.513525061451,1,0,0
5.49,50.0015009696044,399.998031855849,0,223,-0.0627405294588615,0,223,0,223,222.937259470542,99.978524852527,0,919.513525061451,1,0,0
5.491,50.0014984679884,399.998035136089,0,223,-0.0626359619097835,0,223,0,223,222.937364038091,99.9790652015846,0,919.513525061451,1,0,0
5.492,50.0014959705417,399.998038410862,0,223,-0.0625315686399422,0,223,0,223,222.93746843136,99.9796046500604,0,919.513525061451,1,0,0
5.493,50.0014934772575,399.998041680178,0,223,-0.0624273493588999,0,223,0,223,222.937572650641,99.9801431994554,0,919.513525061451,1,0,0
5.494,50.0014909881287,399.998044944044,0,223,-0.0623233037766645,0,223,0,223,222.937676696224,99.9806808512681,0,919.513525061451,1,0,0
5.495,50.0014885031485,399.998048202471,0,223,-0.0622194316037403,0,223,0,223,222.937780568397,99.9812176069945,0,919.513525061451,1,0,0
5.496,50.0014860223099,399.998051455467,0,223,-0.0621157325511036,0,223,0,223,222.937884267449,99.9817534681279,0,919.513525061451,1,0,0
5.497,50.0014835456061,399.998054703041,0,223,-0.062012206330216,0,223,0,223,222.93798779367,99.9822884361595,0,919.513525061451,1,0,0
5.498,50.0014810730301,399.998057945202,0,223,-0.0619088526530376,0,223,0,223,222.938091147347,99.9828225125777,0,919.513525061451,1,0,0
5.499,50.001478604575,399.99806118196,0,223,-0.0618056712320027,0,223,0,223,222.938194328768,99.9833556988685,0,919.513525061451,1,0,0
5.5,50.0014761402341,399.998064413324,0,223,-0.0617026617799969,0,223,0,223,222.93829733822,99.9838879965155,0,919.513525061451,1,0,0
5.501,50.0014736800003,399.998067639302,0,223,-0.0615998240104072,0,223,0,223,222.93840017599,99.9844194069998,0,919.513525061451,1,0,0
5.502,50.001471223867,399.998070859903,0,223,-0.0614971576370993,0,223,0,223,222.938502842363,99.9849499317999,0,919.513525061451,1,0,0
5.503,50.0014687718272,399.998074075136,0,223,-0.0613946623744299,0,223,0,223,222.938605337626,99.985479572392,0,919.513525061451,1,0,0
5.504,50.0014663238742,399.998077285011,0,223,-0.0612923379371877,0,223,0,223,222.938707662063,99.9860083302498,0,919.513525061451,1,0,0
5.505,50.0014638800011,399.998080489536,0,223,-0.0611901840406811,0,223,0,223,222.93880981596,99.9865362068445,0,919.513525061451,1,0,0
5.506,50.0014614402011,399.99808368872,0,223,-0.0610882004006774,0,223,0,223,222.9389117996,99.9870632036449,0,919.513525061451,1,0,0
5.507,50.0014590044674,399.998086882572,0,223,-0.060986386733418,0,223,0,223,222.939013613267,99.9875893221173,0,919.513525061451,1,0,0
5.508,50.0014565727933,399.998090071101,0,223,-0.0608847427555946,0,223,0,223,222.939115257245,99.9881145637255,0,919.513525061451,1,0,0
5.509,50.0014541451719,399.998093254316,0,223,-0.0607832681844017,0,223,0,223,222.939216731816,99.9886389299311,0,919.513525061451,1,0,0
5.51,50.0014517215967,399.998096432226,0,223,-0.060681962737476,0,223,0,223,222.939318037263,99.989162422193,0,919.513525061451,1,0,0
5.511,50.0014493020607,399.998099604839,0,223,-0.0605808261329486,0,223,0,223,222.939419173867,99.9896850419678,0,919.513525061451,1,0,0
5.512,50.0014468865572,399.998102772164,0,223,-0.0604798580894221,0,223,0,223,222.939520141911,99.9902067907097,0,919.513525061451,1,0,0
5.513,50.0014444750796,399.99810593421,0,223,-0.060379058325985,0,223,0,223,222.939620941674,99.9907276698703,0,919.513525061451,1,0,0
5.514,50.0014420676212,399.998109090987,0,223,-0.0602784265621525,0,223,0,223,222.939721573438,99.9912476808989,0,919.513525061451,1,0,0
5.515,50.0014396641751,399.998112242502,0,223,-0.0601779625179192,0,223,0,223,222.939822037482,99.9917668252425,0,919.513525061451,1,0,0
5.516,50.0014372647348,399.998115388764,0,223,-0.0600776659137736,0,223,0,223,222.939922334087,99.9922851043456,0,919.513525061451,1,0,0
5.517,50.0014348692936,399.998118529783,0,223,-0.0599775364706387,0,223,0,223,222.94002246353,99.9928025196502,0,919.513525061451,1,0,0
5.518,50.0014324778448,399.998121665566,0,223,-0.0598775739099251,0,223,0,223,222.94012242609,99.9933190725959,0,919.513525061451,1,0,0
5.519,50.0014300903817,399.998124796124,0,223,-0.0597777779534717,0,223,0,223,222.940222222047,99.99383476462,0,919.513525061451,1,0,0
5.52,50.0014277068978,399.998127921464,0,223,-0.0596781483235987,0,223,0,223,222.940321851677,99.9943495971574,0,919.513525061451,1,0,0
5.521,50.0014253273863,399.998131041595,0,223,-0.0595786847431226,0,223,0,223,222.940421315257,99.9948635716406,0,919.513525061451,1,0,0
5.522,50.0014229518406,399.998134156525,0,223,-0.0594793869352974,0,223,0,223,222.940520613065,99.9953766894997,0,919.513525061451,1,0,0
5.523,50.0014205802542,399.998137266264,0,223,-0.0593802546238304,0,223,0,223,222.940619745377,99.9958889521623,0,919.513525061451,1,0,0
5.524,50.0014182126205,399.998140370821,0,223,-0.0592812875328987,0,223,0,223,222.940718712467,99.9964003610538,0,919.513525061451,1,0,0
5.525,50.0014158489328,399.998143470202,0,223,-0.0591824853871274,0,223,0,223,222.940817514613,99.9969109175972,0,919.513525061451,1,0,0
5.526,50.0014134891846,399.998146564419,0,223,-0.0590838479116058,0,223,0,223,222.940916152089,99.997420623213,0,919.513525061451,1,0,0
5.527,50.0014111333692,399.998149653478,0,223,-0.0589853748318669,0,223,0,223,222.941014625169,99.9979294793194,0,919.513525061451,1,0,0
5.528,50.0014087814803,399.998152737389,0,223,-0.0588870658739401,0,223,0,223,222.941112934126,99.9984374873324,0,919.513525061451,1,0,0
5.529,50.0014064335112,399.99815581616,0,223,-0.0587889207642564,0,223,0,223,222.941211079236,99.9989446486653,0,919.513525061451,1,0,0
5.53,50.0014040894553,399.9981588898,0,223,-0.0586909392297392,0,223,0,223,222.941309060771,99.9994509647293,0,919.513525061451,1,0,0
5.531,50.0014017493062,399.998161958317,0,223,-0.0585931209977833,0,223,0,223,222.941406879003,99.9999564369332,0,919.513525061451,1,0,0
5.532,50.0013994130574,399.99816502172,0,223,-0.0584954657961974,0,223,0,223,222.941504534204,100.000461066683,0,919.513525061451,1,0,0
5.533,50.0013970807023,399.998168080017,0,223,-0.0583979733532949,0,223,0,223,222.941602026647,100.000964855384,0,919.513525061451,1,0,0
5.534,50.0013947522344,399.998171133217,0,223,-0.0583006433977989,0,223,0,223,222.941699356603,100.001467804437,0,919.513525061451,1,0,0
5.535,50.0013924276474,399.998174181328,0,223,-0.0582034756588973,0,223,0,223,222.941796524341,100.001969915241,0,919.513525061451,1,0,0
5.536,50.0013901069346,399.998177224359,0,223,-0.058106469866222,0,223,0,223,222.941893530134,100.002471189194,0,919.513525061451,1,0,0
5.537,50.0013877900897,399.998180262318,0,223,-0.0580096257498661,0,223,0,223,222.941990374251,100.002971627691,0,919.513525061451,1,0,0
5.538,50.0013854771063,399.998183295215,0,223,-0.0579129430403642,0,223,0,223,222.94208705696,100.003471232123,0,919.513525061451,1,0,0
5.539,50.0013831679777,399.998186323056,0,223,-0.057816421468709,0,223,0,223,222.942183578532,100.003970003881,0,919.513525061451,1,0,0
5.54,50.0013808626978,399.998189345851,0,223,-0.0577200607663324,0,223,0,223,222.942279939234,100.004467944353,0,919.513525061451,1,0,0
5.541,50.00137856126,399.998192363608,0,223,-0.0576238606651224,0,223,0,223,222.942376139335,100.004965054925,0,919.513525061451,1,0,0
5.542,50.0013762636579,399.998195376335,0,223,-0.0575278208974035,0,223,0,223,222.942472179103,100.005461336978,0,919.513525061451,1,0,0
5.543,50.0013739698851,399.998198384041,0,223,-0.0574319411959548,0,223,0,223,222.942568058804,100.005956791895,0,919.513525061451,1,0,0
5.544,50.0013716799353,399.998201386734,0,223,-0.0573362212939902,0,223,0,223,222.942663778706,100.006451421054,0,919.513525061451,1,0,0
5.545,50.0013693938021,399.998204384423,0,223,-0.0572406609251766,0,223,0,223,222.942759339075,100.00694522583,0,919.513525061451,1,0,0
5.546,50.001367111479,399.998207377116,0,223,-0.0571452598236514,0,223,0,223,222.942854740177,100.007438207599,0,919.513525061451,1,0,0
5.547,50.0013648329599,399.998210364821,0,223,-0.057050017723966,0,223,0,223,222.942949982276,100.007930367732,0,919.513525061451,1,0,0
5.548,50.0013625582383,399.998213347546,0,223,-0.0569549343611045,0,223,0,223,222.943045065639,100.008421707597,0,919.513525061451,1,0,0
5.549,50.0013602873079,399.9982163253,0,223,-0.056860009470502,0,223,0,223,222.94313999053,100.008912228563,0,919.513525061451,1,0,0
5.55,50.0013580201624,399.998219298091,0,223,-0.0567652427880627,0,223,0,223,222.943234757212,100.009401931994,0,919.513525061451,1,0,0
5.551,50.0013557567955,399.998222265928,0,223,-0.0566706340501036,0,223,0,223,222.94332936595,100.009890819252,0,919.513525061451,1,0,0
5.552,50.0013534972008,399.998225228818,0,223,-0.0565761829933735,0,223,0,223,222.943423817007,100.010378891699,0,919.513525061451,1,0,0
5.553,50.0013512413721,399.99822818677,0,223,-0.0564818893550717,0,223,0,223,222.943518110645,100.010866150691,0,919.513525061451,1,0,0
5.554,50.0013489893032,399.998231139792,0,223,-0.0563877528728294,0,223,0,223,222.943612247128,100.011352597585,0,919.513525061451,1,0,0
5.555,50.0013467409877,399.998234087892,0,223,-0.0562937732847286,0,223,0,223,222.943706226716,100.011838233734,0,919.513525061451,1,0,0
5.556,50.0013444964194,399.998237031079,0,223,-0.0561999503292832,0,223,0,223,222.943800049671,100.01232306049,0,919.513525061451,1,0,0
5.557,50.001342255592,399.99823996936,0,223,-0.0561062837454216,0,223,0,223,222.943893716255,100.012807079201,0,919.513525061451,1,0,0
5.558,50.0013400184994,399.998242902745,0,223,-0.0560127732725428,0,223,0,223,222.943987226728,100.013290291214,0,919.513525061451,1,0,0
5.559,50.0013377851352,399.99824583124,0,223,-0.0559194186504606,0,223,0,223,222.94408058135,100.013772697873,0,919.513525061451,1,0,0
5.56,50.0013355554933,399.998248754855,0,223,-0.0558262196194234,0,223,0,223,222.944173780381,100.014254300522,0,919.513525061451,1,0,0
5.561,50.0013333295675,399.998251673597,0,223,-0.0557331759200964,0,223,0,223,222.94426682408,100.0147351005,0,919.513525061451,1,0,0
5.562,50.0013311073515,399.998254587474,0,223,-0.0556402872936182,0,223,0,223,222.944359712707,100.015215099144,0,919.513525061451,1,0,0
5.563,50.0013288888393,399.998257496495,0,223,-0.0555475534815086,0,223,0,223,222.944452446519,100.015694297791,0,919.513525061451,1,0,0
5.564,50.0013266740245,399.998260400668,0,223,-0.0554549742257628,0,223,0,223,222.944545025775,100.016172697773,0,919.513525061451,1,0,0
5.565,50.0013244629012,399.9982633,0,223,-0.0553625492687594,0,223,0,223,222.944637450732,100.016650300421,0,919.513525061451,1,0,0
5.566,50.001322255463,399.9982661945,0,223,-0.055270278353355,0,223,0,223,222.944729721647,100.017127107066,0,919.513525061451,1,0,0
5.567,50.0013200517039,399.998269084176,0,223,-0.0551781612227921,0,223,0,223,222.944821838778,100.017603119033,0,919.513525061451,1,0,0
5.568,50.0013178516177,399.998271969035,0,223,-0.0550861976207934,0,223,0,223,222.94491380238,100.018078337646,0,919.513525061451,1,0,0
5.569,50.0013156551984,399.998274849087,0,223,-0.0549943872914702,0,223,0,223,222.945005612709,100.018552764228,0,919.513525061451,1,0,0
5.57,50.0013134624397,399.998277724338,0,223,-0.0549027299793433,0,223,0,223,222.945097270021,100.0190264001,0,919.513525061451,1,0,0
5.571,50.0013112733356,399.998280594798,0,223,-0.0548112254294002,0,223,0,223,222.945188774571,100.019499246578,0,919.513525061451,1,0,0
5.572,50.0013090878801,399.998283460473,0,223,-0.0547198733870405,0,223,0,223,222.945280126613,100.019971304979,0,919.513525061451,1,0,0
5.573,50.0013069060669,399.998286321372,0,223,-0.0546286735980966,0,223,0,223,222.945371326402,100.020442576616,0,919.513525061451,1,0,0
5.574,50.0013047278902,399.998289177503,0,223,-0.0545376258088173,0,223,0,223,222.945462374192,100.0209130628,0,919.513525061451,1,0,0
5.575,50.0013025533437,399.998292028874,0,223,-0.0544467297658507,0,223,0,223,222.945553270235,100.02138276484,0,919.513525061451,1,0,0
5.576,50.0013003824214,399.998294875493,0,223,-0.0543559852163033,0,223,0,223,222.945644014784,100.021851684044,0,919.513525061451,1,0,0
5.577,50.0012982151174,399.998297717367,0,223,-0.0542653919076848,0,223,0,223,222.945734608093,100.022319821716,0,919.513525061451,1,0,0
5.578,50.0012960514256,399.998300554505,0,223,-0.0541749495879304,0,223,0,223,222.945825050412,100.022787179158,0,919.513525061451,1,0,0
5.579,50.0012938913398,399.998303386914,0,223,-0.0540846580053836,0,223,0,223,222.945915341995,100.023253757671,0,919.513525061451,1,0,0
5.58,50.0012917348543,399.998306214602,0,223,-0.0539945169088183,0,223,0,223,222.946005483092,100.023719558554,0,919.513525061451,1,0,0
5.581,50.0012895819629,399.998309037578,0,223,-0.053904526047422,0,223,0,223,222.946095473953,100.024184583101,0,919.513525061451,1,0,0
5.582,50.0012874326596,399.998311855849,0,223,-0.0538146851707802,0,223,0,223,222.94618531483,100.024648832608,0,919.513525061451,1,0,0
5.583,50.0012852869385,399.998314669422,0,223,-0.0537249940289353,0,223,0,223,222.946275005971,100.025112308365,0,919.513525061451,1,0,0
5.584,50.0012831447936,399.998317478307,0,223,-0.0536354523723324,0,223,0,223,222.946364547628,100.025575011663,0,919.513525061451,1,0,0
5.585,50.0012810062189,399.998320282509,0,223,-0.0535460599518052,0,223,0,223,222.946453940049,100.026036943789,0,919.513525061451,1,0,0
5.586,50.0012788712086,399.998323082039,0,223,-0.0534568165186337,0,223,0,223,222.946543183482,100.026498106028,0,919.513525061451,1,0,0
5.587,50.0012767397566,399.998325876902,0,223,-0.053367721824529,0,223,0,223,222.946632278176,100.026958499663,0,919.513525061451,1,0,0
5.588,50.001274611857,399.998328667107,0,223,-0.0532787756215803,0,223,0,223,222.946721224379,100.027418125975,0,919.513525061451,1,0,0
5.589,50.0012724875039,399.998331452662,0,223,-0.0531899776623144,0,223,0,223,222.946810022338,100.027876986244,0,919.513525061451,1,0,0
5.59,50.0012703666914,399.998334233574,0,223,-0.0531013276996433,0,223,0,223,222.946898672301,100.028335081745,0,919.513525061451,1,0,0
5.591,50.0012682494135,399.998337009851,0,223,-0.0530128254869234,0,223,0,223,222.946987174513,100.028792413754,0,919.513525061451,1,0,0
5.592,50.0012661356645,399.998339781502,0,223,-0.0529244707779028,0,223,0,223,222.947075529223,100.029248983543,0,919.513525061451,1,0,0
5.593,50.0012640254384,399.998342548532,0,223,-0.0528362633267442,0,223,0,223,222.947163736674,100.029704792382,0,919.513525061451,1,0,0
5.594,50.0012619187294,399.998345310952,0,223,-0.0527482028880094,0,223,0,223,222.947251797112,100.03015984154,0,919.513525061451,1,0,0
5.595,50.0012598155315,399.998348068767,0,223,-0.0526602892166826,0,223,0,223,222.947339710784,100.030614132282,0,919.513525061451,1,0,0
5.596,50.0012577158389,399.998350821985,0,223,-0.0525725220681546,0,223,0,223,222.947427477932,100.031067665874,0,919.513525061451,1,0,0
5.597,50.0012556196459,399.998353570615,0,223,-0.052484901198209,0,223,0,223,222.947515098802,100.031520443576,0,919.513525061451,1,0,0
5.598,50.0012535269465,399.998356314664,0,223,-0.0523974263630446,0,223,0,223,222.947602573637,100.031972466648,0,919.513525061451,1,0,0
5.599,50.0012514377349,399.99835905414,0,223,-0.0523100973192613,0,223,0,223,222.947689902681,100.032423736349,0,919.513525061451,1,0,0
5.6,50.0012493520053,399.99836178905,0,223,-0.0522229138238822,0,223,0,223,222.947777086177,100.032874253933,0,919.513525061451,1,0,0
5.601,50.001247269752,399.998364519401,0,223,-0.0521358756343397,0,223,0,223,222.947864124366,100.033324020655,0,919.513525061451,1,0,0
5.602,50.0012451909691,399.998367245202,0,223,-0.052048982508424,0,223,0,223,222.947951017492,100.033773037766,0,919.513525061451,1,0,0
5.603,50.0012431156508,399.99836996646,0,223,-0.051962234204381,0,223,0,223,222.948037765796,100.034221306515,0,919.513525061451,1,0,0
5.604,50.0012410437914,399.998372683183,0,223,-0.0518756304808234,0,223,0,223,222.94812436952,100.034668828149,0,919.513525061451,1,0,0
5.605,50.001238975385,399.998375395378,0,223,-0.0517891710967914,0,223,0,223,222.948210828904,100.035115603914,0,919.513525061451,1,0,0
5.606,50.0012369104261,399.998378103052,0,223,-0.0517028558117385,0,223,0,223,222.948297144189,100.035561635053,0,919.513525061451,1,0,0
5.607,50.0012348489087,399.998380806213,0,223,-0.0516166843854805,0,223,0,223,222.948383315615,100.036006922806,0,919.513525061451,1,0,0
5.608,50.0012327908272,399.99838350487,0,223,-0.0515306565782568,0,223,0,223,222.948469343422,100.036451468413,0,919.513525061451,1,0,0
5.609,50.0012307361758,399.998386199028,0,223,-0.0514447721507162,0,223,0,223,222.94855522785,100.036895273111,0,919.513525061451,1,0,0
5.61,50.0012286849488,399.998388888697,0,223,-0.0513590308639033,0,223,0,223,222.948640969137,100.037338338134,0,919.513525061451,1,0,0
5.611,50.0012266371406,399.998391573882,0,223,-0.0512734324792453,0,223,0,223,222.948726567521,100.037780664716,0,919.513525061451,1,0,0
5.612,50.0012245927454,399.998394254592,0,223,-0.0511879767585759,0,223,0,223,222.948812023242,100.038222254087,0,919.513525061451,1,0,0
5.613,50.0012225517575,399.998396930835,0,223,-0.0511026634641223,0,223,0,223,222.948897336536,100.038663107475,0,919.513525061451,1,0,0
5.614,50.0012205141712,399.998399602617,0,223,-0.0510174923584916,0,223,0,223,222.948982507642,100.039103226108,0,919.513525061451,1,0,0
5.615,50.0012184799809,399.998402269946,0,223,-0.0509324632046957,0,223,0,223,222.949067536796,100.039542611209,0,919.513525061451,1,0,0
5.616,50.0012164491809,399.998404932829,0,223,-0.0508475757661377,0,223,0,223,222.949152424234,100.039981264002,0,919.513525061451,1,0,0
5.617,50.0012144217656,399.998407591274,0,223,-0.0507628298066364,0,223,0,223,222.949237170194,100.040419185707,0,919.513525061451,1,0,0
5.618,50.0012123977294,399.998410245289,0,223,-0.0506782250904126,0,223,0,223,222.94932177491,100.040856377543,0,919.513525061451,1,0,0
5.619,50.0012103770665,399.99841289488,0,223,-0.0505937613820401,0,223,0,223,222.949406238618,100.041292840726,0,919.513525061451,1,0,0
5.62,50.0012083597714,399.998415540055,0,223,-0.0505094384465069,0,223,0,223,222.949490561554,100.04172857647,0,919.513525061451,1,0,0
5.621,50.0012063458384,399.998418180822,0,223,-0.0504252560492031,0,223,0,223,222.949574743951,100.042163585987,0,919.513525061451,1,0,0
5.622,50.001204335262,399.998420817187,0,223,-0.0503412139559075,0,223,0,223,222.949658786044,100.042597870489,0,919.513525061451,1,0,0
5.623,50.0012023280366,399.998423449158,0,223,-0.0502573119327759,0,223,0,223,222.949742688068,100.043031431183,0,919.513525061451,1,0,0
5.624,50.0012003241565,399.998426076743,0,223,-0.0501735497463288,0,223,0,223,222.949826450254,100.043464269277,0,919.513525061451,1,0,0
5.625,50.0011983236163,399.998428699948,0,223,-0.0500899271635136,0,223,0,223,222.949910072837,100.043896385973,0,919.513525061451,1,0,0
5.626,50.0011963264102,399.998431318782,0,223,-0.0500064439516552,0,223,0,223,222.949993556049,100.044327782475,0,919.513525061451,1,0,0
5.627,50.0011943325329,399.998433933251,0,223,-0.0499230998784805,0,223,0,223,222.950076900122,100.044758459982,0,919.513525061451,1,0,0
5.628,50.0011923419787,399.998436543362,0,223,-0.0498398947121065,0,223,0,223,222.950160105288,100.045188419694,0,919.513525061451,1,0,0
5.629,50.001190354742,399.998439149123,0,223,-0.0497568282209914,0,223,0,223,222.950243171779,100.045617662807,0,919.513525061451,1,0,0
5.63,50.0011883708175,399.998441750541,0,223,-0.0496739001740348,0,223,0,223,222.950326099826,100.046046190514,0,919.513525061451,1,0,0
5.631,50.0011863901994,399.998444347623,0,223,-0.0495911103404905,0,223,0,223,222.95040888966,100.046474004008,0,919.513525061451,1,0,0
5.632,50.0011844128824,399.998446940377,0,223,-0.049508458489993,0,223,0,223,222.95049154151,100.04690110448,0,919.513525061451,1,0,0
5.633,50.001182438861,399.99844952881,0,223,-0.0494259443925825,0,223,0,223,222.950574055608,100.047327493117,0,919.513525061451,1,0,0
5.634,50.0011804681295,399.998452112929,0,223,-0.0493435678186567,0,223,0,223,222.950656432182,100.047753171107,0,919.513525061451,1,0,0
5.635,50.0011785006826,399.998454692741,0,223,-0.0492613285390329,0,223,0,223,222.950738671461,100.048178139634,0,919.513525061451,1,0,0
5.636,50.0011765365148,399.998457268253,0,223,-0.049179226324863,0,223,0,223,222.950820773676,100.04860239988,0,919.513525061451,1,0,0
5.637,50.0011745756206,399.998459839472,0,223,-0.0490972609476968,0,223,0,223,222.950902739053,100.049025953025,0,919.513525061451,1,0,0
5.638,50.0011726179946,399.998462406406,0,223,-0.0490154321795071,0,223,0,223,222.950984567821,100.049448800249,0,919.513525061451,1,0,0
5.639,50.0011706636313,399.998464969062,0,223,-0.0489337397926044,0,223,0,223,222.951066260208,100.049870942727,0,919.513525061451,1,0,0
5.64,50.0011687125252,399.998467527447,0,223,-0.0488521835596637,0,223,0,223,222.951147816441,100.050292381634,0,919.513525061451,1,0,0
5.641,50.001166764671,399.998470081568,0,223,-0.0487707632537874,0,223,0,223,222.951229236747,100.050713118143,0,919.513525061451,1,0,0
5.642,50.0011648200632,399.998472631432,0,223,-0.0486894786484202,0,223,0,223,222.951310521352,100.051133153425,0,919.513525061451,1,0,0
5.643,50.0011628786965,399.998475177047,0,223,-0.0486083295173755,0,223,0,223,222.951391670483,100.051552488647,0,919.513525061451,1,0,0
5.644,50.0011609405653,399.998477718418,0,223,-0.0485273156348991,0,223,0,223,222.951472684366,100.051971124978,0,919.513525061451,1,0,0
5.645,50.0011590056644,399.998480255554,0,223,-0.0484464367755468,0,223,0,223,222.951553563225,100.052389063582,0,919.513525061451,1,0,0
5.646,50.0011570739882,399.998482788462,0,223,-0.0483656927142857,0,223,0,223,222.951634307286,100.052806305621,0,919.513525061451,1,0,0
5.647,50.0011551455316,399.998485317147,0,223,-0.0482850832264464,0,223,0,223,222.951714916774,100.053222852256,0,919.513525061451,1,0,0
5.648,50.001153220289,399.998487841619,0,223,-0.0482046080877499,0,223,0,223,222.951795391913,100.053638704648,0,919.513525061451,1,0,0
5.649,50.0011512982552,399.998490361883,0,223,-0.0481242670742965,0,223,0,223,222.951875732926,100.054053863952,0,919.513525061451,1,0,0
5.65,50.0011493794248,399.998492877946,0,223,-0.0480440599625194,0,223,0,223,222.951955940038,100.054468331324,0,919.513525061451,1,0,0
5.651,50.0011474637924,399.998495389816,0,223,-0.0479639865292487,0,223,0,223,222.952036013471,100.054882107917,0,919.513525061451,1,0,0
5.652,50.0011455513528,399.9984978975,0,223,-0.0478840465517009,0,223,0,223,222.952115953449,100.055295194882,0,919.513525061451,1,0,0
5.653,50.0011436421005,399.998500401004,0,223,-0.0478042398074322,0,223,0,223,222.952195760193,100.055707593369,0,919.513525061451,1,0,0
5.654,50.0011417360303,399.998502900336,0,223,-0.0477245660744026,0,223,0,223,222.952275433926,100.056119304525,0,919.513525061451,1,0,0
5.655,50.001139833137,399.998505395502,0,223,-0.0476450251309287,0,223,0,223,222.952354974869,100.056530329496,0,919.513525061451,1,0,0
5.656,50.0011379334151,399.99850788651,0,223,-0.0475656167557113,0,223,0,223,222.952434383245,100.056940669425,0,919.513525061451,1,0,0
5.657,50.0011360368594,399.998510373365,0,223,-0.0474863407277885,0,223,0,223,222.952513659273,100.057350325455,0,919.513525061451,1,0,0
5.658,50.0011341434646,399.998512856076,0,223,-0.0474071968265636,0,223,0,223,222.952592803174,100.057759298724,0,919.513525061451,1,0,0
5.659,50.0011322532255,399.99851533465,0,223,-0.047328184831833,0,223,0,223,222.952671815169,100.058167590371,0,919.513525061451,1,0,0
5.66,50.0011303661368,399.998517809092,0,223,-0.0472493045237757,0,223,0,223,222.952750695477,100.058575201533,0,919.513525061451,1,0,0
5.661,50.0011284821932,399.99852027941,0,223,-0.0471705556829073,0,223,0,223,222.952829444318,100.058982133342,0,919.513525061451,1,0,0
5.662,50.0011266013896,399.998522745611,0,223,-0.0470919380901078,0,223,0,223,222.95290806191,100.059388386931,0,919.513525061451,1,0,0
5.663,50.0011247237206,399.998525207702,0,223,-0.0470134515266129,0,223,0,223,222.952986548474,100.059793963432,0,919.513525061451,1,0,0
5.664,50.0011228491811,399.998527665689,0,223,-0.046935095774042,0,223,0,223,222.953064904226,100.060198863971,0,919.513525061451,1,0,0
5.665,50.0011209777658,399.998530119579,0,223,-0.0468568706143884,0,223,0,223,222.953143129386,100.060603089676,0,919.513525061451,1,0,0
5.666,50.0011191094695,399.99853256938,0,223,-0.0467787758300105,0,223,0,223,222.95322122417,100.061006641672,0,919.513525061451,1,0,0
5.667,50.001117244287,399.998535015098,0,223,-0.0467008112036228,0,223,0,223,222.953299188797,100.061409521081,0,919.513525061451,1,0,0
5.668,50.0011153822132,399.998537456739,0,223,-0.0466229765182871,0,223,0,223,222.953377023482,100.061811729024,0,919.513525061451,1,0,0
5.669,50.0011135232429,399.998539894311,0,223,-0.0465452715574415,0,223,0,223,222.953454728443,100.062213266621,0,919.513525061451,1,0,0
5.67,50.0011116673708,399.998542327821,0,223,-0.046467696104854,0,223,0,223,222.953532303896,100.062614134989,0,919.513525061451,1,0,0
5.671,50.0011098145918,399.998544757275,0,223,-0.046390249944689,0,223,0,223,222.953609750056,100.063014335242,0,919.513525061451,1,0,0
5.672,50.0011079649009,399.998547182679,0,223,-0.0463129328614606,0,223,0,223,222.953687067139,100.063413868495,0,919.513525061451,1,0,0
5.673,50.0011061182927,399.998549604041,0,223,-0.0462357446400249,0,223,0,223,222.95376425536,100.063812735859,0,919.513525061451,1,0,0
5.674,50.0011042747622,399.998552021368,0,223,-0.0461586850656085,0,223,0,223,222.953841314935,100.064210938445,0,919.513525061451,1,0,0
5.675,50.0011024343043,399.998554434666,0,223,-0.0460817539238004,0,223,0,223,222.953918246077,100.064608477359,0,919.513525061451,1,0,0
5.676,50.0011005969138,399.998556843941,0,223,-0.0460049510005436,0,223,0,223,222.953995049,100.065005353709,0,919.513525061451,1,0,0
5.677,50.0010987625856,399.998559249201,0,223,-0.0459282760821637,0,223,0,223,222.954071723918,100.065401568598,0,919.513525061451,1,0,0
5.678,50.0010969313146,399.998561650453,0,223,-0.0458517289553237,0,223,0,223,222.954148271045,100.065797123128,0,919.513525061451,1,0,0
5.679,50.0010951030957,399.998564047702,0,223,-0.0457753094070166,0,223,0,223,222.954224690593,100.066192018402,0,919.513525061451,1,0,0
5.68,50.0010932779239,399.998566440956,0,223,-0.0456990172246315,0,223,0,223,222.954300982776,100.066586255516,0,919.513525061451,1,0,0
5.681,50.001091455794,399.998568830221,0,223,-0.0456228521958714,0,223,0,223,222.954377147805,100.066979835569,0,919.513525061451,1,0,0
5.682,50.001089636701,399.998571215504,0,223,-0.0455468141088201,0,223,0,223,222.954453185892,100.067372759655,0,919.513525061451,1,0,0
5.683,50.0010878206399,399.998573596811,0,223,-0.0454709027518971,0,223,0,223,222.954529097248,100.067765028867,0,919.513525061451,1,0,0
5.684,50.0010860076055,399.99857597415,0,223,-0.0453951179138872,0,223,0,223,222.954604882086,100.068156644297,0,919.513525061451,1,0,0
5.685,50.0010841975928,399.998578347526,0,223,-0.0453194593839328,0,223,0,223,222.954680540616,100.068547607035,0,919.513525061451,1,0,0
5.686,50.0010823905968,399.998580716947,0,223,-0.0452439269515263,0,223,0,223,222.954756073049,100.068937918169,0,919.513525061451,1,0,0
5.687,50.0010805866125,399.998583082419,0,223,-0.0451685204065028,0,223,0,223,222.954831479594,100.069327578784,0,919.513525061451,1,0,0
5.688,50.0010787856348,399.998585443948,0,223,-0.04509323953907,0,223,0,223,222.954906760461,100.069716589964,0,919.513525061451,1,0,0
5.689,50.0010769876587,399.998587801541,0,223,-0.0450180841397635,0,223,0,223,222.954981915861,100.070104952793,0,919.513525061451,1,0,0
5.69,50.0010751926793,399.998590155206,0,223,-0.04494305399944,0,223,0,223,222.955056946001,100.07049266835,0,919.513525061451,1,0,0
5.691,50.0010734006915,399.998592504947,0,223,-0.0448681489093452,0,223,0,223,222.955131851091,100.070879737714,0,919.513525061451,1,0,0
5.692,50.0010716116903,399.998594850772,0,223,-0.0447933686610685,0,223,0,223,222.955206631339,100.071266161963,0,919.513525061451,1,0,0
5.693,50.0010698256709,399.998597192687,0,223,-0.0447187130465364,0,223,0,223,222.955281286954,100.071651942172,0,919.513525061451,1,0,0
5.694,50.0010680426281,399.998599530699,0,223,-0.0446441818580425,0,223,0,223,222.955355818142,100.072037079413,0,919.513525061451,1,0,0
5.695,50.001066262557,399.998601864815,0,223,-0.044569774888204,0,223,0,223,222.955430225112,100.072421574759,0,919.513525061451,1,0,0
5.696,50.0010644854528,399.99860419504,0,223,-0.0444954919299918,0,223,0,223,222.95550450807,100.07280542928,0,919.513525061451,1,0,0
5.697,50.0010627113103,399.998606521382,0,223,-0.0444213327767241,0,223,0,223,222.955578667224,100.073188644043,0,919.513525061451,1,0,0
5.698,50.0010609401248,399.998608843846,0,223,-0.0443472972220595,0,223,0,223,222.955652702778,100.073571220115,0,919.513525061451,1,0,0
5.699,50.0010591718913,399.99861116244,0,223,-0.044273385059991,0,223,0,223,222.95572661494,100.073953158559,0,919.513525061451,1,0,0
5.7,50.0010574066048,399.998613477169,0,223,-0.0441995960848762,0,223,0,223,222.955800403916,100.07433446044,0,919.513525061451,1,0,0
5.701,50.0010556442605,399.998615788041,0,223,-0.0441259300913942,0,223,0,223,222.955874069909,100.074715126818,0,919.513525061451,1,0,0
5.702,50.0010538848534,399.998618095061,0,223,-0.0440523868745762,0,223,0,223,222.955947613126,100.075095158752,0,919.513525061451,1,0,0
5.703,50.0010521283786,399.998620398235,0,223,-0.0439789662297994,0,223,0,223,222.956021033771,100.075474557299,0,919.513525061451,1,0,0
5.704,50.0010503748313,399.998622697572,0,223,-0.0439056679527807,0,223,0,223,222.956094332048,100.075853323515,0,919.513525061451,1,0,0
5.705,50.0010486242066,399.998624993076,0,223,-0.0438324918395706,0,223,0,223,222.956167508161,100.076231458455,0,919.513525061451,1,0,0
5.706,50.0010468764996,399.998627284754,0,223,-0.0437594376865477,0,223,0,223,222.956240562314,100.076608963169,0,919.513525061451,1,0,0
5.707,50.0010451317054,399.998629572613,0,223,-0.0436865052904494,0,223,0,223,222.95631349471,100.076985838709,0,919.513525061451,1,0,0
5.708,50.0010433898193,399.998631856658,0,223,-0.0436136944483294,0,223,0,223,222.956386305552,100.077362086123,0,919.513525061451,1,0,0
5.709,50.0010416508362,399.998634136897,0,223,-0.0435410049576259,0,223,0,223,222.956458995043,100.077737706458,0,919.513525061451,1,0,0
5.71,50.0010399147515,399.998636413336,0,223,-0.0434684366160808,0,223,0,223,222.956531563384,100.078112700759,0,919.513525061451,1,0,0
5.711,50.0010381815602,399.99863868598,0,223,-0.0433959892217724,0,223,0,223,222.956604010779,100.078487070069,0,919.513525061451,1,0,0
5.712,50.0010364512576,399.998640954837,0,223,-0.0433236625731094,0,223,0,223,222.956676337427,100.078860815431,0,919.513525061451,1,0,0
5.713,50.0010347238389,399.998643219912,0,223,-0.0432514564688627,0,223,0,223,222.956748543532,100.079233937884,0,919.513525061451,1,0,0
5.714,50.0010329992991,399.998645481212,0,223,-0.0431793707081222,0,223,0,223,222.956820629292,100.079606438466,0,919.513525061451,1,0,0
5.715,50.0010312776337,399.998647738744,0,223,-0.043107405090329,0,223,0,223,222.95689259491,100.079978318213,0,919.513525061451,1,0,0
5.716,50.0010295588376,399.998649992512,0,223,-0.043035559415233,0,223,0,223,222.956964440585,100.080349578162,0,919.513525061451,1,0,0
5.717,50.0010278429062,399.998652242525,0,223,-0.0429638334829248,0,223,0,223,222.957036166517,100.080720219343,0,919.513525061451,1,0,0
5.718,50.0010261298347,399.998654488787,0,223,-0.0428922270938308,0,223,0,223,222.957107772907,100.081090242789,0,919.513525061451,1,0,0
5.719,50.0010244196183,399.998656731306,0,223,-0.0428207400487079,0,223,0,223,222.957179259952,100.08145964953,0,919.513525061451,1,0,0
5.72,50.0010227122523,399.998658970087,0,223,-0.0427493721486752,0,223,0,223,222.957250627852,100.081828440592,0,919.513525061451,1,0,0
5.721,50.0010210077318,399.998661205137,0,223,-0.0426781231951354,0,223,0,223,222.957321876805,100.082196617003,0,919.513525061451,1,0,0
5.722,50.0010193060523,399.998663436462,0,223,-0.0426069929898439,0,223,0,223,222.957393007011,100.082564179787,0,919.513525061451,1,0,0
5.723,50.0010176072089,399.998665664068,0,223,-0.0425359813349043,0,223,0,223,222.957464018665,100.082931129966,0,919.513525061451,1,0,0
5.724,50.0010159111969,399.998667887961,0,223,-0.0424650880327258,0,223,0,223,222.957534911968,100.083297468561,0,919.513525061451,1,0,0
5.725,50.0010142180115,399.998670108148,0,223,-0.0423943128860565,0,223,0,223,222.957605687114,100.083663196592,0,919.513525061451,1,0,0
5.726,50.0010125276482,399.998672324634,0,223,-0.0423236556979783,0,223,0,223,222.957676344302,100.084028315076,0,919.513525061451,1,0,0
5.727,50.0010108401021,399.998674537426,0,223,-0.0422531162718656,0,223,0,223,222.957746883729,100.084392825029,0,919.513525061451,1,0,0
5.728,50.0010091553686,399.998676746531,0,223,-0.0421826944114554,0,223,0,223,222.957817305589,100.084756727466,0,919.513525061451,1,0,0
5.729,50.001007473443,399.998678951953,0,223,-0.0421123899208052,0,223,0,223,222.95788761008,100.085120023399,0,919.513525061451,1,0,0
5.73,50.0010057943206,399.9986811537,0,223,-0.0420422026042891,0,223,0,223,222.957957797396,100.085482713838,0,919.513525061451,1,0,0
5.731,50.0010041179967,399.998683351777,0,223,-0.0419721322666302,0,223,0,223,222.958027867734,100.085844799793,0,919.513525061451,1,0,0
5.732,50.0010024444667,399.998685546191,0,223,-0.0419021787128596,0,223,0,223,222.958097821288,100.086206282272,0,919.513525061451,1,0,0
5.733,50.0010007737259,399.998687736947,0,223,-0.0418323417483494,0,223,0,223,222.958167658252,100.08656716228,0,919.513525061451,1,0,0
5.734,50.0009991057697,399.998689924052,0,223,-0.0417626211787711,0,223,0,223,222.958237378822,100.086927440822,0,919.513525061451,1,0,0
5.735,50.0009974405934,399.998692107512,0,223,-0.0416930168101298,0,223,0,223,222.95830698319,100.087287118899,0,919.513525061451,1,0,0
5.736,50.0009957781924,399.998694287333,0,223,-0.0416235284487594,0,223,0,223,222.958376471552,100.087646197512,0,919.513525061451,1,0,0
5.737,50.0009941185621,399.998696463521,0,223,-0.0415541559013193,0,223,0,223,222.958445844099,100.088004677662,0,919.513525061451,1,0,0
5.738,50.0009924616978,399.998698636081,0,223,-0.0414848989747899,0,223,0,223,222.958515101026,100.088362560344,0,919.513525061451,1,0,0
5.739,50.000990807595,399.998700805021,0,223,-0.0414157574764696,0,223,0,223,222.958584242524,100.088719846555,0,919.513525061451,1,0,0
5.74,50.000989156249,399.998702970346,0,223,-0.0413467312139711,0,223,0,223,222.958653268786,100.089076537289,0,919.513525061451,1,0,0
5.741,50.0009875076553,399.998705132062,0,223,-0.0412778199952545,0,223,0,223,222.958722180005,100.089432633539,0,919.513525061451,1,0,0
5.742,50.0009858618092,399.998707290176,0,223,-0.0412090236285869,0,223,0,223,222.958790976372,100.089788136295,0,919.513525061451,1,0,0
5.743,50.0009842187062,399.998709444692,0,223,-0.041140341922539,0,223,0,223,222.958859658078,100.090143046546,0,919.513525061451,1,0,0
5.744,50.0009825783417,399.998711595617,0,223,-0.0410717746859822,0,223,0,223,222.958928225314,100.09049736528,0,919.513525061451,1,0,0
5.745,50.0009809407111,399.998713742958,0,223,-0.0410033217281596,0,223,0,223,222.958996678272,100.090851093483,0,919.513525061451,1,0,0
5.746,50.0009793058099,399.99871588672,0,223,-0.0409349828586077,0,223,0,223,222.959065017142,100.091204232139,0,919.513525061451,1,0,0
5.747,50.0009776736336,399.998718026909,0,223,-0.0408667578871537,0,223,0,223,222.959133242113,100.091556782231,0,919.513525061451,1,0,0
5.748,50.0009760441775,399.99872016353,0,223,-0.0407986466239871,0,223,0,223,222.959201353376,100.091908744739,0,919.513525061451,1,0,0
5.749,50.0009744174372,399.998722296591,0,223,-0.0407306488795819,0,223,0,223,222.959269351121,100.092260120643,0,919.513525061451,1,0,0
5.75,50.0009727934081,399.998724426097,0,223,-0.0406627644647677,0,223,0,223,222.959337235536,100.09261091092,0,919.513525061451,1,0,0
5.751,50.0009711720858,399.998726552053,0,223,-0.0405949931906528,0,223,0,223,222.95940500681,100.092961116547,0,919.513525061451,1,0,0
5.752,50.0009695534657,399.998728674467,0,223,-0.0405273348686586,0,223,0,223,222.959472665132,100.093310738498,0,919.513525061451,1,0,0
5.753,50.0009679375432,399.998730793342,0,223,-0.0404597893105172,0,223,0,223,222.95954021069,100.093659777746,0,919.513525061451,1,0,0
5.754,50.000966324314,399.998732908687,0,223,-0.0403923563283056,0,223,0,223,222.959607643672,100.094008235261,0,919.513525061451,1,0,0
5.755,50.0009647137734,399.998735020506,0,223,-0.0403250357344056,0,223,0,223,222.959674964266,100.094356112014,0,919.513525061451,1,0,0
5.756,50.0009631059172,399.998737128805,0,223,-0.0402578273415011,0,223,0,223,222.959742172659,100.094703408973,0,919.513525061451,1,0,0
5.757,50.0009615007406,399.99873923359,0,223,-0.0401907309625763,0,223,0,223,222.959809269038,100.095050127103,0,919.513525061451,1,0,0
5.758,50.0009598982394,399.998741334868,0,223,-0.0401237464109504,0,223,0,223,222.959876253589,100.09539626737,0,919.513525061451,1,0,0
5.759,50.000958298409,399.998743432643,0,223,-0.0400568735002376,0,223,0,223,222.9599431265,100.095741830736,0,919.513525061451,1,0,0
5.76,50.000956701245,399.998745526922,0,223,-0.0399901120443821,0,223,0,223,222.960009887956,100.096086818163,0,919.513525061451,1,0,0
5.761,50.0009551067429,399.99874761771,0,223,-0.0399234618576189,0,223,0,223,222.960076538143,100.096431230611,0,919.513525061451,1,0,0
5.762,50.0009535148983,399.998749705014,0,223,-0.0398569227545085,0,223,0,223,222.960143077246,100.096775069039,0,919.513525061451,1,0,0
5.763,50.0009519257068,399.998751788839,0,223,-0.039790494549898,0,223,0,223,222.960209505451,100.097118334402,0,919.513525061451,1,0,0
5.764,50.000950339164,399.998753869191,0,223,-0.0397241770589564,0,223,0,223,222.960275822941,100.097461027657,0,919.513525061451,1,0,0
5.765,50.0009487552654,399.998755946076,0,223,-0.0396579700971719,0,223,0,223,222.960342029903,100.097803149756,0,919.513525061451,1,0,0
5.766,50.0009471740066,399.998758019499,0,223,-0.0395918734803135,0,223,0,223,222.96040812652,100.098144701651,0,919.513525061451,1,0,0
5.767,50.0009455953833,399.998760089466,0,223,-0.0395258870244665,0,223,0,223,222.960474112976,100.098485684294,0,919.513525061451,1,0,0
5.768,50.0009440193909,399.998762155984,0,223,-0.0394600105460302,0,223,0,223,222.960539989454,100.098826098632,0,919.513525061451,1,0,0
5.769,50.0009424460253,399.998764219057,0,223,-0.0393942438617163,0,223,0,223,222.960605756139,100.099165945612,0,919.513525061451,1,0,0
5.77,50.0009408752819,399.998766278692,0,223,-0.0393285867885473,0,223,0,223,222.960671413212,100.099505226181,0,919.513525061451,1,0,0
5.771,50.0009393071565,399.998768334894,0,223,-0.0392630391438175,0,223,0,223,222.960736960857,100.099843941283,0,919.513525061451,1,0,0
5.772,50.0009377416445,399.99877038767,0,223,-0.0391976007451664,0,223,0,223,222.960802399255,100.100182091859,0,919.513525061451,1,0,0
5.773,50.0009361787418,399.998772437023,0,223,-0.0391322714105022,0,223,0,223,222.96086772859,100.100519678851,0,919.513525061451,1,0,0
5.774,50.0009346184439,399.998774482962,0,223,-0.0390670509580756,0,223,0,223,222.960932949042,100.100856703198,0,919.513525061451,1,0,0
5.775,50.0009330607465,399.99877652549,0,223,-0.0390019392064031,0,223,0,223,222.960998060794,100.101193165838,0,919.513525061451,1,0,0
5.776,50.0009315056452,399.998778564614,0,223,-0.038936935974304,0,223,0,223,222.961063064026,100.101529067707,0,919.513525061451,1,0,0
5.777,50.0009299531358,399.99878060034,0,223,-0.0388720410809359,0,223,0,223,222.961127958919,100.101864409739,0,919.513525061451,1,0,0
5.778,50.0009284032139,399.998782632673,0,223,-0.0388072543457191,0,223,0,223,222.961192745655,100.102199192868,0,919.513525061451,1,0,0
5.779,50.0009268558752,399.998784661618,0,223,-0.0387425755884102,0,223,0,223,222.961257424412,100.102533418025,0,919.513525061451,1,0,0
5.78,50.0009253111154,399.998786687182,0,223,-0.0386780046290261,0,223,0,223,222.961321995371,100.10286708614,0,919.513525061451,1,0,0
5.781,50.0009237689302,399.99878870937,0,223,-0.0386135412879186,0,223,0,223,222.961386458712,100.103200198142,0,919.513525061451,1,0,0
5.782,50.0009222293154,399.998790728188,0,223,-0.0385491853856981,0,223,0,223,222.961450814615,100.103532754957,0,919.513525061451,1,0,0
5.783,50.0009206922665,399.998792743641,0,223,-0.0384849367433082,0,223,0,223,222.961515063257,100.10386475751,0,919.513525061451,1,0,0
5.784,50.0009191577794,399.998794755735,0,223,-0.0384207951819868,0,223,0,223,222.961579204818,100.104196206726,0,919.513525061451,1,0,0
5.785,50.0009176258498,399.998796764475,0,223,-0.0383567605232657,0,223,0,223,222.961643239477,100.104527103527,0,919.513525061451,1,0,0
5.786,50.0009160964733,399.998798769868,0,223,-0.0382928325889703,0,223,0,223,222.961707167411,100.104857448832,0,919.513525061451,1,0,0
5.787,50.0009145696459,399.998800771918,0,223,-0.0382290112012186,0,223,0,223,222.961770988799,100.105187243563,0,919.513525061451,1,0,0
5.788,50.0009130453631,399.998802770632,0,223,-0.0381652961824583,0,223,0,223,222.961834703818,100.105516488635,0,919.513525061451,1,0,0
5.789,50.0009115236209,399.998804766014,0,223,-0.0381016873553913,0,223,0,223,222.961898312645,100.105845184966,0,919.513525061451,1,0,0
5.79,50.0009100044148,399.998806758071,0,223,-0.0380381845430485,0,223,0,223,222.961961815457,100.10617333347,0,919.513525061451,1,0,0
5.791,50.0009084877408,399.998808746807,0,223,-0.0379747875687148,0,223,0,223,222.962025212432,100.106500935059,0,919.513525061451,1,0,0
5.792,50.0009069735946,399.998810732229,0,223,-0.0379114962560035,0,223,0,223,222.962088503744,100.106827990646,0,919.513525061451,1,0,0
5.793,50.0009054619719,399.998812714342,0,223,-0.0378483104288184,0,223,0,223,222.962151689572,100.10715450114,0,919.513525061451,1,0,0
5.794,50.0009039528686,399.998814693152,0,223,-0.037785229911354,0,223,0,223,222.962214770089,100.10748046745,0,919.513525061451,1,0,0
5.795,50.0009024462805,399.998816668663,0,223,-0.0377222545280954,0,223,0,223,222.962277745472,100.107805890482,0,919.513525061451,1,0,0
5.796,50.0009009422034,399.998818640882,0,223,-0.0376593841038184,0,223,0,223,222.962340615897,100.108130771143,0,919.513525061451,1,0,0
5.797,50.000899440633,399.998820609814,0,223,-0.0375966184635892,0,223,0,223,222.962403381537,100.108455110337,0,919.513525061451,1,0,0
5.798,50.0008979415653,399.998822575464,0,223,-0.0375339574327654,0,223,0,223,222.962466042568,100.108778908964,0,919.513525061451,1,0,0
5.799,50.0008964449961,399.998824537838,0,223,-0.0374714008369956,0,223,0,223,222.962528599163,100.109102167928,0,919.513525061451,1,0,0
5.8,50.0008949509211,399.998826496942,0,223,-0.0374089485022195,0,223,0,223,222.962591051498,100.109424888126,0,919.513525061451,1,0,0
5.801,50.0008934593362,399.99882845278,0,223,-0.0373466002546688,0,223,0,223,222.962653399746,100.109747070458,0,919.513525061451,1,0,0
5.802,50.0008919702373,399.998830405359,0,223,-0.0372843559208672,0,223,0,223,222.96271564408,100.110068715819,0,919.513525061451,1,0,0
5.803,50.0008904836202,399.998832354683,0,223,-0.0372222153276305,0,223,0,223,222.962777784673,100.110389825105,0,919.513525061451,1,0,0
5.804,50.0008889994809,399.998834300759,0,223,-0.0371601783020676,0,223,0,223,222.962839821698,100.110710399208,0,919.513525061451,1,0,0
5.805,50.0008875178151,399.998836243591,0,223,-0.0370982446715437,0,223,0,223,222.962901755329,100.111030439021,0,919.513525061451,1,0,0
5.806,50.0008860386187,399.998838183185,0,223,-0.0370364142637555,0,223,0,223,222.962963585737,100.111349945434,0,919.513525061451,1,0,0
5.807,50.0008845618877,399.998840119546,0,223,-0.0369746869066571,0,223,0,223,222.963025313094,100.111668919337,0,919.513525061451,1,0,0
5.808,50.0008830876179,399.99884205268,0,223,-0.0369130624284982,0,223,0,223,222.963086937572,100.111987361617,0,919.513525061451,1,0,0
5.809,50.0008816158052,399.998843982593,0,223,-0.0368515406577883,0,223,0,223,222.963148459343,100.112305273159,0,919.513525061451,1,0,0
5.81,50.0008801464455,399.998845909288,0,223,-0.0367901214233712,0,223,0,223,222.963209878577,100.112622654849,0,919.513525061451,1,0,0
5.811,50.0008786795348,399.998847832773,0,223,-0.0367288045543516,0,223,0,223,222.963271195446,100.112939507569,0,919.513525061451,1,0,0
5.812,50.0008772150689,399.998849753052,0,223,-0.0366675898800963,0,223,0,223,222.96333241012,100.113255832202,0,919.513525061451,1,0,0
5.813,50.0008757530438,399.99885167013,0,223,-0.0366064772303098,0,223,0,223,222.96339352277,100.113571629627,0,919.513525061451,1,0,0
5.814,50.0008742934553,399.998853584013,0,223,-0.0365454664349234,0,223,0,223,222.963454533565,100.113886900722,0,919.513525061451,1,0,0
5.815,50.0008728362996,399.998855494706,0,223,-0.0364845573242081,0,223,0,223,222.963515442676,100.114201646366,0,919.513525061451,1,0,0
5.816,50.0008713815724,399.998857402215,0,223,-0.0364237497286642,0,223,0,223,222.963576250272,100.114515867434,0,919.513525061451,1,0,0
5.817,50.0008699292698,399.998859306545,0,223,-0.0363630434790977,0,223,0,223,222.963636956521,100.1148295648,0,919.513525061451,1,0,0
5.818,50.0008684793877,399.9988612077,0,223,-0.0363024384066204,0,223,0,223,222.963697561594,100.115142739337,0,919.513525061451,1,0,0
5.819,50.000867031922,399.998863105688,0,223,-0.0362419343426146,0,223,0,223,222.963758065658,100.115455391917,0,919.513525061451,1,0,0
5.82,50.0008655868688,399.998865000511,0,223,-0.0361815311186977,0,223,0,223,222.963818468882,100.115767523409,0,919.513525061451,1,0,0
5.821,50.0008641442241,399.998866892177,0,223,-0.0361212285668351,0,223,0,223,222.963878771434,100.116079134682,0,919.513525061451,1,0,0
5.822,50.0008627039837,399.99886878069,0,223,-0.0360610265192301,0,223,0,223,222.963938973481,100.116390226602,0,919.513525061451,1,0,0
5.823,50.0008612661437,399.998870666056,0,223,-0.036000924808363,0,223,0,223,222.963999075192,100.116700800036,0,919.513525061451,1,0,0
5.824,50.0008598307001,399.998872548279,0,223,-0.0359409232670298,0,223,0,223,222.964059076733,100.117010855848,0,919.513525061451,1,0,0
5.825,50.000858397649,399.998874427365,0,223,-0.0358810217282695,0,223,0,223,222.964118978272,100.1173203949,0,919.513525061451,1,0,0
5.826,50.0008569669862,399.99887630332,0,223,-0.0358212200254036,0,223,0,223,222.964178779975,100.117629418054,0,919.513525061451,1,0,0
5.827,50.0008555387079,399.998878176147,0,223,-0.0357615179920375,0,223,0,223,222.964238482008,100.117937926169,0,919.513525061451,1,0,0
5.828,50.0008541128101,399.998880045854,0,223,-0.0357019154620628,0,223,0,223,222.964298084538,100.118245920104,0,919.513525061451,1,0,0
5.829,50.0008526892887,399.998881912444,0,223,-0.035642412269622,0,223,0,223,222.964357587731,100.118553400715,0,919.513525061451,1,0,0
5.83,50.0008512681399,399.998883775923,0,223,-0.0355830082491847,0,223,0,223,222.964416991751,100.118860368859,0,919.513525061451,1,0,0
5.831,50.0008498493597,399.998885636297,0,223,-0.035523703235438,0,223,0,223,222.964476296765,100.11916682539,0,919.513525061451,1,0,0
5.832,50.0008484329441,399.99888749357,0,223,-0.0354644970633641,0,223,0,223,222.964535502937,100.119472771159,0,919.513525061451,1,0,0
5.833,50.0008470188892,399.998889347747,0,223,-0.0354053895682415,0,223,0,223,222.964594610432,100.119778207019,0,919.513525061451,1,0,0
5.834,50.000845607191,399.998891198834,0,223,-0.0353463805856103,0,223,0,223,222.964653619415,100.120083133819,0,919.513525061451,1,0,0
5.835,50.0008441978457,399.998893046836,0,223,-0.0352874699512747,0,223,0,223,222.964712530049,100.120387552408,0,919.513525061451,1,0,0
5.836,50.0008427908493,399.998894891758,0,223,-0.0352286575013424,0,223,0,223,222.964771342499,100.120691463632,0,919.513525061451,1,0,0
5.837,50.0008413861979,399.998896733605,0,223,-0.0351699430721528,0,223,0,223,222.964830056928,100.120994868338,0,919.513525061451,1,0,0
5.838,50.0008399838875,399.998898572382,0,223,-0.035111326500354,0,223,0,223,222.9648886735,100.121297767369,0,919.513525061451,1,0,0
5.839,50.0008385839144,399.998900408095,0,223,-0.0350528076228311,0,223,0,223,222.964947192378,100.121600161569,0,919.513525061451,1,0,0
5.84,50.0008371862745,399.998902240748,0,223,-0.034994386276783,0,223,0,223,222.965005613724,100.121902051778,0,919.513525061451,1,0,0
5.841,50.0008357909641,399.998904070347,0,223,-0.0349360622996505,0,223,0,223,222.965063937701,100.122203438837,0,919.513525061451,1,0,0
5.842,50.0008343979791,399.998905896897,0,223,-0.0348778355291567,0,223,0,223,222.965122164471,100.122504323584,0,919.513525061451,1,0,0
5.843,50.0008330073158,399.998907720402,0,223,-0.0348197058032725,0,223,0,223,222.965180294197,100.122804706856,0,919.513525061451,1,0,0
5.844,50.0008316189703,399.998909540868,0,223,-0.034761672960257,0,223,0,223,222.96523832704,100.12310458949,0,919.513525061451,1,0,0
5.845,50.0008302329387,399.9989113583,0,223,-0.0347037368386598,0,223,0,223,222.965296263162,100.123403972319,0,919.513525061451,1,0,0
5.846,50.0008288492171,399.998913172702,0,223,-0.0346458972772499,0,223,0,223,222.965354102723,100.123702856177,0,919.513525061451,1,0,0
5.847,50.0008274678018,399.998914984081,0,223,-0.0345881541150934,0,223,0,223,222.965411845885,100.124001241895,0,919.513525061451,1,0,0
5.848,50.0008260886888,399.998916792441,0,223,-0.0345305071915561,0,223,0,223,222.965469492809,100.124299130304,0,919.513525061451,1,0,0
5.849,50.0008247118743,399.998918597787,0,223,-0.0344729563462321,0,223,0,223,222.965527043654,100.124596522232,0,919.513525061451,1,0,0
5.85,50.0008233373545,399.998920400124,0,223,-0.0344155014189847,0,223,0,223,222.965584498581,100.124893418507,0,919.513525061451,1,0,0
5.851,50.0008219651256,399.998922199457,0,223,-0.0343581422499497,0,223,0,223,222.96564185775,100.125189819954,0,919.513525061451,1,0,0
5.852,50.0008205951837,399.998923995791,0,223,-0.0343008786795384,0,223,0,223,222.965699121321,100.1254857274,0,919.513525061451,1,0,0
5.853,50.000819227525,399.998925789132,0,223,-0.0342437105484041,0,223,0,223,222.965756289452,100.125781141666,0,919.513525061451,1,0,0
5.854,50.0008178621458,399.998927579483,0,223,-0.0341866376974829,0,223,0,223,222.965813362303,100.126076063575,0,919.513525061451,1,0,0
5.855,50.0008164990423,399.998929366851,0,223,-0.0341296599679965,0,223,0,223,222.965870340032,100.126370493947,0,919.513525061451,1,0,0
5.856,50.0008151382105,399.998931151239,0,223,-0.0340727772013817,0,223,0,223,222.965927222799,100.126664433602,0,919.513525061451,1,0,0
5.857,50.0008137796468,399.998932932654,0,223,-0.0340159892393689,0,223,0,223,222.965984010761,100.126957883358,0,919.513525061451,1,0,0
5.858,50.0008124233474,399.9989347111,0,223,-0.0339592959239483,0,223,0,223,222.966040704076,100.127250844031,0,919.513525061451,1,0,0
5.859,50.0008110693085,399.998936486581,0,223,-0.0339026970973732,0,223,0,223,222.966097302903,100.127543316436,0,919.513525061451,1,0,0
5.86,50.0008097175263,399.998938259103,0,223,-0.0338461926021642,0,223,0,223,222.966153807398,100.127835301387,0,919.513525061451,1,0,0
5.861,50.0008083679971,399.998940028672,0,223,-0.0337897822811128,0,223,0,223,222.966210217719,100.128126799697,0,919.513525061451,1,0,0
5.862,50.0008070207171,399.99894179529,0,223,-0.033733465977248,0,223,0,223,222.966266534023,100.128417812176,0,919.513525061451,1,0,0
5.863,50.0008056756826,399.998943558965,0,223,-0.0336772435338777,0,223,0,223,222.966322756467,100.128708339634,0,919.513525061451,1,0,0
5.864,50.0008043328898,399.9989453197,0,223,-0.0336211147945926,0,223,0,223,222.966378885206,100.12899838288,0,919.513525061451,1,0,0
5.865,50.000802992335,399.998947077501,0,223,-0.0335650796031953,0,223,0,223,222.966434920397,100.12928794272,0,919.513525061451,1,0,0
5.866,50.0008016540144,399.998948832371,0,223,-0.0335091378037801,0,223,0,223,222.966490862197,100.12957701996,0,919.513525061451,1,0,0
5.867,50.0008003179244,399.998950584317,0,223,-0.0334532892406986,0,223,0,223,222.96654671076,100.129865615406,0,919.513525061451,1,0,0
5.868,50.0007989840612,399.998952333344,0,223,-0.0333975337585648,0,223,0,223,222.966602466242,100.130153729858,0,919.513525061451,1,0,0
5.869,50.0007976524211,399.998954079455,0,223,-0.0333418712022217,0,223,0,223,222.966658128798,100.13044136412,0,919.513525061451,1,0,0
5.87,50.0007963230004,399.998955822656,0,223,-0.0332863014168204,0,223,0,223,222.966713698584,100.130728518992,0,919.513525061451,1,0,0
5.871,50.0007949957954,399.998957562951,0,223,-0.0332308242477128,0,223,0,223,222.966769175753,100.131015195272,0,919.513525061451,1,0,0
5.872,50.0007936708024,399.998959300346,0,223,-0.0331754395405675,0,223,0,223,222.96682456046,100.131301393759,0,919.513525061451,1,0,0
5.873,50.0007923480177,399.998961034846,0,223,-0.0331201471412626,0,223,0,223,222.966879852859,100.131587115247,0,919.513525061451,1,0,0
5.874,50.0007910274377,399.998962766454,0,223,-0.0330649468959649,0,223,0,223,222.966935053104,100.131872360534,0,919.513525061451,1,0,0
5.875,50.0007897090586,399.998964495177,0,223,-0.0330098386510602,0,223,0,223,222.966990161349,100.132157130411,0,919.513525061451,1,0,0
5.876,50.0007883928768,399.998966221018,0,223,-0.0329548222532323,0,223,0,223,222.967045177747,100.132441425672,0,919.513525061451,1,0,0
5.877,50.0007870788887,399.998967943983,0,223,-0.0328998975493929,0,223,0,223,222.967100102451,100.132725247108,0,919.513525061451,1,0,0
5.878,50.0007857670906,399.998969664076,0,223,-0.0328450643867241,0,223,0,223,222.967154935614,100.133008595508,0,919.513525061451,1,0,0
5.879,50.0007844574788,399.998971381303,0,223,-0.0327903226126457,0,223,0,223,222.967209677388,100.133291471661,0,919.513525061451,1,0,0
5.88,50.0007831500496,399.998973095668,0,223,-0.0327356720748575,0,223,0,223,222.967264327926,100.133573876353,0,919.513525061451,1,0,0
5.881,50.0007818447995,399.998974807175,0,223,-0.0326811126213064,0,223,0,223,222.967318887379,100.133855810371,0,919.513525061451,1,0,0
5.882,50.0007805417249,399.998976515829,0,223,-0.0326266441001919,0,223,0,223,222.9673733559,100.134137274499,0,919.513525061451,1,0,0
5.883,50.000779240822,399.998978221636,0,223,-0.0325722663599338,0,223,0,223,222.96742773364,100.13441826952,0,919.513525061451,1,0,0
5.884,50.0007779420873,399.9989799246,0,223,-0.0325179792492521,0,223,0,223,222.967482020751,100.134698796216,0,919.513525061451,1,0,0
5.885,50.0007766455171,399.998981624726,0,223,-0.0324637826170972,0,223,0,223,222.967536217383,100.134978855367,0,919.513525061451,1,0,0
5.886,50.000775351108,399.998983322018,0,223,-0.0324096763126553,0,223,0,223,222.967590323688,100.135258447753,0,919.513525061451,1,0,0
5.887,50.0007740588561,399.998985016481,0,223,-0.0323556601853911,0,223,0,223,222.967644339815,100.135537574152,0,919.513525061451,1,0,0
5.888,50.000772768758,399.998986708121,0,223,-0.0323017340850154,0,223,0,223,222.967698265915,100.13581623534,0,919.513525061451,1,0,0
5.889,50.0007714808101,399.99898839694,0,223,-0.0322478978614905,0,223,0,223,222.967752102139,100.136094432093,0,919.513525061451,1,0,0
5.89,50.0007701950087,399.998990082946,0,223,-0.0321941513649989,0,223,0,223,222.967805848635,100.136372165185,0,919.513525061451,1,0,0
5.891,50.0007689113504,399.998991766141,0,223,-0.0321404944459861,0,223,0,223,222.967859505554,100.136649435388,0,919.513525061451,1,0,0
5.892,50.0007676298315,399.99899344653,0,223,-0.0320869269551657,0,223,0,223,222.967913073045,100.136926243474,0,919.513525061451,1,0,0
5.893,50.0007663504484,399.99899512412,0,223,-0.0320334487434875,0,223,0,223,222.967966551257,100.137202590213,0,919.513525061451,1,0,0
5.894,50.0007650731977,399.998996798913,0,223,-0.0319800596621808,0,223,0,223,222.968019940338,100.137478476375,0,919.513525061451,1,0,0
5.895,50.0007637980757,399.998998470915,0,223,-0.0319267595626846,0,223,0,223,222.968073240438,100.137753902726,0,919.513525061451,1,0,0
5.896,50.0007625250789,399.99900014013,0,223,-0.0318735482966921,0,223,0,223,222.968126451704,100.138028870033,0,919.513525061451,1,0,0
5.897,50.0007612542038,399.999001806563,0,223,-0.0318204257161553,0,223,0,223,222.968179574284,100.138303379062,0,919.513525061451,1,0,0
5.898,50.0007599854467,399.999003470219,0,223,-0.0317673916732545,0,223,0,223,222.968232608327,100.138577430575,0,919.513525061451,1,0,0
5.899,50.0007587188043,399.999005131102,0,223,-0.0317144460204407,0,223,0,223,222.96828555398,100.138851025336,0,919.513525061451,1,0,0
5.9,50.000757454273,399.999006789216,0,223,-0.0316615886103676,0,223,0,223,222.96833841139,100.139124164105,0,919.513525061451,1,0,0
5.901,50.0007561918492,399.999008444568,0,223,-0.0316088192959722,0,223,0,223,222.968391180704,100.139396847644,0,919.513525061451,1,0,0
5.902,50.0007549315295,399.99901009716,0,223,-0.031556137930443,0,223,0,223,222.96844386207,100.139669076709,0,919.513525061451,1,0,0
5.903,50.0007536733102,399.999011746998,0,223,-0.0315035443671888,0,223,0,223,222.968496455633,100.13994085206,0,919.513525061451,1,0,0
5.904,50.0007524171881,399.999013394086,0,223,-0.0314510384598827,0,223,0,223,222.968548961541,100.140212174452,0,919.513525061451,1,0,0
5.905,50.0007511631594,399.99901503843,0,223,-0.0313986200624304,0,223,0,223,222.968601379938,100.140483044639,0,919.513525061451,1,0,0
5.906,50.0007499112208,399.999016680032,0,223,-0.031346289028977,0,223,0,223,222.968653710971,100.140753463377,0,919.513525061451,1,0,0
5.907,50.0007486613688,399.999018318899,0,223,-0.0312940452139131,0,223,0,223,222.968705954786,100.141023431416,0,919.513525061451,1,0,0
5.908,50.0007474135998,399.999019955034,0,223,-0.0312418884718813,0,223,0,223,222.968758111529,100.141292949509,0,919.513525061451,1,0,0
5.909,50.0007461679105,399.999021588442,0,223,-0.0311898186577452,0,223,0,223,222.968810181343,100.141562018405,0,919.513525061451,1,0,0
5.91,50.0007449242973,399.999023219128,0,223,-0.0311378356266333,0,223,0,223,222.968862164374,100.141830638853,0,919.513525061451,1,0,0
5.911,50.0007436827568,399.999024847096,0,223,-0.0310859392339079,0,223,0,223,222.968914060766,100.1420988116,0,919.513525061451,1,0,0
5.912,50.0007424432856,399.999026472351,0,223,-0.0310341293351719,0,223,0,223,222.968965870665,100.142366537392,0,919.513525061451,1,0,0
5.913,50.0007412058801,399.999028094897,0,223,-0.0309824057862754,0,223,0,223,222.969017594214,100.142633816975,0,919.513525061451,1,0,0
5.914,50.0007399705369,399.999029714739,0,223,-0.0309307684432849,0,223,0,223,222.969069231557,100.142900651092,0,919.513525061451,1,0,0
5.915,50.0007387372527,399.999031331881,0,223,-0.0308792171625281,0,223,0,223,222.969120782838,100.143167040485,0,919.513525061451,1,0,0
5.916,50.000737506024,399.999032946328,0,223,-0.0308277518005623,0,223,0,223,222.9691722482,100.143432985896,0,919.513525061451,1,0,0
5.917,50.0007362768473,399.999034558084,0,223,-0.0307763722142191,0,223,0,223,222.969223627786,100.143698488065,0,919.513525061451,1,0,0
5.918,50.0007350497192,399.999036167154,0,223,-0.030725078260536,0,223,0,223,222.96927492174,100.14396354773,0,919.513525061451,1,0,0
5.919,50.0007338246363,399.999037773542,0,223,-0.0306738697967643,0,223,0,223,222.969326130204,100.144228165629,0,919.513525061451,1,0,0
5.92,50.0007326015953,399.999039377253,0,223,-0.0306227466804505,0,223,0,223,222.96937725332,100.144492342498,0,919.513525061451,1,0,0
5.921,50.0007313805926,399.999040978291,0,223,-0.0305717087693307,0,223,0,223,222.969428291231,100.144756079072,0,919.513525061451,1,0,0
5.922,50.000730161625,399.99904257666,0,223,-0.030520755921413,0,223,0,223,222.969479244079,100.145019376085,0,919.513525061451,1,0,0
5.923,50.0007289446889,399.999044172366,0,223,-0.0304698879949099,0,223,0,223,222.969530112005,100.14528223427,0,919.513525061451,1,0,0
5.924,50.0007277297811,399.999045765412,0,223,-0.0304191048482829,0,223,0,223,222.969580895152,100.145544654358,0,919.513525061451,1,0,0
5.925,50.0007265168981,399.999047355803,0,223,-0.0303684063402492,0,223,0,223,222.96963159366,100.14580663708,0,919.513525061451,1,0,0
5.926,50.0007253060366,399.999048943543,0,223,-0.030317792329715,0,223,0,223,222.969682207671,100.146068183163,0,919.513525061451,1,0,0
5.927,50.0007240971932,399.999050528637,0,223,-0.0302672626758575,0,223,0,223,222.969732737325,100.146329293336,0,919.513525061451,1,0,0
5.928,50.0007228903646,399.99905211109,0,223,-0.0302168172380943,0,223,0,223,222.969783182762,100.146589968326,0,919.513525061451,1,0,0
5.929,50.0007216855473,399.999053690905,0,223,-0.0301664558760539,0,223,0,223,222.969833544124,100.146850208857,0,919.513525061451,1,0,0
5.93,50.0007204827381,399.999055268086,0,223,-0.0301161784496205,0,223,0,223,222.969883821551,100.147110015654,0,919.513525061451,1,0,0
5.931,50.0007192819335,399.99905684264,0,223,-0.0300659848189039,0,223,0,223,222.969934015182,100.14736938944,0,919.513525061451,1,0,0
5.932,50.0007180831303,399.999058414568,0,223,-0.0300158748442473,0,223,0,223,222.969984125156,100.147628330936,0,919.513525061451,1,0,0
5.933,50.0007168863251,399.999059983877,0,223,-0.0299658483861982,0,223,0,223,222.970034151614,100.147886840863,0,919.513525061451,1,0,0
5.934,50.0007156915145,399.999061550571,0,223,-0.02991590530559,0,223,0,223,222.970084094695,100.14814491994,0,919.513525061451,1,0,0
5.935,50.0007144986953,399.999063114653,0,223,-0.0298660454634378,0,223,0,223,222.970133954537,100.148402568885,0,919.513525061451,1,0,0
5.936,50.0007133078642,399.999064676129,0,223,-0.0298162687210213,0,223,0,223,222.970183731279,100.148659788415,0,919.513525061451,1,0,0
5.937,50.0007121190177,399.999066235002,0,223,-0.0297665749398548,0,223,0,223,222.970233425061,100.148916579246,0,919.513525061451,1,0,0
5.938,50.0007109321527,399.999067791277,0,223,-0.0297169639816576,0,223,0,223,222.970283036019,100.149172942093,0,919.513525061451,1,0,0
5.939,50.0007097472658,399.999069344958,0,223,-0.0296674357084,0,223,0,223,222.970332564292,100.149428877668,0,919.513525061451,1,0,0
5.94,50.0007085643537,399.99907089605,0,223,-0.0296179899822733,0,223,0,223,222.970382010018,100.149684386683,0,919.513525061451,1,0,0
5.941,50.0007073834131,399.999072444557,0,223,-0.0295686266656982,0,223,0,223,222.970431373335,100.149939469851,0,919.513525061451,1,0,0
5.942,50.0007062044407,399.999073990482,0,223,-0.0295193456213327,0,223,0,223,222.970480654379,100.150194127879,0,919.513525061451,1,0,0
5.943,50.0007050274333,399.999075533832,0,223,-0.029470146712043,0,223,0,223,222.970529853288,100.150448361478,0,919.513525061451,1,0,0
5.944,50.0007038523876,399.999077074608,0,223,-0.0294210298009491,0,223,0,223,222.970578970199,100.150702171354,0,919.513525061451,1,0,0
5.945,50.0007026793003,399.999078612817,0,223,-0.0293719947513584,0,223,0,223,222.970628005249,100.150955558213,0,919.513525061451,1,0,0
5.946,50.0007015081681,399.999080148463,0,223,-0.0293230414268488,0,223,0,223,222.970676958574,100.151208522762,0,919.513525061451,1,0,0
5.947,50.0007003389878,399.999081681549,0,223,-0.0292741696912018,0,223,0,223,222.970725830309,100.151461065702,0,919.513525061451,1,0,0
5.948,50.0006991717562,399.999083212079,0,223,-0.0292253794084486,0,223,0,223,222.970774620592,100.151713187738,0,919.513525061451,1,0,0
5.949,50.0006980064699,399.999084740059,0,223,-0.0291766704428407,0,223,0,223,222.970823329558,100.15196488957,0,919.513525061451,1,0,0
5.95,50.0006968431258,399.999086265492,0,223,-0.0291280426588586,0,223,0,223,222.970871957342,100.152216171899,0,919.513525061451,1,0,0
5.951,50.0006956817206,399.999087788383,0,223,-0.0290794959211832,0,223,0,223,222.970920504079,100.152467035424,0,919.513525061451,1,0,0
5.952,50.0006945222511,399.999089308736,0,223,-0.0290310300947415,0,223,0,223,222.970968969906,100.152717480844,0,919.513525061451,1,0,0
5.953,50.000693364714,399.999090826555,0,223,-0.0289826450446783,0,223,0,223,222.971017354956,100.152967508854,0,919.513525061451,1,0,0
5.954,50.0006922091061,399.999092341844,0,223,-0.0289343406363643,0,223,0,223,222.971065659364,100.153217120151,0,919.513525061451,1,0,0
5.955,50.0006910554243,399.999093854607,0,223,-0.0288861167354053,0,223,0,223,222.971113883265,100.153466315429,0,919.513525061451,1,0,0
5.956,50.0006899036653,399.99909536485,0,223,-0.0288379732076129,0,223,0,223,222.971162026793,100.153715095382,0,919.513525061451,1,0,0
5.957,50.0006887538258,399.999096872575,0,223,-0.0287899099190146,0,223,0,223,222.971210090081,100.153963460702,0,919.513525061451,1,0,0
5.958,50.0006876059028,399.999098377787,0,223,-0.0287419267358987,0,223,0,223,222.971258073264,100.154211412079,0,919.513525061451,1,0,0
5.959,50.0006864598929,399.999099880491,0,223,-0.0286940235247489,0,223,0,223,222.971305976476,100.154458950204,0,919.513525061451,1,0,0
5.96,50.0006853157931,399.99910138069,0,223,-0.0286462001522909,0,223,0,223,222.971353799848,100.154706075765,0,919.513525061451,1,0,0
5.961,50.0006841736001,399.999102878389,0,223,-0.0285984564854631,0,223,0,223,222.971401543515,100.154952789451,0,919.513525061451,1,0,0
5.962,50.0006830333108,399.999104373592,0,223,-0.0285507923914266,0,223,0,223,222.971449207609,100.155199091947,0,919.513525061451,1,0,0
5.963,50.0006818949219,399.999105866302,0,223,-0.028503207737537,0,223,0,223,222.971496792263,100.155444983939,0,919.513525061451,1,0,0
5.964,50.0006807584304,399.999107356525,0,223,-0.0284557023913907,0,223,0,223,222.971544297609,100.155690466111,0,919.513525061451,1,0,0
5.965,50.000679623833,399.999108844264,0,223,-0.0284082762208339,0,223,0,223,222.97159172378,100.155935539146,0,919.513525061451,1,0,0
5.966,50.0006784911266,399.999110329524,0,223,-0.0283609290938967,0,223,0,223,222.971639070906,100.156180203726,0,919.513525061451,1,0,0
5.967,50.0006773603081,399.999111812308,0,223,-0.0283136608788407,0,223,0,223,222.971686339122,100.156424460531,0,919.513525061451,1,0,0
5.968,50.0006762313742,399.999113292621,0,223,-0.0282664714441305,0,223,0,223,222.971733528556,100.156668310242,0,919.513525061451,1,0,0
5.969,50.000675104322,399.999114770467,0,223,-0.0282193606584804,0,223,0,223,222.971780639342,100.156911753537,0,919.513525061451,1,0,0
5.97,50.0006739791481,399.999116245849,0,223,-0.0281723283907894,0,223,0,223,222.97182767161,100.157154791093,0,919.513525061451,1,0,0
5.971,50.0006728558495,399.999117718773,0,223,-0.0281253745102248,0,223,0,223,222.97187462549,100.157397423586,0,919.513525061451,1,0,0
5.972,50.0006717344231,399.999119189241,0,223,-0.0280784988861198,0,223,0,223,222.971921501114,100.157639651692,0,919.513525061451,1,0,0
5.973,50.0006706148657,399.999120657259,0,223,-0.0280317013880583,0,223,0,223,222.971968298612,100.157881476084,0,919.513525061451,1,0,0
5.974,50.0006694971743,399.99912212283,0,223,-0.0279849818858094,0,223,0,223,222.972015018115,100.158122897436,0,919.513525061451,1,0,0
5.975,50.0006683813457,399.999123585959,0,223,-0.0279383402494116,0,223,0,223,222.972061659751,100.158363916419,0,919.513525061451,1,0,0
5.976,50.0006672673767,399.999125046649,0,223,-0.0278917763490706,0,223,0,223,222.972108223651,100.158604533703,0,919.513525061451,1,0,0
5.977,50.0006661552645,399.999126504905,0,223,-0.0278452900552437,0,223,0,223,222.972154709945,100.158844749959,0,919.513525061451,1,0,0
5.978,50.0006650450057,399.99912796073,0,223,-0.0277988812385751,0,223,0,223,222.972201118762,100.159084565854,0,919.513525061451,1,0,0
5.979,50.0006639365973,399.999129414129,0,223,-0.0277525497699426,0,223,0,223,222.97224745023,100.159323982056,0,919.513525061451,1,0,0
5.98,50.0006628300363,399.999130865105,0,223,-0.0277062955204308,0,223,0,223,222.97229370448,100.159562999231,0,919.513525061451,1,0,0
5.981,50.0006617253196,399.999132313663,0,223,-0.0276601183613407,0,223,0,223,222.972339881639,100.159801618044,0,919.513525061451,1,0,0
5.982,50.0006606224441,399.999133759807,0,223,-0.0276140181641627,0,223,0,223,222.972385981836,100.160039839159,0,919.513525061451,1,0,0
5.983,50.0006595214067,399.999135203541,0,223,-0.0275679948006605,0,223,0,223,222.9724320052,100.160277663239,0,919.513525061451,1,0,0
5.984,50.0006584222043,399.999136644868,0,223,-0.0275220481427696,0,223,0,223,222.972477951858,100.160515090945,0,919.513525061451,1,0,0
5.985,50.000657324834,399.999138083793,0,223,-0.0274761780626449,0,223,0,223,222.972523821938,100.160752122939,0,919.513525061451,1,0,0
5.986,50.0006562292926,399.999139520321,0,223,-0.0274303844326335,0,223,0,223,222.972569615568,100.160988759879,0,919.513525061451,1,0,0
5.987,50.0006551355771,399.999140954453,0,223,-0.0273846671253223,0,223,0,223,222.972615332875,100.161225002425,0,919.513525061451,1,0,0
5.988,50.0006540436845,399.999142386196,0,223,-0.0273390260135108,0,223,0,223,222.972660973987,100.161460851232,0,919.513525061451,1,0,0
5.989,50.0006529536117,399.999143815552,0,223,-0.0272934609702207,0,223,0,223,222.97270653903,100.161696306959,0,919.513525061451,1,0,0
5.99,50.0006518653557,399.999145242526,0,223,-0.0272479718686696,0,223,0,223,222.972752028132,100.161931370259,0,919.513525061451,1,0,0
5.991,50.0006507789134,399.999146667122,0,223,-0.0272025585822812,0,223,0,223,222.972797441418,100.162166041787,0,919.513525061451,1,0,0
5.992,50.0006496942819,399.999148089344,0,223,-0.027157220984696,0,223,0,223,222.972842779016,100.162400322196,0,919.513525061451,1,0,0
5.993,50.0006486114581,399.999149509195,0,223,-0.027111958949781,0,223,0,223,222.972888041051,100.162634212137,0,919.513525061451,1,0,0
5.994,50.000647530439,399.999150926679,0,223,-0.0270667723516035,0,223,0,223,222.972933227649,100.162867712262,0,919.513525061451,1,0,0
5.995,50.0006464512216,399.999152341802,0,223,-0.0270216610644046,0,223,0,223,222.972978338936,100.16310082322,0,919.513525061451,1,0,0
5.996,50.0006453738029,399.999153754565,0,223,-0.0269766249626839,0,223,0,223,222.973023375038,100.16333354566,0,919.513525061451,1,0,0
5.997,50.0006442981799,399.999155164974,0,223,-0.0269316639211356,0,223,0,223,222.973068336079,100.163565880229,0,919.513525061451,1,0,0
5.998,50.0006432243496,399.999156573033,0,223,-0.0268867778146593,0,223,0,223,222.973113222186,100.163797827574,0,919.513525061451,1,0,0
5.999,50.000642152309,399.999157978744,0,223,-0.0268419665183705,0,223,0,223,222.973158033482,100.16402938834,0,919.513525061451,1,0,0
6,50.0006410820551,399.999159382113,0,223,-0.0267972299075743,0,223,0,223,222.973202770093,100.164260563171,0,919.513525061451,1,0,0
