Time_s,Frequency_Hz,Voltage_LL_RMS_V,Grid_kW,PV_kW,BESS_kW,Diesel_kW,CriticalLoad_kW,NoncriticalLoad_kW,TotalLoad_kW,TotalGeneration_kW,PhaseError_deg,PCC_Closed,PV_Available_kW,BESS_GFM_Active,Diesel_Active,Noncritical_Connected
0,50,400,0,166.725722286586,34.2742777134144,0,201,0,201,201,0,0,166.725722286586,1,0,0
0.001,50,400,0,166.725722286586,34.2742777134144,0,201,0,201,201,0,0,166.725722286586,1,0,0
0.002,50,400,0,166.725722286586,34.2742777134144,0,201,0,201,201,0,0,166.725722286586,1,0,0
0.003,50,400,0,166.725722286586,34.2742777134144,0,201,0,201,201,0,0,166.725722286586,1,0,0
0.004,50,400,0,166.725722286586,34.2742777134144,0,201,0,201,201,0,0,166.725722286586,1,0,0
0.005,50,400,0,166.725722286586,34.2742777134144,0,201,0,201,201,0,0,166.725722286586,1,0,0
0.006,50,400,0,166.725722286586,34.2742777134144,0,201,0,201,201,0,0,166.725722286586,1,0,0
0.007,50,400,0,166.725722286586,34.2742777134144,0,201,0,201,201,0,0,166.725722286586,1,0,0
0.008,50,400,0,166.725722286586,34.2742777134144,0,201,0,201,201,0,0,166.725722286586,1,0,0
0.009,50,400,0,166.725722286586,34.2742777134144,0,201,0,201,201,0,0,166.725722286586,1,0,0
0.01,50,400,0,166.725722286586,34.2742777134144,0,201,0,201,201,0,0,166.725722286586,1,0,0
0.011,50,400,0,166.725722286586,34.2742777134144,0,201,0,201,201,0,0,166.725722286586,1,0,0
0.012,50,400,0,166.725722286586,34.2742777134144,0,201,0,201,201,0,0,166.725722286586,1,0,0
0.013,50,400,0,166.725722286586,34.2742777134144,0,201,0,201,201,0,0,166.725722286586,1,0,0
0.014,50,400,0,166.725722286586,34.2742777134144,0,201,0,201,201,0,0,166.725722286586,1,0,0
0.015,50,400,0,166.725722286586,34.2742777134144,0,201,0,201,201,0,0,166.725722286586,1,0,0
0.016,50,400,0,166.725722286586,34.2742777134144,0,201,0,201,201,0,0,166.725722286586,1,0,0
0.017,50,400,0,166.725722286586,34.2742777134144,0,201,0,201,201,0,0,166.725722286586,1,0,0
0.018,50,400,0,166.725722286586,34.2742777134144,0,201,0,201,201,0,0,166.725722286586,1,0,0
0.019,50,400,0,166.725722286586,34.2742777134144,0,201,0,201,201,0,0,166.725722286586,1,0,0
0.02,50,400,0,166.725722286586,34.2742777134144,0,201,0,201,201,0,0,166.725722286586,1,0,0
0.021,50,400,0,166.725722286586,34.2742777134144,0,201,0,201,201,0,0,166.725722286586,1,0,0
0.022,50,400,0,166.725722286586,34.2742777134144,0,201,0,201,201,0,0,166.725722286586,1,0,0
0.023,50,400,0,166.725722286586,34.2742777134144,0,201,0,201,201,0,0,166.725722286586,1,0,0
0.024,50,400,0,166.725722286586,34.2742777134144,0,201,0,201,201,0,0,166.725722286586,1,0,0
0.025,50,400,0,166.725722286586,34.2742777134144,0,201,0,201,201,0,0,166.725722286586,1,0,0
0.026,50,400,0,166.725722286586,34.2742777134144,0,201,0,201,201,0,0,166.725722286586,1,0,0
0.027,50,400,0,166.725722286586,34.2742777134144,0,201,0,201,201,0,0,166.725722286586,1,0,0
0.028,50,400,0,166.725722286586,34.2742777134144,0,201,0,201,201,0,0,166.725722286586,1,0,0
0.029,50,400,0,166.725722286586,34.2742777134144,0,201,0,201,201,0,0,166.725722286586,1,0,0
0.03,50,400,0,166.725722286586,34.2742777134144,0,201,0,201,201,0,0,166.725722286586,1,0,0
0.031,50,400,0,166.725722286586,34.2742777134144,0,201,0,201,201,0,0,166.725722286586,1,0,0
0.032,50,400,0,166.725722286586,34.2742777134144,0,201,0,201,201,0,0,166.725722286586,1,0,0
0.033,50,400,0,166.725722286586,34.2742777134144,0,201,0,201,201,0,0,166.725722286586,1,0,0
0.034,50,400,0,166.725722286586,34.2742777134144,0,201,0,201,201,0,0,166.725722286586,1,0,0
0.035,50,400,0,166.725722286586,34.2742777134144,0,201,0,201,201,0,0,166.725722286586,1,0,0
0.036,50,400,0,166.725722286586,34.2742777134144,0,201,0,201,201,0,0,166.725722286586,1,0,0
0.037,50,400,0,166.725722286586,34.2742777134144,0,201,0,201,201,0,0,166.725722286586,1,0,0
0.038,50,400,0,166.725722286586,34.2742777134144,0,201,0,201,201,0,0,166.725722286586,1,0,0
0.039,50,400,0,166.725722286586,34.2742777134144,0,201,0,201,201,0,0,166.725722286586,1,0,0
0.04,50,400,0,166.725722286586,34.2742777134144,0,201,0,201,201,0,0,166.725722286586,1,0,0
0.041,50,400,0,166.725722286586,34.2742777134144,0,201,0,201,201,0,0,166.725722286586,1,0,0
0.042,50,400,0,166.725722286586,34.2742777134144,0,201,0,201,201,0,0,166.725722286586,1,0,0
0.043,50,400,0,166.725722286586,34.2742777134144,0,201,0,201,201,0,0,166.725722286586,1,0,0
0.044,50,400,0,166.725722286586,34.2742777134144,0,201,0,201,201,0,0,166.725722286586,1,0,0
0.045,50,400,0,166.725722286586,34.2742777134144,0,201,0,201,201,0,0,166.725722286586,1,0,0
0.046,50,400,0,166.725722286586,34.2742777134144,0,201,0,201,201,0,0,166.725722286586,1,0,0
0.047,50,400,0,166.725722286586,34.2742777134144,0,201,0,201,201,0,0,166.725722286586,1,0,0
0.048,50,400,0,166.725722286586,34.2742777134144,0,201,0,201,201,0,0,166.725722286586,1,0,0
0.049,50,400,0,166.725722286586,34.2742777134144,0,201,0,201,201,0,0,166.725722286586,1,0,0
0.05,50,400,0,166.725722286586,34.2742777134144,0,201,0,201,201,0,0,166.725722286586,1,0,0
0.051,50,400,0,166.725722286586,34.2742777134144,0,201,0,201,201,0,0,166.725722286586,1,0,0
0.052,50,400,0,166.725722286586,34.2742777134144,0,201,0,201,201,0,0,166.725722286586,1,0,0
0.053,50,400,0,166.725722286586,34.2742777134144,0,201,0,201,201,0,0,166.725722286586,1,0,0
0.054,50,400,0,166.725722286586,34.2742777134144,0,201,0,201,201,0,0,166.725722286586,1,0,0
0.055,50,400,0,166.725722286586,34.2742777134144,0,201,0,201,201,0,0,166.725722286586,1,0,0
0.056,50,400,0,166.725722286586,34.2742777134144,0,201,0,201,201,0,0,166.725722286586,1,0,0
0.057,50,400,0,166.725722286586,34.2742777134144,0,201,0,201,201,0,0,166.725722286586,1,0,0
0.058,50,400,0,166.725722286586,34.2742777134144,0,201,0,201,201,0,0,166.725722286586,1,0,0
0.059,50,400,0,166.725722286586,34.2742777134144,0,201,0,201,201,0,0,166.725722286586,1,0,0
0.06,50,400,0,166.725722286586,34.2742777134144,0,201,0,201,201,0,0,166.725722286586,1,0,0
0.061,50,400,0,166.725722286586,34.2742777134144,0,201,0,201,201,0,0,166.725722286586,1,0,0
0.062,50,400,0,166.725722286586,34.2742777134144,0,201,0,201,201,0,0,166.725722286586,1,0,0
0.063,50,400,0,166.725722286586,34.2742777134144,0,201,0,201,201,0,0,166.725722286586,1,0,0
0.064,50,400,0,166.725722286586,34.2742777134144,0,201,0,201,201,0,0,166.725722286586,1,0,0
0.065,50,400,0,166.725722286586,34.2742777134144,0,201,0,201,201,0,0,166.725722286586,1,0,0
0.066,50,400,0,166.725722286586,34.2742777134144,0,201,0,201,201,0,0,166.725722286586,1,0,0
0.067,50,400,0,166.725722286586,34.2742777134144,0,201,0,201,201,0,0,166.725722286586,1,0,0
0.068,50,400,0,166.725722286586,34.2742777134144,0,201,0,201,201,0,0,166.725722286586,1,0,0
0.069,50,400,0,166.725722286586,34.2742777134144,0,201,0,201,201,0,0,166.725722286586,1,0,0
0.07,50,400,0,166.725722286586,34.2742777134144,0,201,0,201,201,0,0,166.725722286586,1,0,0
0.071,50,400,0,166.725722286586,34.2742777134144,0,201,0,201,201,0,0,166.725722286586,1,0,0
0.072,50,400,0,166.725722286586,34.2742777134144,0,201,0,201,201,0,0,166.725722286586,1,0,0
0.073,50,400,0,166.725722286586,34.2742777134144,0,201,0,201,201,0,0,166.725722286586,1,0,0
0.074,50,400,0,166.725722286586,34.2742777134144,0,201,0,201,201,0,0,166.725722286586,1,0,0
0.075,50,400,0,166.725722286586,34.2742777134144,0,201,0,201,201,0,0,166.725722286586,1,0,0
0.076,50,400,0,166.725722286586,34.2742777134144,0,201,0,201,201,0,0,166.725722286586,1,0,0
0.077,50,400,0,166.725722286586,34.2742777134144,0,201,0,201,201,0,0,166.725722286586,1,0,0
0.078,50,400,0,166.725722286586,34.2742777134144,0,201,0,201,201,0,0,166.725722286586,1,0,0
0.079,50,400,0,166.725722286586,34.2742777134144,0,201,0,201,201,0,0,166.725722286586,1,0,0
0.08,50,400,0,166.725722286586,34.2742777134144,0,201,0,201,201,0,0,166.725722286586,1,0,0
0.081,50,400,0,166.725722286586,34.2742777134144,0,201,0,201,201,0,0,166.725722286586,1,0,0
0.082,50,400,0,166.725722286586,34.2742777134144,0,201,0,201,201,0,0,166.725722286586,1,0,0
0.083,50,400,0,166.725722286586,34.2742777134144,0,201,0,201,201,0,0,166.725722286586,1,0,0
0.084,50,400,0,166.725722286586,34.2742777134144,0,201,0,201,201,0,0,166.725722286586,1,0,0
0.085,50,400,0,166.725722286586,34.2742777134144,0,201,0,201,201,0,0,166.725722286586,1,0,0
0.086,50,400,0,166.725722286586,34.2742777134144,0,201,0,201,201,0,0,166.725722286586,1,0,0
0.087,50,400,0,166.725722286586,34.2742777134144,0,201,0,201,201,0,0,166.725722286586,1,0,0
0.088,50,400,0,166.725722286586,34.2742777134144,0,201,0,201,201,0,0,166.725722286586,1,0,0
0.089,50,400,0,166.725722286586,34.2742777134144,0,201,0,201,201,0,0,166.725722286586,1,0,0
0.09,50,400,0,166.725722286586,34.2742777134144,0,201,0,201,201,0,0,166.725722286586,1,0,0
0.091,50,400,0,166.725722286586,34.2742777134144,0,201,0,201,201,0,0,166.725722286586,1,0,0
0.092,50,400,0,166.725722286586,34.2742777134144,0,201,0,201,201,0,0,166.725722286586,1,0,0
0.093,50,400,0,166.725722286586,34.2742777134144,0,201,0,201,201,0,0,166.725722286586,1,0,0
0.094,50,400,0,166.725722286586,34.2742777134144,0,201,0,201,201,0,0,166.725722286586,1,0,0
0.095,50,400,0,166.725722286586,34.2742777134144,0,201,0,201,201,0,0,166.725722286586,1,0,0
0.096,50,400,0,166.725722286586,34.2742777134144,0,201,0,201,201,0,0,166.725722286586,1,0,0
0.097,50,400,0,166.725722286586,34.2742777134144,0,201,0,201,201,0,0,166.725722286586,1,0,0
0.098,50,400,0,166.725722286586,34.2742777134144,0,201,0,201,201,0,0,166.725722286586,1,0,0
0.099,50,400,0,166.725722286586,34.2742777134144,0,201,0,201,201,0,0,166.725722286586,1,0,0
0.1,50,400,0,166.725722286586,34.2742777134144,0,201,0,201,201,0,0,166.725722286586,1,0,0
0.101,50,400,0,166.725722286586,34.2742777134144,0,201,0,201,201,0,0,166.725722286586,1,0,0
0.102,50,400,0,166.725722286586,34.2742777134144,0,201,0,201,201,0,0,166.725722286586,1,0,0
0.103,50,400,0,166.725722286586,34.2742777134144,0,201,0,201,201,0,0,166.725722286586,1,0,0
0.104,50,400,0,166.725722286586,34.2742777134144,0,201,0,201,201,0,0,166.725722286586,1,0,0
0.105,50,400,0,166.725722286586,34.2742777134144,0,201,0,201,201,0,0,166.725722286586,1,0,0
0.106,50,400,0,166.725722286586,34.2742777134144,0,201,0,201,201,0,0,166.725722286586,1,0,0
0.107,50,400,0,166.725722286586,34.2742777134144,0,201,0,201,201,0,0,166.725722286586,1,0,0
0.108,50,400,0,166.725722286586,34.2742777134144,0,201,0,201,201,0,0,166.725722286586,1,0,0
0.109,50,400,0,166.725722286586,34.2742777134144,0,201,0,201,201,0,0,166.725722286586,1,0,0
0.11,50,400,0,166.725722286586,34.2742777134144,0,201,0,201,201,0,0,166.725722286586,1,0,0
0.111,50,400,0,166.725722286586,34.2742777134144,0,201,0,201,201,0,0,166.725722286586,1,0,0
0.112,50,400,0,166.725722286586,34.2742777134144,0,201,0,201,201,0,0,166.725722286586,1,0,0
0.113,50,400,0,166.725722286586,34.2742777134144,0,201,0,201,201,0,0,166.725722286586,1,0,0
0.114,50,400,0,166.725722286586,34.2742777134144,0,201,0,201,201,0,0,166.725722286586,1,0,0
0.115,50,400,0,166.725722286586,34.2742777134144,0,201,0,201,201,0,0,166.725722286586,1,0,0
0.116,50,400,0,166.725722286586,34.2742777134144,0,201,0,201,201,0,0,166.725722286586,1,0,0
0.117,50,400,0,166.725722286586,34.2742777134144,0,201,0,201,201,0,0,166.725722286586,1,0,0
0.118,50,400,0,166.725722286586,34.2742777134144,0,201,0,201,201,0,0,166.725722286586,1,0,0
0.119,50,400,0,166.725722286586,34.2742777134144,0,201,0,201,201,0,0,166.725722286586,1,0,0
0.12,50,400,0,166.725722286586,34.2742777134144,0,201,0,201,201,0,0,166.725722286586,1,0,0
0.121,50,400,0,166.725722286586,34.2742777134144,0,201,0,201,201,0,0,166.725722286586,1,0,0
0.122,50,400,0,166.725722286586,34.2742777134144,0,201,0,201,201,0,0,166.725722286586,1,0,0
0.123,50,400,0,166.725722286586,34.2742777134144,0,201,0,201,201,0,0,166.725722286586,1,0,0
0.124,50,400,0,166.725722286586,34.2742777134144,0,201,0,201,201,0,0,166.725722286586,1,0,0
0.125,50,400,0,166.725722286586,34.2742777134144,0,201,0,201,201,0,0,166.725722286586,1,0,0
0.126,50,400,0,166.725722286586,34.2742777134144,0,201,0,201,201,0,0,166.725722286586,1,0,0
0.127,50,400,0,166.725722286586,34.2742777134144,0,201,0,201,201,0,0,166.725722286586,1,0,0
0.128,50,400,0,166.725722286586,34.2742777134144,0,201,0,201,201,0,0,166.725722286586,1,0,0
0.129,50,400,0,166.725722286586,34.2742777134144,0,201,0,201,201,0,0,166.725722286586,1,0,0
0.13,50,400,0,166.725722286586,34.2742777134144,0,201,0,201,201,0,0,166.725722286586,1,0,0
0.131,50,400,0,166.725722286586,34.2742777134144,0,201,0,201,201,0,0,166.725722286586,1,0,0
0.132,50,400,0,166.725722286586,34.2742777134144,0,201,0,201,201,0,0,166.725722286586,1,0,0
0.133,50,400,0,166.725722286586,34.2742777134144,0,201,0,201,201,0,0,166.725722286586,1,0,0
0.134,50,400,0,166.725722286586,34.2742777134144,0,201,0,201,201,0,0,166.725722286586,1,0,0
0.135,50,400,0,166.725722286586,34.2742777134144,0,201,0,201,201,0,0,166.725722286586,1,0,0
0.136,50,400,0,166.725722286586,34.2742777134144,0,201,0,201,201,0,0,166.725722286586,1,0,0
0.137,50,400,0,166.725722286586,34.2742777134144,0,201,0,201,201,0,0,166.725722286586,1,0,0
0.138,50,400,0,166.725722286586,34.2742777134144,0,201,0,201,201,0,0,166.725722286586,1,0,0
0.139,50,400,0,166.725722286586,34.2742777134144,0,201,0,201,201,0,0,166.725722286586,1,0,0
0.14,50,400,0,166.725722286586,34.2742777134144,0,201,0,201,201,0,0,166.725722286586,1,0,0
0.141,50,400,0,166.725722286586,34.2742777134144,0,201,0,201,201,0,0,166.725722286586,1,0,0
0.142,50,400,0,166.725722286586,34.2742777134144,0,201,0,201,201,0,0,166.725722286586,1,0,0
0.143,50,400,0,166.725722286586,34.2742777134144,0,201,0,201,201,0,0,166.725722286586,1,0,0
0.144,50,400,0,166.725722286586,34.2742777134144,0,201,0,201,201,0,0,166.725722286586,1,0,0
0.145,50,400,0,166.725722286586,34.2742777134144,0,201,0,201,201,0,0,166.725722286586,1,0,0
0.146,50,400,0,166.725722286586,34.2742777134144,0,201,0,201,201,0,0,166.725722286586,1,0,0
0.147,50,400,0,166.725722286586,34.2742777134144,0,201,0,201,201,0,0,166.725722286586,1,0,0
0.148,50,400,0,166.725722286586,34.2742777134144,0,201,0,201,201,0,0,166.725722286586,1,0,0
0.149,50,400,0,166.725722286586,34.2742777134144,0,201,0,201,201,0,0,166.725722286586,1,0,0
0.15,50,400,0,166.725722286586,34.2742777134144,0,201,0,201,201,0,0,166.725722286586,1,0,0
0.151,50,400,0,166.725722286586,34.2742777134144,0,201,0,201,201,0,0,166.725722286586,1,0,0
0.152,50,400,0,166.725722286586,34.2742777134144,0,201,0,201,201,0,0,166.725722286586,1,0,0
0.153,50,400,0,166.725722286586,34.2742777134144,0,201,0,201,201,0,0,166.725722286586,1,0,0
0.154,50,400,0,166.725722286586,34.2742777134144,0,201,0,201,201,0,0,166.725722286586,1,0,0
0.155,50,400,0,166.725722286586,34.2742777134144,0,201,0,201,201,0,0,166.725722286586,1,0,0
0.156,50,400,0,166.725722286586,34.2742777134144,0,201,0,201,201,0,0,166.725722286586,1,0,0
0.157,50,400,0,166.725722286586,34.2742777134144,0,201,0,201,201,0,0,166.725722286586,1,0,0
0.158,50,400,0,166.725722286586,34.2742777134144,0,201,0,201,201,0,0,166.725722286586,1,0,0
0.159,50,400,0,166.725722286586,34.2742777134144,0,201,0,201,201,0,0,166.725722286586,1,0,0
0.16,50,400,0,166.725722286586,34.2742777134144,0,201,0,201,201,0,0,166.725722286586,1,0,0
0.161,50,400,0,166.725722286586,34.2742777134144,0,201,0,201,201,0,0,166.725722286586,1,0,0
0.162,50,400,0,166.725722286586,34.2742777134144,0,201,0,201,201,0,0,166.725722286586,1,0,0
0.163,50,400,0,166.725722286586,34.2742777134144,0,201,0,201,201,0,0,166.725722286586,1,0,0
0.164,50,400,0,166.725722286586,34.2742777134144,0,201,0,201,201,0,0,166.725722286586,1,0,0
0.165,50,400,0,166.725722286586,34.2742777134144,0,201,0,201,201,0,0,166.725722286586,1,0,0
0.166,50,400,0,166.725722286586,34.2742777134144,0,201,0,201,201,0,0,166.725722286586,1,0,0
0.167,50,400,0,166.725722286586,34.2742777134144,0,201,0,201,201,0,0,166.725722286586,1,0,0
0.168,50,400,0,166.725722286586,34.2742777134144,0,201,0,201,201,0,0,166.725722286586,1,0,0
0.169,50,400,0,166.725722286586,34.2742777134144,0,201,0,201,201,0,0,166.725722286586,1,0,0
0.17,50,400,0,166.725722286586,34.2742777134144,0,201,0,201,201,0,0,166.725722286586,1,0,0
0.171,50,400,0,166.725722286586,34.2742777134144,0,201,0,201,201,0,0,166.725722286586,1,0,0
0.172,50,400,0,166.725722286586,34.2742777134144,0,201,0,201,201,0,0,166.725722286586,1,0,0
0.173,50,400,0,166.725722286586,34.2742777134144,0,201,0,201,201,0,0,166.725722286586,1,0,0
0.174,50,400,0,166.725722286586,34.2742777134144,0,201,0,201,201,0,0,166.725722286586,1,0,0
0.175,50,400,0,166.725722286586,34.2742777134144,0,201,0,201,201,0,0,166.725722286586,1,0,0
0.176,50,400,0,166.725722286586,34.2742777134144,0,201,0,201,201,0,0,166.725722286586,1,0,0
0.177,50,400,0,166.725722286586,34.2742777134144,0,201,0,201,201,0,0,166.725722286586,1,0,0
0.178,50,400,0,166.725722286586,34.2742777134144,0,201,0,201,201,0,0,166.725722286586,1,0,0
0.179,50,400,0,166.725722286586,34.2742777134144,0,201,0,201,201,0,0,166.725722286586,1,0,0
0.18,50,400,0,166.725722286586,34.2742777134144,0,201,0,201,201,0,0,166.725722286586,1,0,0
0.181,50,400,0,166.725722286586,34.2742777134144,0,201,0,201,201,0,0,166.725722286586,1,0,0
0.182,50,400,0,166.725722286586,34.2742777134144,0,201,0,201,201,0,0,166.725722286586,1,0,0
0.183,50,400,0,166.725722286586,34.2742777134144,0,201,0,201,201,0,0,166.725722286586,1,0,0
0.184,50,400,0,166.725722286586,34.2742777134144,0,201,0,201,201,0,0,166.725722286586,1,0,0
0.185,50,400,0,166.725722286586,34.2742777134144,0,201,0,201,201,0,0,166.725722286586,1,0,0
0.186,50,400,0,166.725722286586,34.2742777134144,0,201,0,201,201,0,0,166.725722286586,1,0,0
0.187,50,400,0,166.725722286586,34.2742777134144,0,201,0,201,201,0,0,166.725722286586,1,0,0
0.188,50,400,0,166.725722286586,34.2742777134144,0,201,0,201,201,0,0,166.725722286586,1,0,0
0.189,50,400,0,166.725722286586,34.2742777134144,0,201,0,201,201,0,0,166.725722286586,1,0,0
0.19,50,400,0,166.725722286586,34.2742777134144,0,201,0,201,201,0,0,166.725722286586,1,0,0
0.191,50,400,0,166.725722286586,34.2742777134144,0,201,0,201,201,0,0,166.725722286586,1,0,0
0.192,50,400,0,166.725722286586,34.2742777134144,0,201,0,201,201,0,0,166.725722286586,1,0,0
0.193,50,400,0,166.725722286586,34.2742777134144,0,201,0,201,201,0,0,166.725722286586,1,0,0
0.194,50,400,0,166.725722286586,34.2742777134144,0,201,0,201,201,0,0,166.725722286586,1,0,0
0.195,50,400,0,166.725722286586,34.2742777134144,0,201,0,201,201,0,0,166.725722286586,1,0,0
0.196,50,400,0,166.725722286586,34.2742777134144,0,201,0,201,201,0,0,166.725722286586,1,0,0
0.197,50,400,0,166.725722286586,34.2742777134144,0,201,0,201,201,0,0,166.725722286586,1,0,0
0.198,50,400,0,166.725722286586,34.2742777134144,0,201,0,201,201,0,0,166.725722286586,1,0,0
0.199,50,400,0,166.725722286586,34.2742777134144,0,201,0,201,201,0,0,166.725722286586,1,0,0
0.2,50,400,0,166.725722286586,34.2742777134144,0,201,0,201,201,0,0,166.725722286586,1,0,0
0.201,50,400,0,166.725722286586,34.2742777134144,0,201,0,201,201,0,0,166.725722286586,1,0,0
0.202,50,400,0,166.725722286586,34.2742777134144,0,201,0,201,201,0,0,166.725722286586,1,0,0
0.203,50,400,0,166.725722286586,34.2742777134144,0,201,0,201,201,0,0,166.725722286586,1,0,0
0.204,50,400,0,166.725722286586,34.2742777134144,0,201,0,201,201,0,0,166.725722286586,1,0,0
0.205,50,400,0,166.725722286586,34.2742777134144,0,201,0,201,201,0,0,166.725722286586,1,0,0
0.206,50,400,0,166.725722286586,34.2742777134144,0,201,0,201,201,0,0,166.725722286586,1,0,0
0.207,50,400,0,166.725722286586,34.2742777134144,0,201,0,201,201,0,0,166.725722286586,1,0,0
0.208,50,400,0,166.725722286586,34.2742777134144,0,201,0,201,201,0,0,166.725722286586,1,0,0
0.209,50,400,0,166.725722286586,34.2742777134144,0,201,0,201,201,0,0,166.725722286586,1,0,0
0.21,50,400,0,166.725722286586,34.2742777134144,0,201,0,201,201,0,0,166.725722286586,1,0,0
0.211,50,400,0,166.725722286586,34.2742777134144,0,201,0,201,201,0,0,166.725722286586,1,0,0
0.212,50,400,0,166.725722286586,34.2742777134144,0,201,0,201,201,0,0,166.725722286586,1,0,0
0.213,50,400,0,166.725722286586,34.2742777134144,0,201,0,201,201,0,0,166.725722286586,1,0,0
0.214,50,400,0,166.725722286586,34.2742777134144,0,201,0,201,201,0,0,166.725722286586,1,0,0
0.215,50,400,0,166.725722286586,34.2742777134144,0,201,0,201,201,0,0,166.725722286586,1,0,0
0.216,50,400,0,166.725722286586,34.2742777134144,0,201,0,201,201,0,0,166.725722286586,1,0,0
0.217,50,400,0,166.725722286586,34.2742777134144,0,201,0,201,201,0,0,166.725722286586,1,0,0
0.218,50,400,0,166.725722286586,34.2742777134144,0,201,0,201,201,0,0,166.725722286586,1,0,0
0.219,50,400,0,166.725722286586,34.2742777134144,0,201,0,201,201,0,0,166.725722286586,1,0,0
0.22,50,400,0,166.725722286586,34.2742777134144,0,201,0,201,201,0,0,166.725722286586,1,0,0
0.221,50,400,0,166.725722286586,34.2742777134144,0,201,0,201,201,0,0,166.725722286586,1,0,0
0.222,50,400,0,166.725722286586,34.2742777134144,0,201,0,201,201,0,0,166.725722286586,1,0,0
0.223,50,400,0,166.725722286586,34.2742777134144,0,201,0,201,201,0,0,166.725722286586,1,0,0
0.224,50,400,0,166.725722286586,34.2742777134144,0,201,0,201,201,0,0,166.725722286586,1,0,0
0.225,50,400,0,166.725722286586,34.2742777134144,0,201,0,201,201,0,0,166.725722286586,1,0,0
0.226,50,400,0,166.725722286586,34.2742777134144,0,201,0,201,201,0,0,166.725722286586,1,0,0
0.227,50,400,0,166.725722286586,34.2742777134144,0,201,0,201,201,0,0,166.725722286586,1,0,0
0.228,50,400,0,166.725722286586,34.2742777134144,0,201,0,201,201,0,0,166.725722286586,1,0,0
0.229,50,400,0,166.725722286586,34.2742777134144,0,201,0,201,201,0,0,166.725722286586,1,0,0
0.23,50,400,0,166.725722286586,34.2742777134144,0,201,0,201,201,0,0,166.725722286586,1,0,0
0.231,50,400,0,166.725722286586,34.2742777134144,0,201,0,201,201,0,0,166.725722286586,1,0,0
0.232,50,400,0,166.725722286586,34.2742777134144,0,201,0,201,201,0,0,166.725722286586,1,0,0
0.233,50,400,0,166.725722286586,34.2742777134144,0,201,0,201,201,0,0,166.725722286586,1,0,0
0.234,50,400,0,166.725722286586,34.2742777134144,0,201,0,201,201,0,0,166.725722286586,1,0,0
0.235,50,400,0,166.725722286586,34.2742777134144,0,201,0,201,201,0,0,166.725722286586,1,0,0
0.236,50,400,0,166.725722286586,34.2742777134144,0,201,0,201,201,0,0,166.725722286586,1,0,0
0.237,50,400,0,166.725722286586,34.2742777134144,0,201,0,201,201,0,0,166.725722286586,1,0,0
0.238,50,400,0,166.725722286586,34.2742777134144,0,201,0,201,201,0,0,166.725722286586,1,0,0
0.239,50,400,0,166.725722286586,34.2742777134144,0,201,0,201,201,0,0,166.725722286586,1,0,0
0.24,50,400,0,166.725722286586,34.2742777134144,0,201,0,201,201,0,0,166.725722286586,1,0,0
0.241,50,400,0,166.725722286586,34.2742777134144,0,201,0,201,201,0,0,166.725722286586,1,0,0
0.242,50,400,0,166.725722286586,34.2742777134144,0,201,0,201,201,0,0,166.725722286586,1,0,0
0.243,50,400,0,166.725722286586,34.2742777134144,0,201,0,201,201,0,0,166.725722286586,1,0,0
0.244,50,400,0,166.725722286586,34.2742777134144,0,201,0,201,201,0,0,166.725722286586,1,0,0
0.245,50,400,0,166.725722286586,34.2742777134144,0,201,0,201,201,0,0,166.725722286586,1,0,0
0.246,50,400,0,166.725722286586,34.2742777134144,0,201,0,201,201,0,0,166.725722286586,1,0,0
0.247,50,400,0,166.725722286586,34.2742777134144,0,201,0,201,201,0,0,166.725722286586,1,0,0
0.248,50,400,0,166.725722286586,34.2742777134144,0,201,0,201,201,0,0,166.725722286586,1,0,0
0.249,50,400,0,166.725722286586,34.2742777134144,0,201,0,201,201,0,0,166.725722286586,1,0,0
0.25,50,400,0,166.725722286586,34.2742777134144,0,201,0,201,201,0,0,166.725722286586,1,0,0
0.251,50,400,0,166.725722286586,34.2742777134144,0,201,0,201,201,0,0,166.725722286586,1,0,0
0.252,50,400,0,166.725722286586,34.2742777134144,0,201,0,201,201,0,0,166.725722286586,1,0,0
0.253,50,400,0,166.725722286586,34.2742777134144,0,201,0,201,201,0,0,166.725722286586,1,0,0
0.254,50,400,0,166.725722286586,34.2742777134144,0,201,0,201,201,0,0,166.725722286586,1,0,0
0.255,50,400,0,166.725722286586,34.2742777134144,0,201,0,201,201,0,0,166.725722286586,1,0,0
0.256,50,400,0,166.725722286586,34.2742777134144,0,201,0,201,201,0,0,166.725722286586,1,0,0
0.257,50,400,0,166.725722286586,34.2742777134144,0,201,0,201,201,0,0,166.725722286586,1,0,0
0.258,50,400,0,166.725722286586,34.2742777134144,0,201,0,201,201,0,0,166.725722286586,1,0,0
0.259,50,400,0,166.725722286586,34.2742777134144,0,201,0,201,201,0,0,166.725722286586,1,0,0
0.26,50,400,0,166.725722286586,34.2742777134144,0,201,0,201,201,0,0,166.725722286586,1,0,0
0.261,50,400,0,166.725722286586,34.2742777134144,0,201,0,201,201,0,0,166.725722286586,1,0,0
0.262,50,400,0,166.725722286586,34.2742777134144,0,201,0,201,201,0,0,166.725722286586,1,0,0
0.263,50,400,0,166.725722286586,34.2742777134144,0,201,0,201,201,0,0,166.725722286586,1,0,0
0.264,50,400,0,166.725722286586,34.2742777134144,0,201,0,201,201,0,0,166.725722286586,1,0,0
0.265,50,400,0,166.725722286586,34.2742777134144,0,201,0,201,201,0,0,166.725722286586,1,0,0
0.266,50,400,0,166.725722286586,34.2742777134144,0,201,0,201,201,0,0,166.725722286586,1,0,0
0.267,50,400,0,166.725722286586,34.2742777134144,0,201,0,201,201,0,0,166.725722286586,1,0,0
0.268,50,400,0,166.725722286586,34.2742777134144,0,201,0,201,201,0,0,166.725722286586,1,0,0
0.269,50,400,0,166.725722286586,34.2742777134144,0,201,0,201,201,0,0,166.725722286586,1,0,0
0.27,50,400,0,166.725722286586,34.2742777134144,0,201,0,201,201,0,0,166.725722286586,1,0,0
0.271,50,400,0,166.725722286586,34.2742777134144,0,201,0,201,201,0,0,166.725722286586,1,0,0
0.272,50,400,0,166.725722286586,34.2742777134144,0,201,0,201,201,0,0,166.725722286586,1,0,0
0.273,50,400,0,166.725722286586,34.2742777134144,0,201,0,201,201,0,0,166.725722286586,1,0,0
0.274,50,400,0,166.725722286586,34.2742777134144,0,201,0,201,201,0,0,166.725722286586,1,0,0
0.275,50,400,0,166.725722286586,34.2742777134144,0,201,0,201,201,0,0,166.725722286586,1,0,0
0.276,50,400,0,166.725722286586,34.2742777134144,0,201,0,201,201,0,0,166.725722286586,1,0,0
0.277,50,400,0,166.725722286586,34.2742777134144,0,201,0,201,201,0,0,166.725722286586,1,0,0
0.278,50,400,0,166.725722286586,34.2742777134144,0,201,0,201,201,0,0,166.725722286586,1,0,0
0.279,50,400,0,166.725722286586,34.2742777134144,0,201,0,201,201,0,0,166.725722286586,1,0,0
0.28,50,400,0,166.725722286586,34.2742777134144,0,201,0,201,201,0,0,166.725722286586,1,0,0
0.281,50,400,0,166.725722286586,34.2742777134144,0,201,0,201,201,0,0,166.725722286586,1,0,0
0.282,50,400,0,166.725722286586,34.2742777134144,0,201,0,201,201,0,0,166.725722286586,1,0,0
0.283,50,400,0,166.725722286586,34.2742777134144,0,201,0,201,201,0,0,166.725722286586,1,0,0
0.284,50,400,0,166.725722286586,34.2742777134144,0,201,0,201,201,0,0,166.725722286586,1,0,0
0.285,50,400,0,166.725722286586,34.2742777134144,0,201,0,201,201,0,0,166.725722286586,1,0,0
0.286,50,400,0,166.725722286586,34.2742777134144,0,201,0,201,201,0,0,166.725722286586,1,0,0
0.287,50,400,0,166.725722286586,34.2742777134144,0,201,0,201,201,0,0,166.725722286586,1,0,0
0.288,50,400,0,166.725722286586,34.2742777134144,0,201,0,201,201,0,0,166.725722286586,1,0,0
0.289,50,400,0,166.725722286586,34.2742777134144,0,201,0,201,201,0,0,166.725722286586,1,0,0
0.29,50,400,0,166.725722286586,34.2742777134144,0,201,0,201,201,0,0,166.725722286586,1,0,0
0.291,50,400,0,166.725722286586,34.2742777134144,0,201,0,201,201,0,0,166.725722286586,1,0,0
0.292,50,400,0,166.725722286586,34.2742777134144,0,201,0,201,201,0,0,166.725722286586,1,0,0
0.293,50,400,0,166.725722286586,34.2742777134144,0,201,0,201,201,0,0,166.725722286586,1,0,0
0.294,50,400,0,166.725722286586,34.2742777134144,0,201,0,201,201,0,0,166.725722286586,1,0,0
0.295,50,400,0,166.725722286586,34.2742777134144,0,201,0,201,201,0,0,166.725722286586,1,0,0
0.296,50,400,0,166.725722286586,34.2742777134144,0,201,0,201,201,0,0,166.725722286586,1,0,0
0.297,50,400,0,166.725722286586,34.2742777134144,0,201,0,201,201,0,0,166.725722286586,1,0,0
0.298,50,400,0,166.725722286586,34.2742777134144,0,201,0,201,201,0,0,166.725722286586,1,0,0
0.299,50,400,0,166.725722286586,34.2742777134144,0,201,0,201,201,0,0,166.725722286586,1,0,0
0.3,50,400,0,166.725722286586,34.2742777134144,0,201,0,201,201,0,0,166.725722286586,1,0,0
0.301,50,400,0,166.725722286586,34.2742777134144,0,201,0,201,201,0,0,166.725722286586,1,0,0
0.302,50,400,0,166.725722286586,34.2742777134144,0,201,0,201,201,0,0,166.725722286586,1,0,0
0.303,50,400,0,166.725722286586,34.2742777134144,0,201,0,201,201,0,0,166.725722286586,1,0,0
0.304,50,400,0,166.725722286586,34.2742777134144,0,201,0,201,201,0,0,166.725722286586,1,0,0
0.305,50,400,0,166.725722286586,34.2742777134144,0,201,0,201,201,0,0,166.725722286586,1,0,0
0.306,50,400,0,166.725722286586,34.2742777134144,0,201,0,201,201,0,0,166.725722286586,1,0,0
0.307,50,400,0,166.725722286586,34.2742777134144,0,201,0,201,201,0,0,166.725722286586,1,0,0
0.308,50,400,0,166.725722286586,34.2742777134144,0,201,0,201,201,0,0,166.725722286586,1,0,0
0.309,50,400,0,166.725722286586,34.2742777134144,0,201,0,201,201,0,0,166.725722286586,1,0,0
0.31,50,400,0,166.725722286586,34.2742777134144,0,201,0,201,201,0,0,166.725722286586,1,0,0
0.311,50,400,0,166.725722286586,34.2742777134144,0,201,0,201,201,0,0,166.725722286586,1,0,0
0.312,50,400,0,166.725722286586,34.2742777134144,0,201,0,201,201,0,0,166.725722286586,1,0,0
0.313,50,400,0,166.725722286586,34.2742777134144,0,201,0,201,201,0,0,166.725722286586,1,0,0
0.314,50,400,0,166.725722286586,34.2742777134144,0,201,0,201,201,0,0,166.725722286586,1,0,0
0.315,50,400,0,166.725722286586,34.2742777134144,0,201,0,201,201,0,0,166.725722286586,1,0,0
0.316,50,400,0,166.725722286586,34.2742777134144,0,201,0,201,201,0,0,166.725722286586,1,0,0
0.317,50,400,0,166.725722286586,34.2742777134144,0,201,0,201,201,0,0,166.725722286586,1,0,0
0.318,50,400,0,166.725722286586,34.2742777134144,0,201,0,201,201,0,0,166.725722286586,1,0,0
0.319,50,400,0,166.725722286586,34.2742777134144,0,201,0,201,201,0,0,166.725722286586,1,0,0
0.32,50,400,0,166.725722286586,34.2742777134144,0,201,0,201,201,0,0,166.725722286586,1,0,0
0.321,50,400,0,166.725722286586,34.2742777134144,0,201,0,201,201,0,0,166.725722286586,1,0,0
0.322,50,400,0,166.725722286586,34.2742777134144,0,201,0,201,201,0,0,166.725722286586,1,0,0
0.323,50,400,0,166.725722286586,34.2742777134144,0,201,0,201,201,0,0,166.725722286586,1,0,0
0.324,50,400,0,166.725722286586,34.2742777134144,0,201,0,201,201,0,0,166.725722286586,1,0,0
0.325,50,400,0,166.725722286586,34.2742777134144,0,201,0,201,201,0,0,166.725722286586,1,0,0
0.326,50,400,0,166.725722286586,34.2742777134144,0,201,0,201,201,0,0,166.725722286586,1,0,0
0.327,50,400,0,166.725722286586,34.2742777134144,0,201,0,201,201,0,0,166.725722286586,1,0,0
0.328,50,400,0,166.725722286586,34.2742777134144,0,201,0,201,201,0,0,166.725722286586,1,0,0
0.329,50,400,0,166.725722286586,34.2742777134144,0,201,0,201,201,0,0,166.725722286586,1,0,0
0.33,50,400,0,166.725722286586,34.2742777134144,0,201,0,201,201,0,0,166.725722286586,1,0,0
0.331,50,400,0,166.725722286586,34.2742777134144,0,201,0,201,201,0,0,166.725722286586,1,0,0
0.332,50,400,0,166.725722286586,34.2742777134144,0,201,0,201,201,0,0,166.725722286586,1,0,0
0.333,50,400,0,166.725722286586,34.2742777134144,0,201,0,201,201,0,0,166.725722286586,1,0,0
0.334,50,400,0,166.725722286586,34.2742777134144,0,201,0,201,201,0,0,166.725722286586,1,0,0
0.335,50,400,0,166.725722286586,34.2742777134144,0,201,0,201,201,0,0,166.725722286586,1,0,0
0.336,50,400,0,166.725722286586,34.2742777134144,0,201,0,201,201,0,0,166.725722286586,1,0,0
0.337,50,400,0,166.725722286586,34.2742777134144,0,201,0,201,201,0,0,166.725722286586,1,0,0
0.338,50,400,0,166.725722286586,34.2742777134144,0,201,0,201,201,0,0,166.725722286586,1,0,0
0.339,50,400,0,166.725722286586,34.2742777134144,0,201,0,201,201,0,0,166.725722286586,1,0,0
0.34,50,400,0,166.725722286586,34.2742777134144,0,201,0,201,201,0,0,166.725722286586,1,0,0
0.341,50,400,0,166.725722286586,34.2742777134144,0,201,0,201,201,0,0,166.725722286586,1,0,0
0.342,50,400,0,166.725722286586,34.2742777134144,0,201,0,201,201,0,0,166.725722286586,1,0,0
0.343,50,400,0,166.725722286586,34.2742777134144,0,201,0,201,201,0,0,166.725722286586,1,0,0
0.344,50,400,0,166.725722286586,34.2742777134144,0,201,0,201,201,0,0,166.725722286586,1,0,0
0.345,50,400,0,166.725722286586,34.2742777134144,0,201,0,201,201,0,0,166.725722286586,1,0,0
0.346,50,400,0,166.725722286586,34.2742777134144,0,201,0,201,201,0,0,166.725722286586,1,0,0
0.347,50,400,0,166.725722286586,34.2742777134144,0,201,0,201,201,0,0,166.725722286586,1,0,0
0.348,50,400,0,166.725722286586,34.2742777134144,0,201,0,201,201,0,0,166.725722286586,1,0,0
0.349,50,400,0,166.725722286586,34.2742777134144,0,201,0,201,201,0,0,166.725722286586,1,0,0
0.35,50,400,0,166.725722286586,34.2742777134144,0,201,0,201,201,0,0,166.725722286586,1,0,0
0.351,50,400,0,166.725722286586,34.2742777134144,0,201,0,201,201,0,0,166.725722286586,1,0,0
0.352,50,400,0,166.725722286586,34.2742777134144,0,201,0,201,201,0,0,166.725722286586,1,0,0
0.353,50,400,0,166.725722286586,34.2742777134144,0,201,0,201,201,0,0,166.725722286586,1,0,0
0.354,50,400,0,166.725722286586,34.2742777134144,0,201,0,201,201,0,0,166.725722286586,1,0,0
0.355,50,400,0,166.725722286586,34.2742777134144,0,201,0,201,201,0,0,166.725722286586,1,0,0
0.356,50,400,0,166.725722286586,34.2742777134144,0,201,0,201,201,0,0,166.725722286586,1,0,0
0.357,50,400,0,166.725722286586,34.2742777134144,0,201,0,201,201,0,0,166.725722286586,1,0,0
0.358,50,400,0,166.725722286586,34.2742777134144,0,201,0,201,201,0,0,166.725722286586,1,0,0
0.359,50,400,0,166.725722286586,34.2742777134144,0,201,0,201,201,0,0,166.725722286586,1,0,0
0.36,50,400,0,166.725722286586,34.2742777134144,0,201,0,201,201,0,0,166.725722286586,1,0,0
0.361,50,400,0,166.725722286586,34.2742777134144,0,201,0,201,201,0,0,166.725722286586,1,0,0
0.362,50,400,0,166.725722286586,34.2742777134144,0,201,0,201,201,0,0,166.725722286586,1,0,0
0.363,50,400,0,166.725722286586,34.2742777134144,0,201,0,201,201,0,0,166.725722286586,1,0,0
0.364,50,400,0,166.725722286586,34.2742777134144,0,201,0,201,201,0,0,166.725722286586,1,0,0
0.365,50,400,0,166.725722286586,34.2742777134144,0,201,0,201,201,0,0,166.725722286586,1,0,0
0.366,50,400,0,166.725722286586,34.2742777134144,0,201,0,201,201,0,0,166.725722286586,1,0,0
0.367,50,400,0,166.725722286586,34.2742777134144,0,201,0,201,201,0,0,166.725722286586,1,0,0
0.368,50,400,0,166.725722286586,34.2742777134144,0,201,0,201,201,0,0,166.725722286586,1,0,0
0.369,50,400,0,166.725722286586,34.2742777134144,0,201,0,201,201,0,0,166.725722286586,1,0,0
0.37,50,400,0,166.725722286586,34.2742777134144,0,201,0,201,201,0,0,166.725722286586,1,0,0
0.371,50,400,0,166.725722286586,34.2742777134144,0,201,0,201,201,0,0,166.725722286586,1,0,0
0.372,50,400,0,166.725722286586,34.2742777134144,0,201,0,201,201,0,0,166.725722286586,1,0,0
0.373,50,400,0,166.725722286586,34.2742777134144,0,201,0,201,201,0,0,166.725722286586,1,0,0
0.374,50,400,0,166.725722286586,34.2742777134144,0,201,0,201,201,0,0,166.725722286586,1,0,0
0.375,50,400,0,166.725722286586,34.2742777134144,0,201,0,201,201,0,0,166.725722286586,1,0,0
0.376,50,400,0,166.725722286586,34.2742777134144,0,201,0,201,201,0,0,166.725722286586,1,0,0
0.377,50,400,0,166.725722286586,34.2742777134144,0,201,0,201,201,0,0,166.725722286586,1,0,0
0.378,50,400,0,166.725722286586,34.2742777134144,0,201,0,201,201,0,0,166.725722286586,1,0,0
0.379,50,400,0,166.725722286586,34.2742777134144,0,201,0,201,201,0,0,166.725722286586,1,0,0
0.38,50,400,0,166.725722286586,34.2742777134144,0,201,0,201,201,0,0,166.725722286586,1,0,0
0.381,50,400,0,166.725722286586,34.2742777134144,0,201,0,201,201,0,0,166.725722286586,1,0,0
0.382,50,400,0,166.725722286586,34.2742777134144,0,201,0,201,201,0,0,166.725722286586,1,0,0
0.383,50,400,0,166.725722286586,34.2742777134144,0,201,0,201,201,0,0,166.725722286586,1,0,0
0.384,50,400,0,166.725722286586,34.2742777134144,0,201,0,201,201,0,0,166.725722286586,1,0,0
0.385,50,400,0,166.725722286586,34.2742777134144,0,201,0,201,201,0,0,166.725722286586,1,0,0
0.386,50,400,0,166.725722286586,34.2742777134144,0,201,0,201,201,0,0,166.725722286586,1,0,0
0.387,50,400,0,166.725722286586,34.2742777134144,0,201,0,201,201,0,0,166.725722286586,1,0,0
0.388,50,400,0,166.725722286586,34.2742777134144,0,201,0,201,201,0,0,166.725722286586,1,0,0
0.389,50,400,0,166.725722286586,34.2742777134144,0,201,0,201,201,0,0,166.725722286586,1,0,0
0.39,50,400,0,166.725722286586,34.2742777134144,0,201,0,201,201,0,0,166.725722286586,1,0,0
0.391,50,400,0,166.725722286586,34.2742777134144,0,201,0,201,201,0,0,166.725722286586,1,0,0
0.392,50,400,0,166.725722286586,34.2742777134144,0,201,0,201,201,0,0,166.725722286586,1,0,0
0.393,50,400,0,166.725722286586,34.2742777134144,0,201,0,201,201,0,0,166.725722286586,1,0,0
0.394,50,400,0,166.725722286586,34.2742777134144,0,201,0,201,201,0,0,166.725722286586,1,0,0
0.395,50,400,0,166.725722286586,34.2742777134144,0,201,0,201,201,0,0,166.725722286586,1,0,0
0.396,50,400,0,166.725722286586,34.2742777134144,0,201,0,201,201,0,0,166.725722286586,1,0,0
0.397,50,400,0,166.725722286586,34.2742777134144,0,201,0,201,201,0,0,166.725722286586,1,0,0
0.398,50,400,0,166.725722286586,34.2742777134144,0,201,0,201,201,0,0,166.725722286586,1,0,0
0.399,50,400,0,166.725722286586,34.2742777134144,0,201,0,201,201,0,0,166.725722286586,1,0,0
0.4,50,400,0,166.725722286586,34.2742777134144,0,201,0,201,201,0,0,166.725722286586,1,0,0
0.401,50,400,0,166.725722286586,34.2742777134144,0,201,0,201,201,0,0,166.725722286586,1,0,0
0.402,50,400,0,166.725722286586,34.2742777134144,0,201,0,201,201,0,0,166.725722286586,1,0,0
0.403,50,400,0,166.725722286586,34.2742777134144,0,201,0,201,201,0,0,166.725722286586,1,0,0
0.404,50,400,0,166.725722286586,34.2742777134144,0,201,0,201,201,0,0,166.725722286586,1,0,0
0.405,50,400,0,166.725722286586,34.2742777134144,0,201,0,201,201,0,0,166.725722286586,1,0,0
0.406,50,400,0,166.725722286586,34.2742777134144,0,201,0,201,201,0,0,166.725722286586,1,0,0
0.407,50,400,0,166.725722286586,34.2742777134144,0,201,0,201,201,0,0,166.725722286586,1,0,0
0.408,50,400,0,166.725722286586,34.2742777134144,0,201,0,201,201,0,0,166.725722286586,1,0,0
0.409,50,400,0,166.725722286586,34.2742777134144,0,201,0,201,201,0,0,166.725722286586,1,0,0
0.41,50,400,0,166.725722286586,34.2742777134144,0,201,0,201,201,0,0,166.725722286586,1,0,0
0.411,50,400,0,166.725722286586,34.2742777134144,0,201,0,201,201,0,0,166.725722286586,1,0,0
0.412,50,400,0,166.725722286586,34.2742777134144,0,201,0,201,201,0,0,166.725722286586,1,0,0
0.413,50,400,0,166.725722286586,34.2742777134144,0,201,0,201,201,0,0,166.725722286586,1,0,0
0.414,50,400,0,166.725722286586,34.2742777134144,0,201,0,201,201,0,0,166.725722286586,1,0,0
0.415,50,400,0,166.725722286586,34.2742777134144,0,201,0,201,201,0,0,166.725722286586,1,0,0
0.416,50,400,0,166.725722286586,34.2742777134144,0,201,0,201,201,0,0,166.725722286586,1,0,0
0.417,50,400,0,166.725722286586,34.2742777134144,0,201,0,201,201,0,0,166.725722286586,1,0,0
0.418,50,400,0,166.725722286586,34.2742777134144,0,201,0,201,201,0,0,166.725722286586,1,0,0
0.419,50,400,0,166.725722286586,34.2742777134144,0,201,0,201,201,0,0,166.725722286586,1,0,0
0.42,50,400,0,166.725722286586,34.2742777134144,0,201,0,201,201,0,0,166.725722286586,1,0,0
0.421,50,400,0,166.725722286586,34.2742777134144,0,201,0,201,201,0,0,166.725722286586,1,0,0
0.422,50,400,0,166.725722286586,34.2742777134144,0,201,0,201,201,0,0,166.725722286586,1,0,0
0.423,50,400,0,166.725722286586,34.2742777134144,0,201,0,201,201,0,0,166.725722286586,1,0,0
0.424,50,400,0,166.725722286586,34.2742777134144,0,201,0,201,201,0,0,166.725722286586,1,0,0
0.425,50,400,0,166.725722286586,34.2742777134144,0,201,0,201,201,0,0,166.725722286586,1,0,0
0.426,50,400,0,166.725722286586,34.2742777134144,0,201,0,201,201,0,0,166.725722286586,1,0,0
0.427,50,400,0,166.725722286586,34.2742777134144,0,201,0,201,201,0,0,166.725722286586,1,0,0
0.428,50,400,0,166.725722286586,34.2742777134144,0,201,0,201,201,0,0,166.725722286586,1,0,0
0.429,50,400,0,166.725722286586,34.2742777134144,0,201,0,201,201,0,0,166.725722286586,1,0,0
0.43,50,400,0,166.725722286586,34.2742777134144,0,201,0,201,201,0,0,166.725722286586,1,0,0
0.431,50,400,0,166.725722286586,34.2742777134144,0,201,0,201,201,0,0,166.725722286586,1,0,0
0.432,50,400,0,166.725722286586,34.2742777134144,0,201,0,201,201,0,0,166.725722286586,1,0,0
0.433,50,400,0,166.725722286586,34.2742777134144,0,201,0,201,201,0,0,166.725722286586,1,0,0
0.434,50,400,0,166.725722286586,34.2742777134144,0,201,0,201,201,0,0,166.725722286586,1,0,0
0.435,50,400,0,166.725722286586,34.2742777134144,0,201,0,201,201,0,0,166.725722286586,1,0,0
0.436,50,400,0,166.725722286586,34.2742777134144,0,201,0,201,201,0,0,166.725722286586,1,0,0
0.437,50,400,0,166.725722286586,34.2742777134144,0,201,0,201,201,0,0,166.725722286586,1,0,0
0.438,50,400,0,166.725722286586,34.2742777134144,0,201,0,201,201,0,0,166.725722286586,1,0,0
0.439,50,400,0,166.725722286586,34.2742777134144,0,201,0,201,201,0,0,166.725722286586,1,0,0
0.44,50,400,0,166.725722286586,34.2742777134144,0,201,0,201,201,0,0,166.725722286586,1,0,0
0.441,50,400,0,166.725722286586,34.2742777134144,0,201,0,201,201,0,0,166.725722286586,1,0,0
0.442,50,400,0,166.725722286586,34.2742777134144,0,201,0,201,201,0,0,166.725722286586,1,0,0
0.443,50,400,0,166.725722286586,34.2742777134144,0,201,0,201,201,0,0,166.725722286586,1,0,0
0.444,50,400,0,166.725722286586,34.2742777134144,0,201,0,201,201,0,0,166.725722286586,1,0,0
0.445,50,400,0,166.725722286586,34.2742777134144,0,201,0,201,201,0,0,166.725722286586,1,0,0
0.446,50,400,0,166.725722286586,34.2742777134144,0,201,0,201,201,0,0,166.725722286586,1,0,0
0.447,50,400,0,166.725722286586,34.2742777134144,0,201,0,201,201,0,0,166.725722286586,1,0,0
0.448,50,400,0,166.725722286586,34.2742777134144,0,201,0,201,201,0,0,166.725722286586,1,0,0
0.449,50,400,0,166.725722286586,34.2742777134144,0,201,0,201,201,0,0,166.725722286586,1,0,0
0.45,50,400,0,166.725722286586,34.2742777134144,0,201,0,201,201,0,0,166.725722286586,1,0,0
0.451,50,400,0,166.725722286586,34.2742777134144,0,201,0,201,201,0,0,166.725722286586,1,0,0
0.452,50,400,0,166.725722286586,34.2742777134144,0,201,0,201,201,0,0,166.725722286586,1,0,0
0.453,50,400,0,166.725722286586,34.2742777134144,0,201,0,201,201,0,0,166.725722286586,1,0,0
0.454,50,400,0,166.725722286586,34.2742777134144,0,201,0,201,201,0,0,166.725722286586,1,0,0
0.455,50,400,0,166.725722286586,34.2742777134144,0,201,0,201,201,0,0,166.725722286586,1,0,0
0.456,50,400,0,166.725722286586,34.2742777134144,0,201,0,201,201,0,0,166.725722286586,1,0,0
0.457,50,400,0,166.725722286586,34.2742777134144,0,201,0,201,201,0,0,166.725722286586,1,0,0
0.458,50,400,0,166.725722286586,34.2742777134144,0,201,0,201,201,0,0,166.725722286586,1,0,0
0.459,50,400,0,166.725722286586,34.2742777134144,0,201,0,201,201,0,0,166.725722286586,1,0,0
0.46,50,400,0,166.725722286586,34.2742777134144,0,201,0,201,201,0,0,166.725722286586,1,0,0
0.461,50,400,0,166.725722286586,34.2742777134144,0,201,0,201,201,0,0,166.725722286586,1,0,0
0.462,50,400,0,166.725722286586,34.2742777134144,0,201,0,201,201,0,0,166.725722286586,1,0,0
0.463,50,400,0,166.725722286586,34.2742777134144,0,201,0,201,201,0,0,166.725722286586,1,0,0
0.464,50,400,0,166.725722286586,34.2742777134144,0,201,0,201,201,0,0,166.725722286586,1,0,0
0.465,50,400,0,166.725722286586,34.2742777134144,0,201,0,201,201,0,0,166.725722286586,1,0,0
0.466,50,400,0,166.725722286586,34.2742777134144,0,201,0,201,201,0,0,166.725722286586,1,0,0
0.467,50,400,0,166.725722286586,34.2742777134144,0,201,0,201,201,0,0,166.725722286586,1,0,0
0.468,50,400,0,166.725722286586,34.2742777134144,0,201,0,201,201,0,0,166.725722286586,1,0,0
0.469,50,400,0,166.725722286586,34.2742777134144,0,201,0,201,201,0,0,166.725722286586,1,0,0
0.47,50,400,0,166.725722286586,34.2742777134144,0,201,0,201,201,0,0,166.725722286586,1,0,0
0.471,50,400,0,166.725722286586,34.2742777134144,0,201,0,201,201,0,0,166.725722286586,1,0,0
0.472,50,400,0,166.725722286586,34.2742777134144,0,201,0,201,201,0,0,166.725722286586,1,0,0
0.473,50,400,0,166.725722286586,34.2742777134144,0,201,0,201,201,0,0,166.725722286586,1,0,0
0.474,50,400,0,166.725722286586,34.2742777134144,0,201,0,201,201,0,0,166.725722286586,1,0,0
0.475,50,400,0,166.725722286586,34.2742777134144,0,201,0,201,201,0,0,166.725722286586,1,0,0
0.476,50,400,0,166.725722286586,34.2742777134144,0,201,0,201,201,0,0,166.725722286586,1,0,0
0.477,50,400,0,166.725722286586,34.2742777134144,0,201,0,201,201,0,0,166.725722286586,1,0,0
0.478,50,400,0,166.725722286586,34.2742777134144,0,201,0,201,201,0,0,166.725722286586,1,0,0
0.479,50,400,0,166.725722286586,34.2742777134144,0,201,0,201,201,0,0,166.725722286586,1,0,0
0.48,50,400,0,166.725722286586,34.2742777134144,0,201,0,201,201,0,0,166.725722286586,1,0,0
0.481,50,400,0,166.725722286586,34.2742777134144,0,201,0,201,201,0,0,166.725722286586,1,0,0
0.482,50,400,0,166.725722286586,34.2742777134144,0,201,0,201,201,0,0,166.725722286586,1,0,0
0.483,50,400,0,166.725722286586,34.2742777134144,0,201,0,201,201,0,0,166.725722286586,1,0,0
0.484,50,400,0,166.725722286586,34.2742777134144,0,201,0,201,201,0,0,166.725722286586,1,0,0
0.485,50,400,0,166.725722286586,34.2742777134144,0,201,0,201,201,0,0,166.725722286586,1,0,0
0.486,50,400,0,166.725722286586,34.2742777134144,0,201,0,201,201,0,0,166.725722286586,1,0,0
0.487,50,400,0,166.725722286586,34.2742777134144,0,201,0,201,201,0,0,166.725722286586,1,0,0
0.488,50,400,0,166.725722286586,34.2742777134144,0,201,0,201,201,0,0,166.725722286586,1,0,0
0.489,50,400,0,166.725722286586,34.2742777134144,0,201,0,201,201,0,0,166.725722286586,1,0,0
0.49,50,400,0,166.725722286586,34.2742777134144,0,201,0,201,201,0,0,166.725722286586,1,0,0
0.491,50,400,0,166.725722286586,34.2742777134144,0,201,0,201,201,0,0,166.725722286586,1,0,0
0.492,50,400,0,166.725722286586,34.2742777134144,0,201,0,201,201,0,0,166.725722286586,1,0,0
0.493,50,400,0,166.725722286586,34.2742777134144,0,201,0,201,201,0,0,166.725722286586,1,0,0
0.494,50,400,0,166.725722286586,34.2742777134144,0,201,0,201,201,0,0,166.725722286586,1,0,0
0.495,50,400,0,166.725722286586,34.2742777134144,0,201,0,201,201,0,0,166.725722286586,1,0,0
0.496,50,400,0,166.725722286586,34.2742777134144,0,201,0,201,201,0,0,166.725722286586,1,0,0
0.497,50,400,0,166.725722286586,34.2742777134144,0,201,0,201,201,0,0,166.725722286586,1,0,0
0.498,50,400,0,166.725722286586,34.2742777134144,0,201,0,201,201,0,0,166.725722286586,1,0,0
0.499,50,400,0,166.725722286586,34.2742777134144,0,201,0,201,201,0,0,166.725722286586,1,0,0
0.5,50,400,0,166.725722286586,34.2742777134144,0,201,0,201,201,0,0,166.725722286586,1,0,0
0.501,50,400,0,166.725722286586,34.2742777134144,0,201,0,201,201,0,0,166.725722286586,1,0,0
0.502,50,400,0,166.725722286586,34.2742777134144,0,201,0,201,201,0,0,166.725722286586,1,0,0
0.503,50,400,0,166.725722286586,34.2742777134144,0,201,0,201,201,0,0,166.725722286586,1,0,0
0.504,50,400,0,166.725722286586,34.2742777134144,0,201,0,201,201,0,0,166.725722286586,1,0,0
0.505,50,400,0,166.725722286586,34.2742777134144,0,201,0,201,201,0,0,166.725722286586,1,0,0
0.506,50,400,0,166.725722286586,34.2742777134144,0,201,0,201,201,0,0,166.725722286586,1,0,0
0.507,50,400,0,166.725722286586,34.2742777134144,0,201,0,201,201,0,0,166.725722286586,1,0,0
0.508,50,400,0,166.725722286586,34.2742777134144,0,201,0,201,201,0,0,166.725722286586,1,0,0
0.509,50,400,0,166.725722286586,34.2742777134144,0,201,0,201,201,0,0,166.725722286586,1,0,0
0.51,50,400,0,166.725722286586,34.2742777134144,0,201,0,201,201,0,0,166.725722286586,1,0,0
0.511,50,400,0,166.725722286586,34.2742777134144,0,201,0,201,201,0,0,166.725722286586,1,0,0
0.512,50,400,0,166.725722286586,34.2742777134144,0,201,0,201,201,0,0,166.725722286586,1,0,0
0.513,50,400,0,166.725722286586,34.2742777134144,0,201,0,201,201,0,0,166.725722286586,1,0,0
0.514,50,400,0,166.725722286586,34.2742777134144,0,201,0,201,201,0,0,166.725722286586,1,0,0
0.515,50,400,0,166.725722286586,34.2742777134144,0,201,0,201,201,0,0,166.725722286586,1,0,0
0.516,50,400,0,166.725722286586,34.2742777134144,0,201,0,201,201,0,0,166.725722286586,1,0,0
0.517,50,400,0,166.725722286586,34.2742777134144,0,201,0,201,201,0,0,166.725722286586,1,0,0
0.518,50,400,0,166.725722286586,34.2742777134144,0,201,0,201,201,0,0,166.725722286586,1,0,0
0.519,50,400,0,166.725722286586,34.2742777134144,0,201,0,201,201,0,0,166.725722286586,1,0,0
0.52,50,400,0,166.725722286586,34.2742777134144,0,201,0,201,201,0,0,166.725722286586,1,0,0
0.521,50,400,0,166.725722286586,34.2742777134144,0,201,0,201,201,0,0,166.725722286586,1,0,0
0.522,50,400,0,166.725722286586,34.2742777134144,0,201,0,201,201,0,0,166.725722286586,1,0,0
0.523,50,400,0,166.725722286586,34.2742777134144,0,201,0,201,201,0,0,166.725722286586,1,0,0
0.524,50,400,0,166.725722286586,34.2742777134144,0,201,0,201,201,0,0,166.725722286586,1,0,0
0.525,50,400,0,166.725722286586,34.2742777134144,0,201,0,201,201,0,0,166.725722286586,1,0,0
0.526,50,400,0,166.725722286586,34.2742777134144,0,201,0,201,201,0,0,166.725722286586,1,0,0
0.527,50,400,0,166.725722286586,34.2742777134144,0,201,0,201,201,0,0,166.725722286586,1,0,0
0.528,50,400,0,166.725722286586,34.2742777134144,0,201,0,201,201,0,0,166.725722286586,1,0,0
0.529,50,400,0,166.725722286586,34.2742777134144,0,201,0,201,201,0,0,166.725722286586,1,0,0
0.53,50,400,0,166.725722286586,34.2742777134144,0,201,0,201,201,0,0,166.725722286586,1,0,0
0.531,50,400,0,166.725722286586,34.2742777134144,0,201,0,201,201,0,0,166.725722286586,1,0,0
0.532,50,400,0,166.725722286586,34.2742777134144,0,201,0,201,201,0,0,166.725722286586,1,0,0
0.533,50,400,0,166.725722286586,34.2742777134144,0,201,0,201,201,0,0,166.725722286586,1,0,0
0.534,50,400,0,166.725722286586,34.2742777134144,0,201,0,201,201,0,0,166.725722286586,1,0,0
0.535,50,400,0,166.725722286586,34.2742777134144,0,201,0,201,201,0,0,166.725722286586,1,0,0
0.536,50,400,0,166.725722286586,34.2742777134144,0,201,0,201,201,0,0,166.725722286586,1,0,0
0.537,50,400,0,166.725722286586,34.2742777134144,0,201,0,201,201,0,0,166.725722286586,1,0,0
0.538,50,400,0,166.725722286586,34.2742777134144,0,201,0,201,201,0,0,166.725722286586,1,0,0
0.539,50,400,0,166.725722286586,34.2742777134144,0,201,0,201,201,0,0,166.725722286586,1,0,0
0.54,50,400,0,166.725722286586,34.2742777134144,0,201,0,201,201,0,0,166.725722286586,1,0,0
0.541,50,400,0,166.725722286586,34.2742777134144,0,201,0,201,201,0,0,166.725722286586,1,0,0
0.542,50,400,0,166.725722286586,34.2742777134144,0,201,0,201,201,0,0,166.725722286586,1,0,0
0.543,50,400,0,166.725722286586,34.2742777134144,0,201,0,201,201,0,0,166.725722286586,1,0,0
0.544,50,400,0,166.725722286586,34.2742777134144,0,201,0,201,201,0,0,166.725722286586,1,0,0
0.545,50,400,0,166.725722286586,34.2742777134144,0,201,0,201,201,0,0,166.725722286586,1,0,0
0.546,50,400,0,166.725722286586,34.2742777134144,0,201,0,201,201,0,0,166.725722286586,1,0,0
0.547,50,400,0,166.725722286586,34.2742777134144,0,201,0,201,201,0,0,166.725722286586,1,0,0
0.548,50,400,0,166.725722286586,34.2742777134144,0,201,0,201,201,0,0,166.725722286586,1,0,0
0.549,50,400,0,166.725722286586,34.2742777134144,0,201,0,201,201,0,0,166.725722286586,1,0,0
0.55,50,400,0,166.725722286586,34.2742777134144,0,201,0,201,201,0,0,166.725722286586,1,0,0
0.551,50,400,0,166.725722286586,34.2742777134144,0,201,0,201,201,0,0,166.725722286586,1,0,0
0.552,50,400,0,166.725722286586,34.2742777134144,0,201,0,201,201,0,0,166.725722286586,1,0,0
0.553,50,400,0,166.725722286586,34.2742777134144,0,201,0,201,201,0,0,166.725722286586,1,0,0
0.554,50,400,0,166.725722286586,34.2742777134144,0,201,0,201,201,0,0,166.725722286586,1,0,0
0.555,50,400,0,166.725722286586,34.2742777134144,0,201,0,201,201,0,0,166.725722286586,1,0,0
0.556,50,400,0,166.725722286586,34.2742777134144,0,201,0,201,201,0,0,166.725722286586,1,0,0
0.557,50,400,0,166.725722286586,34.2742777134144,0,201,0,201,201,0,0,166.725722286586,1,0,0
0.558,50,400,0,166.725722286586,34.2742777134144,0,201,0,201,201,0,0,166.725722286586,1,0,0
0.559,50,400,0,166.725722286586,34.2742777134144,0,201,0,201,201,0,0,166.725722286586,1,0,0
0.56,50,400,0,166.725722286586,34.2742777134144,0,201,0,201,201,0,0,166.725722286586,1,0,0
0.561,50,400,0,166.725722286586,34.2742777134144,0,201,0,201,201,0,0,166.725722286586,1,0,0
0.562,50,400,0,166.725722286586,34.2742777134144,0,201,0,201,201,0,0,166.725722286586,1,0,0
0.563,50,400,0,166.725722286586,34.2742777134144,0,201,0,201,201,0,0,166.725722286586,1,0,0
0.564,50,400,0,166.725722286586,34.2742777134144,0,201,0,201,201,0,0,166.725722286586,1,0,0
0.565,50,400,0,166.725722286586,34.2742777134144,0,201,0,201,201,0,0,166.725722286586,1,0,0
0.566,50,400,0,166.725722286586,34.2742777134144,0,201,0,201,201,0,0,166.725722286586,1,0,0
0.567,50,400,0,166.725722286586,34.2742777134144,0,201,0,201,201,0,0,166.725722286586,1,0,0
0.568,50,400,0,166.725722286586,34.2742777134144,0,201,0,201,201,0,0,166.725722286586,1,0,0
0.569,50,400,0,166.725722286586,34.2742777134144,0,201,0,201,201,0,0,166.725722286586,1,0,0
0.57,50,400,0,166.725722286586,34.2742777134144,0,201,0,201,201,0,0,166.725722286586,1,0,0
0.571,50,400,0,166.725722286586,34.2742777134144,0,201,0,201,201,0,0,166.725722286586,1,0,0
0.572,50,400,0,166.725722286586,34.2742777134144,0,201,0,201,201,0,0,166.725722286586,1,0,0
0.573,50,400,0,166.725722286586,34.2742777134144,0,201,0,201,201,0,0,166.725722286586,1,0,0
0.574,50,400,0,166.725722286586,34.2742777134144,0,201,0,201,201,0,0,166.725722286586,1,0,0
0.575,50,400,0,166.725722286586,34.2742777134144,0,201,0,201,201,0,0,166.725722286586,1,0,0
0.576,50,400,0,166.725722286586,34.2742777134144,0,201,0,201,201,0,0,166.725722286586,1,0,0
0.577,50,400,0,166.725722286586,34.2742777134144,0,201,0,201,201,0,0,166.725722286586,1,0,0
0.578,50,400,0,166.725722286586,34.2742777134144,0,201,0,201,201,0,0,166.725722286586,1,0,0
0.579,50,400,0,166.725722286586,34.2742777134144,0,201,0,201,201,0,0,166.725722286586,1,0,0
0.58,50,400,0,166.725722286586,34.2742777134144,0,201,0,201,201,0,0,166.725722286586,1,0,0
0.581,50,400,0,166.725722286586,34.2742777134144,0,201,0,201,201,0,0,166.725722286586,1,0,0
0.582,50,400,0,166.725722286586,34.2742777134144,0,201,0,201,201,0,0,166.725722286586,1,0,0
0.583,50,400,0,166.725722286586,34.2742777134144,0,201,0,201,201,0,0,166.725722286586,1,0,0
0.584,50,400,0,166.725722286586,34.2742777134144,0,201,0,201,201,0,0,166.725722286586,1,0,0
0.585,50,400,0,166.725722286586,34.2742777134144,0,201,0,201,201,0,0,166.725722286586,1,0,0
0.586,50,400,0,166.725722286586,34.2742777134144,0,201,0,201,201,0,0,166.725722286586,1,0,0
0.587,50,400,0,166.725722286586,34.2742777134144,0,201,0,201,201,0,0,166.725722286586,1,0,0
0.588,50,400,0,166.725722286586,34.2742777134144,0,201,0,201,201,0,0,166.725722286586,1,0,0
0.589,50,400,0,166.725722286586,34.2742777134144,0,201,0,201,201,0,0,166.725722286586,1,0,0
0.59,50,400,0,166.725722286586,34.2742777134144,0,201,0,201,201,0,0,166.725722286586,1,0,0
0.591,50,400,0,166.725722286586,34.2742777134144,0,201,0,201,201,0,0,166.725722286586,1,0,0
0.592,50,400,0,166.725722286586,34.2742777134144,0,201,0,201,201,0,0,166.725722286586,1,0,0
0.593,50,400,0,166.725722286586,34.2742777134144,0,201,0,201,201,0,0,166.725722286586,1,0,0
0.594,50,400,0,166.725722286586,34.2742777134144,0,201,0,201,201,0,0,166.725722286586,1,0,0
0.595,50,400,0,166.725722286586,34.2742777134144,0,201,0,201,201,0,0,166.725722286586,1,0,0
0.596,50,400,0,166.725722286586,34.2742777134144,0,201,0,201,201,0,0,166.725722286586,1,0,0
0.597,50,400,0,166.725722286586,34.2742777134144,0,201,0,201,201,0,0,166.725722286586,1,0,0
0.598,50,400,0,166.725722286586,34.2742777134144,0,201,0,201,201,0,0,166.725722286586,1,0,0
0.599,50,400,0,166.725722286586,34.2742777134144,0,201,0,201,201,0,0,166.725722286586,1,0,0
0.6,50,400,0,166.725722286586,34.2742777134144,0,201,0,201,201,0,0,166.725722286586,1,0,0
0.601,50,400,0,166.725722286586,34.2742777134144,0,201,0,201,201,0,0,166.725722286586,1,0,0
0.602,50,400,0,166.725722286586,34.2742777134144,0,201,0,201,201,0,0,166.725722286586,1,0,0
0.603,50,400,0,166.725722286586,34.2742777134144,0,201,0,201,201,0,0,166.725722286586,1,0,0
0.604,50,400,0,166.725722286586,34.2742777134144,0,201,0,201,201,0,0,166.725722286586,1,0,0
0.605,50,400,0,166.725722286586,34.2742777134144,0,201,0,201,201,0,0,166.725722286586,1,0,0
0.606,50,400,0,166.725722286586,34.2742777134144,0,201,0,201,201,0,0,166.725722286586,1,0,0
0.607,50,400,0,166.725722286586,34.2742777134144,0,201,0,201,201,0,0,166.725722286586,1,0,0
0.608,50,400,0,166.725722286586,34.2742777134144,0,201,0,201,201,0,0,166.725722286586,1,0,0
0.609,50,400,0,166.725722286586,34.2742777134144,0,201,0,201,201,0,0,166.725722286586,1,0,0
0.61,50,400,0,166.725722286586,34.2742777134144,0,201,0,201,201,0,0,166.725722286586,1,0,0
0.611,50,400,0,166.725722286586,34.2742777134144,0,201,0,201,201,0,0,166.725722286586,1,0,0
0.612,50,400,0,166.725722286586,34.2742777134144,0,201,0,201,201,0,0,166.725722286586,1,0,0
0.613,50,400,0,166.725722286586,34.2742777134144,0,201,0,201,201,0,0,166.725722286586,1,0,0
0.614,50,400,0,166.725722286586,34.2742777134144,0,201,0,201,201,0,0,166.725722286586,1,0,0
0.615,50,400,0,166.725722286586,34.2742777134144,0,201,0,201,201,0,0,166.725722286586,1,0,0
0.616,50,400,0,166.725722286586,34.2742777134144,0,201,0,201,201,0,0,166.725722286586,1,0,0
0.617,50,400,0,166.725722286586,34.2742777134144,0,201,0,201,201,0,0,166.725722286586,1,0,0
0.618,50,400,0,166.725722286586,34.2742777134144,0,201,0,201,201,0,0,166.725722286586,1,0,0
0.619,50,400,0,166.725722286586,34.2742777134144,0,201,0,201,201,0,0,166.725722286586,1,0,0
0.62,50,400,0,166.725722286586,34.2742777134144,0,201,0,201,201,0,0,166.725722286586,1,0,0
0.621,50,400,0,166.725722286586,34.2742777134144,0,201,0,201,201,0,0,166.725722286586,1,0,0
0.622,50,400,0,166.725722286586,34.2742777134144,0,201,0,201,201,0,0,166.725722286586,1,0,0
0.623,50,400,0,166.725722286586,34.2742777134144,0,201,0,201,201,0,0,166.725722286586,1,0,0
0.624,50,400,0,166.725722286586,34.2742777134144,0,201,0,201,201,0,0,166.725722286586,1,0,0
0.625,50,400,0,166.725722286586,34.2742777134144,0,201,0,201,201,0,0,166.725722286586,1,0,0
0.626,50,400,0,166.725722286586,34.2742777134144,0,201,0,201,201,0,0,166.725722286586,1,0,0
0.627,50,400,0,166.725722286586,34.2742777134144,0,201,0,201,201,0,0,166.725722286586,1,0,0
0.628,50,400,0,166.725722286586,34.2742777134144,0,201,0,201,201,0,0,166.725722286586,1,0,0
0.629,50,400,0,166.725722286586,34.2742777134144,0,201,0,201,201,0,0,166.725722286586,1,0,0
0.63,50,400,0,166.725722286586,34.2742777134144,0,201,0,201,201,0,0,166.725722286586,1,0,0
0.631,50,400,0,166.725722286586,34.2742777134144,0,201,0,201,201,0,0,166.725722286586,1,0,0
0.632,50,400,0,166.725722286586,34.2742777134144,0,201,0,201,201,0,0,166.725722286586,1,0,0
0.633,50,400,0,166.725722286586,34.2742777134144,0,201,0,201,201,0,0,166.725722286586,1,0,0
0.634,50,400,0,166.725722286586,34.2742777134144,0,201,0,201,201,0,0,166.725722286586,1,0,0
0.635,50,400,0,166.725722286586,34.2742777134144,0,201,0,201,201,0,0,166.725722286586,1,0,0
0.636,50,400,0,166.725722286586,34.2742777134144,0,201,0,201,201,0,0,166.725722286586,1,0,0
0.637,50,400,0,166.725722286586,34.2742777134144,0,201,0,201,201,0,0,166.725722286586,1,0,0
0.638,50,400,0,166.725722286586,34.2742777134144,0,201,0,201,201,0,0,166.725722286586,1,0,0
0.639,50,400,0,166.725722286586,34.2742777134144,0,201,0,201,201,0,0,166.725722286586,1,0,0
0.64,50,400,0,166.725722286586,34.2742777134144,0,201,0,201,201,0,0,166.725722286586,1,0,0
0.641,50,400,0,166.725722286586,34.2742777134144,0,201,0,201,201,0,0,166.725722286586,1,0,0
0.642,50,400,0,166.725722286586,34.2742777134144,0,201,0,201,201,0,0,166.725722286586,1,0,0
0.643,50,400,0,166.725722286586,34.2742777134144,0,201,0,201,201,0,0,166.725722286586,1,0,0
0.644,50,400,0,166.725722286586,34.2742777134144,0,201,0,201,201,0,0,166.725722286586,1,0,0
0.645,50,400,0,166.725722286586,34.2742777134144,0,201,0,201,201,0,0,166.725722286586,1,0,0
0.646,50,400,0,166.725722286586,34.2742777134144,0,201,0,201,201,0,0,166.725722286586,1,0,0
0.647,50,400,0,166.725722286586,34.2742777134144,0,201,0,201,201,0,0,166.725722286586,1,0,0
0.648,50,400,0,166.725722286586,34.2742777134144,0,201,0,201,201,0,0,166.725722286586,1,0,0
0.649,50,400,0,166.725722286586,34.2742777134144,0,201,0,201,201,0,0,166.725722286586,1,0,0
0.65,50,400,0,166.725722286586,34.2742777134144,0,201,0,201,201,0,0,166.725722286586,1,0,0
0.651,50,400,0,166.725722286586,34.2742777134144,0,201,0,201,201,0,0,166.725722286586,1,0,0
0.652,50,400,0,166.725722286586,34.2742777134144,0,201,0,201,201,0,0,166.725722286586,1,0,0
0.653,50,400,0,166.725722286586,34.2742777134144,0,201,0,201,201,0,0,166.725722286586,1,0,0
0.654,50,400,0,166.725722286586,34.2742777134144,0,201,0,201,201,0,0,166.725722286586,1,0,0
0.655,50,400,0,166.725722286586,34.2742777134144,0,201,0,201,201,0,0,166.725722286586,1,0,0
0.656,50,400,0,166.725722286586,34.2742777134144,0,201,0,201,201,0,0,166.725722286586,1,0,0
0.657,50,400,0,166.725722286586,34.2742777134144,0,201,0,201,201,0,0,166.725722286586,1,0,0
0.658,50,400,0,166.725722286586,34.2742777134144,0,201,0,201,201,0,0,166.725722286586,1,0,0
0.659,50,400,0,166.725722286586,34.2742777134144,0,201,0,201,201,0,0,166.725722286586,1,0,0
0.66,50,400,0,166.725722286586,34.2742777134144,0,201,0,201,201,0,0,166.725722286586,1,0,0
0.661,50,400,0,166.725722286586,34.2742777134144,0,201,0,201,201,0,0,166.725722286586,1,0,0
0.662,50,400,0,166.725722286586,34.2742777134144,0,201,0,201,201,0,0,166.725722286586,1,0,0
0.663,50,400,0,166.725722286586,34.2742777134144,0,201,0,201,201,0,0,166.725722286586,1,0,0
0.664,50,400,0,166.725722286586,34.2742777134144,0,201,0,201,201,0,0,166.725722286586,1,0,0
0.665,50,400,0,166.725722286586,34.2742777134144,0,201,0,201,201,0,0,166.725722286586,1,0,0
0.666,50,400,0,166.725722286586,34.2742777134144,0,201,0,201,201,0,0,166.725722286586,1,0,0
0.667,50,400,0,166.725722286586,34.2742777134144,0,201,0,201,201,0,0,166.725722286586,1,0,0
0.668,50,400,0,166.725722286586,34.2742777134144,0,201,0,201,201,0,0,166.725722286586,1,0,0
0.669,50,400,0,166.725722286586,34.2742777134144,0,201,0,201,201,0,0,166.725722286586,1,0,0
0.67,50,400,0,166.725722286586,34.2742777134144,0,201,0,201,201,0,0,166.725722286586,1,0,0
0.671,50,400,0,166.725722286586,34.2742777134144,0,201,0,201,201,0,0,166.725722286586,1,0,0
0.672,50,400,0,166.725722286586,34.2742777134144,0,201,0,201,201,0,0,166.725722286586,1,0,0
0.673,50,400,0,166.725722286586,34.2742777134144,0,201,0,201,201,0,0,166.725722286586,1,0,0
0.674,50,400,0,166.725722286586,34.2742777134144,0,201,0,201,201,0,0,166.725722286586,1,0,0
0.675,50,400,0,166.725722286586,34.2742777134144,0,201,0,201,201,0,0,166.725722286586,1,0,0
0.676,50,400,0,166.725722286586,34.2742777134144,0,201,0,201,201,0,0,166.725722286586,1,0,0
0.677,50,400,0,166.725722286586,34.2742777134144,0,201,0,201,201,0,0,166.725722286586,1,0,0
0.678,50,400,0,166.725722286586,34.2742777134144,0,201,0,201,201,0,0,166.725722286586,1,0,0
0.679,50,400,0,166.725722286586,34.2742777134144,0,201,0,201,201,0,0,166.725722286586,1,0,0
0.68,50,400,0,166.725722286586,34.2742777134144,0,201,0,201,201,0,0,166.725722286586,1,0,0
0.681,50,400,0,166.725722286586,34.2742777134144,0,201,0,201,201,0,0,166.725722286586,1,0,0
0.682,50,400,0,166.725722286586,34.2742777134144,0,201,0,201,201,0,0,166.725722286586,1,0,0
0.683,50,400,0,166.725722286586,34.2742777134144,0,201,0,201,201,0,0,166.725722286586,1,0,0
0.684,50,400,0,166.725722286586,34.2742777134144,0,201,0,201,201,0,0,166.725722286586,1,0,0
0.685,50,400,0,166.725722286586,34.2742777134144,0,201,0,201,201,0,0,166.725722286586,1,0,0
0.686,50,400,0,166.725722286586,34.2742777134144,0,201,0,201,201,0,0,166.725722286586,1,0,0
0.687,50,400,0,166.725722286586,34.2742777134144,0,201,0,201,201,0,0,166.725722286586,1,0,0
0.688,50,400,0,166.725722286586,34.2742777134144,0,201,0,201,201,0,0,166.725722286586,1,0,0
0.689,50,400,0,166.725722286586,34.2742777134144,0,201,0,201,201,0,0,166.725722286586,1,0,0
0.69,50,400,0,166.725722286586,34.2742777134144,0,201,0,201,201,0,0,166.725722286586,1,0,0
0.691,50,400,0,166.725722286586,34.2742777134144,0,201,0,201,201,0,0,166.725722286586,1,0,0
0.692,50,400,0,166.725722286586,34.2742777134144,0,201,0,201,201,0,0,166.725722286586,1,0,0
0.693,50,400,0,166.725722286586,34.2742777134144,0,201,0,201,201,0,0,166.725722286586,1,0,0
0.694,50,400,0,166.725722286586,34.2742777134144,0,201,0,201,201,0,0,166.725722286586,1,0,0
0.695,50,400,0,166.725722286586,34.2742777134144,0,201,0,201,201,0,0,166.725722286586,1,0,0
0.696,50,400,0,166.725722286586,34.2742777134144,0,201,0,201,201,0,0,166.725722286586,1,0,0
0.697,50,400,0,166.725722286586,34.2742777134144,0,201,0,201,201,0,0,166.725722286586,1,0,0
0.698,50,400,0,166.725722286586,34.2742777134144,0,201,0,201,201,0,0,166.725722286586,1,0,0
0.699,50,400,0,166.725722286586,34.2742777134144,0,201,0,201,201,0,0,166.725722286586,1,0,0
0.7,50,400,0,166.725722286586,34.2742777134144,0,201,0,201,201,0,0,166.725722286586,1,0,0
0.701,50,400,0,166.725722286586,34.2742777134144,0,201,0,201,201,0,0,166.725722286586,1,0,0
0.702,50,400,0,166.725722286586,34.2742777134144,0,201,0,201,201,0,0,166.725722286586,1,0,0
0.703,50,400,0,166.725722286586,34.2742777134144,0,201,0,201,201,0,0,166.725722286586,1,0,0
0.704,50,400,0,166.725722286586,34.2742777134144,0,201,0,201,201,0,0,166.725722286586,1,0,0
0.705,50,400,0,166.725722286586,34.2742777134144,0,201,0,201,201,0,0,166.725722286586,1,0,0
0.706,50,400,0,166.725722286586,34.2742777134144,0,201,0,201,201,0,0,166.725722286586,1,0,0
0.707,50,400,0,166.725722286586,34.2742777134144,0,201,0,201,201,0,0,166.725722286586,1,0,0
0.708,50,400,0,166.725722286586,34.2742777134144,0,201,0,201,201,0,0,166.725722286586,1,0,0
0.709,50,400,0,166.725722286586,34.2742777134144,0,201,0,201,201,0,0,166.725722286586,1,0,0
0.71,50,400,0,166.725722286586,34.2742777134144,0,201,0,201,201,0,0,166.725722286586,1,0,0
0.711,50,400,0,166.725722286586,34.2742777134144,0,201,0,201,201,0,0,166.725722286586,1,0,0
0.712,50,400,0,166.725722286586,34.2742777134144,0,201,0,201,201,0,0,166.725722286586,1,0,0
0.713,50,400,0,166.725722286586,34.2742777134144,0,201,0,201,201,0,0,166.725722286586,1,0,0
0.714,50,400,0,166.725722286586,34.2742777134144,0,201,0,201,201,0,0,166.725722286586,1,0,0
0.715,50,400,0,166.725722286586,34.2742777134144,0,201,0,201,201,0,0,166.725722286586,1,0,0
0.716,50,400,0,166.725722286586,34.2742777134144,0,201,0,201,201,0,0,166.725722286586,1,0,0
0.717,50,400,0,166.725722286586,34.2742777134144,0,201,0,201,201,0,0,166.725722286586,1,0,0
0.718,50,400,0,166.725722286586,34.2742777134144,0,201,0,201,201,0,0,166.725722286586,1,0,0
0.719,50,400,0,166.725722286586,34.2742777134144,0,201,0,201,201,0,0,166.725722286586,1,0,0
0.72,50,400,0,166.725722286586,34.2742777134144,0,201,0,201,201,0,0,166.725722286586,1,0,0
0.721,50,400,0,166.725722286586,34.2742777134144,0,201,0,201,201,0,0,166.725722286586,1,0,0
0.722,50,400,0,166.725722286586,34.2742777134144,0,201,0,201,201,0,0,166.725722286586,1,0,0
0.723,50,400,0,166.725722286586,34.2742777134144,0,201,0,201,201,0,0,166.725722286586,1,0,0
0.724,50,400,0,166.725722286586,34.2742777134144,0,201,0,201,201,0,0,166.725722286586,1,0,0
0.725,50,400,0,166.725722286586,34.2742777134144,0,201,0,201,201,0,0,166.725722286586,1,0,0
0.726,50,400,0,166.725722286586,34.2742777134144,0,201,0,201,201,0,0,166.725722286586,1,0,0
0.727,50,400,0,166.725722286586,34.2742777134144,0,201,0,201,201,0,0,166.725722286586,1,0,0
0.728,50,400,0,166.725722286586,34.2742777134144,0,201,0,201,201,0,0,166.725722286586,1,0,0
0.729,50,400,0,166.725722286586,34.2742777134144,0,201,0,201,201,0,0,166.725722286586,1,0,0
0.73,50,400,0,166.725722286586,34.2742777134144,0,201,0,201,201,0,0,166.725722286586,1,0,0
0.731,50,400,0,166.725722286586,34.2742777134144,0,201,0,201,201,0,0,166.725722286586,1,0,0
0.732,50,400,0,166.725722286586,34.2742777134144,0,201,0,201,201,0,0,166.725722286586,1,0,0
0.733,50,400,0,166.725722286586,34.2742777134144,0,201,0,201,201,0,0,166.725722286586,1,0,0
0.734,50,400,0,166.725722286586,34.2742777134144,0,201,0,201,201,0,0,166.725722286586,1,0,0
0.735,50,400,0,166.725722286586,34.2742777134144,0,201,0,201,201,0,0,166.725722286586,1,0,0
0.736,50,400,0,166.725722286586,34.2742777134144,0,201,0,201,201,0,0,166.725722286586,1,0,0
0.737,50,400,0,166.725722286586,34.2742777134144,0,201,0,201,201,0,0,166.725722286586,1,0,0
0.738,50,400,0,166.725722286586,34.2742777134144,0,201,0,201,201,0,0,166.725722286586,1,0,0
0.739,50,400,0,166.725722286586,34.2742777134144,0,201,0,201,201,0,0,166.725722286586,1,0,0
0.74,50,400,0,166.725722286586,34.2742777134144,0,201,0,201,201,0,0,166.725722286586,1,0,0
0.741,50,400,0,166.725722286586,34.2742777134144,0,201,0,201,201,0,0,166.725722286586,1,0,0
0.742,50,400,0,166.725722286586,34.2742777134144,0,201,0,201,201,0,0,166.725722286586,1,0,0
0.743,50,400,0,166.725722286586,34.2742777134144,0,201,0,201,201,0,0,166.725722286586,1,0,0
0.744,50,400,0,166.725722286586,34.2742777134144,0,201,0,201,201,0,0,166.725722286586,1,0,0
0.745,50,400,0,166.725722286586,34.2742777134144,0,201,0,201,201,0,0,166.725722286586,1,0,0
0.746,50,400,0,166.725722286586,34.2742777134144,0,201,0,201,201,0,0,166.725722286586,1,0,0
0.747,50,400,0,166.725722286586,34.2742777134144,0,201,0,201,201,0,0,166.725722286586,1,0,0
0.748,50,400,0,166.725722286586,34.2742777134144,0,201,0,201,201,0,0,166.725722286586,1,0,0
0.749,50,400,0,166.725722286586,34.2742777134144,0,201,0,201,201,0,0,166.725722286586,1,0,0
0.75,50,400,0,166.725722286586,34.2742777134144,0,201,0,201,201,0,0,166.725722286586,1,0,0
0.751,50,400,0,166.725722286586,34.2742777134144,0,201,0,201,201,0,0,166.725722286586,1,0,0
0.752,50,400,0,166.725722286586,34.2742777134144,0,201,0,201,201,0,0,166.725722286586,1,0,0
0.753,50,400,0,166.725722286586,34.2742777134144,0,201,0,201,201,0,0,166.725722286586,1,0,0
0.754,50,400,0,166.725722286586,34.2742777134144,0,201,0,201,201,0,0,166.725722286586,1,0,0
0.755,50,400,0,166.725722286586,34.2742777134144,0,201,0,201,201,0,0,166.725722286586,1,0,0
0.756,50,400,0,166.725722286586,34.2742777134144,0,201,0,201,201,0,0,166.725722286586,1,0,0
0.757,50,400,0,166.725722286586,34.2742777134144,0,201,0,201,201,0,0,166.725722286586,1,0,0
0.758,50,400,0,166.725722286586,34.2742777134144,0,201,0,201,201,0,0,166.725722286586,1,0,0
0.759,50,400,0,166.725722286586,34.2742777134144,0,201,0,201,201,0,0,166.725722286586,1,0,0
0.76,50,400,0,166.725722286586,34.2742777134144,0,201,0,201,201,0,0,166.725722286586,1,0,0
0.761,50,400,0,166.725722286586,34.2742777134144,0,201,0,201,201,0,0,166.725722286586,1,0,0
0.762,50,400,0,166.725722286586,34.2742777134144,0,201,0,201,201,0,0,166.725722286586,1,0,0
0.763,50,400,0,166.725722286586,34.2742777134144,0,201,0,201,201,0,0,166.725722286586,1,0,0
0.764,50,400,0,166.725722286586,34.2742777134144,0,201,0,201,201,0,0,166.725722286586,1,0,0
0.765,50,400,0,166.725722286586,34.2742777134144,0,201,0,201,201,0,0,166.725722286586,1,0,0
0.766,50,400,0,166.725722286586,34.2742777134144,0,201,0,201,201,0,0,166.725722286586,1,0,0
0.767,50,400,0,166.725722286586,34.2742777134144,0,201,0,201,201,0,0,166.725722286586,1,0,0
0.768,50,400,0,166.725722286586,34.2742777134144,0,201,0,201,201,0,0,166.725722286586,1,0,0
0.769,50,400,0,166.725722286586,34.2742777134144,0,201,0,201,201,0,0,166.725722286586,1,0,0
0.77,50,400,0,166.725722286586,34.2742777134144,0,201,0,201,201,0,0,166.725722286586,1,0,0
0.771,50,400,0,166.725722286586,34.2742777134144,0,201,0,201,201,0,0,166.725722286586,1,0,0
0.772,50,400,0,166.725722286586,34.2742777134144,0,201,0,201,201,0,0,166.725722286586,1,0,0
0.773,50,400,0,166.725722286586,34.2742777134144,0,201,0,201,201,0,0,166.725722286586,1,0,0
0.774,50,400,0,166.725722286586,34.2742777134144,0,201,0,201,201,0,0,166.725722286586,1,0,0
0.775,50,400,0,166.725722286586,34.2742777134144,0,201,0,201,201,0,0,166.725722286586,1,0,0
0.776,50,400,0,166.725722286586,34.2742777134144,0,201,0,201,201,0,0,166.725722286586,1,0,0
0.777,50,400,0,166.725722286586,34.2742777134144,0,201,0,201,201,0,0,166.725722286586,1,0,0
0.778,50,400,0,166.725722286586,34.2742777134144,0,201,0,201,201,0,0,166.725722286586,1,0,0
0.779,50,400,0,166.725722286586,34.2742777134144,0,201,0,201,201,0,0,166.725722286586,1,0,0
0.78,50,400,0,166.725722286586,34.2742777134144,0,201,0,201,201,0,0,166.725722286586,1,0,0
0.781,50,400,0,166.725722286586,34.2742777134144,0,201,0,201,201,0,0,166.725722286586,1,0,0
0.782,50,400,0,166.725722286586,34.2742777134144,0,201,0,201,201,0,0,166.725722286586,1,0,0
0.783,50,400,0,166.725722286586,34.2742777134144,0,201,0,201,201,0,0,166.725722286586,1,0,0
0.784,50,400,0,166.725722286586,34.2742777134144,0,201,0,201,201,0,0,166.725722286586,1,0,0
0.785,50,400,0,166.725722286586,34.2742777134144,0,201,0,201,201,0,0,166.725722286586,1,0,0
0.786,50,400,0,166.725722286586,34.2742777134144,0,201,0,201,201,0,0,166.725722286586,1,0,0
0.787,50,400,0,166.725722286586,34.2742777134144,0,201,0,201,201,0,0,166.725722286586,1,0,0
0.788,50,400,0,166.725722286586,34.2742777134144,0,201,0,201,201,0,0,166.725722286586,1,0,0
0.789,50,400,0,166.725722286586,34.2742777134144,0,201,0,201,201,0,0,166.725722286586,1,0,0
0.79,50,400,0,166.725722286586,34.2742777134144,0,201,0,201,201,0,0,166.725722286586,1,0,0
0.791,50,400,0,166.725722286586,34.2742777134144,0,201,0,201,201,0,0,166.725722286586,1,0,0
0.792,50,400,0,166.725722286586,34.2742777134144,0,201,0,201,201,0,0,166.725722286586,1,0,0
0.793,50,400,0,166.725722286586,34.2742777134144,0,201,0,201,201,0,0,166.725722286586,1,0,0
0.794,50,400,0,166.725722286586,34.2742777134144,0,201,0,201,201,0,0,166.725722286586,1,0,0
0.795,50,400,0,166.725722286586,34.2742777134144,0,201,0,201,201,0,0,166.725722286586,1,0,0
0.796,50,400,0,166.725722286586,34.2742777134144,0,201,0,201,201,0,0,166.725722286586,1,0,0
0.797,50,400,0,166.725722286586,34.2742777134144,0,201,0,201,201,0,0,166.725722286586,1,0,0
0.798,50,400,0,166.725722286586,34.2742777134144,0,201,0,201,201,0,0,166.725722286586,1,0,0
0.799,50,400,0,166.725722286586,34.2742777134144,0,201,0,201,201,0,0,166.725722286586,1,0,0
0.8,50,400,0,166.725722286586,34.2742777134144,0,201,0,201,201,0,0,166.725722286586,1,0,0
0.801,50,400,0,166.725722286586,34.2742777134144,0,201,0,201,201,0,0,166.725722286586,1,0,0
0.802,50,400,0,166.725722286586,34.2742777134144,0,201,0,201,201,0,0,166.725722286586,1,0,0
0.803,50,400,0,166.725722286586,34.2742777134144,0,201,0,201,201,0,0,166.725722286586,1,0,0
0.804,50,400,0,166.725722286586,34.2742777134144,0,201,0,201,201,0,0,166.725722286586,1,0,0
0.805,50,400,0,166.725722286586,34.2742777134144,0,201,0,201,201,0,0,166.725722286586,1,0,0
0.806,50,400,0,166.725722286586,34.2742777134144,0,201,0,201,201,0,0,166.725722286586,1,0,0
0.807,50,400,0,166.725722286586,34.2742777134144,0,201,0,201,201,0,0,166.725722286586,1,0,0
0.808,50,400,0,166.725722286586,34.2742777134144,0,201,0,201,201,0,0,166.725722286586,1,0,0
0.809,50,400,0,166.725722286586,34.2742777134144,0,201,0,201,201,0,0,166.725722286586,1,0,0
0.81,50,400,0,166.725722286586,34.2742777134144,0,201,0,201,201,0,0,166.725722286586,1,0,0
0.811,50,400,0,166.725722286586,34.2742777134144,0,201,0,201,201,0,0,166.725722286586,1,0,0
0.812,50,400,0,166.725722286586,34.2742777134144,0,201,0,201,201,0,0,166.725722286586,1,0,0
0.813,50,400,0,166.725722286586,34.2742777134144,0,201,0,201,201,0,0,166.725722286586,1,0,0
0.814,50,400,0,166.725722286586,34.2742777134144,0,201,0,201,201,0,0,166.725722286586,1,0,0
0.815,50,400,0,166.725722286586,34.2742777134144,0,201,0,201,201,0,0,166.725722286586,1,0,0
0.816,50,400,0,166.725722286586,34.2742777134144,0,201,0,201,201,0,0,166.725722286586,1,0,0
0.817,50,400,0,166.725722286586,34.2742777134144,0,201,0,201,201,0,0,166.725722286586,1,0,0
0.818,50,400,0,166.725722286586,34.2742777134144,0,201,0,201,201,0,0,166.725722286586,1,0,0
0.819,50,400,0,166.725722286586,34.2742777134144,0,201,0,201,201,0,0,166.725722286586,1,0,0
0.82,50,400,0,166.725722286586,34.2742777134144,0,201,0,201,201,0,0,166.725722286586,1,0,0
0.821,50,400,0,166.725722286586,34.2742777134144,0,201,0,201,201,0,0,166.725722286586,1,0,0
0.822,50,400,0,166.725722286586,34.2742777134144,0,201,0,201,201,0,0,166.725722286586,1,0,0
0.823,50,400,0,166.725722286586,34.2742777134144,0,201,0,201,201,0,0,166.725722286586,1,0,0
0.824,50,400,0,166.725722286586,34.2742777134144,0,201,0,201,201,0,0,166.725722286586,1,0,0
0.825,50,400,0,166.725722286586,34.2742777134144,0,201,0,201,201,0,0,166.725722286586,1,0,0
0.826,50,400,0,166.725722286586,34.2742777134144,0,201,0,201,201,0,0,166.725722286586,1,0,0
0.827,50,400,0,166.725722286586,34.2742777134144,0,201,0,201,201,0,0,166.725722286586,1,0,0
0.828,50,400,0,166.725722286586,34.2742777134144,0,201,0,201,201,0,0,166.725722286586,1,0,0
0.829,50,400,0,166.725722286586,34.2742777134144,0,201,0,201,201,0,0,166.725722286586,1,0,0
0.83,50,400,0,166.725722286586,34.2742777134144,0,201,0,201,201,0,0,166.725722286586,1,0,0
0.831,50,400,0,166.725722286586,34.2742777134144,0,201,0,201,201,0,0,166.725722286586,1,0,0
0.832,50,400,0,166.725722286586,34.2742777134144,0,201,0,201,201,0,0,166.725722286586,1,0,0
0.833,50,400,0,166.725722286586,34.2742777134144,0,201,0,201,201,0,0,166.725722286586,1,0,0
0.834,50,400,0,166.725722286586,34.2742777134144,0,201,0,201,201,0,0,166.725722286586,1,0,0
0.835,50,400,0,166.725722286586,34.2742777134144,0,201,0,201,201,0,0,166.725722286586,1,0,0
0.836,50,400,0,166.725722286586,34.2742777134144,0,201,0,201,201,0,0,166.725722286586,1,0,0
0.837,50,400,0,166.725722286586,34.2742777134144,0,201,0,201,201,0,0,166.725722286586,1,0,0
0.838,50,400,0,166.725722286586,34.2742777134144,0,201,0,201,201,0,0,166.725722286586,1,0,0
0.839,50,400,0,166.725722286586,34.2742777134144,0,201,0,201,201,0,0,166.725722286586,1,0,0
0.84,50,400,0,166.725722286586,34.2742777134144,0,201,0,201,201,0,0,166.725722286586,1,0,0
0.841,50,400,0,166.725722286586,34.2742777134144,0,201,0,201,201,0,0,166.725722286586,1,0,0
0.842,50,400,0,166.725722286586,34.2742777134144,0,201,0,201,201,0,0,166.725722286586,1,0,0
0.843,50,400,0,166.725722286586,34.2742777134144,0,201,0,201,201,0,0,166.725722286586,1,0,0
0.844,50,400,0,166.725722286586,34.2742777134144,0,201,0,201,201,0,0,166.725722286586,1,0,0
0.845,50,400,0,166.725722286586,34.2742777134144,0,201,0,201,201,0,0,166.725722286586,1,0,0
0.846,50,400,0,166.725722286586,34.2742777134144,0,201,0,201,201,0,0,166.725722286586,1,0,0
0.847,50,400,0,166.725722286586,34.2742777134144,0,201,0,201,201,0,0,166.725722286586,1,0,0
0.848,50,400,0,166.725722286586,34.2742777134144,0,201,0,201,201,0,0,166.725722286586,1,0,0
0.849,50,400,0,166.725722286586,34.2742777134144,0,201,0,201,201,0,0,166.725722286586,1,0,0
0.85,50,400,0,166.725722286586,34.2742777134144,0,201,0,201,201,0,0,166.725722286586,1,0,0
0.851,50,400,0,166.725722286586,34.2742777134144,0,201,0,201,201,0,0,166.725722286586,1,0,0
0.852,50,400,0,166.725722286586,34.2742777134144,0,201,0,201,201,0,0,166.725722286586,1,0,0
0.853,50,400,0,166.725722286586,34.2742777134144,0,201,0,201,201,0,0,166.725722286586,1,0,0
0.854,50,400,0,166.725722286586,34.2742777134144,0,201,0,201,201,0,0,166.725722286586,1,0,0
0.855,50,400,0,166.725722286586,34.2742777134144,0,201,0,201,201,0,0,166.725722286586,1,0,0
0.856,50,400,0,166.725722286586,34.2742777134144,0,201,0,201,201,0,0,166.725722286586,1,0,0
0.857,50,400,0,166.725722286586,34.2742777134144,0,201,0,201,201,0,0,166.725722286586,1,0,0
0.858,50,400,0,166.725722286586,34.2742777134144,0,201,0,201,201,0,0,166.725722286586,1,0,0
0.859,50,400,0,166.725722286586,34.2742777134144,0,201,0,201,201,0,0,166.725722286586,1,0,0
0.86,50,400,0,166.725722286586,34.2742777134144,0,201,0,201,201,0,0,166.725722286586,1,0,0
0.861,50,400,0,166.725722286586,34.2742777134144,0,201,0,201,201,0,0,166.725722286586,1,0,0
0.862,50,400,0,166.725722286586,34.2742777134144,0,201,0,201,201,0,0,166.725722286586,1,0,0
0.863,50,400,0,166.725722286586,34.2742777134144,0,201,0,201,201,0,0,166.725722286586,1,0,0
0.864,50,400,0,166.725722286586,34.2742777134144,0,201,0,201,201,0,0,166.725722286586,1,0,0
0.865,50,400,0,166.725722286586,34.2742777134144,0,201,0,201,201,0,0,166.725722286586,1,0,0
0.866,50,400,0,166.725722286586,34.2742777134144,0,201,0,201,201,0,0,166.725722286586,1,0,0
0.867,50,400,0,166.725722286586,34.2742777134144,0,201,0,201,201,0,0,166.725722286586,1,0,0
0.868,50,400,0,166.725722286586,34.2742777134144,0,201,0,201,201,0,0,166.725722286586,1,0,0
0.869,50,400,0,166.725722286586,34.2742777134144,0,201,0,201,201,0,0,166.725722286586,1,0,0
0.87,50,400,0,166.725722286586,34.2742777134144,0,201,0,201,201,0,0,166.725722286586,1,0,0
0.871,50,400,0,166.725722286586,34.2742777134144,0,201,0,201,201,0,0,166.725722286586,1,0,0
0.872,50,400,0,166.725722286586,34.2742777134144,0,201,0,201,201,0,0,166.725722286586,1,0,0
0.873,50,400,0,166.725722286586,34.2742777134144,0,201,0,201,201,0,0,166.725722286586,1,0,0
0.874,50,400,0,166.725722286586,34.2742777134144,0,201,0,201,201,0,0,166.725722286586,1,0,0
0.875,50,400,0,166.725722286586,34.2742777134144,0,201,0,201,201,0,0,166.725722286586,1,0,0
0.876,50,400,0,166.725722286586,34.2742777134144,0,201,0,201,201,0,0,166.725722286586,1,0,0
0.877,50,400,0,166.725722286586,34.2742777134144,0,201,0,201,201,0,0,166.725722286586,1,0,0
0.878,50,400,0,166.725722286586,34.2742777134144,0,201,0,201,201,0,0,166.725722286586,1,0,0
0.879,50,400,0,166.725722286586,34.2742777134144,0,201,0,201,201,0,0,166.725722286586,1,0,0
0.88,50,400,0,166.725722286586,34.2742777134144,0,201,0,201,201,0,0,166.725722286586,1,0,0
0.881,50,400,0,166.725722286586,34.2742777134144,0,201,0,201,201,0,0,166.725722286586,1,0,0
0.882,50,400,0,166.725722286586,34.2742777134144,0,201,0,201,201,0,0,166.725722286586,1,0,0
0.883,50,400,0,166.725722286586,34.2742777134144,0,201,0,201,201,0,0,166.725722286586,1,0,0
0.884,50,400,0,166.725722286586,34.2742777134144,0,201,0,201,201,0,0,166.725722286586,1,0,0
0.885,50,400,0,166.725722286586,34.2742777134144,0,201,0,201,201,0,0,166.725722286586,1,0,0
0.886,50,400,0,166.725722286586,34.2742777134144,0,201,0,201,201,0,0,166.725722286586,1,0,0
0.887,50,400,0,166.725722286586,34.2742777134144,0,201,0,201,201,0,0,166.725722286586,1,0,0
0.888,50,400,0,166.725722286586,34.2742777134144,0,201,0,201,201,0,0,166.725722286586,1,0,0
0.889,50,400,0,166.725722286586,34.2742777134144,0,201,0,201,201,0,0,166.725722286586,1,0,0
0.89,50,400,0,166.725722286586,34.2742777134144,0,201,0,201,201,0,0,166.725722286586,1,0,0
0.891,50,400,0,166.725722286586,34.2742777134144,0,201,0,201,201,0,0,166.725722286586,1,0,0
0.892,50,400,0,166.725722286586,34.2742777134144,0,201,0,201,201,0,0,166.725722286586,1,0,0
0.893,50,400,0,166.725722286586,34.2742777134144,0,201,0,201,201,0,0,166.725722286586,1,0,0
0.894,50,400,0,166.725722286586,34.2742777134144,0,201,0,201,201,0,0,166.725722286586,1,0,0
0.895,50,400,0,166.725722286586,34.2742777134144,0,201,0,201,201,0,0,166.725722286586,1,0,0
0.896,50,400,0,166.725722286586,34.2742777134144,0,201,0,201,201,0,0,166.725722286586,1,0,0
0.897,50,400,0,166.725722286586,34.2742777134144,0,201,0,201,201,0,0,166.725722286586,1,0,0
0.898,50,400,0,166.725722286586,34.2742777134144,0,201,0,201,201,0,0,166.725722286586,1,0,0
0.899,50,400,0,166.725722286586,34.2742777134144,0,201,0,201,201,0,0,166.725722286586,1,0,0
0.9,50,400,0,166.725722286586,34.2742777134144,0,201,0,201,201,0,0,166.725722286586,1,0,0
0.901,50,400,0,166.725722286586,34.2742777134144,0,201,0,201,201,0,0,166.725722286586,1,0,0
0.902,50,400,0,166.725722286586,34.2742777134144,0,201,0,201,201,0,0,166.725722286586,1,0,0
0.903,50,400,0,166.725722286586,34.2742777134144,0,201,0,201,201,0,0,166.725722286586,1,0,0
0.904,50,400,0,166.725722286586,34.2742777134144,0,201,0,201,201,0,0,166.725722286586,1,0,0
0.905,50,400,0,166.725722286586,34.2742777134144,0,201,0,201,201,0,0,166.725722286586,1,0,0
0.906,50,400,0,166.725722286586,34.2742777134144,0,201,0,201,201,0,0,166.725722286586,1,0,0
0.907,50,400,0,166.725722286586,34.2742777134144,0,201,0,201,201,0,0,166.725722286586,1,0,0
0.908,50,400,0,166.725722286586,34.2742777134144,0,201,0,201,201,0,0,166.725722286586,1,0,0
0.909,50,400,0,166.725722286586,34.2742777134144,0,201,0,201,201,0,0,166.725722286586,1,0,0
0.91,50,400,0,166.725722286586,34.2742777134144,0,201,0,201,201,0,0,166.725722286586,1,0,0
0.911,50,400,0,166.725722286586,34.2742777134144,0,201,0,201,201,0,0,166.725722286586,1,0,0
0.912,50,400,0,166.725722286586,34.2742777134144,0,201,0,201,201,0,0,166.725722286586,1,0,0
0.913,50,400,0,166.725722286586,34.2742777134144,0,201,0,201,201,0,0,166.725722286586,1,0,0
0.914,50,400,0,166.725722286586,34.2742777134144,0,201,0,201,201,0,0,166.725722286586,1,0,0
0.915,50,400,0,166.725722286586,34.2742777134144,0,201,0,201,201,0,0,166.725722286586,1,0,0
0.916,50,400,0,166.725722286586,34.2742777134144,0,201,0,201,201,0,0,166.725722286586,1,0,0
0.917,50,400,0,166.725722286586,34.2742777134144,0,201,0,201,201,0,0,166.725722286586,1,0,0
0.918,50,400,0,166.725722286586,34.2742777134144,0,201,0,201,201,0,0,166.725722286586,1,0,0
0.919,50,400,0,166.725722286586,34.2742777134144,0,201,0,201,201,0,0,166.725722286586,1,0,0
0.92,50,400,0,166.725722286586,34.2742777134144,0,201,0,201,201,0,0,166.725722286586,1,0,0
0.921,50,400,0,166.725722286586,34.2742777134144,0,201,0,201,201,0,0,166.725722286586,1,0,0
0.922,50,400,0,166.725722286586,34.2742777134144,0,201,0,201,201,0,0,166.725722286586,1,0,0
0.923,50,400,0,166.725722286586,34.2742777134144,0,201,0,201,201,0,0,166.725722286586,1,0,0
0.924,50,400,0,166.725722286586,34.2742777134144,0,201,0,201,201,0,0,166.725722286586,1,0,0
0.925,50,400,0,166.725722286586,34.2742777134144,0,201,0,201,201,0,0,166.725722286586,1,0,0
0.926,50,400,0,166.725722286586,34.2742777134144,0,201,0,201,201,0,0,166.725722286586,1,0,0
0.927,50,400,0,166.725722286586,34.2742777134144,0,201,0,201,201,0,0,166.725722286586,1,0,0
0.928,50,400,0,166.725722286586,34.2742777134144,0,201,0,201,201,0,0,166.725722286586,1,0,0
0.929,50,400,0,166.725722286586,34.2742777134144,0,201,0,201,201,0,0,166.725722286586,1,0,0
0.93,50,400,0,166.725722286586,34.2742777134144,0,201,0,201,201,0,0,166.725722286586,1,0,0
0.931,50,400,0,166.725722286586,34.2742777134144,0,201,0,201,201,0,0,166.725722286586,1,0,0
0.932,50,400,0,166.725722286586,34.2742777134144,0,201,0,201,201,0,0,166.725722286586,1,0,0
0.933,50,400,0,166.725722286586,34.2742777134144,0,201,0,201,201,0,0,166.725722286586,1,0,0
0.934,50,400,0,166.725722286586,34.2742777134144,0,201,0,201,201,0,0,166.725722286586,1,0,0
0.935,50,400,0,166.725722286586,34.2742777134144,0,201,0,201,201,0,0,166.725722286586,1,0,0
0.936,50,400,0,166.725722286586,34.2742777134144,0,201,0,201,201,0,0,166.725722286586,1,0,0
0.937,50,400,0,166.725722286586,34.2742777134144,0,201,0,201,201,0,0,166.725722286586,1,0,0
0.938,50,400,0,166.725722286586,34.2742777134144,0,201,0,201,201,0,0,166.725722286586,1,0,0
0.939,50,400,0,166.725722286586,34.2742777134144,0,201,0,201,201,0,0,166.725722286586,1,0,0
0.94,50,400,0,166.725722286586,34.2742777134144,0,201,0,201,201,0,0,166.725722286586,1,0,0
0.941,50,400,0,166.725722286586,34.2742777134144,0,201,0,201,201,0,0,166.725722286586,1,0,0
0.942,50,400,0,166.725722286586,34.2742777134144,0,201,0,201,201,0,0,166.725722286586,1,0,0
0.943,50,400,0,166.725722286586,34.2742777134144,0,201,0,201,201,0,0,166.725722286586,1,0,0
0.944,50,400,0,166.725722286586,34.2742777134144,0,201,0,201,201,0,0,166.725722286586,1,0,0
0.945,50,400,0,166.725722286586,34.2742777134144,0,201,0,201,201,0,0,166.725722286586,1,0,0
0.946,50,400,0,166.725722286586,34.2742777134144,0,201,0,201,201,0,0,166.725722286586,1,0,0
0.947,50,400,0,166.725722286586,34.2742777134144,0,201,0,201,201,0,0,166.725722286586,1,0,0
0.948,50,400,0,166.725722286586,34.2742777134144,0,201,0,201,201,0,0,166.725722286586,1,0,0
0.949,50,400,0,166.725722286586,34.2742777134144,0,201,0,201,201,0,0,166.725722286586,1,0,0
0.95,50,400,0,166.725722286586,34.2742777134144,0,201,0,201,201,0,0,166.725722286586,1,0,0
0.951,50,400,0,166.725722286586,34.2742777134144,0,201,0,201,201,0,0,166.725722286586,1,0,0
0.952,50,400,0,166.725722286586,34.2742777134144,0,201,0,201,201,0,0,166.725722286586,1,0,0
0.953,50,400,0,166.725722286586,34.2742777134144,0,201,0,201,201,0,0,166.725722286586,1,0,0
0.954,50,400,0,166.725722286586,34.2742777134144,0,201,0,201,201,0,0,166.725722286586,1,0,0
0.955,50,400,0,166.725722286586,34.2742777134144,0,201,0,201,201,0,0,166.725722286586,1,0,0
0.956,50,400,0,166.725722286586,34.2742777134144,0,201,0,201,201,0,0,166.725722286586,1,0,0
0.957,50,400,0,166.725722286586,34.2742777134144,0,201,0,201,201,0,0,166.725722286586,1,0,0
0.958,50,400,0,166.725722286586,34.2742777134144,0,201,0,201,201,0,0,166.725722286586,1,0,0
0.959,50,400,0,166.725722286586,34.2742777134144,0,201,0,201,201,0,0,166.725722286586,1,0,0
0.96,50,400,0,166.725722286586,34.2742777134144,0,201,0,201,201,0,0,166.725722286586,1,0,0
0.961,50,400,0,166.725722286586,34.2742777134144,0,201,0,201,201,0,0,166.725722286586,1,0,0
0.962,50,400,0,166.725722286586,34.2742777134144,0,201,0,201,201,0,0,166.725722286586,1,0,0
0.963,50,400,0,166.725722286586,34.2742777134144,0,201,0,201,201,0,0,166.725722286586,1,0,0
0.964,50,400,0,166.725722286586,34.2742777134144,0,201,0,201,201,0,0,166.725722286586,1,0,0
0.965,50,400,0,166.725722286586,34.2742777134144,0,201,0,201,201,0,0,166.725722286586,1,0,0
0.966,50,400,0,166.725722286586,34.2742777134144,0,201,0,201,201,0,0,166.725722286586,1,0,0
0.967,50,400,0,166.725722286586,34.2742777134144,0,201,0,201,201,0,0,166.725722286586,1,0,0
0.968,50,400,0,166.725722286586,34.2742777134144,0,201,0,201,201,0,0,166.725722286586,1,0,0
0.969,50,400,0,166.725722286586,34.2742777134144,0,201,0,201,201,0,0,166.725722286586,1,0,0
0.97,50,400,0,166.725722286586,34.2742777134144,0,201,0,201,201,0,0,166.725722286586,1,0,0
0.971,50,400,0,166.725722286586,34.2742777134144,0,201,0,201,201,0,0,166.725722286586,1,0,0
0.972,50,400,0,166.725722286586,34.2742777134144,0,201,0,201,201,0,0,166.725722286586,1,0,0
0.973,50,400,0,166.725722286586,34.2742777134144,0,201,0,201,201,0,0,166.725722286586,1,0,0
0.974,50,400,0,166.725722286586,34.2742777134144,0,201,0,201,201,0,0,166.725722286586,1,0,0
0.975,50,400,0,166.725722286586,34.2742777134144,0,201,0,201,201,0,0,166.725722286586,1,0,0
0.976,50,400,0,166.725722286586,34.2742777134144,0,201,0,201,201,0,0,166.725722286586,1,0,0
0.977,50,400,0,166.725722286586,34.2742777134144,0,201,0,201,201,0,0,166.725722286586,1,0,0
0.978,50,400,0,166.725722286586,34.2742777134144,0,201,0,201,201,0,0,166.725722286586,1,0,0
0.979,50,400,0,166.725722286586,34.2742777134144,0,201,0,201,201,0,0,166.725722286586,1,0,0
0.98,50,400,0,166.725722286586,34.2742777134144,0,201,0,201,201,0,0,166.725722286586,1,0,0
0.981,50,400,0,166.725722286586,34.2742777134144,0,201,0,201,201,0,0,166.725722286586,1,0,0
0.982,50,400,0,166.725722286586,34.2742777134144,0,201,0,201,201,0,0,166.725722286586,1,0,0
0.983,50,400,0,166.725722286586,34.2742777134144,0,201,0,201,201,0,0,166.725722286586,1,0,0
0.984,50,400,0,166.725722286586,34.2742777134144,0,201,0,201,201,0,0,166.725722286586,1,0,0
0.985,50,400,0,166.725722286586,34.2742777134144,0,201,0,201,201,0,0,166.725722286586,1,0,0
0.986,50,400,0,166.725722286586,34.2742777134144,0,201,0,201,201,0,0,166.725722286586,1,0,0
0.987,50,400,0,166.725722286586,34.2742777134144,0,201,0,201,201,0,0,166.725722286586,1,0,0
0.988,50,400,0,166.725722286586,34.2742777134144,0,201,0,201,201,0,0,166.725722286586,1,0,0
0.989,50,400,0,166.725722286586,34.2742777134144,0,201,0,201,201,0,0,166.725722286586,1,0,0
0.99,50,400,0,166.725722286586,34.2742777134144,0,201,0,201,201,0,0,166.725722286586,1,0,0
0.991,50,400,0,166.725722286586,34.2742777134144,0,201,0,201,201,0,0,166.725722286586,1,0,0
0.992,50,400,0,166.725722286586,34.2742777134144,0,201,0,201,201,0,0,166.725722286586,1,0,0
0.993,50,400,0,166.725722286586,34.2742777134144,0,201,0,201,201,0,0,166.725722286586,1,0,0
0.994,50,400,0,166.725722286586,34.2742777134144,0,201,0,201,201,0,0,166.725722286586,1,0,0
0.995,50,400,0,166.725722286586,34.2742777134144,0,201,0,201,201,0,0,166.725722286586,1,0,0
0.996,50,400,0,166.725722286586,34.2742777134144,0,201,0,201,201,0,0,166.725722286586,1,0,0
0.997,50,400,0,166.725722286586,34.2742777134144,0,201,0,201,201,0,0,166.725722286586,1,0,0
0.998,50,400,0,166.725722286586,34.2742777134144,0,201,0,201,201,0,0,166.725722286586,1,0,0
0.999,50,400,0,166.725722286586,34.2742777134144,0,201,0,201,201,0,0,166.725722286586,1,0,0
1,50,400,0,166.725722286586,34.2742777134144,0,201,0,201,201,0,0,166.725722286586,1,0,0
1.001,50,400,0,166.725722286586,34.2742777134144,0,201,0,201,201,0,0,166.725722286586,1,0,0
1.002,50,400,0,166.725722286586,34.2742777134144,0,201,0,201,201,0,0,166.725722286586,1,0,0
1.003,50,400,0,166.725722286586,34.2742777134144,0,201,0,201,201,0,0,166.725722286586,1,0,0
1.004,50,400,0,166.725722286586,34.2742777134144,0,201,0,201,201,0,0,166.725722286586,1,0,0
1.005,50,400,0,166.725722286586,34.2742777134144,0,201,0,201,201,0,0,166.725722286586,1,0,0
1.006,50,400,0,166.725722286586,34.2742777134144,0,201,0,201,201,0,0,166.725722286586,1,0,0
1.007,50,400,0,166.725722286586,34.2742777134144,0,201,0,201,201,0,0,166.725722286586,1,0,0
1.008,50,400,0,166.725722286586,34.2742777134144,0,201,0,201,201,0,0,166.725722286586,1,0,0
1.009,50,400,0,166.725722286586,34.2742777134144,0,201,0,201,201,0,0,166.725722286586,1,0,0
1.01,50,400,0,166.725722286586,34.2742777134144,0,201,0,201,201,0,0,166.725722286586,1,0,0
1.011,50,400,0,166.725722286586,34.2742777134144,0,201,0,201,201,0,0,166.725722286586,1,0,0
1.012,50,400,0,166.725722286586,34.2742777134144,0,201,0,201,201,0,0,166.725722286586,1,0,0
1.013,50,400,0,166.725722286586,34.2742777134144,0,201,0,201,201,0,0,166.725722286586,1,0,0
1.014,50,400,0,166.725722286586,34.2742777134144,0,201,0,201,201,0,0,166.725722286586,1,0,0
1.015,50,400,0,166.725722286586,34.2742777134144,0,201,0,201,201,0,0,166.725722286586,1,0,0
1.016,50,400,0,166.725722286586,34.2742777134144,0,201,0,201,201,0,0,166.725722286586,1,0,0
1.017,50,400,0,166.725722286586,34.2742777134144,0,201,0,201,201,0,0,166.725722286586,1,0,0
1.018,50,400,0,166.725722286586,34.2742777134144,0,201,0,201,201,0,0,166.725722286586,1,0,0
1.019,50,400,0,166.725722286586,34.2742777134144,0,201,0,201,201,0,0,166.725722286586,1,0,0
1.02,50,400,0,166.725722286586,34.2742777134144,0,201,0,201,201,0,0,166.725722286586,1,0,0
1.021,50,400,0,166.725722286586,34.2742777134144,0,201,0,201,201,0,0,166.725722286586,1,0,0
1.022,50,400,0,166.725722286586,34.2742777134144,0,201,0,201,201,0,0,166.725722286586,1,0,0
1.023,50,400,0,166.725722286586,34.2742777134144,0,201,0,201,201,0,0,166.725722286586,1,0,0
1.024,50,400,0,166.725722286586,34.2742777134144,0,201,0,201,201,0,0,166.725722286586,1,0,0
1.025,50,400,0,166.725722286586,34.2742777134144,0,201,0,201,201,0,0,166.725722286586,1,0,0
1.026,50,400,0,166.725722286586,34.2742777134144,0,201,0,201,201,0,0,166.725722286586,1,0,0
1.027,50,400,0,166.725722286586,34.2742777134144,0,201,0,201,201,0,0,166.725722286586,1,0,0
1.028,50,400,0,166.725722286586,34.2742777134144,0,201,0,201,201,0,0,166.725722286586,1,0,0
1.029,50,400,0,166.725722286586,34.2742777134144,0,201,0,201,201,0,0,166.725722286586,1,0,0
1.03,50,400,0,166.725722286586,34.2742777134144,0,201,0,201,201,0,0,166.725722286586,1,0,0
1.031,50,400,0,166.725722286586,34.2742777134144,0,201,0,201,201,0,0,166.725722286586,1,0,0
1.032,50,400,0,166.725722286586,34.2742777134144,0,201,0,201,201,0,0,166.725722286586,1,0,0
1.033,50,400,0,166.725722286586,34.2742777134144,0,201,0,201,201,0,0,166.725722286586,1,0,0
1.034,50,400,0,166.725722286586,34.2742777134144,0,201,0,201,201,0,0,166.725722286586,1,0,0
1.035,50,400,0,166.725722286586,34.2742777134144,0,201,0,201,201,0,0,166.725722286586,1,0,0
1.036,50,400,0,166.725722286586,34.2742777134144,0,201,0,201,201,0,0,166.725722286586,1,0,0
1.037,50,400,0,166.725722286586,34.2742777134144,0,201,0,201,201,0,0,166.725722286586,1,0,0
1.038,50,400,0,166.725722286586,34.2742777134144,0,201,0,201,201,0,0,166.725722286586,1,0,0
1.039,50,400,0,166.725722286586,34.2742777134144,0,201,0,201,201,0,0,166.725722286586,1,0,0
1.04,50,400,0,166.725722286586,34.2742777134144,0,201,0,201,201,0,0,166.725722286586,1,0,0
1.041,50,400,0,166.725722286586,34.2742777134144,0,201,0,201,201,0,0,166.725722286586,1,0,0
1.042,50,400,0,166.725722286586,34.2742777134144,0,201,0,201,201,0,0,166.725722286586,1,0,0
1.043,50,400,0,166.725722286586,34.2742777134144,0,201,0,201,201,0,0,166.725722286586,1,0,0
1.044,50,400,0,166.725722286586,34.2742777134144,0,201,0,201,201,0,0,166.725722286586,1,0,0
1.045,50,400,0,166.725722286586,34.2742777134144,0,201,0,201,201,0,0,166.725722286586,1,0,0
1.046,50,400,0,166.725722286586,34.2742777134144,0,201,0,201,201,0,0,166.725722286586,1,0,0
1.047,50,400,0,166.725722286586,34.2742777134144,0,201,0,201,201,0,0,166.725722286586,1,0,0
1.048,50,400,0,166.725722286586,34.2742777134144,0,201,0,201,201,0,0,166.725722286586,1,0,0
1.049,50,400,0,166.725722286586,34.2742777134144,0,201,0,201,201,0,0,166.725722286586,1,0,0
1.05,50,400,0,166.725722286586,34.2742777134144,0,201,0,201,201,0,0,166.725722286586,1,0,0
1.051,50,400,0,166.725722286586,34.2742777134144,0,201,0,201,201,0,0,166.725722286586,1,0,0
1.052,50,400,0,166.725722286586,34.2742777134144,0,201,0,201,201,0,0,166.725722286586,1,0,0
1.053,50,400,0,166.725722286586,34.2742777134144,0,201,0,201,201,0,0,166.725722286586,1,0,0
1.054,50,400,0,166.725722286586,34.2742777134144,0,201,0,201,201,0,0,166.725722286586,1,0,0
1.055,50,400,0,166.725722286586,34.2742777134144,0,201,0,201,201,0,0,166.725722286586,1,0,0
1.056,50,400,0,166.725722286586,34.2742777134144,0,201,0,201,201,0,0,166.725722286586,1,0,0
1.057,50,400,0,166.725722286586,34.2742777134144,0,201,0,201,201,0,0,166.725722286586,1,0,0
1.058,50,400,0,166.725722286586,34.2742777134144,0,201,0,201,201,0,0,166.725722286586,1,0,0
1.059,50,400,0,166.725722286586,34.2742777134144,0,201,0,201,201,0,0,166.725722286586,1,0,0
1.06,50,400,0,166.725722286586,34.2742777134144,0,201,0,201,201,0,0,166.725722286586,1,0,0
1.061,50,400,0,166.725722286586,34.2742777134144,0,201,0,201,201,0,0,166.725722286586,1,0,0
1.062,50,400,0,166.725722286586,34.2742777134144,0,201,0,201,201,0,0,166.725722286586,1,0,0
1.063,50,400,0,166.725722286586,34.2742777134144,0,201,0,201,201,0,0,166.725722286586,1,0,0
1.064,50,400,0,166.725722286586,34.2742777134144,0,201,0,201,201,0,0,166.725722286586,1,0,0
1.065,50,400,0,166.725722286586,34.2742777134144,0,201,0,201,201,0,0,166.725722286586,1,0,0
1.066,50,400,0,166.725722286586,34.2742777134144,0,201,0,201,201,0,0,166.725722286586,1,0,0
1.067,50,400,0,166.725722286586,34.2742777134144,0,201,0,201,201,0,0,166.725722286586,1,0,0
1.068,50,400,0,166.725722286586,34.2742777134144,0,201,0,201,201,0,0,166.725722286586,1,0,0
1.069,50,400,0,166.725722286586,34.2742777134144,0,201,0,201,201,0,0,166.725722286586,1,0,0
1.07,50,400,0,166.725722286586,34.2742777134144,0,201,0,201,201,0,0,166.725722286586,1,0,0
1.071,50,400,0,166.725722286586,34.2742777134144,0,201,0,201,201,0,0,166.725722286586,1,0,0
1.072,50,400,0,166.725722286586,34.2742777134144,0,201,0,201,201,0,0,166.725722286586,1,0,0
1.073,50,400,0,166.725722286586,34.2742777134144,0,201,0,201,201,0,0,166.725722286586,1,0,0
1.074,50,400,0,166.725722286586,34.2742777134144,0,201,0,201,201,0,0,166.725722286586,1,0,0
1.075,50,400,0,166.725722286586,34.2742777134144,0,201,0,201,201,0,0,166.725722286586,1,0,0
1.076,50,400,0,166.725722286586,34.2742777134144,0,201,0,201,201,0,0,166.725722286586,1,0,0
1.077,50,400,0,166.725722286586,34.2742777134144,0,201,0,201,201,0,0,166.725722286586,1,0,0
1.078,50,400,0,166.725722286586,34.2742777134144,0,201,0,201,201,0,0,166.725722286586,1,0,0
1.079,50,400,0,166.725722286586,34.2742777134144,0,201,0,201,201,0,0,166.725722286586,1,0,0
1.08,50,400,0,166.725722286586,34.2742777134144,0,201,0,201,201,0,0,166.725722286586,1,0,0
1.081,50,400,0,166.725722286586,34.2742777134144,0,201,0,201,201,0,0,166.725722286586,1,0,0
1.082,50,400,0,166.725722286586,34.2742777134144,0,201,0,201,201,0,0,166.725722286586,1,0,0
1.083,50,400,0,166.725722286586,34.2742777134144,0,201,0,201,201,0,0,166.725722286586,1,0,0
1.084,50,400,0,166.725722286586,34.2742777134144,0,201,0,201,201,0,0,166.725722286586,1,0,0
1.085,50,400,0,166.725722286586,34.2742777134144,0,201,0,201,201,0,0,166.725722286586,1,0,0
1.086,50,400,0,166.725722286586,34.2742777134144,0,201,0,201,201,0,0,166.725722286586,1,0,0
1.087,50,400,0,166.725722286586,34.2742777134144,0,201,0,201,201,0,0,166.725722286586,1,0,0
1.088,50,400,0,166.725722286586,34.2742777134144,0,201,0,201,201,0,0,166.725722286586,1,0,0
1.089,50,400,0,166.725722286586,34.2742777134144,0,201,0,201,201,0,0,166.725722286586,1,0,0
1.09,50,400,0,166.725722286586,34.2742777134144,0,201,0,201,201,0,0,166.725722286586,1,0,0
1.091,50,400,0,166.725722286586,34.2742777134144,0,201,0,201,201,0,0,166.725722286586,1,0,0
1.092,50,400,0,166.725722286586,34.2742777134144,0,201,0,201,201,0,0,166.725722286586,1,0,0
1.093,50,400,0,166.725722286586,34.2742777134144,0,201,0,201,201,0,0,166.725722286586,1,0,0
1.094,50,400,0,166.725722286586,34.2742777134144,0,201,0,201,201,0,0,166.725722286586,1,0,0
1.095,50,400,0,166.725722286586,34.2742777134144,0,201,0,201,201,0,0,166.725722286586,1,0,0
1.096,50,400,0,166.725722286586,34.2742777134144,0,201,0,201,201,0,0,166.725722286586,1,0,0
1.097,50,400,0,166.725722286586,34.2742777134144,0,201,0,201,201,0,0,166.725722286586,1,0,0
1.098,50,400,0,166.725722286586,34.2742777134144,0,201,0,201,201,0,0,166.725722286586,1,0,0
1.099,50,400,0,166.725722286586,34.2742777134144,0,201,0,201,201,0,0,166.725722286586,1,0,0
1.1,50,400,0,166.725722286586,34.2742777134144,0,201,0,201,201,0,0,166.725722286586,1,0,0
1.101,50,400,0,166.725722286586,34.2742777134144,0,201,0,201,201,0,0,166.725722286586,1,0,0
1.102,50,400,0,166.725722286586,34.2742777134144,0,201,0,201,201,0,0,166.725722286586,1,0,0
1.103,50,400,0,166.725722286586,34.2742777134144,0,201,0,201,201,0,0,166.725722286586,1,0,0
1.104,50,400,0,166.725722286586,34.2742777134144,0,201,0,201,201,0,0,166.725722286586,1,0,0
1.105,50,400,0,166.725722286586,34.2742777134144,0,201,0,201,201,0,0,166.725722286586,1,0,0
1.106,50,400,0,166.725722286586,34.2742777134144,0,201,0,201,201,0,0,166.725722286586,1,0,0
1.107,50,400,0,166.725722286586,34.2742777134144,0,201,0,201,201,0,0,166.725722286586,1,0,0
1.108,50,400,0,166.725722286586,34.2742777134144,0,201,0,201,201,0,0,166.725722286586,1,0,0
1.109,50,400,0,166.725722286586,34.2742777134144,0,201,0,201,201,0,0,166.725722286586,1,0,0
1.11,50,400,0,166.725722286586,34.2742777134144,0,201,0,201,201,0,0,166.725722286586,1,0,0
1.111,50,400,0,166.725722286586,34.2742777134144,0,201,0,201,201,0,0,166.725722286586,1,0,0
1.112,50,400,0,166.725722286586,34.2742777134144,0,201,0,201,201,0,0,166.725722286586,1,0,0
1.113,50,400,0,166.725722286586,34.2742777134144,0,201,0,201,201,0,0,166.725722286586,1,0,0
1.114,50,400,0,166.725722286586,34.2742777134144,0,201,0,201,201,0,0,166.725722286586,1,0,0
1.115,50,400,0,166.725722286586,34.2742777134144,0,201,0,201,201,0,0,166.725722286586,1,0,0
1.116,50,400,0,166.725722286586,34.2742777134144,0,201,0,201,201,0,0,166.725722286586,1,0,0
1.117,50,400,0,166.725722286586,34.2742777134144,0,201,0,201,201,0,0,166.725722286586,1,0,0
1.118,50,400,0,166.725722286586,34.2742777134144,0,201,0,201,201,0,0,166.725722286586,1,0,0
1.119,50,400,0,166.725722286586,34.2742777134144,0,201,0,201,201,0,0,166.725722286586,1,0,0
1.12,50,400,0,166.725722286586,34.2742777134144,0,201,0,201,201,0,0,166.725722286586,1,0,0
1.121,50,400,0,166.725722286586,34.2742777134144,0,201,0,201,201,0,0,166.725722286586,1,0,0
1.122,50,400,0,166.725722286586,34.2742777134144,0,201,0,201,201,0,0,166.725722286586,1,0,0
1.123,50,400,0,166.725722286586,34.2742777134144,0,201,0,201,201,0,0,166.725722286586,1,0,0
1.124,50,400,0,166.725722286586,34.2742777134144,0,201,0,201,201,0,0,166.725722286586,1,0,0
1.125,50,400,0,166.725722286586,34.2742777134144,0,201,0,201,201,0,0,166.725722286586,1,0,0
1.126,50,400,0,166.725722286586,34.2742777134144,0,201,0,201,201,0,0,166.725722286586,1,0,0
1.127,50,400,0,166.725722286586,34.2742777134144,0,201,0,201,201,0,0,166.725722286586,1,0,0
1.128,50,400,0,166.725722286586,34.2742777134144,0,201,0,201,201,0,0,166.725722286586,1,0,0
1.129,50,400,0,166.725722286586,34.2742777134144,0,201,0,201,201,0,0,166.725722286586,1,0,0
1.13,50,400,0,166.725722286586,34.2742777134144,0,201,0,201,201,0,0,166.725722286586,1,0,0
1.131,50,400,0,166.725722286586,34.2742777134144,0,201,0,201,201,0,0,166.725722286586,1,0,0
1.132,50,400,0,166.725722286586,34.2742777134144,0,201,0,201,201,0,0,166.725722286586,1,0,0
1.133,50,400,0,166.725722286586,34.2742777134144,0,201,0,201,201,0,0,166.725722286586,1,0,0
1.134,50,400,0,166.725722286586,34.2742777134144,0,201,0,201,201,0,0,166.725722286586,1,0,0
1.135,50,400,0,166.725722286586,34.2742777134144,0,201,0,201,201,0,0,166.725722286586,1,0,0
1.136,50,400,0,166.725722286586,34.2742777134144,0,201,0,201,201,0,0,166.725722286586,1,0,0
1.137,50,400,0,166.725722286586,34.2742777134144,0,201,0,201,201,0,0,166.725722286586,1,0,0
1.138,50,400,0,166.725722286586,34.2742777134144,0,201,0,201,201,0,0,166.725722286586,1,0,0
1.139,50,400,0,166.725722286586,34.2742777134144,0,201,0,201,201,0,0,166.725722286586,1,0,0
1.14,50,400,0,166.725722286586,34.2742777134144,0,201,0,201,201,0,0,166.725722286586,1,0,0
1.141,50,400,0,166.725722286586,34.2742777134144,0,201,0,201,201,0,0,166.725722286586,1,0,0
1.142,50,400,0,166.725722286586,34.2742777134144,0,201,0,201,201,0,0,166.725722286586,1,0,0
1.143,50,400,0,166.725722286586,34.2742777134144,0,201,0,201,201,0,0,166.725722286586,1,0,0
1.144,50,400,0,166.725722286586,34.2742777134144,0,201,0,201,201,0,0,166.725722286586,1,0,0
1.145,50,400,0,166.725722286586,34.2742777134144,0,201,0,201,201,0,0,166.725722286586,1,0,0
1.146,50,400,0,166.725722286586,34.2742777134144,0,201,0,201,201,0,0,166.725722286586,1,0,0
1.147,50,400,0,166.725722286586,34.2742777134144,0,201,0,201,201,0,0,166.725722286586,1,0,0
1.148,50,400,0,166.725722286586,34.2742777134144,0,201,0,201,201,0,0,166.725722286586,1,0,0
1.149,50,400,0,166.725722286586,34.2742777134144,0,201,0,201,201,0,0,166.725722286586,1,0,0
1.15,50,400,0,166.725722286586,34.2742777134144,0,201,0,201,201,0,0,166.725722286586,1,0,0
1.151,50,400,0,166.725722286586,34.2742777134144,0,201,0,201,201,0,0,166.725722286586,1,0,0
1.152,50,400,0,166.725722286586,34.2742777134144,0,201,0,201,201,0,0,166.725722286586,1,0,0
1.153,50,400,0,166.725722286586,34.2742777134144,0,201,0,201,201,0,0,166.725722286586,1,0,0
1.154,50,400,0,166.725722286586,34.2742777134144,0,201,0,201,201,0,0,166.725722286586,1,0,0
1.155,50,400,0,166.725722286586,34.2742777134144,0,201,0,201,201,0,0,166.725722286586,1,0,0
1.156,50,400,0,166.725722286586,34.2742777134144,0,201,0,201,201,0,0,166.725722286586,1,0,0
1.157,50,400,0,166.725722286586,34.2742777134144,0,201,0,201,201,0,0,166.725722286586,1,0,0
1.158,50,400,0,166.725722286586,34.2742777134144,0,201,0,201,201,0,0,166.725722286586,1,0,0
1.159,50,400,0,166.725722286586,34.2742777134144,0,201,0,201,201,0,0,166.725722286586,1,0,0
1.16,50,400,0,166.725722286586,34.2742777134144,0,201,0,201,201,0,0,166.725722286586,1,0,0
1.161,50,400,0,166.725722286586,34.2742777134144,0,201,0,201,201,0,0,166.725722286586,1,0,0
1.162,50,400,0,166.725722286586,34.2742777134144,0,201,0,201,201,0,0,166.725722286586,1,0,0
1.163,50,400,0,166.725722286586,34.2742777134144,0,201,0,201,201,0,0,166.725722286586,1,0,0
1.164,50,400,0,166.725722286586,34.2742777134144,0,201,0,201,201,0,0,166.725722286586,1,0,0
1.165,50,400,0,166.725722286586,34.2742777134144,0,201,0,201,201,0,0,166.725722286586,1,0,0
1.166,50,400,0,166.725722286586,34.2742777134144,0,201,0,201,201,0,0,166.725722286586,1,0,0
1.167,50,400,0,166.725722286586,34.2742777134144,0,201,0,201,201,0,0,166.725722286586,1,0,0
1.168,50,400,0,166.725722286586,34.2742777134144,0,201,0,201,201,0,0,166.725722286586,1,0,0
1.169,50,400,0,166.725722286586,34.2742777134144,0,201,0,201,201,0,0,166.725722286586,1,0,0
1.17,50,400,0,166.725722286586,34.2742777134144,0,201,0,201,201,0,0,166.725722286586,1,0,0
1.171,50,400,0,166.725722286586,34.2742777134144,0,201,0,201,201,0,0,166.725722286586,1,0,0
1.172,50,400,0,166.725722286586,34.2742777134144,0,201,0,201,201,0,0,166.725722286586,1,0,0
1.173,50,400,0,166.725722286586,34.2742777134144,0,201,0,201,201,0,0,166.725722286586,1,0,0
1.174,50,400,0,166.725722286586,34.2742777134144,0,201,0,201,201,0,0,166.725722286586,1,0,0
1.175,50,400,0,166.725722286586,34.2742777134144,0,201,0,201,201,0,0,166.725722286586,1,0,0
1.176,50,400,0,166.725722286586,34.2742777134144,0,201,0,201,201,0,0,166.725722286586,1,0,0
1.177,50,400,0,166.725722286586,34.2742777134144,0,201,0,201,201,0,0,166.725722286586,1,0,0
1.178,50,400,0,166.725722286586,34.2742777134144,0,201,0,201,201,0,0,166.725722286586,1,0,0
1.179,50,400,0,166.725722286586,34.2742777134144,0,201,0,201,201,0,0,166.725722286586,1,0,0
1.18,50,400,0,166.725722286586,34.2742777134144,0,201,0,201,201,0,0,166.725722286586,1,0,0
1.181,50,400,0,166.725722286586,34.2742777134144,0,201,0,201,201,0,0,166.725722286586,1,0,0
1.182,50,400,0,166.725722286586,34.2742777134144,0,201,0,201,201,0,0,166.725722286586,1,0,0
1.183,50,400,0,166.725722286586,34.2742777134144,0,201,0,201,201,0,0,166.725722286586,1,0,0
1.184,50,400,0,166.725722286586,34.2742777134144,0,201,0,201,201,0,0,166.725722286586,1,0,0
1.185,50,400,0,166.725722286586,34.2742777134144,0,201,0,201,201,0,0,166.725722286586,1,0,0
1.186,50,400,0,166.725722286586,34.2742777134144,0,201,0,201,201,0,0,166.725722286586,1,0,0
1.187,50,400,0,166.725722286586,34.2742777134144,0,201,0,201,201,0,0,166.725722286586,1,0,0
1.188,50,400,0,166.725722286586,34.2742777134144,0,201,0,201,201,0,0,166.725722286586,1,0,0
1.189,50,400,0,166.725722286586,34.2742777134144,0,201,0,201,201,0,0,166.725722286586,1,0,0
1.19,50,400,0,166.725722286586,34.2742777134144,0,201,0,201,201,0,0,166.725722286586,1,0,0
1.191,50,400,0,166.725722286586,34.2742777134144,0,201,0,201,201,0,0,166.725722286586,1,0,0
1.192,50,400,0,166.725722286586,34.2742777134144,0,201,0,201,201,0,0,166.725722286586,1,0,0
1.193,50,400,0,166.725722286586,34.2742777134144,0,201,0,201,201,0,0,166.725722286586,1,0,0
1.194,50,400,0,166.725722286586,34.2742777134144,0,201,0,201,201,0,0,166.725722286586,1,0,0
1.195,50,400,0,166.725722286586,34.2742777134144,0,201,0,201,201,0,0,166.725722286586,1,0,0
1.196,50,400,0,166.725722286586,34.2742777134144,0,201,0,201,201,0,0,166.725722286586,1,0,0
1.197,50,400,0,166.725722286586,34.2742777134144,0,201,0,201,201,0,0,166.725722286586,1,0,0
1.198,50,400,0,166.725722286586,34.2742777134144,0,201,0,201,201,0,0,166.725722286586,1,0,0
1.199,50,400,0,166.725722286586,34.2742777134144,0,201,0,201,201,0,0,166.725722286586,1,0,0
1.2,50,400,0,166.725722286586,34.2742777134144,0,201,0,201,201,0,0,166.725722286586,1,0,0
1.201,50,400,0,166.725722286586,34.2742777134144,0,201,0,201,201,0,0,166.725722286586,1,0,0
1.202,50,400,0,166.725722286586,34.2742777134144,0,201,0,201,201,0,0,166.725722286586,1,0,0
1.203,50,400,0,166.725722286586,34.2742777134144,0,201,0,201,201,0,0,166.725722286586,1,0,0
1.204,50,400,0,166.725722286586,34.2742777134144,0,201,0,201,201,0,0,166.725722286586,1,0,0
1.205,50,400,0,166.725722286586,34.2742777134144,0,201,0,201,201,0,0,166.725722286586,1,0,0
1.206,50,400,0,166.725722286586,34.2742777134144,0,201,0,201,201,0,0,166.725722286586,1,0,0
1.207,50,400,0,166.725722286586,34.2742777134144,0,201,0,201,201,0,0,166.725722286586,1,0,0
1.208,50,400,0,166.725722286586,34.2742777134144,0,201,0,201,201,0,0,166.725722286586,1,0,0
1.209,50,400,0,166.725722286586,34.2742777134144,0,201,0,201,201,0,0,166.725722286586,1,0,0
1.21,50,400,0,166.725722286586,34.2742777134144,0,201,0,201,201,0,0,166.725722286586,1,0,0
1.211,50,400,0,166.725722286586,34.2742777134144,0,201,0,201,201,0,0,166.725722286586,1,0,0
1.212,50,400,0,166.725722286586,34.2742777134144,0,201,0,201,201,0,0,166.725722286586,1,0,0
1.213,50,400,0,166.725722286586,34.2742777134144,0,201,0,201,201,0,0,166.725722286586,1,0,0
1.214,50,400,0,166.725722286586,34.2742777134144,0,201,0,201,201,0,0,166.725722286586,1,0,0
1.215,50,400,0,166.725722286586,34.2742777134144,0,201,0,201,201,0,0,166.725722286586,1,0,0
1.216,50,400,0,166.725722286586,34.2742777134144,0,201,0,201,201,0,0,166.725722286586,1,0,0
1.217,50,400,0,166.725722286586,34.2742777134144,0,201,0,201,201,0,0,166.725722286586,1,0,0
1.218,50,400,0,166.725722286586,34.2742777134144,0,201,0,201,201,0,0,166.725722286586,1,0,0
1.219,50,400,0,166.725722286586,34.2742777134144,0,201,0,201,201,0,0,166.725722286586,1,0,0
1.22,50,400,0,166.725722286586,34.2742777134144,0,201,0,201,201,0,0,166.725722286586,1,0,0
1.221,50,400,0,166.725722286586,34.2742777134144,0,201,0,201,201,0,0,166.725722286586,1,0,0
1.222,50,400,0,166.725722286586,34.2742777134144,0,201,0,201,201,0,0,166.725722286586,1,0,0
1.223,50,400,0,166.725722286586,34.2742777134144,0,201,0,201,201,0,0,166.725722286586,1,0,0
1.224,50,400,0,166.725722286586,34.2742777134144,0,201,0,201,201,0,0,166.725722286586,1,0,0
1.225,50,400,0,166.725722286586,34.2742777134144,0,201,0,201,201,0,0,166.725722286586,1,0,0
1.226,50,400,0,166.725722286586,34.2742777134144,0,201,0,201,201,0,0,166.725722286586,1,0,0
1.227,50,400,0,166.725722286586,34.2742777134144,0,201,0,201,201,0,0,166.725722286586,1,0,0
1.228,50,400,0,166.725722286586,34.2742777134144,0,201,0,201,201,0,0,166.725722286586,1,0,0
1.229,50,400,0,166.725722286586,34.2742777134144,0,201,0,201,201,0,0,166.725722286586,1,0,0
1.23,50,400,0,166.725722286586,34.2742777134144,0,201,0,201,201,0,0,166.725722286586,1,0,0
1.231,50,400,0,166.725722286586,34.2742777134144,0,201,0,201,201,0,0,166.725722286586,1,0,0
1.232,50,400,0,166.725722286586,34.2742777134144,0,201,0,201,201,0,0,166.725722286586,1,0,0
1.233,50,400,0,166.725722286586,34.2742777134144,0,201,0,201,201,0,0,166.725722286586,1,0,0
1.234,50,400,0,166.725722286586,34.2742777134144,0,201,0,201,201,0,0,166.725722286586,1,0,0
1.235,50,400,0,166.725722286586,34.2742777134144,0,201,0,201,201,0,0,166.725722286586,1,0,0
1.236,50,400,0,166.725722286586,34.2742777134144,0,201,0,201,201,0,0,166.725722286586,1,0,0
1.237,50,400,0,166.725722286586,34.2742777134144,0,201,0,201,201,0,0,166.725722286586,1,0,0
1.238,50,400,0,166.725722286586,34.2742777134144,0,201,0,201,201,0,0,166.725722286586,1,0,0
1.239,50,400,0,166.725722286586,34.2742777134144,0,201,0,201,201,0,0,166.725722286586,1,0,0
1.24,50,400,0,166.725722286586,34.2742777134144,0,201,0,201,201,0,0,166.725722286586,1,0,0
1.241,50,400,0,166.725722286586,34.2742777134144,0,201,0,201,201,0,0,166.725722286586,1,0,0
1.242,50,400,0,166.725722286586,34.2742777134144,0,201,0,201,201,0,0,166.725722286586,1,0,0
1.243,50,400,0,166.725722286586,34.2742777134144,0,201,0,201,201,0,0,166.725722286586,1,0,0
1.244,50,400,0,166.725722286586,34.2742777134144,0,201,0,201,201,0,0,166.725722286586,1,0,0
1.245,50,400,0,166.725722286586,34.2742777134144,0,201,0,201,201,0,0,166.725722286586,1,0,0
1.246,50,400,0,166.725722286586,34.2742777134144,0,201,0,201,201,0,0,166.725722286586,1,0,0
1.247,50,400,0,166.725722286586,34.2742777134144,0,201,0,201,201,0,0,166.725722286586,1,0,0
1.248,50,400,0,166.725722286586,34.2742777134144,0,201,0,201,201,0,0,166.725722286586,1,0,0
1.249,50,400,0,166.725722286586,34.2742777134144,0,201,0,201,201,0,0,166.725722286586,1,0,0
1.25,50,400,0,166.725722286586,34.2742777134144,0,201,0,201,201,0,0,166.725722286586,1,0,0
1.251,50,400,0,166.725722286586,34.2742777134144,0,201,0,201,201,0,0,166.725722286586,1,0,0
1.252,50,400,0,166.725722286586,34.2742777134144,0,201,0,201,201,0,0,166.725722286586,1,0,0
1.253,50,400,0,166.725722286586,34.2742777134144,0,201,0,201,201,0,0,166.725722286586,1,0,0
1.254,50,400,0,166.725722286586,34.2742777134144,0,201,0,201,201,0,0,166.725722286586,1,0,0
1.255,50,400,0,166.725722286586,34.2742777134144,0,201,0,201,201,0,0,166.725722286586,1,0,0
1.256,50,400,0,166.725722286586,34.2742777134144,0,201,0,201,201,0,0,166.725722286586,1,0,0
1.257,50,400,0,166.725722286586,34.2742777134144,0,201,0,201,201,0,0,166.725722286586,1,0,0
1.258,50,400,0,166.725722286586,34.2742777134144,0,201,0,201,201,0,0,166.725722286586,1,0,0
1.259,50,400,0,166.725722286586,34.2742777134144,0,201,0,201,201,0,0,166.725722286586,1,0,0
1.26,50,400,0,166.725722286586,34.2742777134144,0,201,0,201,201,0,0,166.725722286586,1,0,0
1.261,50,400,0,166.725722286586,34.2742777134144,0,201,0,201,201,0,0,166.725722286586,1,0,0
1.262,50,400,0,166.725722286586,34.2742777134144,0,201,0,201,201,0,0,166.725722286586,1,0,0
1.263,50,400,0,166.725722286586,34.2742777134144,0,201,0,201,201,0,0,166.725722286586,1,0,0
1.264,50,400,0,166.725722286586,34.2742777134144,0,201,0,201,201,0,0,166.725722286586,1,0,0
1.265,50,400,0,166.725722286586,34.2742777134144,0,201,0,201,201,0,0,166.725722286586,1,0,0
1.266,50,400,0,166.725722286586,34.2742777134144,0,201,0,201,201,0,0,166.725722286586,1,0,0
1.267,50,400,0,166.725722286586,34.2742777134144,0,201,0,201,201,0,0,166.725722286586,1,0,0
1.268,50,400,0,166.725722286586,34.2742777134144,0,201,0,201,201,0,0,166.725722286586,1,0,0
1.269,50,400,0,166.725722286586,34.2742777134144,0,201,0,201,201,0,0,166.725722286586,1,0,0
1.27,50,400,0,166.725722286586,34.2742777134144,0,201,0,201,201,0,0,166.725722286586,1,0,0
1.271,50,400,0,166.725722286586,34.2742777134144,0,201,0,201,201,0,0,166.725722286586,1,0,0
1.272,50,400,0,166.725722286586,34.2742777134144,0,201,0,201,201,0,0,166.725722286586,1,0,0
1.273,50,400,0,166.725722286586,34.2742777134144,0,201,0,201,201,0,0,166.725722286586,1,0,0
1.274,50,400,0,166.725722286586,34.2742777134144,0,201,0,201,201,0,0,166.725722286586,1,0,0
1.275,50,400,0,166.725722286586,34.2742777134144,0,201,0,201,201,0,0,166.725722286586,1,0,0
1.276,50,400,0,166.725722286586,34.2742777134144,0,201,0,201,201,0,0,166.725722286586,1,0,0
1.277,50,400,0,166.725722286586,34.2742777134144,0,201,0,201,201,0,0,166.725722286586,1,0,0
1.278,50,400,0,166.725722286586,34.2742777134144,0,201,0,201,201,0,0,166.725722286586,1,0,0
1.279,50,400,0,166.725722286586,34.2742777134144,0,201,0,201,201,0,0,166.725722286586,1,0,0
1.28,50,400,0,166.725722286586,34.2742777134144,0,201,0,201,201,0,0,166.725722286586,1,0,0
1.281,50,400,0,166.725722286586,34.2742777134144,0,201,0,201,201,0,0,166.725722286586,1,0,0
1.282,50,400,0,166.725722286586,34.2742777134144,0,201,0,201,201,0,0,166.725722286586,1,0,0
1.283,50,400,0,166.725722286586,34.2742777134144,0,201,0,201,201,0,0,166.725722286586,1,0,0
1.284,50,400,0,166.725722286586,34.2742777134144,0,201,0,201,201,0,0,166.725722286586,1,0,0
1.285,50,400,0,166.725722286586,34.2742777134144,0,201,0,201,201,0,0,166.725722286586,1,0,0
1.286,50,400,0,166.725722286586,34.2742777134144,0,201,0,201,201,0,0,166.725722286586,1,0,0
1.287,50,400,0,166.725722286586,34.2742777134144,0,201,0,201,201,0,0,166.725722286586,1,0,0
1.288,50,400,0,166.725722286586,34.2742777134144,0,201,0,201,201,0,0,166.725722286586,1,0,0
1.289,50,400,0,166.725722286586,34.2742777134144,0,201,0,201,201,0,0,166.725722286586,1,0,0
1.29,50,400,0,166.725722286586,34.2742777134144,0,201,0,201,201,0,0,166.725722286586,1,0,0
1.291,50,400,0,166.725722286586,34.2742777134144,0,201,0,201,201,0,0,166.725722286586,1,0,0
1.292,50,400,0,166.725722286586,34.2742777134144,0,201,0,201,201,0,0,166.725722286586,1,0,0
1.293,50,400,0,166.725722286586,34.2742777134144,0,201,0,201,201,0,0,166.725722286586,1,0,0
1.294,50,400,0,166.725722286586,34.2742777134144,0,201,0,201,201,0,0,166.725722286586,1,0,0
1.295,50,400,0,166.725722286586,34.2742777134144,0,201,0,201,201,0,0,166.725722286586,1,0,0
1.296,50,400,0,166.725722286586,34.2742777134144,0,201,0,201,201,0,0,166.725722286586,1,0,0
1.297,50,400,0,166.725722286586,34.2742777134144,0,201,0,201,201,0,0,166.725722286586,1,0,0
1.298,50,400,0,166.725722286586,34.2742777134144,0,201,0,201,201,0,0,166.725722286586,1,0,0
1.299,50,400,0,166.725722286586,34.2742777134144,0,201,0,201,201,0,0,166.725722286586,1,0,0
1.3,50,400,0,166.725722286586,34.2742777134144,0,201,0,201,201,0,0,166.725722286586,1,0,0
1.301,50,400,0,166.725722286586,34.2742777134144,0,201,0,201,201,0,0,166.725722286586,1,0,0
1.302,50,400,0,166.725722286586,34.2742777134144,0,201,0,201,201,0,0,166.725722286586,1,0,0
1.303,50,400,0,166.725722286586,34.2742777134144,0,201,0,201,201,0,0,166.725722286586,1,0,0
1.304,50,400,0,166.725722286586,34.2742777134144,0,201,0,201,201,0,0,166.725722286586,1,0,0
1.305,50,400,0,166.725722286586,34.2742777134144,0,201,0,201,201,0,0,166.725722286586,1,0,0
1.306,50,400,0,166.725722286586,34.2742777134144,0,201,0,201,201,0,0,166.725722286586,1,0,0
1.307,50,400,0,166.725722286586,34.2742777134144,0,201,0,201,201,0,0,166.725722286586,1,0,0
1.308,50,400,0,166.725722286586,34.2742777134144,0,201,0,201,201,0,0,166.725722286586,1,0,0
1.309,50,400,0,166.725722286586,34.2742777134144,0,201,0,201,201,0,0,166.725722286586,1,0,0
1.31,50,400,0,166.725722286586,34.2742777134144,0,201,0,201,201,0,0,166.725722286586,1,0,0
1.311,50,400,0,166.725722286586,34.2742777134144,0,201,0,201,201,0,0,166.725722286586,1,0,0
1.312,50,400,0,166.725722286586,34.2742777134144,0,201,0,201,201,0,0,166.725722286586,1,0,0
1.313,50,400,0,166.725722286586,34.2742777134144,0,201,0,201,201,0,0,166.725722286586,1,0,0
1.314,50,400,0,166.725722286586,34.2742777134144,0,201,0,201,201,0,0,166.725722286586,1,0,0
1.315,50,400,0,166.725722286586,34.2742777134144,0,201,0,201,201,0,0,166.725722286586,1,0,0
1.316,50,400,0,166.725722286586,34.2742777134144,0,201,0,201,201,0,0,166.725722286586,1,0,0
1.317,50,400,0,166.725722286586,34.2742777134144,0,201,0,201,201,0,0,166.725722286586,1,0,0
1.318,50,400,0,166.725722286586,34.2742777134144,0,201,0,201,201,0,0,166.725722286586,1,0,0
1.319,50,400,0,166.725722286586,34.2742777134144,0,201,0,201,201,0,0,166.725722286586,1,0,0
1.32,50,400,0,166.725722286586,34.2742777134144,0,201,0,201,201,0,0,166.725722286586,1,0,0
1.321,50,400,0,166.725722286586,34.2742777134144,0,201,0,201,201,0,0,166.725722286586,1,0,0
1.322,50,400,0,166.725722286586,34.2742777134144,0,201,0,201,201,0,0,166.725722286586,1,0,0
1.323,50,400,0,166.725722286586,34.2742777134144,0,201,0,201,201,0,0,166.725722286586,1,0,0
1.324,50,400,0,166.725722286586,34.2742777134144,0,201,0,201,201,0,0,166.725722286586,1,0,0
1.325,50,400,0,166.725722286586,34.2742777134144,0,201,0,201,201,0,0,166.725722286586,1,0,0
1.326,50,400,0,166.725722286586,34.2742777134144,0,201,0,201,201,0,0,166.725722286586,1,0,0
1.327,50,400,0,166.725722286586,34.2742777134144,0,201,0,201,201,0,0,166.725722286586,1,0,0
1.328,50,400,0,166.725722286586,34.2742777134144,0,201,0,201,201,0,0,166.725722286586,1,0,0
1.329,50,400,0,166.725722286586,34.2742777134144,0,201,0,201,201,0,0,166.725722286586,1,0,0
1.33,50,400,0,166.725722286586,34.2742777134144,0,201,0,201,201,0,0,166.725722286586,1,0,0
1.331,50,400,0,166.725722286586,34.2742777134144,0,201,0,201,201,0,0,166.725722286586,1,0,0
1.332,50,400,0,166.725722286586,34.2742777134144,0,201,0,201,201,0,0,166.725722286586,1,0,0
1.333,50,400,0,166.725722286586,34.2742777134144,0,201,0,201,201,0,0,166.725722286586,1,0,0
1.334,50,400,0,166.725722286586,34.2742777134144,0,201,0,201,201,0,0,166.725722286586,1,0,0
1.335,50,400,0,166.725722286586,34.2742777134144,0,201,0,201,201,0,0,166.725722286586,1,0,0
1.336,50,400,0,166.725722286586,34.2742777134144,0,201,0,201,201,0,0,166.725722286586,1,0,0
1.337,50,400,0,166.725722286586,34.2742777134144,0,201,0,201,201,0,0,166.725722286586,1,0,0
1.338,50,400,0,166.725722286586,34.2742777134144,0,201,0,201,201,0,0,166.725722286586,1,0,0
1.339,50,400,0,166.725722286586,34.2742777134144,0,201,0,201,201,0,0,166.725722286586,1,0,0
1.34,50,400,0,166.725722286586,34.2742777134144,0,201,0,201,201,0,0,166.725722286586,1,0,0
1.341,50,400,0,166.725722286586,34.2742777134144,0,201,0,201,201,0,0,166.725722286586,1,0,0
1.342,50,400,0,166.725722286586,34.2742777134144,0,201,0,201,201,0,0,166.725722286586,1,0,0
1.343,50,400,0,166.725722286586,34.2742777134144,0,201,0,201,201,0,0,166.725722286586,1,0,0
1.344,50,400,0,166.725722286586,34.2742777134144,0,201,0,201,201,0,0,166.725722286586,1,0,0
1.345,50,400,0,166.725722286586,34.2742777134144,0,201,0,201,201,0,0,166.725722286586,1,0,0
1.346,50,400,0,166.725722286586,34.2742777134144,0,201,0,201,201,0,0,166.725722286586,1,0,0
1.347,50,400,0,166.725722286586,34.2742777134144,0,201,0,201,201,0,0,166.725722286586,1,0,0
1.348,50,400,0,166.725722286586,34.2742777134144,0,201,0,201,201,0,0,166.725722286586,1,0,0
1.349,50,400,0,166.725722286586,34.2742777134144,0,201,0,201,201,0,0,166.725722286586,1,0,0
1.35,50,400,0,166.725722286586,34.2742777134144,0,201,0,201,201,0,0,166.725722286586,1,0,0
1.351,50,400,0,166.725722286586,34.2742777134144,0,201,0,201,201,0,0,166.725722286586,1,0,0
1.352,50,400,0,166.725722286586,34.2742777134144,0,201,0,201,201,0,0,166.725722286586,1,0,0
1.353,50,400,0,166.725722286586,34.2742777134144,0,201,0,201,201,0,0,166.725722286586,1,0,0
1.354,50,400,0,166.725722286586,34.2742777134144,0,201,0,201,201,0,0,166.725722286586,1,0,0
1.355,50,400,0,166.725722286586,34.2742777134144,0,201,0,201,201,0,0,166.725722286586,1,0,0
1.356,50,400,0,166.725722286586,34.2742777134144,0,201,0,201,201,0,0,166.725722286586,1,0,0
1.357,50,400,0,166.725722286586,34.2742777134144,0,201,0,201,201,0,0,166.725722286586,1,0,0
1.358,50,400,0,166.725722286586,34.2742777134144,0,201,0,201,201,0,0,166.725722286586,1,0,0
1.359,50,400,0,166.725722286586,34.2742777134144,0,201,0,201,201,0,0,166.725722286586,1,0,0
1.36,50,400,0,166.725722286586,34.2742777134144,0,201,0,201,201,0,0,166.725722286586,1,0,0
1.361,50,400,0,166.725722286586,34.2742777134144,0,201,0,201,201,0,0,166.725722286586,1,0,0
1.362,50,400,0,166.725722286586,34.2742777134144,0,201,0,201,201,0,0,166.725722286586,1,0,0
1.363,50,400,0,166.725722286586,34.2742777134144,0,201,0,201,201,0,0,166.725722286586,1,0,0
1.364,50,400,0,166.725722286586,34.2742777134144,0,201,0,201,201,0,0,166.725722286586,1,0,0
1.365,50,400,0,166.725722286586,34.2742777134144,0,201,0,201,201,0,0,166.725722286586,1,0,0
1.366,50,400,0,166.725722286586,34.2742777134144,0,201,0,201,201,0,0,166.725722286586,1,0,0
1.367,50,400,0,166.725722286586,34.2742777134144,0,201,0,201,201,0,0,166.725722286586,1,0,0
1.368,50,400,0,166.725722286586,34.2742777134144,0,201,0,201,201,0,0,166.725722286586,1,0,0
1.369,50,400,0,166.725722286586,34.2742777134144,0,201,0,201,201,0,0,166.725722286586,1,0,0
1.37,50,400,0,166.725722286586,34.2742777134144,0,201,0,201,201,0,0,166.725722286586,1,0,0
1.371,50,400,0,166.725722286586,34.2742777134144,0,201,0,201,201,0,0,166.725722286586,1,0,0
1.372,50,400,0,166.725722286586,34.2742777134144,0,201,0,201,201,0,0,166.725722286586,1,0,0
1.373,50,400,0,166.725722286586,34.2742777134144,0,201,0,201,201,0,0,166.725722286586,1,0,0
1.374,50,400,0,166.725722286586,34.2742777134144,0,201,0,201,201,0,0,166.725722286586,1,0,0
1.375,50,400,0,166.725722286586,34.2742777134144,0,201,0,201,201,0,0,166.725722286586,1,0,0
1.376,50,400,0,166.725722286586,34.2742777134144,0,201,0,201,201,0,0,166.725722286586,1,0,0
1.377,50,400,0,166.725722286586,34.2742777134144,0,201,0,201,201,0,0,166.725722286586,1,0,0
1.378,50,400,0,166.725722286586,34.2742777134144,0,201,0,201,201,0,0,166.725722286586,1,0,0
1.379,50,400,0,166.725722286586,34.2742777134144,0,201,0,201,201,0,0,166.725722286586,1,0,0
1.38,50,400,0,166.725722286586,34.2742777134144,0,201,0,201,201,0,0,166.725722286586,1,0,0
1.381,50,400,0,166.725722286586,34.2742777134144,0,201,0,201,201,0,0,166.725722286586,1,0,0
1.382,50,400,0,166.725722286586,34.2742777134144,0,201,0,201,201,0,0,166.725722286586,1,0,0
1.383,50,400,0,166.725722286586,34.2742777134144,0,201,0,201,201,0,0,166.725722286586,1,0,0
1.384,50,400,0,166.725722286586,34.2742777134144,0,201,0,201,201,0,0,166.725722286586,1,0,0
1.385,50,400,0,166.725722286586,34.2742777134144,0,201,0,201,201,0,0,166.725722286586,1,0,0
1.386,50,400,0,166.725722286586,34.2742777134144,0,201,0,201,201,0,0,166.725722286586,1,0,0
1.387,50,400,0,166.725722286586,34.2742777134144,0,201,0,201,201,0,0,166.725722286586,1,0,0
1.388,50,400,0,166.725722286586,34.2742777134144,0,201,0,201,201,0,0,166.725722286586,1,0,0
1.389,50,400,0,166.725722286586,34.2742777134144,0,201,0,201,201,0,0,166.725722286586,1,0,0
1.39,50,400,0,166.725722286586,34.2742777134144,0,201,0,201,201,0,0,166.725722286586,1,0,0
1.391,50,400,0,166.725722286586,34.2742777134144,0,201,0,201,201,0,0,166.725722286586,1,0,0
1.392,50,400,0,166.725722286586,34.2742777134144,0,201,0,201,201,0,0,166.725722286586,1,0,0
1.393,50,400,0,166.725722286586,34.2742777134144,0,201,0,201,201,0,0,166.725722286586,1,0,0
1.394,50,400,0,166.725722286586,34.2742777134144,0,201,0,201,201,0,0,166.725722286586,1,0,0
1.395,50,400,0,166.725722286586,34.2742777134144,0,201,0,201,201,0,0,166.725722286586,1,0,0
1.396,50,400,0,166.725722286586,34.2742777134144,0,201,0,201,201,0,0,166.725722286586,1,0,0
1.397,50,400,0,166.725722286586,34.2742777134144,0,201,0,201,201,0,0,166.725722286586,1,0,0
1.398,50,400,0,166.725722286586,34.2742777134144,0,201,0,201,201,0,0,166.725722286586,1,0,0
1.399,50,400,0,166.725722286586,34.2742777134144,0,201,0,201,201,0,0,166.725722286586,1,0,0
1.4,50,400,0,166.725722286586,34.2742777134144,0,201,0,201,201,0,0,166.725722286586,1,0,0
1.401,50,400,0,166.725722286586,34.2742777134144,0,201,0,201,201,0,0,166.725722286586,1,0,0
1.402,50,400,0,166.725722286586,34.2742777134144,0,201,0,201,201,0,0,166.725722286586,1,0,0
1.403,50,400,0,166.725722286586,34.2742777134144,0,201,0,201,201,0,0,166.725722286586,1,0,0
1.404,50,400,0,166.725722286586,34.2742777134144,0,201,0,201,201,0,0,166.725722286586,1,0,0
1.405,50,400,0,166.725722286586,34.2742777134144,0,201,0,201,201,0,0,166.725722286586,1,0,0
1.406,50,400,0,166.725722286586,34.2742777134144,0,201,0,201,201,0,0,166.725722286586,1,0,0
1.407,50,400,0,166.725722286586,34.2742777134144,0,201,0,201,201,0,0,166.725722286586,1,0,0
1.408,50,400,0,166.725722286586,34.2742777134144,0,201,0,201,201,0,0,166.725722286586,1,0,0
1.409,50,400,0,166.725722286586,34.2742777134144,0,201,0,201,201,0,0,166.725722286586,1,0,0
1.41,50,400,0,166.725722286586,34.2742777134144,0,201,0,201,201,0,0,166.725722286586,1,0,0
1.411,50,400,0,166.725722286586,34.2742777134144,0,201,0,201,201,0,0,166.725722286586,1,0,0
1.412,50,400,0,166.725722286586,34.2742777134144,0,201,0,201,201,0,0,166.725722286586,1,0,0
1.413,50,400,0,166.725722286586,34.2742777134144,0,201,0,201,201,0,0,166.725722286586,1,0,0
1.414,50,400,0,166.725722286586,34.2742777134144,0,201,0,201,201,0,0,166.725722286586,1,0,0
1.415,50,400,0,166.725722286586,34.2742777134144,0,201,0,201,201,0,0,166.725722286586,1,0,0
1.416,50,400,0,166.725722286586,34.2742777134144,0,201,0,201,201,0,0,166.725722286586,1,0,0
1.417,50,400,0,166.725722286586,34.2742777134144,0,201,0,201,201,0,0,166.725722286586,1,0,0
1.418,50,400,0,166.725722286586,34.2742777134144,0,201,0,201,201,0,0,166.725722286586,1,0,0
1.419,50,400,0,166.725722286586,34.2742777134144,0,201,0,201,201,0,0,166.725722286586,1,0,0
1.42,50,400,0,166.725722286586,34.2742777134144,0,201,0,201,201,0,0,166.725722286586,1,0,0
1.421,50,400,0,166.725722286586,34.2742777134144,0,201,0,201,201,0,0,166.725722286586,1,0,0
1.422,50,400,0,166.725722286586,34.2742777134144,0,201,0,201,201,0,0,166.725722286586,1,0,0
1.423,50,400,0,166.725722286586,34.2742777134144,0,201,0,201,201,0,0,166.725722286586,1,0,0
1.424,50,400,0,166.725722286586,34.2742777134144,0,201,0,201,201,0,0,166.725722286586,1,0,0
1.425,50,400,0,166.725722286586,34.2742777134144,0,201,0,201,201,0,0,166.725722286586,1,0,0
1.426,50,400,0,166.725722286586,34.2742777134144,0,201,0,201,201,0,0,166.725722286586,1,0,0
1.427,50,400,0,166.725722286586,34.2742777134144,0,201,0,201,201,0,0,166.725722286586,1,0,0
1.428,50,400,0,166.725722286586,34.2742777134144,0,201,0,201,201,0,0,166.725722286586,1,0,0
1.429,50,400,0,166.725722286586,34.2742777134144,0,201,0,201,201,0,0,166.725722286586,1,0,0
1.43,50,400,0,166.725722286586,34.2742777134144,0,201,0,201,201,0,0,166.725722286586,1,0,0
1.431,50,400,0,166.725722286586,34.2742777134144,0,201,0,201,201,0,0,166.725722286586,1,0,0
1.432,50,400,0,166.725722286586,34.2742777134144,0,201,0,201,201,0,0,166.725722286586,1,0,0
1.433,50,400,0,166.725722286586,34.2742777134144,0,201,0,201,201,0,0,166.725722286586,1,0,0
1.434,50,400,0,166.725722286586,34.2742777134144,0,201,0,201,201,0,0,166.725722286586,1,0,0
1.435,50,400,0,166.725722286586,34.2742777134144,0,201,0,201,201,0,0,166.725722286586,1,0,0
1.436,50,400,0,166.725722286586,34.2742777134144,0,201,0,201,201,0,0,166.725722286586,1,0,0
1.437,50,400,0,166.725722286586,34.2742777134144,0,201,0,201,201,0,0,166.725722286586,1,0,0
1.438,50,400,0,166.725722286586,34.2742777134144,0,201,0,201,201,0,0,166.725722286586,1,0,0
1.439,50,400,0,166.725722286586,34.2742777134144,0,201,0,201,201,0,0,166.725722286586,1,0,0
1.44,50,400,0,166.725722286586,34.2742777134144,0,201,0,201,201,0,0,166.725722286586,1,0,0
1.441,50,400,0,166.725722286586,34.2742777134144,0,201,0,201,201,0,0,166.725722286586,1,0,0
1.442,50,400,0,166.725722286586,34.2742777134144,0,201,0,201,201,0,0,166.725722286586,1,0,0
1.443,50,400,0,166.725722286586,34.2742777134144,0,201,0,201,201,0,0,166.725722286586,1,0,0
1.444,50,400,0,166.725722286586,34.2742777134144,0,201,0,201,201,0,0,166.725722286586,1,0,0
1.445,50,400,0,166.725722286586,34.2742777134144,0,201,0,201,201,0,0,166.725722286586,1,0,0
1.446,50,400,0,166.725722286586,34.2742777134144,0,201,0,201,201,0,0,166.725722286586,1,0,0
1.447,50,400,0,166.725722286586,34.2742777134144,0,201,0,201,201,0,0,166.725722286586,1,0,0
1.448,50,400,0,166.725722286586,34.2742777134144,0,201,0,201,201,0,0,166.725722286586,1,0,0
1.449,50,400,0,166.725722286586,34.2742777134144,0,201,0,201,201,0,0,166.725722286586,1,0,0
1.45,50,400,0,166.725722286586,34.2742777134144,0,201,0,201,201,0,0,166.725722286586,1,0,0
1.451,50,400,0,166.725722286586,34.2742777134144,0,201,0,201,201,0,0,166.725722286586,1,0,0
1.452,50,400,0,166.725722286586,34.2742777134144,0,201,0,201,201,0,0,166.725722286586,1,0,0
1.453,50,400,0,166.725722286586,34.2742777134144,0,201,0,201,201,0,0,166.725722286586,1,0,0
1.454,50,400,0,166.725722286586,34.2742777134144,0,201,0,201,201,0,0,166.725722286586,1,0,0
1.455,50,400,0,166.725722286586,34.2742777134144,0,201,0,201,201,0,0,166.725722286586,1,0,0
1.456,50,400,0,166.725722286586,34.2742777134144,0,201,0,201,201,0,0,166.725722286586,1,0,0
1.457,50,400,0,166.725722286586,34.2742777134144,0,201,0,201,201,0,0,166.725722286586,1,0,0
1.458,50,400,0,166.725722286586,34.2742777134144,0,201,0,201,201,0,0,166.725722286586,1,0,0
1.459,50,400,0,166.725722286586,34.2742777134144,0,201,0,201,201,0,0,166.725722286586,1,0,0
1.46,50,400,0,166.725722286586,34.2742777134144,0,201,0,201,201,0,0,166.725722286586,1,0,0
1.461,50,400,0,166.725722286586,34.2742777134144,0,201,0,201,201,0,0,166.725722286586,1,0,0
1.462,50,400,0,166.725722286586,34.2742777134144,0,201,0,201,201,0,0,166.725722286586,1,0,0
1.463,50,400,0,166.725722286586,34.2742777134144,0,201,0,201,201,0,0,166.725722286586,1,0,0
1.464,50,400,0,166.725722286586,34.2742777134144,0,201,0,201,201,0,0,166.725722286586,1,0,0
1.465,50,400,0,166.725722286586,34.2742777134144,0,201,0,201,201,0,0,166.725722286586,1,0,0
1.466,50,400,0,166.725722286586,34.2742777134144,0,201,0,201,201,0,0,166.725722286586,1,0,0
1.467,50,400,0,166.725722286586,34.2742777134144,0,201,0,201,201,0,0,166.725722286586,1,0,0
1.468,50,400,0,166.725722286586,34.2742777134144,0,201,0,201,201,0,0,166.725722286586,1,0,0
1.469,50,400,0,166.725722286586,34.2742777134144,0,201,0,201,201,0,0,166.725722286586,1,0,0
1.47,50,400,0,166.725722286586,34.2742777134144,0,201,0,201,201,0,0,166.725722286586,1,0,0
1.471,50,400,0,166.725722286586,34.2742777134144,0,201,0,201,201,0,0,166.725722286586,1,0,0
1.472,50,400,0,166.725722286586,34.2742777134144,0,201,0,201,201,0,0,166.725722286586,1,0,0
1.473,50,400,0,166.725722286586,34.2742777134144,0,201,0,201,201,0,0,166.725722286586,1,0,0
1.474,50,400,0,166.725722286586,34.2742777134144,0,201,0,201,201,0,0,166.725722286586,1,0,0
1.475,50,400,0,166.725722286586,34.2742777134144,0,201,0,201,201,0,0,166.725722286586,1,0,0
1.476,50,400,0,166.725722286586,34.2742777134144,0,201,0,201,201,0,0,166.725722286586,1,0,0
1.477,50,400,0,166.725722286586,34.2742777134144,0,201,0,201,201,0,0,166.725722286586,1,0,0
1.478,50,400,0,166.725722286586,34.2742777134144,0,201,0,201,201,0,0,166.725722286586,1,0,0
1.479,50,400,0,166.725722286586,34.2742777134144,0,201,0,201,201,0,0,166.725722286586,1,0,0
1.48,50,400,0,166.725722286586,34.2742777134144,0,201,0,201,201,0,0,166.725722286586,1,0,0
1.481,50,400,0,166.725722286586,34.2742777134144,0,201,0,201,201,0,0,166.725722286586,1,0,0
1.482,50,400,0,166.725722286586,34.2742777134144,0,201,0,201,201,0,0,166.725722286586,1,0,0
1.483,50,400,0,166.725722286586,34.2742777134144,0,201,0,201,201,0,0,166.725722286586,1,0,0
1.484,50,400,0,166.725722286586,34.2742777134144,0,201,0,201,201,0,0,166.725722286586,1,0,0
1.485,50,400,0,166.725722286586,34.2742777134144,0,201,0,201,201,0,0,166.725722286586,1,0,0
1.486,50,400,0,166.725722286586,34.2742777134144,0,201,0,201,201,0,0,166.725722286586,1,0,0
1.487,50,400,0,166.725722286586,34.2742777134144,0,201,0,201,201,0,0,166.725722286586,1,0,0
1.488,50,400,0,166.725722286586,34.2742777134144,0,201,0,201,201,0,0,166.725722286586,1,0,0
1.489,50,400,0,166.725722286586,34.2742777134144,0,201,0,201,201,0,0,166.725722286586,1,0,0
1.49,50,400,0,166.725722286586,34.2742777134144,0,201,0,201,201,0,0,166.725722286586,1,0,0
1.491,50,400,0,166.725722286586,34.2742777134144,0,201,0,201,201,0,0,166.725722286586,1,0,0
1.492,50,400,0,166.725722286586,34.2742777134144,0,201,0,201,201,0,0,166.725722286586,1,0,0
1.493,50,400,0,166.725722286586,34.2742777134144,0,201,0,201,201,0,0,166.725722286586,1,0,0
1.494,50,400,0,166.725722286586,34.2742777134144,0,201,0,201,201,0,0,166.725722286586,1,0,0
1.495,50,400,0,166.725722286586,34.2742777134144,0,201,0,201,201,0,0,166.725722286586,1,0,0
1.496,50,400,0,166.725722286586,34.2742777134144,0,201,0,201,201,0,0,166.725722286586,1,0,0
1.497,50,400,0,166.725722286586,34.2742777134144,0,201,0,201,201,0,0,166.725722286586,1,0,0
1.498,50,400,0,166.725722286586,34.2742777134144,0,201,0,201,201,0,0,166.725722286586,1,0,0
1.499,50,400,0,166.725722286586,34.2742777134144,0,201,0,201,201,0,0,166.725722286586,1,0,0
1.5,50,400,0,166.725722286586,34.2742777134144,0,201,0,201,201,0,0,166.725722286586,1,0,0
1.501,50,400,0,166.725722286586,34.2742777134144,0,201,0,201,201,0,0,166.725722286586,1,0,0
1.502,50,400,0,166.725722286586,34.2742777134144,0,201,0,201,201,0,0,166.725722286586,1,0,0
1.503,50,400,0,166.725722286586,34.2742777134144,0,201,0,201,201,0,0,166.725722286586,1,0,0
1.504,50,400,0,166.725722286586,34.2742777134144,0,201,0,201,201,0,0,166.725722286586,1,0,0
1.505,50,400,0,166.725722286586,34.2742777134144,0,201,0,201,201,0,0,166.725722286586,1,0,0
1.506,50,400,0,166.725722286586,34.2742777134144,0,201,0,201,201,0,0,166.725722286586,1,0,0
1.507,50,400,0,166.725722286586,34.2742777134144,0,201,0,201,201,0,0,166.725722286586,1,0,0
1.508,50,400,0,166.725722286586,34.2742777134144,0,201,0,201,201,0,0,166.725722286586,1,0,0
1.509,50,400,0,166.725722286586,34.2742777134144,0,201,0,201,201,0,0,166.725722286586,1,0,0
1.51,50,400,0,166.725722286586,34.2742777134144,0,201,0,201,201,0,0,166.725722286586,1,0,0
1.511,50,400,0,166.725722286586,34.2742777134144,0,201,0,201,201,0,0,166.725722286586,1,0,0
1.512,50,400,0,166.725722286586,34.2742777134144,0,201,0,201,201,0,0,166.725722286586,1,0,0
1.513,50,400,0,166.725722286586,34.2742777134144,0,201,0,201,201,0,0,166.725722286586,1,0,0
1.514,50,400,0,166.725722286586,34.2742777134144,0,201,0,201,201,0,0,166.725722286586,1,0,0
1.515,50,400,0,166.725722286586,34.2742777134144,0,201,0,201,201,0,0,166.725722286586,1,0,0
1.516,50,400,0,166.725722286586,34.2742777134144,0,201,0,201,201,0,0,166.725722286586,1,0,0
1.517,50,400,0,166.725722286586,34.2742777134144,0,201,0,201,201,0,0,166.725722286586,1,0,0
1.518,50,400,0,166.725722286586,34.2742777134144,0,201,0,201,201,0,0,166.725722286586,1,0,0
1.519,50,400,0,166.725722286586,34.2742777134144,0,201,0,201,201,0,0,166.725722286586,1,0,0
1.52,50,400,0,166.725722286586,34.2742777134144,0,201,0,201,201,0,0,166.725722286586,1,0,0
1.521,50,400,0,166.725722286586,34.2742777134144,0,201,0,201,201,0,0,166.725722286586,1,0,0
1.522,50,400,0,166.725722286586,34.2742777134144,0,201,0,201,201,0,0,166.725722286586,1,0,0
1.523,50,400,0,166.725722286586,34.2742777134144,0,201,0,201,201,0,0,166.725722286586,1,0,0
1.524,50,400,0,166.725722286586,34.2742777134144,0,201,0,201,201,0,0,166.725722286586,1,0,0
1.525,50,400,0,166.725722286586,34.2742777134144,0,201,0,201,201,0,0,166.725722286586,1,0,0
1.526,50,400,0,166.725722286586,34.2742777134144,0,201,0,201,201,0,0,166.725722286586,1,0,0
1.527,50,400,0,166.725722286586,34.2742777134144,0,201,0,201,201,0,0,166.725722286586,1,0,0
1.528,50,400,0,166.725722286586,34.2742777134144,0,201,0,201,201,0,0,166.725722286586,1,0,0
1.529,50,400,0,166.725722286586,34.2742777134144,0,201,0,201,201,0,0,166.725722286586,1,0,0
1.53,50,400,0,166.725722286586,34.2742777134144,0,201,0,201,201,0,0,166.725722286586,1,0,0
1.531,50,400,0,166.725722286586,34.2742777134144,0,201,0,201,201,0,0,166.725722286586,1,0,0
1.532,50,400,0,166.725722286586,34.2742777134144,0,201,0,201,201,0,0,166.725722286586,1,0,0
1.533,50,400,0,166.725722286586,34.2742777134144,0,201,0,201,201,0,0,166.725722286586,1,0,0
1.534,50,400,0,166.725722286586,34.2742777134144,0,201,0,201,201,0,0,166.725722286586,1,0,0
1.535,50,400,0,166.725722286586,34.2742777134144,0,201,0,201,201,0,0,166.725722286586,1,0,0
1.536,50,400,0,166.725722286586,34.2742777134144,0,201,0,201,201,0,0,166.725722286586,1,0,0
1.537,50,400,0,166.725722286586,34.2742777134144,0,201,0,201,201,0,0,166.725722286586,1,0,0
1.538,50,400,0,166.725722286586,34.2742777134144,0,201,0,201,201,0,0,166.725722286586,1,0,0
1.539,50,400,0,166.725722286586,34.2742777134144,0,201,0,201,201,0,0,166.725722286586,1,0,0
1.54,50,400,0,166.725722286586,34.2742777134144,0,201,0,201,201,0,0,166.725722286586,1,0,0
1.541,50,400,0,166.725722286586,34.2742777134144,0,201,0,201,201,0,0,166.725722286586,1,0,0
1.542,50,400,0,166.725722286586,34.2742777134144,0,201,0,201,201,0,0,166.725722286586,1,0,0
1.543,50,400,0,166.725722286586,34.2742777134144,0,201,0,201,201,0,0,166.725722286586,1,0,0
1.544,50,400,0,166.725722286586,34.2742777134144,0,201,0,201,201,0,0,166.725722286586,1,0,0
1.545,50,400,0,166.725722286586,34.2742777134144,0,201,0,201,201,0,0,166.725722286586,1,0,0
1.546,50,400,0,166.725722286586,34.2742777134144,0,201,0,201,201,0,0,166.725722286586,1,0,0
1.547,50,400,0,166.725722286586,34.2742777134144,0,201,0,201,201,0,0,166.725722286586,1,0,0
1.548,50,400,0,166.725722286586,34.2742777134144,0,201,0,201,201,0,0,166.725722286586,1,0,0
1.549,50,400,0,166.725722286586,34.2742777134144,0,201,0,201,201,0,0,166.725722286586,1,0,0
1.55,50,400,0,166.725722286586,34.2742777134144,0,201,0,201,201,0,0,166.725722286586,1,0,0
1.551,50,400,0,166.725722286586,34.2742777134144,0,201,0,201,201,0,0,166.725722286586,1,0,0
1.552,50,400,0,166.725722286586,34.2742777134144,0,201,0,201,201,0,0,166.725722286586,1,0,0
1.553,50,400,0,166.725722286586,34.2742777134144,0,201,0,201,201,0,0,166.725722286586,1,0,0
1.554,50,400,0,166.725722286586,34.2742777134144,0,201,0,201,201,0,0,166.725722286586,1,0,0
1.555,50,400,0,166.725722286586,34.2742777134144,0,201,0,201,201,0,0,166.725722286586,1,0,0
1.556,50,400,0,166.725722286586,34.2742777134144,0,201,0,201,201,0,0,166.725722286586,1,0,0
1.557,50,400,0,166.725722286586,34.2742777134144,0,201,0,201,201,0,0,166.725722286586,1,0,0
1.558,50,400,0,166.725722286586,34.2742777134144,0,201,0,201,201,0,0,166.725722286586,1,0,0
1.559,50,400,0,166.725722286586,34.2742777134144,0,201,0,201,201,0,0,166.725722286586,1,0,0
1.56,50,400,0,166.725722286586,34.2742777134144,0,201,0,201,201,0,0,166.725722286586,1,0,0
1.561,50,400,0,166.725722286586,34.2742777134144,0,201,0,201,201,0,0,166.725722286586,1,0,0
1.562,50,400,0,166.725722286586,34.2742777134144,0,201,0,201,201,0,0,166.725722286586,1,0,0
1.563,50,400,0,166.725722286586,34.2742777134144,0,201,0,201,201,0,0,166.725722286586,1,0,0
1.564,50,400,0,166.725722286586,34.2742777134144,0,201,0,201,201,0,0,166.725722286586,1,0,0
1.565,50,400,0,166.725722286586,34.2742777134144,0,201,0,201,201,0,0,166.725722286586,1,0,0
1.566,50,400,0,166.725722286586,34.2742777134144,0,201,0,201,201,0,0,166.725722286586,1,0,0
1.567,50,400,0,166.725722286586,34.2742777134144,0,201,0,201,201,0,0,166.725722286586,1,0,0
1.568,50,400,0,166.725722286586,34.2742777134144,0,201,0,201,201,0,0,166.725722286586,1,0,0
1.569,50,400,0,166.725722286586,34.2742777134144,0,201,0,201,201,0,0,166.725722286586,1,0,0
1.57,50,400,0,166.725722286586,34.2742777134144,0,201,0,201,201,0,0,166.725722286586,1,0,0
1.571,50,400,0,166.725722286586,34.2742777134144,0,201,0,201,201,0,0,166.725722286586,1,0,0
1.572,50,400,0,166.725722286586,34.2742777134144,0,201,0,201,201,0,0,166.725722286586,1,0,0
1.573,50,400,0,166.725722286586,34.2742777134144,0,201,0,201,201,0,0,166.725722286586,1,0,0
1.574,50,400,0,166.725722286586,34.2742777134144,0,201,0,201,201,0,0,166.725722286586,1,0,0
1.575,50,400,0,166.725722286586,34.2742777134144,0,201,0,201,201,0,0,166.725722286586,1,0,0
1.576,50,400,0,166.725722286586,34.2742777134144,0,201,0,201,201,0,0,166.725722286586,1,0,0
1.577,50,400,0,166.725722286586,34.2742777134144,0,201,0,201,201,0,0,166.725722286586,1,0,0
1.578,50,400,0,166.725722286586,34.2742777134144,0,201,0,201,201,0,0,166.725722286586,1,0,0
1.579,50,400,0,166.725722286586,34.2742777134144,0,201,0,201,201,0,0,166.725722286586,1,0,0
1.58,50,400,0,166.725722286586,34.2742777134144,0,201,0,201,201,0,0,166.725722286586,1,0,0
1.581,50,400,0,166.725722286586,34.2742777134144,0,201,0,201,201,0,0,166.725722286586,1,0,0
1.582,50,400,0,166.725722286586,34.2742777134144,0,201,0,201,201,0,0,166.725722286586,1,0,0
1.583,50,400,0,166.725722286586,34.2742777134144,0,201,0,201,201,0,0,166.725722286586,1,0,0
1.584,50,400,0,166.725722286586,34.2742777134144,0,201,0,201,201,0,0,166.725722286586,1,0,0
1.585,50,400,0,166.725722286586,34.2742777134144,0,201,0,201,201,0,0,166.725722286586,1,0,0
1.586,50,400,0,166.725722286586,34.2742777134144,0,201,0,201,201,0,0,166.725722286586,1,0,0
1.587,50,400,0,166.725722286586,34.2742777134144,0,201,0,201,201,0,0,166.725722286586,1,0,0
1.588,50,400,0,166.725722286586,34.2742777134144,0,201,0,201,201,0,0,166.725722286586,1,0,0
1.589,50,400,0,166.725722286586,34.2742777134144,0,201,0,201,201,0,0,166.725722286586,1,0,0
1.59,50,400,0,166.725722286586,34.2742777134144,0,201,0,201,201,0,0,166.725722286586,1,0,0
1.591,50,400,0,166.725722286586,34.2742777134144,0,201,0,201,201,0,0,166.725722286586,1,0,0
1.592,50,400,0,166.725722286586,34.2742777134144,0,201,0,201,201,0,0,166.725722286586,1,0,0
1.593,50,400,0,166.725722286586,34.2742777134144,0,201,0,201,201,0,0,166.725722286586,1,0,0
1.594,50,400,0,166.725722286586,34.2742777134144,0,201,0,201,201,0,0,166.725722286586,1,0,0
1.595,50,400,0,166.725722286586,34.2742777134144,0,201,0,201,201,0,0,166.725722286586,1,0,0
1.596,50,400,0,166.725722286586,34.2742777134144,0,201,0,201,201,0,0,166.725722286586,1,0,0
1.597,50,400,0,166.725722286586,34.2742777134144,0,201,0,201,201,0,0,166.725722286586,1,0,0
1.598,50,400,0,166.725722286586,34.2742777134144,0,201,0,201,201,0,0,166.725722286586,1,0,0
1.599,50,400,0,166.725722286586,34.2742777134144,0,201,0,201,201,0,0,166.725722286586,1,0,0
1.6,50,400,0,166.725722286586,34.2742777134144,0,201,0,201,201,0,0,166.725722286586,1,0,0
1.601,50,400,0,166.725722286586,34.2742777134144,0,201,0,201,201,0,0,166.725722286586,1,0,0
1.602,50,400,0,166.725722286586,34.2742777134144,0,201,0,201,201,0,0,166.725722286586,1,0,0
1.603,50,400,0,166.725722286586,34.2742777134144,0,201,0,201,201,0,0,166.725722286586,1,0,0
1.604,50,400,0,166.725722286586,34.2742777134144,0,201,0,201,201,0,0,166.725722286586,1,0,0
1.605,50,400,0,166.725722286586,34.2742777134144,0,201,0,201,201,0,0,166.725722286586,1,0,0
1.606,50,400,0,166.725722286586,34.2742777134144,0,201,0,201,201,0,0,166.725722286586,1,0,0
1.607,50,400,0,166.725722286586,34.2742777134144,0,201,0,201,201,0,0,166.725722286586,1,0,0
1.608,50,400,0,166.725722286586,34.2742777134144,0,201,0,201,201,0,0,166.725722286586,1,0,0
1.609,50,400,0,166.725722286586,34.2742777134144,0,201,0,201,201,0,0,166.725722286586,1,0,0
1.61,50,400,0,166.725722286586,34.2742777134144,0,201,0,201,201,0,0,166.725722286586,1,0,0
1.611,50,400,0,166.725722286586,34.2742777134144,0,201,0,201,201,0,0,166.725722286586,1,0,0
1.612,50,400,0,166.725722286586,34.2742777134144,0,201,0,201,201,0,0,166.725722286586,1,0,0
1.613,50,400,0,166.725722286586,34.2742777134144,0,201,0,201,201,0,0,166.725722286586,1,0,0
1.614,50,400,0,166.725722286586,34.2742777134144,0,201,0,201,201,0,0,166.725722286586,1,0,0
1.615,50,400,0,166.725722286586,34.2742777134144,0,201,0,201,201,0,0,166.725722286586,1,0,0
1.616,50,400,0,166.725722286586,34.2742777134144,0,201,0,201,201,0,0,166.725722286586,1,0,0
1.617,50,400,0,166.725722286586,34.2742777134144,0,201,0,201,201,0,0,166.725722286586,1,0,0
1.618,50,400,0,166.725722286586,34.2742777134144,0,201,0,201,201,0,0,166.725722286586,1,0,0
1.619,50,400,0,166.725722286586,34.2742777134144,0,201,0,201,201,0,0,166.725722286586,1,0,0
1.62,50,400,0,166.725722286586,34.2742777134144,0,201,0,201,201,0,0,166.725722286586,1,0,0
1.621,50,400,0,166.725722286586,34.2742777134144,0,201,0,201,201,0,0,166.725722286586,1,0,0
1.622,50,400,0,166.725722286586,34.2742777134144,0,201,0,201,201,0,0,166.725722286586,1,0,0
1.623,50,400,0,166.725722286586,34.2742777134144,0,201,0,201,201,0,0,166.725722286586,1,0,0
1.624,50,400,0,166.725722286586,34.2742777134144,0,201,0,201,201,0,0,166.725722286586,1,0,0
1.625,50,400,0,166.725722286586,34.2742777134144,0,201,0,201,201,0,0,166.725722286586,1,0,0
1.626,50,400,0,166.725722286586,34.2742777134144,0,201,0,201,201,0,0,166.725722286586,1,0,0
1.627,50,400,0,166.725722286586,34.2742777134144,0,201,0,201,201,0,0,166.725722286586,1,0,0
1.628,50,400,0,166.725722286586,34.2742777134144,0,201,0,201,201,0,0,166.725722286586,1,0,0
1.629,50,400,0,166.725722286586,34.2742777134144,0,201,0,201,201,0,0,166.725722286586,1,0,0
1.63,50,400,0,166.725722286586,34.2742777134144,0,201,0,201,201,0,0,166.725722286586,1,0,0
1.631,50,400,0,166.725722286586,34.2742777134144,0,201,0,201,201,0,0,166.725722286586,1,0,0
1.632,50,400,0,166.725722286586,34.2742777134144,0,201,0,201,201,0,0,166.725722286586,1,0,0
1.633,50,400,0,166.725722286586,34.2742777134144,0,201,0,201,201,0,0,166.725722286586,1,0,0
1.634,50,400,0,166.725722286586,34.2742777134144,0,201,0,201,201,0,0,166.725722286586,1,0,0
1.635,50,400,0,166.725722286586,34.2742777134144,0,201,0,201,201,0,0,166.725722286586,1,0,0
1.636,50,400,0,166.725722286586,34.2742777134144,0,201,0,201,201,0,0,166.725722286586,1,0,0
1.637,50,400,0,166.725722286586,34.2742777134144,0,201,0,201,201,0,0,166.725722286586,1,0,0
1.638,50,400,0,166.725722286586,34.2742777134144,0,201,0,201,201,0,0,166.725722286586,1,0,0
1.639,50,400,0,166.725722286586,34.2742777134144,0,201,0,201,201,0,0,166.725722286586,1,0,0
1.64,50,400,0,166.725722286586,34.2742777134144,0,201,0,201,201,0,0,166.725722286586,1,0,0
1.641,50,400,0,166.725722286586,34.2742777134144,0,201,0,201,201,0,0,166.725722286586,1,0,0
1.642,50,400,0,166.725722286586,34.2742777134144,0,201,0,201,201,0,0,166.725722286586,1,0,0
1.643,50,400,0,166.725722286586,34.2742777134144,0,201,0,201,201,0,0,166.725722286586,1,0,0
1.644,50,400,0,166.725722286586,34.2742777134144,0,201,0,201,201,0,0,166.725722286586,1,0,0
1.645,50,400,0,166.725722286586,34.2742777134144,0,201,0,201,201,0,0,166.725722286586,1,0,0
1.646,50,400,0,166.725722286586,34.2742777134144,0,201,0,201,201,0,0,166.725722286586,1,0,0
1.647,50,400,0,166.725722286586,34.2742777134144,0,201,0,201,201,0,0,166.725722286586,1,0,0
1.648,50,400,0,166.725722286586,34.2742777134144,0,201,0,201,201,0,0,166.725722286586,1,0,0
1.649,50,400,0,166.725722286586,34.2742777134144,0,201,0,201,201,0,0,166.725722286586,1,0,0
1.65,50,400,0,166.725722286586,34.2742777134144,0,201,0,201,201,0,0,166.725722286586,1,0,0
1.651,50,400,0,166.725722286586,34.2742777134144,0,201,0,201,201,0,0,166.725722286586,1,0,0
1.652,50,400,0,166.725722286586,34.2742777134144,0,201,0,201,201,0,0,166.725722286586,1,0,0
1.653,50,400,0,166.725722286586,34.2742777134144,0,201,0,201,201,0,0,166.725722286586,1,0,0
1.654,50,400,0,166.725722286586,34.2742777134144,0,201,0,201,201,0,0,166.725722286586,1,0,0
1.655,50,400,0,166.725722286586,34.2742777134144,0,201,0,201,201,0,0,166.725722286586,1,0,0
1.656,50,400,0,166.725722286586,34.2742777134144,0,201,0,201,201,0,0,166.725722286586,1,0,0
1.657,50,400,0,166.725722286586,34.2742777134144,0,201,0,201,201,0,0,166.725722286586,1,0,0
1.658,50,400,0,166.725722286586,34.2742777134144,0,201,0,201,201,0,0,166.725722286586,1,0,0
1.659,50,400,0,166.725722286586,34.2742777134144,0,201,0,201,201,0,0,166.725722286586,1,0,0
1.66,50,400,0,166.725722286586,34.2742777134144,0,201,0,201,201,0,0,166.725722286586,1,0,0
1.661,50,400,0,166.725722286586,34.2742777134144,0,201,0,201,201,0,0,166.725722286586,1,0,0
1.662,50,400,0,166.725722286586,34.2742777134144,0,201,0,201,201,0,0,166.725722286586,1,0,0
1.663,50,400,0,166.725722286586,34.2742777134144,0,201,0,201,201,0,0,166.725722286586,1,0,0
1.664,50,400,0,166.725722286586,34.2742777134144,0,201,0,201,201,0,0,166.725722286586,1,0,0
1.665,50,400,0,166.725722286586,34.2742777134144,0,201,0,201,201,0,0,166.725722286586,1,0,0
1.666,50,400,0,166.725722286586,34.2742777134144,0,201,0,201,201,0,0,166.725722286586,1,0,0
1.667,50,400,0,166.725722286586,34.2742777134144,0,201,0,201,201,0,0,166.725722286586,1,0,0
1.668,50,400,0,166.725722286586,34.2742777134144,0,201,0,201,201,0,0,166.725722286586,1,0,0
1.669,50,400,0,166.725722286586,34.2742777134144,0,201,0,201,201,0,0,166.725722286586,1,0,0
1.67,50,400,0,166.725722286586,34.2742777134144,0,201,0,201,201,0,0,166.725722286586,1,0,0
1.671,50,400,0,166.725722286586,34.2742777134144,0,201,0,201,201,0,0,166.725722286586,1,0,0
1.672,50,400,0,166.725722286586,34.2742777134144,0,201,0,201,201,0,0,166.725722286586,1,0,0
1.673,50,400,0,166.725722286586,34.2742777134144,0,201,0,201,201,0,0,166.725722286586,1,0,0
1.674,50,400,0,166.725722286586,34.2742777134144,0,201,0,201,201,0,0,166.725722286586,1,0,0
1.675,50,400,0,166.725722286586,34.2742777134144,0,201,0,201,201,0,0,166.725722286586,1,0,0
1.676,50,400,0,166.725722286586,34.2742777134144,0,201,0,201,201,0,0,166.725722286586,1,0,0
1.677,50,400,0,166.725722286586,34.2742777134144,0,201,0,201,201,0,0,166.725722286586,1,0,0
1.678,50,400,0,166.725722286586,34.2742777134144,0,201,0,201,201,0,0,166.725722286586,1,0,0
1.679,50,400,0,166.725722286586,34.2742777134144,0,201,0,201,201,0,0,166.725722286586,1,0,0
1.68,50,400,0,166.725722286586,34.2742777134144,0,201,0,201,201,0,0,166.725722286586,1,0,0
1.681,50,400,0,166.725722286586,34.2742777134144,0,201,0,201,201,0,0,166.725722286586,1,0,0
1.682,50,400,0,166.725722286586,34.2742777134144,0,201,0,201,201,0,0,166.725722286586,1,0,0
1.683,50,400,0,166.725722286586,34.2742777134144,0,201,0,201,201,0,0,166.725722286586,1,0,0
1.684,50,400,0,166.725722286586,34.2742777134144,0,201,0,201,201,0,0,166.725722286586,1,0,0
1.685,50,400,0,166.725722286586,34.2742777134144,0,201,0,201,201,0,0,166.725722286586,1,0,0
1.686,50,400,0,166.725722286586,34.2742777134144,0,201,0,201,201,0,0,166.725722286586,1,0,0
1.687,50,400,0,166.725722286586,34.2742777134144,0,201,0,201,201,0,0,166.725722286586,1,0,0
1.688,50,400,0,166.725722286586,34.2742777134144,0,201,0,201,201,0,0,166.725722286586,1,0,0
1.689,50,400,0,166.725722286586,34.2742777134144,0,201,0,201,201,0,0,166.725722286586,1,0,0
1.69,50,400,0,166.725722286586,34.2742777134144,0,201,0,201,201,0,0,166.725722286586,1,0,0
1.691,50,400,0,166.725722286586,34.2742777134144,0,201,0,201,201,0,0,166.725722286586,1,0,0
1.692,50,400,0,166.725722286586,34.2742777134144,0,201,0,201,201,0,0,166.725722286586,1,0,0
1.693,50,400,0,166.725722286586,34.2742777134144,0,201,0,201,201,0,0,166.725722286586,1,0,0
1.694,50,400,0,166.725722286586,34.2742777134144,0,201,0,201,201,0,0,166.725722286586,1,0,0
1.695,50,400,0,166.725722286586,34.2742777134144,0,201,0,201,201,0,0,166.725722286586,1,0,0
1.696,50,400,0,166.725722286586,34.2742777134144,0,201,0,201,201,0,0,166.725722286586,1,0,0
1.697,50,400,0,166.725722286586,34.2742777134144,0,201,0,201,201,0,0,166.725722286586,1,0,0
1.698,50,400,0,166.725722286586,34.2742777134144,0,201,0,201,201,0,0,166.725722286586,1,0,0
1.699,50,400,0,166.725722286586,34.2742777134144,0,201,0,201,201,0,0,166.725722286586,1,0,0
1.7,50,400,0,166.725722286586,34.2742777134144,0,201,0,201,201,0,0,166.725722286586,1,0,0
1.701,50,400,0,166.725722286586,34.2742777134144,0,201,0,201,201,0,0,166.725722286586,1,0,0
1.702,50,400,0,166.725722286586,34.2742777134144,0,201,0,201,201,0,0,166.725722286586,1,0,0
1.703,50,400,0,166.725722286586,34.2742777134144,0,201,0,201,201,0,0,166.725722286586,1,0,0
1.704,50,400,0,166.725722286586,34.2742777134144,0,201,0,201,201,0,0,166.725722286586,1,0,0
1.705,50,400,0,166.725722286586,34.2742777134144,0,201,0,201,201,0,0,166.725722286586,1,0,0
1.706,50,400,0,166.725722286586,34.2742777134144,0,201,0,201,201,0,0,166.725722286586,1,0,0
1.707,50,400,0,166.725722286586,34.2742777134144,0,201,0,201,201,0,0,166.725722286586,1,0,0
1.708,50,400,0,166.725722286586,34.2742777134144,0,201,0,201,201,0,0,166.725722286586,1,0,0
1.709,50,400,0,166.725722286586,34.2742777134144,0,201,0,201,201,0,0,166.725722286586,1,0,0
1.71,50,400,0,166.725722286586,34.2742777134144,0,201,0,201,201,0,0,166.725722286586,1,0,0
1.711,50,400,0,166.725722286586,34.2742777134144,0,201,0,201,201,0,0,166.725722286586,1,0,0
1.712,50,400,0,166.725722286586,34.2742777134144,0,201,0,201,201,0,0,166.725722286586,1,0,0
1.713,50,400,0,166.725722286586,34.2742777134144,0,201,0,201,201,0,0,166.725722286586,1,0,0
1.714,50,400,0,166.725722286586,34.2742777134144,0,201,0,201,201,0,0,166.725722286586,1,0,0
1.715,50,400,0,166.725722286586,34.2742777134144,0,201,0,201,201,0,0,166.725722286586,1,0,0
1.716,50,400,0,166.725722286586,34.2742777134144,0,201,0,201,201,0,0,166.725722286586,1,0,0
1.717,50,400,0,166.725722286586,34.2742777134144,0,201,0,201,201,0,0,166.725722286586,1,0,0
1.718,50,400,0,166.725722286586,34.2742777134144,0,201,0,201,201,0,0,166.725722286586,1,0,0
1.719,50,400,0,166.725722286586,34.2742777134144,0,201,0,201,201,0,0,166.725722286586,1,0,0
1.72,50,400,0,166.725722286586,34.2742777134144,0,201,0,201,201,0,0,166.725722286586,1,0,0
1.721,50,400,0,166.725722286586,34.2742777134144,0,201,0,201,201,0,0,166.725722286586,1,0,0
1.722,50,400,0,166.725722286586,34.2742777134144,0,201,0,201,201,0,0,166.725722286586,1,0,0
1.723,50,400,0,166.725722286586,34.2742777134144,0,201,0,201,201,0,0,166.725722286586,1,0,0
1.724,50,400,0,166.725722286586,34.2742777134144,0,201,0,201,201,0,0,166.725722286586,1,0,0
1.725,50,400,0,166.725722286586,34.2742777134144,0,201,0,201,201,0,0,166.725722286586,1,0,0
1.726,50,400,0,166.725722286586,34.2742777134144,0,201,0,201,201,0,0,166.725722286586,1,0,0
1.727,50,400,0,166.725722286586,34.2742777134144,0,201,0,201,201,0,0,166.725722286586,1,0,0
1.728,50,400,0,166.725722286586,34.2742777134144,0,201,0,201,201,0,0,166.725722286586,1,0,0
1.729,50,400,0,166.725722286586,34.2742777134144,0,201,0,201,201,0,0,166.725722286586,1,0,0
1.73,50,400,0,166.725722286586,34.2742777134144,0,201,0,201,201,0,0,166.725722286586,1,0,0
1.731,50,400,0,166.725722286586,34.2742777134144,0,201,0,201,201,0,0,166.725722286586,1,0,0
1.732,50,400,0,166.725722286586,34.2742777134144,0,201,0,201,201,0,0,166.725722286586,1,0,0
1.733,50,400,0,166.725722286586,34.2742777134144,0,201,0,201,201,0,0,166.725722286586,1,0,0
1.734,50,400,0,166.725722286586,34.2742777134144,0,201,0,201,201,0,0,166.725722286586,1,0,0
1.735,50,400,0,166.725722286586,34.2742777134144,0,201,0,201,201,0,0,166.725722286586,1,0,0
1.736,50,400,0,166.725722286586,34.2742777134144,0,201,0,201,201,0,0,166.725722286586,1,0,0
1.737,50,400,0,166.725722286586,34.2742777134144,0,201,0,201,201,0,0,166.725722286586,1,0,0
1.738,50,400,0,166.725722286586,34.2742777134144,0,201,0,201,201,0,0,166.725722286586,1,0,0
1.739,50,400,0,166.725722286586,34.2742777134144,0,201,0,201,201,0,0,166.725722286586,1,0,0
1.74,50,400,0,166.725722286586,34.2742777134144,0,201,0,201,201,0,0,166.725722286586,1,0,0
1.741,50,400,0,166.725722286586,34.2742777134144,0,201,0,201,201,0,0,166.725722286586,1,0,0
1.742,50,400,0,166.725722286586,34.2742777134144,0,201,0,201,201,0,0,166.725722286586,1,0,0
1.743,50,400,0,166.725722286586,34.2742777134144,0,201,0,201,201,0,0,166.725722286586,1,0,0
1.744,50,400,0,166.725722286586,34.2742777134144,0,201,0,201,201,0,0,166.725722286586,1,0,0
1.745,50,400,0,166.725722286586,34.2742777134144,0,201,0,201,201,0,0,166.725722286586,1,0,0
1.746,50,400,0,166.725722286586,34.2742777134144,0,201,0,201,201,0,0,166.725722286586,1,0,0
1.747,50,400,0,166.725722286586,34.2742777134144,0,201,0,201,201,0,0,166.725722286586,1,0,0
1.748,50,400,0,166.725722286586,34.2742777134144,0,201,0,201,201,0,0,166.725722286586,1,0,0
1.749,50,400,0,166.725722286586,34.2742777134144,0,201,0,201,201,0,0,166.725722286586,1,0,0
1.75,50,400,0,166.725722286586,34.2742777134144,0,201,0,201,201,0,0,166.725722286586,1,0,0
1.751,50,400,0,166.725722286586,34.2742777134144,0,201,0,201,201,0,0,166.725722286586,1,0,0
1.752,50,400,0,166.725722286586,34.2742777134144,0,201,0,201,201,0,0,166.725722286586,1,0,0
1.753,50,400,0,166.725722286586,34.2742777134144,0,201,0,201,201,0,0,166.725722286586,1,0,0
1.754,50,400,0,166.725722286586,34.2742777134144,0,201,0,201,201,0,0,166.725722286586,1,0,0
1.755,50,400,0,166.725722286586,34.2742777134144,0,201,0,201,201,0,0,166.725722286586,1,0,0
1.756,50,400,0,166.725722286586,34.2742777134144,0,201,0,201,201,0,0,166.725722286586,1,0,0
1.757,50,400,0,166.725722286586,34.2742777134144,0,201,0,201,201,0,0,166.725722286586,1,0,0
1.758,50,400,0,166.725722286586,34.2742777134144,0,201,0,201,201,0,0,166.725722286586,1,0,0
1.759,50,400,0,166.725722286586,34.2742777134144,0,201,0,201,201,0,0,166.725722286586,1,0,0
1.76,50,400,0,166.725722286586,34.2742777134144,0,201,0,201,201,0,0,166.725722286586,1,0,0
1.761,50,400,0,166.725722286586,34.2742777134144,0,201,0,201,201,0,0,166.725722286586,1,0,0
1.762,50,400,0,166.725722286586,34.2742777134144,0,201,0,201,201,0,0,166.725722286586,1,0,0
1.763,50,400,0,166.725722286586,34.2742777134144,0,201,0,201,201,0,0,166.725722286586,1,0,0
1.764,50,400,0,166.725722286586,34.2742777134144,0,201,0,201,201,0,0,166.725722286586,1,0,0
1.765,50,400,0,166.725722286586,34.2742777134144,0,201,0,201,201,0,0,166.725722286586,1,0,0
1.766,50,400,0,166.725722286586,34.2742777134144,0,201,0,201,201,0,0,166.725722286586,1,0,0
1.767,50,400,0,166.725722286586,34.2742777134144,0,201,0,201,201,0,0,166.725722286586,1,0,0
1.768,50,400,0,166.725722286586,34.2742777134144,0,201,0,201,201,0,0,166.725722286586,1,0,0
1.769,50,400,0,166.725722286586,34.2742777134144,0,201,0,201,201,0,0,166.725722286586,1,0,0
1.77,50,400,0,166.725722286586,34.2742777134144,0,201,0,201,201,0,0,166.725722286586,1,0,0
1.771,50,400,0,166.725722286586,34.2742777134144,0,201,0,201,201,0,0,166.725722286586,1,0,0
1.772,50,400,0,166.725722286586,34.2742777134144,0,201,0,201,201,0,0,166.725722286586,1,0,0
1.773,50,400,0,166.725722286586,34.2742777134144,0,201,0,201,201,0,0,166.725722286586,1,0,0
1.774,50,400,0,166.725722286586,34.2742777134144,0,201,0,201,201,0,0,166.725722286586,1,0,0
1.775,50,400,0,166.725722286586,34.2742777134144,0,201,0,201,201,0,0,166.725722286586,1,0,0
1.776,50,400,0,166.725722286586,34.2742777134144,0,201,0,201,201,0,0,166.725722286586,1,0,0
1.777,50,400,0,166.725722286586,34.2742777134144,0,201,0,201,201,0,0,166.725722286586,1,0,0
1.778,50,400,0,166.725722286586,34.2742777134144,0,201,0,201,201,0,0,166.725722286586,1,0,0
1.779,50,400,0,166.725722286586,34.2742777134144,0,201,0,201,201,0,0,166.725722286586,1,0,0
1.78,50,400,0,166.725722286586,34.2742777134144,0,201,0,201,201,0,0,166.725722286586,1,0,0
1.781,50,400,0,166.725722286586,34.2742777134144,0,201,0,201,201,0,0,166.725722286586,1,0,0
1.782,50,400,0,166.725722286586,34.2742777134144,0,201,0,201,201,0,0,166.725722286586,1,0,0
1.783,50,400,0,166.725722286586,34.2742777134144,0,201,0,201,201,0,0,166.725722286586,1,0,0
1.784,50,400,0,166.725722286586,34.2742777134144,0,201,0,201,201,0,0,166.725722286586,1,0,0
1.785,50,400,0,166.725722286586,34.2742777134144,0,201,0,201,201,0,0,166.725722286586,1,0,0
1.786,50,400,0,166.725722286586,34.2742777134144,0,201,0,201,201,0,0,166.725722286586,1,0,0
1.787,50,400,0,166.725722286586,34.2742777134144,0,201,0,201,201,0,0,166.725722286586,1,0,0
1.788,50,400,0,166.725722286586,34.2742777134144,0,201,0,201,201,0,0,166.725722286586,1,0,0
1.789,50,400,0,166.725722286586,34.2742777134144,0,201,0,201,201,0,0,166.725722286586,1,0,0
1.79,50,400,0,166.725722286586,34.2742777134144,0,201,0,201,201,0,0,166.725722286586,1,0,0
1.791,50,400,0,166.725722286586,34.2742777134144,0,201,0,201,201,0,0,166.725722286586,1,0,0
1.792,50,400,0,166.725722286586,34.2742777134144,0,201,0,201,201,0,0,166.725722286586,1,0,0
1.793,50,400,0,166.725722286586,34.2742777134144,0,201,0,201,201,0,0,166.725722286586,1,0,0
1.794,50,400,0,166.725722286586,34.2742777134144,0,201,0,201,201,0,0,166.725722286586,1,0,0
1.795,50,400,0,166.725722286586,34.2742777134144,0,201,0,201,201,0,0,166.725722286586,1,0,0
1.796,50,400,0,166.725722286586,34.2742777134144,0,201,0,201,201,0,0,166.725722286586,1,0,0
1.797,50,400,0,166.725722286586,34.2742777134144,0,201,0,201,201,0,0,166.725722286586,1,0,0
1.798,50,400,0,166.725722286586,34.2742777134144,0,201,0,201,201,0,0,166.725722286586,1,0,0
1.799,50,400,0,166.725722286586,34.2742777134144,0,201,0,201,201,0,0,166.725722286586,1,0,0
1.8,50,400,0,166.725722286586,34.2742777134144,0,201,0,201,201,0,0,166.725722286586,1,0,0
1.801,50,400,0,166.725722286586,34.2742777134144,0,201,0,201,201,0,0,166.725722286586,1,0,0
1.802,50,400,0,166.725722286586,34.2742777134144,0,201,0,201,201,0,0,166.725722286586,1,0,0
1.803,50,400,0,166.725722286586,34.2742777134144,0,201,0,201,201,0,0,166.725722286586,1,0,0
1.804,50,400,0,166.725722286586,34.2742777134144,0,201,0,201,201,0,0,166.725722286586,1,0,0
1.805,50,400,0,166.725722286586,34.2742777134144,0,201,0,201,201,0,0,166.725722286586,1,0,0
1.806,50,400,0,166.725722286586,34.2742777134144,0,201,0,201,201,0,0,166.725722286586,1,0,0
1.807,50,400,0,166.725722286586,34.2742777134144,0,201,0,201,201,0,0,166.725722286586,1,0,0
1.808,50,400,0,166.725722286586,34.2742777134144,0,201,0,201,201,0,0,166.725722286586,1,0,0
1.809,50,400,0,166.725722286586,34.2742777134144,0,201,0,201,201,0,0,166.725722286586,1,0,0
1.81,50,400,0,166.725722286586,34.2742777134144,0,201,0,201,201,0,0,166.725722286586,1,0,0
1.811,50,400,0,166.725722286586,34.2742777134144,0,201,0,201,201,0,0,166.725722286586,1,0,0
1.812,50,400,0,166.725722286586,34.2742777134144,0,201,0,201,201,0,0,166.725722286586,1,0,0
1.813,50,400,0,166.725722286586,34.2742777134144,0,201,0,201,201,0,0,166.725722286586,1,0,0
1.814,50,400,0,166.725722286586,34.2742777134144,0,201,0,201,201,0,0,166.725722286586,1,0,0
1.815,50,400,0,166.725722286586,34.2742777134144,0,201,0,201,201,0,0,166.725722286586,1,0,0
1.816,50,400,0,166.725722286586,34.2742777134144,0,201,0,201,201,0,0,166.725722286586,1,0,0
1.817,50,400,0,166.725722286586,34.2742777134144,0,201,0,201,201,0,0,166.725722286586,1,0,0
1.818,50,400,0,166.725722286586,34.2742777134144,0,201,0,201,201,0,0,166.725722286586,1,0,0
1.819,50,400,0,166.725722286586,34.2742777134144,0,201,0,201,201,0,0,166.725722286586,1,0,0
1.82,50,400,0,166.725722286586,34.2742777134144,0,201,0,201,201,0,0,166.725722286586,1,0,0
1.821,50,400,0,166.725722286586,34.2742777134144,0,201,0,201,201,0,0,166.725722286586,1,0,0
1.822,50,400,0,166.725722286586,34.2742777134144,0,201,0,201,201,0,0,166.725722286586,1,0,0
1.823,50,400,0,166.725722286586,34.2742777134144,0,201,0,201,201,0,0,166.725722286586,1,0,0
1.824,50,400,0,166.725722286586,34.2742777134144,0,201,0,201,201,0,0,166.725722286586,1,0,0
1.825,50,400,0,166.725722286586,34.2742777134144,0,201,0,201,201,0,0,166.725722286586,1,0,0
1.826,50,400,0,166.725722286586,34.2742777134144,0,201,0,201,201,0,0,166.725722286586,1,0,0
1.827,50,400,0,166.725722286586,34.2742777134144,0,201,0,201,201,0,0,166.725722286586,1,0,0
1.828,50,400,0,166.725722286586,34.2742777134144,0,201,0,201,201,0,0,166.725722286586,1,0,0
1.829,50,400,0,166.725722286586,34.2742777134144,0,201,0,201,201,0,0,166.725722286586,1,0,0
1.83,50,400,0,166.725722286586,34.2742777134144,0,201,0,201,201,0,0,166.725722286586,1,0,0
1.831,50,400,0,166.725722286586,34.2742777134144,0,201,0,201,201,0,0,166.725722286586,1,0,0
1.832,50,400,0,166.725722286586,34.2742777134144,0,201,0,201,201,0,0,166.725722286586,1,0,0
1.833,50,400,0,166.725722286586,34.2742777134144,0,201,0,201,201,0,0,166.725722286586,1,0,0
1.834,50,400,0,166.725722286586,34.2742777134144,0,201,0,201,201,0,0,166.725722286586,1,0,0
1.835,50,400,0,166.725722286586,34.2742777134144,0,201,0,201,201,0,0,166.725722286586,1,0,0
1.836,50,400,0,166.725722286586,34.2742777134144,0,201,0,201,201,0,0,166.725722286586,1,0,0
1.837,50,400,0,166.725722286586,34.2742777134144,0,201,0,201,201,0,0,166.725722286586,1,0,0
1.838,50,400,0,166.725722286586,34.2742777134144,0,201,0,201,201,0,0,166.725722286586,1,0,0
1.839,50,400,0,166.725722286586,34.2742777134144,0,201,0,201,201,0,0,166.725722286586,1,0,0
1.84,50,400,0,166.725722286586,34.2742777134144,0,201,0,201,201,0,0,166.725722286586,1,0,0
1.841,50,400,0,166.725722286586,34.2742777134144,0,201,0,201,201,0,0,166.725722286586,1,0,0
1.842,50,400,0,166.725722286586,34.2742777134144,0,201,0,201,201,0,0,166.725722286586,1,0,0
1.843,50,400,0,166.725722286586,34.2742777134144,0,201,0,201,201,0,0,166.725722286586,1,0,0
1.844,50,400,0,166.725722286586,34.2742777134144,0,201,0,201,201,0,0,166.725722286586,1,0,0
1.845,50,400,0,166.725722286586,34.2742777134144,0,201,0,201,201,0,0,166.725722286586,1,0,0
1.846,50,400,0,166.725722286586,34.2742777134144,0,201,0,201,201,0,0,166.725722286586,1,0,0
1.847,50,400,0,166.725722286586,34.2742777134144,0,201,0,201,201,0,0,166.725722286586,1,0,0
1.848,50,400,0,166.725722286586,34.2742777134144,0,201,0,201,201,0,0,166.725722286586,1,0,0
1.849,50,400,0,166.725722286586,34.2742777134144,0,201,0,201,201,0,0,166.725722286586,1,0,0
1.85,50,400,0,166.725722286586,34.2742777134144,0,201,0,201,201,0,0,166.725722286586,1,0,0
1.851,50,400,0,166.725722286586,34.2742777134144,0,201,0,201,201,0,0,166.725722286586,1,0,0
1.852,50,400,0,166.725722286586,34.2742777134144,0,201,0,201,201,0,0,166.725722286586,1,0,0
1.853,50,400,0,166.725722286586,34.2742777134144,0,201,0,201,201,0,0,166.725722286586,1,0,0
1.854,50,400,0,166.725722286586,34.2742777134144,0,201,0,201,201,0,0,166.725722286586,1,0,0
1.855,50,400,0,166.725722286586,34.2742777134144,0,201,0,201,201,0,0,166.725722286586,1,0,0
1.856,50,400,0,166.725722286586,34.2742777134144,0,201,0,201,201,0,0,166.725722286586,1,0,0
1.857,50,400,0,166.725722286586,34.2742777134144,0,201,0,201,201,0,0,166.725722286586,1,0,0
1.858,50,400,0,166.725722286586,34.2742777134144,0,201,0,201,201,0,0,166.725722286586,1,0,0
1.859,50,400,0,166.725722286586,34.2742777134144,0,201,0,201,201,0,0,166.725722286586,1,0,0
1.86,50,400,0,166.725722286586,34.2742777134144,0,201,0,201,201,0,0,166.725722286586,1,0,0
1.861,50,400,0,166.725722286586,34.2742777134144,0,201,0,201,201,0,0,166.725722286586,1,0,0
1.862,50,400,0,166.725722286586,34.2742777134144,0,201,0,201,201,0,0,166.725722286586,1,0,0
1.863,50,400,0,166.725722286586,34.2742777134144,0,201,0,201,201,0,0,166.725722286586,1,0,0
1.864,50,400,0,166.725722286586,34.2742777134144,0,201,0,201,201,0,0,166.725722286586,1,0,0
1.865,50,400,0,166.725722286586,34.2742777134144,0,201,0,201,201,0,0,166.725722286586,1,0,0
1.866,50,400,0,166.725722286586,34.2742777134144,0,201,0,201,201,0,0,166.725722286586,1,0,0
1.867,50,400,0,166.725722286586,34.2742777134144,0,201,0,201,201,0,0,166.725722286586,1,0,0
1.868,50,400,0,166.725722286586,34.2742777134144,0,201,0,201,201,0,0,166.725722286586,1,0,0
1.869,50,400,0,166.725722286586,34.2742777134144,0,201,0,201,201,0,0,166.725722286586,1,0,0
1.87,50,400,0,166.725722286586,34.2742777134144,0,201,0,201,201,0,0,166.725722286586,1,0,0
1.871,50,400,0,166.725722286586,34.2742777134144,0,201,0,201,201,0,0,166.725722286586,1,0,0
1.872,50,400,0,166.725722286586,34.2742777134144,0,201,0,201,201,0,0,166.725722286586,1,0,0
1.873,50,400,0,166.725722286586,34.2742777134144,0,201,0,201,201,0,0,166.725722286586,1,0,0
1.874,50,400,0,166.725722286586,34.2742777134144,0,201,0,201,201,0,0,166.725722286586,1,0,0
1.875,50,400,0,166.725722286586,34.2742777134144,0,201,0,201,201,0,0,166.725722286586,1,0,0
1.876,50,400,0,166.725722286586,34.2742777134144,0,201,0,201,201,0,0,166.725722286586,1,0,0
1.877,50,400,0,166.725722286586,34.2742777134144,0,201,0,201,201,0,0,166.725722286586,1,0,0
1.878,50,400,0,166.725722286586,34.2742777134144,0,201,0,201,201,0,0,166.725722286586,1,0,0
1.879,50,400,0,166.725722286586,34.2742777134144,0,201,0,201,201,0,0,166.725722286586,1,0,0
1.88,50,400,0,166.725722286586,34.2742777134144,0,201,0,201,201,0,0,166.725722286586,1,0,0
1.881,50,400,0,166.725722286586,34.2742777134144,0,201,0,201,201,0,0,166.725722286586,1,0,0
1.882,50,400,0,166.725722286586,34.2742777134144,0,201,0,201,201,0,0,166.725722286586,1,0,0
1.883,50,400,0,166.725722286586,34.2742777134144,0,201,0,201,201,0,0,166.725722286586,1,0,0
1.884,50,400,0,166.725722286586,34.2742777134144,0,201,0,201,201,0,0,166.725722286586,1,0,0
1.885,50,400,0,166.725722286586,34.2742777134144,0,201,0,201,201,0,0,166.725722286586,1,0,0
1.886,50,400,0,166.725722286586,34.2742777134144,0,201,0,201,201,0,0,166.725722286586,1,0,0
1.887,50,400,0,166.725722286586,34.2742777134144,0,201,0,201,201,0,0,166.725722286586,1,0,0
1.888,50,400,0,166.725722286586,34.2742777134144,0,201,0,201,201,0,0,166.725722286586,1,0,0
1.889,50,400,0,166.725722286586,34.2742777134144,0,201,0,201,201,0,0,166.725722286586,1,0,0
1.89,50,400,0,166.725722286586,34.2742777134144,0,201,0,201,201,0,0,166.725722286586,1,0,0
1.891,50,400,0,166.725722286586,34.2742777134144,0,201,0,201,201,0,0,166.725722286586,1,0,0
1.892,50,400,0,166.725722286586,34.2742777134144,0,201,0,201,201,0,0,166.725722286586,1,0,0
1.893,50,400,0,166.725722286586,34.2742777134144,0,201,0,201,201,0,0,166.725722286586,1,0,0
1.894,50,400,0,166.725722286586,34.2742777134144,0,201,0,201,201,0,0,166.725722286586,1,0,0
1.895,50,400,0,166.725722286586,34.2742777134144,0,201,0,201,201,0,0,166.725722286586,1,0,0
1.896,50,400,0,166.725722286586,34.2742777134144,0,201,0,201,201,0,0,166.725722286586,1,0,0
1.897,50,400,0,166.725722286586,34.2742777134144,0,201,0,201,201,0,0,166.725722286586,1,0,0
1.898,50,400,0,166.725722286586,34.2742777134144,0,201,0,201,201,0,0,166.725722286586,1,0,0
1.899,50,400,0,166.725722286586,34.2742777134144,0,201,0,201,201,0,0,166.725722286586,1,0,0
1.9,50,400,0,166.725722286586,34.2742777134144,0,201,0,201,201,0,0,166.725722286586,1,0,0
1.901,50,400,0,166.725722286586,34.2742777134144,0,201,0,201,201,0,0,166.725722286586,1,0,0
1.902,50,400,0,166.725722286586,34.2742777134144,0,201,0,201,201,0,0,166.725722286586,1,0,0
1.903,50,400,0,166.725722286586,34.2742777134144,0,201,0,201,201,0,0,166.725722286586,1,0,0
1.904,50,400,0,166.725722286586,34.2742777134144,0,201,0,201,201,0,0,166.725722286586,1,0,0
1.905,50,400,0,166.725722286586,34.2742777134144,0,201,0,201,201,0,0,166.725722286586,1,0,0
1.906,50,400,0,166.725722286586,34.2742777134144,0,201,0,201,201,0,0,166.725722286586,1,0,0
1.907,50,400,0,166.725722286586,34.2742777134144,0,201,0,201,201,0,0,166.725722286586,1,0,0
1.908,50,400,0,166.725722286586,34.2742777134144,0,201,0,201,201,0,0,166.725722286586,1,0,0
1.909,50,400,0,166.725722286586,34.2742777134144,0,201,0,201,201,0,0,166.725722286586,1,0,0
1.91,50,400,0,166.725722286586,34.2742777134144,0,201,0,201,201,0,0,166.725722286586,1,0,0
1.911,50,400,0,166.725722286586,34.2742777134144,0,201,0,201,201,0,0,166.725722286586,1,0,0
1.912,50,400,0,166.725722286586,34.2742777134144,0,201,0,201,201,0,0,166.725722286586,1,0,0
1.913,50,400,0,166.725722286586,34.2742777134144,0,201,0,201,201,0,0,166.725722286586,1,0,0
1.914,50,400,0,166.725722286586,34.2742777134144,0,201,0,201,201,0,0,166.725722286586,1,0,0
1.915,50,400,0,166.725722286586,34.2742777134144,0,201,0,201,201,0,0,166.725722286586,1,0,0
1.916,50,400,0,166.725722286586,34.2742777134144,0,201,0,201,201,0,0,166.725722286586,1,0,0
1.917,50,400,0,166.725722286586,34.2742777134144,0,201,0,201,201,0,0,166.725722286586,1,0,0
1.918,50,400,0,166.725722286586,34.2742777134144,0,201,0,201,201,0,0,166.725722286586,1,0,0
1.919,50,400,0,166.725722286586,34.2742777134144,0,201,0,201,201,0,0,166.725722286586,1,0,0
1.92,50,400,0,166.725722286586,34.2742777134144,0,201,0,201,201,0,0,166.725722286586,1,0,0
1.921,50,400,0,166.725722286586,34.2742777134144,0,201,0,201,201,0,0,166.725722286586,1,0,0
1.922,50,400,0,166.725722286586,34.2742777134144,0,201,0,201,201,0,0,166.725722286586,1,0,0
1.923,50,400,0,166.725722286586,34.2742777134144,0,201,0,201,201,0,0,166.725722286586,1,0,0
1.924,50,400,0,166.725722286586,34.2742777134144,0,201,0,201,201,0,0,166.725722286586,1,0,0
1.925,50,400,0,166.725722286586,34.2742777134144,0,201,0,201,201,0,0,166.725722286586,1,0,0
1.926,50,400,0,166.725722286586,34.2742777134144,0,201,0,201,201,0,0,166.725722286586,1,0,0
1.927,50,400,0,166.725722286586,34.2742777134144,0,201,0,201,201,0,0,166.725722286586,1,0,0
1.928,50,400,0,166.725722286586,34.2742777134144,0,201,0,201,201,0,0,166.725722286586,1,0,0
1.929,50,400,0,166.725722286586,34.2742777134144,0,201,0,201,201,0,0,166.725722286586,1,0,0
1.93,50,400,0,166.725722286586,34.2742777134144,0,201,0,201,201,0,0,166.725722286586,1,0,0
1.931,50,400,0,166.725722286586,34.2742777134144,0,201,0,201,201,0,0,166.725722286586,1,0,0
1.932,50,400,0,166.725722286586,34.2742777134144,0,201,0,201,201,0,0,166.725722286586,1,0,0
1.933,50,400,0,166.725722286586,34.2742777134144,0,201,0,201,201,0,0,166.725722286586,1,0,0
1.934,50,400,0,166.725722286586,34.2742777134144,0,201,0,201,201,0,0,166.725722286586,1,0,0
1.935,50,400,0,166.725722286586,34.2742777134144,0,201,0,201,201,0,0,166.725722286586,1,0,0
1.936,50,400,0,166.725722286586,34.2742777134144,0,201,0,201,201,0,0,166.725722286586,1,0,0
1.937,50,400,0,166.725722286586,34.2742777134144,0,201,0,201,201,0,0,166.725722286586,1,0,0
1.938,50,400,0,166.725722286586,34.2742777134144,0,201,0,201,201,0,0,166.725722286586,1,0,0
1.939,50,400,0,166.725722286586,34.2742777134144,0,201,0,201,201,0,0,166.725722286586,1,0,0
1.94,50,400,0,166.725722286586,34.2742777134144,0,201,0,201,201,0,0,166.725722286586,1,0,0
1.941,50,400,0,166.725722286586,34.2742777134144,0,201,0,201,201,0,0,166.725722286586,1,0,0
1.942,50,400,0,166.725722286586,34.2742777134144,0,201,0,201,201,0,0,166.725722286586,1,0,0
1.943,50,400,0,166.725722286586,34.2742777134144,0,201,0,201,201,0,0,166.725722286586,1,0,0
1.944,50,400,0,166.725722286586,34.2742777134144,0,201,0,201,201,0,0,166.725722286586,1,0,0
1.945,50,400,0,166.725722286586,34.2742777134144,0,201,0,201,201,0,0,166.725722286586,1,0,0
1.946,50,400,0,166.725722286586,34.2742777134144,0,201,0,201,201,0,0,166.725722286586,1,0,0
1.947,50,400,0,166.725722286586,34.2742777134144,0,201,0,201,201,0,0,166.725722286586,1,0,0
1.948,50,400,0,166.725722286586,34.2742777134144,0,201,0,201,201,0,0,166.725722286586,1,0,0
1.949,50,400,0,166.725722286586,34.2742777134144,0,201,0,201,201,0,0,166.725722286586,1,0,0
1.95,50,400,0,166.725722286586,34.2742777134144,0,201,0,201,201,0,0,166.725722286586,1,0,0
1.951,50,400,0,166.725722286586,34.2742777134144,0,201,0,201,201,0,0,166.725722286586,1,0,0
1.952,50,400,0,166.725722286586,34.2742777134144,0,201,0,201,201,0,0,166.725722286586,1,0,0
1.953,50,400,0,166.725722286586,34.2742777134144,0,201,0,201,201,0,0,166.725722286586,1,0,0
1.954,50,400,0,166.725722286586,34.2742777134144,0,201,0,201,201,0,0,166.725722286586,1,0,0
1.955,50,400,0,166.725722286586,34.2742777134144,0,201,0,201,201,0,0,166.725722286586,1,0,0
1.956,50,400,0,166.725722286586,34.2742777134144,0,201,0,201,201,0,0,166.725722286586,1,0,0
1.957,50,400,0,166.725722286586,34.2742777134144,0,201,0,201,201,0,0,166.725722286586,1,0,0
1.958,50,400,0,166.725722286586,34.2742777134144,0,201,0,201,201,0,0,166.725722286586,1,0,0
1.959,50,400,0,166.725722286586,34.2742777134144,0,201,0,201,201,0,0,166.725722286586,1,0,0
1.96,50,400,0,166.725722286586,34.2742777134144,0,201,0,201,201,0,0,166.725722286586,1,0,0
1.961,50,400,0,166.725722286586,34.2742777134144,0,201,0,201,201,0,0,166.725722286586,1,0,0
1.962,50,400,0,166.725722286586,34.2742777134144,0,201,0,201,201,0,0,166.725722286586,1,0,0
1.963,50,400,0,166.725722286586,34.2742777134144,0,201,0,201,201,0,0,166.725722286586,1,0,0
1.964,50,400,0,166.725722286586,34.2742777134144,0,201,0,201,201,0,0,166.725722286586,1,0,0
1.965,50,400,0,166.725722286586,34.2742777134144,0,201,0,201,201,0,0,166.725722286586,1,0,0
1.966,50,400,0,166.725722286586,34.2742777134144,0,201,0,201,201,0,0,166.725722286586,1,0,0
1.967,50,400,0,166.725722286586,34.2742777134144,0,201,0,201,201,0,0,166.725722286586,1,0,0
1.968,50,400,0,166.725722286586,34.2742777134144,0,201,0,201,201,0,0,166.725722286586,1,0,0
1.969,50,400,0,166.725722286586,34.2742777134144,0,201,0,201,201,0,0,166.725722286586,1,0,0
1.97,50,400,0,166.725722286586,34.2742777134144,0,201,0,201,201,0,0,166.725722286586,1,0,0
1.971,50,400,0,166.725722286586,34.2742777134144,0,201,0,201,201,0,0,166.725722286586,1,0,0
1.972,50,400,0,166.725722286586,34.2742777134144,0,201,0,201,201,0,0,166.725722286586,1,0,0
1.973,50,400,0,166.725722286586,34.2742777134144,0,201,0,201,201,0,0,166.725722286586,1,0,0
1.974,50,400,0,166.725722286586,34.2742777134144,0,201,0,201,201,0,0,166.725722286586,1,0,0
1.975,50,400,0,166.725722286586,34.2742777134144,0,201,0,201,201,0,0,166.725722286586,1,0,0
1.976,50,400,0,166.725722286586,34.2742777134144,0,201,0,201,201,0,0,166.725722286586,1,0,0
1.977,50,400,0,166.725722286586,34.2742777134144,0,201,0,201,201,0,0,166.725722286586,1,0,0
1.978,50,400,0,166.725722286586,34.2742777134144,0,201,0,201,201,0,0,166.725722286586,1,0,0
1.979,50,400,0,166.725722286586,34.2742777134144,0,201,0,201,201,0,0,166.725722286586,1,0,0
1.98,50,400,0,166.725722286586,34.2742777134144,0,201,0,201,201,0,0,166.725722286586,1,0,0
1.981,50,400,0,166.725722286586,34.2742777134144,0,201,0,201,201,0,0,166.725722286586,1,0,0
1.982,50,400,0,166.725722286586,34.2742777134144,0,201,0,201,201,0,0,166.725722286586,1,0,0
1.983,50,400,0,166.725722286586,34.2742777134144,0,201,0,201,201,0,0,166.725722286586,1,0,0
1.984,50,400,0,166.725722286586,34.2742777134144,0,201,0,201,201,0,0,166.725722286586,1,0,0
1.985,50,400,0,166.725722286586,34.2742777134144,0,201,0,201,201,0,0,166.725722286586,1,0,0
1.986,50,400,0,166.725722286586,34.2742777134144,0,201,0,201,201,0,0,166.725722286586,1,0,0
1.987,50,400,0,166.725722286586,34.2742777134144,0,201,0,201,201,0,0,166.725722286586,1,0,0
1.988,50,400,0,166.725722286586,34.2742777134144,0,201,0,201,201,0,0,166.725722286586,1,0,0
1.989,50,400,0,166.725722286586,34.2742777134144,0,201,0,201,201,0,0,166.725722286586,1,0,0
1.99,50,400,0,166.725722286586,34.2742777134144,0,201,0,201,201,0,0,166.725722286586,1,0,0
1.991,50,400,0,166.725722286586,34.2742777134144,0,201,0,201,201,0,0,166.725722286586,1,0,0
1.992,50,400,0,166.725722286586,34.2742777134144,0,201,0,201,201,0,0,166.725722286586,1,0,0
1.993,50,400,0,166.725722286586,34.2742777134144,0,201,0,201,201,0,0,166.725722286586,1,0,0
1.994,50,400,0,166.725722286586,34.2742777134144,0,201,0,201,201,0,0,166.725722286586,1,0,0
1.995,50,400,0,166.725722286586,34.2742777134144,0,201,0,201,201,0,0,166.725722286586,1,0,0
1.996,50,400,0,166.725722286586,34.2742777134144,0,201,0,201,201,0,0,166.725722286586,1,0,0
1.997,50,400,0,166.725722286586,34.2742777134144,0,201,0,201,201,0,0,166.725722286586,1,0,0
1.998,50,400,0,166.725722286586,34.2742777134144,0,201,0,201,201,0,0,166.725722286586,1,0,0
1.999,50,400,0,166.725722286586,34.2742777134144,0,201,0,201,201,0,0,166.725722286586,1,0,0
2,50,400,0,166.725722286586,34.2742777134144,0,241.2,0,241.2,201,0,0,166.725722286586,1,0,0
2.001,49.9987065637066,399.940128879515,0,166.725722286586,34.2742777134144,0,241.2,0,241.2,201,0,0,166.725722286586,1,0,0
2.002,49.9974135435767,399.881795287,0,166.725722286586,34.2826527134144,0,241.2,0,241.2,201.008375,-0.000465637065637452,0,166.725722286586,1,0,0
2.003,49.9961212089423,399.825007396615,0,166.725722286586,34.2991883910206,0,241.2,0,241.2,201.024910677606,-0.00139676137803633,0,166.725722286586,1,0,0
2.004,49.994829822153,399.769770976642,0,166.725722286586,34.323674391412,0,241.2,0,241.2,201.049396677998,-0.00279312615880372,0,166.725722286586,1,0,0
2.005,49.9935396387057,399.71608950298,0,166.725722286586,34.3559042643129,0,241.2,0,241.2,201.081626550899,-0.00465439018372337,0,166.725722286586,1,0,0
2.006,49.9922509073724,399.663964269869,0,166.725722286586,34.3956754018675,0,241.2,0,241.2,201.121397688453,-0.00698012024968733,0,166.725722286586,1,0,0
2.007,49.9909638703266,399.61339449786,0,166.725722286586,34.4427889774062,0,241.2,0,241.2,201.168511263992,-0.00976979359560744,0,166.725722286586,1,0,0
2.008,49.9896787632661,399.564377439014,0,166.725722286586,34.4970498850908,0,241.2,0,241.2,201.222772171676,-0.0130228002780356,0,166.725722286586,1,0,0
2.009,49.9883958155357,399.516908479332,0,166.725722286586,34.5582666804272,0,241.2,0,241.2,201.283988967013,-0.0167384455022324,0,166.725722286586,1,0,0
2.01,49.9871152502465,399.470981238434,0,166.725722286586,34.6262515216347,0,241.2,0,241.2,201.35197380822,-0.020915951909374,0,166.725722286586,1,0,0
2.011,49.9858372843941,399.426587666484,0,166.725722286586,34.7008201118603,0,241.2,0,241.2,201.426542398446,-0.0255544618206275,0,166.725722286586,1,0,0
2.012,49.9845621289743,399.383718138379,0,166.725722286586,34.7817916422265,0,241.2,0,241.2,201.507513928812,-0.0306530394387639,0,166.725722286586,1,0,0
2.013,49.9832899890978,399.342361545213,0,166.725722286586,34.868988735702,0,241.2,0,241.2,201.594711022288,-0.0362106730080069,0,166.725722286586,1,0,0
2.014,49.9820210641021,399.302505383045,0,166.725722286586,34.9622373917844,0,241.2,0,241.2,201.68795967837,-0.0422262769327816,0,166.725722286586,1,0,0
2.015,49.9807555476618,399.264135838974,0,166.725722286586,35.0613669319843,0,241.2,0,241.2,201.78708921857,-0.0486986938560361,0,166.725722286586,1,0,0
2.016,49.9794936278981,399.227237874566,0,166.725722286586,35.1662099460993,0,241.2,0,241.2,201.891932232685,-0.0556266966977776,0,166.725722286586,1,0,0
2.017,49.9782354874847,399.191795306638,0,166.725722286586,35.2766022392687,0,241.2,0,241.2,202.002324525854,-0.0630089906544765,0,166.725722286586,1,0,0
2.018,49.9769813037541,399.15779088544,0,166.725722286586,35.3923827797973,0,241.2,0,241.2,202.118105066383,-0.0708442151599732,0,166.725722286586,1,0,0
2.019,49.9757312488,399.125206370265,0,166.725722286586,35.5133936477395,0,241.2,0,241.2,202.239115934325,-0.0791309458085095,0,166.725722286586,1,0,0
2.02,49.9744854895802,399.094022602513,0,166.725722286586,35.6394799842316,0,241.2,0,241.2,202.365202270817,-0.0878676962404958,0,166.725722286586,1,0,0
2.021,49.9732441880156,399.06421957624,0,166.725722286586,35.7704899415643,0,241.2,0,241.2,202.49621222815,-0.0970529199916379,0,166.725722286586,1,0,0
2.022,49.9720075010899,399.035776506239,0,166.725722286586,35.9062746339843,0,241.2,0,241.2,202.63199692057,-0.106685012306004,0,166.725722286586,1,0,0
2.023,49.9707755809454,399.008671893685,0,166.725722286586,36.0466880892158,0,241.2,0,241.2,202.772410375801,-0.116762311913639,0,166.725722286586,1,0,0
2.024,49.9695485749791,398.982883589371,0,166.725722286586,36.1915872006917,0,241.2,0,241.2,202.917309487277,-0.127283102773284,0,166.725722286586,1,0,0
2.025,49.9683266259359,398.958388854591,0,166.725722286586,36.340831680486,0,241.2,0,241.2,203.066553967072,-0.138245615780811,0,166.725722286586,1,0,0
2.026,49.9671098720011,398.935164419701,0,166.725722286586,36.494284012937,0,241.2,0,241.2,203.220006299523,-0.149648030443889,0,166.725722286586,1,0,0
2.027,49.9658984468911,398.913186540403,0,166.725722286586,36.6518094089521,0,241.2,0,241.2,203.377531695538,-0.161488476523479,0,166.725722286586,1,0,0
2.028,49.9646924799421,398.892431051788,0,166.725722286586,36.8132757609862,0,241.2,0,241.2,203.538998047572,-0.173765035642689,0,166.725722286586,1,0,0
2.029,49.9634920961985,398.872873420194,0,166.725722286586,36.9785535986827,0,241.2,0,241.2,203.704275885268,-0.186475742863523,0,166.725722286586,1,0,0
2.03,49.9622974164985,398.854488792904,0,166.725722286586,37.1475160451705,0,241.2,0,241.2,203.873238331756,-0.19961858823206,0,166.725722286586,1,0,0
2.031,49.9611085575592,398.837252045755,0,166.725722286586,37.3200387740057,0,241.2,0,241.2,204.045761060591,-0.213191518292605,0,166.725722286586,1,0,0
2.032,49.95992563206,398.821137828668,0,166.725722286586,37.4959999667512,0,241.2,0,241.2,204.221722253337,-0.227192437571295,0,166.725722286586,1,0,0
2.033,49.9587487487245,398.806120609182,0,166.725722286586,37.6752802711849,0,241.2,0,241.2,204.401002557771,-0.241619210029696,0,166.725722286586,1,0,0
2.034,49.9575780124012,398.792174714006,0,166.725722286586,37.8577627601275,0,241.2,0,241.2,204.583485046713,-0.256469660488875,0,166.725722286586,1,0,0
2.035,49.9564135241426,398.779274368658,0,166.725722286586,38.0433328908828,0,241.2,0,241.2,204.769055177468,-0.271741576024458,0,166.725722286586,1,0,0
2.036,49.9552553812834,398.767393735221,0,166.725722286586,38.23187846528,0,241.2,0,241.2,204.957600751866,-0.287432707333138,0,166.725722286586,1,0,0
2.037,49.9541036775169,398.756506948271,0,166.725722286586,38.4232895903132,0,241.2,0,241.2,205.149011876899,-0.303540770071132,0,166.725722286586,1,0,0
2.038,49.9529585029706,398.746588149025,0,166.725722286586,38.617458639366,0,241.2,0,241.2,205.343180925952,-0.320063446165044,0,166.725722286586,1,0,0
2.039,49.95181994428,398.737611517745,0,166.725722286586,38.8142802140162,0,241.2,0,241.2,205.540002500602,-0.336998385095614,0,166.725722286586,1,0,0
2.04,49.9506880846616,398.729551304455,0,166.725722286586,39.0136511064122,0,241.2,0,241.2,205.739373392998,-0.3543432051548,0,166.725722286586,1,0,0
2.041,49.9495630039842,398.722381858017,0,166.725722286586,39.2154702622115,0,241.2,0,241.2,205.941192548797,-0.372095494676637,0,166.725722286586,1,0,0
2.042,49.9484447788397,398.716077653596,0,166.725722286586,39.4196387440762,0,241.2,0,241.2,206.145361030662,-0.390252813242339,0,166.725722286586,1,0,0
2.043,49.9473334826119,398.710613318583,0,166.725722286586,39.6260596957158,0,241.2,0,241.2,206.351781982301,-0.408812692860062,0,166.725722286586,1,0,0
2.044,49.9462291855449,398.705963657006,0,166.725722286586,39.834638306471,0,241.2,0,241.2,206.560360593057,-0.427772639119767,0,166.725722286586,1,0,0
2.045,49.9451319548093,398.70210367248,0,166.725722286586,40.0452817764308,0,241.2,0,241.2,206.771004063016,-0.447130132323608,0,166.725722286586,1,0,0
2.046,49.9440418545685,398.699008589729,0,166.725722286586,40.2578992820756,0,241.2,0,241.2,206.983621568661,-0.466882628592263,0,166.725722286586,1,0,0
2.047,49.9429589460428,398.696653874753,0,166.725722286586,40.4724019424381,0,241.2,0,241.2,207.198124229024,-0.487027560947617,0,166.725722286586,1,0,0
2.048,49.9418832875733,398.695015253642,0,166.725722286586,40.6887027857774,0,241.2,0,241.2,207.414425072363,-0.507562340372204,0,166.725722286586,1,0,0
2.049,49.9408149346839,398.694068730123,0,166.725722286586,40.9067167167558,0,241.2,0,241.2,207.632439003341,-0.528484356845804,0,166.725722286586,1,0,0
2.05,49.9397539401426,398.693790601853,0,166.725722286586,41.1263604841147,0,241.2,0,241.2,207.8520827707,-0.549790980359597,0,166.725722286586,1,0,0
2.051,49.9387003540219,398.694157475508,0,166.725722286586,41.3475526488399,0,241.2,0,241.2,208.073274935426,-0.571479561908258,0,166.725722286586,1,0,0
2.052,49.9376542237579,398.69514628072,0,166.725722286586,41.5702135528123,0,241.2,0,241.2,208.295935839398,-0.593547434460363,0,166.725722286586,1,0,0
2.053,49.9366155942085,398.696734282885,0,166.725722286586,41.7942652879342,0,241.2,0,241.2,208.51998757452,-0.615991913907502,0,166.725722286586,1,0,0
2.054,49.9355845077101,398.698899094903,0,166.725722286586,42.0196316657274,0,241.2,0,241.2,208.745353952313,-0.638810299992458,0,166.725722286586,1,0,0
2.055,49.9345610041347,398.701618687871,0,166.725722286586,42.2462381873951,0,241.2,0,241.2,208.971960473981,-0.661999877216808,0,166.725722286586,1,0,0
2.056,49.933545120944,398.704871400778,0,166.725722286586,42.4740120143413,0,241.2,0,241.2,209.199734300927,-0.685557915728319,0,166.725722286586,1,0,0
2.057,49.9325368932442,398.708635949239,0,166.725722286586,42.7028819391413,0,241.2,0,241.2,209.428604225727,-0.709481672188485,0,166.725722286586,1,0,0
2.058,49.9315363538392,398.712891433306,0,166.725722286586,42.932778356958,0,241.2,0,241.2,209.658500643544,-0.733768390620564,0,166.725722286586,1,0,0
2.059,49.9305435332828,398.717617344391,0,166.725722286586,43.1636332373964,0,241.2,0,241.2,209.889355523982,-0.758415303238434,0,166.725722286586,1,0,0
2.06,49.9295584599299,398.722793571339,0,166.725722286586,43.3953800967905,0,241.2,0,241.2,210.121102383376,-0.783419631256631,0,166.725722286586,1,0,0
2.061,49.9285811599873,398.728400405686,0,166.725722286586,43.6279539709181,0,241.2,0,241.2,210.353676257504,-0.808778585681879,0,166.725722286586,1,0,0
2.062,49.9276116575631,398.734418546133,0,166.725722286586,43.861291388135,0,241.2,0,241.2,210.587013674721,-0.834489368086463,0,166.725722286586,1,0,0
2.063,49.9266499747156,398.740829102282,0,166.725722286586,44.0953303429244,0,241.2,0,241.2,210.82105262951,-0.860549171363738,0,166.725722286586,1,0,0
2.064,49.9256961315008,398.74761359765,0,166.725722286586,44.3300102698563,0,241.2,0,241.2,211.055732556442,-0.886955180466118,0,166.725722286586,1,0,0
2.065,49.9247501460195,398.754753972009,0,166.725722286586,44.5652720179482,0,241.2,0,241.2,211.290994304534,-0.913704573125846,0,166.725722286586,1,0,0
2.066,49.9238120344636,398.762232583073,0,166.725722286586,44.8010578254257,0,241.2,0,241.2,211.526780112011,-0.940794520558839,0,166.725722286586,1,0,0
2.067,49.9228818111614,398.770032207568,0,166.725722286586,45.0373112948731,0,241.2,0,241.2,211.763033581459,-0.968222188151938,0,166.725722286586,1,0,0
2.068,49.9219594886218,398.778136041713,0,166.725722286586,45.2739773687718,0,241.2,0,241.2,211.999699655357,-0.99598473613383,0,166.725722286586,1,0,0
2.069,49.9210450775784,398.78652770115,0,166.725722286586,45.5110023054192,0,241.2,0,241.2,212.236724592005,-1.02407932022997,0,166.725722286586,1,0,0
2.07,49.9201385870319,398.795191220332,0,166.725722286586,45.7483336552238,0,241.2,0,241.2,212.474055941809,-1.05250309230176,0,166.725722286586,1,0,0
2.071,49.9192400242929,398.804111051419,0,166.725722286586,45.9859202373698,0,241.2,0,241.2,212.711642523955,-1.08125320097027,0,166.725722286586,1,0,0
2.072,49.9183493950227,398.813272062691,0,166.725722286586,46.2237121168477,0,241.2,0,241.2,212.949434403433,-1.11032679222482,0,166.725722286586,1,0,0
2.073,49.9174667032741,398.822659536523,0,166.725722286586,46.4616605818445,0,241.2,0,241.2,213.18738286843,-1.13972101001666,0,166.725722286586,1,0,0
2.074,49.9165919515313,398.832259166924,0,166.725722286586,46.6997181214887,0,241.2,0,241.2,213.425440408074,-1.169432996838,0,166.725722286586,1,0,0
2.075,49.9157251407492,398.84205705669,0,166.725722286586,46.9378384039452,0,241.2,0,241.2,213.663560690531,-1.19945989428673,0,166.725722286586,1,0,0
2.076,49.9148662703915,398.852039714172,0,166.725722286586,47.1759762548555,0,241.2,0,241.2,213.901698541441,-1.229798843617,0,166.725722286586,1,0,0
2.077,49.9140153384687,398.862194049701,0,166.725722286586,47.4140876361172,0,241.2,0,241.2,214.139809922703,-1.26044698627604,0,166.725722286586,1,0,0
2.078,49.9131723415748,398.872507371679,0,166.725722286586,47.6521296249987,0,241.2,0,241.2,214.377851911584,-1.29140146442732,0,166.725722286586,1,0,0
2.079,49.9123372749241,398.882967382368,0,166.725722286586,47.8900603935848,0,241.2,0,241.2,214.61578268017,-1.32265942146039,0,166.725722286586,1,0,0
2.08,49.9115101323865,398.89356217339,0,166.725722286586,48.1278391885474,0,241.2,0,241.2,214.853561475133,-1.35421800248772,0,166.725722286586,1,0,0
2.081,49.9106909065226,398.904280220965,0,166.725722286586,48.3654263112373,0,241.2,0,241.2,215.091148597823,-1.38607435482859,0,166.725722286586,1,0,0
2.082,49.9098795886183,398.915110380897,0,166.725722286586,48.6027830980926,0,241.2,0,241.2,215.328505384678,-1.41822562848045,0,166.725722286586,1,0,0
2.083,49.9090761687179,398.926041883343,0,166.725722286586,48.8398719013584,0,241.2,0,241.2,215.565594187944,-1.45066897657788,0,166.725722286586,1,0,0
2.084,49.9082806356581,398.93706432737,0,166.725722286586,49.0766560701146,0,241.2,0,241.2,215.8023783567,-1.48340155583942,0,166.725722286586,1,0,0
2.085,49.9074929770996,398.948167675315,0,166.725722286586,49.3130999316061,0,241.2,0,241.2,216.038822218192,-1.51642052700249,0,166.725722286586,1,0,0
2.086,49.9067131795593,398.959342246982,0,166.725722286586,49.5491687728717,0,241.2,0,241.2,216.274891059457,-1.54972305524665,0,166.725722286586,1,0,0
2.087,49.9059412284416,398.970578713678,0,166.725722286586,49.7848288226677,0,241.2,0,241.2,216.510551109253,-1.58330631060532,0,166.725722286586,1,0,0
2.088,49.9051771080692,398.981868092103,0,166.725722286586,50.0200472336809,0,241.2,0,241.2,216.745769520266,-1.61716746836634,0,166.725722286586,1,0,0
2.089,49.9044208017127,398.993201738123,0,166.725722286586,50.2547920650277,0,241.2,0,241.2,216.980514351613,-1.65130370946143,0,166.725722286586,1,0,0
2.09,49.9036722916205,399.004571340421,0,166.725722286586,50.4890322650357,0,241.2,0,241.2,217.214754551621,-1.68571222084486,0,166.725722286586,1,0,0
2.091,49.9029315590476,399.015968914059,0,166.725722286586,50.7227376543017,0,241.2,0,241.2,217.448459940887,-1.72039019586149,0,166.725722286586,1,0,0
2.092,49.9021985842841,399.027386793951,0,166.725722286586,50.9558789090241,0,241.2,0,241.2,217.68160119561,-1.75533483460435,0,166.725722286586,1,0,0
2.093,49.9014733466828,399.038817628263,0,166.725722286586,51.1884275446048,0,241.2,0,241.2,217.91414983119,-1.79054334426208,0,166.725722286586,1,0,0
2.094,49.9007558246868,399.05025437176,0,166.725722286586,51.420355899517,0,241.2,0,241.2,218.146078186103,-1.82601293945625,0,166.725722286586,1,0,0
2.095,49.9000459958561,399.061690279094,0,166.725722286586,51.6516371194349,0,241.2,0,241.2,218.377359406021,-1.86174084256898,0,166.725722286586,1,0,0
2.096,49.8993438368936,399.073118898068,0,166.725722286586,51.8822451416209,0,241.2,0,241.2,218.607967428207,-1.8977242840608,0,166.725722286586,1,0,0
2.097,49.8986493236716,399.084534062863,0,166.725722286586,52.112154679568,0,241.2,0,241.2,218.837876966154,-1.9339605027791,0,166.725722286586,1,0,0
2.098,49.8979624312562,399.095929887255,0,166.725722286586,52.3413412078918,0,241.2,0,241.2,219.067063494477,-1.97044674625733,0,166.725722286586,1,0,0
2.099,49.8972831339326,399.107300757822,0,166.725722286586,52.5697809474708,0,241.2,0,241.2,219.295503234056,-2.0071802710051,0,166.725722286586,1,0,0
2.1,49.8966114052291,399.118641327156,0,166.725722286586,52.7974508508286,0,241.2,0,241.2,219.523173137414,-2.04415834278937,0,166.725722286586,1,0,0
2.101,49.8959472179409,399.129946507086,0,166.725722286586,53.0243285877567,0,241.2,0,241.2,219.750050874342,-2.08137823690691,0,166.725722286586,1,0,0
2.102,49.8952905441538,399.141211461915,0,166.725722286586,53.2503925311734,0,241.2,0,241.2,219.976114817759,-2.11883723844817,0,166.725722286586,1,0,0
2.103,49.8946413552663,399.152431601691,0,166.725722286586,53.4756217432151,0,241.2,0,241.2,220.201344029801,-2.15653264255281,0,166.725722286586,1,0,0
2.104,49.8939996220126,399.163602575509,0,166.725722286586,53.6999959615577,0,241.2,0,241.2,220.425718248143,-2.19446175465696,0,166.725722286586,1,0,0
2.105,49.8933653144846,399.174720264854,0,166.725722286586,53.9234955859632,0,241.2,0,241.2,220.649217872549,-2.23262189073241,0,166.725722286586,1,0,0
2.106,49.8927384021528,399.185780776991,0,166.725722286586,54.1461016650496,0,241.2,0,241.2,220.871823951635,-2.27101037751796,0,166.725722286586,1,0,0
2.107,49.892118853888,399.196780438407,0,166.725722286586,54.3677958832793,0,241.2,0,241.2,221.093518169865,-2.30962455274295,0,166.725722286586,1,0,0
2.108,49.8915066379817,399.20771578832,0,166.725722286586,54.5885605481646,0,241.2,0,241.2,221.31428283475,-2.34846176534328,0,166.725722286586,1,0,0
2.109,49.8909017221662,399.218583572242,0,166.725722286586,54.8083785776854,0,241.2,0,241.2,221.534100864271,-2.38751937566988,0,166.725722286586,1,0,0
2.11,49.8903040736347,399.229380735619,0,166.725722286586,55.0272334879172,0,241.2,0,241.2,221.752955774503,-2.42679475569006,0,166.725722286586,1,0,0
2.111,49.8897136590607,399.240104417542,0,166.725722286586,55.245109380865,0,241.2,0,241.2,221.970831667451,-2.46628528918155,0,166.725722286586,1,0,0
2.112,49.8891304446165,399.250751944537,0,166.725722286586,55.4619909325015,0,241.2,0,241.2,222.187713219087,-2.50598837191971,0,166.725722286586,1,0,0
2.113,49.8885543959928,399.261320824438,0,166.725722286586,55.6778633810056,0,241.2,0,241.2,222.403585667591,-2.54590141185776,0,166.725722286586,1,0,0
2.114,49.8879854784158,399.271808740344,0,166.725722286586,55.8927125151981,0,241.2,0,241.2,222.618434801784,-2.58602182930036,0,166.725722286586,1,0,0
2.115,49.887423656666,399.282213544668,0,166.725722286586,56.1065246631725,0,241.2,0,241.2,222.832246949758,-2.62634705707067,0,166.725722286586,1,0,0
2.116,49.8868688950954,399.292533253277,0,166.725722286586,56.3192866811177,0,241.2,0,241.2,223.045008967703,-2.66687454067089,0,166.725722286586,1,0,0
2.117,49.8863211576442,399.302766039728,0,166.725722286586,56.5309859423283,0,241.2,0,241.2,223.256708228914,-2.70760173843656,0,166.725722286586,1,0,0
2.118,49.8857804078582,399.312910229598,0,166.725722286586,56.7416103264026,0,241.2,0,241.2,223.467332612988,-2.74852612168467,0,166.725722286586,1,0,0
2.119,49.885246608905,399.32296429492,0,166.725722286586,56.9511482086223,0,241.2,0,241.2,223.676870495208,-2.78964517485571,0,166.725722286586,1,0,0
2.12,49.8847197235899,399.332926848718,0,166.725722286586,57.1595884495136,0,241.2,0,241.2,223.885310736099,-2.83095639564991,0,166.725722286586,1,0,0
2.121,49.8841997143717,399.342796639644,0,166.725722286586,57.366920384586,0,241.2,0,241.2,224.092642671172,-2.87245729515755,0,166.725722286586,1,0,0
2.122,49.8836865433784,399.352572546722,0,166.725722286586,57.5731338142455,0,241.2,0,241.2,224.298856100831,-2.91414539798373,0,166.725722286586,1,0,0
2.123,49.8831801724218,399.362253574198,0,166.725722286586,57.7782189938807,0,241.2,0,241.2,224.503941280466,-2.9560182423675,0,166.725722286586,1,0,0
2.124,49.8826805630124,399.371838846502,0,166.725722286586,57.9821666241191,0,241.2,0,241.2,224.707888910705,-2.99807338029566,0,166.725722286586,1,0,0
2.125,49.882187676374,399.381327603309,0,166.725722286586,58.1849678412498,0,241.2,0,241.2,224.910690127835,-3.04030837761121,0,166.725722286586,1,0,0
2.126,49.8817014734578,399.390719194718,0,166.725722286586,58.3866142078117,0,241.2,0,241.2,225.112336494397,-3.08272081411656,0,166.725722286586,1,0,0
2.127,49.8812219149559,399.400013076541,0,166.725722286586,58.5870977033432,0,241.2,0,241.2,225.312819989929,-3.12530828367174,0,166.725722286586,1,0,0
2.128,49.880748961315,399.409208805694,0,166.725722286586,58.7864107152925,0,241.2,0,241.2,225.512133001878,-3.16806839428762,0,166.725722286586,1,0,0
2.129,49.8802825727496,399.418306035705,0,166.725722286586,58.9845460300844,0,241.2,0,241.2,225.71026831667,-3.21099876821423,0,166.725722286586,1,0,0
2.13,49.8798227092551,399.427304512337,0,166.725722286586,59.1814968243426,0,241.2,0,241.2,225.907219110928,-3.25409704202437,0,166.725722286586,1,0,0
2.131,49.8793693306199,399.436204069309,0,166.725722286586,59.3772566562644,0,241.2,0,241.2,226.10297894285,-3.29736086669255,0,166.725722286586,1,0,0
2.132,49.8789223964383,399.445004624137,0,166.725722286586,59.5718194571458,0,241.2,0,241.2,226.297541743731,-3.34078790766939,0,166.725722286586,1,0,0
2.133,49.8784818661223,399.453706174084,0,166.725722286586,59.7651795230538,0,241.2,0,241.2,226.490901809639,-3.38437584495161,0,166.725722286586,1,0,0
2.134,49.8780476989135,399.462308792215,0,166.725722286586,59.9573315066459,0,241.2,0,241.2,226.683053793231,-3.42812237314757,0,166.725722286586,1,0,0
2.135,49.8776198538943,399.470812623563,0,166.725722286586,60.1482704091312,0,241.2,0,241.2,226.873992695717,-3.47202520153873,0,166.725722286586,1,0,0
2.136,49.8771982899997,399.479217881408,0,166.725722286586,60.3379915723742,0,241.2,0,241.2,227.06371385896,-3.51608205413679,0,166.725722286586,1,0,0
2.137,49.876782966028,399.487524843655,0,166.725722286586,60.5264906711369,0,241.2,0,241.2,227.252212957723,-3.56029066973689,0,166.725722286586,1,0,0
2.138,49.8763738406515,399.495733849322,0,166.725722286586,60.7137637054584,0,241.2,0,241.2,227.439485992044,-3.60464880196681,0,166.725722286586,1,0,0
2.139,49.8759708724271,399.503845295137,0,166.725722286586,60.8998069931685,0,241.2,0,241.2,227.625529279754,-3.64915421933229,0,166.725722286586,1,0,0
2.14,49.8755740198066,399.511859632233,0,166.725722286586,61.0846171625347,0,241.2,0,241.2,227.81033944912,-3.69380470525855,0,166.725722286586,1,0,0
2.141,49.8751832411467,399.519777362951,0,166.725722286586,61.26819114504,0,241.2,0,241.2,227.993913431626,-3.73859805812818,0,166.725722286586,1,0,0
2.142,49.8747984947188,399.527599037743,0,166.725722286586,61.4505261682887,0,241.2,0,241.2,228.176248454874,-3.78353209131537,0,166.725722286586,1,0,0
2.143,49.8744197387184,399.535325252176,0,166.725722286586,61.6316197490391,0,241.2,0,241.2,228.357342035625,-3.82860463321662,0,166.725722286586,1,0,0
2.144,49.8740469312746,399.542956644034,0,166.725722286586,61.8114696863615,0,241.2,0,241.2,228.537191972947,-3.873813527278,0,166.725722286586,1,0,0
2.145,49.8736800304593,399.550493890518,0,166.725722286586,61.9900740549182,0,241.2,0,241.2,228.715796341504,-3.91915663201914,0,166.725722286586,1,0,0
2.146,49.8733189942958,399.557937705547,0,166.725722286586,62.1674311983645,0,241.2,0,241.2,228.89315348495,-3.96463182105378,0,166.725722286586,1,0,0
2.147,49.8729637807675,399.565288837147,0,166.725722286586,62.3435397228689,0,241.2,0,241.2,229.069262009454,-4.0102369831073,0,166.725722286586,1,0,0
2.148,49.8726143478268,399.572548064936,0,166.725722286586,62.5183984907501,0,241.2,0,241.2,229.244120777336,-4.055970022031,0,166.725722286586,1,0,0
2.149,49.8722706534027,399.5797161977,0,166.725722286586,62.6920066142299,0,241.2,0,241.2,229.417728900816,-4.10182885681335,0,166.725722286586,1,0,0
2.15,49.8719326554093,399.586794071065,0,166.725722286586,62.8643634492984,0,241.2,0,241.2,229.590085735884,-4.14781142158839,0,166.725722286586,1,0,0
2.151,49.8716003117537,399.593782545246,0,166.725722286586,63.0354685896921,0,241.2,0,241.2,229.761190876278,-4.19391566564103,0,166.725722286586,1,0,0
2.152,49.8712735803431,399.600682502889,0,166.725722286586,63.2053218609809,0,241.2,0,241.2,229.931044147567,-4.24013955340971,0,166.725722286586,1,0,0
2.153,49.8709524190929,399.607494847002,0,166.725722286586,63.3739233147643,0,241.2,0,241.2,230.09964560135,-4.2864810644862,0,166.725722286586,1,0,0
2.154,49.8706367859336,399.614220498959,0,166.725722286586,63.541273222973,0,241.2,0,241.2,230.266995509559,-4.33293819361276,0,166.725722286586,1,0,0
2.155,49.8703266388181,399.620860396596,0,166.725722286586,63.7073720722762,0,241.2,0,241.2,230.433094358862,-4.37950895067666,0,166.725722286586,1,0,0
2.156,49.8700219357284,399.627415492374,0,166.725722286586,63.8722205585914,0,241.2,0,241.2,230.597942845177,-4.42619136070213,0,166.725722286586,1,0,0
2.157,49.8697226346823,399.633886751636,0,166.725722286586,64.0358195816964,0,241.2,0,241.2,230.761541868282,-4.47298346383992,0,166.725722286586,1,0,0
2.158,49.8694286937403,399.640275150923,0,166.725722286586,64.1981702399402,0,241.2,0,241.2,230.923892526526,-4.51988331535429,0,166.725722286586,1,0,0
2.159,49.8691400710115,399.646581676375,0,166.725722286586,64.3592738250534,0,241.2,0,241.2,231.084996111639,-4.56688898560779,0,166.725722286586,1,0,0
2.16,49.8688567246602,399.652807322203,0,166.725722286586,64.5191318170541,0,241.2,0,241.2,231.24485410364,-4.61399856004366,0,166.725722286586,1,0,0
2.161,49.8685786129117,399.658953089224,0,166.725722286586,64.6777458792502,0,241.2,0,241.2,231.403468165836,-4.661210139166,0,166.725722286586,1,0,0
2.162,49.8683056940583,399.665019983479,0,166.725722286586,64.8351178533343,0,241.2,0,241.2,231.56084013992,-4.70852183851779,0,166.725722286586,1,0,0
2.163,49.868037926465,399.6710090149,0,166.725722286586,64.9912497545717,0,241.2,0,241.2,231.716972041157,-4.75593178865681,0,166.725722286586,1,0,0
2.164,49.8677752685749,399.676921196056,0,166.725722286586,65.1461437670784,0,241.2,0,241.2,231.871866053664,-4.80343813512942,0,166.725722286586,1,0,0
2.165,49.8675176789149,399.682757540959,0,166.725722286586,65.2998022391886,0,241.2,0,241.2,232.025524525774,-4.85103903844246,0,166.725722286586,1,0,0
2.166,49.8672651161008,399.688519063924,0,166.725722286586,65.4522276789102,0,241.2,0,241.2,232.177949965496,-4.89873267403309,0,166.725722286586,1,0,0
2.167,49.8670175388422,399.694206778503,0,166.725722286586,65.6034227494667,0,241.2,0,241.2,232.329145036052,-4.94651723223681,0,166.725722286586,1,0,0
2.168,49.866774905948,399.699821696458,0,166.725722286586,65.7533902649233,0,241.2,0,241.2,232.479112551509,-4.99439091825361,0,166.725722286586,1,0,0
2.169,49.8665371763306,399.705364826812,0,166.725722286586,65.902133185898,0,241.2,0,241.2,232.627855472484,-5.04235195211232,0,166.725722286586,1,0,0
2.17,49.8663043090111,399.710837174935,0,166.725722286586,66.0496546153536,0,241.2,0,241.2,232.775376901939,-5.09039856863329,0,166.725722286586,1,0,0
2.171,49.8660762631235,399.716239741694,0,166.725722286586,66.195957794472,0,241.2,0,241.2,232.921680081058,-5.13852901738929,0,166.725722286586,1,0,0
2.172,49.8658529979191,399.721573522653,0,166.725722286586,66.3410460986065,0,241.2,0,241.2,233.066768385192,-5.18674156266485,0,166.725722286586,1,0,0
2.173,49.8656344727713,399.726839507317,0,166.725722286586,66.4849230333141,0,241.2,0,241.2,233.2106453199,-5.23503448341395,0,166.725722286586,1,0,0
2.174,49.8654206471791,399.732038678431,0,166.725722286586,66.6275922304638,0,241.2,0,241.2,233.353314517049,-5.28340607321628,0,166.725722286586,1,0,0
2.175,49.8652114807712,399.737172011321,0,166.725722286586,66.7690574444208,0,241.2,0,241.2,233.494779731006,-5.33185464023182,0,166.725722286586,1,0,0
2.176,49.8650069333106,399.742240473276,0,166.725722286586,66.909322548306,0,241.2,0,241.2,233.635044834892,-5.38037850715417,0,166.725722286586,1,0,0
2.177,49.8648069646974,399.747245022983,0,166.725722286586,67.0483915303275,0,241.2,0,241.2,233.774113816913,-5.42897601116235,0,166.725722286586,1,0,0
2.178,49.8646115349731,399.752186609998,0,166.725722286586,67.1862684901858,0,241.2,0,241.2,233.911990776771,-5.47764550387129,0,166.725722286586,1,0,0
2.179,49.8644206043241,399.75706617425,0,166.725722286586,67.3229576355486,0,241.2,0,241.2,234.048679922134,-5.52638535128095,0,166.725722286586,1,0,0
2.18,49.8642341330847,399.761884645599,0,166.725722286586,67.4584632785963,0,241.2,0,241.2,234.184185565182,-5.57519393372429,0,166.725722286586,1,0,0
2.181,49.8640520817408,399.766642943416,0,166.725722286586,67.5927898326355,0,241.2,0,241.2,234.318512119221,-5.62406964581381,0,166.725722286586,1,0,0
2.182,49.8638744109333,399.771341976208,0,166.725722286586,67.7259418087804,0,241.2,0,241.2,234.451664095366,-5.67301089638711,0,166.725722286586,1,0,0
2.183,49.8637010814605,399.775982641273,0,166.725722286586,67.8579238127005,0,241.2,0,241.2,234.583646099286,-5.72201610845112,0,166.725722286586,1,0,0
2.184,49.8635320542818,399.780565824391,0,166.725722286586,67.9887405414334,0,241.2,0,241.2,234.714462828019,-5.77108371912533,0,166.725722286586,1,0,0
2.185,49.86336729052,399.785092399543,0,166.725722286586,68.1183967802619,0,241.2,0,241.2,234.844119066847,-5.82021217958388,0,166.725722286586,1,0,0
2.186,49.8632067514648,399.789563228661,0,166.725722286586,68.2468973996542,0,241.2,0,241.2,234.97261968624,-5.86939995499667,0,166.725722286586,1,0,0
2.187,49.8630503985745,399.793979161408,0,166.725722286586,68.3742473522666,0,241.2,0,241.2,235.099969638852,-5.91864552446935,0,166.725722286586,1,0,0
2.188,49.8628981934797,399.798341034987,0,166.725722286586,68.5004516700061,0,241.2,0,241.2,235.226173956592,-5.96794738098252,0,166.725722286586,1,0,0
2.189,49.8627500979849,399.802649673973,0,166.725722286586,68.6255154611544,0,241.2,0,241.2,235.35123774774,-6.01730403132983,0,166.725722286586,1,0,0
2.19,49.8626060740714,399.806905890172,0,166.725722286586,68.7494439075498,0,241.2,0,241.2,235.475166194135,-6.06671399605525,0,166.725722286586,1,0,0
2.191,49.8624660838994,399.811110482504,0,166.725722286586,68.872242261828,0,241.2,0,241.2,235.597964548414,-6.11617580938955,0,166.725722286586,1,0,0
2.192,49.8623300898102,399.815264236907,0,166.725722286586,68.9939158447189,0,241.2,0,241.2,235.719638131304,-6.16568801918577,0,166.725722286586,1,0,0
2.193,49.8621980543287,399.819367926269,0,166.725722286586,69.1144700424006,0,241.2,0,241.2,235.840192328986,-6.21524918685408,0,166.725722286586,1,0,0
2.194,49.8620699401648,399.823422310371,0,166.725722286586,69.2339103039078,0,241.2,0,241.2,235.959632590493,-6.26485788729575,0,166.725722286586,1,0,0
2.195,49.8619457102159,399.827428135859,0,166.725722286586,69.3522421385944,0,241.2,0,241.2,236.07796442518,-6.31451270883643,0,166.725722286586,1,0,0
2.196,49.8618253275686,399.831386136228,0,166.725722286586,69.4694711136499,0,241.2,0,241.2,236.195193400235,-6.36421225315871,0,166.725722286586,1,0,0
2.197,49.8617087555006,399.835297031827,0,166.725722286586,69.5856028516675,0,241.2,0,241.2,236.311325138253,-6.413955135234,0,166.725722286586,1,0,0
2.198,49.861595957482,399.83916152988,0,166.725722286586,69.7006430282642,0,241.2,0,241.2,236.42636531485,-6.4637399832538,0,166.725722286586,1,0,0
2.199,49.8614868971776,399.842980324521,0,166.725722286586,69.8145973697511,0,241.2,0,241.2,236.540319656337,-6.51356543856028,0,166.725722286586,1,0,0
2.2,49.8613815384481,399.84675409685,0,166.725722286586,69.9274716508541,0,241.2,0,241.2,236.65319393744,-6.56343015557633,0,166.725722286586,1,0,0
2.201,49.8612798453513,399.850483514993,0,166.725722286586,70.0392716924822,0,241.2,0,241.2,236.764993979068,-6.61333280173503,0,166.725722286586,1,0,0
2.202,49.8611817821443,399.854169234183,0,166.725722286586,70.1500033595455,0,241.2,0,241.2,236.875725646131,-6.66327205740856,0,166.725722286586,1,0,0
2.203,49.8610873132841,399.857811896852,0,166.725722286586,70.2596725588187,0,241.2,0,241.2,236.985394845404,-6.71324661583662,0,166.725722286586,1,0,0
2.204,49.8609964034293,399.861412132731,0,166.725722286586,70.3682852368529,0,241.2,0,241.2,237.094007523438,-6.76325518305436,0,166.725722286586,1,0,0
2.205,49.8609090174411,399.864970558965,0,166.725722286586,70.4758473779307,0,241.2,0,241.2,237.201569664516,-6.81329647781983,0,166.725722286586,1,0,0
2.206,49.8608251203848,399.868487780236,0,166.725722286586,70.5823650020686,0,241.2,0,241.2,237.308087288654,-6.86336923154102,0,166.725722286586,1,0,0
2.207,49.8607446775304,399.871964388894,0,166.725722286586,70.6878441630611,0,241.2,0,241.2,237.413566449647,-6.91347218820249,0,166.725722286586,1,0,0
2.208,49.8606676543539,399.8754009651,0,166.725722286586,70.79229094657,0,241.2,0,241.2,237.518013233156,-6.96360410429153,0,166.725722286586,1,0,0
2.209,49.8605940165383,399.878798076974,0,166.725722286586,70.8957114682549,0,241.2,0,241.2,237.62143375484,-7.01376374872412,0,166.725722286586,1,0,0
2.21,49.8605237299742,399.88215628075,0,166.725722286586,70.9981118719459,0,241.2,0,241.2,237.723834158532,-7.06394990277035,0,166.725722286586,1,0,0
2.211,49.8604567607612,399.885476120943,0,166.725722286586,71.0994983278577,0,241.2,0,241.2,237.825220614443,-7.11416135997963,0,166.725722286586,1,0,0
2.212,49.860393075208,399.888758130513,0,166.725722286586,71.1998770308433,0,241.2,0,241.2,237.925599317429,-7.1643969261056,0,166.725722286586,1,0,0
2.213,49.8603326398337,399.892002831044,0,166.725722286586,71.299254198688,0,241.2,0,241.2,238.024976485274,-7.21465541903072,0,166.725722286586,1,0,0
2.214,49.860275421368,399.895210732921,0,166.725722286586,71.3976360704418,0,241.2,0,241.2,238.123358357027,-7.2649356686906,0,166.725722286586,1,0,0
2.215,49.8602213867523,399.898382335516,0,166.725722286586,71.4950289047901,0,241.2,0,241.2,238.220751191376,-7.31523651699813,0,166.725722286586,1,0,0
2.216,49.8601705031398,399.901518127374,0,166.725722286586,71.5914389784627,0,241.2,0,241.2,238.317161265048,-7.36555681776732,0,166.725722286586,1,0,0
2.217,49.8601227378963,399.904618586407,0,166.725722286586,71.686872584678,0,241.2,0,241.2,238.412594871264,-7.415895436637,0,166.725722286586,1,0,0
2.218,49.8600780586007,399.907684180086,0,166.725722286586,71.7813360316255,0,241.2,0,241.2,238.507058318211,-7.46625125099433,0,166.725722286586,1,0,0
2.219,49.8600364330451,399.910715365641,0,166.725722286586,71.8748356409822,0,241.2,0,241.2,238.600557927568,-7.51662314989807,0,166.725722286586,1,0,0
2.22,49.8599978292355,399.913712590258,0,166.725722286586,71.9673777464648,0,241.2,0,241.2,238.69310003305,-7.56701003400182,0,166.725722286586,1,0,0
2.221,49.8599622153919,399.916676291281,0,166.725722286586,72.058968692416,0,241.2,0,241.2,238.784690979002,-7.61741081547704,0,166.725722286586,1,0,0
2.222,49.8599295599487,399.919606896417,0,166.725722286586,72.1496148324247,0,241.2,0,241.2,238.87533711901,-7.66782441793595,0,166.725722286586,1,0,0
2.223,49.8598998315549,399.922504823935,0,166.725722286586,72.2393225279786,0,241.2,0,241.2,238.965044814564,-7.71824977635442,0,166.725722286586,1,0,0
2.224,49.8598729990741,399.925370482875,0,166.725722286586,72.3280981471503,0,241.2,0,241.2,239.053820433736,-7.76868583699468,0,166.725722286586,1,0,0
2.225,49.8598490315852,399.928204273249,0,166.725722286586,72.4159480633146,0,241.2,0,241.2,239.1416703499,-7.81913155732799,0,166.725722286586,1,0,0
2.226,49.8598278983816,399.931006586249,0,166.725722286586,72.5028786538973,0,241.2,0,241.2,239.228600940483,-7.86958590595733,0,166.725722286586,1,0,0
2.227,49.8598095689723,399.933777804448,0,166.725722286586,72.5888962991548,0,241.2,0,241.2,239.31461858574,-7.92004786253995,0,166.725722286586,1,0,0
2.228,49.8597940130809,399.936518302009,0,166.725722286586,72.6740073809841,0,241.2,0,241.2,239.39972966757,-7.97051641770994,0,166.725722286586,1,0,0
2.229,49.8597812006464,399.939228444884,0,166.725722286586,72.7582182817621,0,241.2,0,241.2,239.483940568348,-8.02099057300082,0,166.725722286586,1,0,0
2.23,49.8597711018228,399.941908591019,0,166.725722286586,72.8415353832141,0,241.2,0,241.2,239.5672576698,-8.07146934076811,0,166.725722286586,1,0,0
2.231,49.8597636869789,399.944559090552,0,166.725722286586,72.9239650653112,0,241.2,0,241.2,239.649687351897,-8.12195174411191,0,166.725722286586,1,0,0
2.232,49.8597589266984,399.947180286017,0,166.725722286586,73.0055137051951,0,241.2,0,241.2,239.731235991781,-8.17243681679951,0,166.725722286586,1,0,0
2.233,49.8597567917796,399.94977251254,0,166.725722286586,73.0861876761312,0,241.2,0,241.2,239.811909962717,-8.22292360318809,0,166.725722286586,1,0,0
2.234,49.8597572532354,399.952336098034,0,166.725722286586,73.165993346488,0,241.2,0,241.2,239.891715633074,-8.27341115814743,0,166.725722286586,1,0,0
2.235,49.8597602822927,399.954871363395,0,166.725722286586,73.2449370787437,0,241.2,0,241.2,239.970659365329,-8.32389854698269,0,166.725722286586,1,0,0
2.236,49.8597658503925,399.957378622692,0,166.725722286586,73.3230252285182,0,241.2,0,241.2,240.048747515104,-8.37438484535733,0,166.725722286586,1,0,0
2.237,49.8597739291895,399.959858183361,0,166.725722286586,73.4002641436309,0,241.2,0,241.2,240.125986430216,-8.42486913921603,0,166.725722286586,1,0,0
2.238,49.8597844905518,399.962310346388,0,166.725722286586,73.4766601631838,0,241.2,0,241.2,240.202382449769,-8.4753505247078,0,166.725722286586,1,0,0
2.239,49.8597975065603,399.964735406494,0,166.725722286586,73.5522196166691,0,241.2,0,241.2,240.277941903255,-8.52582810810917,0,166.725722286586,1,0,0
2.24,49.8598129495087,399.96713365232,0,166.725722286586,73.6269488231001,0,241.2,0,241.2,240.352671109686,-8.57630100574748,0,166.725722286586,1,0,0
2.241,49.859830791903,399.969505366603,0,166.725722286586,73.7008540901675,0,241.2,0,241.2,240.426576376753,-8.62676834392435,0,166.725722286586,1,0,0
2.242,49.8598510064608,399.971850826352,0,166.725722286586,73.773941713417,0,241.2,0,241.2,240.499664000003,-8.67722925883927,0,166.725722286586,1,0,0
2.243,49.8598735661113,399.974170303027,0,166.725722286586,73.846217975451,0,241.2,0,241.2,240.571940262037,-8.72768289651337,0,166.725722286586,1,0,0
2.244,49.8598984439942,399.976464062701,0,166.725722286586,73.9176891451525,0,241.2,0,241.2,240.643411431738,-8.77812841271331,0,166.725722286586,1,0,0
2.245,49.8599256134598,399.978732366231,0,166.725722286586,73.9883614769301,0,241.2,0,241.2,240.714083763516,-8.82856497287541,0,166.725722286586,1,0,0
2.246,49.8599550480682,399.980975469422,0,166.725722286586,74.0582412099855,0,241.2,0,241.2,240.783963496571,-8.87899175202987,0,166.725722286586,1,0,0
2.247,49.8599867215887,399.983193623189,0,166.725722286586,74.1273345676016,0,241.2,0,241.2,240.853056854187,-8.92940793472532,0,166.725722286586,1,0,0
2.248,49.8600206079992,399.985387073707,0,166.725722286586,74.1956477564513,0,241.2,0,241.2,240.921370043037,-8.9798127149534,0,166.725722286586,1,0,0
2.249,49.8600566814858,399.987556062576,0,166.725722286586,74.2631869659266,0,241.2,0,241.2,240.988909252512,-9.0302052960737,0,166.725722286586,1,0,0
2.25,49.8600949164419,399.989700826959,0,166.725722286586,74.3299583674879,0,241.2,0,241.2,241.055680654073,-9.08058489073882,0,166.725722286586,1,0,0
2.251,49.860135287468,399.99182159974,0,166.725722286586,74.3959681140323,0,241.2,0,241.2,241.121690400618,-9.13095072081974,0,166.725722286586,1,0,0
2.252,49.8601777693703,399.99391860966,0,166.725722286586,74.4612223392813,0,241.2,0,241.2,241.186944625867,-9.18130201733126,0,166.725722286586,1,0,0
2.253,49.860222337161,399.99599208146,0,166.725722286586,74.5257271571875,0,241.2,0,241.2,241.251449443773,-9.23163802035794,0,166.725722286586,1,0,0
2.254,49.8602689660565,399.997978669136,0,166.725722286586,74.5894886613593,0,241.2,0,241.2,241.315210947945,-9.28195797898,0,166.725722286586,1,0,0
2.255,49.8603176314775,399.999864649361,0,166.725722286586,74.6525129245034,0,241.2,0,241.2,241.378235211089,-9.33226115119967,0,166.725722286586,1,0,0
2.256,49.8603683090482,400.001652739082,0,166.725722286586,74.714805997886,0,241.2,0,241.2,241.440528284472,-9.38254680386776,0,166.725722286586,1,0,0
2.257,49.860420974595,400.003345644485,0,166.725722286586,74.7763739108102,0,241.2,0,241.2,241.502096197396,-9.4328142126104,0,166.725722286586,1,0,0
2.258,49.8604756041462,400.004946057948,0,166.725722286586,74.8372226701107,0,241.2,0,241.2,241.562944956696,-9.4830626617562,0,166.725722286586,1,0,0
2.259,49.8605321739311,400.006456655167,0,166.725722286586,74.8973582596657,0,241.2,0,241.2,241.623080546251,-9.53329144426356,0,166.725722286586,1,0,0
2.26,49.8605906603792,400.007880092457,0,166.725722286586,74.9567866399243,0,241.2,0,241.2,241.68250892651,-9.58349986164835,0,166.725722286586,1,0,0
2.261,49.8606510401193,400.009219004218,0,166.725722286586,75.0155137474506,0,241.2,0,241.2,241.741236034036,-9.63368722391184,0,166.725722286586,1,0,0
2.262,49.8607132899788,400.010476000561,0,166.725722286586,75.0735454944825,0,241.2,0,241.2,241.799267781068,-9.68385284946887,0,166.725722286586,1,0,0
2.263,49.8607773869827,400.011653665094,0,166.725722286586,75.130887768507,0,241.2,0,241.2,241.856610055093,-9.73399606507649,0,166.725722286586,1,0,0
2.264,49.8608433083529,400.012754552852,0,166.725722286586,75.1875464318495,0,241.2,0,241.2,241.913268718435,-9.78411620576271,0,166.725722286586,1,0,0
2.265,49.8609110315072,400.013781188375,0,166.725722286586,75.2435273212789,0,241.2,0,241.2,241.969249607864,-9.83421261475567,0,166.725722286586,1,0,0
2.266,49.8609805340584,400.014736063934,0,166.725722286586,75.2988362476256,0,241.2,0,241.2,242.024558534211,-9.88428464341308,0,166.725722286586,1,0,0
2.267,49.8610517938137,400.015621637878,0,166.725722286586,75.3534789954152,0,241.2,0,241.2,242.079201282001,-9.93433165115205,0,166.725722286586,1,0,0
2.268,49.8611247887733,400.016440333126,0,166.725722286586,75.4074613225152,0,241.2,0,241.2,242.133183609101,-9.98435300537912,0,166.725722286586,1,0,0
2.269,49.8611994971298,400.017194535778,0,166.725722286586,75.4607889597952,0,241.2,0,241.2,242.186511246381,-10.0343480814207,0,166.725722286586,1,0,0
2.27,49.8612758972674,400.017886593843,0,166.725722286586,75.5134676108008,0,241.2,0,241.2,242.239189897386,-10.084316262454,0,166.725722286586,1,0,0
2.271,49.8613539677604,400.018518816098,0,166.725722286586,75.5655029514399,0,241.2,0,241.2,242.291225238025,-10.1342569394378,0,166.725722286586,1,0,0
2.272,49.8614336873731,400.019093471041,0,166.725722286586,75.6169006296823,0,241.2,0,241.2,242.342622916268,-10.184169511044,0,166.725722286586,1,0,0
2.273,49.8615150350578,400.019612785965,0,166.725722286586,75.6676662652716,0,241.2,0,241.2,242.393388551857,-10.2340533835897,0,166.725722286586,1,0,0
2.274,49.8615979899549,400.020078946132,0,166.725722286586,75.7178054494489,0,241.2,0,241.2,242.443527736035,-10.2839079709689,0,166.725722286586,1,0,0
2.275,49.8616825313911,400.020494094042,0,166.725722286586,75.767323744689,0,241.2,0,241.2,242.493046031275,-10.3337326945851,0,166.725722286586,1,0,0
2.276,49.8617686388788,400.020860328802,0,166.725722286586,75.8162266844476,0,241.2,0,241.2,242.541948971033,-10.3835269832843,0,166.725722286586,1,0,0
2.277,49.861856292115,400.021179705582,0,166.725722286586,75.8645197729207,0,241.2,0,241.2,242.590242059506,-10.4332902732879,0,166.725722286586,1,0,0
2.278,49.8619454709805,400.021454235163,0,166.725722286586,75.9122084848148,0,241.2,0,241.2,242.6379307714,-10.4830220081265,0,166.725722286586,1,0,0
2.279,49.8620361555385,400.021685883559,0,166.725722286586,75.9592982651276,0,241.2,0,241.2,242.685020551713,-10.5327216385735,0,166.725722286586,1,0,0
2.28,49.8621283260338,400.021876571726,0,166.725722286586,76.0057945289401,0,241.2,0,241.2,242.731516815526,-10.5823886225797,0,166.725722286586,1,0,0
2.281,49.8622219628921,400.022028175347,0,166.725722286586,76.0517026612191,0,241.2,0,241.2,242.777424947805,-10.6320224252075,0,166.725722286586,1,0,0
2.282,49.8623170467183,400.022142524679,0,166.725722286586,76.0970280166294,0,241.2,0,241.2,242.822750303215,-10.6816225185664,0,166.725722286586,1,0,0
2.283,49.8624135582961,400.022221404479,0,166.725722286586,76.1417759193565,0,241.2,0,241.2,242.867498205942,-10.7311883817478,0,166.725722286586,1,0,0
2.284,49.8625114785864,400.02226655399,0,166.725722286586,76.1859516629389,0,241.2,0,241.2,242.911673949525,-10.7807195007612,0,166.725722286586,1,0,0
2.285,49.8626107887268,400.022279666989,0,166.725722286586,76.2295605101101,0,241.2,0,241.2,242.955282796696,-10.8302153684701,0,166.725722286586,1,0,0
2.286,49.8627114700302,400.022262391888,0,166.725722286586,76.2726076926497,0,241.2,0,241.2,242.998329979235,-10.8796754845285,0,166.725722286586,1,0,0
2.287,49.8628135039838,400.022216331904,0,166.725722286586,76.3150984112442,0,241.2,0,241.2,243.04082069783,-10.9290993553176,0,166.725722286586,1,0,0
2.288,49.8629168722482,400.022143045263,0,166.725722286586,76.3570378353559,0,241.2,0,241.2,243.082760121941,-10.9784864938834,0,166.725722286586,1,0,0
2.289,49.8630215566562,400.022044045467,0,166.725722286586,76.3984311031015,0,241.2,0,241.2,243.124153389687,-11.0278364198741,0,166.725722286586,1,0,0
2.29,49.8631275392116,400.021920801599,0,166.725722286586,76.4392833211385,0,241.2,0,241.2,243.165005607724,-11.0771486594778,0,166.725722286586,1,0,0
2.291,49.8632348020886,400.021774738678,0,166.725722286586,76.4795995645603,0,241.2,0,241.2,243.205321851146,-11.1264227453617,0,166.725722286586,1,0,0
2.292,49.8633433276301,400.021607238043,0,166.725722286586,76.5193848767994,0,241.2,0,241.2,243.245107163385,-11.1756582166098,0,166.725722286586,1,0,0
2.293,49.8634530983472,400.021419637791,0,166.725722286586,76.5586442695386,0,241.2,0,241.2,243.284366556124,-11.2248546186629,0,166.725722286586,1,0,0
2.294,49.8635640969177,400.021213233235,0,166.725722286586,76.5973827226299,0,241.2,0,241.2,243.323105009215,-11.274011503258,0,166.725722286586,1,0,0
2.295,49.8636763061854,400.020989277404,0,166.725722286586,76.635605184021,0,241.2,0,241.2,243.361327470607,-11.3231284283676,0,166.725722286586,1,0,0
2.296,49.8637897091587,400.020748981574,0,166.725722286586,76.6733165696896,0,241.2,0,241.2,243.399038856275,-11.3722049581408,0,166.725722286586,1,0,0
2.297,49.8639042890095,400.020493515818,0,166.725722286586,76.7105217635843,0,241.2,0,241.2,243.43624405017,-11.4212406628437,0,166.725722286586,1,0,0
2.298,49.8640200290726,400.020224009594,0,166.725722286586,76.7472256175729,0,241.2,0,241.2,243.472947904158,-11.4702351188003,0,166.725722286586,1,0,0
2.299,49.8641369128439,400.019941552347,0,166.725722286586,76.7834329513979,0,241.2,0,241.2,243.509155237983,-11.5191879083341,0,166.725722286586,1,0,0
2.3,49.86425492398,400.01964719414,0,166.725722286586,76.8191485526383,0,241.2,0,241.2,243.544870839224,-11.5680986197103,0,166.725722286586,1,0,0
2.301,49.8643740462966,400.019341946302,0,166.725722286586,76.8543771766782,0,241.2,0,241.2,243.580099463264,-11.6169668470775,0,166.725722286586,1,0,0
2.302,49.8644942637677,400.019026782089,0,166.725722286586,76.8891235466819,0,241.2,0,241.2,243.614845833268,-11.6657921904107,0,166.725722286586,1,0,0
2.303,49.8646155605243,400.018702637373,0,166.725722286586,76.9233923535747,0,241.2,0,241.2,243.64911464016,-11.7145742554544,0,166.725722286586,1,0,0
2.304,49.8647379208536,400.018370411332,0,166.725722286586,76.9571882560309,0,241.2,0,241.2,243.682910542617,-11.7633126536656,0,166.725722286586,1,0,0
2.305,49.8648613291977,400.018030967163,0,166.725722286586,76.9905158804666,0,241.2,0,241.2,243.716238167052,-11.8120070021583,0,166.725722286586,1,0,0
2.306,49.8649857701525,400.017685132802,0,166.725722286586,77.023379821039,0,241.2,0,241.2,243.749102107625,-11.8606569236472,0,166.725722286586,1,0,0
2.307,49.8651112284667,400.01733370165,0,166.725722286586,77.0557846396512,0,241.2,0,241.2,243.781506926237,-11.9092620463923,0,166.725722286586,1,0,0
2.308,49.8652376890407,400.016977433316,0,166.725722286586,77.0877348659627,0,241.2,0,241.2,243.813457152548,-11.9578220041443,0,166.725722286586,1,0,0
2.309,49.8653651369256,400.016617054357,0,166.725722286586,77.1192349974045,0,241.2,0,241.2,243.84495728399,-12.0063364360896,0,166.725722286586,1,0,0
2.31,49.8654935573219,400.016253259032,0,166.725722286586,77.1502894992008,0,241.2,0,241.2,243.876011785786,-12.0548049867964,0,166.725722286586,1,0,0
2.311,49.8656229355784,400.015886710052,0,166.725722286586,77.1809028043944,0,241.2,0,241.2,243.90662509098,-12.1032273061605,0,166.725722286586,1,0,0
2.312,49.8657532571915,400.015518039339,0,166.725722286586,77.2110793138782,0,241.2,0,241.2,243.936801600464,-12.1516030493523,0,166.725722286586,1,0,0
2.313,49.8658845078037,400.015147848783,0,166.725722286586,77.2408233964306,0,241.2,0,241.2,243.966545683016,-12.1999318767633,0,166.725722286586,1,0,0
2.314,49.8660166732029,400.014776711005,0,166.725722286586,77.2701393887564,0,241.2,0,241.2,243.995861675342,-12.248213453954,0,166.725722286586,1,0,0
2.315,49.8661497393207,400.01440517011,0,166.725722286586,77.2990315955318,0,241.2,0,241.2,244.024753882117,-12.296447451601,0,166.725722286586,1,0,0
2.316,49.8662836922322,400.014033742448,0,166.725722286586,77.3275042894543,0,241.2,0,241.2,244.05322657604,-12.3446335454455,0,166.725722286586,1,0,0
2.317,49.8664185181541,400.013662917368,0,166.725722286586,77.3555617112961,0,241.2,0,241.2,244.081283997882,-12.3927714162419,0,166.725722286586,1,0,0
2.318,49.8665542034442,400.013293157969,0,166.725722286586,77.3832080699629,0,241.2,0,241.2,244.108930356548,-12.4408607497064,0,166.725722286586,1,0,0
2.319,49.8666907346,400.012924901848,0,166.725722286586,77.4104475425558,0,241.2,0,241.2,244.136169829141,-12.4889012364665,0,166.725722286586,1,0,0
2.32,49.8668280982578,400.012558561843,0,166.725722286586,77.437284274438,0,241.2,0,241.2,244.163006561024,-12.5368925720105,0,166.725722286586,1,0,0
2.321,49.8669662811915,400.012194526769,0,166.725722286586,77.4637223793046,0,241.2,0,241.2,244.18944466589,-12.5848344566377,0,166.725722286586,1,0,0
2.322,49.8671052703116,400.01183316215,0,166.725722286586,77.4897659392567,0,241.2,0,241.2,244.215488225842,-12.6327265954088,0,166.725722286586,1,0,0
2.323,49.8672450526643,400.011474810941,0,166.725722286586,77.515419004879,0,241.2,0,241.2,244.241141291465,-12.6805686980966,0,166.725722286586,1,0,0
2.324,49.8673856154302,400.011119794248,0,166.725722286586,77.5406855953212,0,241.2,0,241.2,244.266407881907,-12.7283604791374,0,166.725722286586,1,0,0
2.325,49.8675269459234,400.01076841203,0,166.725722286586,77.5655696983823,0,241.2,0,241.2,244.291291984968,-12.7761016575826,0,166.725722286586,1,0,0
2.326,49.8676690315903,400.010420943804,0,166.725722286586,77.5900752705988,0,241.2,0,241.2,244.315797557184,-12.8237919570501,0,166.725722286586,1,0,0
2.327,49.8678118600086,400.010077649335,0,166.725722286586,77.6142062373362,0,241.2,0,241.2,244.339928523922,-12.8714311056776,0,166.725722286586,1,0,0
2.328,49.8679554188864,400.009738769313,0,166.725722286586,77.6379664928827,0,241.2,0,241.2,244.363688779468,-12.9190188360745,0,166.725722286586,1,0,0
2.329,49.8680996960612,400.009404526025,0,166.725722286586,77.6613599005474,0,241.2,0,241.2,244.387082187133,-12.9665548852754,0,166.725722286586,1,0,0
2.33,49.8682446794983,400.009075124021,0,166.725722286586,77.6843902927605,0,241.2,0,241.2,244.410112579346,-13.0140389946934,0,166.725722286586,1,0,0
2.331,49.8683903572906,400.008750750755,0,166.725722286586,77.7070614711763,0,241.2,0,241.2,244.432783757762,-13.061470910074,0,166.725722286586,1,0,0
2.332,49.8685367176569,400.008431577232,0,166.725722286586,77.7293772067798,0,241.2,0,241.2,244.455099493365,-13.1088503814494,0,166.725722286586,1,0,0
2.333,49.8686837489412,400.008117758629,0,166.725722286586,77.7513412399952,0,241.2,0,241.2,244.477063526581,-13.1561771630929,0,166.725722286586,1,0,0
2.334,49.8688314396117,400.007809434915,0,166.725722286586,77.7729572807975,0,241.2,0,241.2,244.498679567383,-13.2034510134741,0,166.725722286586,1,0,0
2.335,49.8689797782594,400.007506731454,0,166.725722286586,77.794229008826,0,241.2,0,241.2,244.519951295412,-13.2506716952139,0,166.725722286586,1,0,0
2.336,49.8691287535976,400.007209759598,0,166.725722286586,77.8151600735013,0,241.2,0,241.2,244.540882360087,-13.2978389750405,0,166.725722286586,1,0,0
2.337,49.8692783544607,400.006918617266,0,166.725722286586,77.8357540941435,0,241.2,0,241.2,244.561476380729,-13.3449526237453,0,166.725722286586,1,0,0
2.338,49.8694285698029,400.006633389512,0,166.725722286586,77.8560146600934,0,241.2,0,241.2,244.581736946679,-13.3920124161395,0,166.725722286586,1,0,0
2.339,49.8695793886977,400.006354149082,0,166.725722286586,77.875945330836,0,241.2,0,241.2,244.601667617422,-13.4390181310104,0,166.725722286586,1,0,0
2.34,49.8697308003364,400.006080956955,0,166.725722286586,77.8955496361252,0,241.2,0,241.2,244.621271922711,-13.4859695510793,0,166.725722286586,1,0,0
2.341,49.8698827940275,400.005813862877,0,166.725722286586,77.9148310761119,0,241.2,0,241.2,244.640553362697,-13.5328664629582,0,166.725722286586,1,0,0
2.342,49.8700353591955,400.005552905873,0,166.725722286586,77.9337931214726,0,241.2,0,241.2,244.659515408058,-13.5797086571083,0,166.725722286586,1,0,0
2.343,49.87018848538,400.005298114759,0,166.725722286586,77.9524392135415,0,241.2,0,241.2,244.678161500127,-13.6264959277979,0,166.725722286586,1,0,0
2.344,49.8703421622348,400.00504950863,0,166.725722286586,77.9707727644427,0,241.2,0,241.2,244.696495051028,-13.6732280730611,0,166.725722286586,1,0,0
2.345,49.8704963795266,400.004807097341,0,166.725722286586,77.988797157226,0,241.2,0,241.2,244.714519443812,-13.7199048946566,0,166.725722286586,1,0,0
2.346,49.8706511271343,400.004570881977,0,166.725722286586,78.0065157460025,0,241.2,0,241.2,244.732238032588,-13.766526198027,0,166.725722286586,1,0,0
2.347,49.8708063950482,400.004340855302,0,166.725722286586,78.0239318560834,0,241.2,0,241.2,244.749654142669,-13.8130917922586,0,166.725722286586,1,0,0
2.348,49.8709621733684,400.004117002207,0,166.725722286586,78.0410487841197,0,241.2,0,241.2,244.766771070705,-13.8596014900413,0,166.725722286586,1,0,0
2.349,49.8711184523046,400.003899300137,0,166.725722286586,78.0578697982432,0,241.2,0,241.2,244.783592084829,-13.9060551076287,0,166.725722286586,1,0,0
2.35,49.8712752221746,400.003687719507,0,166.725722286586,78.0743981382091,0,241.2,0,241.2,244.800120424795,-13.952452464799,0,166.725722286586,1,0,0
2.351,49.8714324734038,400.003482224111,0,166.725722286586,78.0906370155406,0,241.2,0,241.2,244.816359302126,-13.9987933848162,0,166.725722286586,1,0,0
2.352,49.8715901965238,400.00328277151,0,166.725722286586,78.1065896136736,0,241.2,0,241.2,244.832311900259,-14.0450776943908,0,166.725722286586,1,0,0
2.353,49.8717483821716,400.003089313416,0,166.725722286586,78.1222590881038,0,241.2,0,241.2,244.847981374689,-14.0913052236422,0,166.725722286586,1,0,0
2.354,49.871907021089,400.002901796057,0,166.725722286586,78.1376485665341,0,241.2,0,241.2,244.86337085312,-14.1374758060604,0,166.725722286586,1,0,0
2.355,49.8720661041213,400.002720160541,0,166.725722286586,78.152761149024,0,241.2,0,241.2,244.87848343561,-14.1835892784684,0,166.725722286586,1,0,0
2.356,49.8722256222163,400.00254434319,0,166.725722286586,78.1675999081396,0,241.2,0,241.2,244.893322194725,-14.2296454809847,0,166.725722286586,1,0,0
2.357,49.8723855664239,400.002374275884,0,166.725722286586,78.1821678891044,0,241.2,0,241.2,244.90789017569,-14.2756442569869,0,166.725722286586,1,0,0
2.358,49.8725459278947,400.002209886377,0,166.725722286586,78.1964681099514,0,241.2,0,241.2,244.922190396537,-14.3215854530742,0,166.725722286586,1,0,0
2.359,49.8727066978792,400.002051098608,0,166.725722286586,78.2105035616764,0,241.2,0,241.2,244.936225848262,-14.3674689190321,0,166.725722286586,1,0,0
2.36,49.872867867727,400.001897833006,0,166.725722286586,78.2242772083918,0,241.2,0,241.2,244.949999494977,-14.4132945077956,0,166.725722286586,1,0,0
2.361,49.8730294288858,400.001750006771,0,166.725722286586,78.2377919874812,0,241.2,0,241.2,244.963514274067,-14.4590620754139,0,166.725722286586,1,0,0
2.362,49.8731913729008,400.001607534158,0,166.725722286586,78.251050809755,0,241.2,0,241.2,244.976773096341,-14.504771481015,0,166.725722286586,1,0,0
2.363,49.8733536914133,400.001470326742,0,166.725722286586,78.2640565596065,0,241.2,0,241.2,244.989778846192,-14.5504225867707,0,166.725722286586,1,0,0
2.364,49.8735163761601,400.001338293676,0,166.725722286586,78.2768120951689,0,241.2,0,241.2,245.002534381755,-14.596015257862,0,166.725722286586,1,0,0
2.365,49.8736794189729,400.001211341938,0,166.725722286586,78.2893202484732,0,241.2,0,241.2,245.015042535059,-14.6415493624443,0,166.725722286586,1,0,0
2.366,49.8738428117768,400.001089376567,0,166.725722286586,78.301583825606,0,241.2,0,241.2,245.027306112192,-14.6870247716141,0,166.725722286586,1,0,0
2.367,49.87400654659,400.000972300894,0,166.725722286586,78.3136056068683,0,241.2,0,241.2,245.039327893454,-14.7324413593744,0,166.725722286586,1,0,0
2.368,49.8741706155227,400.000860016754,0,166.725722286586,78.3253883469348,0,241.2,0,241.2,245.05111063352,-14.777799002602,0,166.725722286586,1,0,0
2.369,49.8743350107761,400.000752424701,0,166.725722286586,78.3369347750138,0,241.2,0,241.2,245.062657061599,-14.8230975810139,0,166.725722286586,1,0,0
2.37,49.8744997246421,400.000649424202,0,166.725722286586,78.3482475950072,0,241.2,0,241.2,245.073969881593,-14.8683369771345,0,166.725722286586,1,0,0
2.371,49.8746647495017,400.000550913829,0,166.725722286586,78.3593294856712,0,241.2,0,241.2,245.085051772257,-14.9135170762633,0,166.725722286586,1,0,0
2.372,49.8748300778246,400.000456791445,0,166.725722286586,78.3701831007772,0,241.2,0,241.2,245.095905387363,-14.9586377664427,0,166.725722286586,1,0,0
2.373,49.8749957021685,400.000366954369,0,166.725722286586,78.3808110692729,0,241.2,0,241.2,245.106533355859,-15.0036989384259,0,166.725722286586,1,0,0
2.374,49.875161615178,400.000281299548,0,166.725722286586,78.3912159954442,0,241.2,0,241.2,245.11693828203,-15.0487004856452,0,166.725722286586,1,0,0
2.375,49.8753278095837,400.000199723712,0,166.725722286586,78.4014004590767,0,241.2,0,241.2,245.127122745662,-15.0936423041811,0,166.725722286586,1,0,0
2.376,49.8754942782018,400.000122123521,0,166.725722286586,78.4113670156178,0,241.2,0,241.2,245.137089302203,-15.138524292731,0,166.725722286586,1,0,0
2.377,49.8756610139328,400.000048395709,0,166.725722286586,78.421118196339,0,241.2,0,241.2,245.146840482925,-15.1833463525783,0,166.725722286586,1,0,0
2.378,49.8758280097611,399.999978437215,0,166.725722286586,78.4306565084982,0,241.2,0,241.2,245.156378795084,-15.2281083875625,0,166.725722286586,1,0,0
2.379,49.875995258754,399.999912145314,0,166.725722286586,78.4399844355022,0,241.2,0,241.2,245.165706722088,-15.2728103040485,0,166.725722286586,1,0,0
2.38,49.8761627540608,399.999849417731,0,166.725722286586,78.4491044370691,0,241.2,0,241.2,245.174826723655,-15.317452010897,0,166.725722286586,1,0,0
2.381,49.8763304889122,399.999790152758,0,166.725722286586,78.4580189493911,0,241.2,0,241.2,245.183741235977,-15.3620334194352,0,166.725722286586,1,0,0
2.382,49.8764984566196,399.999734249361,0,166.725722286586,78.4667303852972,0,241.2,0,241.2,245.192452671883,-15.4065544434268,0,166.725722286586,1,0,0
2.383,49.8766666505741,399.999681607274,0,166.725722286586,78.4752411344155,0,241.2,0,241.2,245.200963421001,-15.4510149990437,0,166.725722286586,1,0,0
2.384,49.8768350642458,399.9996321271,0,166.725722286586,78.4835535633362,0,241.2,0,241.2,245.209275849922,-15.495415004837,0,166.725722286586,1,0,0
2.385,49.877003691183,399.999585710392,0,166.725722286586,78.491670015774,0,241.2,0,241.2,245.21739230236,-15.5397543817086,0,166.725722286586,1,0,0
2.386,49.8771725250115,399.999542259738,0,166.725722286586,78.4995928127305,0,241.2,0,241.2,245.225315099316,-15.5840330528827,0,166.725722286586,1,0,0
2.387,49.8773415594339,399.999501678839,0,166.725722286586,78.5073242526566,0,241.2,0,241.2,245.233046539242,-15.6282509438786,0,166.725722286586,1,0,0
2.388,49.8775107882288,399.999463872575,0,166.725722286586,78.5148666116148,0,241.2,0,241.2,245.2405888982,-15.6724079824823,0,166.725722286586,1,0,0
2.389,49.8776802052499,399.999428747074,0,166.725722286586,78.5222221434409,0,241.2,0,241.2,245.247944430027,-15.71650409872,0,166.725722286586,1,0,0
2.39,49.8778498044255,399.999396209769,0,166.725722286586,78.5293930799066,0,241.2,0,241.2,245.255115366492,-15.76053922483,0,166.725722286586,1,0,0
2.391,49.8780195797576,399.999366169457,0,166.725722286586,78.5363816308804,0,241.2,0,241.2,245.262103917466,-15.8045132952368,0,166.725722286586,1,0,0
2.392,49.8781895253213,399.999338536349,0,166.725722286586,78.5431899844893,0,241.2,0,241.2,245.268912271075,-15.8484262465241,0,166.725722286586,1,0,0
2.393,49.878359635264,399.999313222114,0,166.725722286586,78.5498203072802,0,241.2,0,241.2,245.275542593866,-15.8922780174084,0,166.725722286586,1,0,0
2.394,49.8785299038046,399.999290139924,0,166.725722286586,78.5562747443805,0,241.2,0,241.2,245.281997030966,-15.9360685487134,0,166.725722286586,1,0,0
2.395,49.8787003252329,399.999269204487,0,166.725722286586,78.5625554196587,0,241.2,0,241.2,245.288277706244,-15.9797977833437,0,166.725722286586,1,0,0
2.396,49.878870893909,399.999250332087,0,166.725722286586,78.5686644358848,0,241.2,0,241.2,245.29438672247,-16.0234656662599,0,166.725722286586,1,0,0
2.397,49.8790416042624,399.999233440609,0,166.725722286586,78.5746038748904,0,241.2,0,241.2,245.300326161476,-16.0670721444526,0,166.725722286586,1,0,0
2.398,49.8792124507913,399.999218449567,0,166.725722286586,78.5803757977277,0,241.2,0,241.2,245.306098084313,-16.1106171669182,0,166.725722286586,1,0,0
2.399,49.8793834280621,399.999205280126,0,166.725722286586,78.5859822448293,0,241.2,0,241.2,245.311704531415,-16.1541006846333,0,166.725722286586,1,0,0
2.4,49.8795545307086,399.999193855123,0,166.725722286586,78.5914252361669,0,241.2,0,241.2,245.317147522752,-16.1975226505309,0,166.725722286586,1,0,0
2.401,49.8797257534311,399.99918409908,0,166.725722286586,78.5967067714092,0,241.2,0,241.2,245.322429057995,-16.2408830194758,0,166.725722286586,1,0,0
2.402,49.8798970909962,399.999175938219,0,166.725722286586,78.6018288300805,0,241.2,0,241.2,245.327551116666,-16.2841817482406,0,166.725722286586,1,0,0
2.403,49.8800685382358,399.999169300472,0,166.725722286586,78.6067933717179,0,241.2,0,241.2,245.332515658304,-16.327418795482,0,166.725722286586,1,0,0
2.404,49.8802400900465,399.999164115487,0,166.725722286586,78.6116023360285,0,241.2,0,241.2,245.337324622614,-16.3705941217171,0,166.725722286586,1,0,0
2.405,49.8804117413889,399.999160314634,0,166.725722286586,78.6162576430456,0,241.2,0,241.2,245.341979929631,-16.4137076893004,0,166.725722286586,1,0,0
2.406,49.8805834872871,399.999157831006,0,166.725722286586,78.6207611932851,0,241.2,0,241.2,245.346483479871,-16.4567594624004,0,166.725722286586,1,0,0
2.407,49.8807553228278,399.999156599418,0,166.725722286586,78.6251148679013,0,241.2,0,241.2,245.350837154487,-16.4997494069771,0,166.725722286586,1,0,0
2.408,49.8809272431601,399.999156556408,0,166.725722286586,78.6293205288413,0,241.2,0,241.2,245.355042815427,-16.542677490759,0,166.725722286586,1,0,0
2.409,49.8810992434942,399.999157640225,0,166.725722286586,78.6333800189999,0,241.2,0,241.2,245.359102305586,-16.5855436832214,0,166.725722286586,1,0,0
2.41,49.8812713191014,399.99915979083,0,166.725722286586,78.6372951623738,0,241.2,0,241.2,245.363017448959,-16.6283479555635,0,166.725722286586,1,0,0
2.411,49.881443465313,399.999162949882,0,166.725722286586,78.6410677642144,0,241.2,0,241.2,245.3667900508,-16.671090280687,0,166.725722286586,1,0,0
2.412,49.8816156775201,399.999167060731,0,166.725722286586,78.6446996111809,0,241.2,0,241.2,245.370421897767,-16.7137706331743,0,166.725722286586,1,0,0
2.413,49.8817879511727,399.999172068401,0,166.725722286586,78.6481924714927,0,241.2,0,241.2,245.373914758078,-16.7563889892671,0,166.725722286586,1,0,0
2.414,49.8819602817791,399.999177919581,0,166.725722286586,78.6515480950808,0,241.2,0,241.2,245.377270381666,-16.7989453268449,0,166.725722286586,1,0,0
2.415,49.8821326649054,399.999184562607,0,166.725722286586,78.6547682137387,0,241.2,0,241.2,245.380490500324,-16.8414396254044,0,166.725722286586,1,0,0
2.416,49.8823050961747,399.999191947445,0,166.725722286586,78.6578545412733,0,241.2,0,241.2,245.383576827859,-16.8838718660385,0,166.725722286586,1,0,0
2.417,49.8824775712669,399.999200025676,0,166.725722286586,78.6608087736538,0,241.2,0,241.2,245.386531060239,-16.9262420314156,0,166.725722286586,1,0,0
2.418,49.8826500859177,399.99920875047,0,166.725722286586,78.6636325891616,0,241.2,0,241.2,245.389354875747,-16.9685501057595,0,166.725722286586,1,0,0
2.419,49.8828226359183,399.999218076575,0,166.725722286586,78.6663276485386,0,241.2,0,241.2,245.392049935124,-17.0107960748291,0,166.725722286586,1,0,0
2.42,49.8829952171144,399.999227960287,0,166.725722286586,78.6688955951344,0,241.2,0,241.2,245.39461788172,-17.0529799258985,0,166.725722286586,1,0,0
2.421,49.8831678254063,399.999238359432,0,166.725722286586,78.6713380550544,0,241.2,0,241.2,245.39706034164,-17.0951016477373,0,166.725722286586,1,0,0
2.422,49.8833404567476,399.999249233342,0,166.725722286586,78.6736566373052,0,241.2,0,241.2,245.399378923891,-17.1371612305911,0,166.725722286586,1,0,0
2.423,49.8835131071451,399.999260542832,0,166.725722286586,78.6758529339411,0,241.2,0,241.2,245.401575220527,-17.179158666162,0,166.725722286586,1,0,0
2.424,49.8836857726583,399.99927225017,0,166.725722286586,78.6779285202089,0,241.2,0,241.2,245.403650806795,-17.2210939475897,0,166.725722286586,1,0,0
2.425,49.8838584493983,399.99928431906,0,166.725722286586,78.6798849546922,0,241.2,0,241.2,245.405607241278,-17.2629670694327,0,166.725722286586,1,0,0
2.426,49.8840311335279,399.99929671461,0,166.725722286586,78.681723779455,0,241.2,0,241.2,245.407446066041,-17.3047780276493,0,166.725722286586,1,0,0
2.427,49.8842038212606,399.999309403304,0,166.725722286586,78.6834465201847,0,241.2,0,241.2,245.40916880677,-17.3465268195793,0,166.725722286586,1,0,0
2.428,49.8843765088601,399.999322352982,0,166.725722286586,78.6850546863343,0,241.2,0,241.2,245.41077697292,-17.3882134439255,0,166.725722286586,1,0,0
2.429,49.8845491926402,399.999335532806,0,166.725722286586,78.6865497712637,0,241.2,0,241.2,245.412272057849,-17.4298379007358,0,166.725722286586,1,0,0
2.43,49.8847218689636,399.999348913235,0,166.725722286586,78.6879332523806,0,241.2,0,241.2,245.413655538966,-17.4714001913854,0,166.725722286586,1,0,0
2.431,49.8848945342419,399.999362465998,0,166.725722286586,78.6892065912802,0,241.2,0,241.2,245.414928877866,-17.5129003185585,0,166.725722286586,1,0,0
2.432,49.8850671849348,399.999376164063,0,166.725722286586,78.6903712338847,0,241.2,0,241.2,245.41609352047,-17.5543382862314,0,166.725722286586,1,0,0
2.433,49.8852398175497,399.999389981609,0,166.725722286586,78.6914286105818,0,241.2,0,241.2,245.417150897167,-17.5957140996549,0,166.725722286586,1,0,0
2.434,49.8854124286411,399.999403894001,0,166.725722286586,78.6923801363617,0,241.2,0,241.2,245.418102422947,-17.637027765337,0,166.725722286586,1,0,0
2.435,49.8855850148102,399.999417877756,0,166.725722286586,78.693227210955,0,241.2,0,241.2,245.418949497541,-17.6782792910262,0,166.725722286586,1,0,0
2.436,49.8857575727044,399.999431910519,0,166.725722286586,78.6939712189682,0,241.2,0,241.2,245.419693505554,-17.7194686856945,0,166.725722286586,1,0,0
2.437,49.8859300990164,399.999445971031,0,166.725722286586,78.6946135300192,0,241.2,0,241.2,245.420335816605,-17.7605959595209,0,166.725722286586,1,0,0
2.438,49.8861025904844,399.999460039102,0,166.725722286586,78.6951554988721,0,241.2,0,241.2,245.420877785458,-17.801661123875,0,166.725722286586,1,0,0
2.439,49.8862750438912,399.999474095581,0,166.725722286586,78.6955984655705,0,241.2,0,241.2,245.421320752156,-17.8426641913006,0,166.725722286586,1,0,0
2.44,49.8864474560634,399.999488122329,0,166.725722286586,78.6959437555713,0,241.2,0,241.2,245.421666042157,-17.8836051754998,0,166.725722286586,1,0,0
2.441,49.8866198238717,399.99950210219,0,166.725722286586,78.6961926798763,0,241.2,0,241.2,245.421914966462,-17.924484091317,0,166.725722286586,1,0,0
2.442,49.8867921442297,399.999516018961,0,166.725722286586,78.6963465351639,0,241.2,0,241.2,245.422068821749,-17.9653009547232,0,166.725722286586,1,0,0
2.443,49.8869644140939,399.999529857369,0,166.725722286586,78.6964066039194,0,241.2,0,241.2,245.422128890505,-18.0060557828005,0,166.725722286586,1,0,0
2.444,49.8871366304629,399.999543603036,0,166.725722286586,78.6963741545655,0,241.2,0,241.2,245.422096441151,-18.0467485937267,0,166.725722286586,1,0,0
2.445,49.8873087903772,399.999557242458,0,166.725722286586,78.6962504415907,0,241.2,0,241.2,245.421972728176,-18.08737940676,0,166.725722286586,1,0,0
2.446,49.8874808909186,399.999570762973,0,166.725722286586,78.6960367056777,0,241.2,0,241.2,245.421758992263,-18.1279482422242,0,166.725722286586,1,0,0
2.447,49.8876529292095,399.999584152737,0,166.725722286586,78.6957341738311,0,241.2,0,241.2,245.421456460417,-18.1684551214935,0,166.725722286586,1,0,0
2.448,49.8878249024132,399.999597400697,0,166.725722286586,78.6953440595036,0,241.2,0,241.2,245.421066346089,-18.2089000669781,0,166.725722286586,1,0,0
2.449,49.8879968077324,399.999610496562,0,166.725722286586,78.6948675627221,0,241.2,0,241.2,245.420589849308,-18.2492831021093,0,166.725722286586,1,0,0
2.45,49.8881686424097,399.99962343078,0,166.725722286586,78.6943058702125,0,241.2,0,241.2,245.420028156798,-18.2896042513257,0,166.725722286586,1,0,0
2.451,49.8883404037268,399.999636194511,0,166.725722286586,78.693660155524,0,241.2,0,241.2,245.41938244211,-18.3298635400582,0,166.725722286586,1,0,0
2.452,49.8885120890036,399.999648779602,0,166.725722286586,78.6929315791524,0,241.2,0,241.2,245.418653865738,-18.3700609947166,0,166.725722286586,1,0,0
2.453,49.8886836955987,399.999661178561,0,166.725722286586,78.6921212886627,0,241.2,0,241.2,245.417843575248,-18.4101966426753,0,166.725722286586,1,0,0
2.454,49.8888552209082,399.999673384537,0,166.725722286586,78.6912304188106,0,241.2,0,241.2,245.416952705396,-18.4502705122597,0,166.725722286586,1,0,0
2.455,49.8890266623656,399.99968539129,0,166.725722286586,78.6902600916637,0,241.2,0,241.2,245.415982378249,-18.4902826327328,0,166.725722286586,1,0,0
2.456,49.8891980174414,399.999697193169,0,166.725722286586,78.6892114167214,0,241.2,0,241.2,245.414933703307,-18.5302330342811,0,166.725722286586,1,0,0
2.457,49.8893692836424,399.999708785094,0,166.725722286586,78.6880854910343,0,241.2,0,241.2,245.41380777762,-18.5701217480022,0,166.725722286586,1,0,0
2.458,49.8895404585118,399.999720162525,0,166.725722286586,78.6868833993226,0,241.2,0,241.2,245.412605685908,-18.609948805891,0,166.725722286586,1,0,0
2.459,49.8897115396283,399.999731321446,0,166.725722286586,78.6856062140934,0,241.2,0,241.2,245.411328500679,-18.6497142408267,0,166.725722286586,1,0,0
2.46,49.889882524606,399.999742258341,0,166.725722286586,78.6842549957581,0,241.2,0,241.2,245.409977282344,-18.6894180865605,0,166.725722286586,1,0,0
2.461,49.8900534110936,399.999752970173,0,166.725722286586,78.6828307927481,0,241.2,0,241.2,245.408553079334,-18.7290603777023,0,166.725722286586,1,0,0
2.462,49.8902241967747,399.999763454363,0,166.725722286586,78.6813346416297,0,241.2,0,241.2,245.407056928215,-18.7686411497086,0,166.725722286586,1,0,0
2.463,49.8903948793667,399.999773708769,0,166.725722286586,78.6797675672191,0,241.2,0,241.2,245.405489853805,-18.8081604388697,0,166.725722286586,1,0,0
2.464,49.8905654566209,399.999783731668,0,166.725722286586,78.6781305826951,0,241.2,0,241.2,245.403852869281,-18.8476182822977,0,166.725722286586,1,0,0
2.465,49.8907359263218,399.999793521734,0,166.725722286586,78.6764246897127,0,241.2,0,241.2,245.402146976298,-18.8870147179142,0,166.725722286586,1,0,0
2.466,49.8909062862868,399.999803078021,0,166.725722286586,78.6746508785142,0,241.2,0,241.2,245.4003731651,-18.9263497844383,0,166.725722286586,1,0,0
2.467,49.8910765343661,399.999812399943,0,166.725722286586,78.6728101280409,0,241.2,0,241.2,245.398532414627,-18.9656235213751,0,166.725722286586,1,0,0
2.468,49.8912466684417,399.999821487259,0,166.725722286586,78.6709034060431,0,241.2,0,241.2,245.396625692629,-19.0048359690033,0,166.725722286586,1,0,0
2.469,49.8914166864278,399.999830340052,0,166.725722286586,78.6689316691894,0,241.2,0,241.2,245.394653955775,-19.0439871683643,0,166.725722286586,1,0,0
2.47,49.8915865862699,399.999838958713,0,166.725722286586,78.6668958631757,0,241.2,0,241.2,245.392618149761,-19.0830771612503,0,166.725722286586,1,0,0
2.471,49.8917563659445,399.999847343925,0,166.725722286586,78.6647969228327,0,241.2,0,241.2,245.390519209418,-19.1221059901931,0,166.725722286586,1,0,0
2.472,49.891926023459,399.999855496647,0,166.725722286586,78.6626357722334,0,241.2,0,241.2,245.388358058819,-19.1610736984531,0,166.725722286586,1,0,0
2.473,49.892095556851,399.999863418099,0,166.725722286586,78.6604133247987,0,241.2,0,241.2,245.386135611384,-19.1999803300079,0,166.725722286586,1,0,0
2.474,49.8922649641883,399.999871109744,0,166.725722286586,78.6581304834032,0,241.2,0,241.2,245.383852769989,-19.2388259295415,0,166.725722286586,1,0,0
2.475,49.8924342435682,399.999878573278,0,166.725722286586,78.6557881404799,0,241.2,0,241.2,245.381510427066,-19.2776105424337,0,166.725722286586,1,0,0
2.476,49.8926033931175,399.999885810611,0,166.725722286586,78.6533871781236,0,241.2,0,241.2,245.379109464709,-19.3163342147492,0,166.725722286586,1,0,0
2.477,49.8927724109918,399.999892823854,0,166.725722286586,78.6509284681943,0,241.2,0,241.2,245.37665075478,-19.3549969932269,0,166.725722286586,1,0,0
2.478,49.8929412953755,399.99989961531,0,166.725722286586,78.6484128724192,0,241.2,0,241.2,245.374135159005,-19.3935989252699,0,166.725722286586,1,0,0
2.479,49.8931100444812,399.999906187457,0,166.725722286586,78.6458412424943,0,241.2,0,241.2,245.37156352908,-19.4321400589347,0,166.725722286586,1,0,0
2.48,49.8932786565495,399.999912542936,0,166.725722286586,78.6432144201849,0,241.2,0,241.2,245.36893670677,-19.4706204429215,0,166.725722286586,1,0,0
2.481,49.8934471298488,399.999918684539,0,166.725722286586,78.6405332374252,0,241.2,0,241.2,245.366255524011,-19.5090401265636,0,166.725722286586,1,0,0
2.482,49.8936154626746,399.9999246152,0,166.725722286586,78.6377985164179,0,241.2,0,241.2,245.363520803004,-19.5473991598181,0,166.725722286586,1,0,0
2.483,49.8937836533495,399.999930337979,0,166.725722286586,78.6350110697321,0,241.2,0,241.2,245.360733356318,-19.5856975932552,0,166.725722286586,1,0,0
2.484,49.8939517002228,399.999935856056,0,166.725722286586,78.6321717004006,0,241.2,0,241.2,245.357893986986,-19.6239354780494,0,166.725722286586,1,0,0
2.485,49.8941196016702,399.999941172719,0,166.725722286586,78.6292812020171,0,241.2,0,241.2,245.355003488603,-19.6621128659692,0,166.725722286586,1,0,0
2.486,49.8942873560934,399.999946291351,0,166.725722286586,78.6263403588316,0,241.2,0,241.2,245.352062645417,-19.7002298093679,0,166.725722286586,1,0,0
2.487,49.8944549619197,399.999951215426,0,166.725722286586,78.623349945846,0,241.2,0,241.2,245.349072232432,-19.7382863611743,0,166.725722286586,1,0,0
2.488,49.8946224176023,399.999955948496,0,166.725722286586,78.6203107289081,0,241.2,0,241.2,245.346033015494,-19.7762825748832,0,166.725722286586,1,0,0
2.489,49.894789721619,399.999960494181,0,166.725722286586,78.6172234648054,0,241.2,0,241.2,245.342945751391,-19.8142185045464,0,166.725722286586,1,0,0
2.49,49.8949568724728,399.999964856165,0,166.725722286586,78.6140889013579,0,241.2,0,241.2,245.339811187944,-19.8520942047636,0,166.725722286586,1,0,0
2.491,49.895123868691,399.999969038184,0,166.725722286586,78.6109077775103,0,241.2,0,241.2,245.336630064096,-19.8899097306734,0,166.725722286586,1,0,0
2.492,49.8952907088254,399.99997304402,0,166.725722286586,78.6076808234228,0,241.2,0,241.2,245.333403110008,-19.9276651379446,0,166.725722286586,1,0,0
2.493,49.8954573914516,399.999976877495,0,166.725722286586,78.6044087605625,0,241.2,0,241.2,245.330131047148,-19.9653604827674,0,166.725722286586,1,0,0
2.494,49.8956239151689,399.999980542458,0,166.725722286586,78.6010923017924,0,241.2,0,241.2,245.326814588378,-20.0029958218449,0,166.725722286586,1,0,0
2.495,49.8957902785999,399.999984042787,0,166.725722286586,78.5977321514609,0,241.2,0,241.2,245.323454438046,-20.0405712123841,0,166.725722286586,1,0,0
2.496,49.8959564803905,399.999987382375,0,166.725722286586,78.5943290054899,0,241.2,0,241.2,245.320051292076,-20.0780867120881,0,166.725722286586,1,0,0
2.497,49.8961225192093,399.999990565129,0,166.725722286586,78.5908835514627,0,241.2,0,241.2,245.316605838048,-20.1155423791475,0,166.725722286586,1,0,0
2.498,49.8962883937475,399.999993594958,0,166.725722286586,78.5873964687103,0,241.2,0,241.2,245.313118755296,-20.1529382722322,0,166.725722286586,1,0,0
2.499,49.8964541027184,399.999996475777,0,166.725722286586,78.5838684283979,0,241.2,0,241.2,245.309590714983,-20.1902744504831,0,166.725722286586,1,0,0
2.5,49.8966196448577,399.999999211492,0,166.725722286586,78.58030009361,0,241.2,0,241.2,245.306022380196,-20.2275509735045,0,166.725722286586,1,0,0
2.501,49.8967850189224,400.000001806001,0,166.725722286586,78.5766921194352,0,241.2,0,241.2,245.302414406021,-20.2647679013557,0,166.725722286586,1,0,0
2.502,49.8969502236913,400.000004263188,0,166.725722286586,78.57304515305,0,241.2,0,241.2,245.298767439636,-20.3019252945436,0,166.725722286586,1,0,0
2.503,49.8971152579642,400.000006586917,0,166.725722286586,78.569359833802,0,241.2,0,241.2,245.295082120388,-20.3390232140148,0,166.725722286586,1,0,0
2.504,49.8972801205621,400.000008781029,0,166.725722286586,78.5656367932924,0,241.2,0,241.2,245.291359079878,-20.3760617211476,0,166.725722286586,1,0,0
2.505,49.8974448103264,400.00001084934,0,166.725722286586,78.5618766554574,0,241.2,0,241.2,245.287598942043,-20.4130408777453,0,166.725722286586,1,0,0
2.506,49.8976093261191,400.000012795632,0,166.725722286586,78.5580800366497,0,241.2,0,241.2,245.283802323235,-20.4499607460278,0,166.725722286586,1,0,0
2.507,49.8977736668225,400.000014623657,0,166.725722286586,78.5542475457188,0,241.2,0,241.2,245.279969832304,-20.4868213886249,0,166.725722286586,1,0,0
2.508,49.8979378313387,400.000016337126,0,166.725722286586,78.55037978409,0,241.2,0,241.2,245.276102070676,-20.5236228685688,0,166.725722286586,1,0,0
2.509,49.8981018185896,400.000017939711,0,166.725722286586,78.5464773458441,0,241.2,0,241.2,245.27219963243,-20.5603652492869,0,166.725722286586,1,0,0
2.51,49.8982656275165,400.000019435043,0,166.725722286586,78.5425408177949,0,241.2,0,241.2,245.268263104381,-20.5970485945946,0,166.725722286586,1,0,0
2.511,49.8984292570798,400.000020826704,0,166.725722286586,78.5385707795676,0,241.2,0,241.2,245.264293066153,-20.6336729686887,0,166.725722286586,1,0,0
2.512,49.8985927062592,400.00002211823,0,166.725722286586,78.5345678036744,0,241.2,0,241.2,245.26029009026,-20.6702384361399,0,166.725722286586,1,0,0
2.513,49.8987559740529,400.000023313105,0,166.725722286586,78.530532455592,0,241.2,0,241.2,245.256254742178,-20.7067450618866,0,166.725722286586,1,0,0
2.514,49.8989190594777,400.000024414763,0,166.725722286586,78.5264652938361,0,241.2,0,241.2,245.252187580422,-20.7431929112276,0,166.725722286586,1,0,0
2.515,49.8990819615686,400.000025426582,0,166.725722286586,78.5223668700364,0,241.2,0,241.2,245.248089156622,-20.7795820498156,0,166.725722286586,1,0,0
2.516,49.8992446793788,400.000026351883,0,166.725722286586,78.5182377290111,0,241.2,0,241.2,245.243960015597,-20.8159125436509,0,166.725722286586,1,0,0
2.517,49.8994072119792,400.000027193934,0,166.725722286586,78.51407840884,0,241.2,0,241.2,245.239800695426,-20.8521844590746,0,166.725722286586,1,0,0
2.518,49.8995695584585,400.000027955939,0,166.725722286586,78.5098894409371,0,241.2,0,241.2,245.235611727523,-20.888397862762,0,166.725722286586,1,0,0
2.519,49.8997317179225,400.000028641045,0,166.725722286586,78.5056713501234,0,241.2,0,241.2,245.231393636709,-20.924552821717,0,166.725722286586,1,0,0
2.52,49.8998936894945,400.000029252338,0,166.725722286586,78.5014246546975,0,241.2,0,241.2,245.227146941283,-20.9606494032649,0,166.725722286586,1,0,0
2.521,49.9000554723146,400.00002979284,0,166.725722286586,78.4971498665071,0,241.2,0,241.2,245.222872153093,-20.9966876750468,0,166.725722286586,1,0,0
2.522,49.9002170655395,400.000030265513,0,166.725722286586,78.4928474910189,0,241.2,0,241.2,245.218569777605,-21.0326677050136,0,166.725722286586,1,0,0
2.523,49.9003784683426,400.000030673252,0,166.725722286586,78.488518027388,0,241.2,0,241.2,245.214240313974,-21.0685895614194,0,166.725722286586,1,0,0
2.524,49.9005396799137,400.000031018891,0,166.725722286586,78.4841619685271,0,241.2,0,241.2,245.209884255113,-21.104453312816,0,166.725722286586,1,0,0
2.525,49.9007006994587,400.000031305199,0,166.725722286586,78.4797798011742,0,241.2,0,241.2,245.20550208776,-21.1402590280471,0,166.725722286586,1,0,0
2.526,49.9008615261991,400.000031534878,0,166.725722286586,78.4753720059608,0,241.2,0,241.2,245.201094292546,-21.176006776242,0,166.725722286586,1,0,0
2.527,49.9010221593726,400.000031710568,0,166.725722286586,78.4709390574787,0,241.2,0,241.2,245.196661344064,-21.2116966268103,0,166.725722286586,1,0,0
2.528,49.901182598232,400.000031834841,0,166.725722286586,78.4664814243459,0,241.2,0,241.2,245.192203710931,-21.2473286494362,0,166.725722286586,1,0,0
2.529,49.9013428420456,400.000031910205,0,166.725722286586,78.461999569273,0,241.2,0,241.2,245.187721855859,-21.2829029140727,0,166.725722286586,1,0,0
2.53,49.901502890097,400.000031939103,0,166.725722286586,78.4574939491279,0,241.2,0,241.2,245.183216235714,-21.3184194909362,0,166.725722286586,1,0,0
2.531,49.9016627416843,400.000031923913,0,166.725722286586,78.4529650150005,0,241.2,0,241.2,245.178687301586,-21.3538784505013,0,166.725722286586,1,0,0
2.532,49.9018223961207,400.000031866948,0,166.725722286586,78.4484132122663,0,241.2,0,241.2,245.174135498852,-21.389279863495,0,166.725722286586,1,0,0
2.533,49.9019818527339,400.000031770456,0,166.725722286586,78.4438389806502,0,241.2,0,241.2,245.169561267236,-21.4246238008915,0,166.725722286586,1,0,0
2.534,49.9021411108658,400.000031636621,0,166.725722286586,78.4392427542886,0,241.2,0,241.2,245.164965040874,-21.4599103339073,0,166.725722286586,1,0,0
2.535,49.9023001698727,400.000031467563,0,166.725722286586,78.4346249617919,0,241.2,0,241.2,245.160347248377,-21.4951395339956,0,166.725722286586,1,0,0
2.536,49.9024590291246,400.000031265339,0,166.725722286586,78.4299860263059,0,241.2,0,241.2,245.155708312891,-21.5303114728414,0,166.725722286586,1,0,0
2.537,49.9026176880056,400.000031031944,0,166.725722286586,78.4253263655727,0,241.2,0,241.2,245.151048652158,-21.5654262223566,0,166.725722286586,1,0,0
2.538,49.9027761459133,400.000030769309,0,166.725722286586,78.4206463919909,0,241.2,0,241.2,245.146368678576,-21.6004838546746,0,166.725722286586,1,0,0
2.539,49.9029344022589,400.000030479306,0,166.725722286586,78.4159465126757,0,241.2,0,241.2,245.141668799261,-21.6354844421458,0,166.725722286586,1,0,0
2.54,49.9030924564666,400.000030163744,0,166.725722286586,78.4112271295177,0,241.2,0,241.2,245.136949416103,-21.6704280573326,0,166.725722286586,1,0,0
2.541,49.9032503079741,400.000029824372,0,166.725722286586,78.4064886392416,0,241.2,0,241.2,245.132210925827,-21.7053147730046,0,166.725722286586,1,0,0
2.542,49.9034079562317,400.000029462882,0,166.725722286586,78.4017314334644,0,241.2,0,241.2,245.12745372005,-21.7401446621339,0,166.725722286586,1,0,0
2.543,49.9035654007026,400.000029080906,0,166.725722286586,78.3969558987529,0,241.2,0,241.2,245.122678185339,-21.7749177978905,0,166.725722286586,1,0,0
2.544,49.9037226408628,400.000028680018,0,166.725722286586,78.3921624166803,0,241.2,0,241.2,245.117884703266,-21.8096342536376,0,166.725722286586,1,0,0
2.545,49.9038796762005,400.000028261736,0,166.725722286586,78.3873513638828,0,241.2,0,241.2,245.113073650468,-21.844294102927,0,166.725722286586,1,0,0
2.546,49.9040365062162,400.000027827523,0,166.725722286586,78.3825231121153,0,241.2,0,241.2,245.108245398701,-21.8788974194948,0,166.725722286586,1,0,0
2.547,49.9041931304226,400.000027378785,0,166.725722286586,78.3776780283069,0,241.2,0,241.2,245.103400314892,-21.913444277257,0,166.725722286586,1,0,0
2.548,49.9043495483445,400.000026916877,0,166.725722286586,78.3728164746154,0,241.2,0,241.2,245.098538761201,-21.9479347503048,0,166.725722286586,1,0,0
2.549,49.9045057595182,400.000026443098,0,166.725722286586,78.3679388084814,0,241.2,0,241.2,245.093661095067,-21.9823689129008,0,166.725722286586,1,0,0
2.55,49.9046617634918,400.000025958699,0,166.725722286586,78.3630453826822,0,241.2,0,241.2,245.088767669268,-22.0167468394743,0,166.725722286586,1,0,0
2.551,49.9048175598249,400.000025464877,0,166.725722286586,78.358136545385,0,241.2,0,241.2,245.083858831971,-22.0510686046173,0,166.725722286586,1,0,0
2.552,49.9049731480886,400.00002496278,0,166.725722286586,78.3532126401988,0,241.2,0,241.2,245.078934926784,-22.0853342830803,0,166.725722286586,1,0,0
2.553,49.9051285278648,400.000024453509,0,166.725722286586,78.3482740062276,0,241.2,0,241.2,245.073996292813,-22.1195439497684,0,166.725722286586,1,0,0
2.554,49.9052836987469,400.000023938115,0,166.725722286586,78.3433209781208,0,241.2,0,241.2,245.069043264706,-22.1536976797371,0,166.725722286586,1,0,0
2.555,49.9054386603388,400.000023417604,0,166.725722286586,78.3383538861251,0,241.2,0,241.2,245.064076172711,-22.1877955481882,0,166.725722286586,1,0,0
2.556,49.9055934122554,400.000022892936,0,166.725722286586,78.3333730561345,0,241.2,0,241.2,245.05909534272,-22.2218376304663,0,166.725722286586,1,0,0
2.557,49.9057479541222,400.000022365027,0,166.725722286586,78.3283788097406,0,241.2,0,241.2,245.054101096326,-22.2558240020543,0,166.725722286586,1,0,0
2.558,49.9059022855751,400.00002183475,0,166.725722286586,78.3233714642821,0,241.2,0,241.2,245.049093750868,-22.2897547385703,0,166.725722286586,1,0,0
2.559,49.9060564062603,400.000021302933,0,166.725722286586,78.3183513328937,0,241.2,0,241.2,245.044073619479,-22.3236299157633,0,166.725722286586,1,0,0
2.56,49.9062103158342,400.000020770368,0,166.725722286586,78.3133187245547,0,241.2,0,241.2,245.03904101114,-22.3574496095096,0,166.725722286586,1,0,0
2.561,49.9063640139633,400.000020237801,0,166.725722286586,78.3082739441371,0,241.2,0,241.2,245.033996230723,-22.3912138958093,0,166.725722286586,1,0,0
2.562,49.906517500324,400.000019705945,0,166.725722286586,78.303217292453,0,241.2,0,241.2,245.028939579039,-22.4249228507825,0,166.725722286586,1,0,0
2.563,49.9066707746025,400.00001917547,0,166.725722286586,78.2981490663018,0,241.2,0,241.2,245.023871352887,-22.4585765506658,0,166.725722286586,1,0,0
2.564,49.9068238364946,400.000018647013,0,166.725722286586,78.2930695585168,0,241.2,0,241.2,245.018791845102,-22.4921750718089,0,166.725722286586,1,0,0
2.565,49.9069766857057,400.000018121173,0,166.725722286586,78.287979058011,0,241.2,0,241.2,245.013701344597,-22.5257184906709,0,166.725722286586,1,0,0
2.566,49.9071293219505,400.000017598515,0,166.725722286586,78.2828778498235,0,241.2,0,241.2,245.008600136409,-22.5592068838168,0,166.725722286586,1,0,0
2.567,49.9072817449529,400.000017079571,0,166.725722286586,78.2777662151637,0,241.2,0,241.2,245.003488501749,-22.5926403279146,0,166.725722286586,1,0,0
2.568,49.9074339544463,400.000016564839,0,166.725722286586,78.2726444314569,0,241.2,0,241.2,244.998366718042,-22.6260188997316,0,166.725722286586,1,0,0
2.569,49.9075859501726,400.000016054786,0,166.725722286586,78.2675127723878,0,241.2,0,241.2,244.993235058973,-22.6593426761309,0,166.725722286586,1,0,0
2.57,49.9077377318829,400.00001554985,0,166.725722286586,78.2623715079451,0,241.2,0,241.2,244.988093794531,-22.6926117340688,0,166.725722286586,1,0,0
2.571,49.9078892993371,400.000015050438,0,166.725722286586,78.257220904464,0,241.2,0,241.2,244.98294319105,-22.7258261505909,0,166.725722286586,1,0,0
2.572,49.9080406523035,400.000014556927,0,166.725722286586,78.2520612246697,0,241.2,0,241.2,244.977783511255,-22.7589860028296,0,166.725722286586,1,0,0
2.573,49.9081917905593,400.00001406967,0,166.725722286586,78.2468927277198,0,241.2,0,241.2,244.972615014305,-22.7920913680003,0,166.725722286586,1,0,0
2.574,49.9083427138897,400.000013588991,0,166.725722286586,78.241715669246,0,241.2,0,241.2,244.967437955832,-22.825142323399,0,166.725722286586,1,0,0
2.575,49.9084934220884,400.000013115188,0,166.725722286586,78.2365303013959,0,241.2,0,241.2,244.962252587982,-22.8581389463987,0,166.725722286586,1,0,0
2.576,49.9086439149574,400.000012648537,0,166.725722286586,78.2313368728743,0,241.2,0,241.2,244.95705915946,-22.8910813144469,0,166.725722286586,1,0,0
2.577,49.9087941923065,400.000012189286,0,166.725722286586,78.2261356289835,0,241.2,0,241.2,244.951857915569,-22.9239695050622,0,166.725722286586,1,0,0
2.578,49.9089442539536,400.000011737664,0,166.725722286586,78.2209268116641,0,241.2,0,241.2,244.94664909825,-22.9568035958319,0,166.725722286586,1,0,0
2.579,49.9090940997244,400.000011293876,0,166.725722286586,78.2157106595344,0,241.2,0,241.2,244.94143294612,-22.9895836644086,0,166.725722286586,1,0,0
2.58,49.9092437294525,400.000010858107,0,166.725722286586,78.2104874079302,0,241.2,0,241.2,244.936209694516,-23.0223097885078,0,166.725722286586,1,0,0
2.581,49.9093931429789,400.00001043052,0,166.725722286586,78.2052572889435,0,241.2,0,241.2,244.930979575529,-23.0549820459049,0,166.725722286586,1,0,0
2.582,49.9095423401522,400.00001001126,0,166.725722286586,78.2000205314616,0,241.2,0,241.2,244.925742818047,-23.0876005144325,0,166.725722286586,1,0,0
2.583,49.9096913208284,400.000009600454,0,166.725722286586,78.194777361205,0,241.2,0,241.2,244.920499647791,-23.1201652719777,0,166.725722286586,1,0,0
2.584,49.9098400848709,400.000009198209,0,166.725722286586,78.189528000765,0,241.2,0,241.2,244.915250287351,-23.1526763964795,0,166.725722286586,1,0,0
2.585,49.9099886321501,400.000008804616,0,166.725722286586,78.1842726696417,0,241.2,0,241.2,244.909994956227,-23.185133965926,0,166.725722286586,1,0,0
2.586,49.9101369625438,400.000008419751,0,166.725722286586,78.1790115842805,0,241.2,0,241.2,244.904733870866,-23.2175380583519,0,166.725722286586,1,0,0
2.587,49.9102850759365,400.000008043672,0,166.725722286586,78.1737449581091,0,241.2,0,241.2,244.899467244695,-23.2498887518362,0,166.725722286586,1,0,0
2.588,49.9104329722198,400.000007676425,0,166.725722286586,78.1684730015734,0,241.2,0,241.2,244.894195288159,-23.282186124499,0,166.725722286586,1,0,0
2.589,49.910580651292,400.000007318039,0,166.725722286586,78.1631959221737,0,241.2,0,241.2,244.888918208759,-23.3144302544999,0,166.725722286586,1,0,0
2.59,49.9107281130583,400.000006968531,0,166.725722286586,78.1579139244999,0,241.2,0,241.2,244.883636211086,-23.3466212200348,0,166.725722286586,1,0,0
2.591,49.9108753574303,400.000006627907,0,166.725722286586,78.1526272102665,0,241.2,0,241.2,244.878349496852,-23.3787590993338,0,166.725722286586,1,0,0
2.592,49.9110223843261,400.000006296158,0,166.725722286586,78.1473359783478,0,241.2,0,241.2,244.873058264933,-23.4108439706589,0,166.725722286586,1,0,0
2.593,49.9111691936704,400.000005973265,0,166.725722286586,78.1420404248116,0,241.2,0,241.2,244.867762711397,-23.4428759123015,0,166.725722286586,1,0,0
2.594,49.9113157853942,400.000005659199,0,166.725722286586,78.1367407429537,0,241.2,0,241.2,244.862463029539,-23.4748550025801,0,166.725722286586,1,0,0
2.595,49.9114621594346,400.000005353918,0,166.725722286586,78.1314371233312,0,241.2,0,241.2,244.857159409917,-23.5067813198382,0,166.725722286586,1,0,0
2.596,49.911608315735,400.000005057373,0,166.725722286586,78.1261297537959,0,241.2,0,241.2,244.851852040382,-23.5386549424418,0,166.725722286586,1,0,0
2.597,49.9117542542447,400.000004769505,0,166.725722286586,78.1208188195271,0,241.2,0,241.2,244.846541106113,-23.5704759487772,0,166.725722286586,1,0,0
2.598,49.9118999749192,400.000004490247,0,166.725722286586,78.1155045030641,0,241.2,0,241.2,244.84122678965,-23.6022444172491,0,166.725722286586,1,0,0
2.599,49.9120454777198,400.000004219524,0,166.725722286586,78.1101869843384,0,241.2,0,241.2,244.835909270924,-23.6339604262782,0,166.725722286586,1,0,0
2.6,49.9121907626134,400.000003957252,0,166.725722286586,78.1048664407056,0,241.2,0,241.2,244.830588727291,-23.665624054299,0,166.725722286586,1,0,0
2.601,49.9123358295729,400.000003703342,0,166.725722286586,78.0995430469768,0,241.2,0,241.2,244.825265333562,-23.6972353797582,0,166.725722286586,1,0,0
2.602,49.9124806785767,400.000003457697,0,166.725722286586,78.0942169754497,0,241.2,0,241.2,244.819939262035,-23.728794481112,0,166.725722286586,1,0,0
2.603,49.9126253096087,400.000003220216,0,166.725722286586,78.0888883959395,0,241.2,0,241.2,244.814610682525,-23.7603014368244,0,166.725722286586,1,0,0
2.604,49.9127697226585,400.00000299079,0,166.725722286586,78.0835574758092,0,241.2,0,241.2,244.809279762395,-23.7917563253652,0,166.725722286586,1,0,0
2.605,49.9129139177208,400.000002769306,0,166.725722286586,78.0782243799999,0,241.2,0,241.2,244.803946666585,-23.8231592252082,0,166.725722286586,1,0,0
2.606,49.9130578947957,400.000002555648,0,166.725722286586,78.0728892710605,0,241.2,0,241.2,244.798611557646,-23.8545102148287,0,166.725722286586,1,0,0
2.607,49.9132016538887,400.000002349692,0,166.725722286586,78.0675523091772,0,241.2,0,241.2,244.793274595763,-23.8858093727023,0,166.725722286586,1,0,0
2.608,49.9133451950102,400.000002151312,0,166.725722286586,78.0622136522025,0,241.2,0,241.2,244.787935938788,-23.9170567773023,0,166.725722286586,1,0,0
2.609,49.9134885181759,400.00000196038,0,166.725722286586,78.0568734556843,0,241.2,0,241.2,244.78259574227,-23.9482525070987,0,166.725722286586,1,0,0
2.61,49.9136316234063,400.000001776763,0,166.725722286586,78.051531872894,0,241.2,0,241.2,244.77725415948,-23.9793966405553,0,166.725722286586,1,0,0
2.611,49.9137745107269,400.000001600325,0,166.725722286586,78.0461890548552,0,241.2,0,241.2,244.771911341441,-24.0104892561291,0,166.725722286586,1,0,0
2.612,49.9139171801682,400.000001430928,0,166.725722286586,78.0408451503712,0,241.2,0,241.2,244.766567436957,-24.0415304322674,0,166.725722286586,1,0,0
2.613,49.9140596317652,400.000001268431,0,166.725722286586,78.0355003060525,0,241.2,0,241.2,244.761222592638,-24.0725202474069,0,166.725722286586,1,0,0
2.614,49.9142018655578,400.000001112693,0,166.725722286586,78.0301546663445,0,241.2,0,241.2,244.75587695293,-24.1034587799714,0,166.725722286586,1,0,0
2.615,49.9143438815905,400.00000096357,0,166.725722286586,78.0248083735539,0,241.2,0,241.2,244.75053066014,-24.1343461083706,0,166.725722286586,1,0,0
2.616,49.9144856799124,400.000000820917,0,166.725722286586,78.0194615678759,0,241.2,0,241.2,244.745183854461,-24.165182310998,0,166.725722286586,1,0,0
2.617,49.914627260577,400.000000684587,0,166.725722286586,78.01411438742,0,241.2,0,241.2,244.739836674006,-24.1959674662295,0,166.725722286586,1,0,0
2.618,49.9147686236423,400.000000554433,0,166.725722286586,78.0087669682365,0,241.2,0,241.2,244.734489254822,-24.2267016524218,0,166.725722286586,1,0,0
2.619,49.9149097691705,400.000000430308,0,166.725722286586,78.0034194443421,0,241.2,0,241.2,244.729141730928,-24.2573849479106,0,166.725722286586,1,0,0
2.62,49.9150506972284,400.000000312064,0,166.725722286586,77.9980719477454,0,241.2,0,241.2,244.723794234331,-24.2880174310092,0,166.725722286586,1,0,0
2.621,49.9151914078868,400.000000199552,0,166.725722286586,77.9927246084722,0,241.2,0,241.2,244.718446895058,-24.318599180007,0,166.725722286586,1,0,0
2.622,49.9153319012206,400.000000092625,0,166.725722286586,77.9873775545901,0,241.2,0,241.2,244.713099841176,-24.3491302731677,0,166.725722286586,1,0,0
2.623,49.9154721773091,399.999999991135,0,166.725722286586,77.9820309122334,0,241.2,0,241.2,244.707753198819,-24.3796107887283,0,166.725722286586,1,0,0
2.624,49.9156122362353,399.999999894934,0,166.725722286586,77.9766848056275,0,241.2,0,241.2,244.702407092213,-24.410040804897,0,166.725722286586,1,0,0
2.625,49.9157520780863,399.999999803876,0,166.725722286586,77.9713393571127,0,241.2,0,241.2,244.697061643698,-24.4404203998523,0,166.725722286586,1,0,0
2.626,49.9158917029532,399.999999717814,0,166.725722286586,77.9659946871683,0,241.2,0,241.2,244.691716973754,-24.4707496517413,0,166.725722286586,1,0,0
2.627,49.9160311109308,399.999999636603,0,166.725722286586,77.960650914436,0,241.2,0,241.2,244.686373201022,-24.5010286386781,0,166.725722286586,1,0,0
2.628,49.9161703021178,399.9999995601,0,166.725722286586,77.9553081557432,0,241.2,0,241.2,244.681030442329,-24.531257438743,0,166.725722286586,1,0,0
2.629,49.9163092766165,399.999999488162,0,166.725722286586,77.9499665261257,0,241.2,0,241.2,244.675688812711,-24.5614361299806,0,166.725722286586,1,0,0
2.63,49.9164480345331,399.999999420647,0,166.725722286586,77.9446261388512,0,241.2,0,241.2,244.670348425437,-24.5915647903987,0,166.725722286586,1,0,0
2.631,49.9165865759771,399.999999357415,0,166.725722286586,77.9392871054409,0,241.2,0,241.2,244.665009392027,-24.6216434979668,0,166.725722286586,1,0,0
2.632,49.9167249010618,399.999999298328,0,166.725722286586,77.9339495356924,0,241.2,0,241.2,244.659671822278,-24.651672330615,0,166.725722286586,1,0,0
2.633,49.9168630099039,399.999999243249,0,166.725722286586,77.9286135377011,0,241.2,0,241.2,244.654335824287,-24.6816513662328,0,166.725722286586,1,0,0
2.634,49.9170009026235,399.999999192044,0,166.725722286586,77.9232792178827,0,241.2,0,241.2,244.649001504468,-24.7115806826674,0,166.725722286586,1,0,0
2.635,49.9171385793441,399.999999144578,0,166.725722286586,77.9179466809936,0,241.2,0,241.2,244.643668967579,-24.7414603577229,0,166.725722286586,1,0,0
2.636,49.9172760401927,399.999999100721,0,166.725722286586,77.9126160301533,0,241.2,0,241.2,244.638338316739,-24.771290469159,0,166.725722286586,1,0,0
2.637,49.9174132852994,399.999999060343,0,166.725722286586,77.9072873668643,0,241.2,0,241.2,244.63300965345,-24.8010710946897,0,166.725722286586,1,0,0
2.638,49.9175503147975,399.999999023318,0,166.725722286586,77.9019607910337,0,241.2,0,241.2,244.627683077619,-24.8308023119819,0,166.725722286586,1,0,0
2.639,49.9176871288235,399.999998989521,0,166.725722286586,77.8966364009931,0,241.2,0,241.2,244.622358687579,-24.8604841986548,0,166.725722286586,1,0,0
2.64,49.9178237275172,399.999998958828,0,166.725722286586,77.8913142935194,0,241.2,0,241.2,244.617036580105,-24.8901168322783,0,166.725722286586,1,0,0
2.641,49.9179601110212,399.99999893112,0,166.725722286586,77.8859945638543,0,241.2,0,241.2,244.61171685044,-24.9197002903721,0,166.725722286586,1,0,0
2.642,49.9180962794813,399.999998906278,0,166.725722286586,77.8806773057244,0,241.2,0,241.2,244.60639959231,-24.9492346504045,0,166.725722286586,1,0,0
2.643,49.9182322330462,399.999998884185,0,166.725722286586,77.8753626113606,0,241.2,0,241.2,244.601084897946,-24.9787199897912,0,166.725722286586,1,0,0
2.644,49.9183679718676,399.99999886473,0,166.725722286586,77.8700505715178,0,241.2,0,241.2,244.595772858103,-25.0081563858946,0,166.725722286586,1,0,0
2.645,49.9185034960999,399.999998847799,0,166.725722286586,77.8647412754934,0,241.2,0,241.2,244.590463562079,-25.0375439160223,0,166.725722286586,1,0,0
2.646,49.9186388059004,399.999998833286,0,166.725722286586,77.859434811147,0,241.2,0,241.2,244.585157097733,-25.0668826574263,0,166.725722286586,1,0,0
2.647,49.9187739014293,399.999998821082,0,166.725722286586,77.8541312649181,0,241.2,0,241.2,244.579853551504,-25.0961726873022,0,166.725722286586,1,0,0
2.648,49.9189087828494,399.999998811086,0,166.725722286586,77.8488307218456,0,241.2,0,241.2,244.574553008431,-25.1254140827876,0,166.725722286586,1,0,0
2.649,49.9190434503263,399.999998803194,0,166.725722286586,77.8435332655852,0,241.2,0,241.2,244.569255552171,-25.1546069209618,0,166.725722286586,1,0,0
2.65,49.919177904028,399.999998797308,0,166.725722286586,77.8382389784277,0,241.2,0,241.2,244.563961265013,-25.1837512788443,0,166.725722286586,1,0,0
2.651,49.9193121441253,399.999998793332,0,166.725722286586,77.8329479413172,0,241.2,0,241.2,244.558670227903,-25.2128472333943,0,166.725722286586,1,0,0
2.652,49.9194461707915,399.999998791172,0,166.725722286586,77.827660233868,0,241.2,0,241.2,244.553382520454,-25.2418948615092,0,166.725722286586,1,0,0
2.653,49.9195799842025,399.999998790735,0,166.725722286586,77.8223759343825,0,241.2,0,241.2,244.548098220968,-25.2708942400242,0,166.725722286586,1,0,0
2.654,49.9197135845364,399.999998791934,0,166.725722286586,77.8170951198684,0,241.2,0,241.2,244.542817406454,-25.2998454457113,0,166.725722286586,1,0,0
2.655,49.9198469719741,399.999998794681,0,166.725722286586,77.8118178660553,0,241.2,0,241.2,244.537540152641,-25.3287485552782,0,166.725722286586,1,0,0
2.656,49.9199801466984,399.999998798893,0,166.725722286586,77.8065442474119,0,241.2,0,241.2,244.532266533998,-25.3576036453675,0,166.725722286586,1,0,0
2.657,49.9201131088949,399.999998804486,0,166.725722286586,77.8012743371625,0,241.2,0,241.2,244.526996623748,-25.3864107925561,0,166.725722286586,1,0,0
2.658,49.9202458587512,399.999998811383,0,166.725722286586,77.7960082073032,0,241.2,0,241.2,244.521730493889,-25.4151700733539,0,166.725722286586,1,0,0
2.659,49.9203783964574,399.999998819507,0,166.725722286586,77.7907459286182,0,241.2,0,241.2,244.516468215204,-25.4438815642035,0,166.725722286586,1,0,0
2.66,49.9205107222055,399.999998828781,0,166.725722286586,77.7854875706959,0,241.2,0,241.2,244.511209857282,-25.4725453414788,0,166.725722286586,1,0,0
2.661,49.9206428361899,399.999998839136,0,166.725722286586,77.7802332019447,0,241.2,0,241.2,244.50595548853,-25.5011614814848,0,166.725722286586,1,0,0
2.662,49.9207747386071,399.999998850499,0,166.725722286586,77.7749828896086,0,241.2,0,241.2,244.500705176194,-25.5297300604565,0,166.725722286586,1,0,0
2.663,49.9209064296556,399.999998862804,0,166.725722286586,77.7697366997826,0,241.2,0,241.2,244.495458986368,-25.558251154558,0,166.725722286586,1,0,0
2.664,49.9210379095363,399.999998875986,0,166.725722286586,77.7644946974279,0,241.2,0,241.2,244.490216984014,-25.5867248398819,0,166.725722286586,1,0,0
2.665,49.9211691784516,399.999998889981,0,166.725722286586,77.7592569463873,0,241.2,0,241.2,244.484979232973,-25.6151511924489,0,166.725722286586,1,0,0
2.666,49.9213002366063,399.999998904728,0,166.725722286586,77.7540235093997,0,241.2,0,241.2,244.479745795985,-25.6435302882063,0,166.725722286586,1,0,0
2.667,49.921431084207,399.999998920169,0,166.725722286586,77.7487944481149,0,241.2,0,241.2,244.474516734701,-25.671862203028,0,166.725722286586,1,0,0
2.668,49.9215617214623,399.999998936246,0,166.725722286586,77.7435698231086,0,241.2,0,241.2,244.469292109694,-25.7001470127135,0,166.725722286586,1,0,0
2.669,49.9216921485824,399.999998952906,0,166.725722286586,77.7383496938961,0,241.2,0,241.2,244.464071980482,-25.7283847929871,0,166.725722286586,1,0,0
2.67,49.9218223657798,399.999998970096,0,166.725722286586,77.7331341189468,0,241.2,0,241.2,244.458856405532,-25.7565756194974,0,166.725722286586,1,0,0
2.671,49.9219523732685,399.999998987765,0,166.725722286586,77.7279231556985,0,241.2,0,241.2,244.453645442284,-25.7847195678167,0,166.725722286586,1,0,0
2.672,49.9220821712643,399.999999005865,0,166.725722286586,77.7227168605707,0,241.2,0,241.2,244.448439147156,-25.81281671344,0,166.725722286586,1,0,0
2.673,49.9222117599848,399.999999024349,0,166.725722286586,77.7175152889787,0,241.2,0,241.2,244.443237575564,-25.8408671317849,0,166.725722286586,1,0,0
2.674,49.9223411396494,399.999999043173,0,166.725722286586,77.7123184953471,0,241.2,0,241.2,244.438040781933,-25.8688708981903,0,166.725722286586,1,0,0
2.675,49.9224703104791,399.999999062294,0,166.725722286586,77.7071265331228,0,241.2,0,241.2,244.432848819708,-25.8968280879165,0,166.725722286586,1,0,0
2.676,49.9225992726964,399.999999081671,0,166.725722286586,77.7019394547888,0,241.2,0,241.2,244.427661741374,-25.9247387761441,0,166.725722286586,1,0,0
2.677,49.9227280265257,399.999999101264,0,166.725722286586,77.6967573118765,0,241.2,0,241.2,244.422479598462,-25.9526030379733,0,166.725722286586,1,0,0
2.678,49.9228565721928,399.999999121037,0,166.725722286586,77.6915801549793,0,241.2,0,241.2,244.417302441565,-25.9804209484241,0,166.725722286586,1,0,0
2.679,49.9229849099251,399.999999140954,0,166.725722286586,77.6864080337649,0,241.2,0,241.2,244.412130320351,-26.0081925824347,0,166.725722286586,1,0,0
2.68,49.9231130399515,399.999999160981,0,166.725722286586,77.6812409969879,0,241.2,0,241.2,244.406963283574,-26.0359180148617,0,166.725722286586,1,0,0
2.681,49.9232409625025,399.999999181085,0,166.725722286586,77.6760790925025,0,241.2,0,241.2,244.401801379088,-26.0635973204791,0,166.725722286586,1,0,0
2.682,49.9233686778099,399.999999201235,0,166.725722286586,77.6709223672743,0,241.2,0,241.2,244.39664465386,-26.0912305739782,0,166.725722286586,1,0,0
2.683,49.923496186107,399.999999221403,0,166.725722286586,77.6657708673927,0,241.2,0,241.2,244.391493153978,-26.1188178499667,0,166.725722286586,1,0,0
2.684,49.9236234876287,399.99999924156,0,166.725722286586,77.660624638083,0,241.2,0,241.2,244.386346924669,-26.1463592229681,0,166.725722286586,1,0,0
2.685,49.9237505826109,399.99999926168,0,166.725722286586,77.655483723718,0,241.2,0,241.2,244.381206010304,-26.1738547674218,0,166.725722286586,1,0,0
2.686,49.9238774712913,399.999999281738,0,166.725722286586,77.6503481678295,0,241.2,0,241.2,244.376070454415,-26.2013045576819,0,166.725722286586,1,0,0
2.687,49.9240041539084,399.999999301711,0,166.725722286586,77.6452180131205,0,241.2,0,241.2,244.370940299706,-26.228708668017,0,166.725722286586,1,0,0
2.688,49.9241306307025,399.999999321576,0,166.725722286586,77.6400933014757,0,241.2,0,241.2,244.365815588061,-26.25606717261,0,166.725722286586,1,0,0
2.689,49.9242569019149,399.999999341313,0,166.725722286586,77.6349740739734,0,241.2,0,241.2,244.360696360559,-26.2833801455571,0,166.725722286586,1,0,0
2.69,49.9243829677882,399.999999360902,0,166.725722286586,77.6298603708964,0,241.2,0,241.2,244.355582657482,-26.3106476608677,0,166.725722286586,1,0,0
2.691,49.9245088285662,399.999999380324,0,166.725722286586,77.624752231743,0,241.2,0,241.2,244.350474518329,-26.337869792464,0,166.725722286586,1,0,0
2.692,49.9246344844939,399.999999399563,0,166.725722286586,77.6196496952378,0,241.2,0,241.2,244.345371981823,-26.3650466141801,0,166.725722286586,1,0,0
2.693,49.9247599358174,399.999999418602,0,166.725722286586,77.6145527993425,0,241.2,0,241.2,244.340275085928,-26.3921781997623,0,166.725722286586,1,0,0
2.694,49.9248851827842,399.999999437426,0,166.725722286586,77.6094615812661,0,241.2,0,241.2,244.335183867852,-26.4192646228681,0,166.725722286586,1,0,0
2.695,49.9250102256427,399.999999456021,0,166.725722286586,77.604376077476,0,241.2,0,241.2,244.330098364062,-26.4463059570658,0,166.725722286586,1,0,0
2.696,49.9251350646423,399.999999474375,0,166.725722286586,77.5992963237078,0,241.2,0,241.2,244.325018610293,-26.4733022758344,0,166.725722286586,1,0,0
2.697,49.9252597000336,399.999999492475,0,166.725722286586,77.5942223549756,0,241.2,0,241.2,244.319944641561,-26.5002536525632,0,166.725722286586,1,0,0
2.698,49.9253841320684,399.99999951031,0,166.725722286586,77.5891542055821,0,241.2,0,241.2,244.314876492168,-26.5271601605511,0,166.725722286586,1,0,0
2.699,49.9255083609993,399.999999527871,0,166.725722286586,77.5840919091285,0,241.2,0,241.2,244.309814195714,-26.5540218730065,0,166.725722286586,1,0,0
2.7,49.9256323870799,399.999999545149,0,166.725722286586,77.5790354985245,0,241.2,0,241.2,244.30475778511,-26.5808388630467,0,166.725722286586,1,0,0
2.701,49.9257562105649,399.999999562134,0,166.725722286586,77.5739850059974,0,241.2,0,241.2,244.299707292583,-26.6076112036979,0,166.725722286586,1,0,0
2.702,49.9258798317099,399.99999957882,0,166.725722286586,77.5689404631025,0,241.2,0,241.2,244.294662749688,-26.6343389678946,0,166.725722286586,1,0,0
2.703,49.9260032507715,399.9999995952,0,166.725722286586,77.563901900732,0,241.2,0,241.2,244.289624187318,-26.661022228479,0,166.725722286586,1,0,0
2.704,49.926126468007,399.999999611268,0,166.725722286586,77.5588693491242,0,241.2,0,241.2,244.28459163571,-26.6876610582013,0,166.725722286586,1,0,0
2.705,49.9262494836748,399.999999627018,0,166.725722286586,77.5538428378732,0,241.2,0,241.2,244.279565124459,-26.7142555297187,0,166.725722286586,1,0,0
2.706,49.9263722980341,399.999999642447,0,166.725722286586,77.5488223959377,0,241.2,0,241.2,244.274544682523,-26.7408057155958,0,166.725722286586,1,0,0
2.707,49.926494911345,399.999999657551,0,166.725722286586,77.5438080516499,0,241.2,0,241.2,244.269530338236,-26.7673116883035,0,166.725722286586,1,0,0
2.708,49.9266173238683,399.999999672325,0,166.725722286586,77.5387998327247,0,241.2,0,241.2,244.26452211931,-26.7937735202193,0,166.725722286586,1,0,0
2.709,49.9267395358658,399.999999686768,0,166.725722286586,77.533797766268,0,241.2,0,241.2,244.259520052854,-26.8201912836267,0,166.725722286586,1,0,0
2.71,49.9268615475998,399.999999700878,0,166.725722286586,77.5288018787856,0,241.2,0,241.2,244.254524165371,-26.8465650507151,0,166.725722286586,1,0,0
2.711,49.9269833593337,399.999999714653,0,166.725722286586,77.5238121961919,0,241.2,0,241.2,244.249534482778,-26.8728948935791,0,166.725722286586,1,0,0
2.712,49.9271049713314,399.999999728092,0,166.725722286586,77.518828743818,0,241.2,0,241.2,244.244551030404,-26.899180884219,0,166.725722286586,1,0,0
2.713,49.9272263838577,399.999999741195,0,166.725722286586,77.5138515464202,0,241.2,0,241.2,244.239573833006,-26.9254230945397,0,166.725722286586,1,0,0
2.714,49.927347597178,399.999999753962,0,166.725722286586,77.508880628188,0,241.2,0,241.2,244.234602914774,-26.9516215963509,0,166.725722286586,1,0,0
2.715,49.9274686115584,399.999999766392,0,166.725722286586,77.5039160127525,0,241.2,0,241.2,244.229638299338,-26.9777764613668,0,166.725722286586,1,0,0
2.716,49.9275894272657,399.999999778488,0,166.725722286586,77.4989577231945,0,241.2,0,241.2,244.22468000978,-27.0038877612058,0,166.725722286586,1,0,0
2.717,49.9277100445674,399.99999979025,0,166.725722286586,77.4940057820518,0,241.2,0,241.2,244.219728068637,-27.0299555673902,0,166.725722286586,1,0,0
2.718,49.9278304637316,399.99999980168,0,166.725722286586,77.4890602113275,0,241.2,0,241.2,244.214782497913,-27.0559799513459,0,166.725722286586,1,0,0
2.719,49.927950685027,399.999999812781,0,166.725722286586,77.4841210324978,0,241.2,0,241.2,244.209843319083,-27.0819609844025,0,166.725722286586,1,0,0
2.72,49.9280707087229,399.999999823553,0,166.725722286586,77.4791882665191,0,241.2,0,241.2,244.204910553105,-27.1078987377928,0,166.725722286586,1,0,0
2.721,49.9281905350893,399.999999834001,0,166.725722286586,77.4742619338361,0,241.2,0,241.2,244.199984220422,-27.1337932826525,0,166.725722286586,1,0,0
2.722,49.9283101643965,399.999999844127,0,166.725722286586,77.4693420543885,0,241.2,0,241.2,244.195064340974,-27.1596446900204,0,166.725722286586,1,0,0
2.723,49.9284295969157,399.999999853934,0,166.725722286586,77.4644286476193,0,241.2,0,241.2,244.190150934205,-27.1854530308376,0,166.725722286586,1,0,0
2.724,49.9285488329185,399.999999863426,0,166.725722286586,77.4595217324808,0,241.2,0,241.2,244.185244019066,-27.211218375948,0,166.725722286586,1,0,0
2.725,49.9286678726768,399.999999872606,0,166.725722286586,77.4546213274429,0,241.2,0,241.2,244.180343614029,-27.2369407960973,0,166.725722286586,1,0,0
2.726,49.9287867164634,399.999999881479,0,166.725722286586,77.4497274504994,0,241.2,0,241.2,244.175449737085,-27.2626203619337,0,166.725722286586,1,0,0
2.727,49.9289053645513,399.999999890048,0,166.725722286586,77.4448401191752,0,241.2,0,241.2,244.170562405761,-27.2882571440068,0,166.725722286586,1,0,0
2.728,49.9290238172142,399.999999898319,0,166.725722286586,77.4399593505329,0,241.2,0,241.2,244.165681637119,-27.3138512127683,0,166.725722286586,1,0,0
2.729,49.9291420747259,399.999999906295,0,166.725722286586,77.4350851611803,0,241.2,0,241.2,244.160807447766,-27.3394026385713,0,166.725722286586,1,0,0
2.73,49.929260137361,399.999999913981,0,166.725722286586,77.430217567276,0,241.2,0,241.2,244.155939853862,-27.3649114916699,0,166.725722286586,1,0,0
2.731,49.9293780053945,399.999999921382,0,166.725722286586,77.425356584537,0,241.2,0,241.2,244.151078871123,-27.39037784222,0,166.725722286586,1,0,0
2.732,49.9294956791016,399.999999928504,0,166.725722286586,77.4205022282445,0,241.2,0,241.2,244.14622451483,-27.4158017602779,0,166.725722286586,1,0,0
2.733,49.9296131587581,399.99999993535,0,166.725722286586,77.4156545132508,0,241.2,0,241.2,244.141376799836,-27.4411833158013,0,166.725722286586,1,0,0
2.734,49.9297304446401,399.999999941926,0,166.725722286586,77.4108134539852,0,241.2,0,241.2,244.136535740571,-27.4665225786484,0,166.725722286586,1,0,0
2.735,49.9298475370241,399.999999948238,0,166.725722286586,77.4059790644607,0,241.2,0,241.2,244.131701351046,-27.491819618578,0,166.725722286586,1,0,0
2.736,49.9299644361869,399.999999954291,0,166.725722286586,77.4011513582799,0,241.2,0,241.2,244.126873644865,-27.5170745052493,0,166.725722286586,1,0,0
2.737,49.9300811424058,399.99999996009,0,166.725722286586,77.3963303486412,0,241.2,0,241.2,244.122052635227,-27.542287308222,0,166.725722286586,1,0,0
2.738,49.9301976559583,399.99999996564,0,166.725722286586,77.3915160483447,0,241.2,0,241.2,244.11723833493,-27.5674580969559,0,166.725722286586,1,0,0
2.739,49.9303139771223,399.999999970948,0,166.725722286586,77.3867084697984,0,241.2,0,241.2,244.112430756384,-27.5925869408109,0,166.725722286586,1,0,0
2.74,49.9304301061758,399.999999976018,0,166.725722286586,77.3819076250236,0,241.2,0,241.2,244.107629911609,-27.6176739090469,0,166.725722286586,1,0,0
2.741,49.9305460433975,399.999999980857,0,166.725722286586,77.3771135256614,0,241.2,0,241.2,244.102835812247,-27.6427190708236,0,166.725722286586,1,0,0
2.742,49.9306617890661,399.99999998547,0,166.725722286586,77.3723261829775,0,241.2,0,241.2,244.098048469563,-27.6677224952005,0,166.725722286586,1,0,0
2.743,49.9307773434605,399.999999989862,0,166.725722286586,77.3675456078687,0,241.2,0,241.2,244.093267894454,-27.6926842511367,0,166.725722286586,1,0,0
2.744,49.9308927068601,399.999999994039,0,166.725722286586,77.3627718108677,0,241.2,0,241.2,244.088494097453,-27.717604407491,0,166.725722286586,1,0,0
2.745,49.9310078795444,399.999999998007,0,166.725722286586,77.3580048021494,0,241.2,0,241.2,244.083727088735,-27.7424830330213,0,166.725722286586,1,0,0
2.746,49.9311228617932,400.000000001771,0,166.725722286586,77.3532445915354,0,241.2,0,241.2,244.078966878121,-27.7673201963853,0,166.725722286586,1,0,0
2.747,49.9312376538865,400.000000005338,0,166.725722286586,77.3484911885001,0,241.2,0,241.2,244.074213475086,-27.7921159661398,0,166.725722286586,1,0,0
2.748,49.9313522561046,400.000000008711,0,166.725722286586,77.3437446021757,0,241.2,0,241.2,244.069466888761,-27.8168704107406,0,166.725722286586,1,0,0
2.749,49.9314666687277,400.000000011898,0,166.725722286586,77.3390048413573,0,241.2,0,241.2,244.064727127943,-27.841583598543,0,166.725722286586,1,0,0
2.75,49.9315808920366,400.000000014903,0,166.725722286586,77.3342719145079,0,241.2,0,241.2,244.059994201094,-27.866255597801,0,166.725722286586,1,0,0
2.751,49.9316949263121,400.000000017732,0,166.725722286586,77.3295458297641,0,241.2,0,241.2,244.05526811635,-27.8908864766678,0,166.725722286586,1,0,0
2.752,49.931808771835,400.00000002039,0,166.725722286586,77.3248265949404,0,241.2,0,241.2,244.050548881526,-27.9154763031954,0,166.725722286586,1,0,0
2.753,49.9319224288866,400.000000022883,0,166.725722286586,77.3201142175345,0,241.2,0,241.2,244.04583650412,-27.9400251453348,0,166.725722286586,1,0,0
2.754,49.9320358977481,400.000000025216,0,166.725722286586,77.3154087047319,0,241.2,0,241.2,244.041130991318,-27.9645330709357,0,166.725722286586,1,0,0
2.755,49.9321491787009,400.000000027393,0,166.725722286586,77.3107100634112,0,241.2,0,241.2,244.036432349997,-27.9890001477463,0,166.725722286586,1,0,0
2.756,49.9322622720266,400.000000029421,0,166.725722286586,77.3060183001481,0,241.2,0,241.2,244.031740586734,-28.013426443414,0,166.725722286586,1,0,0
2.757,49.9323751780069,400.000000031305,0,166.725722286586,77.3013334212209,0,241.2,0,241.2,244.027055707807,-28.0378120254844,0,166.725722286586,1,0,0
2.758,49.9324878969235,400.000000033048,0,166.725722286586,77.2966554326144,0,241.2,0,241.2,244.0223777192,-28.062156961402,0,166.725722286586,1,0,0
2.759,49.9326004290583,400.000000034657,0,166.725722286586,77.2919843400248,0,241.2,0,241.2,244.01770662661,-28.0864613185095,0,166.725722286586,1,0,0
2.76,49.9327127746933,400.000000036136,0,166.725722286586,77.2873201488642,0,241.2,0,241.2,244.01304243545,-28.1107251640485,0,166.725722286586,1,0,0
2.761,49.9328249341106,400.00000003749,0,166.725722286586,77.2826628642648,0,241.2,0,241.2,244.00838515085,-28.1349485651589,0,166.725722286586,1,0,0
2.762,49.9329369075922,400.000000038723,0,166.725722286586,77.2780124910837,0,241.2,0,241.2,244.003734777669,-28.1591315888791,0,166.725722286586,1,0,0
2.763,49.9330486954205,400.000000039841,0,166.725722286586,77.2733690339067,0,241.2,0,241.2,243.999091320492,-28.1832743021459,0,166.725722286586,1,0,0
2.764,49.9331602978775,400.000000040848,0,166.725722286586,77.2687324970529,0,241.2,0,241.2,243.994454783639,-28.2073767717946,0,166.725722286586,1,0,0
2.765,49.9332717152458,400.000000041747,0,166.725722286586,77.2641028845786,0,241.2,0,241.2,243.989825171164,-28.2314390645586,0,166.725722286586,1,0,0
2.766,49.9333829478075,400.000000042545,0,166.725722286586,77.2594802002819,0,241.2,0,241.2,243.985202486867,-28.2554612470702,0,166.725722286586,1,0,0
2.767,49.9334939958451,400.000000043244,0,166.725722286586,77.2548644477061,0,241.2,0,241.2,243.980586734292,-28.2794433858595,0,166.725722286586,1,0,0
2.768,49.933604859641,400.000000043849,0,166.725722286586,77.2502556301446,0,241.2,0,241.2,243.97597791673,-28.3033855473552,0,166.725722286586,1,0,0
2.769,49.9337155394776,400.000000044364,0,166.725722286586,77.245653750644,0,241.2,0,241.2,243.97137603723,-28.3272877978844,0,166.725722286586,1,0,0
2.77,49.9338260356372,400.000000044793,0,166.725722286586,77.2410588120087,0,241.2,0,241.2,243.966781098594,-28.3511502036725,0,166.725722286586,1,0,0
2.771,49.9339363484024,400.00000004514,0,166.725722286586,77.2364708168042,0,241.2,0,241.2,243.96219310339,-28.3749728308431,0,166.725722286586,1,0,0
2.772,49.9340464780555,400.000000045409,0,166.725722286586,77.2318897673613,0,241.2,0,241.2,243.957612053947,-28.3987557454183,0,166.725722286586,1,0,0
2.773,49.934156424879,400.000000045604,0,166.725722286586,77.2273156657798,0,241.2,0,241.2,243.953037952365,-28.4224990133183,0,166.725722286586,1,0,0
2.774,49.9342661891552,400.000000045727,0,166.725722286586,77.2227485139321,0,241.2,0,241.2,243.948470800518,-28.4462027003618,0,166.725722286586,1,0,0
2.775,49.9343757711664,400.000000045783,0,166.725722286586,77.218188313467,0,241.2,0,241.2,243.943910600053,-28.4698668722659,0,166.725722286586,1,0,0
2.776,49.934485171195,400.000000045775,0,166.725722286586,77.2136350658131,0,241.2,0,241.2,243.939357352399,-28.493491594646,0,166.725722286586,1,0,0
2.777,49.9345943895232,400.000000045707,0,166.725722286586,77.2090887721824,0,241.2,0,241.2,243.934811058768,-28.5170769330158,0,166.725722286586,1,0,0
2.778,49.9347034264332,400.000000045581,0,166.725722286586,77.2045494335742,0,241.2,0,241.2,243.93027172016,-28.5406229527875,0,166.725722286586,1,0,0
2.779,49.9348122822072,400.000000045401,0,166.725722286586,77.2000170507779,0,241.2,0,241.2,243.925739337364,-28.5641297192715,0,166.725722286586,1,0,0
2.78,49.9349209571273,400.000000045169,0,166.725722286586,77.1954916243771,0,241.2,0,241.2,243.921213910963,-28.5875972976769,0,166.725722286586,1,0,0
2.781,49.9350294514754,400.00000004489,0,166.725722286586,77.1909731547522,0,241.2,0,241.2,243.916695441338,-28.6110257531111,0,166.725722286586,1,0,0
2.782,49.9351377655335,400.000000044565,0,166.725722286586,77.1864616420846,0,241.2,0,241.2,243.91218392867,-28.6344151505799,0,166.725722286586,1,0,0
2.783,49.9352458995835,400.000000044198,0,166.725722286586,77.1819570863592,0,241.2,0,241.2,243.907679372945,-28.6577655549879,0,166.725722286586,1,0,0
2.784,49.9353538539071,400.000000043791,0,166.725722286586,77.1774594873681,0,241.2,0,241.2,243.903181773954,-28.6810770311378,0,166.725722286586,1,0,0
2.785,49.935461628786,400.000000043346,0,166.725722286586,77.1729688447137,0,241.2,0,241.2,243.898691131299,-28.7043496437312,0,166.725722286586,1,0,0
2.786,49.9355692245016,400.000000042867,0,166.725722286586,77.1684851578115,0,241.2,0,241.2,243.894207444397,-28.7275834573683,0,166.725722286586,1,0,0
2.787,49.9356766413356,400.000000042356,0,166.725722286586,77.1640084258939,0,241.2,0,241.2,243.88973071248,-28.7507785365477,0,166.725722286586,1,0,0
2.788,49.9357838795692,400.000000041815,0,166.725722286586,77.1595386480125,0,241.2,0,241.2,243.885260934598,-28.7739349456669,0,166.725722286586,1,0,0
2.789,49.9358909394835,400.000000041246,0,166.725722286586,77.1550758230415,0,241.2,0,241.2,243.880798109627,-28.797052749022,0,166.725722286586,1,0,0
2.79,49.9359978213598,400.000000040652,0,166.725722286586,77.1506199496807,0,241.2,0,241.2,243.876342236266,-28.8201320108079,0,166.725722286586,1,0,0
2.791,49.9361045254789,400.000000040034,0,166.725722286586,77.1461710264583,0,241.2,0,241.2,243.871893313044,-28.8431727951184,0,166.725722286586,1,0,0
2.792,49.9362110521217,400.000000039395,0,166.725722286586,77.1417290517339,0,241.2,0,241.2,243.867451338319,-28.866175165946,0,166.725722286586,1,0,0
2.793,49.9363174015689,400.000000038737,0,166.725722286586,77.137294023701,0,241.2,0,241.2,243.863016310287,-28.8891391871821,0,166.725722286586,1,0,0
2.794,49.9364235741009,400.000000038062,0,166.725722286586,77.1328659403904,0,241.2,0,241.2,243.858588226976,-28.9120649226173,0,166.725722286586,1,0,0
2.795,49.9365295699981,400.000000037371,0,166.725722286586,77.1284447996725,0,241.2,0,241.2,243.854167086258,-28.934952435941,0,166.725722286586,1,0,0
2.796,49.9366353895408,400.000000036666,0,166.725722286586,77.1240305992602,0,241.2,0,241.2,243.849752885846,-28.9578017907417,0,166.725722286586,1,0,0
2.797,49.9367410330089,400.000000035948,0,166.725722286586,77.1196233367117,0,241.2,0,241.2,243.845345623297,-28.980613050507,0,166.725722286586,1,0,0
2.798,49.9368465006825,400.00000003522,0,166.725722286586,77.1152230094327,0,241.2,0,241.2,243.840945296018,-29.0033862786238,0,166.725722286586,1,0,0
2.799,49.9369517928411,400.000000034483,0,166.725722286586,77.1108296146797,0,241.2,0,241.2,243.836551901265,-29.0261215383781,0,166.725722286586,1,0,0
2.8,49.9370569097643,400.000000033739,0,166.725722286586,77.1064431495621,0,241.2,0,241.2,243.832165436148,-29.0488188929553,0,166.725722286586,1,0,0
2.801,49.9371618517314,400.000000032988,0,166.725722286586,77.1020636110447,0,241.2,0,241.2,243.82778589763,-29.0714784054402,0,166.725722286586,1,0,0
2.802,49.9372666190216,400.000000032232,0,166.725722286586,77.0976909959505,0,241.2,0,241.2,243.823413282536,-29.0941001388169,0,166.725722286586,1,0,0
2.803,49.9373712119139,400.000000031472,0,166.725722286586,77.0933253009631,0,241.2,0,241.2,243.819047587549,-29.1166841559691,0,166.725722286586,1,0,0
2.804,49.937475630687,400.00000003071,0,166.725722286586,77.088966522629,0,241.2,0,241.2,243.814688809215,-29.1392305196801,0,166.725722286586,1,0,0
2.805,49.9375798756195,400.000000029947,0,166.725722286586,77.0846146573601,0,241.2,0,241.2,243.810336943946,-29.1617392926328,0,166.725722286586,1,0,0
2.806,49.9376839469898,400.000000029184,0,166.725722286586,77.080269701436,0,241.2,0,241.2,243.805991988022,-29.1842105374097,0,166.725722286586,1,0,0
2.807,49.937787845076,400.000000028421,0,166.725722286586,77.0759316510064,0,241.2,0,241.2,243.801653937592,-29.2066443164934,0,166.725722286586,1,0,0
2.808,49.937891570156,400.00000002766,0,166.725722286586,77.0716005020934,0,241.2,0,241.2,243.797322788679,-29.2290406922661,0,166.725722286586,1,0,0
2.809,49.9379951225076,400.000000026901,0,166.725722286586,77.0672762505937,0,241.2,0,241.2,243.792998537179,-29.2513997270099,0,166.725722286586,1,0,0
2.81,49.9380985024082,400.000000026147,0,166.725722286586,77.0629588922809,0,241.2,0,241.2,243.788681178867,-29.2737214829072,0,166.725722286586,1,0,0
2.811,49.9382017101352,400.000000025396,0,166.725722286586,77.0586484228078,0,241.2,0,241.2,243.784370709393,-29.2960060220402,0,166.725722286586,1,0,0
2.812,49.9383047459656,400.000000024651,0,166.725722286586,77.0543448377082,0,241.2,0,241.2,243.780067124294,-29.3182534063916,0,166.725722286586,1,0,0
2.813,49.9384076101761,400.000000023912,0,166.725722286586,77.0500481323996,0,241.2,0,241.2,243.775770418985,-29.340463697844,0,166.725722286586,1,0,0
2.814,49.9385103030435,400.000000023179,0,166.725722286586,77.0457583021847,0,241.2,0,241.2,243.77148058877,-29.3626369581806,0,166.725722286586,1,0,0
2.815,49.938612824844,400.000000022453,0,166.725722286586,77.0414753422541,0,241.2,0,241.2,243.76719762884,-29.3847732490849,0,166.725722286586,1,0,0
2.816,49.9387151758536,400.000000021736,0,166.725722286586,77.0371992476877,0,241.2,0,241.2,243.762921534273,-29.4068726321411,0,166.725722286586,1,0,0
2.817,49.9388173563483,400.000000021026,0,166.725722286586,77.0329300134573,0,241.2,0,241.2,243.758652300043,-29.4289351688338,0,166.725722286586,1,0,0
2.818,49.9389193666037,400.000000020326,0,166.725722286586,77.0286676344283,0,241.2,0,241.2,243.754389921014,-29.4509609205484,0,166.725722286586,1,0,0
2.819,49.939021206895,400.000000019635,0,166.725722286586,77.0244121053617,0,241.2,0,241.2,243.750134391947,-29.472949948571,0,166.725722286586,1,0,0
2.82,49.9391228774975,400.000000018953,0,166.725722286586,77.0201634209159,0,241.2,0,241.2,243.745885707502,-29.4949023140888,0,166.725722286586,1,0,0
2.821,49.9392243786858,400.000000018282,0,166.725722286586,77.0159215756491,0,241.2,0,241.2,243.741643862235,-29.5168180781897,0,166.725722286586,1,0,0
2.822,49.9393257107345,400.000000017621,0,166.725722286586,77.0116865640204,0,241.2,0,241.2,243.737408850606,-29.5386973018629,0,166.725722286586,1,0,0
2.823,49.939426873918,400.000000016971,0,166.725722286586,77.0074583803923,0,241.2,0,241.2,243.733180666978,-29.5605400459984,0,166.725722286586,1,0,0
2.824,49.9395278685103,400.000000016332,0,166.725722286586,77.0032370190323,0,241.2,0,241.2,243.728959305618,-29.5823463713879,0,166.725722286586,1,0,0
2.825,49.9396286947851,400.000000015705,0,166.725722286586,76.9990224741147,0,241.2,0,241.2,243.7247447607,-29.6041163387243,0,166.725722286586,1,0,0
2.826,49.9397293530159,400.000000015089,0,166.725722286586,76.9948147397222,0,241.2,0,241.2,243.720537026308,-29.6258500086016,0,166.725722286586,1,0,0
2.827,49.9398298434758,400.000000014486,0,166.725722286586,76.9906138098481,0,241.2,0,241.2,243.716336096434,-29.6475474415159,0,166.725722286586,1,0,0
2.828,49.9399301664379,400.000000013894,0,166.725722286586,76.9864196783975,0,241.2,0,241.2,243.712141964983,-29.6692086978646,0,166.725722286586,1,0,0
2.829,49.9400303221748,400.000000013315,0,166.725722286586,76.9822323391892,0,241.2,0,241.2,243.707954625775,-29.6908338379469,0,166.725722286586,1,0,0
2.83,49.9401303109587,400.000000012748,0,166.725722286586,76.9780517859576,0,241.2,0,241.2,243.703774072543,-29.712422921964,0,166.725722286586,1,0,0
2.831,49.9402301330617,400.000000012193,0,166.725722286586,76.9738780123539,0,241.2,0,241.2,243.69960029894,-29.7339760100189,0,166.725722286586,1,0,0
2.832,49.9403297887557,400.000000011651,0,166.725722286586,76.9697110119483,0,241.2,0,241.2,243.695433298534,-29.7554931621167,0,166.725722286586,1,0,0
2.833,49.940429278312,400.000000011122,0,166.725722286586,76.9655507782308,0,241.2,0,241.2,243.691273064816,-29.7769744381646,0,166.725722286586,1,0,0
2.834,49.9405286020019,400.000000010605,0,166.725722286586,76.9613973046137,0,241.2,0,241.2,243.687119591199,-29.7984198979723,0,166.725722286586,1,0,0
2.835,49.9406277600962,400.000000010101,0,166.725722286586,76.9572505844322,0,241.2,0,241.2,243.682972871018,-29.8198296012516,0,166.725722286586,1,0,0
2.836,49.9407267528655,400.00000000961,0,166.725722286586,76.9531106109468,0,241.2,0,241.2,243.678832897532,-29.841203607617,0,166.725722286586,1,0,0
2.837,49.9408255805801,400.000000009132,0,166.725722286586,76.9489773773442,0,241.2,0,241.2,243.67469966393,-29.8625419765854,0,166.725722286586,1,0,0
2.838,49.9409242435099,400.000000008666,0,166.725722286586,76.944850876739,0,241.2,0,241.2,243.670573163325,-29.8838447675765,0,166.725722286586,1,0,0
2.839,49.9410227419246,400.000000008213,0,166.725722286586,76.9407311021753,0,241.2,0,241.2,243.666453388761,-29.905112039913,0,166.725722286586,1,0,0
2.84,49.9411210760935,400.000000007772,0,166.725722286586,76.9366180466278,0,241.2,0,241.2,243.662340333213,-29.9263438528201,0,166.725722286586,1,0,0
2.841,49.9412192462857,400.000000007344,0,166.725722286586,76.9325117030035,0,241.2,0,241.2,243.658233989589,-29.9475402654265,0,166.725722286586,1,0,0
2.842,49.9413172527698,400.000000006929,0,166.725722286586,76.9284120641429,0,241.2,0,241.2,243.654134350728,-29.9687013367636,0,166.725722286586,1,0,0
2.843,49.9414150958143,400.000000006526,0,166.725722286586,76.9243191228217,0,241.2,0,241.2,243.650041409407,-29.9898271257665,0,166.725722286586,1,0,0
2.844,49.9415127756872,400.000000006135,0,166.725722286586,76.9202328717516,0,241.2,0,241.2,243.645955158337,-30.0109176912734,0,166.725722286586,1,0,0
2.845,49.9416102926564,400.000000005756,0,166.725722286586,76.9161533035823,0,241.2,0,241.2,243.641875590168,-30.0319730920259,0,166.725722286586,1,0,0
2.846,49.9417076469892,400.00000000539,0,166.725722286586,76.9120804109023,0,241.2,0,241.2,243.637802697488,-30.0529933866696,0,166.725722286586,1,0,0
2.847,49.9418048389528,400.000000005035,0,166.725722286586,76.9080141862402,0,241.2,0,241.2,243.633736472826,-30.0739786337535,0,166.725722286586,1,0,0
2.848,49.9419018688139,400.000000004692,0,166.725722286586,76.9039546220665,0,241.2,0,241.2,243.629676908652,-30.0949288917305,0,166.725722286586,1,0,0
2.849,49.941998736839,400.00000000436,0,166.725722286586,76.8999017107942,0,241.2,0,241.2,243.62562399738,-30.1158442189576,0,166.725722286586,1,0,0
2.85,49.9420954432942,400.00000000404,0,166.725722286586,76.8958554447805,0,241.2,0,241.2,243.621577731366,-30.1367246736955,0,166.725722286586,1,0,0
2.851,49.9421919884454,400.000000003731,0,166.725722286586,76.8918158163277,0,241.2,0,241.2,243.617538102913,-30.1575703141096,0,166.725722286586,1,0,0
2.852,49.942288372558,400.000000003434,0,166.725722286586,76.8877828176847,0,241.2,0,241.2,243.61350510427,-30.1783811982693,0,166.725722286586,1,0,0
2.853,49.942384595897,400.000000003147,0,166.725722286586,76.8837564410478,0,241.2,0,241.2,243.609478727633,-30.1991573841484,0,166.725722286586,1,0,0
2.854,49.9424806587274,400.000000002871,0,166.725722286586,76.8797366785624,0,241.2,0,241.2,243.605458965148,-30.2198989296255,0,166.725722286586,1,0,0
2.855,49.9425765613136,400.000000002605,0,166.725722286586,76.8757235223237,0,241.2,0,241.2,243.601445808909,-30.2406058924836,0,166.725722286586,1,0,0
2.856,49.9426723039196,400.00000000235,0,166.725722286586,76.8717169643777,0,241.2,0,241.2,243.597439250963,-30.2612783304107,0,166.725722286586,1,0,0
2.857,49.9427678868093,400.000000002105,0,166.725722286586,76.8677169967229,0,241.2,0,241.2,243.593439283309,-30.2819163009996,0,166.725722286586,1,0,0
2.858,49.9428633102461,400.00000000187,0,166.725722286586,76.8637236113111,0,241.2,0,241.2,243.589445897897,-30.3025198617482,0,166.725722286586,1,0,0
2.859,49.9429585744931,400.000000001644,0,166.725722286586,76.859736800048,0,241.2,0,241.2,243.585459086634,-30.3230890700596,0,166.725722286586,1,0,0
2.86,49.943053679813,400.000000001428,0,166.725722286586,76.8557565547952,0,241.2,0,241.2,243.581478841381,-30.3436239832421,0,166.725722286586,1,0,0
2.861,49.9431486264681,400.000000001222,0,166.725722286586,76.8517828673705,0,241.2,0,241.2,243.577505153956,-30.3641246585095,0,166.725722286586,1,0,0
2.862,49.9432434147207,400.000000001024,0,166.725722286586,76.8478157295491,0,241.2,0,241.2,243.573538016135,-30.3845911529809,0,166.725722286586,1,0,0
2.863,49.9433380448323,400.000000000836,0,166.725722286586,76.8438551330648,0,241.2,0,241.2,243.56957741965,-30.4050235236815,0,166.725722286586,1,0,0
2.864,49.9434325170643,400.000000000656,0,166.725722286586,76.8399010696108,0,241.2,0,241.2,243.565623356196,-30.4254218275419,0,166.725722286586,1,0,0
2.865,49.9435268316778,400.000000000485,0,166.725722286586,76.8359535308409,0,241.2,0,241.2,243.561675817427,-30.4457861213987,0,166.725722286586,1,0,0
2.866,49.9436209889333,400.000000000321,0,166.725722286586,76.8320125083701,0,241.2,0,241.2,243.557734794956,-30.4661164619947,0,166.725722286586,1,0,0
2.867,49.9437149890911,400.000000000166,0,166.725722286586,76.8280779937758,0,241.2,0,241.2,243.553800280361,-30.4864129059787,0,166.725722286586,1,0,0
2.868,49.9438088324112,400.000000000019,0,166.725722286586,76.8241499785989,0,241.2,0,241.2,243.549872265185,-30.5066755099059,0,166.725722286586,1,0,0
2.869,49.9439025191532,399.999999999879,0,166.725722286586,76.8202284543443,0,241.2,0,241.2,243.54595074093,-30.5269043302379,0,166.725722286586,1,0,0
2.87,49.9439960495763,399.999999999747,0,166.725722286586,76.8163134124821,0,241.2,0,241.2,243.542035699068,-30.5470994233427,0,166.725722286586,1,0,0
2.871,49.9440894239393,399.999999999622,0,166.725722286586,76.8124048444485,0,241.2,0,241.2,243.538127131034,-30.5672608454953,0,166.725722286586,1,0,0
2.872,49.9441826425008,399.999999999504,0,166.725722286586,76.8085027416464,0,241.2,0,241.2,243.534225028232,-30.5873886528771,0,166.725722286586,1,0,0
2.873,49.944275705519,399.999999999393,0,166.725722286586,76.8046070954466,0,241.2,0,241.2,243.530329382032,-30.6074829015768,0,166.725722286586,1,0,0
2.874,49.9443686132515,399.999999999289,0,166.725722286586,76.8007178971885,0,241.2,0,241.2,243.526440183774,-30.62754364759,0,166.725722286586,1,0,0
2.875,49.9444613659558,399.99999999919,0,166.725722286586,76.7968351381809,0,241.2,0,241.2,243.522557424767,-30.6475709468195,0,166.725722286586,1,0,0
2.876,49.9445539638891,399.999999999099,0,166.725722286586,76.7929588097029,0,241.2,0,241.2,243.518681096289,-30.6675648550754,0,166.725722286586,1,0,0
2.877,49.9446464073079,399.999999999012,0,166.725722286586,76.7890889030047,0,241.2,0,241.2,243.51481118959,-30.6875254280753,0,166.725722286586,1,0,0
2.878,49.9447386964687,399.999999998932,0,166.725722286586,76.7852254093082,0,241.2,0,241.2,243.510947695894,-30.7074527214445,0,166.725722286586,1,0,0
2.879,49.9448308316273,399.999999998858,0,166.725722286586,76.7813683198083,0,241.2,0,241.2,243.507090606394,-30.7273467907157,0,166.725722286586,1,0,0
2.88,49.9449228130395,399.999999998788,0,166.725722286586,76.7775176256729,0,241.2,0,241.2,243.503239912259,-30.7472076913299,0,166.725722286586,1,0,0
2.881,49.9450146409604,399.999999998724,0,166.725722286586,76.7736733180445,0,241.2,0,241.2,243.49939560463,-30.7670354786357,0,166.725722286586,1,0,0
2.882,49.9451063156449,399.999999998665,0,166.725722286586,76.7698353880403,0,241.2,0,241.2,243.495557674626,-30.7868302078899,0,166.725722286586,1,0,0
2.883,49.9451978373476,399.999999998611,0,166.725722286586,76.7660038267532,0,241.2,0,241.2,243.491726113339,-30.8065919342577,0,166.725722286586,1,0,0
2.884,49.9452892063225,399.999999998562,0,166.725722286586,76.7621786252526,0,241.2,0,241.2,243.487900911838,-30.8263207128126,0,166.725722286586,1,0,0
2.885,49.9453804228234,399.999999998517,0,166.725722286586,76.7583597745848,0,241.2,0,241.2,243.48408206117,-30.8460165985365,0,166.725722286586,1,0,0
2.886,49.9454714871037,399.999999998476,0,166.725722286586,76.7545472657742,0,241.2,0,241.2,243.48026955236,-30.8656796463201,0,166.725722286586,1,0,0
2.887,49.9455623994165,399.99999999844,0,166.725722286586,76.7507410898234,0,241.2,0,241.2,243.476463376409,-30.8853099109627,0,166.725722286586,1,0,0
2.888,49.9456531600144,399.999999998407,0,166.725722286586,76.7469412377144,0,241.2,0,241.2,243.4726635243,-30.9049074471728,0,166.725722286586,1,0,0
2.889,49.9457437691497,399.999999998378,0,166.725722286586,76.743147700409,0,241.2,0,241.2,243.468869986995,-30.9244723095676,0,166.725722286586,1,0,0
2.89,49.9458342270743,399.999999998353,0,166.725722286586,76.7393604688494,0,241.2,0,241.2,243.465082755435,-30.9440045526737,0,166.725722286586,1,0,0
2.891,49.9459245340397,399.999999998332,0,166.725722286586,76.735579533959,0,241.2,0,241.2,243.461301820545,-30.963504230927,0,166.725722286586,1,0,0
2.892,49.9460146902971,399.999999998313,0,166.725722286586,76.7318048866429,0,241.2,0,241.2,243.457527173229,-30.9829713986727,0,166.725722286586,1,0,0
2.893,49.9461046960973,399.999999998298,0,166.725722286586,76.7280365177889,0,241.2,0,241.2,243.453758804375,-31.0024061101658,0,166.725722286586,1,0,0
2.894,49.9461945516907,399.999999998286,0,166.725722286586,76.7242744182675,0,241.2,0,241.2,243.449996704853,-31.0218084195707,0,166.725722286586,1,0,0
2.895,49.9462842573274,399.999999998277,0,166.725722286586,76.720518578933,0,241.2,0,241.2,243.446240865519,-31.0411783809621,0,166.725722286586,1,0,0
2.896,49.946373813257,399.999999998271,0,166.725722286586,76.7167689906237,0,241.2,0,241.2,243.442491277209,-31.0605160483242,0,166.725722286586,1,0,0
2.897,49.9464632197288,399.999999998267,0,166.725722286586,76.7130256441631,0,241.2,0,241.2,243.438747930749,-31.0798214755517,0,166.725722286586,1,0,0
2.898,49.9465524769918,399.999999998266,0,166.725722286586,76.7092885303596,0,241.2,0,241.2,243.435010816945,-31.0990947164494,0,166.725722286586,1,0,0
2.899,49.9466415852945,399.999999998267,0,166.725722286586,76.7055576400078,0,241.2,0,241.2,243.431279926593,-31.1183358247323,0,166.725722286586,1,0,0
2.9,49.946730544885,399.999999998271,0,166.725722286586,76.7018329638889,0,241.2,0,241.2,243.427555250474,-31.1375448540263,0,166.725722286586,1,0,0
2.901,49.9468193560112,399.999999998277,0,166.725722286586,76.6981144927708,0,241.2,0,241.2,243.423836779356,-31.1567218578677,0,166.725722286586,1,0,0
2.902,49.9469080189204,399.999999998284,0,166.725722286586,76.6944022174094,0,241.2,0,241.2,243.420124503995,-31.1758668897037,0,166.725722286586,1,0,0
2.903,49.9469965338597,399.999999998294,0,166.725722286586,76.6906961285484,0,241.2,0,241.2,243.416418415134,-31.1949800028924,0,166.725722286586,1,0,0
2.904,49.9470849010758,399.999999998305,0,166.725722286586,76.6869962169202,0,241.2,0,241.2,243.412718503506,-31.2140612507029,0,166.725722286586,1,0,0
2.905,49.947173120815,399.999999998318,0,166.725722286586,76.6833024732464,0,241.2,0,241.2,243.409024759832,-31.2331106863156,0,166.725722286586,1,0,0
2.906,49.9472611933231,399.999999998332,0,166.725722286586,76.6796148882381,0,241.2,0,241.2,243.405337174824,-31.2521283628222,0,166.725722286586,1,0,0
2.907,49.9473491188457,399.999999998348,0,166.725722286586,76.6759334525967,0,241.2,0,241.2,243.401655739182,-31.2711143332258,0,166.725722286586,1,0,0
2.908,49.9474368976279,399.999999998366,0,166.725722286586,76.6722581570143,0,241.2,0,241.2,243.3979804436,-31.2900686504414,0,166.725722286586,1,0,0
2.909,49.9475245299145,399.999999998384,0,166.725722286586,76.6685889921737,0,241.2,0,241.2,243.394311278759,-31.3089913672954,0,166.725722286586,1,0,0
2.91,49.9476120159498,399.999999998404,0,166.725722286586,76.6649259487497,0,241.2,0,241.2,243.390648235335,-31.3278825365262,0,166.725722286586,1,0,0
2.911,49.947699355978,399.999999998425,0,166.725722286586,76.6612690174088,0,241.2,0,241.2,243.386991303994,-31.3467422107842,0,166.725722286586,1,0,0
2.912,49.9477865502426,399.999999998447,0,166.725722286586,76.6576181888102,0,241.2,0,241.2,243.383340475396,-31.3655704426322,0,166.725722286586,1,0,0
2.913,49.9478735989869,399.99999999847,0,166.725722286586,76.6539734536059,0,241.2,0,241.2,243.379695740192,-31.3843672845448,0,166.725722286586,1,0,0
2.914,49.9479605024538,399.999999998494,0,166.725722286586,76.6503348024413,0,241.2,0,241.2,243.376057089027,-31.4031327889095,0,166.725722286586,1,0,0
2.915,49.9480472608857,399.999999998518,0,166.725722286586,76.6467022259557,0,241.2,0,241.2,243.372424512541,-31.4218670080261,0,166.725722286586,1,0,0
2.916,49.9481338745249,399.999999998543,0,166.725722286586,76.6430757147823,0,241.2,0,241.2,243.368798001368,-31.4405699941073,0,166.725722286586,1,0,0
2.917,49.9482203436129,399.999999998569,0,166.725722286586,76.6394552595492,0,241.2,0,241.2,243.365177546135,-31.4592417992783,0,166.725722286586,1,0,0
2.918,49.9483066683912,399.999999998595,0,166.725722286586,76.6358408508796,0,241.2,0,241.2,243.361563137465,-31.4778824755777,0,166.725722286586,1,0,0
2.919,49.9483928491008,399.999999998622,0,166.725722286586,76.6322324793919,0,241.2,0,241.2,243.357954765978,-31.4964920749569,0,166.725722286586,1,0,0
2.92,49.9484788859822,399.99999999865,0,166.725722286586,76.6286301357005,0,241.2,0,241.2,243.354352422286,-31.5150706492806,0,166.725722286586,1,0,0
2.921,49.9485647792757,399.999999998677,0,166.725722286586,76.6250338104158,0,241.2,0,241.2,243.350756097001,-31.533618250327,0,166.725722286586,1,0,0
2.922,49.9486505292212,399.999999998705,0,166.725722286586,76.6214434941451,0,241.2,0,241.2,243.347165780731,-31.5521349297877,0,166.725722286586,1,0,0
2.923,49.948736136058,399.999999998734,0,166.725722286586,76.6178591774924,0,241.2,0,241.2,243.343581464078,-31.5706207392681,0,166.725722286586,1,0,0
2.924,49.9488216000253,399.999999998762,0,166.725722286586,76.6142808510592,0,241.2,0,241.2,243.340003137645,-31.5890757302872,0,166.725722286586,1,0,0
2.925,49.9489069213618,399.999999998791,0,166.725722286586,76.6107085054446,0,241.2,0,241.2,243.33643079203,-31.6074999542781,0,166.725722286586,1,0,0
2.926,49.9489921003057,399.99999999882,0,166.725722286586,76.607142131246,0,241.2,0,241.2,243.332864417832,-31.6258934625879,0,166.725722286586,1,0,0
2.927,49.9490771370951,399.999999998848,0,166.725722286586,76.6035817190589,0,241.2,0,241.2,243.329304005644,-31.6442563064778,0,166.725722286586,1,0,0
2.928,49.9491620319675,399.999999998877,0,166.725722286586,76.6000272594775,0,241.2,0,241.2,243.325749546063,-31.6625885371236,0,166.725722286586,1,0,0
2.929,49.9492467851601,399.999999998906,0,166.725722286586,76.5964787430954,0,241.2,0,241.2,243.322201029681,-31.6808902056153,0,166.725722286586,1,0,0
2.93,49.9493313969098,399.999999998935,0,166.725722286586,76.5929361605053,0,241.2,0,241.2,243.318658447091,-31.6991613629576,0,166.725722286586,1,0,0
2.931,49.9494158674528,399.999999998964,0,166.725722286586,76.5893995022999,0,241.2,0,241.2,243.315121788886,-31.7174020600701,0,166.725722286586,1,0,0
2.932,49.9495001970254,399.999999998993,0,166.725722286586,76.5858687590717,0,241.2,0,241.2,243.311591045657,-31.7356123477871,0,166.725722286586,1,0,0
2.933,49.949584385863,399.999999999021,0,166.725722286586,76.5823439214136,0,241.2,0,241.2,243.308066207999,-31.753792276858,0,166.725722286586,1,0,0
2.934,49.9496684342012,399.999999999049,0,166.725722286586,76.5788249799192,0,241.2,0,241.2,243.304547266505,-31.7719418979473,0,166.725722286586,1,0,0
2.935,49.9497523422747,399.999999999077,0,166.725722286586,76.5753119251832,0,241.2,0,241.2,243.301034211769,-31.7900612616348,0,166.725722286586,1,0,0
2.936,49.9498361103181,399.999999999105,0,166.725722286586,76.5718047478014,0,241.2,0,241.2,243.297527034387,-31.8081504184159,0,166.725722286586,1,0,0
2.937,49.9499197385656,399.999999999133,0,166.725722286586,76.5683034383711,0,241.2,0,241.2,243.294025724957,-31.8262094187014,0,166.725722286586,1,0,0
2.938,49.9500032272509,399.99999999916,0,166.725722286586,76.5648079874915,0,241.2,0,241.2,243.290530274077,-31.8442383128178,0,166.725722286586,1,0,0
2.939,49.9500865766074,399.999999999187,0,166.725722286586,76.5613183857641,0,241.2,0,241.2,243.28704067235,-31.8622371510075,0,166.725722286586,1,0,0
2.94,49.9501697868682,399.999999999214,0,166.725722286586,76.5578346237924,0,241.2,0,241.2,243.283556910378,-31.8802059834289,0,166.725722286586,1,0,0
2.941,49.950252858266,399.999999999241,0,166.725722286586,76.5543566921828,0,241.2,0,241.2,243.280078978768,-31.8981448601563,0,166.725722286586,1,0,0
2.942,49.9503357910329,399.999999999267,0,166.725722286586,76.5508845815447,0,241.2,0,241.2,243.27660686813,-31.9160538311805,0,166.725722286586,1,0,0
2.943,49.9504185854009,399.999999999292,0,166.725722286586,76.5474182824904,0,241.2,0,241.2,243.273140569076,-31.9339329464087,0,166.725722286586,1,0,0
2.944,49.9505012416015,399.999999999317,0,166.725722286586,76.5439577856359,0,241.2,0,241.2,243.269680072221,-31.9517822556644,0,166.725722286586,1,0,0
2.945,49.9505837598659,399.999999999342,0,166.725722286586,76.5405030816006,0,241.2,0,241.2,243.266225368186,-31.9696018086878,0,166.725722286586,1,0,0
2.946,49.9506661404247,399.999999999367,0,166.725722286586,76.5370541610081,0,241.2,0,241.2,243.262776447594,-31.9873916551361,0,166.725722286586,1,0,0
2.947,49.9507483835085,399.999999999391,0,166.725722286586,76.5336110144859,0,241.2,0,241.2,243.259333301071,-32.0051518445832,0,166.725722286586,1,0,0
2.948,49.9508304893472,399.999999999414,0,166.725722286586,76.5301736326661,0,241.2,0,241.2,243.255895919252,-32.0228824265201,0,166.725722286586,1,0,0
2.949,49.9509124581704,399.999999999438,0,166.725722286586,76.5267420061854,0,241.2,0,241.2,243.252464292771,-32.0405834503552,0,166.725722286586,1,0,0
2.95,49.9509942902074,399.99999999946,0,166.725722286586,76.5233161256851,0,241.2,0,241.2,243.249038412271,-32.0582549654138,0,166.725722286586,1,0,0
2.951,49.9510759856872,399.999999999482,0,166.725722286586,76.519895981812,0,241.2,0,241.2,243.245618268398,-32.0758970209391,0,166.725722286586,1,0,0
2.952,49.9511575448381,399.999999999504,0,166.725722286586,76.5164815652179,0,241.2,0,241.2,243.242203851803,-32.0935096660918,0,166.725722286586,1,0,0
2.953,49.9512389678884,399.999999999525,0,166.725722286586,76.51307286656,0,241.2,0,241.2,243.238795153146,-32.11109294995,0,166.725722286586,1,0,0
2.954,49.9513202550658,399.999999999546,0,166.725722286586,76.5096698765015,0,241.2,0,241.2,243.235392163087,-32.1286469215102,0,166.725722286586,1,0,0
2.955,49.9514014065978,399.999999999567,0,166.725722286586,76.5062725857114,0,241.2,0,241.2,243.231994872297,-32.1461716296865,0,166.725722286586,1,0,0
2.956,49.9514824227112,399.999999999587,0,166.725722286586,76.5028809848648,0,241.2,0,241.2,243.22860327145,-32.1636671233113,0,166.725722286586,1,0,0
2.957,49.9515633036329,399.999999999606,0,166.725722286586,76.499495064643,0,241.2,0,241.2,243.225217351229,-32.1811334511353,0,166.725722286586,1,0,0
2.958,49.9516440495889,399.999999999625,0,166.725722286586,76.496114815734,0,241.2,0,241.2,243.22183710232,-32.1985706618274,0,166.725722286586,1,0,0
2.959,49.9517246608054,399.999999999643,0,166.725722286586,76.4927402288325,0,241.2,0,241.2,243.218462515418,-32.2159788039754,0,166.725722286586,1,0,0
2.96,49.9518051375077,399.999999999661,0,166.725722286586,76.4893712946399,0,241.2,0,241.2,243.215093581225,-32.2333579260855,0,166.725722286586,1,0,0
2.961,49.951885479921,399.999999999679,0,166.725722286586,76.4860080038648,0,241.2,0,241.2,243.21173029045,-32.2507080765827,0,166.725722286586,1,0,0
2.962,49.9519656882701,399.999999999696,0,166.725722286586,76.4826503472229,0,241.2,0,241.2,243.208372633808,-32.2680293038112,0,166.725722286586,1,0,0
2.963,49.9520457627795,399.999999999712,0,166.725722286586,76.4792983154375,0,241.2,0,241.2,243.205020602023,-32.2853216560339,0,166.725722286586,1,0,0
2.964,49.9521257036731,399.999999999728,0,166.725722286586,76.4759518992394,0,241.2,0,241.2,243.201674185825,-32.3025851814333,0,166.725722286586,1,0,0
2.965,49.9522055111747,399.999999999744,0,166.725722286586,76.4726110893672,0,241.2,0,241.2,243.198333375953,-32.319819928111,0,166.725722286586,1,0,0
2.966,49.9522851855075,399.999999999759,0,166.725722286586,76.4692758765672,0,241.2,0,241.2,243.194998163153,-32.3370259440881,0,166.725722286586,1,0,0
2.967,49.9523647268945,399.999999999773,0,166.725722286586,76.4659462515941,0,241.2,0,241.2,243.19166853818,-32.3542032773054,0,166.725722286586,1,0,0
2.968,49.9524441355583,399.999999999787,0,166.725722286586,76.4626222052106,0,241.2,0,241.2,243.188344491796,-32.3713519756233,0,166.725722286586,1,0,0
2.969,49.952523411721,399.999999999801,0,166.725722286586,76.4593037281878,0,241.2,0,241.2,243.185026014773,-32.3884720868223,0,166.725722286586,1,0,0
2.97,49.9526025556044,399.999999999814,0,166.725722286586,76.4559908113054,0,241.2,0,241.2,243.181713097891,-32.4055636586028,0,166.725722286586,1,0,0
2.971,49.9526815674301,399.999999999827,0,166.725722286586,76.4526834453519,0,241.2,0,241.2,243.178405731937,-32.4226267385852,0,166.725722286586,1,0,0
2.972,49.9527604474191,399.99999999984,0,166.725722286586,76.4493816211243,0,241.2,0,241.2,243.17510390771,-32.4396613743104,0,166.725722286586,1,0,0
2.973,49.9528391957921,399.999999999852,0,166.725722286586,76.4460853294289,0,241.2,0,241.2,243.171807616015,-32.4566676132395,0,166.725722286586,1,0,0
2.974,49.9529178127695,399.999999999863,0,166.725722286586,76.4427945610809,0,241.2,0,241.2,243.168516847667,-32.4736455027544,0,166.725722286586,1,0,0
2.975,49.9529962985713,399.999999999874,0,166.725722286586,76.4395093069049,0,241.2,0,241.2,243.16523159349,-32.4905950901573,0,166.725722286586,1,0,0
2.976,49.9530746534171,399.999999999885,0,166.725722286586,76.4362295577346,0,241.2,0,241.2,243.16195184432,-32.5075164226717,0,166.725722286586,1,0,0
2.977,49.9531528775262,399.999999999895,0,166.725722286586,76.4329553044135,0,241.2,0,241.2,243.158677590999,-32.5244095474415,0,166.725722286586,1,0,0
2.978,49.9532309711174,399.999999999905,0,166.725722286586,76.4296865377946,0,241.2,0,241.2,243.15540882438,-32.5412745115321,0,166.725722286586,1,0,0
2.979,49.9533089344094,399.999999999915,0,166.725722286586,76.4264232487407,0,241.2,0,241.2,243.152145535326,-32.5581113619298,0,166.725722286586,1,0,0
2.98,49.9533867676202,399.999999999924,0,166.725722286586,76.4231654281243,0,241.2,0,241.2,243.14888771471,-32.5749201455424,0,166.725722286586,1,0,0
2.981,49.9534644709676,399.999999999933,0,166.725722286586,76.4199130668281,0,241.2,0,241.2,243.145635353414,-32.5917009091992,0,166.725722286586,1,0,0
2.982,49.9535420446691,399.999999999941,0,166.725722286586,76.4166661557448,0,241.2,0,241.2,243.14238844233,-32.6084536996508,0,166.725722286586,1,0,0
2.983,49.9536194889418,399.999999999949,0,166.725722286586,76.4134246857774,0,241.2,0,241.2,243.139146972363,-32.6251785635699,0,166.725722286586,1,0,0
2.984,49.9536968040024,399.999999999957,0,166.725722286586,76.4101886478391,0,241.2,0,241.2,243.135910934425,-32.6418755475509,0,166.725722286586,1,0,0
2.985,49.9537739900672,399.999999999964,0,166.725722286586,76.4069580328536,0,241.2,0,241.2,243.132680319439,-32.65854469811,0,166.725722286586,1,0,0
2.986,49.9538510473523,399.999999999971,0,166.725722286586,76.4037328317551,0,241.2,0,241.2,243.129455118341,-32.6751860616858,0,166.725722286586,1,0,0
2.987,49.9539279760731,399.999999999978,0,166.725722286586,76.4005130354886,0,241.2,0,241.2,243.126235322074,-32.691799684639,0,166.725722286586,1,0,0
2.988,49.9540047764451,399.999999999984,0,166.725722286586,76.3972986350096,0,241.2,0,241.2,243.123020921595,-32.7083856132527,0,166.725722286586,1,0,0
2.989,49.9540814486831,399.99999999999,0,166.725722286586,76.3940896212847,0,241.2,0,241.2,243.11981190787,-32.7249438937324,0,166.725722286586,1,0,0
2.99,49.9541579930017,399.999999999996,0,166.725722286586,76.3908859852912,0,241.2,0,241.2,243.116608271877,-32.7414745722065,0,166.725722286586,1,0,0
2.991,49.954234409615,400.000000000001,0,166.725722286586,76.3876877180176,0,241.2,0,241.2,243.113410004603,-32.7579776947259,0,166.725722286586,1,0,0
2.992,49.9543106987369,400.000000000006,0,166.725722286586,76.3844948104634,0,241.2,0,241.2,243.110217097049,-32.7744533072645,0,166.725722286586,1,0,0
2.993,49.9543868605809,400.000000000011,0,166.725722286586,76.3813072536393,0,241.2,0,241.2,243.107029540225,-32.7909014557192,0,166.725722286586,1,0,0
2.994,49.95446289536,400.000000000016,0,166.725722286586,76.3781250385675,0,241.2,0,241.2,243.103847325153,-32.8073221859101,0,166.725722286586,1,0,0
2.995,49.954538803287,400.00000000002,0,166.725722286586,76.3749481562813,0,241.2,0,241.2,243.100670442867,-32.8237155435805,0,166.725722286586,1,0,0
2.996,49.9546145845743,400.000000000024,0,166.725722286586,76.3717765978257,0,241.2,0,241.2,243.097498884411,-32.8400815743972,0,166.725722286586,1,0,0
2.997,49.954690239434,400.000000000028,0,166.725722286586,76.368610354257,0,241.2,0,241.2,243.094332640843,-32.8564203239504,0,166.725722286586,1,0,0
2.998,49.9547657680777,400.000000000032,0,166.725722286586,76.3654494166435,0,241.2,0,241.2,243.091171703229,-32.8727318377542,0,166.725722286586,1,0,0
2.999,49.9548411707167,400.000000000035,0,166.725722286586,76.3622937760647,0,241.2,0,241.2,243.08801606265,-32.8890161612463,0,166.725722286586,1,0,0
3,49.9549164475622,400.000000000039,0,166.725722286586,76.3591434236122,0,241.2,0,241.2,243.084865710198,-32.9052733397882,0,166.725722286586,1,0,0
3.001,49.9549915988245,400.000000000041,0,166.725722286586,76.3559983503894,0,241.2,0,241.2,243.081720636975,-32.9215034186658,0,166.725722286586,1,0,0
3.002,49.9550666247141,400.000000000044,0,166.725722286586,76.3528585475116,0,241.2,0,241.2,243.078580834097,-32.937706443089,0,166.725722286586,1,0,0
3.003,49.9551415254409,400.000000000047,0,166.725722286586,76.349724006106,0,241.2,0,241.2,243.075446292692,-32.9538824581919,0,166.725722286586,1,0,0
3.004,49.9552163012143,400.000000000049,0,166.725722286586,76.3465947173119,0,241.2,0,241.2,243.072317003897,-32.9700315090332,0,166.725722286586,1,0,0
3.005,49.9552909522436,400.000000000051,0,166.725722286586,76.3434706722808,0,241.2,0,241.2,243.069192958866,-32.9861536405961,0,166.725722286586,1,0,0
3.006,49.9553654787377,400.000000000053,0,166.725722286586,76.3403518621762,0,241.2,0,241.2,243.066074148762,-33.0022488977883,0,166.725722286586,1,0,0
3.007,49.9554398809051,400.000000000055,0,166.725722286586,76.337238278174,0,241.2,0,241.2,243.06296056476,-33.0183173254428,0,166.725722286586,1,0,0
3.008,49.9555141589539,400.000000000057,0,166.725722286586,76.3341299114623,0,241.2,0,241.2,243.059852198048,-33.0343589683169,0,166.725722286586,1,0,0
3.009,49.9555883130919,400.000000000058,0,166.725722286586,76.3310267532417,0,241.2,0,241.2,243.056749039827,-33.0503738710935,0,166.725722286586,1,0,0
3.01,49.9556623435265,400.00000000006,0,166.725722286586,76.3279287947249,0,241.2,0,241.2,243.053651081311,-33.0663620783805,0,166.725722286586,1,0,0
3.011,49.9557362504649,400.000000000061,0,166.725722286586,76.3248360271374,0,241.2,0,241.2,243.050558313723,-33.0823236347109,0,166.725722286586,1,0,0
3.012,49.9558100341139,400.000000000062,0,166.725722286586,76.3217484417171,0,241.2,0,241.2,243.047470728303,-33.0982585845436,0,166.725722286586,1,0,0
3.013,49.9558836946797,400.000000000063,0,166.725722286586,76.3186660297144,0,241.2,0,241.2,243.0443883163,-33.1141669722626,0,166.725722286586,1,0,0
3.014,49.9559572323686,400.000000000063,0,166.725722286586,76.3155887823924,0,241.2,0,241.2,243.041311068978,-33.1300488421779,0,166.725722286586,1,0,0
3.015,49.9560306473861,400.000000000064,0,166.725722286586,76.3125166910268,0,241.2,0,241.2,243.038238977612,-33.1459042385252,0,166.725722286586,1,0,0
3.016,49.9561039399377,400.000000000065,0,166.725722286586,76.309449746906,0,241.2,0,241.2,243.035172033492,-33.1617332054662,0,166.725722286586,1,0,0
3.017,49.9561771102284,400.000000000065,0,166.725722286586,76.3063879413314,0,241.2,0,241.2,243.032110227917,-33.1775357870886,0,166.725722286586,1,0,0
3.018,49.9562501584628,400.000000000065,0,166.725722286586,76.3033312656169,0,241.2,0,241.2,243.029053552203,-33.1933120274064,0,166.725722286586,1,0,0
3.019,49.9563230848453,400.000000000065,0,166.725722286586,76.3002797110894,0,241.2,0,241.2,243.026001997675,-33.2090619703598,0,166.725722286586,1,0,0
3.02,49.9563958895798,400.000000000066,0,166.725722286586,76.2972332690886,0,241.2,0,241.2,243.022955555674,-33.2247856598155,0,166.725722286586,1,0,0
3.021,49.95646857287,400.000000000066,0,166.725722286586,76.2941919309672,0,241.2,0,241.2,243.019914217553,-33.2404831395667,0,166.725722286586,1,0,0
3.022,49.9565411349192,400.000000000065,0,166.725722286586,76.2911556880909,0,241.2,0,241.2,243.016877974677,-33.2561544533335,0,166.725722286586,1,0,0
3.023,49.9566135759303,400.000000000065,0,166.725722286586,76.2881245318383,0,241.2,0,241.2,243.013846818424,-33.2717996447626,0,166.725722286586,1,0,0
3.024,49.956685896106,400.000000000065,0,166.725722286586,76.2850984536011,0,241.2,0,241.2,243.010820740187,-33.2874187574277,0,166.725722286586,1,0,0
3.025,49.9567580956484,400.000000000065,0,166.725722286586,76.2820774447841,0,241.2,0,241.2,243.00779973137,-33.3030118348295,0,166.725722286586,1,0,0
3.026,49.9568301747596,400.000000000064,0,166.725722286586,76.2790614968052,0,241.2,0,241.2,243.004783783391,-33.3185789203961,0,166.725722286586,1,0,0
3.027,49.9569021336411,400.000000000064,0,166.725722286586,76.2760506010952,0,241.2,0,241.2,243.001772887681,-33.3341200574826,0,166.725722286586,1,0,0
3.028,49.9569739724941,400.000000000063,0,166.725722286586,76.2730447490985,0,241.2,0,241.2,242.998767035684,-33.3496352893718,0,166.725722286586,1,0,0
3.029,49.9570456915195,400.000000000063,0,166.725722286586,76.2700439322724,0,241.2,0,241.2,242.995766218858,-33.365124659274,0,166.725722286586,1,0,0
3.03,49.9571172909179,400.000000000062,0,166.725722286586,76.2670481420876,0,241.2,0,241.2,242.992770428673,-33.3805882103269,0,166.725722286586,1,0,0
3.031,49.9571887708896,400.000000000061,0,166.725722286586,76.2640573700278,0,241.2,0,241.2,242.989779656613,-33.3960259855965,0,166.725722286586,1,0,0
3.032,49.9572601316344,400.000000000061,0,166.725722286586,76.2610716075902,0,241.2,0,241.2,242.986793894176,-33.4114380280762,0,166.725722286586,1,0,0
3.033,49.9573313733518,400.00000000006,0,166.725722286586,76.2580908462853,0,241.2,0,241.2,242.983813132871,-33.4268243806878,0,166.725722286586,1,0,0
3.034,49.9574024962411,400.000000000059,0,166.725722286586,76.2551150776368,0,241.2,0,241.2,242.980837364222,-33.4421850862812,0,166.725722286586,1,0,0
3.035,49.9574735005012,400.000000000058,0,166.725722286586,76.252144293182,0,241.2,0,241.2,242.977866579768,-33.4575201876344,0,166.725722286586,1,0,0
3.036,49.9575443863305,400.000000000057,0,166.725722286586,76.2491784844712,0,241.2,0,241.2,242.974900771057,-33.4728297274539,0,166.725722286586,1,0,0
3.037,49.9576151539272,400.000000000057,0,166.725722286586,76.2462176430684,0,241.2,0,241.2,242.971939929654,-33.488113748375,0,166.725722286586,1,0,0
3.038,49.9576858034894,400.000000000056,0,166.725722286586,76.243261760551,0,241.2,0,241.2,242.968984047137,-33.5033722929612,0,166.725722286586,1,0,0
3.039,49.9577563352143,400.000000000055,0,166.725722286586,76.2403108285097,0,241.2,0,241.2,242.966033115095,-33.518605403705,0,166.725722286586,1,0,0
3.04,49.9578267492994,400.000000000054,0,166.725722286586,76.2373648385487,0,241.2,0,241.2,242.963087125134,-33.5338131230278,0,166.725722286586,1,0,0
3.041,49.9578970459413,400.000000000053,0,166.725722286586,76.2344237822857,0,241.2,0,241.2,242.960146068871,-33.5489954932801,0,166.725722286586,1,0,0
3.042,49.9579672253367,400.000000000052,0,166.725722286586,76.2314876513518,0,241.2,0,241.2,242.957209937937,-33.5641525567412,0,166.725722286586,1,0,0
3.043,49.9580372876818,400.000000000051,0,166.725722286586,76.2285564373918,0,241.2,0,241.2,242.954278723977,-33.57928435562,0,166.725722286586,1,0,0
3.044,49.9581072331724,400.00000000005,0,166.725722286586,76.2256301320638,0,241.2,0,241.2,242.951352418649,-33.5943909320545,0,166.725722286586,1,0,0
3.045,49.958177062004,400.000000000048,0,166.725722286586,76.2227087270394,0,241.2,0,241.2,242.948431013625,-33.6094723281125,0,166.725722286586,1,0,0
3.046,49.9582467743719,400.000000000047,0,166.725722286586,76.2197922140041,0,241.2,0,241.2,242.94551450059,-33.624528585791,0,166.725722286586,1,0,0
3.047,49.9583163704709,400.000000000046,0,166.725722286586,76.2168805846566,0,241.2,0,241.2,242.942602871242,-33.6395597470171,0,166.725722286586,1,0,0
3.048,49.9583858504955,400.000000000045,0,166.725722286586,76.2139738307093,0,241.2,0,241.2,242.939696117295,-33.6545658536476,0,166.725722286586,1,0,0
3.049,49.9584552146401,400.000000000044,0,166.725722286586,76.2110719438882,0,241.2,0,241.2,242.936794230474,-33.6695469474692,0,166.725722286586,1,0,0
3.05,49.9585244630984,400.000000000043,0,166.725722286586,76.2081749159327,0,241.2,0,241.2,242.933897202518,-33.6845030701988,0,166.725722286586,1,0,0
3.051,49.958593596064,400.000000000042,0,166.725722286586,76.205282738596,0,241.2,0,241.2,242.931005025182,-33.6994342634834,0,166.725722286586,1,0,0
3.052,49.9586626137302,400.000000000041,0,166.725722286586,76.2023954036448,0,241.2,0,241.2,242.92811769023,-33.7143405689003,0,166.725722286586,1,0,0
3.053,49.9587315162898,400.00000000004,0,166.725722286586,76.1995129028595,0,241.2,0,241.2,242.925235189445,-33.7292220279575,0,166.725722286586,1,0,0
3.054,49.9588003039354,400.000000000039,0,166.725722286586,76.1966352280341,0,241.2,0,241.2,242.92235751462,-33.7440786820931,0,166.725722286586,1,0,0
3.055,49.9588689768594,400.000000000038,0,166.725722286586,76.193762370976,0,241.2,0,241.2,242.919484657562,-33.7589105726764,0,166.725722286586,1,0,0
3.056,49.9589375352535,400.000000000037,0,166.725722286586,76.1908943235065,0,241.2,0,241.2,242.916616610092,-33.773717741007,0,166.725722286586,1,0,0
3.057,49.9590059793094,400.000000000036,0,166.725722286586,76.1880310774604,0,241.2,0,241.2,242.913753364046,-33.7885002283158,0,166.725722286586,1,0,0
3.058,49.9590743092184,400.000000000035,0,166.725722286586,76.1851726246861,0,241.2,0,241.2,242.910894911272,-33.8032580757644,0,166.725722286586,1,0,0
3.059,49.9591425251714,400.000000000034,0,166.725722286586,76.1823189570458,0,241.2,0,241.2,242.908041243631,-33.8179913244458,0,166.725722286586,1,0,0
3.06,49.959210627359,400.000000000033,0,166.725722286586,76.1794700664152,0,241.2,0,241.2,242.905192353001,-33.8327000153841,0,166.725722286586,1,0,0
3.061,49.9592786159716,400.000000000031,0,166.725722286586,76.1766259446836,0,241.2,0,241.2,242.902348231269,-33.8473841895349,0,166.725722286586,1,0,0
3.062,49.9593464911991,400.00000000003,0,166.725722286586,76.173786583754,0,241.2,0,241.2,242.89950887034,-33.8620438877851,0,166.725722286586,1,0,0
3.063,49.9594142532312,400.00000000003,0,166.725722286586,76.1709519755432,0,241.2,0,241.2,242.896674262129,-33.8766791509534,0,166.725722286586,1,0,0
3.064,49.9594819022573,400.000000000029,0,166.725722286586,76.1681221119812,0,241.2,0,241.2,242.893844398567,-33.8912900197902,0,166.725722286586,1,0,0
3.065,49.9595494384663,400.000000000028,0,166.725722286586,76.1652969850121,0,241.2,0,241.2,242.891019271598,-33.9058765349775,0,166.725722286586,1,0,0
3.066,49.959616862047,400.000000000027,0,166.725722286586,76.1624765865935,0,241.2,0,241.2,242.888198873179,-33.9204387371297,0,166.725722286586,1,0,0
3.067,49.9596841731877,400.000000000026,0,166.725722286586,76.1596609086964,0,241.2,0,241.2,242.885383195282,-33.9349766667928,0,166.725722286586,1,0,0
3.068,49.9597513720764,400.000000000025,0,166.725722286586,76.1568499433057,0,241.2,0,241.2,242.882572229891,-33.9494903644452,0,166.725722286586,1,0,0
3.069,49.9598184589011,400.000000000024,0,166.725722286586,76.15404368242,0,241.2,0,241.2,242.879765969006,-33.9639798704977,0,166.725722286586,1,0,0
3.07,49.9598854338489,400.000000000023,0,166.725722286586,76.1512421180511,0,241.2,0,241.2,242.876964404637,-33.9784452252933,0,166.725722286586,1,0,0
3.071,49.9599522971072,400.000000000022,0,166.725722286586,76.1484452422249,0,241.2,0,241.2,242.87416752881,-33.9928864691077,0,166.725722286586,1,0,0
3.072,49.9600190488626,400.000000000021,0,166.725722286586,76.1456530469806,0,241.2,0,241.2,242.871375333566,-34.0073036421491,0,166.725722286586,1,0,0
3.073,49.9600856893016,400.00000000002,0,166.725722286586,76.1428655243711,0,241.2,0,241.2,242.868587810957,-34.0216967845586,0,166.725722286586,1,0,0
3.074,49.9601522186104,400.000000000019,0,166.725722286586,76.140082666463,0,241.2,0,241.2,242.865804953049,-34.03606593641,0,166.725722286586,1,0,0
3.075,49.9602186369749,400.000000000019,0,166.725722286586,76.1373044653363,0,241.2,0,241.2,242.863026751922,-34.0504111377103,0,166.725722286586,1,0,0
3.076,49.9602849445805,400.000000000018,0,166.725722286586,76.1345309130848,0,241.2,0,241.2,242.86025319967,-34.0647324283993,0,166.725722286586,1,0,0
3.077,49.9603511416124,400.000000000017,0,166.725722286586,76.1317620018157,0,241.2,0,241.2,242.857484288401,-34.0790298483504,0,166.725722286586,1,0,0
3.078,49.9604172282557,400.000000000016,0,166.725722286586,76.12899772365,0,241.2,0,241.2,242.854720010236,-34.0933034373699,0,166.725722286586,1,0,0
3.079,49.9604832046948,400.000000000015,0,166.725722286586,76.126238070722,0,241.2,0,241.2,242.851960357308,-34.1075532351978,0,166.725722286586,1,0,0
3.08,49.9605490711141,400.000000000015,0,166.725722286586,76.1234830351798,0,241.2,0,241.2,242.849205321765,-34.1217792815077,0,166.725722286586,1,0,0
3.081,49.9606148276974,400.000000000014,0,166.725722286586,76.1207326091849,0,241.2,0,241.2,242.846454895771,-34.1359816159066,0,166.725722286586,1,0,0
3.082,49.9606804746285,400.000000000013,0,166.725722286586,76.1179867849124,0,241.2,0,241.2,242.843709071498,-34.1501602779356,0,166.725722286586,1,0,0
3.083,49.9607460120907,400.000000000013,0,166.725722286586,76.115245554551,0,241.2,0,241.2,242.840967841137,-34.1643153070693,0,166.725722286586,1,0,0
3.084,49.9608114402671,400.000000000012,0,166.725722286586,76.1125089103027,0,241.2,0,241.2,242.838231196888,-34.1784467427166,0,166.725722286586,1,0,0
3.085,49.9608767593402,400.000000000011,0,166.725722286586,76.1097768443832,0,241.2,0,241.2,242.835499130969,-34.1925546242205,0,166.725722286586,1,0,0
3.086,49.9609419694927,400.000000000011,0,166.725722286586,76.1070493490217,0,241.2,0,241.2,242.832771635607,-34.206638990858,0,166.725722286586,1,0,0
3.087,49.9610070709064,400.00000000001,0,166.725722286586,76.1043264164608,0,241.2,0,241.2,242.830048703046,-34.2206998818407,0,166.725722286586,1,0,0
3.088,49.9610720637634,400.000000000009,0,166.725722286586,76.1016080389567,0,241.2,0,241.2,242.827330325542,-34.2347373363143,0,166.725722286586,1,0,0
3.089,49.961136948245,400.000000000009,0,166.725722286586,76.0988942087789,0,241.2,0,241.2,242.824616495364,-34.2487513933595,0,166.725722286586,1,0,0
3.09,49.9612017245324,400.000000000008,0,166.725722286586,76.0961849182104,0,241.2,0,241.2,242.821907204796,-34.2627420919913,0,166.725722286586,1,0,0
3.091,49.9612663928065,400.000000000008,0,166.725722286586,76.0934801595478,0,241.2,0,241.2,242.819202446133,-34.2767094711596,0,166.725722286586,1,0,0
3.092,49.9613309532479,400.000000000007,0,166.725722286586,76.090779925101,0,241.2,0,241.2,242.816502211687,-34.2906535697493,0,166.725722286586,1,0,0
3.093,49.9613954060368,400.000000000007,0,166.725722286586,76.0880842071932,0,241.2,0,241.2,242.813806493779,-34.3045744265801,0,166.725722286586,1,0,0
3.094,49.9614597513532,400.000000000006,0,166.725722286586,76.0853929981613,0,241.2,0,241.2,242.811115284747,-34.3184720804068,0,166.725722286586,1,0,0
3.095,49.9615239893767,400.000000000006,0,166.725722286586,76.0827062903553,0,241.2,0,241.2,242.808428576941,-34.3323465699197,0,166.725722286586,1,0,0
3.096,49.9615881202867,400.000000000006,0,166.725722286586,76.0800240761387,0,241.2,0,241.2,242.805746362724,-34.346197933744,0,166.725722286586,1,0,0
3.097,49.9616521442623,400.000000000005,0,166.725722286586,76.0773463478883,0,241.2,0,241.2,242.803068634474,-34.3600262104408,0,166.725722286586,1,0,0
3.098,49.9617160614821,400.000000000005,0,166.725722286586,76.0746730979944,0,241.2,0,241.2,242.80039538458,-34.3738314385064,0,166.725722286586,1,0,0
3.099,49.9617798721246,400.000000000004,0,166.725722286586,76.0720043188605,0,241.2,0,241.2,242.797726605446,-34.3876136563728,0,166.725722286586,1,0,0
3.1,49.961843576368,400.000000000004,0,166.725722286586,76.0693400029034,0,241.2,0,241.2,242.795062289489,-34.401372902408,0,166.725722286586,1,0,0
3.101,49.9619071743901,400.000000000003,0,166.725722286586,76.0666801425532,0,241.2,0,241.2,242.792402429139,-34.4151092149155,0,166.725722286586,1,0,0
3.102,49.9619706663684,400.000000000003,0,166.725722286586,76.0640247302533,0,241.2,0,241.2,242.789747016839,-34.4288226321351,0,166.725722286586,1,0,0
3.103,49.9620340524801,400.000000000003,0,166.725722286586,76.0613737584604,0,241.2,0,241.2,242.787096045046,-34.4425131922425,0,166.725722286586,1,0,0
3.104,49.9620973329022,400.000000000002,0,166.725722286586,76.0587272196445,0,241.2,0,241.2,242.78444950623,-34.4561809333496,0,166.725722286586,1,0,0
3.105,49.9621605078114,400.000000000002,0,166.725722286586,76.0560851062886,0,241.2,0,241.2,242.781807392874,-34.4698258935048,0,166.725722286586,1,0,0
3.106,49.962223577384,400.000000000002,0,166.725722286586,76.0534474108892,0,241.2,0,241.2,242.779169697475,-34.4834481106927,0,166.725722286586,1,0,0
3.107,49.9622865417959,400.000000000002,0,166.725722286586,76.0508141259559,0,241.2,0,241.2,242.776536412541,-34.4970476228345,0,166.725722286586,1,0,0
3.108,49.962349401223,400.000000000001,0,166.725722286586,76.0481852440113,0,241.2,0,241.2,242.773907530597,-34.5106244677879,0,166.725722286586,1,0,0
3.109,49.9624121558408,400.000000000001,0,166.725722286586,76.0455607575915,0,241.2,0,241.2,242.771283044177,-34.5241786833476,0,166.725722286586,1,0,0
3.11,49.9624748058242,400.000000000001,0,166.725722286586,76.0429406592455,0,241.2,0,241.2,242.768662945831,-34.537710307245,0,166.725722286586,1,0,0
3.111,49.9625373513483,400,0,166.725722286586,76.0403249415354,0,241.2,0,241.2,242.766047228121,-34.5512193771483,0,166.725722286586,1,0,0
3.112,49.9625997925875,400,0,166.725722286586,76.0377135970367,0,241.2,0,241.2,242.763435883622,-34.5647059306629,0,166.725722286586,1,0,0
3.113,49.9626621297161,400,0,166.725722286586,76.0351066183377,0,241.2,0,241.2,242.760828904923,-34.5781700053314,0,166.725722286586,1,0,0
3.114,49.9627243629081,400,0,166.725722286586,76.0325039980399,0,241.2,0,241.2,242.758226284626,-34.5916116386336,0,166.725722286586,1,0,0
3.115,49.9627864923372,400,0,166.725722286586,76.0299057287579,0,241.2,0,241.2,242.755628015343,-34.6050308679867,0,166.725722286586,1,0,0
3.116,49.9628485181767,399.999999999999,0,166.725722286586,76.0273118031191,0,241.2,0,241.2,242.753034089705,-34.6184277307453,0,166.725722286586,1,0,0
3.117,49.9629104405997,399.999999999999,0,166.725722286586,76.0247222137643,0,241.2,0,241.2,242.75044450035,-34.6318022642017,0,166.725722286586,1,0,0
3.118,49.9629722597791,399.999999999999,0,166.725722286586,76.0221369533469,0,241.2,0,241.2,242.747859239932,-34.6451545055858,0,166.725722286586,1,0,0
3.119,49.9630339758873,399.999999999999,0,166.725722286586,76.0195560145335,0,241.2,0,241.2,242.745278301119,-34.6584844920653,0,166.725722286586,1,0,0
3.12,49.9630955890965,399.999999999999,0,166.725722286586,76.0169793900038,0,241.2,0,241.2,242.742701676589,-34.6717922607459,0,166.725722286586,1,0,0
3.121,49.9631570995786,399.999999999999,0,166.725722286586,76.01440707245,0,241.2,0,241.2,242.740129359036,-34.6850778486712,0,166.725722286586,1,0,0
3.122,49.9632185075054,399.999999999998,0,166.725722286586,76.0118390545777,0,241.2,0,241.2,242.737561341163,-34.6983412928229,0,166.725722286586,1,0,0
3.123,49.963279813048,399.999999999998,0,166.725722286586,76.0092753291052,0,241.2,0,241.2,242.734997615691,-34.7115826301209,0,166.725722286586,1,0,0
3.124,49.9633410163777,399.999999999998,0,166.725722286586,76.0067158887635,0,241.2,0,241.2,242.732438175349,-34.7248018974236,0,166.725722286586,1,0,0
3.125,49.9634021176651,399.999999999998,0,166.725722286586,76.0041607262968,0,241.2,0,241.2,242.729883012882,-34.7379991315277,0,166.725722286586,1,0,0
3.126,49.9634631170806,399.999999999998,0,166.725722286586,76.0016098344619,0,241.2,0,241.2,242.727332121048,-34.7511743691683,0,166.725722286586,1,0,0
3.127,49.9635240147946,399.999999999998,0,166.725722286586,75.9990632060285,0,241.2,0,241.2,242.724785492614,-34.7643276470192,0,166.725722286586,1,0,0
3.128,49.9635848109769,399.999999999998,0,166.725722286586,75.9965208337791,0,241.2,0,241.2,242.722243120365,-34.7774590016932,0,166.725722286586,1,0,0
3.129,49.963645505797,399.999999999998,0,166.725722286586,75.993982710509,0,241.2,0,241.2,242.719704997095,-34.7905684697415,0,166.725722286586,1,0,0
3.13,49.9637060994244,399.999999999998,0,166.725722286586,75.9914488290262,0,241.2,0,241.2,242.717171115612,-34.8036560876546,0,166.725722286586,1,0,0
3.131,49.9637665920281,399.999999999998,0,166.725722286586,75.9889191821516,0,241.2,0,241.2,242.714641468737,-34.8167218918618,0,166.725722286586,1,0,0
3.132,49.9638269837767,399.999999999998,0,166.725722286586,75.9863937627185,0,241.2,0,241.2,242.712116049304,-34.8297659187317,0,166.725722286586,1,0,0
3.133,49.9638872748389,399.999999999998,0,166.725722286586,75.9838725635732,0,241.2,0,241.2,242.709594850159,-34.842788204572,0,166.725722286586,1,0,0
3.134,49.9639474653827,399.999999999998,0,166.725722286586,75.9813555775745,0,241.2,0,241.2,242.70707786416,-34.8557887856301,0,166.725722286586,1,0,0
3.135,49.9640075555761,399.999999999998,0,166.725722286586,75.978842797594,0,241.2,0,241.2,242.70456508418,-34.8687676980923,0,166.725722286586,1,0,0
3.136,49.9640675455866,399.999999999997,0,166.725722286586,75.9763342165157,0,241.2,0,241.2,242.702056503101,-34.8817249780849,0,166.725722286586,1,0,0
3.137,49.9641274355817,399.999999999997,0,166.725722286586,75.9738298272365,0,241.2,0,241.2,242.699552113822,-34.8946606616737,0,166.725722286586,1,0,0
3.138,49.9641872257284,399.999999999997,0,166.725722286586,75.9713296226657,0,241.2,0,241.2,242.697051909251,-34.9075747848643,0,166.725722286586,1,0,0
3.139,49.9642469161934,399.999999999997,0,166.725722286586,75.9688335957252,0,241.2,0,241.2,242.694555882311,-34.9204673836021,0,166.725722286586,1,0,0
3.14,49.9643065071432,399.999999999997,0,166.725722286586,75.9663417393494,0,241.2,0,241.2,242.692064025935,-34.9333384937725,0,166.725722286586,1,0,0
3.141,49.964365998744,399.999999999997,0,166.725722286586,75.9638540464853,0,241.2,0,241.2,242.689576333071,-34.9461881512009,0,166.725722286586,1,0,0
3.142,49.9644253911618,399.999999999997,0,166.725722286586,75.9613705100925,0,241.2,0,241.2,242.687092796678,-34.9590163916531,0,166.725722286586,1,0,0
3.143,49.9644846845623,399.999999999997,0,166.725722286586,75.9588911231428,0,241.2,0,241.2,242.684613409728,-34.9718232508348,0,166.725722286586,1,0,0
3.144,49.9645438791106,399.999999999997,0,166.725722286586,75.9564158786207,0,241.2,0,241.2,242.682138165206,-34.9846087643924,0,166.725722286586,1,0,0
3.145,49.9646029749721,399.999999999997,0,166.725722286586,75.9539447695231,0,241.2,0,241.2,242.679667056109,-34.9973729679126,0,166.725722286586,1,0,0
3.146,49.9646619723114,399.999999999997,0,166.725722286586,75.9514777888593,0,241.2,0,241.2,242.677200075445,-35.0101158969226,0,166.725722286586,1,0,0
3.147,49.9647208712932,399.999999999997,0,166.725722286586,75.9490149296507,0,241.2,0,241.2,242.674737216236,-35.0228375868905,0,166.725722286586,1,0,0
3.148,49.9647796720816,399.999999999997,0,166.725722286586,75.9465561849316,0,241.2,0,241.2,242.672278471517,-35.0355380732249,0,166.725722286586,1,0,0
3.149,49.9648383748406,399.999999999997,0,166.725722286586,75.9441015477483,0,241.2,0,241.2,242.669823834334,-35.0482173912756,0,166.725722286586,1,0,0
3.15,49.964896979734,399.999999999997,0,166.725722286586,75.9416510111594,0,241.2,0,241.2,242.667373297745,-35.060875576333,0,166.725722286586,1,0,0
3.151,49.9649554869251,399.999999999997,0,166.725722286586,75.9392045682361,0,241.2,0,241.2,242.664926854822,-35.0735126636287,0,166.725722286586,1,0,0
3.152,49.9650138965772,399.999999999998,0,166.725722286586,75.9367622120615,0,241.2,0,241.2,242.662484498647,-35.0861286883357,0,166.725722286586,1,0,0
3.153,49.965072208853,399.999999999998,0,166.725722286586,75.9343239357312,0,241.2,0,241.2,242.660046222317,-35.0987236855679,0,166.725722286586,1,0,0
3.154,49.9651304239152,399.999999999998,0,166.725722286586,75.931889732353,0,241.2,0,241.2,242.657612018939,-35.1112976903808,0,166.725722286586,1,0,0
3.155,49.9651885419261,399.999999999998,0,166.725722286586,75.929459595047,0,241.2,0,241.2,242.655181881633,-35.1238507377714,0,166.725722286586,1,0,0
3.156,49.9652465630478,399.999999999998,0,166.725722286586,75.9270335169452,0,241.2,0,241.2,242.652755803531,-35.1363828626779,0,166.725722286586,1,0,0
3.157,49.9653044874421,399.999999999998,0,166.725722286586,75.924611491192,0,241.2,0,241.2,242.650333777778,-35.1488940999807,0,166.725722286586,1,0,0
3.158,49.9653623152704,399.999999999998,0,166.725722286586,75.9221935109439,0,241.2,0,241.2,242.64791579753,-35.1613844845016,0,166.725722286586,1,0,0
3.159,49.9654200466939,399.999999999998,0,166.725722286586,75.9197795693696,0,241.2,0,241.2,242.645501855955,-35.1738540510043,0,166.725722286586,1,0,0
3.16,49.9654776818738,399.999999999998,0,166.725722286586,75.9173696596497,0,241.2,0,241.2,242.643091946235,-35.1863028341944,0,166.725722286586,1,0,0
3.161,49.9655352209705,399.999999999998,0,166.725722286586,75.9149637749771,0,241.2,0,241.2,242.640686061563,-35.1987308687199,0,166.725722286586,1,0,0
3.162,49.9655926641447,399.999999999998,0,166.725722286586,75.9125619085565,0,241.2,0,241.2,242.638284195142,-35.2111381891705,0,166.725722286586,1,0,0
3.163,49.9656500115563,399.999999999998,0,166.725722286586,75.9101640536049,0,241.2,0,241.2,242.63588634019,-35.2235248300784,0,166.725722286586,1,0,0
3.164,49.9657072633653,399.999999999998,0,166.725722286586,75.9077702033511,0,241.2,0,241.2,242.633492489937,-35.2358908259181,0,166.725722286586,1,0,0
3.165,49.9657644197314,399.999999999998,0,166.725722286586,75.905380351036,0,241.2,0,241.2,242.631102637622,-35.2482362111066,0,166.725722286586,1,0,0
3.166,49.9658214808138,399.999999999998,0,166.725722286586,75.9029944899125,0,241.2,0,241.2,242.628716776498,-35.2605610200033,0,166.725722286586,1,0,0
3.167,49.9658784467716,399.999999999998,0,166.725722286586,75.9006126132453,0,241.2,0,241.2,242.626334899831,-35.2728652869103,0,166.725722286586,1,0,0
3.168,49.9659353177636,399.999999999998,0,166.725722286586,75.8982347143111,0,241.2,0,241.2,242.623957000897,-35.2851490460726,0,166.725722286586,1,0,0
3.169,49.9659920939484,399.999999999998,0,166.725722286586,75.8958607863985,0,241.2,0,241.2,242.621583072984,-35.2974123316777,0,166.725722286586,1,0,0
3.17,49.9660487754842,399.999999999998,0,166.725722286586,75.893490822808,0,241.2,0,241.2,242.619213109394,-35.3096551778563,0,166.725722286586,1,0,0
3.171,49.9661053625291,399.999999999998,0,166.725722286586,75.8911248168518,0,241.2,0,241.2,242.616847103437,-35.321877618682,0,166.725722286586,1,0,0
3.172,49.9661618552407,399.999999999998,0,166.725722286586,75.8887627618542,0,241.2,0,241.2,242.61448504844,-35.3340796881715,0,166.725722286586,1,0,0
3.173,49.9662182537766,399.999999999998,0,166.725722286586,75.886404651151,0,241.2,0,241.2,242.612126937737,-35.3462614202849,0,166.725722286586,1,0,0
3.174,49.966274558294,399.999999999999,0,166.725722286586,75.8840504780899,0,241.2,0,241.2,242.609772764676,-35.3584228489253,0,166.725722286586,1,0,0
3.175,49.9663307689498,399.999999999999,0,166.725722286586,75.8817002360305,0,241.2,0,241.2,242.607422522616,-35.3705640079394,0,166.725722286586,1,0,0
3.176,49.9663868859007,399.999999999999,0,166.725722286586,75.8793539183439,0,241.2,0,241.2,242.60507620493,-35.3826849311175,0,166.725722286586,1,0,0
3.177,49.966442909303,399.999999999999,0,166.725722286586,75.8770115184131,0,241.2,0,241.2,242.602733804999,-35.3947856521933,0,166.725722286586,1,0,0
3.178,49.9664988393131,399.999999999999,0,166.725722286586,75.8746730296326,0,241.2,0,241.2,242.600395316218,-35.4068662048442,0,166.725722286586,1,0,0
3.179,49.9665546760867,399.999999999999,0,166.725722286586,75.8723384454087,0,241.2,0,241.2,242.598060731994,-35.4189266226915,0,166.725722286586,1,0,0
3.18,49.9666104197794,399.999999999999,0,166.725722286586,75.8700077591593,0,241.2,0,241.2,242.595730045745,-35.4309669393003,0,166.725722286586,1,0,0
3.181,49.9666660705467,399.999999999999,0,166.725722286586,75.8676809643141,0,241.2,0,241.2,242.5934032509,-35.4429871881797,0,166.725722286586,1,0,0
3.182,49.9667216285437,399.999999999999,0,166.725722286586,75.8653580543141,0,241.2,0,241.2,242.5910803409,-35.4549874027829,0,166.725722286586,1,0,0
3.183,49.9667770939251,399.999999999999,0,166.725722286586,75.863039022612,0,241.2,0,241.2,242.588761309198,-35.4669676165071,0,166.725722286586,1,0,0
3.184,49.9668324668457,399.999999999999,0,166.725722286586,75.860723862672,0,241.2,0,241.2,242.586446149258,-35.4789278626941,0,166.725722286586,1,0,0
3.185,49.9668877474596,399.999999999999,0,166.725722286586,75.85841256797,0,241.2,0,241.2,242.584134854556,-35.4908681746297,0,166.725722286586,1,0,0
3.186,49.966942935921,399.999999999999,0,166.725722286586,75.8561051319933,0,241.2,0,241.2,242.581827418579,-35.5027885855442,0,166.725722286586,1,0,0
3.187,49.9669980323836,399.999999999999,0,166.725722286586,75.8538015482406,0,241.2,0,241.2,242.579523834826,-35.5146891286126,0,166.725722286586,1,0,0
3.188,49.9670530370011,399.999999999999,0,166.725722286586,75.8515018102222,0,241.2,0,241.2,242.577224096808,-35.5265698369545,0,166.725722286586,1,0,0
3.189,49.9671079499267,399.999999999999,0,166.725722286586,75.8492059114597,0,241.2,0,241.2,242.574928198045,-35.5384307436341,0,166.725722286586,1,0,0
3.19,49.9671627713134,399.999999999999,0,166.725722286586,75.8469138454864,0,241.2,0,241.2,242.572636132072,-35.5502718816605,0,166.725722286586,1,0,0
3.191,49.967217501314,399.999999999999,0,166.725722286586,75.8446256058465,0,241.2,0,241.2,242.570347892432,-35.5620932839877,0,166.725722286586,1,0,0
3.192,49.967272140081,399.999999999999,0,166.725722286586,75.8423411860961,0,241.2,0,241.2,242.568063472682,-35.5738949835147,0,166.725722286586,1,0,0
3.193,49.9673266877667,399.999999999999,0,166.725722286586,75.8400605798022,0,241.2,0,241.2,242.565782866388,-35.5856770130855,0,166.725722286586,1,0,0
3.194,49.9673811445231,399.999999999999,0,166.725722286586,75.8377837805435,0,241.2,0,241.2,242.563506067129,-35.5974394054895,0,166.725722286586,1,0,0
3.195,49.967435510502,399.999999999999,0,166.725722286586,75.8355107819097,0,241.2,0,241.2,242.561233068495,-35.6091821934611,0,166.725722286586,1,0,0
3.196,49.9674897858547,399.999999999999,0,166.725722286586,75.8332415775021,0,241.2,0,241.2,242.558963864088,-35.6209054096804,0,166.725722286586,1,0,0
3.197,49.9675439707326,400,0,166.725722286586,75.8309761609328,0,241.2,0,241.2,242.556698447518,-35.6326090867727,0,166.725722286586,1,0,0
3.198,49.9675980652867,400,0,166.725722286586,75.8287145258256,0,241.2,0,241.2,242.554436812411,-35.644293257309,0,166.725722286586,1,0,0
3.199,49.9676520696676,400,0,166.725722286586,75.8264566658153,0,241.2,0,241.2,242.552178952401,-35.6559579538058,0,166.725722286586,1,0,0
3.2,49.9677059840259,400,0,166.725722286586,75.8242025745478,0,241.2,0,241.2,242.549924861133,-35.6676032087255,0,166.725722286586,1,0,0
3.201,49.9677598085118,400,0,166.725722286586,75.8219522456804,0,241.2,0,241.2,242.547674532266,-35.6792290544761,0,166.725722286586,1,0,0
3.202,49.9678135432752,400,0,166.725722286586,75.8197056728813,0,241.2,0,241.2,242.545427959467,-35.6908355234119,0,166.725722286586,1,0,0
3.203,49.9678671884659,400,0,166.725722286586,75.81746284983,0,241.2,0,241.2,242.543185136416,-35.7024226478328,0,166.725722286586,1,0,0
3.204,49.9679207442333,400,0,166.725722286586,75.815223770217,0,241.2,0,241.2,242.540946056803,-35.7139904599851,0,166.725722286586,1,0,0
3.205,49.9679742107267,400,0,166.725722286586,75.812988427744,0,241.2,0,241.2,242.53871071433,-35.7255389920611,0,166.725722286586,1,0,0
3.206,49.968027588095,400,0,166.725722286586,75.8107568161237,0,241.2,0,241.2,242.536479102709,-35.7370682761995,0,166.725722286586,1,0,0
3.207,49.968080876487,400,0,166.725722286586,75.8085289290796,0,241.2,0,241.2,242.534251215665,-35.7485783444853,0,166.725722286586,1,0,0
3.208,49.968134076051,400,0,166.725722286586,75.8063047603466,0,241.2,0,241.2,242.532027046932,-35.76006922895,0,166.725722286586,1,0,0
3.209,49.9681871869354,400,0,166.725722286586,75.8040843036704,0,241.2,0,241.2,242.529806590256,-35.7715409615716,0,166.725722286586,1,0,0
3.21,49.9682402092881,400,0,166.725722286586,75.8018675528076,0,241.2,0,241.2,242.527589839393,-35.7829935742749,0,166.725722286586,1,0,0
3.211,49.9682931432567,400,0,166.725722286586,75.7996545015259,0,241.2,0,241.2,242.525376788111,-35.7944270989312,0,166.725722286586,1,0,0
3.212,49.9683459889889,400,0,166.725722286586,75.7974451436038,0,241.2,0,241.2,242.523167430189,-35.8058415673587,0,166.725722286586,1,0,0
3.213,49.9683987466318,400,0,166.725722286586,75.7952394728307,0,241.2,0,241.2,242.520961759416,-35.8172370113227,0,166.725722286586,1,0,0
3.214,49.9684514163323,400,0,166.725722286586,75.7930374830069,0,241.2,0,241.2,242.518759769593,-35.8286134625353,0,166.725722286586,1,0,0
3.215,49.9685039982373,400,0,166.725722286586,75.7908391679438,0,241.2,0,241.2,242.516561454529,-35.8399709526557,0,166.725722286586,1,0,0
3.216,49.9685564924931,400,0,166.725722286586,75.7886445214631,0,241.2,0,241.2,242.514366808049,-35.8513095132902,0,166.725722286586,1,0,0
3.217,49.9686088992461,400,0,166.725722286586,75.7864535373979,0,241.2,0,241.2,242.512175823984,-35.8626291759927,0,166.725722286586,1,0,0
3.218,49.9686612186423,400,0,166.725722286586,75.7842662095917,0,241.2,0,241.2,242.509988496177,-35.8739299722641,0,166.725722286586,1,0,0
3.219,49.9687134508273,400,0,166.725722286586,75.7820825318989,0,241.2,0,241.2,242.507804818484,-35.8852119335529,0,166.725722286586,1,0,0
3.22,49.9687655959466,400,0,166.725722286586,75.7799024981846,0,241.2,0,241.2,242.50562478477,-35.8964750912551,0,166.725722286586,1,0,0
3.221,49.9688176541457,400,0,166.725722286586,75.7777261023248,0,241.2,0,241.2,242.50344838891,-35.9077194767143,0,166.725722286586,1,0,0
3.222,49.9688696255693,400,0,166.725722286586,75.775553338206,0,241.2,0,241.2,242.501275624792,-35.9189451212218,0,166.725722286586,1,0,0
3.223,49.9689215103624,400,0,166.725722286586,75.7733841997255,0,241.2,0,241.2,242.499106486311,-35.9301520560169,0,166.725722286586,1,0,0
3.224,49.9689733086694,400,0,166.725722286586,75.7712186807911,0,241.2,0,241.2,242.496940967377,-35.9413403122864,0,166.725722286586,1,0,0
3.225,49.9690250206347,400,0,166.725722286586,75.7690567753215,0,241.2,0,241.2,242.494779061907,-35.9525099211654,0,166.725722286586,1,0,0
3.226,49.9690766464023,400,0,166.725722286586,75.7668984772458,0,241.2,0,241.2,242.492620763831,-35.9636609137369,0,166.725722286586,1,0,0
3.227,49.9691281861159,400,0,166.725722286586,75.7647437805038,0,241.2,0,241.2,242.490466067089,-35.9747933210321,0,166.725722286586,1,0,0
3.228,49.9691796399192,400,0,166.725722286586,75.7625926790459,0,241.2,0,241.2,242.488314965632,-35.9859071740304,0,166.725722286586,1,0,0
3.229,49.9692310079554,400,0,166.725722286586,75.7604451668329,0,241.2,0,241.2,242.486167453419,-35.9970025036595,0,166.725722286586,1,0,0
3.23,49.9692822903677,400,0,166.725722286586,75.7583012378363,0,241.2,0,241.2,242.484023524422,-36.0080793407955,0,166.725722286586,1,0,0
3.231,49.9693334872989,400,0,166.725722286586,75.7561608860381,0,241.2,0,241.2,242.481883172624,-36.0191377162632,0,166.725722286586,1,0,0
3.232,49.9693845988915,400,0,166.725722286586,75.7540241054306,0,241.2,0,241.2,242.479746392016,-36.0301776608355,0,166.725722286586,1,0,0
3.233,49.969435625288,400,0,166.725722286586,75.7518908900169,0,241.2,0,241.2,242.477613176603,-36.0411992052346,0,166.725722286586,1,0,0
3.234,49.9694865666305,400,0,166.725722286586,75.7497612338103,0,241.2,0,241.2,242.475483520396,-36.0522023801309,0,166.725722286586,1,0,0
3.235,49.9695374230608,400,0,166.725722286586,75.7476351308345,0,241.2,0,241.2,242.47335741742,-36.0631872161439,0,166.725722286586,1,0,0
3.236,49.9695881947206,400,0,166.725722286586,75.7455125751238,0,241.2,0,241.2,242.471234861709,-36.074153743842,0,166.725722286586,1,0,0
3.237,49.9696388817513,400,0,166.725722286586,75.7433935607227,0,241.2,0,241.2,242.469115847308,-36.0851019937426,0,166.725722286586,1,0,0
3.238,49.9696894842941,400,0,166.725722286586,75.7412780816863,0,241.2,0,241.2,242.467000368272,-36.0960319963121,0,166.725722286586,1,0,0
3.239,49.9697400024899,400,0,166.725722286586,75.7391661320798,0,241.2,0,241.2,242.464888418665,-36.1069437819662,0,166.725722286586,1,0,0
3.24,49.9697904364794,400,0,166.725722286586,75.7370577059789,0,241.2,0,241.2,242.462779992564,-36.1178373810699,0,166.725722286586,1,0,0
3.241,49.9698407864031,400,0,166.725722286586,75.7349527974694,0,241.2,0,241.2,242.460675084055,-36.1287128239373,0,166.725722286586,1,0,0
3.242,49.9698910524012,400,0,166.725722286586,75.7328514006475,0,241.2,0,241.2,242.458573687233,-36.1395701408322,0,166.725722286586,1,0,0
3.243,49.9699412346136,400,0,166.725722286586,75.7307535096198,0,241.2,0,241.2,242.456475796205,-36.1504093619678,0,166.725722286586,1,0,0
3.244,49.9699913331802,400,0,166.725722286586,75.7286591185029,0,241.2,0,241.2,242.454381405088,-36.1612305175069,0,166.725722286586,1,0,0
3.245,49.9700413482405,400,0,166.725722286586,75.7265682214238,0,241.2,0,241.2,242.452290508009,-36.172033637562,0,166.725722286586,1,0,0
3.246,49.9700912799337,400,0,166.725722286586,75.7244808125195,0,241.2,0,241.2,242.450203099105,-36.1828187521954,0,166.725722286586,1,0,0
3.247,49.970141128399,400,0,166.725722286586,75.7223968859375,0,241.2,0,241.2,242.448119172523,-36.1935858914192,0,166.725722286586,1,0,0
3.248,49.9701908937751,400,0,166.725722286586,75.7203164358351,0,241.2,0,241.2,242.446038722421,-36.2043350851956,0,166.725722286586,1,0,0
3.249,49.9702405762006,400,0,166.725722286586,75.71823945638,0,241.2,0,241.2,242.443961742966,-36.2150663634366,0,166.725722286586,1,0,0
3.25,49.9702901758138,400,0,166.725722286586,75.7161659417499,0,241.2,0,241.2,242.441888228336,-36.2257797560044,0,166.725722286586,1,0,0
3.251,49.970339692753,400,0,166.725722286586,75.7140958861326,0,241.2,0,241.2,242.439818172718,-36.2364752927114,0,166.725722286586,1,0,0
3.252,49.970389127156,400,0,166.725722286586,75.7120292837261,0,241.2,0,241.2,242.437751570312,-36.2471530033203,0,166.725722286586,1,0,0
3.253,49.9704384791605,400,0,166.725722286586,75.7099661287383,0,241.2,0,241.2,242.435688415324,-36.2578129175441,0,166.725722286586,1,0,0
3.254,49.9704877489039,400,0,166.725722286586,75.7079064153871,0,241.2,0,241.2,242.433628701973,-36.2684550650464,0,166.725722286586,1,0,0
3.255,49.9705369365233,400,0,166.725722286586,75.7058501379006,0,241.2,0,241.2,242.431572424486,-36.279079475441,0,166.725722286586,1,0,0
3.256,49.9705860421559,400,0,166.725722286586,75.7037972905167,0,241.2,0,241.2,242.429519577102,-36.2896861782926,0,166.725722286586,1,0,0
3.257,49.9706350659382,400,0,166.725722286586,75.7017478674836,0,241.2,0,241.2,242.427470154069,-36.3002752031165,0,166.725722286586,1,0,0
3.258,49.9706840080069,400,0,166.725722286586,75.6997018630591,0,241.2,0,241.2,242.425424149645,-36.3108465793787,0,166.725722286586,1,0,0
3.259,49.9707328684982,400,0,166.725722286586,75.6976592715112,0,241.2,0,241.2,242.423381558097,-36.3214003364962,0,166.725722286586,1,0,0
3.26,49.9707816475482,400,0,166.725722286586,75.6956200871176,0,241.2,0,241.2,242.421342373703,-36.3319365038369,0,166.725722286586,1,0,0
3.261,49.9708303452926,400,0,166.725722286586,75.693584304166,0,241.2,0,241.2,242.419306590752,-36.3424551107195,0,166.725722286586,1,0,0
3.262,49.9708789618672,400,0,166.725722286586,75.691551916954,0,241.2,0,241.2,242.41727420354,-36.3529561864142,0,166.725722286586,1,0,0
3.263,49.9709274974073,400,0,166.725722286586,75.689522919789,0,241.2,0,241.2,242.415245206375,-36.363439760142,0,166.725722286586,1,0,0
3.264,49.9709759520479,400,0,166.725722286586,75.6874973069884,0,241.2,0,241.2,242.413219593574,-36.3739058610754,0,166.725722286586,1,0,0
3.265,49.9710243259242,400,0,166.725722286586,75.6854750728792,0,241.2,0,241.2,242.411197359465,-36.3843545183381,0,166.725722286586,1,0,0
3.266,49.9710726191706,400,0,166.725722286586,75.6834562117984,0,241.2,0,241.2,242.409178498384,-36.3947857610054,0,166.725722286586,1,0,0
3.267,49.9711208319218,400,0,166.725722286586,75.6814407180925,0,241.2,0,241.2,242.407163004678,-36.405199618104,0,166.725722286586,1,0,0
3.268,49.9711689643119,400,0,166.725722286586,75.6794285861181,0,241.2,0,241.2,242.405150872704,-36.4155961186121,0,166.725722286586,1,0,0
3.269,49.9712170164751,400,0,166.725722286586,75.6774198102413,0,241.2,0,241.2,242.403142096827,-36.4259752914598,0,166.725722286586,1,0,0
3.27,49.971264988545,400,0,166.725722286586,75.675414384838,0,241.2,0,241.2,242.401136671424,-36.4363371655288,0,166.725722286586,1,0,0
3.271,49.9713128806552,400,0,166.725722286586,75.6734123042939,0,241.2,0,241.2,242.399134590879,-36.4466817696526,0,166.725722286586,1,0,0
3.272,49.9713606929391,400,0,166.725722286586,75.6714135630042,0,241.2,0,241.2,242.39713584959,-36.4570091326167,0,166.725722286586,1,0,0
3.273,49.9714084255298,400,0,166.725722286586,75.6694181553739,0,241.2,0,241.2,242.395140441959,-36.4673192831587,0,166.725722286586,1,0,0
3.274,49.9714560785603,400,0,166.725722286586,75.6674260758176,0,241.2,0,241.2,242.393148362403,-36.4776122499679,0,166.725722286586,1,0,0
3.275,49.9715036521632,400,0,166.725722286586,75.6654373187595,0,241.2,0,241.2,242.391159605345,-36.4878880616862,0,166.725722286586,1,0,0
3.276,49.9715511464709,400,0,166.725722286586,75.6634518786336,0,241.2,0,241.2,242.389174165219,-36.4981467469075,0,166.725722286586,1,0,0
3.277,49.9715985616157,400,0,166.725722286586,75.6614697498831,0,241.2,0,241.2,242.387192036469,-36.508388334178,0,166.725722286586,1,0,0
3.278,49.9716458977296,400,0,166.725722286586,75.6594909269611,0,241.2,0,241.2,242.385213213547,-36.5186128519963,0,166.725722286586,1,0,0
3.279,49.9716931549444,400,0,166.725722286586,75.6575154043302,0,241.2,0,241.2,242.383237690916,-36.5288203288137,0,166.725722286586,1,0,0
3.28,49.9717403333917,400,0,166.725722286586,75.6555431764625,0,241.2,0,241.2,242.381265463048,-36.5390107930337,0,166.725722286586,1,0,0
3.281,49.9717874332028,400,0,166.725722286586,75.6535742378395,0,241.2,0,241.2,242.379296524425,-36.5491842730127,0,166.725722286586,1,0,0
3.282,49.9718344545088,400,0,166.725722286586,75.6516085829523,0,241.2,0,241.2,242.377330869538,-36.5593407970597,0,166.725722286586,1,0,0
3.283,49.9718813974408,400,0,166.725722286586,75.6496462063016,0,241.2,0,241.2,242.375368492887,-36.5694803934365,0,166.725722286586,1,0,0
3.284,49.9719282621293,400,0,166.725722286586,75.6476871023973,0,241.2,0,241.2,242.373409388983,-36.5796030903578,0,166.725722286586,1,0,0
3.285,49.9719750487048,400,0,166.725722286586,75.645731265759,0,241.2,0,241.2,242.371453552345,-36.5897089159913,0,166.725722286586,1,0,0
3.286,49.9720217572976,400,0,166.725722286586,75.6437786909154,0,241.2,0,241.2,242.369500977501,-36.5997978984576,0,166.725722286586,1,0,0
3.287,49.9720683880378,400,0,166.725722286586,75.641829372405,0,241.2,0,241.2,242.367551658991,-36.6098700658304,0,166.725722286586,1,0,0
3.288,49.9721149410551,400,0,166.725722286586,75.6398833047753,0,241.2,0,241.2,242.365605591361,-36.6199254461368,0,166.725722286586,1,0,0
3.289,49.9721614164792,400,0,166.725722286586,75.6379404825835,0,241.2,0,241.2,242.363662769169,-36.6299640673569,0,166.725722286586,1,0,0
3.29,49.9722078144395,400,0,166.725722286586,75.636000900396,0,241.2,0,241.2,242.361723186982,-36.6399859574244,0,166.725722286586,1,0,0
3.291,49.9722541350651,400,0,166.725722286586,75.6340645527884,0,241.2,0,241.2,242.359786839374,-36.6499911442262,0,166.725722286586,1,0,0
3.292,49.9723003784849,400,0,166.725722286586,75.6321314343457,0,241.2,0,241.2,242.357853720931,-36.6599796556028,0,166.725722286586,1,0,0
3.293,49.9723465448278,400,0,166.725722286586,75.6302015396624,0,241.2,0,241.2,242.355923826248,-36.6699515193482,0,166.725722286586,1,0,0
3.294,49.9723926342222,400,0,166.725722286586,75.628274863342,0,241.2,0,241.2,242.353997149928,-36.6799067632102,0,166.725722286586,1,0,0
3.295,49.9724386467964,400,0,166.725722286586,75.6263513999973,0,241.2,0,241.2,242.352073686583,-36.6898454148902,0,166.725722286586,1,0,0
3.296,49.9724845826786,400,0,166.725722286586,75.6244311442505,0,241.2,0,241.2,242.350153430836,-36.6997675020435,0,166.725722286586,1,0,0
3.297,49.9725304419966,400,0,166.725722286586,75.6225140907329,0,241.2,0,241.2,242.348236377319,-36.7096730522792,0,166.725722286586,1,0,0
3.298,49.9725762248781,400,0,166.725722286586,75.620600234085,0,241.2,0,241.2,242.346322520671,-36.7195620931604,0,166.725722286586,1,0,0
3.299,49.9726219314506,400,0,166.725722286586,75.6186895689565,0,241.2,0,241.2,242.344411855542,-36.7294346522043,0,166.725722286586,1,0,0
3.3,49.9726675618412,400,0,166.725722286586,75.6167820900064,0,241.2,0,241.2,242.342504376592,-36.7392907568821,0,166.725722286586,1,0,0
3.301,49.9727131161771,400,0,166.725722286586,75.6148777919025,0,241.2,0,241.2,242.340600078488,-36.7491304346192,0,166.725722286586,1,0,0
3.302,49.972758594585,400,0,166.725722286586,75.6129766693222,0,241.2,0,241.2,242.338698955908,-36.7589537127955,0,166.725722286586,1,0,0
3.303,49.9728039971915,400,0,166.725722286586,75.6110787169516,0,241.2,0,241.2,242.336801003537,-36.7687606187449,0,166.725722286586,1,0,0
3.304,49.972849324123,400,0,166.725722286586,75.6091839294861,0,241.2,0,241.2,242.334906216072,-36.778551179756,0,166.725722286586,1,0,0
3.305,49.9728945755057,400,0,166.725722286586,75.6072923016301,0,241.2,0,241.2,242.333014588216,-36.7883254230717,0,166.725722286586,1,0,0
3.306,49.9729397514656,400,0,166.725722286586,75.6054038280973,0,241.2,0,241.2,242.331126114683,-36.7980833758897,0,166.725722286586,1,0,0
3.307,49.9729848521284,400,0,166.725722286586,75.6035185036101,0,241.2,0,241.2,242.329240790196,-36.807825065362,0,166.725722286586,1,0,0
3.308,49.9730298776197,400,0,166.725722286586,75.6016363229001,0,241.2,0,241.2,242.327358609486,-36.8175505185958,0,166.725722286586,1,0,0
3.309,49.9730748280648,400,0,166.725722286586,75.599757280708,0,241.2,0,241.2,242.325479567294,-36.8272597626527,0,166.725722286586,1,0,0
3.31,49.9731197035888,400,0,166.725722286586,75.5978813717832,0,241.2,0,241.2,242.323603658369,-36.8369528245494,0,166.725722286586,1,0,0
3.311,49.9731645043167,400,0,166.725722286586,75.5960085908844,0,241.2,0,241.2,242.32173087747,-36.8466297312575,0,166.725722286586,1,0,0
3.312,49.9732092303731,400,0,166.725722286586,75.5941389327791,0,241.2,0,241.2,242.319861219365,-36.8562905097035,0,166.725722286586,1,0,0
3.313,49.9732538818826,400,0,166.725722286586,75.5922723922437,0,241.2,0,241.2,242.317994678829,-36.8659351867692,0,166.725722286586,1,0,0
3.314,49.9732984589695,400,0,166.725722286586,75.5904089640636,0,241.2,0,241.2,242.316131250649,-36.8755637892914,0,166.725722286586,1,0,0
3.315,49.9733429617578,400,0,166.725722286586,75.5885486430331,0,241.2,0,241.2,242.314270929619,-36.8851763440624,0,166.725722286586,1,0,0
3.316,49.9733873903714,400,0,166.725722286586,75.5866914239553,0,241.2,0,241.2,242.312413710541,-36.8947728778296,0,166.725722286586,1,0,0
3.317,49.9734317449341,400,0,166.725722286586,75.5848373016424,0,241.2,0,241.2,242.310559588228,-36.9043534172959,0,166.725722286586,1,0,0
3.318,49.9734760255692,400,0,166.725722286586,75.5829862709152,0,241.2,0,241.2,242.308708557501,-36.9139179891196,0,166.725722286586,1,0,0
3.319,49.9735202324,400,0,166.725722286586,75.5811383266035,0,241.2,0,241.2,242.306860613189,-36.9234666199147,0,166.725722286586,1,0,0
3.32,49.9735643655496,400,0,166.725722286586,75.5792934635458,0,241.2,0,241.2,242.305015750131,-36.9329993362507,0,166.725722286586,1,0,0
3.321,49.9736084251408,400,0,166.725722286586,75.5774516765896,0,241.2,0,241.2,242.303173963175,-36.9425161646528,0,166.725722286586,1,0,0
3.322,49.9736524112963,400,0,166.725722286586,75.5756129605909,0,241.2,0,241.2,242.301335247176,-36.9520171316021,0,166.725722286586,1,0,0
3.323,49.9736963241384,400,0,166.725722286586,75.5737773104147,0,241.2,0,241.2,242.299499597,-36.9615022635355,0,166.725722286586,1,0,0
3.324,49.9737401637895,400,0,166.725722286586,75.5719447209346,0,241.2,0,241.2,242.29766700752,-36.9709715868457,0,166.725722286586,1,0,0
3.325,49.9737839303715,400,0,166.725722286586,75.5701151870331,0,241.2,0,241.2,242.295837473619,-36.9804251278814,0,166.725722286586,1,0,0
3.326,49.9738276240063,400,0,166.725722286586,75.5682887036014,0,241.2,0,241.2,242.294010990187,-36.9898629129477,0,166.725722286586,1,0,0
3.327,49.9738712448155,400,0,166.725722286586,75.5664652655393,0,241.2,0,241.2,242.292187552125,-36.9992849683054,0,166.725722286586,1,0,0
3.328,49.9739147929206,400,0,166.725722286586,75.5646448677553,0,241.2,0,241.2,242.290367154341,-37.0086913201718,0,166.725722286586,1,0,0
3.329,49.9739582684426,400,0,166.725722286586,75.5628275051666,0,241.2,0,241.2,242.288549791752,-37.0180819947204,0,166.725722286586,1,0,0
3.33,49.9740016715027,400,0,166.725722286586,75.5610131726992,0,241.2,0,241.2,242.286735459285,-37.0274570180811,0,166.725722286586,1,0,0
3.331,49.9740450022216,400,0,166.725722286586,75.5592018652874,0,241.2,0,241.2,242.284924151873,-37.0368164163401,0,166.725722286586,1,0,0
3.332,49.97408826072,400,0,166.725722286586,75.5573935778745,0,241.2,0,241.2,242.28311586446,-37.0461602155403,0,166.725722286586,1,0,0
3.333,49.9741314471182,400,0,166.725722286586,75.5555883054121,0,241.2,0,241.2,242.281310591998,-37.0554884416811,0,166.725722286586,1,0,0
3.334,49.9741745615365,400,0,166.725722286586,75.5537860428607,0,241.2,0,241.2,242.279508329446,-37.0648011207185,0,166.725722286586,1,0,0
3.335,49.9742176040949,400,0,166.725722286586,75.551986785189,0,241.2,0,241.2,242.277709071775,-37.0740982785654,0,166.725722286586,1,0,0
3.336,49.9742605749131,400,0,166.725722286586,75.5501905273745,0,241.2,0,241.2,242.27591281396,-37.0833799410912,0,166.725722286586,1,0,0
3.337,49.9743034741108,400,0,166.725722286586,75.5483972644033,0,241.2,0,241.2,242.274119550989,-37.0926461341225,0,166.725722286586,1,0,0
3.338,49.9743463018074,400,0,166.725722286586,75.5466069912699,0,241.2,0,241.2,242.272329277855,-37.1018968834426,0,166.725722286586,1,0,0
3.339,49.9743890581221,400,0,166.725722286586,75.5448197029772,0,241.2,0,241.2,242.270541989563,-37.1111322147919,0,166.725722286586,1,0,0
3.34,49.9744317431738,400,0,166.725722286586,75.5430353945369,0,241.2,0,241.2,242.268757681123,-37.120352153868,0,166.725722286586,1,0,0
3.341,49.9744743570815,400,0,166.725722286586,75.5412540609689,0,241.2,0,241.2,242.266976347555,-37.1295567263254,0,166.725722286586,1,0,0
3.342,49.9745168999636,400,0,166.725722286586,75.5394756973017,0,241.2,0,241.2,242.265197983887,-37.138745957776,0,166.725722286586,1,0,0
3.343,49.9745593719387,400,0,166.725722286586,75.5377002985723,0,241.2,0,241.2,242.263422585158,-37.1479198737891,0,166.725722286586,1,0,0
3.344,49.9746017731248,400,0,166.725722286586,75.5359278598259,0,241.2,0,241.2,242.261650146411,-37.1570784998912,0,166.725722286586,1,0,0
3.345,49.9746441036401,400,0,166.725722286586,75.5341583761163,0,241.2,0,241.2,242.259880662702,-37.1662218615663,0,166.725722286586,1,0,0
3.346,49.9746863636023,400,0,166.725722286586,75.5323918425057,0,241.2,0,241.2,242.258114129091,-37.1753499842559,0,166.725722286586,1,0,0
3.347,49.9747285531291,400,0,166.725722286586,75.5306282540647,0,241.2,0,241.2,242.25635054065,-37.184462893359,0,166.725722286586,1,0,0
3.348,49.9747706723379,400,0,166.725722286586,75.5288676058721,0,241.2,0,241.2,242.254589892458,-37.1935606142325,0,166.725722286586,1,0,0
3.349,49.9748127213459,400,0,166.725722286586,75.5271098930152,0,241.2,0,241.2,242.252832179601,-37.2026431721909,0,166.725722286586,1,0,0
3.35,49.9748547002702,400,0,166.725722286586,75.5253551105896,0,241.2,0,241.2,242.251077397175,-37.2117105925063,0,166.725722286586,1,0,0
3.351,49.9748966092276,400,0,166.725722286586,75.5236032536992,0,241.2,0,241.2,242.249325540285,-37.220762900409,0,166.725722286586,1,0,0
3.352,49.9749384483346,400,0,166.725722286586,75.5218543174563,0,241.2,0,241.2,242.247576604042,-37.2298001210871,0,166.725722286586,1,0,0
3.353,49.9749802177079,400,0,166.725722286586,75.5201082969813,0,241.2,0,241.2,242.245830583567,-37.2388222796867,0,166.725722286586,1,0,0
3.354,49.9750219174636,400,0,166.725722286586,75.5183651874031,0,241.2,0,241.2,242.244087473989,-37.2478294013118,0,166.725722286586,1,0,0
3.355,49.9750635477177,400,0,166.725722286586,75.5166249838588,0,241.2,0,241.2,242.242347270444,-37.2568215110249,0,166.725722286586,1,0,0
3.356,49.9751051085862,400,0,166.725722286586,75.5148876814935,0,241.2,0,241.2,242.240609968079,-37.2657986338465,0,166.725722286586,1,0,0
3.357,49.9751466001848,400,0,166.725722286586,75.5131532754609,0,241.2,0,241.2,242.238875562046,-37.2747607947555,0,166.725722286586,1,0,0
3.358,49.9751880226288,400,0,166.725722286586,75.5114217609226,0,241.2,0,241.2,242.237144047508,-37.283708018689,0,166.725722286586,1,0,0
3.359,49.9752293760336,400,0,166.725722286586,75.5096931330486,0,241.2,0,241.2,242.235415419634,-37.2926403305426,0,166.725722286586,1,0,0
3.36,49.9752706605143,400,0,166.725722286586,75.5079673870171,0,241.2,0,241.2,242.233689673603,-37.3015577551705,0,166.725722286586,1,0,0
3.361,49.9753118761857,400,0,166.725722286586,75.5062445180142,0,241.2,0,241.2,242.2319668046,-37.3104603173854,0,166.725722286586,1,0,0
3.362,49.9753530231626,400,0,166.725722286586,75.5045245212345,0,241.2,0,241.2,242.23024680782,-37.3193480419585,0,166.725722286586,1,0,0
3.363,49.9753941015596,400,0,166.725722286586,75.5028073918806,0,241.2,0,241.2,242.228529678466,-37.32822095362,0,166.725722286586,1,0,0
3.364,49.9754351114908,400,0,166.725722286586,75.5010931251631,0,241.2,0,241.2,242.226815411749,-37.3370790770585,0,166.725722286586,1,0,0
3.365,49.9754760530705,400,0,166.725722286586,75.4993817163009,0,241.2,0,241.2,242.225104002886,-37.3459224369218,0,166.725722286586,1,0,0
3.366,49.9755169264126,400,0,166.725722286586,75.4976731605208,0,241.2,0,241.2,242.223395447106,-37.3547510578165,0,166.725722286586,1,0,0
3.367,49.9755577316308,400,0,166.725722286586,75.4959674530579,0,241.2,0,241.2,242.221689739643,-37.3635649643079,0,166.725722286586,1,0,0
3.368,49.9755984688388,400,0,166.725722286586,75.4942645891551,0,241.2,0,241.2,242.219986875741,-37.3723641809209,0,166.725722286586,1,0,0
3.369,49.9756391381498,400,0,166.725722286586,75.4925645640636,0,241.2,0,241.2,242.218286850649,-37.3811487321389,0,166.725722286586,1,0,0
3.37,49.9756797396771,400,0,166.725722286586,75.4908673730426,0,241.2,0,241.2,242.216589659628,-37.389918642405,0,166.725722286586,1,0,0
3.371,49.9757202735337,400,0,166.725722286586,75.4891730113591,0,241.2,0,241.2,242.214895297945,-37.3986739361212,0,166.725722286586,1,0,0
3.372,49.9757607398324,400,0,166.725722286586,75.4874814742883,0,241.2,0,241.2,242.213203760874,-37.407414637649,0,166.725722286586,1,0,0
3.373,49.9758011386858,400,0,166.725722286586,75.4857927571134,0,241.2,0,241.2,242.211515043699,-37.4161407713094,0,166.725722286586,1,0,0
3.374,49.9758414702063,400,0,166.725722286586,75.4841068551254,0,241.2,0,241.2,242.209829141711,-37.4248523613825,0,166.725722286586,1,0,0
3.375,49.9758817345061,400,0,166.725722286586,75.4824237636235,0,241.2,0,241.2,242.208146050209,-37.4335494321082,0,166.725722286586,1,0,0
3.376,49.9759219316974,400,0,166.725722286586,75.4807434779147,0,241.2,0,241.2,242.2064657645,-37.442232007686,0,166.725722286586,1,0,0
3.377,49.975962061892,400,0,166.725722286586,75.479065993314,0,241.2,0,241.2,242.2047882799,-37.450900112275,0,166.725722286586,1,0,0
3.378,49.9760021252015,400,0,166.725722286586,75.4773913051442,0,241.2,0,241.2,242.20311359173,-37.4595537699939,0,166.725722286586,1,0,0
3.379,49.9760421217376,400,0,166.725722286586,75.4757194087361,0,241.2,0,241.2,242.201441695322,-37.4681930049213,0,166.725722286586,1,0,0
3.38,49.9760820516114,400,0,166.725722286586,75.4740502994284,0,241.2,0,241.2,242.199772586014,-37.4768178410958,0,166.725722286586,1,0,0
3.381,49.9761219149341,400,0,166.725722286586,75.4723839725676,0,241.2,0,241.2,242.198106259153,-37.4854283025157,0,166.725722286586,1,0,0
3.382,49.9761617118166,400,0,166.725722286586,75.4707204235081,0,241.2,0,241.2,242.196442710094,-37.4940244131394,0,166.725722286586,1,0,0
3.383,49.9762014423698,400,0,166.725722286586,75.4690596476121,0,241.2,0,241.2,242.194781934198,-37.5026061968854,0,166.725722286586,1,0,0
3.384,49.9762411067041,400,0,166.725722286586,75.4674016402498,0,241.2,0,241.2,242.193123926835,-37.5111736776323,0,166.725722286586,1,0,0
3.385,49.97628070493,400,0,166.725722286586,75.465746396799,0,241.2,0,241.2,242.191468683385,-37.5197268792188,0,166.725722286586,1,0,0
3.386,49.9763202371576,400,0,166.725722286586,75.4640939126455,0,241.2,0,241.2,242.189816199231,-37.528265825444,0,166.725722286586,1,0,0
3.387,49.9763597034969,400,0,166.725722286586,75.4624441831827,0,241.2,0,241.2,242.188166469768,-37.5367905400673,0,166.725722286586,1,0,0
3.388,49.9763991040579,400,0,166.725722286586,75.4607972038118,0,241.2,0,241.2,242.186519490397,-37.5453010468084,0,166.725722286586,1,0,0
3.389,49.9764384389501,400,0,166.725722286586,75.4591529699419,0,241.2,0,241.2,242.184875256528,-37.5537973693476,0,166.725722286586,1,0,0
3.39,49.976477708283,400,0,166.725722286586,75.4575114769898,0,241.2,0,241.2,242.183233763575,-37.5622795313255,0,166.725722286586,1,0,0
3.391,49.9765169121659,400,0,166.725722286586,75.4558727203799,0,241.2,0,241.2,242.181595006966,-37.5707475563436,0,166.725722286586,1,0,0
3.392,49.9765560507079,400,0,166.725722286586,75.4542366955446,0,241.2,0,241.2,242.17995898213,-37.5792014679639,0,166.725722286586,1,0,0
3.393,49.9765951240179,400,0,166.725722286586,75.4526033979236,0,241.2,0,241.2,242.178325684509,-37.587641289709,0,166.725722286586,1,0,0
3.394,49.9766341322047,400,0,166.725722286586,75.4509728229646,0,241.2,0,241.2,242.17669510955,-37.5960670450626,0,166.725722286586,1,0,0
3.395,49.9766730753768,400,0,166.725722286586,75.449344966123,0,241.2,0,241.2,242.175067252709,-37.6044787574689,0,166.725722286586,1,0,0
3.396,49.9767119536425,400,0,166.725722286586,75.4477198228616,0,241.2,0,241.2,242.173442109447,-37.6128764503332,0,166.725722286586,1,0,0
3.397,49.9767507671101,400,0,166.725722286586,75.446097388651,0,241.2,0,241.2,242.171819675237,-37.6212601470219,0,166.725722286586,1,0,0
3.398,49.9767895158876,400,0,166.725722286586,75.4444776589696,0,241.2,0,241.2,242.170199945555,-37.6296298708623,0,166.725722286586,1,0,0
3.399,49.9768282000828,400,0,166.725722286586,75.4428606293031,0,241.2,0,241.2,242.168582915889,-37.6379856451428,0,166.725722286586,1,0,0
3.4,49.9768668198033,400,0,166.725722286586,75.4412462951451,0,241.2,0,241.2,242.166968581731,-37.646327493113,0,166.725722286586,1,0,0
3.401,49.9769053751567,400,0,166.725722286586,75.4396346519965,0,241.2,0,241.2,242.165356938582,-37.6546554379838,0,166.725722286586,1,0,0
3.402,49.9769438662503,400,0,166.725722286586,75.4380256953661,0,241.2,0,241.2,242.163747981952,-37.6629695029274,0,166.725722286586,1,0,0
3.403,49.976982293191,400,0,166.725722286586,75.4364194207701,0,241.2,0,241.2,242.162141707356,-37.6712697110773,0,166.725722286586,1,0,0
3.404,49.977020656086,400,0,166.725722286586,75.4348158237321,0,241.2,0,241.2,242.160538110318,-37.6795560855285,0,166.725722286586,1,0,0
3.405,49.9770589550419,400,0,166.725722286586,75.4332148997835,0,241.2,0,241.2,242.158937186369,-37.6878286493375,0,166.725722286586,1,0,0
3.406,49.9770971901653,400,0,166.725722286586,75.4316166444632,0,241.2,0,241.2,242.157338931049,-37.6960874255224,0,166.725722286586,1,0,0
3.407,49.9771353615627,400,0,166.725722286586,75.4300210533176,0,241.2,0,241.2,242.155743339903,-37.7043324370629,0,166.725722286586,1,0,0
3.408,49.9771734693402,400,0,166.725722286586,75.4284281219003,0,241.2,0,241.2,242.154150408486,-37.7125637069004,0,166.725722286586,1,0,0
3.409,49.9772115136038,400,0,166.725722286586,75.4268378457728,0,241.2,0,241.2,242.152560132358,-37.7207812579379,0,166.725722286586,1,0,0
3.41,49.9772494944596,400,0,166.725722286586,75.4252502205039,0,241.2,0,241.2,242.15097250709,-37.7289851130405,0,166.725722286586,1,0,0
3.411,49.9772874120131,400,0,166.725722286586,75.4236652416698,0,241.2,0,241.2,242.149387528255,-37.7371752950351,0,166.725722286586,1,0,0
3.412,49.9773252663698,400,0,166.725722286586,75.4220829048543,0,241.2,0,241.2,242.14780519144,-37.7453518267104,0,166.725722286586,1,0,0
3.413,49.9773630576352,400,0,166.725722286586,75.4205032056484,0,241.2,0,241.2,242.146225492234,-37.7535147308172,0,166.725722286586,1,0,0
3.414,49.9774007859143,400,0,166.725722286586,75.4189261396507,0,241.2,0,241.2,242.144648426236,-37.7616640300686,0,166.725722286586,1,0,0
3.415,49.9774384513123,400,0,166.725722286586,75.4173517024672,0,241.2,0,241.2,242.143073989053,-37.7697997471394,0,166.725722286586,1,0,0
3.416,49.9774760539337,400,0,166.725722286586,75.4157798897113,0,241.2,0,241.2,242.141502176297,-37.777921904667,0,166.725722286586,1,0,0
3.417,49.9775135938835,400,0,166.725722286586,75.4142106970037,0,241.2,0,241.2,242.139932983589,-37.7860305252509,0,166.725722286586,1,0,0
3.418,49.9775510712658,400,0,166.725722286586,75.4126441199725,0,241.2,0,241.2,242.138366406558,-37.7941256314528,0,166.725722286586,1,0,0
3.419,49.9775884861852,400,0,166.725722286586,75.4110801542532,0,241.2,0,241.2,242.136802440839,-37.8022072457971,0,166.725722286586,1,0,0
3.42,49.9776258387457,400,0,166.725722286586,75.4095187954885,0,241.2,0,241.2,242.135241082074,-37.8102753907704,0,166.725722286586,1,0,0
3.421,49.9776631290512,400,0,166.725722286586,75.4079600393286,0,241.2,0,241.2,242.133682325914,-37.818330088822,0,166.725722286586,1,0,0
3.422,49.9777003572054,400,0,166.725722286586,75.4064038814309,0,241.2,0,241.2,242.132126168017,-37.8263713623636,0,166.725722286586,1,0,0
3.423,49.9777375233121,400,0,166.725722286586,75.4048503174603,0,241.2,0,241.2,242.130572604046,-37.8343992337696,0,166.725722286586,1,0,0
3.424,49.9777746274747,400,0,166.725722286586,75.4032993430886,0,241.2,0,241.2,242.129021629674,-37.8424137253772,0,166.725722286586,1,0,0
3.425,49.9778116697962,400,0,166.725722286586,75.4017509539952,0,241.2,0,241.2,242.127473240581,-37.8504148594864,0,166.725722286586,1,0,0
3.426,49.97784865038,400,0,166.725722286586,75.4002051458668,0,241.2,0,241.2,242.125927432452,-37.8584026583597,0,166.725722286586,1,0,0
3.427,49.9778855693288,400,0,166.725722286586,75.3986619143971,0,241.2,0,241.2,242.124384200983,-37.8663771442229,0,166.725722286586,1,0,0
3.428,49.9779224267454,400,0,166.725722286586,75.3971212552871,0,241.2,0,241.2,242.122843541873,-37.8743383392645,0,166.725722286586,1,0,0
3.429,49.9779592227323,400,0,166.725722286586,75.3955831642453,0,241.2,0,241.2,242.121305450831,-37.8822862656362,0,166.725722286586,1,0,0
3.43,49.977995957392,400,0,166.725722286586,75.394047636987,0,241.2,0,241.2,242.119769923573,-37.8902209454526,0,166.725722286586,1,0,0
3.431,49.9780326308267,400,0,166.725722286586,75.392514669235,0,241.2,0,241.2,242.118236955821,-37.8981424007914,0,166.725722286586,1,0,0
3.432,49.9780692431384,400,0,166.725722286586,75.3909842567191,0,241.2,0,241.2,242.116706543305,-37.9060506536938,0,166.725722286586,1,0,0
3.433,49.978105794429,400,0,166.725722286586,75.3894563951764,0,241.2,0,241.2,242.115178681762,-37.913945726164,0,166.725722286586,1,0,0
3.434,49.9781422848002,400,0,166.725722286586,75.3879310803512,0,241.2,0,241.2,242.113653366937,-37.9218276401696,0,166.725722286586,1,0,0
3.435,49.9781787143536,400,0,166.725722286586,75.3864083079947,0,241.2,0,241.2,242.11213059458,-37.9296964176415,0,166.725722286586,1,0,0
3.436,49.9782150831905,400,0,166.725722286586,75.3848880738655,0,241.2,0,241.2,242.110610360451,-37.9375520804742,0,166.725722286586,1,0,0
3.437,49.9782513914121,400,0,166.725722286586,75.3833703737293,0,241.2,0,241.2,242.109092660315,-37.9453946505256,0,166.725722286586,1,0,0
3.438,49.9782876391195,400,0,166.725722286586,75.3818552033586,0,241.2,0,241.2,242.107577489944,-37.9532241496173,0,166.725722286586,1,0,0
3.439,49.9783238264136,400,0,166.725722286586,75.3803425585335,0,241.2,0,241.2,242.106064845119,-37.9610405995342,0,166.725722286586,1,0,0
3.44,49.978359953395,400,0,166.725722286586,75.3788324350407,0,241.2,0,241.2,242.104554721626,-37.9688440220253,0,166.725722286586,1,0,0
3.441,49.9783960201642,400,0,166.725722286586,75.3773248286744,0,241.2,0,241.2,242.10304711526,-37.9766344388031,0,166.725722286586,1,0,0
3.442,49.9784320268216,400,0,166.725722286586,75.3758197352354,0,241.2,0,241.2,242.101542021821,-37.984411871544,0,166.725722286586,1,0,0
3.443,49.9784679734675,400,0,166.725722286586,75.374317150532,0,241.2,0,241.2,242.100039437118,-37.9921763418882,0,166.725722286586,1,0,0
3.444,49.9785038602018,400,0,166.725722286586,75.3728170703793,0,241.2,0,241.2,242.098539356965,-37.9999278714399,0,166.725722286586,1,0,0
3.445,49.9785396871244,400,0,166.725722286586,75.3713194905995,0,241.2,0,241.2,242.097041777185,-38.0076664817673,0,166.725722286586,1,0,0
3.446,49.9785754543351,400,0,166.725722286586,75.3698244070217,0,241.2,0,241.2,242.095546693607,-38.0153921944025,0,166.725722286586,1,0,0
3.447,49.9786111619332,400,0,166.725722286586,75.368331815482,0,241.2,0,241.2,242.094054102068,-38.0231050308419,0,166.725722286586,1,0,0
3.448,49.9786468100182,400,0,166.725722286586,75.3668417118237,0,241.2,0,241.2,242.092563998409,-38.0308050125459,0,166.725722286586,1,0,0
3.449,49.9786823986894,400,0,166.725722286586,75.3653540918969,0,241.2,0,241.2,242.091076378483,-38.0384921609393,0,166.725722286586,1,0,0
3.45,49.9787179280456,400,0,166.725722286586,75.3638689515586,0,241.2,0,241.2,242.089591238144,-38.0461664974112,0,166.725722286586,1,0,0
3.451,49.9787533981858,400,0,166.725722286586,75.362386286673,0,241.2,0,241.2,242.088108573259,-38.0538280433148,0,166.725722286586,1,0,0
3.452,49.9787888092087,400,0,166.725722286586,75.360906093111,0,241.2,0,241.2,242.086628379697,-38.0614768199679,0,166.725722286586,1,0,0
3.453,49.9788241612128,400,0,166.725722286586,75.3594283667504,0,241.2,0,241.2,242.085150653336,-38.0691128486528,0,166.725722286586,1,0,0
3.454,49.9788594542965,400,0,166.725722286586,75.3579531034763,0,241.2,0,241.2,242.083675390062,-38.0767361506162,0,166.725722286586,1,0,0
3.455,49.978894688558,400,0,166.725722286586,75.3564802991802,0,241.2,0,241.2,242.082202585766,-38.0843467470694,0,166.725722286586,1,0,0
3.456,49.9789298640953,400,0,166.725722286586,75.3550099497609,0,241.2,0,241.2,242.080732236346,-38.0919446591885,0,166.725722286586,1,0,0
3.457,49.9789649810063,400,0,166.725722286586,75.3535420511237,0,241.2,0,241.2,242.079264337709,-38.0995299081142,0,166.725722286586,1,0,0
3.458,49.9790000393888,400,0,166.725722286586,75.3520765991811,0,241.2,0,241.2,242.077798885767,-38.107102514952,0,166.725722286586,1,0,0
3.459,49.9790350393403,400,0,166.725722286586,75.3506135898523,0,241.2,0,241.2,242.076335876438,-38.114662500772,0,166.725722286586,1,0,0
3.46,49.9790699809582,400,0,166.725722286586,75.3491530190633,0,241.2,0,241.2,242.074875305649,-38.1222098866095,0,166.725722286586,1,0,0
3.461,49.9791048643396,400,0,166.725722286586,75.347694882747,0,241.2,0,241.2,242.073417169333,-38.1297446934645,0,166.725722286586,1,0,0
3.462,49.9791396895818,400,0,166.725722286586,75.3462391768432,0,241.2,0,241.2,242.071961463429,-38.1372669423023,0,166.725722286586,1,0,0
3.463,49.9791744567815,400,0,166.725722286586,75.3447858972982,0,241.2,0,241.2,242.070508183884,-38.1447766540528,0,166.725722286586,1,0,0
3.464,49.9792091660356,400,0,166.725722286586,75.3433350400656,0,241.2,0,241.2,242.069057326651,-38.1522738496115,0,166.725722286586,1,0,0
3.465,49.9792438174405,400,0,166.725722286586,75.3418866011052,0,241.2,0,241.2,242.067608887691,-38.1597585498387,0,166.725722286586,1,0,0
3.466,49.9792784110928,400,0,166.725722286586,75.340440576384,0,241.2,0,241.2,242.06616286297,-38.1672307755601,0,166.725722286586,1,0,0
3.467,49.9793129470887,400,0,166.725722286586,75.3389969618755,0,241.2,0,241.2,242.064719248461,-38.1746905475667,0,166.725722286586,1,0,0
3.468,49.9793474255243,400,0,166.725722286586,75.3375557535603,0,241.2,0,241.2,242.063278040146,-38.1821378866147,0,166.725722286586,1,0,0
3.469,49.9793818464955,400,0,166.725722286586,75.3361169474253,0,241.2,0,241.2,242.061839234011,-38.189572813426,0,166.725722286586,1,0,0
3.47,49.9794162100981,400,0,166.725722286586,75.3346805394644,0,241.2,0,241.2,242.06040282605,-38.1969953486876,0,166.725722286586,1,0,0
3.471,49.9794505164277,400,0,166.725722286586,75.3332465256781,0,241.2,0,241.2,242.058968812264,-38.2044055130523,0,166.725722286586,1,0,0
3.472,49.9794847655798,400,0,166.725722286586,75.3318149020736,0,241.2,0,241.2,242.057537188659,-38.2118033271383,0,166.725722286586,1,0,0
3.473,49.9795189576498,400,0,166.725722286586,75.330385664665,0,241.2,0,241.2,242.056107951251,-38.2191888115296,0,166.725722286586,1,0,0
3.474,49.9795530927326,400,0,166.725722286586,75.3289588094727,0,241.2,0,241.2,242.054681096058,-38.2265619867757,0,166.725722286586,1,0,0
3.475,49.9795871709234,400,0,166.725722286586,75.3275343325241,0,241.2,0,241.2,242.05325661911,-38.2339228733919,0,166.725722286586,1,0,0
3.476,49.9796211923169,400,0,166.725722286586,75.3261122298531,0,241.2,0,241.2,242.051834516439,-38.2412714918595,0,166.725722286586,1,0,0
3.477,49.9796551570078,400,0,166.725722286586,75.3246924975002,0,241.2,0,241.2,242.050414784086,-38.2486078626254,0,166.725722286586,1,0,0
3.478,49.9796890650906,400,0,166.725722286586,75.3232751315127,0,241.2,0,241.2,242.048997418098,-38.2559320061026,0,166.725722286586,1,0,0
3.479,49.9797229166597,400,0,166.725722286586,75.3218601279443,0,241.2,0,241.2,242.04758241453,-38.26324394267,0,166.725722286586,1,0,0
3.48,49.9797567118092,400,0,166.725722286586,75.3204474828556,0,241.2,0,241.2,242.046169769441,-38.2705436926726,0,166.725722286586,1,0,0
3.481,49.9797904506333,400,0,166.725722286586,75.3190371923134,0,241.2,0,241.2,242.044759478899,-38.2778312764212,0,166.725722286586,1,0,0
3.482,49.9798241332257,400,0,166.725722286586,75.3176292523915,0,241.2,0,241.2,242.043351538977,-38.2851067141933,0,166.725722286586,1,0,0
3.483,49.9798577596802,400,0,166.725722286586,75.31622365917,0,241.2,0,241.2,242.041945945756,-38.292370026232,0,166.725722286586,1,0,0
3.484,49.9798913300904,400,0,166.725722286586,75.3148204087356,0,241.2,0,241.2,242.040542695321,-38.2996212327472,0,166.725722286586,1,0,0
3.485,49.9799248445497,400,0,166.725722286586,75.3134194971816,0,241.2,0,241.2,242.039141783767,-38.3068603539146,0,166.725722286586,1,0,0
3.486,49.9799583031513,400,0,166.725722286586,75.312020920608,0,241.2,0,241.2,242.037743207194,-38.3140874098767,0,166.725722286586,1,0,0
3.487,49.9799917059884,400,0,166.725722286586,75.3106246751209,0,241.2,0,241.2,242.036346961707,-38.3213024207423,0,166.725722286586,1,0,0
3.488,49.9800250531538,400,0,166.725722286586,75.3092307568335,0,241.2,0,241.2,242.034953043419,-38.3285054065865,0,166.725722286586,1,0,0
3.489,49.9800583447404,400,0,166.725722286586,75.3078391618649,0,241.2,0,241.2,242.03356144845,-38.3356963874511,0,166.725722286586,1,0,0
3.49,49.9800915808408,400,0,166.725722286586,75.3064498863411,0,241.2,0,241.2,242.032172172927,-38.3428753833445,0,166.725722286586,1,0,0
3.491,49.9801247615475,400,0,166.725722286586,75.3050629263945,0,241.2,0,241.2,242.03078521298,-38.3500424142418,0,166.725722286586,1,0,0
3.492,49.9801578869529,400,0,166.725722286586,75.3036782781639,0,241.2,0,241.2,242.02940056475,-38.3571975000847,0,166.725722286586,1,0,0
3.493,49.980190957149,400,0,166.725722286586,75.3022959377947,0,241.2,0,241.2,242.02801822438,-38.3643406607817,0,166.725722286586,1,0,0
3.494,49.9802239722279,400,0,166.725722286586,75.3009159014386,0,241.2,0,241.2,242.026638188024,-38.3714719162081,0,166.725722286586,1,0,0
3.495,49.9802569322815,400,0,166.725722286586,75.2995381652537,0,241.2,0,241.2,242.025260451839,-38.378591286206,0,166.725722286586,1,0,0
3.496,49.9802898374015,400,0,166.725722286586,75.2981627254048,0,241.2,0,241.2,242.02388501199,-38.3856987905847,0,166.725722286586,1,0,0
3.497,49.9803226876794,400,0,166.725722286586,75.2967895780628,0,241.2,0,241.2,242.022511864648,-38.3927944491201,0,166.725722286586,1,0,0
3.498,49.9803554832067,400,0,166.725722286586,75.2954187194052,0,241.2,0,241.2,242.021141005991,-38.3998782815556,0,166.725722286586,1,0,0
3.499,49.9803882240746,400,0,166.725722286586,75.2940501456159,0,241.2,0,241.2,242.019772432201,-38.4069503076012,0,166.725722286586,1,0,0
3.5,49.9804209103742,400,0,166.725722286586,75.292683852885,0,241.2,0,241.2,242.018406139471,-38.4140105469343,0,166.725722286586,1,0,0
3.501,49.9804535421964,400,0,166.725722286586,75.2913198374091,0,241.2,0,241.2,242.017042123995,-38.4210590191996,0,166.725722286586,1,0,0
3.502,49.9804861196321,400,0,166.725722286586,75.2899580953913,0,241.2,0,241.2,242.015680381977,-38.4280957440089,0,166.725722286586,1,0,0
3.503,49.980518642772,400,0,166.725722286586,75.2885986230408,0,241.2,0,241.2,242.014320909626,-38.4351207409413,0,166.725722286586,1,0,0
3.504,49.9805511117064,400,0,166.725722286586,75.2872414165733,0,241.2,0,241.2,242.012963703159,-38.4421340295434,0,166.725722286586,1,0,0
3.505,49.9805835265258,400,0,166.725722286586,75.2858864722108,0,241.2,0,241.2,242.011608758796,-38.4491356293291,0,166.725722286586,1,0,0
3.506,49.9806158873203,400,0,166.725722286586,75.2845337861816,0,241.2,0,241.2,242.010256072767,-38.4561255597798,0,166.725722286586,1,0,0
3.507,49.98064819418,400,0,166.725722286586,75.2831833547203,0,241.2,0,241.2,242.008905641306,-38.4631038403446,0,166.725722286586,1,0,0
3.508,49.9806804471948,400,0,166.725722286586,75.2818351740678,0,241.2,0,241.2,242.007557460653,-38.4700704904398,0,166.725722286586,1,0,0
3.509,49.9807126464544,400,0,166.725722286586,75.2804892404713,0,241.2,0,241.2,242.006211527057,-38.4770255294496,0,166.725722286586,1,0,0
3.51,49.9807447920484,400,0,166.725722286586,75.2791455501843,0,241.2,0,241.2,242.00486783677,-38.4839689767261,0,166.725722286586,1,0,0
3.511,49.9807768840663,400,0,166.725722286586,75.2778040994665,0,241.2,0,241.2,242.003526386052,-38.4909008515887,0,166.725722286586,1,0,0
3.512,49.9808089225974,400,0,166.725722286586,75.2764648845839,0,241.2,0,241.2,242.00218717117,-38.4978211733248,0,166.725722286586,1,0,0
3.513,49.9808409077307,400,0,166.725722286586,75.2751279018088,0,241.2,0,241.2,242.000850188394,-38.5047299611897,0,166.725722286586,1,0,0
3.514,49.9808728395554,400,0,166.725722286586,75.2737931474196,0,241.2,0,241.2,241.999515434005,-38.5116272344067,0,166.725722286586,1,0,0
3.515,49.9809047181603,400,0,166.725722286586,75.272460617701,0,241.2,0,241.2,241.998182904287,-38.5185130121667,0,166.725722286586,1,0,0
3.516,49.980936543634,400,0,166.725722286586,75.2711303089439,0,241.2,0,241.2,241.996852595529,-38.525387313629,0,166.725722286586,1,0,0
3.517,49.9809683160651,400,0,166.725722286586,75.2698022174453,0,241.2,0,241.2,241.995524504031,-38.5322501579208,0,166.725722286586,1,0,0
3.518,49.981000035542,400,0,166.725722286586,75.2684763395087,0,241.2,0,241.2,241.994198626094,-38.5391015641374,0,166.725722286586,1,0,0
3.519,49.981031702153,400,0,166.725722286586,75.2671526714435,0,241.2,0,241.2,241.992874958029,-38.5459415513423,0,166.725722286586,1,0,0
3.52,49.9810633159863,400,0,166.725722286586,75.2658312095653,0,241.2,0,241.2,241.991553496151,-38.5527701385672,0,166.725722286586,1,0,0
3.521,49.9810948771296,400,0,166.725722286586,75.264511950196,0,241.2,0,241.2,241.990234236782,-38.5595873448121,0,166.725722286586,1,0,0
3.522,49.981126385671,400,0,166.725722286586,75.2631948896634,0,241.2,0,241.2,241.988917176249,-38.5663931890454,0,166.725722286586,1,0,0
3.523,49.981157841698,400,0,166.725722286586,75.2618800243017,0,241.2,0,241.2,241.987602310887,-38.5731876902039,0,166.725722286586,1,0,0
3.524,49.9811892452982,400,0,166.725722286586,75.260567350451,0,241.2,0,241.2,241.986289637037,-38.5799708671926,0,166.725722286586,1,0,0
3.525,49.981220596559,400,0,166.725722286586,75.2592568644578,0,241.2,0,241.2,241.984979151043,-38.5867427388852,0,166.725722286586,1,0,0
3.526,49.9812518955675,400,0,166.725722286586,75.2579485626745,0,241.2,0,241.2,241.98367084926,-38.593503324124,0,166.725722286586,1,0,0
3.527,49.9812831424109,400,0,166.725722286586,75.2566424414596,0,241.2,0,241.2,241.982364728045,-38.6002526417197,0,166.725722286586,1,0,0
3.528,49.9813143371762,400,0,166.725722286586,75.2553384971777,0,241.2,0,241.2,241.981060783763,-38.6069907104518,0,166.725722286586,1,0,0
3.529,49.98134547995,400,0,166.725722286586,75.2540367261995,0,241.2,0,241.2,241.979759012785,-38.6137175490683,0,166.725722286586,1,0,0
3.53,49.9813765708192,400,0,166.725722286586,75.2527371249018,0,241.2,0,241.2,241.978459411487,-38.6204331762863,0,166.725722286586,1,0,0
3.531,49.9814076098701,400,0,166.725722286586,75.2514396896674,0,241.2,0,241.2,241.977161976253,-38.6271376107914,0,166.725722286586,1,0,0
3.532,49.9814385971892,400,0,166.725722286586,75.2501444168851,0,241.2,0,241.2,241.975866703471,-38.6338308712382,0,166.725722286586,1,0,0
3.533,49.9814695328627,400,0,166.725722286586,75.2488513029499,0,241.2,0,241.2,241.974573589536,-38.64051297625,0,166.725722286586,1,0,0
3.534,49.9815004169766,400,0,166.725722286586,75.2475603442627,0,241.2,0,241.2,241.973282630848,-38.6471839444195,0,166.725722286586,1,0,0
3.535,49.9815312496169,400,0,166.725722286586,75.2462715372303,0,241.2,0,241.2,241.971993823816,-38.6538437943079,0,166.725722286586,1,0,0
3.536,49.9815620308694,400,0,166.725722286586,75.2449848782658,0,241.2,0,241.2,241.970707164851,-38.6604925444458,0,166.725722286586,1,0,0
3.537,49.9815927608198,400,0,166.725722286586,75.2437003637881,0,241.2,0,241.2,241.969422650374,-38.6671302133328,0,166.725722286586,1,0,0
3.538,49.9816234395534,400,0,166.725722286586,75.242417990222,0,241.2,0,241.2,241.968140276808,-38.6737568194377,0,166.725722286586,1,0,0
3.539,49.9816540671558,400,0,166.725722286586,75.2411377539985,0,241.2,0,241.2,241.966860040584,-38.6803723811984,0,166.725722286586,1,0,0
3.54,49.9816846437121,400,0,166.725722286586,75.2398596515544,0,241.2,0,241.2,241.96558193814,-38.6869769170223,0,166.725722286586,1,0,0
3.541,49.9817151693073,400,0,166.725722286586,75.2385836793325,0,241.2,0,241.2,241.964305965918,-38.693570445286,0,166.725722286586,1,0,0
3.542,49.9817456440265,400,0,166.725722286586,75.2373098337816,0,241.2,0,241.2,241.963032120367,-38.7001529843354,0,166.725722286586,1,0,0
3.543,49.9817760679545,400,0,166.725722286586,75.2360381113562,0,241.2,0,241.2,241.961760397942,-38.7067245524858,0,166.725722286586,1,0,0
3.544,49.9818064411758,400,0,166.725722286586,75.2347685085171,0,241.2,0,241.2,241.960490795103,-38.7132851680222,0,166.725722286586,1,0,0
3.545,49.981836763775,400,0,166.725722286586,75.2335010217307,0,241.2,0,241.2,241.959223308316,-38.7198348491989,0,166.725722286586,1,0,0
3.546,49.9818670358365,400,0,166.725722286586,75.2322356474694,0,241.2,0,241.2,241.957957934055,-38.7263736142399,0,166.725722286586,1,0,0
3.547,49.9818972574444,400,0,166.725722286586,75.2309723822116,0,241.2,0,241.2,241.956694668797,-38.7329014813388,0,166.725722286586,1,0,0
3.548,49.981927428683,400,0,166.725722286586,75.2297112224413,0,241.2,0,241.2,241.955433509027,-38.7394184686588,0,166.725722286586,1,0,0
3.549,49.9819575496361,400,0,166.725722286586,75.2284521646488,0,241.2,0,241.2,241.954174451234,-38.7459245943329,0,166.725722286586,1,0,0
3.55,49.9819876203875,400,0,166.725722286586,75.2271952053298,0,241.2,0,241.2,241.952917491915,-38.7524198764639,0,166.725722286586,1,0,0
3.551,49.982017641021,400,0,166.725722286586,75.2259403409862,0,241.2,0,241.2,241.951662627572,-38.7589043331244,0,166.725722286586,1,0,0
3.552,49.98204761162,400,0,166.725722286586,75.2246875681256,0,241.2,0,241.2,241.950409854711,-38.7653779823569,0,166.725722286586,1,0,0
3.553,49.982077532268,400,0,166.725722286586,75.2234368832615,0,241.2,0,241.2,241.949159169847,-38.7718408421737,0,166.725722286586,1,0,0
3.554,49.9821074030481,400,0,166.725722286586,75.222188282913,0,241.2,0,241.2,241.947910569499,-38.7782929305572,0,166.725722286586,1,0,0
3.555,49.9821372240436,400,0,166.725722286586,75.2209417636054,0,241.2,0,241.2,241.946664050191,-38.7847342654599,0,166.725722286586,1,0,0
3.556,49.9821669953373,400,0,166.725722286586,75.2196973218693,0,241.2,0,241.2,241.945419608455,-38.7911648648042,0,166.725722286586,1,0,0
3.557,49.9821967170122,400,0,166.725722286586,75.2184549542417,0,241.2,0,241.2,241.944177240827,-38.7975847464828,0,166.725722286586,1,0,0
3.558,49.9822263891509,400,0,166.725722286586,75.2172146572648,0,241.2,0,241.2,241.94293694385,-38.8039939283584,0,166.725722286586,1,0,0
3.559,49.982256011836,400,0,166.725722286586,75.215976427487,0,241.2,0,241.2,241.941698714073,-38.810392428264,0,166.725722286586,1,0,0
3.56,49.9822855851499,400,0,166.725722286586,75.2147402614622,0,241.2,0,241.2,241.940462548048,-38.8167802640031,0,166.725722286586,1,0,0
3.561,49.9823151091748,400,0,166.725722286586,75.2135061557502,0,241.2,0,241.2,241.939228442336,-38.8231574533491,0,166.725722286586,1,0,0
3.562,49.9823445839931,400,0,166.725722286586,75.2122741069164,0,241.2,0,241.2,241.937996393502,-38.8295240140462,0,166.725722286586,1,0,0
3.563,49.9823740096866,400,0,166.725722286586,75.2110441115321,0,241.2,0,241.2,241.936766398118,-38.8358799638087,0,166.725722286586,1,0,0
3.564,49.9824033863372,400,0,166.725722286586,75.2098161661743,0,241.2,0,241.2,241.93553845276,-38.8422253203215,0,166.725722286586,1,0,0
3.565,49.9824327140267,400,0,166.725722286586,75.2085902674256,0,241.2,0,241.2,241.934312554011,-38.8485601012401,0,166.725722286586,1,0,0
3.566,49.9824619928366,400,0,166.725722286586,75.2073664118745,0,241.2,0,241.2,241.93308869846,-38.8548843241905,0,166.725722286586,1,0,0
3.567,49.9824912228485,400,0,166.725722286586,75.2061445961149,0,241.2,0,241.2,241.9318668827,-38.8611980067693,0,166.725722286586,1,0,0
3.568,49.9825204041437,400,0,166.725722286586,75.2049248167466,0,241.2,0,241.2,241.930647103332,-38.8675011665439,0,166.725722286586,1,0,0
3.569,49.9825495368034,400,0,166.725722286586,75.203707070375,0,241.2,0,241.2,241.929429356961,-38.8737938210521,0,166.725722286586,1,0,0
3.57,49.9825786209085,400,0,166.725722286586,75.2024913536113,0,241.2,0,241.2,241.928213640197,-38.8800759878029,0,166.725722286586,1,0,0
3.571,49.9826076565402,400,0,166.725722286586,75.2012776630722,0,241.2,0,241.2,241.926999949658,-38.8863476842758,0,166.725722286586,1,0,0
3.572,49.9826366437791,400,0,166.725722286586,75.2000659953801,0,241.2,0,241.2,241.925788281966,-38.8926089279214,0,166.725722286586,1,0,0
3.573,49.9826655827058,400,0,166.725722286586,75.198856347163,0,241.2,0,241.2,241.924578633749,-38.8988597361609,0,166.725722286586,1,0,0
3.574,49.982694473401,400,0,166.725722286586,75.1976487150547,0,241.2,0,241.2,241.92337100164,-38.9051001263868,0,166.725722286586,1,0,0
3.575,49.982723315945,400,0,166.725722286586,75.1964430956943,0,241.2,0,241.2,241.92216538228,-38.9113301159624,0,166.725722286586,1,0,0
3.576,49.9827521104181,400,0,166.725722286586,75.1952394857269,0,241.2,0,241.2,241.920961772312,-38.9175497222222,0,166.725722286586,1,0,0
3.577,49.9827808569003,400,0,166.725722286586,75.1940378818028,0,241.2,0,241.2,241.919760168388,-38.9237589624717,0,166.725722286586,1,0,0
3.578,49.9828095554718,400,0,166.725722286586,75.1928382805782,0,241.2,0,241.2,241.918560567164,-38.9299578539876,0,166.725722286586,1,0,0
3.579,49.9828382062122,400,0,166.725722286586,75.1916406787148,0,241.2,0,241.2,241.9173629653,-38.9361464140178,0,166.725722286586,1,0,0
3.58,49.9828668092013,400,0,166.725722286586,75.1904450728799,0,241.2,0,241.2,241.916167359465,-38.9423246597814,0,166.725722286586,1,0,0
3.581,49.9828953645188,400,0,166.725722286586,75.1892514597461,0,241.2,0,241.2,241.914973746332,-38.9484926084689,0,166.725722286586,1,0,0
3.582,49.9829238722441,400,0,166.725722286586,75.188059835992,0,241.2,0,241.2,241.913782122578,-38.9546502772421,0,166.725722286586,1,0,0
3.583,49.9829523324564,400,0,166.725722286586,75.1868701983013,0,241.2,0,241.2,241.912592484887,-38.9607976832343,0,166.725722286586,1,0,0
3.584,49.9829807452351,400,0,166.725722286586,75.1856825433635,0,241.2,0,241.2,241.911404829949,-38.9669348435499,0,166.725722286586,1,0,0
3.585,49.9830091106591,400,0,166.725722286586,75.1844968678736,0,241.2,0,241.2,241.910219154459,-38.9730617752653,0,166.725722286586,1,0,0
3.586,49.9830374288073,400,0,166.725722286586,75.1833131685321,0,241.2,0,241.2,241.909035455118,-38.979178495428,0,166.725722286586,1,0,0
3.587,49.9830656997587,400,0,166.725722286586,75.1821314420448,0,241.2,0,241.2,241.90785372863,-38.9852850210574,0,166.725722286586,1,0,0
3.588,49.9830939235917,400,0,166.725722286586,75.1809516851234,0,241.2,0,241.2,241.906673971709,-38.9913813691443,0,166.725722286586,1,0,0
3.589,49.983122100385,400,0,166.725722286586,75.1797738944848,0,241.2,0,241.2,241.90549618107,-38.9974675566513,0,166.725722286586,1,0,0
3.59,49.983150230217,400,0,166.725722286586,75.1785980668514,0,241.2,0,241.2,241.904320353437,-39.0035436005127,0,166.725722286586,1,0,0
3.591,49.9831783131658,400,0,166.725722286586,75.1774241989512,0,241.2,0,241.2,241.903146485537,-39.0096095176345,0,166.725722286586,1,0,0
3.592,49.9832063493098,400,0,166.725722286586,75.1762522875176,0,241.2,0,241.2,241.901974574103,-39.0156653248948,0,166.725722286586,1,0,0
3.593,49.9832343387268,400,0,166.725722286586,75.1750823292893,0,241.2,0,241.2,241.900804615875,-39.0217110391433,0,166.725722286586,1,0,0
3.594,49.9832622814948,400,0,166.725722286586,75.1739143210106,0,241.2,0,241.2,241.899636607596,-39.0277466772017,0,166.725722286586,1,0,0
3.595,49.9832901776915,400,0,166.725722286586,75.1727482594312,0,241.2,0,241.2,241.898470546017,-39.0337722558635,0,166.725722286586,1,0,0
3.596,49.9833180273945,400,0,166.725722286586,75.1715841413063,0,241.2,0,241.2,241.897306427892,-39.0397877918946,0,166.725722286586,1,0,0
3.597,49.9833458306813,400,0,166.725722286586,75.1704219633964,0,241.2,0,241.2,241.896144249982,-39.0457933020326,0,166.725722286586,1,0,0
3.598,49.9833735876292,400,0,166.725722286586,75.1692617224675,0,241.2,0,241.2,241.894984009053,-39.0517888029874,0,166.725722286586,1,0,0
3.599,49.9834012983156,400,0,166.725722286586,75.1681034152908,0,241.2,0,241.2,241.893825701876,-39.0577743114408,0,166.725722286586,1,0,0
3.6,49.9834289628175,400,0,166.725722286586,75.1669470386431,0,241.2,0,241.2,241.892669325229,-39.0637498440472,0,166.725722286586,1,0,0
3.601,49.9834565812119,400,0,166.725722286586,75.1657925893065,0,241.2,0,241.2,241.891514875892,-39.0697154174329,0,166.725722286586,1,0,0
3.602,49.9834841535756,400,0,166.725722286586,75.1646400640685,0,241.2,0,241.2,241.890362350654,-39.0756710481966,0,166.725722286586,1,0,0
3.603,49.9835116799853,400,0,166.725722286586,75.163489459722,0,241.2,0,241.2,241.889211746308,-39.0816167529094,0,166.725722286586,1,0,0
3.604,49.9835391605177,400,0,166.725722286586,75.1623407730651,0,241.2,0,241.2,241.888063059651,-39.0875525481147,0,166.725722286586,1,0,0
3.605,49.9835665952492,400,0,166.725722286586,75.1611940009013,0,241.2,0,241.2,241.886916287487,-39.0934784503283,0,166.725722286586,1,0,0
3.606,49.9835939842561,400,0,166.725722286586,75.1600491400395,0,241.2,0,241.2,241.885771426625,-39.0993944760386,0,166.725722286586,1,0,0
3.607,49.9836213276147,400,0,166.725722286586,75.1589061872938,0,241.2,0,241.2,241.884628473879,-39.1053006417064,0,166.725722286586,1,0,0
3.608,49.983648625401,400,0,166.725722286586,75.1577651394839,0,241.2,0,241.2,241.88348742607,-39.1111969637651,0,166.725722286586,1,0,0
3.609,49.9836758776909,400,0,166.725722286586,75.1566259934345,0,241.2,0,241.2,241.88234828002,-39.1170834586208,0,166.725722286586,1,0,0
3.61,49.9837030845604,400,0,166.725722286586,75.1554887459757,0,241.2,0,241.2,241.881211032561,-39.1229601426521,0,166.725722286586,1,0,0
3.611,49.9837302460851,400,0,166.725722286586,75.1543533939428,0,241.2,0,241.2,241.880075680528,-39.1288270322103,0,166.725722286586,1,0,0
3.612,49.9837573623405,400,0,166.725722286586,75.1532199341766,0,241.2,0,241.2,241.878942220762,-39.1346841436197,0,166.725722286586,1,0,0
3.613,49.9837844334022,400,0,166.725722286586,75.1520883635231,0,241.2,0,241.2,241.877810650109,-39.1405314931771,0,166.725722286586,1,0,0
3.614,49.9838114593455,400,0,166.725722286586,75.1509586788333,0,241.2,0,241.2,241.876680965419,-39.1463690971523,0,166.725722286586,1,0,0
3.615,49.9838384402455,400,0,166.725722286586,75.1498308769637,0,241.2,0,241.2,241.875553163549,-39.152196971788,0,166.725722286586,1,0,0
3.616,49.9838653761773,400,0,166.725722286586,75.1487049547761,0,241.2,0,241.2,241.874427241362,-39.1580151332996,0,166.725722286586,1,0,0
3.617,49.9838922672159,400,0,166.725722286586,75.1475809091374,0,241.2,0,241.2,241.873303195723,-39.1638235978758,0,166.725722286586,1,0,0
3.618,49.9839191134361,400,0,166.725722286586,75.1464587369198,0,241.2,0,241.2,241.872181023505,-39.1696223816781,0,166.725722286586,1,0,0
3.619,49.9839459149126,400,0,166.725722286586,75.1453384350006,0,241.2,0,241.2,241.871060721586,-39.1754115008411,0,166.725722286586,1,0,0
3.62,49.9839726717199,400,0,166.725722286586,75.1442200002624,0,241.2,0,241.2,241.869942286848,-39.1811909714726,0,166.725722286586,1,0,0
3.621,49.9839993839326,400,0,166.725722286586,75.143103429593,0,241.2,0,241.2,241.868825716179,-39.1869608096534,0,166.725722286586,1,0,0
3.622,49.9840260516249,400,0,166.725722286586,75.1419887198853,0,241.2,0,241.2,241.867711006471,-39.1927210314377,0,166.725722286586,1,0,0
3.623,49.984052674871,400,0,166.725722286586,75.1408758680376,0,241.2,0,241.2,241.866598154623,-39.1984716528527,0,166.725722286586,1,0,0
3.624,49.9840792537451,400,0,166.725722286586,75.1397648709532,0,241.2,0,241.2,241.865487157539,-39.2042126898992,0,166.725722286586,1,0,0
3.625,49.984105788321,400,0,166.725722286586,75.1386557255406,0,241.2,0,241.2,241.864378012126,-39.2099441585509,0,166.725722286586,1,0,0
3.626,49.9841322786727,400,0,166.725722286586,75.1375484287133,0,241.2,0,241.2,241.863270715299,-39.2156660747554,0,166.725722286586,1,0,0
3.627,49.9841587248737,400,0,166.725722286586,75.1364429773904,0,241.2,0,241.2,241.862165263976,-39.2213784544332,0,166.725722286586,1,0,0
3.628,49.9841851269977,400,0,166.725722286586,75.1353393684956,0,241.2,0,241.2,241.861061655081,-39.2270813134787,0,166.725722286586,1,0,0
3.629,49.9842114851182,400,0,166.725722286586,75.134237598958,0,241.2,0,241.2,241.859959885544,-39.2327746677595,0,166.725722286586,1,0,0
3.63,49.9842377993085,400,0,166.725722286586,75.1331376657119,0,241.2,0,241.2,241.858859952297,-39.2384585331169,0,166.725722286586,1,0,0
3.631,49.9842640696418,400,0,166.725722286586,75.1320395656965,0,241.2,0,241.2,241.857761852282,-39.2441329253658,0,166.725722286586,1,0,0
3.632,49.9842902961913,400,0,166.725722286586,75.1309432958563,0,241.2,0,241.2,241.856665582442,-39.2497978602948,0,166.725722286586,1,0,0
3.633,49.9843164790298,400,0,166.725722286586,75.1298488531408,0,241.2,0,241.2,241.855571139726,-39.2554533536659,0,166.725722286586,1,0,0
3.634,49.9843426182302,400,0,166.725722286586,75.1287562345045,0,241.2,0,241.2,241.85447852109,-39.2610994212152,0,166.725722286586,1,0,0
3.635,49.9843687138653,400,0,166.725722286586,75.1276654369073,0,241.2,0,241.2,241.853387723493,-39.2667360786524,0,166.725722286586,1,0,0
3.636,49.9843947660076,400,0,166.725722286586,75.1265764573137,0,241.2,0,241.2,241.852298743899,-39.2723633416608,0,166.725722286586,1,0,0
3.637,49.9844207747298,400,0,166.725722286586,75.1254892926937,0,241.2,0,241.2,241.851211579279,-39.2779812258981,0,166.725722286586,1,0,0
3.638,49.984446740104,400,0,166.725722286586,75.124403940022,0,241.2,0,241.2,241.850126226608,-39.2835897469954,0,166.725722286586,1,0,0
3.639,49.9844726622027,400,0,166.725722286586,75.1233203962786,0,241.2,0,241.2,241.849042682864,-39.2891889205579,0,166.725722286586,1,0,0
3.64,49.9844985410978,400,0,166.725722286586,75.1222386584484,0,241.2,0,241.2,241.847960945034,-39.294778762165,0,166.725722286586,1,0,0
3.641,49.9845243768615,400,0,166.725722286586,75.1211587235215,0,241.2,0,241.2,241.846881010107,-39.3003592873698,0,166.725722286586,1,0,0
3.642,49.9845501695655,400,0,166.725722286586,75.1200805884927,0,241.2,0,241.2,241.845802875078,-39.3059305116996,0,166.725722286586,1,0,0
3.643,49.9845759192817,400,0,166.725722286586,75.1190042503621,0,241.2,0,241.2,241.844726536948,-39.3114924506561,0,166.725722286586,1,0,0
3.644,49.9846016260817,400,0,166.725722286586,75.1179297061347,0,241.2,0,241.2,241.84365199272,-39.3170451197146,0,166.725722286586,1,0,0
3.645,49.984627290037,400,0,166.725722286586,75.1168569528205,0,241.2,0,241.2,241.842579239406,-39.3225885343252,0,166.725722286586,1,0,0
3.646,49.9846529112191,400,0,166.725722286586,75.1157859874345,0,241.2,0,241.2,241.84150827402,-39.3281227099119,0,166.725722286586,1,0,0
3.647,49.9846784896992,400,0,166.725722286586,75.1147168069966,0,241.2,0,241.2,241.840439093582,-39.333647661873,0,166.725722286586,1,0,0
3.648,49.9847040255485,400,0,166.725722286586,75.1136494085318,0,241.2,0,241.2,241.839371695117,-39.3391634055813,0,166.725722286586,1,0,0
3.649,49.9847295188381,400,0,166.725722286586,75.11258378907,0,241.2,0,241.2,241.838306075656,-39.3446699563838,0,166.725722286586,1,0,0
3.65,49.9847549696388,400,0,166.725722286586,75.1115199456461,0,241.2,0,241.2,241.837242232232,-39.3501673296021,0,166.725722286586,1,0,0
3.651,49.9847803780216,400,0,166.725722286586,75.1104578752998,0,241.2,0,241.2,241.836180161885,-39.3556555405321,0,166.725722286586,1,0,0
3.652,49.984805744057,400,0,166.725722286586,75.1093975750759,0,241.2,0,241.2,241.835119861661,-39.3611346044444,0,166.725722286586,1,0,0
3.653,49.9848310678158,400,0,166.725722286586,75.108339042024,0,241.2,0,241.2,241.83406132861,-39.3666045365838,0,166.725722286586,1,0,0
3.654,49.9848563493682,400,0,166.725722286586,75.1072822731987,0,241.2,0,241.2,241.833004559784,-39.3720653521702,0,166.725722286586,1,0,0
3.655,49.9848815887848,400,0,166.725722286586,75.1062272656595,0,241.2,0,241.2,241.831949552245,-39.3775170663976,0,166.725722286586,1,0,0
3.656,49.9849067861356,400,0,166.725722286586,75.1051740164708,0,241.2,0,241.2,241.830896303056,-39.3829596944351,0,166.725722286586,1,0,0
3.657,49.9849319414909,400,0,166.725722286586,75.1041225227019,0,241.2,0,241.2,241.829844809288,-39.3883932514263,0,166.725722286586,1,0,0
3.658,49.9849570549206,400,0,166.725722286586,75.1030727814269,0,241.2,0,241.2,241.828795068013,-39.3938177524895,0,166.725722286586,1,0,0
3.659,49.9849821264945,400,0,166.725722286586,75.102024789725,0,241.2,0,241.2,241.827747076311,-39.3992332127181,0,166.725722286586,1,0,0
3.66,49.9850071562825,400,0,166.725722286586,75.1009785446799,0,241.2,0,241.2,241.826700831266,-39.4046396471801,0,166.725722286586,1,0,0
3.661,49.9850321443542,400,0,166.725722286586,75.0999340433806,0,241.2,0,241.2,241.825656329966,-39.4100370709184,0,166.725722286586,1,0,0
3.662,49.9850570907792,400,0,166.725722286586,75.0988912829206,0,241.2,0,241.2,241.824613569506,-39.4154254989509,0,166.725722286586,1,0,0
3.663,49.9850819956267,400,0,166.725722286586,75.0978502603985,0,241.2,0,241.2,241.823572546984,-39.4208049462704,0,166.725722286586,1,0,0
3.664,49.9851068589662,400,0,166.725722286586,75.0968109729176,0,241.2,0,241.2,241.822533259503,-39.4261754278447,0,166.725722286586,1,0,0
3.665,49.9851316808667,400,0,166.725722286586,75.0957734175861,0,241.2,0,241.2,241.821495704172,-39.4315369586169,0,166.725722286586,1,0,0
3.666,49.9851564613975,400,0,166.725722286586,75.0947375915168,0,241.2,0,241.2,241.820459878102,-39.4368895535049,0,166.725722286586,1,0,0
3.667,49.9851812006274,400,0,166.725722286586,75.0937034918277,0,241.2,0,241.2,241.819425778413,-39.4422332274018,0,166.725722286586,1,0,0
3.668,49.9852058986252,400,0,166.725722286586,75.0926711156412,0,241.2,0,241.2,241.818393402227,-39.447567995176,0,166.725722286586,1,0,0
3.669,49.9852305554597,400,0,166.725722286586,75.0916404600849,0,241.2,0,241.2,241.81736274667,-39.4528938716709,0,166.725722286586,1,0,0
3.67,49.9852551711994,400,0,166.725722286586,75.0906115222908,0,241.2,0,241.2,241.816333808876,-39.4582108717054,0,166.725722286586,1,0,0
3.671,49.985279745913,400,0,166.725722286586,75.089584299396,0,241.2,0,241.2,241.815306585982,-39.4635190100736,0,166.725722286586,1,0,0
3.672,49.9853042796687,400,0,166.725722286586,75.0885587885422,0,241.2,0,241.2,241.814281075128,-39.468818301545,0,166.725722286586,1,0,0
3.673,49.9853287725348,400,0,166.725722286586,75.0875349868759,0,241.2,0,241.2,241.813257273461,-39.4741087608642,0,166.725722286586,1,0,0
3.674,49.9853532245794,400,0,166.725722286586,75.0865128915483,0,241.2,0,241.2,241.812235178134,-39.4793904027517,0,166.725722286586,1,0,0
3.675,49.9853776358707,400,0,166.725722286586,75.0854924997155,0,241.2,0,241.2,241.811214786301,-39.4846632419031,0,166.725722286586,1,0,0
3.676,49.9854020064765,400,0,166.725722286586,75.0844738085382,0,241.2,0,241.2,241.810196095124,-39.4899272929897,0,166.725722286586,1,0,0
3.677,49.9854263364646,400,0,166.725722286586,75.0834568151819,0,241.2,0,241.2,241.809179101768,-39.4951825706582,0,166.725722286586,1,0,0
3.678,49.9854506259027,400,0,166.725722286586,75.0824415168169,0,241.2,0,241.2,241.808163803403,-39.5004290895309,0,166.725722286586,1,0,0
3.679,49.9854748748584,400,0,166.725722286586,75.0814279106181,0,241.2,0,241.2,241.807150197204,-39.5056668642059,0,166.725722286586,1,0,0
3.68,49.9854990833993,400,0,166.725722286586,75.080415993765,0,241.2,0,241.2,241.806138280351,-39.5108959092569,0,166.725722286586,1,0,0
3.681,49.9855232515925,400,0,166.725722286586,75.0794057634421,0,241.2,0,241.2,241.805128050028,-39.5161162392332,0,166.725722286586,1,0,0
3.682,49.9855473795054,400,0,166.725722286586,75.0783972168384,0,241.2,0,241.2,241.804119503424,-39.5213278686599,0,166.725722286586,1,0,0
3.683,49.9855714672052,400,0,166.725722286586,75.0773903511476,0,241.2,0,241.2,241.803112637733,-39.5265308120379,0,166.725722286586,1,0,0
3.684,49.9855955147588,400,0,166.725722286586,75.0763851635681,0,241.2,0,241.2,241.802107450154,-39.531725083844,0,166.725722286586,1,0,0
3.685,49.9856195222331,400,0,166.725722286586,75.075381651303,0,241.2,0,241.2,241.801103937889,-39.5369106985309,0,166.725722286586,1,0,0
3.686,49.985643489695,400,0,166.725722286586,75.0743798115601,0,241.2,0,241.2,241.800102098146,-39.542087670527,0,166.725722286586,1,0,0
3.687,49.9856674172112,400,0,166.725722286586,75.0733796415516,0,241.2,0,241.2,241.799101928137,-39.5472560142367,0,166.725722286586,1,0,0
3.688,49.9856913048481,400,0,166.725722286586,75.0723811384947,0,241.2,0,241.2,241.79810342508,-39.5524157440407,0,166.725722286586,1,0,0
3.689,49.9857151526723,400,0,166.725722286586,75.0713842996111,0,241.2,0,241.2,241.797106586197,-39.5575668742954,0,166.725722286586,1,0,0
3.69,49.9857389607502,400,0,166.725722286586,75.0703891221271,0,241.2,0,241.2,241.796111408713,-39.5627094193334,0,166.725722286586,1,0,0
3.691,49.9857627291479,400,0,166.725722286586,75.0693956032735,0,241.2,0,241.2,241.795117889859,-39.5678433934633,0,166.725722286586,1,0,0
3.692,49.9857864579316,400,0,166.725722286586,75.068403740286,0,241.2,0,241.2,241.794126026872,-39.5729688109701,0,166.725722286586,1,0,0
3.693,49.9858101471674,400,0,166.725722286586,75.0674135304047,0,241.2,0,241.2,241.79313581699,-39.5780856861147,0,166.725722286586,1,0,0
3.694,49.9858337969211,400,0,166.725722286586,75.0664249708744,0,241.2,0,241.2,241.79214725746,-39.5831940331344,0,166.725722286586,1,0,0
3.695,49.9858574072585,400,0,166.725722286586,75.0654380589444,0,241.2,0,241.2,241.79116034553,-39.5882938662428,0,166.725722286586,1,0,0
3.696,49.9858809782455,400,0,166.725722286586,75.0644527918687,0,241.2,0,241.2,241.790175078454,-39.5933851996298,0,166.725722286586,1,0,0
3.697,49.9859045099474,400,0,166.725722286586,75.0634691669057,0,241.2,0,241.2,241.789191453491,-39.5984680474614,0,166.725722286586,1,0,0
3.698,49.9859280024298,400,0,166.725722286586,75.0624871813187,0,241.2,0,241.2,241.788209467904,-39.6035424238804,0,166.725722286586,1,0,0
3.699,49.9859514557581,400,0,166.725722286586,75.0615068323753,0,241.2,0,241.2,241.787229118961,-39.6086083430056,0,166.725722286586,1,0,0
3.7,49.9859748699975,400,0,166.725722286586,75.0605281173475,0,241.2,0,241.2,241.786250403933,-39.6136658189327,0,166.725722286586,1,0,0
3.701,49.9859982452132,400,0,166.725722286586,75.0595510335123,0,241.2,0,241.2,241.785273320098,-39.6187148657336,0,166.725722286586,1,0,0
3.702,49.9860215814703,400,0,166.725722286586,75.0585755781509,0,241.2,0,241.2,241.784297864737,-39.6237554974568,0,166.725722286586,1,0,0
3.703,49.9860448788335,400,0,166.725722286586,75.0576017485491,0,241.2,0,241.2,241.783324035135,-39.6287877281275,0,166.725722286586,1,0,0
3.704,49.9860681373678,400,0,166.725722286586,75.0566295419973,0,241.2,0,241.2,241.782351828583,-39.6338115717475,0,166.725722286586,1,0,0
3.705,49.986091357138,400,0,166.725722286586,75.0556589557903,0,241.2,0,241.2,241.781381242376,-39.638827042295,0,166.725722286586,1,0,0
3.706,49.9861145382084,400,0,166.725722286586,75.0546899872276,0,241.2,0,241.2,241.780412273813,-39.6438341537254,0,166.725722286586,1,0,0
3.707,49.9861376806438,400,0,166.725722286586,75.053722633613,0,241.2,0,241.2,241.779444920199,-39.6488329199703,0,166.725722286586,1,0,0
3.708,49.9861607845085,400,0,166.725722286586,75.0527568922549,0,241.2,0,241.2,241.77847917884,-39.6538233549385,0,166.725722286586,1,0,0
3.709,49.9861838498667,400,0,166.725722286586,75.0517927604661,0,241.2,0,241.2,241.777515047052,-39.6588054725155,0,166.725722286586,1,0,0
3.71,49.9862068767827,400,0,166.725722286586,75.0508302355641,0,241.2,0,241.2,241.77655252215,-39.6637792865635,0,166.725722286586,1,0,0
3.711,49.9862298653205,400,0,166.725722286586,75.0498693148706,0,241.2,0,241.2,241.775591601456,-39.6687448109217,0,166.725722286586,1,0,0
3.712,49.986252815544,400,0,166.725722286586,75.0489099957118,0,241.2,0,241.2,241.774632282297,-39.6737020594063,0,166.725722286586,1,0,0
3.713,49.9862757275172,400,0,166.725722286586,75.0479522754186,0,241.2,0,241.2,241.773674562004,-39.6786510458105,0,166.725722286586,1,0,0
3.714,49.9862986013038,400,0,166.725722286586,75.0469961513261,0,241.2,0,241.2,241.772718437912,-39.6835917839043,0,166.725722286586,1,0,0
3.715,49.9863214369674,400,0,166.725722286586,75.0460416207739,0,241.2,0,241.2,241.77176390736,-39.6885242874349,0,166.725722286586,1,0,0
3.716,49.9863442345716,400,0,166.725722286586,75.0450886811062,0,241.2,0,241.2,241.770810967692,-39.6934485701266,0,166.725722286586,1,0,0
3.717,49.9863669941798,400,0,166.725722286586,75.0441373296713,0,241.2,0,241.2,241.769859616257,-39.6983646456809,0,166.725722286586,1,0,0
3.718,49.9863897158553,400,0,166.725722286586,75.0431875638223,0,241.2,0,241.2,241.768909850408,-39.7032725277762,0,166.725722286586,1,0,0
3.719,49.9864123996613,400,0,166.725722286586,75.0422393809164,0,241.2,0,241.2,241.767961667502,-39.7081722300683,0,166.725722286586,1,0,0
3.72,49.986435045661,400,0,166.725722286586,75.0412927783153,0,241.2,0,241.2,241.767015064901,-39.7130637661902,0,166.725722286586,1,0,0
3.721,49.9864576539174,400,0,166.725722286586,75.0403477533852,0,241.2,0,241.2,241.766070039971,-39.7179471497522,0,166.725722286586,1,0,0
3.722,49.9864802244933,400,0,166.725722286586,75.0394043034967,0,241.2,0,241.2,241.765126590082,-39.7228223943419,0,166.725722286586,1,0,0
3.723,49.9865027574517,400,0,166.725722286586,75.0384624260245,0,241.2,0,241.2,241.76418471261,-39.7276895135244,0,166.725722286586,1,0,0
3.724,49.9865252528551,400,0,166.725722286586,75.0375221183481,0,241.2,0,241.2,241.763244404934,-39.7325485208417,0,166.725722286586,1,0,0
3.725,49.9865477107662,400,0,166.725722286586,75.0365833778509,0,241.2,0,241.2,241.762305664437,-39.7373994298139,0,166.725722286586,1,0,0
3.726,49.9865701312474,400,0,166.725722286586,75.0356462019212,0,241.2,0,241.2,241.761368488507,-39.7422422539381,0,166.725722286586,1,0,0
3.727,49.9865925143612,400,0,166.725722286586,75.0347105879511,0,241.2,0,241.2,241.760432874537,-39.747077006689,0,166.725722286586,1,0,0
3.728,49.9866148601698,400,0,166.725722286586,75.0337765333374,0,241.2,0,241.2,241.759498819923,-39.751903701519,0,166.725722286586,1,0,0
3.729,49.9866371687354,400,0,166.725722286586,75.0328440354811,0,241.2,0,241.2,241.758566322067,-39.7567223518579,0,166.725722286586,1,0,0
3.73,49.98665944012,400,0,166.725722286586,75.0319130917877,0,241.2,0,241.2,241.757635378373,-39.7615329711131,0,166.725722286586,1,0,0
3.731,49.9866816743857,400,0,166.725722286586,75.0309836996668,0,241.2,0,241.2,241.756705986252,-39.7663355726699,0,166.725722286586,1,0,0
3.732,49.9867038715943,400,0,166.725722286586,75.0300558565325,0,241.2,0,241.2,241.755778143118,-39.7711301698911,0,166.725722286586,1,0,0
3.733,49.9867260318075,400,0,166.725722286586,75.029129559803,0,241.2,0,241.2,241.754851846389,-39.7759167761171,0,166.725722286586,1,0,0
3.734,49.986748155087,400,0,166.725722286586,75.0282048069011,0,241.2,0,241.2,241.753927093487,-39.7806954046665,0,166.725722286586,1,0,0
3.735,49.9867702414944,400,0,166.725722286586,75.0272815952537,0,241.2,0,241.2,241.753003881839,-39.7854660688351,0,166.725722286586,1,0,0
3.736,49.9867922910912,400,0,166.725722286586,75.0263599222919,0,241.2,0,241.2,241.752082208878,-39.7902287818971,0,166.725722286586,1,0,0
3.737,49.9868143039386,400,0,166.725722286586,75.0254397854514,0,241.2,0,241.2,241.751162072037,-39.7949835571043,0,166.725722286586,1,0,0
3.738,49.986836280098,400,0,166.725722286586,75.0245211821718,0,241.2,0,241.2,241.750243468757,-39.7997304076864,0,166.725722286586,1,0,0
3.739,49.9868582196304,400,0,166.725722286586,75.0236041098972,0,241.2,0,241.2,241.749326396483,-39.8044693468511,0,166.725722286586,1,0,0
3.74,49.9868801225969,400,0,166.725722286586,75.0226885660759,0,241.2,0,241.2,241.748410852662,-39.8092003877842,0,166.725722286586,1,0,0
3.741,49.9869019890585,400,0,166.725722286586,75.0217745481605,0,241.2,0,241.2,241.747496834746,-39.8139235436493,0,166.725722286586,1,0,0
3.742,49.9869238190761,400,0,166.725722286586,75.0208620536078,0,241.2,0,241.2,241.746584340193,-39.8186388275882,0,166.725722286586,1,0,0
3.743,49.9869456127102,400,0,166.725722286586,75.0199510798788,0,241.2,0,241.2,241.745673366464,-39.8233462527208,0,166.725722286586,1,0,0
3.744,49.9869673700216,400,0,166.725722286586,75.0190416244388,0,241.2,0,241.2,241.744763911024,-39.8280458321452,0,166.725722286586,1,0,0
3.745,49.9869890910709,400,0,166.725722286586,75.0181336847573,0,241.2,0,241.2,241.743855971343,-39.8327375789374,0,166.725722286586,1,0,0
3.746,49.9870107759184,400,0,166.725722286586,75.017227258308,0,241.2,0,241.2,241.742949544894,-39.8374215061518,0,166.725722286586,1,0,0
3.747,49.9870324246245,400,0,166.725722286586,75.0163223425688,0,241.2,0,241.2,241.742044629154,-39.8420976268212,0,166.725722286586,1,0,0
3.748,49.9870540372494,400,0,166.725722286586,75.015418935022,0,241.2,0,241.2,241.741141221608,-39.8467659539564,0,166.725722286586,1,0,0
3.749,49.9870756138533,400,0,166.725722286586,75.0145170331538,0,241.2,0,241.2,241.740239319739,-39.8514265005466,0,166.725722286586,1,0,0
3.75,49.9870971544962,400,0,166.725722286586,75.0136166344547,0,241.2,0,241.2,241.73933892104,-39.8560792795594,0,166.725722286586,1,0,0
3.751,49.9871186592381,400,0,166.725722286586,75.0127177364195,0,241.2,0,241.2,241.738440023005,-39.8607243039408,0,166.725722286586,1,0,0
3.752,49.9871401281387,400,0,166.725722286586,75.011820336547,0,241.2,0,241.2,241.737542623133,-39.865361586615,0,166.725722286586,1,0,0
3.753,49.9871615612578,400,0,166.725722286586,75.0109244323403,0,241.2,0,241.2,241.736646718926,-39.8699911404851,0,166.725722286586,1,0,0
3.754,49.987182958655,400,0,166.725722286586,75.0100300213066,0,241.2,0,241.2,241.735752307892,-39.8746129784323,0,166.725722286586,1,0,0
3.755,49.9872043203899,400,0,166.725722286586,75.0091371009572,0,241.2,0,241.2,241.734859387543,-39.8792271133165,0,166.725722286586,1,0,0
3.756,49.987225646522,400,0,166.725722286586,75.0082456688078,0,241.2,0,241.2,241.733967955393,-39.8838335579761,0,166.725722286586,1,0,0
3.757,49.9872469371105,400,0,166.725722286586,75.0073557223778,0,241.2,0,241.2,241.733078008963,-39.8884323252282,0,166.725722286586,1,0,0
3.758,49.9872681922146,400,0,166.725722286586,75.0064672591912,0,241.2,0,241.2,241.732189545777,-39.8930234278685,0,166.725722286586,1,0,0
3.759,49.9872894118936,400,0,166.725722286586,75.0055802767758,0,241.2,0,241.2,241.731302563361,-39.8976068786712,0,166.725722286586,1,0,0
3.76,49.9873105962065,400,0,166.725722286586,75.0046947726637,0,241.2,0,241.2,241.730417059249,-39.9021826903895,0,166.725722286586,1,0,0
3.761,49.9873317452122,400,0,166.725722286586,75.003810744391,0,241.2,0,241.2,241.729533030977,-39.9067508757551,0,166.725722286586,1,0,0
3.762,49.9873528589696,400,0,166.725722286586,75.002928189498,0,241.2,0,241.2,241.728650476084,-39.9113114474787,0,166.725722286586,1,0,0
3.763,49.9873739375374,400,0,166.725722286586,75.002047105529,0,241.2,0,241.2,241.727769392115,-39.9158644182497,0,166.725722286586,1,0,0
3.764,49.9873949809742,400,0,166.725722286586,75.0011674900325,0,241.2,0,241.2,241.726889776618,-39.9204098007362,0,166.725722286586,1,0,0
3.765,49.9874159893387,400,0,166.725722286586,75.0002893405611,0,241.2,0,241.2,241.726011627147,-39.9249476075855,0,166.725722286586,1,0,0
3.766,49.9874369626892,400,0,166.725722286586,74.9994126546713,0,241.2,0,241.2,241.725134941257,-39.9294778514236,0,166.725722286586,1,0,0
3.767,49.9874579010841,400,0,166.725722286586,74.9985374299238,0,241.2,0,241.2,241.724259716509,-39.9340005448555,0,166.725722286586,1,0,0
3.768,49.9874788045817,400,0,166.725722286586,74.9976636638835,0,241.2,0,241.2,241.723385950469,-39.9385157004652,0,166.725722286586,1,0,0
3.769,49.9874996732401,400,0,166.725722286586,74.9967913541191,0,241.2,0,241.2,241.722513640705,-39.9430233308158,0,166.725722286586,1,0,0
3.77,49.9875205071175,400,0,166.725722286586,74.9959204982034,0,241.2,0,241.2,241.721642784789,-39.9475234484494,0,166.725722286586,1,0,0
3.771,49.9875413062717,400,0,166.725722286586,74.9950510937135,0,241.2,0,241.2,241.720773380299,-39.9520160658871,0,166.725722286586,1,0,0
3.772,49.9875620707607,400,0,166.725722286586,74.9941831382302,0,241.2,0,241.2,241.719905424816,-39.9565011956292,0,166.725722286586,1,0,0
3.773,49.9875828006422,400,0,166.725722286586,74.9933166293386,0,241.2,0,241.2,241.719038915924,-39.9609788501554,0,166.725722286586,1,0,0
3.774,49.9876034959739,400,0,166.725722286586,74.9924515646276,0,241.2,0,241.2,241.718173851213,-39.9654490419242,0,166.725722286586,1,0,0
3.775,49.9876241568134,400,0,166.725722286586,74.9915879416903,0,241.2,0,241.2,241.717310228276,-39.9699117833735,0,166.725722286586,1,0,0
3.776,49.9876447832182,400,0,166.725722286586,74.9907257581236,0,241.2,0,241.2,241.716448044709,-39.9743670869207,0,166.725722286586,1,0,0
3.777,49.9876653752456,400,0,166.725722286586,74.9898650115288,0,241.2,0,241.2,241.715587298114,-39.9788149649622,0,166.725722286586,1,0,0
3.778,49.987685932953,400,0,166.725722286586,74.9890056995107,0,241.2,0,241.2,241.714727986096,-39.9832554298737,0,166.725722286586,1,0,0
3.779,49.9877064563976,400,0,166.725722286586,74.9881478196784,0,241.2,0,241.2,241.713870106264,-39.9876884940107,0,166.725722286586,1,0,0
3.78,49.9877269456364,400,0,166.725722286586,74.987291369645,0,241.2,0,241.2,241.713013656231,-39.9921141697075,0,166.725722286586,1,0,0
3.781,49.9877474007265,400,0,166.725722286586,74.9864363470275,0,241.2,0,241.2,241.712158633613,-39.9965324692784,0,166.725722286586,1,0,0
3.782,49.9877678217247,400,0,166.725722286586,74.9855827494467,0,241.2,0,241.2,241.711305036032,-40.0009434050169,0,166.725722286586,1,0,0
3.783,49.987788208688,400,0,166.725722286586,74.9847305745277,0,241.2,0,241.2,241.710452861113,-40.005346989196,0,166.725722286586,1,0,0
3.784,49.987808561673,400,0,166.725722286586,74.9838798198994,0,241.2,0,241.2,241.709602106485,-40.0097432340683,0,166.725722286586,1,0,0
3.785,49.9878288807364,400,0,166.725722286586,74.9830304831946,0,241.2,0,241.2,241.70875276978,-40.014132151866,0,166.725722286586,1,0,0
3.786,49.9878491659347,400,0,166.725722286586,74.98218256205,0,241.2,0,241.2,241.707904848636,-40.0185137548009,0,166.725722286586,1,0,0
3.787,49.9878694173243,400,0,166.725722286586,74.9813360541065,0,241.2,0,241.2,241.707058340692,-40.0228880550644,0,166.725722286586,1,0,0
3.788,49.9878896349616,400,0,166.725722286586,74.9804909570087,0,241.2,0,241.2,241.706213243594,-40.0272550648277,0,166.725722286586,1,0,0
3.789,49.9879098189028,400,0,166.725722286586,74.9796472684052,0,241.2,0,241.2,241.705369554991,-40.0316147962415,0,166.725722286586,1,0,0
3.79,49.9879299692042,400,0,166.725722286586,74.9788049859485,0,241.2,0,241.2,241.704527272534,-40.0359672614365,0,166.725722286586,1,0,0
3.791,49.9879500859217,400,0,166.725722286586,74.9779641072949,0,241.2,0,241.2,241.703686393881,-40.040312472523,0,166.725722286586,1,0,0
3.792,49.9879701691114,400,0,166.725722286586,74.9771246301049,0,241.2,0,241.2,241.70284691669,-40.0446504415912,0,166.725722286586,1,0,0
3.793,49.9879902188291,400,0,166.725722286586,74.9762865520426,0,241.2,0,241.2,241.702008838628,-40.0489811807111,0,166.725722286586,1,0,0
3.794,49.9880102351306,400,0,166.725722286586,74.9754498707761,0,241.2,0,241.2,241.701172157362,-40.0533047019326,0,166.725722286586,1,0,0
3.795,49.9880302180715,400,0,166.725722286586,74.9746145839776,0,241.2,0,241.2,241.700336870563,-40.0576210172856,0,166.725722286586,1,0,0
3.796,49.9880501677076,400,0,166.725722286586,74.9737806893229,0,241.2,0,241.2,241.699502975908,-40.0619301387799,0,166.725722286586,1,0,0
3.797,49.9880700840943,400,0,166.725722286586,74.9729481844916,0,241.2,0,241.2,241.698670471077,-40.0662320784051,0,166.725722286586,1,0,0
3.798,49.9880899672871,400,0,166.725722286586,74.9721170671675,0,241.2,0,241.2,241.697839353753,-40.0705268481311,0,166.725722286586,1,0,0
3.799,49.9881098173412,400,0,166.725722286586,74.9712873350381,0,241.2,0,241.2,241.697009621624,-40.0748144599078,0,166.725722286586,1,0,0
3.8,49.9881296343118,400,0,166.725722286586,74.9704589857946,0,241.2,0,241.2,241.69618127238,-40.079094925665,0,166.725722286586,1,0,0
3.801,49.9881494182542,400,0,166.725722286586,74.9696320171324,0,241.2,0,241.2,241.695354303718,-40.0833682573127,0,166.725722286586,1,0,0
3.802,49.9881691692234,400,0,166.725722286586,74.9688064267503,0,241.2,0,241.2,241.694528713336,-40.0876344667412,0,166.725722286586,1,0,0
3.803,49.9881888872742,400,0,166.725722286586,74.9679822123513,0,241.2,0,241.2,241.693704498937,-40.0918935658208,0,166.725722286586,1,0,0
3.804,49.9882085724617,400,0,166.725722286586,74.967159371642,0,241.2,0,241.2,241.692881658228,-40.0961455664021,0,166.725722286586,1,0,0
3.805,49.9882282248405,400,0,166.725722286586,74.9663379023331,0,241.2,0,241.2,241.692060188919,-40.1003904803159,0,166.725722286586,1,0,0
3.806,49.9882478444654,400,0,166.725722286586,74.9655178021387,0,241.2,0,241.2,241.691240088724,-40.1046283193733,0,166.725722286586,1,0,0
3.807,49.9882674313909,400,0,166.725722286586,74.9646990687771,0,241.2,0,241.2,241.690421355363,-40.1088590953657,0,166.725722286586,1,0,0
3.808,49.9882869856715,400,0,166.725722286586,74.9638816999703,0,241.2,0,241.2,241.689603986556,-40.113082820065,0,166.725722286586,1,0,0
3.809,49.9883065073616,400,0,166.725722286586,74.9630656934439,0,241.2,0,241.2,241.688787980029,-40.1172995052233,0,166.725722286586,1,0,0
3.81,49.9883259965156,400,0,166.725722286586,74.9622510469275,0,241.2,0,241.2,241.687973333513,-40.1215091625731,0,166.725722286586,1,0,0
3.811,49.9883454531877,400,0,166.725722286586,74.9614377581544,0,241.2,0,241.2,241.68716004474,-40.1257118038275,0,166.725722286586,1,0,0
3.812,49.988364877432,400,0,166.725722286586,74.9606258248617,0,241.2,0,241.2,241.686348111447,-40.1299074406799,0,166.725722286586,1,0,0
3.813,49.9883842693026,400,0,166.725722286586,74.9598152447902,0,241.2,0,241.2,241.685537531376,-40.1340960848044,0,166.725722286586,1,0,0
3.814,49.9884036288534,400,0,166.725722286586,74.9590060156847,0,241.2,0,241.2,241.68472830227,-40.1382777478555,0,166.725722286586,1,0,0
3.815,49.9884229561382,400,0,166.725722286586,74.9581981352935,0,241.2,0,241.2,241.683920421879,-40.1424524414683,0,166.725722286586,1,0,0
3.816,49.988442251211,400,0,166.725722286586,74.9573916013687,0,241.2,0,241.2,241.683113887954,-40.1466201772585,0,166.725722286586,1,0,0
3.817,49.9884615141252,400,0,166.725722286586,74.9565864116663,0,241.2,0,241.2,241.682308698252,-40.1507809668226,0,166.725722286586,1,0,0
3.818,49.9884807449347,400,0,166.725722286586,74.9557825639458,0,241.2,0,241.2,241.681504850531,-40.1549348217375,0,166.725722286586,1,0,0
3.819,49.9884999436927,400,0,166.725722286586,74.9549800559707,0,241.2,0,241.2,241.680702342556,-40.159081753561,0,166.725722286586,1,0,0
3.82,49.9885191104529,400,0,166.725722286586,74.954178885508,0,241.2,0,241.2,241.679901172094,-40.1632217738316,0,166.725722286586,1,0,0
3.821,49.9885382452685,400,0,166.725722286586,74.9533790503286,0,241.2,0,241.2,241.679101336914,-40.1673548940686,0,166.725722286586,1,0,0
3.822,49.9885573481927,400,0,166.725722286586,74.9525805482069,0,241.2,0,241.2,241.678302834793,-40.1714811257719,0,166.725722286586,1,0,0
3.823,49.9885764192787,400,0,166.725722286586,74.9517833769213,0,241.2,0,241.2,241.677505663507,-40.1756004804226,0,166.725722286586,1,0,0
3.824,49.9885954585795,400,0,166.725722286586,74.9509875342535,0,241.2,0,241.2,241.676709820839,-40.1797129694823,0,166.725722286586,1,0,0
3.825,49.9886144661482,400,0,166.725722286586,74.9501930179894,0,241.2,0,241.2,241.675915304575,-40.1838186043936,0,166.725722286586,1,0,0
3.826,49.9886334420376,400,0,166.725722286586,74.9493998259182,0,241.2,0,241.2,241.675122112504,-40.1879173965803,0,166.725722286586,1,0,0
3.827,49.9886523863006,400,0,166.725722286586,74.948607955833,0,241.2,0,241.2,241.674330242419,-40.1920093574467,0,166.725722286586,1,0,0
3.828,49.9886712989898,400,0,166.725722286586,74.9478174055304,0,241.2,0,241.2,241.673539692116,-40.1960944983785,0,166.725722286586,1,0,0
3.829,49.9886901801578,400,0,166.725722286586,74.9470281728108,0,241.2,0,241.2,241.672750459396,-40.2001728307422,0,166.725722286586,1,0,0
3.83,49.9887090298572,400,0,166.725722286586,74.9462402554782,0,241.2,0,241.2,241.671962542064,-40.2042443658854,0,166.725722286586,1,0,0
3.831,49.9887278481404,400,0,166.725722286586,74.9454536513404,0,241.2,0,241.2,241.671175937926,-40.2083091151368,0,166.725722286586,1,0,0
3.832,49.9887466350599,400,0,166.725722286586,74.9446683582086,0,241.2,0,241.2,241.670390644794,-40.2123670898062,0,166.725722286586,1,0,0
3.833,49.9887653906678,400,0,166.725722286586,74.9438843738979,0,241.2,0,241.2,241.669606660484,-40.2164183011847,0,166.725722286586,1,0,0
3.834,49.9887841150164,400,0,166.725722286586,74.9431016962269,0,241.2,0,241.2,241.668823982813,-40.2204627605443,0,166.725722286586,1,0,0
3.835,49.9888028081577,400,0,166.725722286586,74.942320323018,0,241.2,0,241.2,241.668042609604,-40.2245004791384,0,166.725722286586,1,0,0
3.836,49.9888214701438,400,0,166.725722286586,74.9415402520968,0,241.2,0,241.2,241.667262538682,-40.2285314682016,0,166.725722286586,1,0,0
3.837,49.9888401010266,400,0,166.725722286586,74.9407614812931,0,241.2,0,241.2,241.666483767879,-40.2325557389498,0,166.725722286586,1,0,0
3.838,49.9888587008579,400,0,166.725722286586,74.9399840084399,0,241.2,0,241.2,241.665706295025,-40.2365733025802,0,166.725722286586,1,0,0
3.839,49.9888772696896,400,0,166.725722286586,74.939207831374,0,241.2,0,241.2,241.66493011796,-40.2405841702714,0,166.725722286586,1,0,0
3.84,49.9888958075731,400,0,166.725722286586,74.9384329479357,0,241.2,0,241.2,241.664155234521,-40.2445883531831,0,166.725722286586,1,0,0
3.841,49.9889143145602,400,0,166.725722286586,74.937659355969,0,241.2,0,241.2,241.663381642555,-40.2485858624568,0,166.725722286586,1,0,0
3.842,49.9889327907023,400,0,166.725722286586,74.9368870533215,0,241.2,0,241.2,241.662609339907,-40.2525767092151,0,166.725722286586,1,0,0
3.843,49.9889512360509,400,0,166.725722286586,74.9361160378442,0,241.2,0,241.2,241.66183832443,-40.2565609045623,0,166.725722286586,1,0,0
3.844,49.9889696506572,400,0,166.725722286586,74.935346307392,0,241.2,0,241.2,241.661068593978,-40.260538459584,0,166.725722286586,1,0,0
3.845,49.9889880345725,400,0,166.725722286586,74.9345778598231,0,241.2,0,241.2,241.660300146409,-40.2645093853474,0,166.725722286586,1,0,0
3.846,49.9890063878479,400,0,166.725722286586,74.9338106929994,0,241.2,0,241.2,241.659532979585,-40.2684736929013,0,166.725722286586,1,0,0
3.847,49.9890247105346,400,0,166.725722286586,74.9330448047863,0,241.2,0,241.2,241.658767091372,-40.2724313932761,0,166.725722286586,1,0,0
3.848,49.9890430026834,400,0,166.725722286586,74.9322801930527,0,241.2,0,241.2,241.658002479638,-40.2763824974836,0,166.725722286586,1,0,0
3.849,49.9890612643453,400,0,166.725722286586,74.9315168556713,0,241.2,0,241.2,241.657239142257,-40.2803270165176,0,166.725722286586,1,0,0
3.85,49.9890794955712,400,0,166.725722286586,74.9307547905182,0,241.2,0,241.2,241.656477077104,-40.2842649613532,0,166.725722286586,1,0,0
3.851,49.9890976964116,400,0,166.725722286586,74.9299939954728,0,241.2,0,241.2,241.655716282058,-40.2881963429476,0,166.725722286586,1,0,0
3.852,49.9891158669174,400,0,166.725722286586,74.9292344684185,0,241.2,0,241.2,241.654956755004,-40.2921211722394,0,166.725722286586,1,0,0
3.853,49.9891340071389,400,0,166.725722286586,74.9284762072418,0,241.2,0,241.2,241.654198493827,-40.2960394601492,0,166.725722286586,1,0,0
3.854,49.9891521171268,400,0,166.725722286586,74.9277192098331,0,241.2,0,241.2,241.653441496419,-40.2999512175792,0,166.725722286586,1,0,0
3.855,49.9891701969313,400,0,166.725722286586,74.926963474086,0,241.2,0,241.2,241.652685760672,-40.3038564554136,0,166.725722286586,1,0,0
3.856,49.9891882466028,400,0,166.725722286586,74.9262089978977,0,241.2,0,241.2,241.651931284483,-40.3077551845183,0,166.725722286586,1,0,0
3.857,49.9892062661916,400,0,166.725722286586,74.9254557791691,0,241.2,0,241.2,241.651178065755,-40.3116474157413,0,166.725722286586,1,0,0
3.858,49.9892242557477,400,0,166.725722286586,74.9247038158042,0,241.2,0,241.2,241.65042610239,-40.3155331599123,0,166.725722286586,1,0,0
3.859,49.9892422153212,400,0,166.725722286586,74.923953105711,0,241.2,0,241.2,241.649675392297,-40.3194124278431,0,166.725722286586,1,0,0
3.86,49.9892601449621,400,0,166.725722286586,74.9232036468005,0,241.2,0,241.2,241.648925933386,-40.3232852303275,0,166.725722286586,1,0,0
3.861,49.9892780447203,400,0,166.725722286586,74.9224554369875,0,241.2,0,241.2,241.648177723573,-40.3271515781411,0,166.725722286586,1,0,0
3.862,49.9892959146455,400,0,166.725722286586,74.9217084741901,0,241.2,0,241.2,241.647430760776,-40.3310114820418,0,166.725722286586,1,0,0
3.863,49.9893137547875,400,0,166.725722286586,74.9209627563301,0,241.2,0,241.2,241.646685042916,-40.3348649527695,0,166.725722286586,1,0,0
3.864,49.989331565196,400,0,166.725722286586,74.9202182813325,0,241.2,0,241.2,241.645940567918,-40.3387120010459,0,166.725722286586,1,0,0
3.865,49.9893493459205,400,0,166.725722286586,74.9194750471258,0,241.2,0,241.2,241.645197333711,-40.3425526375754,0,166.725722286586,1,0,0
3.866,49.9893670970104,400,0,166.725722286586,74.9187330516422,0,241.2,0,241.2,241.644455338228,-40.346386873044,0,166.725722286586,1,0,0
3.867,49.9893848185151,400,0,166.725722286586,74.917992292817,0,241.2,0,241.2,241.643714579403,-40.3502147181203,0,166.725722286586,1,0,0
3.868,49.9894025104841,400,0,166.725722286586,74.9172527685892,0,241.2,0,241.2,241.642975055175,-40.3540361834548,0,166.725722286586,1,0,0
3.869,49.9894201729664,400,0,166.725722286586,74.916514476901,0,241.2,0,241.2,241.642236763487,-40.3578512796806,0,166.725722286586,1,0,0
3.87,49.9894378060112,400,0,166.725722286586,74.9157774156984,0,241.2,0,241.2,241.641499702284,-40.3616600174127,0,166.725722286586,1,0,0
3.871,49.9894554096677,400,0,166.725722286586,74.9150415829304,0,241.2,0,241.2,241.640763869516,-40.3654624072486,0,166.725722286586,1,0,0
3.872,49.9894729839847,400,0,166.725722286586,74.9143069765498,0,241.2,0,241.2,241.640029263135,-40.3692584597683,0,166.725722286586,1,0,0
3.873,49.9894905290112,400,0,166.725722286586,74.9135735945124,0,241.2,0,241.2,241.639295881098,-40.3730481855338,0,166.725722286586,1,0,0
3.874,49.9895080447959,400,0,166.725722286586,74.9128414347778,0,241.2,0,241.2,241.638563721363,-40.3768315950898,0,166.725722286586,1,0,0
3.875,49.9895255313878,400,0,166.725722286586,74.9121104953088,0,241.2,0,241.2,241.637832781894,-40.3806086989632,0,166.725722286586,1,0,0
3.876,49.9895429888352,400,0,166.725722286586,74.9113807740716,0,241.2,0,241.2,241.637103060657,-40.3843795076636,0,166.725722286586,1,0,0
3.877,49.989560417187,400,0,166.725722286586,74.9106522690359,0,241.2,0,241.2,241.636374555621,-40.3881440316829,0,166.725722286586,1,0,0
3.878,49.9895778164915,400,0,166.725722286586,74.9099249781745,0,241.2,0,241.2,241.63564726476,-40.3919022814956,0,166.725722286586,1,0,0
3.879,49.9895951867971,400,0,166.725722286586,74.909198899464,0,241.2,0,241.2,241.63492118605,-40.3956542675587,0,166.725722286586,1,0,0
3.88,49.9896125281523,400,0,166.725722286586,74.9084740308841,0,241.2,0,241.2,241.63419631747,-40.3994000003117,0,166.725722286586,1,0,0
3.881,49.9896298406052,400,0,166.725722286586,74.9077503704178,0,241.2,0,241.2,241.633472657003,-40.4031394901769,0,166.725722286586,1,0,0
3.882,49.989647124204,400,0,166.725722286586,74.9070279160516,0,241.2,0,241.2,241.632750202637,-40.406872747559,0,166.725722286586,1,0,0
3.883,49.9896643789968,400,0,166.725722286586,74.9063066657755,0,241.2,0,241.2,241.632028952361,-40.4105997828456,0,166.725722286586,1,0,0
3.884,49.9896816050316,400,0,166.725722286586,74.9055866175826,0,241.2,0,241.2,241.631308904168,-40.4143206064067,0,166.725722286586,1,0,0
3.885,49.9896988023564,400,0,166.725722286586,74.9048677694694,0,241.2,0,241.2,241.630590056055,-40.4180352285953,0,166.725722286586,1,0,0
3.886,49.989715971019,400,0,166.725722286586,74.9041501194358,0,241.2,0,241.2,241.629872406021,-40.421743659747,0,166.725722286586,1,0,0
3.887,49.9897331110671,400,0,166.725722286586,74.9034336654849,0,241.2,0,241.2,241.629155952071,-40.4254459101802,0,166.725722286586,1,0,0
3.888,49.9897502225485,400,0,166.725722286586,74.9027184056234,0,241.2,0,241.2,241.628440692209,-40.429141990196,0,166.725722286586,1,0,0
3.889,49.9897673055107,400,0,166.725722286586,74.9020043378611,0,241.2,0,241.2,241.627726624447,-40.4328319100786,0,166.725722286586,1,0,0
3.89,49.9897843600014,400,0,166.725722286586,74.9012914602112,0,241.2,0,241.2,241.627013746797,-40.4365156800947,0,166.725722286586,1,0,0
3.891,49.9898013860679,400,0,166.725722286586,74.90057977069,0,241.2,0,241.2,241.626302057276,-40.4401933104942,0,166.725722286586,1,0,0
3.892,49.9898183837576,400,0,166.725722286586,74.8998692673176,0,241.2,0,241.2,241.625591553903,-40.4438648115098,0,166.725722286586,1,0,0
3.893,49.9898353531179,400,0,166.725722286586,74.8991599481168,0,241.2,0,241.2,241.624882234702,-40.447530193357,0,166.725722286586,1,0,0
3.894,49.9898522941958,400,0,166.725722286586,74.8984518111142,0,241.2,0,241.2,241.6241740977,-40.4511894662346,0,166.725722286586,1,0,0
3.895,49.9898692070387,400,0,166.725722286586,74.8977448543394,0,241.2,0,241.2,241.623467140925,-40.4548426403241,0,166.725722286586,1,0,0
3.896,49.9898860916935,400,0,166.725722286586,74.8970390758253,0,241.2,0,241.2,241.622761362411,-40.4584897257902,0,166.725722286586,1,0,0
3.897,49.9899029482071,400,0,166.725722286586,74.8963344736082,0,241.2,0,241.2,241.622056760194,-40.4621307327805,0,166.725722286586,1,0,0
3.898,49.9899197766266,400,0,166.725722286586,74.8956310457276,0,241.2,0,241.2,241.621353332313,-40.465765671426,0,166.725722286586,1,0,0
3.899,49.9899365769988,400,0,166.725722286586,74.8949287902262,0,241.2,0,241.2,241.620651076812,-40.4693945518404,0,166.725722286586,1,0,0
3.9,49.9899533493703,400,0,166.725722286586,74.8942277051502,0,241.2,0,241.2,241.619949991736,-40.4730173841208,0,166.725722286586,1,0,0
3.901,49.9899700937879,400,0,166.725722286586,74.8935277885488,0,241.2,0,241.2,241.619250075134,-40.4766341783475,0,166.725722286586,1,0,0
3.902,49.9899868102981,400,0,166.725722286586,74.8928290384745,0,241.2,0,241.2,241.61855132506,-40.4802449445839,0,166.725722286586,1,0,0
3.903,49.9900034989474,400,0,166.725722286586,74.8921314529831,0,241.2,0,241.2,241.617853739569,-40.4838496928766,0,166.725722286586,1,0,0
3.904,49.9900201597824,400,0,166.725722286586,74.8914350301337,0,241.2,0,241.2,241.617157316719,-40.4874484332555,0,166.725722286586,1,0,0
3.905,49.9900367928493,400,0,166.725722286586,74.8907397679886,0,241.2,0,241.2,241.616462054574,-40.4910411757338,0,166.725722286586,1,0,0
3.906,49.9900533981944,400,0,166.725722286586,74.8900456646132,0,241.2,0,241.2,241.615767951199,-40.4946279303081,0,166.725722286586,1,0,0
3.907,49.9900699758639,400,0,166.725722286586,74.8893527180762,0,241.2,0,241.2,241.615075004662,-40.4982087069581,0,166.725722286586,1,0,0
3.908,49.990086525904,400,0,166.725722286586,74.8886609264496,0,241.2,0,241.2,241.614383213035,-40.5017835156471,0,166.725722286586,1,0,0
3.909,49.9901030483607,400,0,166.725722286586,74.8879702878086,0,241.2,0,241.2,241.613692574394,-40.5053523663216,0,166.725722286586,1,0,0
3.91,49.99011954328,400,0,166.725722286586,74.8872808002315,0,241.2,0,241.2,241.613003086817,-40.5089152689118,0,166.725722286586,1,0,0
3.911,49.9901360107077,400,0,166.725722286586,74.8865924617999,0,241.2,0,241.2,241.612314748385,-40.512472233331,0,166.725722286586,1,0,0
3.912,49.9901524506897,400,0,166.725722286586,74.8859052705985,0,241.2,0,241.2,241.611627557184,-40.5160232694762,0,166.725722286586,1,0,0
3.913,49.9901688632718,400,0,166.725722286586,74.8852192247153,0,241.2,0,241.2,241.610941511301,-40.5195683872279,0,166.725722286586,1,0,0
3.914,49.9901852484996,400,0,166.725722286586,74.8845343222414,0,241.2,0,241.2,241.610256608827,-40.52310759645,0,166.725722286586,1,0,0
3.915,49.9902016064186,400,0,166.725722286586,74.8838505612712,0,241.2,0,241.2,241.609572847857,-40.5266409069902,0,166.725722286586,1,0,0
3.916,49.9902179370744,400,0,166.725722286586,74.8831679399021,0,241.2,0,241.2,241.608890226488,-40.5301683286795,0,166.725722286586,1,0,0
3.917,49.9902342405125,400,0,166.725722286586,74.8824864562349,0,241.2,0,241.2,241.60820874282,-40.5336898713327,0,166.725722286586,1,0,0
3.918,49.9902505167782,400,0,166.725722286586,74.8818061083733,0,241.2,0,241.2,241.607528394959,-40.5372055447482,0,166.725722286586,1,0,0
3.919,49.9902667659168,400,0,166.725722286586,74.8811268944243,0,241.2,0,241.2,241.60684918101,-40.540715358708,0,166.725722286586,1,0,0
3.92,49.9902829879735,400,0,166.725722286586,74.8804488124982,0,241.2,0,241.2,241.606171099084,-40.544219322978,0,166.725722286586,1,0,0
3.921,49.9902991829934,400,0,166.725722286586,74.8797718607082,0,241.2,0,241.2,241.605494147294,-40.5477174473075,0,166.725722286586,1,0,0
3.922,49.9903153510216,400,0,166.725722286586,74.8790960371707,0,241.2,0,241.2,241.604818323756,-40.5512097414299,0,166.725722286586,1,0,0
3.923,49.9903314921032,400,0,166.725722286586,74.8784213400053,0,241.2,0,241.2,241.604143626591,-40.5546962150621,0,166.725722286586,1,0,0
3.924,49.9903476062829,400,0,166.725722286586,74.8777477673348,0,241.2,0,241.2,241.60347005392,-40.558176877905,0,166.725722286586,1,0,0
3.925,49.9903636936056,400,0,166.725722286586,74.877075317285,0,241.2,0,241.2,241.602797603871,-40.5616517396431,0,166.725722286586,1,0,0
3.926,49.9903797541162,400,0,166.725722286586,74.8764039879849,0,241.2,0,241.2,241.60212627457,-40.5651208099451,0,166.725722286586,1,0,0
3.927,49.9903957878592,400,0,166.725722286586,74.8757337775665,0,241.2,0,241.2,241.601456064152,-40.5685840984633,0,166.725722286586,1,0,0
3.928,49.9904117948793,400,0,166.725722286586,74.875064684165,0,241.2,0,241.2,241.600786970751,-40.572041614834,0,166.725722286586,1,0,0
3.929,49.9904277752211,400,0,166.725722286586,74.8743967059188,0,241.2,0,241.2,241.600118992504,-40.5754933686774,0,166.725722286586,1,0,0
3.93,49.990443728929,400,0,166.725722286586,74.8737298409693,0,241.2,0,241.2,241.599452127555,-40.5789393695978,0,166.725722286586,1,0,0
3.931,49.9904596560473,400,0,166.725722286586,74.8730640874609,0,241.2,0,241.2,241.598786374046,-40.5823796271834,0,166.725722286586,1,0,0
3.932,49.9904755566205,400,0,166.725722286586,74.8723994435413,0,241.2,0,241.2,241.598121730127,-40.5858141510064,0,166.725722286586,1,0,0
3.933,49.9904914306926,400,0,166.725722286586,74.8717359073612,0,241.2,0,241.2,241.597458193947,-40.589242950623,0,166.725722286586,1,0,0
3.934,49.9905072783081,400,0,166.725722286586,74.8710734770743,0,241.2,0,241.2,241.59679576366,-40.5926660355737,0,166.725722286586,1,0,0
3.935,49.9905230995108,400,0,166.725722286586,74.8704121508375,0,241.2,0,241.2,241.596134437423,-40.5960834153828,0,166.725722286586,1,0,0
3.936,49.9905388943448,400,0,166.725722286586,74.8697519268107,0,241.2,0,241.2,241.595474213396,-40.5994950995589,0,166.725722286586,1,0,0
3.937,49.9905546628542,400,0,166.725722286586,74.8690928031569,0,241.2,0,241.2,241.594815089742,-40.6029010975948,0,166.725722286586,1,0,0
3.938,49.9905704050827,400,0,166.725722286586,74.8684347780421,0,241.2,0,241.2,241.594157064628,-40.6063014189673,0,166.725722286586,1,0,0
3.939,49.9905861210741,400,0,166.725722286586,74.8677778496355,0,241.2,0,241.2,241.593500136221,-40.6096960731375,0,166.725722286586,1,0,0
3.94,49.9906018108722,400,0,166.725722286586,74.8671220161091,0,241.2,0,241.2,241.592844302695,-40.6130850695508,0,166.725722286586,1,0,0
3.941,49.9906174745207,400,0,166.725722286586,74.8664672756383,0,241.2,0,241.2,241.592189562224,-40.6164684176368,0,166.725722286586,1,0,0
3.942,49.990633112063,400,0,166.725722286586,74.8658136264012,0,241.2,0,241.2,241.591535912987,-40.6198461268094,0,166.725722286586,1,0,0
3.943,49.9906487235428,400,0,166.725722286586,74.8651610665791,0,241.2,0,241.2,241.590883353165,-40.6232182064667,0,166.725722286586,1,0,0
3.944,49.9906643090035,400,0,166.725722286586,74.8645095943564,0,241.2,0,241.2,241.590231880942,-40.6265846659913,0,166.725722286586,1,0,0
3.945,49.9906798684884,400,0,166.725722286586,74.8638592079204,0,241.2,0,241.2,241.589581494506,-40.62994551475,0,166.725722286586,1,0,0
3.946,49.9906954020409,400,0,166.725722286586,74.8632099054614,0,241.2,0,241.2,241.588932192047,-40.6333007620942,0,166.725722286586,1,0,0
3.947,49.990710909704,400,0,166.725722286586,74.8625616851728,0,241.2,0,241.2,241.588283971758,-40.6366504173595,0,166.725722286586,1,0,0
3.948,49.9907263915211,400,0,166.725722286586,74.861914545251,0,241.2,0,241.2,241.587636831837,-40.639994489866,0,166.725722286586,1,0,0
3.949,49.9907418475352,400,0,166.725722286586,74.8612684838955,0,241.2,0,241.2,241.586990770481,-40.6433329889184,0,166.725722286586,1,0,0
3.95,49.9907572777892,400,0,166.725722286586,74.8606234993085,0,241.2,0,241.2,241.586345785894,-40.6466659238058,0,166.725722286586,1,0,0
3.951,49.9907726823261,400,0,166.725722286586,74.8599795896955,0,241.2,0,241.2,241.585701876281,-40.6499933038017,0,166.725722286586,1,0,0
3.952,49.9907880611888,400,0,166.725722286586,74.8593367532649,0,241.2,0,241.2,241.58505903985,-40.6533151381643,0,166.725722286586,1,0,0
3.953,49.9908034144201,400,0,166.725722286586,74.8586949882279,0,241.2,0,241.2,241.584417274814,-40.6566314361363,0,166.725722286586,1,0,0
3.954,49.9908187420627,400,0,166.725722286586,74.8580542927991,0,241.2,0,241.2,241.583776579385,-40.659942206945,0,166.725722286586,1,0,0
3.955,49.9908340441591,400,0,166.725722286586,74.8574146651956,0,241.2,0,241.2,241.583136951781,-40.6632474598025,0,166.725722286586,1,0,0
3.956,49.9908493207521,400,0,166.725722286586,74.8567761036378,0,241.2,0,241.2,241.582498390223,-40.6665472039052,0,166.725722286586,1,0,0
3.957,49.9908645718841,400,0,166.725722286586,74.8561386063489,0,241.2,0,241.2,241.581860892935,-40.6698414484344,0,166.725722286586,1,0,0
3.958,49.9908797975976,400,0,166.725722286586,74.8555021715553,0,241.2,0,241.2,241.581224458141,-40.6731302025561,0,166.725722286586,1,0,0
3.959,49.9908949979349,400,0,166.725722286586,74.8548667974859,0,241.2,0,241.2,241.580589084072,-40.676413475421,0,166.725722286586,1,0,0
3.96,49.9909101729382,400,0,166.725722286586,74.854232482373,0,241.2,0,241.2,241.579954768959,-40.6796912761645,0,166.725722286586,1,0,0
3.961,49.9909253226499,400,0,166.725722286586,74.8535992244517,0,241.2,0,241.2,241.579321511037,-40.6829636139067,0,166.725722286586,1,0,0
3.962,49.9909404471121,400,0,166.725722286586,74.8529670219599,0,241.2,0,241.2,241.578689308546,-40.6862304977527,0,166.725722286586,1,0,0
3.963,49.9909555463669,400,0,166.725722286586,74.8523358731386,0,241.2,0,241.2,241.578058159724,-40.6894919367924,0,166.725722286586,1,0,0
3.964,49.9909706204562,400,0,166.725722286586,74.8517057762318,0,241.2,0,241.2,241.577428062817,-40.6927479401003,0,166.725722286586,1,0,0
3.965,49.990985669422,400,0,166.725722286586,74.8510767294861,0,241.2,0,241.2,241.576799016072,-40.6959985167361,0,166.725722286586,1,0,0
3.966,49.9910006933062,400,0,166.725722286586,74.8504487311514,0,241.2,0,241.2,241.576171017737,-40.6992436757441,0,166.725722286586,1,0,0
3.967,49.9910156921507,400,0,166.725722286586,74.8498217794803,0,241.2,0,241.2,241.575544066066,-40.7024834261539,0,166.725722286586,1,0,0
3.968,49.991030665997,400,0,166.725722286586,74.8491958727284,0,241.2,0,241.2,241.574918159314,-40.7057177769797,0,166.725722286586,1,0,0
3.969,49.9910456148869,400,0,166.725722286586,74.8485710091542,0,241.2,0,241.2,241.57429329574,-40.7089467372207,0,166.725722286586,1,0,0
3.97,49.9910605388621,400,0,166.725722286586,74.8479471870189,0,241.2,0,241.2,241.573669473605,-40.7121703158614,0,166.725722286586,1,0,0
3.971,49.9910754379639,400,0,166.725722286586,74.8473244045869,0,241.2,0,241.2,241.573046691173,-40.7153885218711,0,166.725722286586,1,0,0
3.972,49.9910903122339,400,0,166.725722286586,74.8467026601254,0,241.2,0,241.2,241.572424946711,-40.7186013642041,0,166.725722286586,1,0,0
3.973,49.9911051617135,400,0,166.725722286586,74.8460819519044,0,241.2,0,241.2,241.57180423849,-40.7218088517999,0,166.725722286586,1,0,0
3.974,49.9911199864439,400,0,166.725722286586,74.8454622781968,0,241.2,0,241.2,241.571184564782,-40.725010993583,0,166.725722286586,1,0,0
3.975,49.9911347864664,400,0,166.725722286586,74.8448436372784,0,241.2,0,241.2,241.570565923864,-40.7282077984632,0,166.725722286586,1,0,0
3.976,49.9911495618222,400,0,166.725722286586,74.844226027428,0,241.2,0,241.2,241.569948314014,-40.7313992753353,0,166.725722286586,1,0,0
3.977,49.9911643125525,400,0,166.725722286586,74.8436094469271,0,241.2,0,241.2,241.569331733513,-40.7345854330793,0,166.725722286586,1,0,0
3.978,49.9911790386982,400,0,166.725722286586,74.8429938940601,0,241.2,0,241.2,241.568716180646,-40.7377662805604,0,166.725722286586,1,0,0
3.979,49.9911937403003,400,0,166.725722286586,74.8423793671143,0,241.2,0,241.2,241.5681016537,-40.7409418266291,0,166.725722286586,1,0,0
3.98,49.9912084173997,400,0,166.725722286586,74.8417658643799,0,241.2,0,241.2,241.567488150965,-40.744112080121,0,166.725722286586,1,0,0
3.981,49.9912230700373,400,0,166.725722286586,74.8411533841497,0,241.2,0,241.2,241.566875670735,-40.7472770498571,0,166.725722286586,1,0,0
3.982,49.9912376982539,400,0,166.725722286586,74.8405419247197,0,241.2,0,241.2,241.566264211305,-40.7504367446437,0,166.725722286586,1,0,0
3.983,49.9912523020901,400,0,166.725722286586,74.8399314843885,0,241.2,0,241.2,241.565653770974,-40.7535911732723,0,166.725722286586,1,0,0
3.984,49.9912668815865,400,0,166.725722286586,74.8393220614576,0,241.2,0,241.2,241.565044348043,-40.7567403445199,0,166.725722286586,1,0,0
3.985,49.9912814367838,400,0,166.725722286586,74.8387136542313,0,241.2,0,241.2,241.564435940817,-40.7598842671487,0,166.725722286586,1,0,0
3.986,49.9912959677225,400,0,166.725722286586,74.8381062610168,0,241.2,0,241.2,241.563828547602,-40.7630229499065,0,166.725722286586,1,0,0
3.987,49.9913104744429,400,0,166.725722286586,74.8374998801241,0,241.2,0,241.2,241.56322216671,-40.7661564015264,0,166.725722286586,1,0,0
3.988,49.9913249569854,400,0,166.725722286586,74.836894509866,0,241.2,0,241.2,241.562616796452,-40.769284630727,0,166.725722286586,1,0,0
3.989,49.9913394153904,400,0,166.725722286586,74.8362901485581,0,241.2,0,241.2,241.562012435144,-40.7724076462122,0,166.725722286586,1,0,0
3.99,49.991353849698,400,0,166.725722286586,74.8356867945188,0,241.2,0,241.2,241.561409081104,-40.7755254566717,0,166.725722286586,1,0,0
3.991,49.9913682599485,400,0,166.725722286586,74.8350844460693,0,241.2,0,241.2,241.560806732655,-40.7786380707804,0,166.725722286586,1,0,0
3.992,49.9913826461819,400,0,166.725722286586,74.8344831015337,0,241.2,0,241.2,241.560205388119,-40.7817454971989,0,166.725722286586,1,0,0
3.993,49.9913970084382,400,0,166.725722286586,74.8338827592388,0,241.2,0,241.2,241.559605045824,-40.7848477445735,0,166.725722286586,1,0,0
3.994,49.9914113467574,400,0,166.725722286586,74.8332834175141,0,241.2,0,241.2,241.5590057041,-40.7879448215357,0,166.725722286586,1,0,0
3.995,49.9914256611794,400,0,166.725722286586,74.832685074692,0,241.2,0,241.2,241.558407361278,-40.7910367367031,0,166.725722286586,1,0,0
3.996,49.9914399517441,400,0,166.725722286586,74.8320877291078,0,241.2,0,241.2,241.557810015693,-40.7941234986785,0,166.725722286586,1,0,0
3.997,49.9914542184911,400,0,166.725722286586,74.8314913790994,0,241.2,0,241.2,241.557213665685,-40.7972051160506,0,166.725722286586,1,0,0
3.998,49.9914684614603,400,0,166.725722286586,74.8308960230074,0,241.2,0,241.2,241.556618309593,-40.8002815973938,0,166.725722286586,1,0,0
3.999,49.9914826806911,400,0,166.725722286586,74.8303016591753,0,241.2,0,241.2,241.556023945761,-40.8033529512681,0,166.725722286586,1,0,0
4,49.9914968762233,400,0,166.725722286586,74.8297082859494,0,241.2,0,241.2,241.555430572535,-40.8064191862193,0,166.725722286586,1,0,0
4.001,49.9915110480962,400,0,166.725722286586,74.8291159016787,0,241.2,0,241.2,241.554838188264,-40.8094803107789,0,166.725722286586,1,0,0
4.002,49.9915251963493,400,0,166.725722286586,74.8285245047149,0,241.2,0,241.2,241.554246791301,-40.8125363334643,0,166.725722286586,1,0,0
4.003,49.991539321022,400,0,166.725722286586,74.8279340934126,0,241.2,0,241.2,241.553656379998,-40.8155872627785,0,166.725722286586,1,0,0
4.004,49.9915534221536,400,0,166.725722286586,74.8273446661289,0,241.2,0,241.2,241.553066952714,-40.8186331072106,0,166.725722286586,1,0,0
4.005,49.9915674997833,400,0,166.725722286586,74.8267562212237,0,241.2,0,241.2,241.552478507809,-40.8216738752353,0,166.725722286586,1,0,0
4.006,49.9915815539503,400,0,166.725722286586,74.8261687570599,0,241.2,0,241.2,241.551891043646,-40.8247095753133,0,166.725722286586,1,0,0
4.007,49.9915955846937,400,0,166.725722286586,74.8255822720029,0,241.2,0,241.2,241.551304558588,-40.8277402158912,0,166.725722286586,1,0,0
4.008,49.9916095920525,400,0,166.725722286586,74.8249967644207,0,241.2,0,241.2,241.550719051006,-40.8307658054014,0,166.725722286586,1,0,0
4.009,49.9916235760657,400,0,166.725722286586,74.8244122326843,0,241.2,0,241.2,241.55013451927,-40.8337863522625,0,166.725722286586,1,0,0
4.01,49.9916375367722,400,0,166.725722286586,74.8238286751673,0,241.2,0,241.2,241.549550961753,-40.8368018648789,0,166.725722286586,1,0,0
4.011,49.9916514742109,400,0,166.725722286586,74.823246090246,0,241.2,0,241.2,241.548968376832,-40.8398123516409,0,166.725722286586,1,0,0
4.012,49.9916653884205,400,0,166.725722286586,74.8226644762994,0,241.2,0,241.2,241.548386762885,-40.8428178209249,0,166.725722286586,1,0,0
4.013,49.9916792794398,400,0,166.725722286586,74.8220838317092,0,241.2,0,241.2,241.547806118295,-40.8458182810936,0,166.725722286586,1,0,0
4.014,49.9916931473073,400,0,166.725722286586,74.8215041548598,0,241.2,0,241.2,241.547226441445,-40.8488137404953,0,166.725722286586,1,0,0
4.015,49.9917069920618,400,0,166.725722286586,74.8209254441383,0,241.2,0,241.2,241.546647730724,-40.8518042074646,0,166.725722286586,1,0,0
4.016,49.9917208137417,400,0,166.725722286586,74.8203476979345,0,241.2,0,241.2,241.54606998452,-40.8547896903224,0,166.725722286586,1,0,0
4.017,49.9917346123854,400,0,166.725722286586,74.8197709146408,0,241.2,0,241.2,241.545493201226,-40.8577701973754,0,166.725722286586,1,0,0
4.018,49.9917483880314,400,0,166.725722286586,74.8191950926525,0,241.2,0,241.2,241.544917379238,-40.8607457369166,0,166.725722286586,1,0,0
4.019,49.9917621407179,400,0,166.725722286586,74.8186202303673,0,241.2,0,241.2,241.544342516953,-40.8637163172253,0,166.725722286586,1,0,0
4.02,49.9917758704834,400,0,166.725722286586,74.8180463261858,0,241.2,0,241.2,241.543768612771,-40.8666819465669,0,166.725722286586,1,0,0
4.021,49.9917895773659,400,0,166.725722286586,74.8174733785112,0,241.2,0,241.2,241.543195665097,-40.8696426331929,0,166.725722286586,1,0,0
4.022,49.9918032614036,400,0,166.725722286586,74.8169013857491,0,241.2,0,241.2,241.542623672335,-40.8725983853412,0,166.725722286586,1,0,0
4.023,49.9918169226345,400,0,166.725722286586,74.8163303463082,0,241.2,0,241.2,241.542052632894,-40.8755492112359,0,166.725722286586,1,0,0
4.024,49.9918305610968,400,0,166.725722286586,74.8157602585996,0,241.2,0,241.2,241.541482545185,-40.8784951190874,0,166.725722286586,1,0,0
4.025,49.9918441768282,400,0,166.725722286586,74.8151911210369,0,241.2,0,241.2,241.540913407623,-40.8814361170926,0,166.725722286586,1,0,0
4.026,49.9918577698668,400,0,166.725722286586,74.8146229320367,0,241.2,0,241.2,241.540345218622,-40.8843722134344,0,166.725722286586,1,0,0
4.027,49.9918713402503,400,0,166.725722286586,74.8140556900181,0,241.2,0,241.2,241.539777976604,-40.8873034162824,0,166.725722286586,1,0,0
4.028,49.9918848880166,400,0,166.725722286586,74.8134893934026,0,241.2,0,241.2,241.539211679988,-40.8902297337922,0,166.725722286586,1,0,0
4.029,49.9918984132032,400,0,166.725722286586,74.8129240406147,0,241.2,0,241.2,241.5386463272,-40.8931511741063,0,166.725722286586,1,0,0
4.03,49.9919119158478,400,0,166.725722286586,74.8123596300813,0,241.2,0,241.2,241.538081916667,-40.8960677453531,0,166.725722286586,1,0,0
4.031,49.991925395988,400,0,166.725722286586,74.8117961602319,0,241.2,0,241.2,241.537518446818,-40.8989794556479,0,166.725722286586,1,0,0
4.032,49.9919388536614,400,0,166.725722286586,74.8112336294989,0,241.2,0,241.2,241.536955916084,-40.9018863130922,0,166.725722286586,1,0,0
4.033,49.9919522889052,400,0,166.725722286586,74.8106720363168,0,241.2,0,241.2,241.536394322902,-40.9047883257741,0,166.725722286586,1,0,0
4.034,49.991965701757,400,0,166.725722286586,74.8101113791233,0,241.2,0,241.2,241.535833665709,-40.9076855017683,0,166.725722286586,1,0,0
4.035,49.9919790922541,400,0,166.725722286586,74.8095516563583,0,241.2,0,241.2,241.535273942944,-40.9105778491357,0,166.725722286586,1,0,0
4.036,49.9919924604336,400,0,166.725722286586,74.8089928664644,0,241.2,0,241.2,241.53471515305,-40.9134653759243,0,166.725722286586,1,0,0
4.037,49.9920058063329,400,0,166.725722286586,74.8084350078868,0,241.2,0,241.2,241.534157294472,-40.9163480901681,0,166.725722286586,1,0,0
4.038,49.992019129989,400,0,166.725722286586,74.8078780790734,0,241.2,0,241.2,241.533600365659,-40.9192259998883,0,166.725722286586,1,0,0
4.039,49.992032431439,400,0,166.725722286586,74.8073220784746,0,241.2,0,241.2,241.53304436506,-40.9220991130923,0,166.725722286586,1,0,0
4.04,49.9920457107199,400,0,166.725722286586,74.8067670045434,0,241.2,0,241.2,241.532489291129,-40.9249674377743,0,166.725722286586,1,0,0
4.041,49.9920589678686,400,0,166.725722286586,74.8062128557352,0,241.2,0,241.2,241.531935142321,-40.9278309819151,0,166.725722286586,1,0,0
4.042,49.9920722029222,400,0,166.725722286586,74.8056596305083,0,241.2,0,241.2,241.531381917094,-40.9306897534824,0,166.725722286586,1,0,0
4.043,49.9920854159173,400,0,166.725722286586,74.8051073273232,0,241.2,0,241.2,241.530829613909,-40.9335437604304,0,166.725722286586,1,0,0
4.044,49.9920986068907,400,0,166.725722286586,74.8045559446434,0,241.2,0,241.2,241.530278231229,-40.9363930107002,0,166.725722286586,1,0,0
4.045,49.9921117758792,400,0,166.725722286586,74.8040054809345,0,241.2,0,241.2,241.52972776752,-40.9392375122195,0,166.725722286586,1,0,0
4.046,49.9921249229194,400,0,166.725722286586,74.803455934665,0,241.2,0,241.2,241.529178221251,-40.942077272903,0,166.725722286586,1,0,0
4.047,49.9921380480478,400,0,166.725722286586,74.8029073043059,0,241.2,0,241.2,241.528629590892,-40.944912300652,0,166.725722286586,1,0,0
4.048,49.9921511513011,400,0,166.725722286586,74.8023595883305,0,241.2,0,241.2,241.528081874916,-40.9477426033548,0,166.725722286586,1,0,0
4.049,49.9921642327155,400,0,166.725722286586,74.801812785215,0,241.2,0,241.2,241.527535071801,-40.9505681888864,0,166.725722286586,1,0,0
4.05,49.9921772923277,400,0,166.725722286586,74.8012668934379,0,241.2,0,241.2,241.526989180024,-40.9533890651088,0,166.725722286586,1,0,0
4.051,49.9921903301738,400,0,166.725722286586,74.8007219114804,0,241.2,0,241.2,241.526444198066,-40.9562052398709,0,166.725722286586,1,0,0
4.052,49.9922033462901,400,0,166.725722286586,74.800177837826,0,241.2,0,241.2,241.525900124412,-40.9590167210083,0,166.725722286586,1,0,0
4.053,49.9922163407129,400,0,166.725722286586,74.7996346709609,0,241.2,0,241.2,241.525356957546,-40.9618235163439,0,166.725722286586,1,0,0
4.054,49.9922293134784,400,0,166.725722286586,74.7990924093738,0,241.2,0,241.2,241.524814695959,-40.9646256336872,0,166.725722286586,1,0,0
4.055,49.9922422646226,400,0,166.725722286586,74.7985510515558,0,241.2,0,241.2,241.524273338141,-40.967423080835,0,166.725722286586,1,0,0
4.056,49.9922551941815,400,0,166.725722286586,74.7980105960009,0,241.2,0,241.2,241.523732882586,-40.9702158655709,0,166.725722286586,1,0,0
4.057,49.9922681021912,400,0,166.725722286586,74.797471041205,0,241.2,0,241.2,241.523193327791,-40.9730039956655,0,166.725722286586,1,0,0
4.058,49.9922809886875,400,0,166.725722286586,74.7969323856671,0,241.2,0,241.2,241.522654672253,-40.9757874788767,0,166.725722286586,1,0,0
4.059,49.9922938537064,400,0,166.725722286586,74.7963946278882,0,241.2,0,241.2,241.522116914474,-40.9785663229492,0,166.725722286586,1,0,0
4.06,49.9923066972835,400,0,166.725722286586,74.7958577663723,0,241.2,0,241.2,241.521580052958,-40.9813405356149,0,166.725722286586,1,0,0
4.061,49.9923195194547,400,0,166.725722286586,74.7953217996254,0,241.2,0,241.2,241.521044086211,-40.9841101245928,0,166.725722286586,1,0,0
4.062,49.9923323202556,400,0,166.725722286586,74.7947867261563,0,241.2,0,241.2,241.520509012742,-40.9868750975891,0,166.725722286586,1,0,0
4.063,49.9923450997218,400,0,166.725722286586,74.7942525444763,0,241.2,0,241.2,241.519974831062,-40.9896354622971,0,166.725722286586,1,0,0
4.064,49.9923578578889,400,0,166.725722286586,74.7937192530989,0,241.2,0,241.2,241.519441539685,-40.9923912263973,0,166.725722286586,1,0,0
4.065,49.9923705947924,400,0,166.725722286586,74.7931868505404,0,241.2,0,241.2,241.518909137126,-40.9951423975573,0,166.725722286586,1,0,0
4.066,49.9923833104677,400,0,166.725722286586,74.7926553353195,0,241.2,0,241.2,241.518377621905,-40.997888983432,0,166.725722286586,1,0,0
4.067,49.9923960049503,400,0,166.725722286586,74.7921247059571,0,241.2,0,241.2,241.517846992543,-41.0006309916636,0,166.725722286586,1,0,0
4.068,49.9924086782753,400,0,166.725722286586,74.7915949609769,0,241.2,0,241.2,241.517317247563,-41.0033684298816,0,166.725722286586,1,0,0
4.069,49.9924213304782,400,0,166.725722286586,74.791066098905,0,241.2,0,241.2,241.516788385491,-41.0061013057024,0,166.725722286586,1,0,0
4.07,49.992433961594,400,0,166.725722286586,74.7905381182697,0,241.2,0,241.2,241.516260404855,-41.0088296267303,0,166.725722286586,1,0,0
4.071,49.992446571658,400,0,166.725722286586,74.7900110176021,0,241.2,0,241.2,241.515733304188,-41.0115534005564,0,166.725722286586,1,0,0
4.072,49.9924591607052,400,0,166.725722286586,74.7894847954355,0,241.2,0,241.2,241.515207082021,-41.0142726347595,0,166.725722286586,1,0,0
4.073,49.9924717287707,400,0,166.725722286586,74.7889594503057,0,241.2,0,241.2,241.514681736891,-41.0169873369057,0,166.725722286586,1,0,0
4.074,49.9924842758894,400,0,166.725722286586,74.7884349807511,0,241.2,0,241.2,241.514157267337,-41.0196975145482,0,166.725722286586,1,0,0
4.075,49.9924968020963,400,0,166.725722286586,74.7879113853123,0,241.2,0,241.2,241.513633671898,-41.022403175228,0,166.725722286586,1,0,0
4.076,49.9925093074261,400,0,166.725722286586,74.7873886625325,0,241.2,0,241.2,241.513110949118,-41.0251043264734,0,166.725722286586,1,0,0
4.077,49.9925217919137,400,0,166.725722286586,74.7868668109572,0,241.2,0,241.2,241.512589097543,-41.0278009758,0,166.725722286586,1,0,0
4.078,49.9925342555938,400,0,166.725722286586,74.7863458291344,0,241.2,0,241.2,241.51206811572,-41.030493130711,0,166.725722286586,1,0,0
4.079,49.9925466985011,400,0,166.725722286586,74.7858257156147,0,241.2,0,241.2,241.5115480022,-41.0331807986973,0,166.725722286586,1,0,0
4.08,49.9925591206703,400,0,166.725722286586,74.7853064689507,0,241.2,0,241.2,241.511028755536,-41.0358639872369,0,166.725722286586,1,0,0
4.081,49.9925715221358,400,0,166.725722286586,74.7847880876977,0,241.2,0,241.2,241.510510374283,-41.0385427037956,0,166.725722286586,1,0,0
4.082,49.9925839029323,400,0,166.725722286586,74.7842705704134,0,241.2,0,241.2,241.509992856999,-41.0412169558267,0,166.725722286586,1,0,0
4.083,49.992596263094,400,0,166.725722286586,74.7837539156579,0,241.2,0,241.2,241.509476202243,-41.0438867507711,0,166.725722286586,1,0,0
4.084,49.9926086026555,400,0,166.725722286586,74.7832381219935,0,241.2,0,241.2,241.508960408579,-41.0465520960572,0,166.725722286586,1,0,0
4.085,49.9926209216511,400,0,166.725722286586,74.7827231879851,0,241.2,0,241.2,241.508445474571,-41.0492129991012,0,166.725722286586,1,0,0
4.086,49.992633220115,400,0,166.725722286586,74.7822091122001,0,241.2,0,241.2,241.507931398786,-41.0518694673068,0,166.725722286586,1,0,0
4.087,49.9926454980814,400,0,166.725722286586,74.7816958932079,0,241.2,0,241.2,241.507418179793,-41.0545215080654,0,166.725722286586,1,0,0
4.088,49.9926577555846,400,0,166.725722286586,74.7811835295806,0,241.2,0,241.2,241.506905816166,-41.0571691287561,0,166.725722286586,1,0,0
4.089,49.9926699926586,400,0,166.725722286586,74.7806720198926,0,241.2,0,241.2,241.506394306478,-41.0598123367457,0,166.725722286586,1,0,0
4.09,49.9926822093375,400,0,166.725722286586,74.7801613627208,0,241.2,0,241.2,241.505883649306,-41.0624511393885,0,166.725722286586,1,0,0
4.091,49.9926944056553,400,0,166.725722286586,74.7796515566441,0,241.2,0,241.2,241.50537384323,-41.065085544027,0,166.725722286586,1,0,0
4.092,49.9927065816458,400,0,166.725722286586,74.7791426002441,0,241.2,0,241.2,241.50486488683,-41.0677155579911,0,166.725722286586,1,0,0
4.093,49.9927187373431,400,0,166.725722286586,74.7786344921047,0,241.2,0,241.2,241.50435677869,-41.0703411885986,0,166.725722286586,1,0,0
4.094,49.9927308727808,400,0,166.725722286586,74.7781272308122,0,241.2,0,241.2,241.503849517398,-41.0729624431551,0,166.725722286586,1,0,0
4.095,49.9927429879929,400,0,166.725722286586,74.7776208149551,0,241.2,0,241.2,241.503343101541,-41.075579328954,0,166.725722286586,1,0,0
4.096,49.9927550830129,400,0,166.725722286586,74.7771152431243,0,241.2,0,241.2,241.50283752971,-41.0781918532766,0,166.725722286586,1,0,0
4.097,49.9927671578745,400,0,166.725722286586,74.7766105139132,0,241.2,0,241.2,241.502332800499,-41.080800023392,0,166.725722286586,1,0,0
4.098,49.9927792126114,400,0,166.725722286586,74.7761066259174,0,241.2,0,241.2,241.501828912503,-41.0834038465571,0,166.725722286586,1,0,0
4.099,49.992791247257,400,0,166.725722286586,74.7756035777348,0,241.2,0,241.2,241.50132586432,-41.0860033300171,0,166.725722286586,1,0,0
4.1,49.9928032618449,400,0,166.725722286586,74.7751013679658,0,241.2,0,241.2,241.500823654551,-41.0885984810045,0,166.725722286586,1,0,0
4.101,49.9928152564085,400,0,166.725722286586,74.774599995213,0,241.2,0,241.2,241.500322281799,-41.0911893067404,0,166.725722286586,1,0,0
4.102,49.9928272309811,400,0,166.725722286586,74.7740994580814,0,241.2,0,241.2,241.499821744667,-41.0937758144333,0,166.725722286586,1,0,0
4.103,49.9928391855961,400,0,166.725722286586,74.7735997551783,0,241.2,0,241.2,241.499322041764,-41.0963580112801,0,166.725722286586,1,0,0
4.104,49.9928511202868,400,0,166.725722286586,74.7731008851133,0,241.2,0,241.2,241.498823171699,-41.0989359044655,0,166.725722286586,1,0,0
4.105,49.9928630350863,400,0,166.725722286586,74.7726028464984,0,241.2,0,241.2,241.498325133084,-41.1015095011623,0,166.725722286586,1,0,0
4.106,49.9928749300278,400,0,166.725722286586,74.7721056379477,0,241.2,0,241.2,241.497827924533,-41.1040788085312,0,166.725722286586,1,0,0
4.107,49.9928868051444,400,0,166.725722286586,74.7716092580779,0,241.2,0,241.2,241.497331544664,-41.1066438337212,0,166.725722286586,1,0,0
4.108,49.9928986604692,400,0,166.725722286586,74.7711137055078,0,241.2,0,241.2,241.496835992093,-41.1092045838692,0,166.725722286586,1,0,0
4.109,49.9929104960351,400,0,166.725722286586,74.7706189788586,0,241.2,0,241.2,241.496341265444,-41.1117610661003,0,166.725722286586,1,0,0
4.11,49.992922311875,400,0,166.725722286586,74.7701250767538,0,241.2,0,241.2,241.495847363339,-41.1143132875277,0,166.725722286586,1,0,0
4.111,49.9929341080219,400,0,166.725722286586,74.769631997819,0,241.2,0,241.2,241.495354284405,-41.1168612552527,0,166.725722286586,1,0,0
4.112,49.9929458845085,400,0,166.725722286586,74.7691397406824,0,241.2,0,241.2,241.494862027268,-41.1194049763648,0,166.725722286586,1,0,0
4.113,49.9929576413676,400,0,166.725722286586,74.7686483039743,0,241.2,0,241.2,241.49437059056,-41.1219444579418,0,166.725722286586,1,0,0
4.114,49.992969378632,400,0,166.725722286586,74.7681576863274,0,241.2,0,241.2,241.493879972913,-41.1244797070494,0,166.725722286586,1,0,0
4.115,49.9929810963343,400,0,166.725722286586,74.7676678863764,0,241.2,0,241.2,241.493390172962,-41.1270107307419,0,166.725722286586,1,0,0
4.116,49.9929927945071,400,0,166.725722286586,74.7671789027587,0,241.2,0,241.2,241.492901189344,-41.1295375360615,0,166.725722286586,1,0,0
4.117,49.9930044731829,400,0,166.725722286586,74.7666907341135,0,241.2,0,241.2,241.492413020699,-41.132060130039,0,166.725722286586,1,0,0
4.118,49.9930161323942,400,0,166.725722286586,74.7662033790828,0,241.2,0,241.2,241.491925665668,-41.1345785196932,0,166.725722286586,1,0,0
4.119,49.9930277721736,400,0,166.725722286586,74.7657168363104,0,241.2,0,241.2,241.491439122896,-41.1370927120312,0,166.725722286586,1,0,0
4.12,49.9930393925533,400,0,166.725722286586,74.7652311044425,0,241.2,0,241.2,241.490953391028,-41.1396027140488,0,166.725722286586,1,0,0
4.121,49.9930509935657,400,0,166.725722286586,74.7647461821277,0,241.2,0,241.2,241.490468468713,-41.1421085327296,0,166.725722286586,1,0,0
4.122,49.993062575243,400,0,166.725722286586,74.7642620680167,0,241.2,0,241.2,241.489984354602,-41.1446101750459,0,166.725722286586,1,0,0
4.123,49.9930741376176,400,0,166.725722286586,74.7637787607626,0,241.2,0,241.2,241.489501047348,-41.1471076479585,0,166.725722286586,1,0,0
4.124,49.9930856807216,400,0,166.725722286586,74.7632962590204,0,241.2,0,241.2,241.489018545606,-41.1496009584161,0,166.725722286586,1,0,0
4.125,49.9930972045871,400,0,166.725722286586,74.7628145614478,0,241.2,0,241.2,241.488536848033,-41.1520901133563,0,166.725722286586,1,0,0
4.126,49.9931087092461,400,0,166.725722286586,74.7623336667044,0,241.2,0,241.2,241.48805595329,-41.154575119705,0,166.725722286586,1,0,0
4.127,49.9931201947307,400,0,166.725722286586,74.7618535734521,0,241.2,0,241.2,241.487575860038,-41.1570559843764,0,166.725722286586,1,0,0
4.128,49.9931316610728,400,0,166.725722286586,74.7613742803553,0,241.2,0,241.2,241.487096566941,-41.1595327142734,0,166.725722286586,1,0,0
4.129,49.9931431083043,400,0,166.725722286586,74.7608957860802,0,241.2,0,241.2,241.486618072666,-41.1620053162872,0,166.725722286586,1,0,0
4.13,49.9931545364571,400,0,166.725722286586,74.7604180892956,0,241.2,0,241.2,241.486140375881,-41.1644737972976,0,166.725722286586,1,0,0
4.131,49.993165945563,400,0,166.725722286586,74.7599411886722,0,241.2,0,241.2,241.485663475258,-41.1669381641731,0,166.725722286586,1,0,0
4.132,49.9931773356537,400,0,166.725722286586,74.7594650828832,0,241.2,0,241.2,241.485187369469,-41.1693984237704,0,166.725722286586,1,0,0
4.133,49.993188706761,400,0,166.725722286586,74.7589897706038,0,241.2,0,241.2,241.484712057189,-41.171854582935,0,166.725722286586,1,0,0
4.134,49.9932000589164,400,0,166.725722286586,74.7585152505115,0,241.2,0,241.2,241.484237537097,-41.1743066485011,0,166.725722286586,1,0,0
4.135,49.9932113921515,400,0,166.725722286586,74.758041521286,0,241.2,0,241.2,241.483763807872,-41.1767546272912,0,166.725722286586,1,0,0
4.136,49.9932227064979,400,0,166.725722286586,74.7575685816091,0,241.2,0,241.2,241.483290868195,-41.1791985261167,0,166.725722286586,1,0,0
4.137,49.9932340019871,400,0,166.725722286586,74.757096430165,0,241.2,0,241.2,241.482818716751,-41.1816383517774,0,166.725722286586,1,0,0
4.138,49.9932452786504,400,0,166.725722286586,74.7566250656399,0,241.2,0,241.2,241.482347352226,-41.1840741110621,0,166.725722286586,1,0,0
4.139,49.9932565365193,400,0,166.725722286586,74.7561544867223,0,241.2,0,241.2,241.481876773308,-41.1865058107479,0,166.725722286586,1,0,0
4.14,49.9932677756251,400,0,166.725722286586,74.7556846921029,0,241.2,0,241.2,241.481406978688,-41.188933457601,0,166.725722286586,1,0,0
4.141,49.9932789959991,400,0,166.725722286586,74.7552156804744,0,241.2,0,241.2,241.48093796706,-41.1913570583759,0,166.725722286586,1,0,0
4.142,49.9932901976724,400,0,166.725722286586,74.754747450532,0,241.2,0,241.2,241.480469737118,-41.1937766198162,0,166.725722286586,1,0,0
4.143,49.9933013806763,400,0,166.725722286586,74.7542800009727,0,241.2,0,241.2,241.480002287558,-41.1961921486542,0,166.725722286586,1,0,0
4.144,49.9933125450418,400,0,166.725722286586,74.7538133304961,0,241.2,0,241.2,241.479535617082,-41.1986036516107,0,166.725722286586,1,0,0
4.145,49.9933236908001,400,0,166.725722286586,74.7533474378035,0,241.2,0,241.2,241.479069724389,-41.2010111353957,0,166.725722286586,1,0,0
4.146,49.9933348179821,400,0,166.725722286586,74.7528823215988,0,241.2,0,241.2,241.478604608184,-41.2034146067077,0,166.725722286586,1,0,0
4.147,49.9933459266188,400,0,166.725722286586,74.7524179805876,0,241.2,0,241.2,241.478140267173,-41.2058140722341,0,166.725722286586,1,0,0
4.148,49.9933570167411,400,0,166.725722286586,74.7519544134782,0,241.2,0,241.2,241.477676700064,-41.2082095386514,0,166.725722286586,1,0,0
4.149,49.9933680883798,400,0,166.725722286586,74.7514916189805,0,241.2,0,241.2,241.477213905566,-41.2106010126246,0,166.725722286586,1,0,0
4.15,49.9933791415658,400,0,166.725722286586,74.751029595807,0,241.2,0,241.2,241.476751882393,-41.2129885008078,0,166.725722286586,1,0,0
4.151,49.9933901763299,400,0,166.725722286586,74.750568342672,0,241.2,0,241.2,241.476290629258,-41.2153720098441,0,166.725722286586,1,0,0
4.152,49.9934011927027,400,0,166.725722286586,74.7501078582923,0,241.2,0,241.2,241.475830144878,-41.2177515463654,0,166.725722286586,1,0,0
4.153,49.9934121907148,400,0,166.725722286586,74.7496481413864,0,241.2,0,241.2,241.475370427972,-41.2201271169924,0,166.725722286586,1,0,0
4.154,49.993423170397,400,0,166.725722286586,74.7491891906754,0,241.2,0,241.2,241.474911477261,-41.2224987283351,0,166.725722286586,1,0,0
4.155,49.9934341317796,400,0,166.725722286586,74.7487310048822,0,241.2,0,241.2,241.474453291468,-41.2248663869922,0,166.725722286586,1,0,0
4.156,49.9934450748933,400,0,166.725722286586,74.748273582732,0,241.2,0,241.2,241.473995869318,-41.2272300995515,0,166.725722286586,1,0,0
4.157,49.9934559997685,400,0,166.725722286586,74.747816922952,0,241.2,0,241.2,241.473539209538,-41.2295898725899,0,166.725722286586,1,0,0
4.158,49.9934669064355,400,0,166.725722286586,74.7473610242716,0,241.2,0,241.2,241.473083310857,-41.2319457126733,0,166.725722286586,1,0,0
4.159,49.9934777949248,400,0,166.725722286586,74.7469058854223,0,241.2,0,241.2,241.472628172008,-41.2342976263565,0,166.725722286586,1,0,0
4.16,49.9934886652666,400,0,166.725722286586,74.7464515051377,0,241.2,0,241.2,241.472173791723,-41.2366456201835,0,166.725722286586,1,0,0
4.161,49.9934995174912,400,0,166.725722286586,74.7459978821536,0,241.2,0,241.2,241.471720168739,-41.2389897006876,0,166.725722286586,1,0,0
4.162,49.9935103516287,400,0,166.725722286586,74.7455450152077,0,241.2,0,241.2,241.471267301793,-41.2413298743907,0,166.725722286586,1,0,0
4.163,49.9935211677093,400,0,166.725722286586,74.7450929030401,0,241.2,0,241.2,241.470815189626,-41.2436661478044,0,166.725722286586,1,0,0
4.164,49.9935319657631,400,0,166.725722286586,74.7446415443927,0,241.2,0,241.2,241.470363830978,-41.2459985274291,0,166.725722286586,1,0,0
4.165,49.9935427458202,400,0,166.725722286586,74.7441909380096,0,241.2,0,241.2,241.469913224595,-41.2483270197544,0,166.725722286586,1,0,0
4.166,49.9935535079105,400,0,166.725722286586,74.7437410826372,0,241.2,0,241.2,241.469463369223,-41.2506516312591,0,166.725722286586,1,0,0
4.167,49.9935642520639,400,0,166.725722286586,74.7432919770237,0,241.2,0,241.2,241.469014263609,-41.2529723684113,0,166.725722286586,1,0,0
4.168,49.9935749783105,400,0,166.725722286586,74.7428436199195,0,241.2,0,241.2,241.468565906505,-41.2552892376683,0,166.725722286586,1,0,0
4.169,49.99358568668,400,0,166.725722286586,74.7423960100771,0,241.2,0,241.2,241.468118296663,-41.2576022454765,0,166.725722286586,1,0,0
4.17,49.9935963772022,400,0,166.725722286586,74.7419491462511,0,241.2,0,241.2,241.467671432837,-41.2599113982718,0,166.725722286586,1,0,0
4.171,49.9936070499068,400,0,166.725722286586,74.7415030271981,0,241.2,0,241.2,241.467225313784,-41.262216702479,0,166.725722286586,1,0,0
4.172,49.9936177048236,400,0,166.725722286586,74.7410576516769,0,241.2,0,241.2,241.466779938262,-41.2645181645125,0,166.725722286586,1,0,0
4.173,49.9936283419823,400,0,166.725722286586,74.7406130184481,0,241.2,0,241.2,241.466335305034,-41.266815790776,0,166.725722286586,1,0,0
4.174,49.9936389614123,400,0,166.725722286586,74.7401691262747,0,241.2,0,241.2,241.46589141286,-41.2691095876624,0,166.725722286586,1,0,0
4.175,49.9936495631433,400,0,166.725722286586,74.7397259739215,0,241.2,0,241.2,241.465448260507,-41.271399561554,0,166.725722286586,1,0,0
4.176,49.9936601472047,400,0,166.725722286586,74.7392835601556,0,241.2,0,241.2,241.465005846741,-41.2736857188224,0,166.725722286586,1,0,0
4.177,49.993670713626,400,0,166.725722286586,74.7388418837459,0,241.2,0,241.2,241.464564170332,-41.2759680658287,0,166.725722286586,1,0,0
4.178,49.9936812624366,400,0,166.725722286586,74.7384009434636,0,241.2,0,241.2,241.464123230049,-41.2782466089233,0,166.725722286586,1,0,0
4.179,49.9936917936659,400,0,166.725722286586,74.7379607380817,0,241.2,0,241.2,241.463683024667,-41.2805213544461,0,166.725722286586,1,0,0
4.18,49.9937023073431,400,0,166.725722286586,74.7375212663754,0,241.2,0,241.2,241.463243552961,-41.2827923087264,0,166.725722286586,1,0,0
4.181,49.9937128034976,400,0,166.725722286586,74.7370825271219,0,241.2,0,241.2,241.462804813708,-41.2850594780829,0,166.725722286586,1,0,0
4.182,49.9937232821584,400,0,166.725722286586,74.7366445191005,0,241.2,0,241.2,241.462366805686,-41.2873228688238,0,166.725722286586,1,0,0
4.183,49.9937337433548,400,0,166.725722286586,74.7362072410925,0,241.2,0,241.2,241.461929527678,-41.2895824872467,0,166.725722286586,1,0,0
4.184,49.9937441871159,400,0,166.725722286586,74.7357706918811,0,241.2,0,241.2,241.461492978467,-41.291838339639,0,166.725722286586,1,0,0
4.185,49.9937546134707,400,0,166.725722286586,74.7353348702518,0,241.2,0,241.2,241.461057156837,-41.2940904322773,0,166.725722286586,1,0,0
4.186,49.9937650224482,400,0,166.725722286586,74.7348997749918,0,241.2,0,241.2,241.460622061577,-41.2963387714279,0,166.725722286586,1,0,0
4.187,49.9937754140775,400,0,166.725722286586,74.7344654048906,0,241.2,0,241.2,241.460187691476,-41.2985833633465,0,166.725722286586,1,0,0
4.188,49.9937857883873,400,0,166.725722286586,74.7340317587395,0,241.2,0,241.2,241.459754045325,-41.3008242142786,0,166.725722286586,1,0,0
4.189,49.9937961454067,400,0,166.725722286586,74.7335988353319,0,241.2,0,241.2,241.459321121918,-41.3030613304592,0,166.725722286586,1,0,0
4.19,49.9938064851643,400,0,166.725722286586,74.7331666334634,0,241.2,0,241.2,241.458888920049,-41.3052947181128,0,166.725722286586,1,0,0
4.191,49.9938168076891,400,0,166.725722286586,74.7327351519313,0,241.2,0,241.2,241.458457438517,-41.3075243834536,0,166.725722286586,1,0,0
4.192,49.9938271130096,400,0,166.725722286586,74.7323043895351,0,241.2,0,241.2,241.458026676121,-41.3097503326856,0,166.725722286586,1,0,0
4.193,49.9938374011546,400,0,166.725722286586,74.7318743450762,0,241.2,0,241.2,241.457596631662,-41.3119725720021,0,166.725722286586,1,0,0
4.194,49.9938476721526,400,0,166.725722286586,74.731445017358,0,241.2,0,241.2,241.457167303944,-41.3141911075865,0,166.725722286586,1,0,0
4.195,49.9938579260324,400,0,166.725722286586,74.731016405186,0,241.2,0,241.2,241.456738691772,-41.3164059456115,0,166.725722286586,1,0,0
4.196,49.9938681628223,400,0,166.725722286586,74.7305885073676,0,241.2,0,241.2,241.456310793953,-41.3186170922399,0,166.725722286586,1,0,0
4.197,49.9938783825509,400,0,166.725722286586,74.7301613227122,0,241.2,0,241.2,241.455883609298,-41.3208245536239,0,166.725722286586,1,0,0
4.198,49.9938885852467,400,0,166.725722286586,74.7297348500313,0,241.2,0,241.2,241.455457136617,-41.3230283359055,0,166.725722286586,1,0,0
4.199,49.9938987709379,400,0,166.725722286586,74.7293090881381,0,241.2,0,241.2,241.455031374724,-41.3252284452167,0,166.725722286586,1,0,0
4.2,49.993908939653,400,0,166.725722286586,74.728884035848,0,241.2,0,241.2,241.454606322434,-41.3274248876791,0,166.725722286586,1,0,0
4.201,49.9939190914203,400,0,166.725722286586,74.7284596919784,0,241.2,0,241.2,241.454181978564,-41.329617669404,0,166.725722286586,1,0,0
4.202,49.9939292262679,400,0,166.725722286586,74.7280360553486,0,241.2,0,241.2,241.453758341934,-41.3318067964927,0,166.725722286586,1,0,0
4.203,49.9939393442241,400,0,166.725722286586,74.7276131247798,0,241.2,0,241.2,241.453335411365,-41.3339922750362,0,166.725722286586,1,0,0
4.204,49.9939494453171,400,0,166.725722286586,74.7271908990953,0,241.2,0,241.2,241.452913185681,-41.3361741111155,0,166.725722286586,1,0,0
4.205,49.9939595295749,400,0,166.725722286586,74.7267693771203,0,241.2,0,241.2,241.452491663706,-41.3383523108014,0,166.725722286586,1,0,0
4.206,49.9939695970256,400,0,166.725722286586,74.7263485576818,0,241.2,0,241.2,241.452070844267,-41.3405268801544,0,166.725722286586,1,0,0
4.207,49.9939796476972,400,0,166.725722286586,74.7259284396091,0,241.2,0,241.2,241.451650726195,-41.3426978252252,0,166.725722286586,1,0,0
4.208,49.9939896816177,400,0,166.725722286586,74.7255090217331,0,241.2,0,241.2,241.451231308319,-41.3448651520542,0,166.725722286586,1,0,0
4.209,49.993999698815,400,0,166.725722286586,74.7250903028869,0,241.2,0,241.2,241.450812589473,-41.3470288666718,0,166.725722286586,1,0,0
4.21,49.994009699317,400,0,166.725722286586,74.7246722819055,0,241.2,0,241.2,241.450394568491,-41.3491889750984,0,166.725722286586,1,0,0
4.211,49.9940196831515,400,0,166.725722286586,74.7242549576256,0,241.2,0,241.2,241.449977244211,-41.3513454833443,0,166.725722286586,1,0,0
4.212,49.9940296503462,400,0,166.725722286586,74.7238383288862,0,241.2,0,241.2,241.449560615472,-41.3534983974098,0,166.725722286586,1,0,0
4.213,49.994039600929,400,0,166.725722286586,74.7234223945281,0,241.2,0,241.2,241.449144681114,-41.3556477232851,0,166.725722286586,1,0,0
4.214,49.9940495349274,400,0,166.725722286586,74.7230071533939,0,241.2,0,241.2,241.448729439979,-41.3577934669507,0,166.725722286586,1,0,0
4.215,49.9940594523692,400,0,166.725722286586,74.7225926043282,0,241.2,0,241.2,241.448314890914,-41.3599356343768,0,166.725722286586,1,0,0
4.216,49.9940693532819,400,0,166.725722286586,74.7221787461775,0,241.2,0,241.2,241.447901032763,-41.3620742315239,0,166.725722286586,1,0,0
4.217,49.9940792376931,400,0,166.725722286586,74.7217655777905,0,241.2,0,241.2,241.447487864376,-41.3642092643424,0,166.725722286586,1,0,0
4.218,49.9940891056303,400,0,166.725722286586,74.7213530980175,0,241.2,0,241.2,241.447075384603,-41.3663407387729,0,166.725722286586,1,0,0
4.219,49.9940989571209,400,0,166.725722286586,74.7209413057107,0,241.2,0,241.2,241.446663592296,-41.368468660746,0,166.725722286586,1,0,0
4.22,49.9941087921924,400,0,166.725722286586,74.7205301997244,0,241.2,0,241.2,241.44625248631,-41.3705930361825,0,166.725722286586,1,0,0
4.221,49.994118610872,400,0,166.725722286586,74.7201197789148,0,241.2,0,241.2,241.4458420655,-41.3727138709932,0,166.725722286586,1,0,0
4.222,49.9941284131873,400,0,166.725722286586,74.7197100421398,0,241.2,0,241.2,241.445432328725,-41.3748311710793,0,166.725722286586,1,0,0
4.223,49.9941381991653,400,0,166.725722286586,74.7193009882594,0,241.2,0,241.2,241.445023274845,-41.3769449423319,0,166.725722286586,1,0,0
4.224,49.9941479688333,400,0,166.725722286586,74.7188926161354,0,241.2,0,241.2,241.444614902721,-41.3790551906324,0,166.725722286586,1,0,0
4.225,49.9941577222186,400,0,166.725722286586,74.7184849246317,0,241.2,0,241.2,241.444207211217,-41.3811619218524,0,166.725722286586,1,0,0
4.226,49.9941674593482,400,0,166.725722286586,74.7180779126138,0,241.2,0,241.2,241.443800199199,-41.3832651418537,0,166.725722286586,1,0,0
4.227,49.9941771802493,400,0,166.725722286586,74.7176715789492,0,241.2,0,241.2,241.443393865535,-41.3853648564883,0,166.725722286586,1,0,0
4.228,49.9941868849489,400,0,166.725722286586,74.7172659225074,0,241.2,0,241.2,241.442988209093,-41.3874610715986,0,166.725722286586,1,0,0
4.229,49.994196573474,400,0,166.725722286586,74.7168609421596,0,241.2,0,241.2,241.442583228745,-41.389553793017,0,166.725722286586,1,0,0
4.23,49.9942062458515,400,0,166.725722286586,74.7164566367791,0,241.2,0,241.2,241.442178923365,-41.3916430265663,0,166.725722286586,1,0,0
4.231,49.9942159021085,400,0,166.725722286586,74.7160530052408,0,241.2,0,241.2,241.441775291826,-41.3937287780598,0,166.725722286586,1,0,0
4.232,49.9942255422716,400,0,166.725722286586,74.7156500464218,0,241.2,0,241.2,241.441372333007,-41.3958110533007,0,166.725722286586,1,0,0
4.233,49.9942351663678,400,0,166.725722286586,74.7152477592008,0,241.2,0,241.2,241.440970045786,-41.397889858083,0,166.725722286586,1,0,0
4.234,49.9942447744239,400,0,166.725722286586,74.7148461424584,0,241.2,0,241.2,241.440568429044,-41.3999651981905,0,166.725722286586,1,0,0
4.235,49.9942543664665,400,0,166.725722286586,74.7144451950773,0,241.2,0,241.2,241.440167481663,-41.4020370793979,0,166.725722286586,1,0,0
4.236,49.9942639425224,400,0,166.725722286586,74.7140449159418,0,241.2,0,241.2,241.439767202527,-41.40410550747,0,166.725722286586,1,0,0
4.237,49.9942735026182,400,0,166.725722286586,74.7136453039382,0,241.2,0,241.2,241.439367590524,-41.4061704881619,0,166.725722286586,1,0,0
4.238,49.9942830467805,400,0,166.725722286586,74.7132463579546,0,241.2,0,241.2,241.43896864454,-41.4082320272194,0,166.725722286586,1,0,0
4.239,49.9942925750358,400,0,166.725722286586,74.712848076881,0,241.2,0,241.2,241.438570363467,-41.4102901303784,0,166.725722286586,1,0,0
4.24,49.9943020874108,400,0,166.725722286586,74.7124504596091,0,241.2,0,241.2,241.438172746195,-41.4123448033655,0,166.725722286586,1,0,0
4.241,49.9943115839318,400,0,166.725722286586,74.7120535050327,0,241.2,0,241.2,241.437775791618,-41.4143960518976,0,166.725722286586,1,0,0
4.242,49.9943210646252,400,0,166.725722286586,74.7116572120473,0,241.2,0,241.2,241.437379498633,-41.4164438816822,0,166.725722286586,1,0,0
4.243,49.9943305295175,400,0,166.725722286586,74.7112615795501,0,241.2,0,241.2,241.436983866136,-41.4184882984171,0,166.725722286586,1,0,0
4.244,49.994339978635,400,0,166.725722286586,74.7108666064405,0,241.2,0,241.2,241.436588893026,-41.4205293077908,0,166.725722286586,1,0,0
4.245,49.9943494120039,400,0,166.725722286586,74.7104722916194,0,241.2,0,241.2,241.436194578205,-41.4225669154822,0,166.725722286586,1,0,0
4.246,49.9943588296506,400,0,166.725722286586,74.7100786339896,0,241.2,0,241.2,241.435800920575,-41.4246011271608,0,166.725722286586,1,0,0
4.247,49.9943682316011,400,0,166.725722286586,74.7096856324559,0,241.2,0,241.2,241.435407919041,-41.4266319484866,0,166.725722286586,1,0,0
4.248,49.9943776178818,400,0,166.725722286586,74.7092932859247,0,241.2,0,241.2,241.43501557251,-41.4286593851102,0,166.725722286586,1,0,0
4.249,49.9943869885187,400,0,166.725722286586,74.7089015933045,0,241.2,0,241.2,241.43462387989,-41.4306834426727,0,166.725722286586,1,0,0
4.25,49.9943963435378,400,0,166.725722286586,74.7085105535052,0,241.2,0,241.2,241.434232840091,-41.432704126806,0,166.725722286586,1,0,0
4.251,49.9944056829652,400,0,166.725722286586,74.7081201654389,0,241.2,0,241.2,241.433842452025,-41.4347214431324,0,166.725722286586,1,0,0
4.252,49.994415006827,400,0,166.725722286586,74.7077304280194,0,241.2,0,241.2,241.433452714605,-41.4367353972649,0,166.725722286586,1,0,0
4.253,49.9944243151489,400,0,166.725722286586,74.7073413401623,0,241.2,0,241.2,241.433063626748,-41.4387459948072,0,166.725722286586,1,0,0
4.254,49.994433607957,400,0,166.725722286586,74.7069529007848,0,241.2,0,241.2,241.43267518737,-41.4407532413536,0,166.725722286586,1,0,0
4.255,49.9944428852771,400,0,166.725722286586,74.7065651088064,0,241.2,0,241.2,241.432287395392,-41.4427571424891,0,166.725722286586,1,0,0
4.256,49.994452147135,400,0,166.725722286586,74.7061779631479,0,241.2,0,241.2,241.431900249733,-41.4447577037893,0,166.725722286586,1,0,0
4.257,49.9944613935564,400,0,166.725722286586,74.7057914627321,0,241.2,0,241.2,241.431513749318,-41.4467549308208,0,166.725722286586,1,0,0
4.258,49.9944706245671,400,0,166.725722286586,74.7054056064837,0,241.2,0,241.2,241.431127893069,-41.4487488291404,0,166.725722286586,1,0,0
4.259,49.9944798401929,400,0,166.725722286586,74.7050203933291,0,241.2,0,241.2,241.430742679915,-41.4507394042963,0,166.725722286586,1,0,0
4.26,49.9944890404592,400,0,166.725722286586,74.7046358221963,0,241.2,0,241.2,241.430358108782,-41.4527266618269,0,166.725722286586,1,0,0
4.261,49.9944982253918,400,0,166.725722286586,74.7042518920154,0,241.2,0,241.2,241.429974178601,-41.4547106072615,0,166.725722286586,1,0,0
4.262,49.9945073950161,400,0,166.725722286586,74.7038686017182,0,241.2,0,241.2,241.429590888304,-41.4566912461205,0,166.725722286586,1,0,0
4.263,49.9945165493578,400,0,166.725722286586,74.7034859502381,0,241.2,0,241.2,241.429208236824,-41.4586685839147,0,166.725722286586,1,0,0
4.264,49.9945256884422,400,0,166.725722286586,74.7031039365104,0,241.2,0,241.2,241.428826223096,-41.4606426261459,0,166.725722286586,1,0,0
4.265,49.9945348122948,400,0,166.725722286586,74.7027225594723,0,241.2,0,241.2,241.428444846058,-41.4626133783067,0,166.725722286586,1,0,0
4.266,49.9945439209409,400,0,166.725722286586,74.7023418180626,0,241.2,0,241.2,241.428064104648,-41.4645808458806,0,166.725722286586,1,0,0
4.267,49.994553014406,400,0,166.725722286586,74.7019617112219,0,241.2,0,241.2,241.427683997807,-41.4665450343419,0,166.725722286586,1,0,0
4.268,49.9945620927153,400,0,166.725722286586,74.7015822378926,0,241.2,0,241.2,241.427304524478,-41.4685059491557,0,166.725722286586,1,0,0
4.269,49.9945711558942,400,0,166.725722286586,74.7012033970188,0,241.2,0,241.2,241.426925683604,-41.4704635957782,0,166.725722286586,1,0,0
4.27,49.9945802039677,400,0,166.725722286586,74.7008251875465,0,241.2,0,241.2,241.426547474132,-41.4724179796563,0,166.725722286586,1,0,0
4.271,49.9945892369611,400,0,166.725722286586,74.7004476084233,0,241.2,0,241.2,241.426169895009,-41.4743691062279,0,166.725722286586,1,0,0
4.272,49.9945982548995,400,0,166.725722286586,74.7000706585986,0,241.2,0,241.2,241.425792945184,-41.476316980922,0,166.725722286586,1,0,0
4.273,49.9946072578079,400,0,166.725722286586,74.6996943370236,0,241.2,0,241.2,241.425416623609,-41.4782616091582,0,166.725722286586,1,0,0
4.274,49.9946162457116,400,0,166.725722286586,74.6993186426513,0,241.2,0,241.2,241.425040929237,-41.4802029963473,0,166.725722286586,1,0,0
4.275,49.9946252186354,400,0,166.725722286586,74.6989435744362,0,241.2,0,241.2,241.424665861022,-41.4821411478911,0,166.725722286586,1,0,0
4.276,49.9946341766044,400,0,166.725722286586,74.6985691313348,0,241.2,0,241.2,241.42429141792,-41.4840760691824,0,166.725722286586,1,0,0
4.277,49.9946431196433,400,0,166.725722286586,74.6981953123052,0,241.2,0,241.2,241.423917598891,-41.4860077656048,0,166.725722286586,1,0,0
4.278,49.9946520477773,400,0,166.725722286586,74.6978221163074,0,241.2,0,241.2,241.423544402893,-41.4879362425332,0,166.725722286586,1,0,0
4.279,49.994660961031,400,0,166.725722286586,74.6974495423029,0,241.2,0,241.2,241.423171828888,-41.4898615053334,0,166.725722286586,1,0,0
4.28,49.9946698594293,400,0,166.725722286586,74.697077589255,0,241.2,0,241.2,241.422799875841,-41.4917835593622,0,166.725722286586,1,0,0
4.281,49.9946787429969,400,0,166.725722286586,74.6967062561289,0,241.2,0,241.2,241.422428542715,-41.4937024099677,0,166.725722286586,1,0,0
4.282,49.9946876117585,400,0,166.725722286586,74.6963355418914,0,241.2,0,241.2,241.422057828477,-41.4956180624888,0,166.725722286586,1,0,0
4.283,49.9946964657389,400,0,166.725722286586,74.6959654455109,0,241.2,0,241.2,241.421687732097,-41.4975305222558,0,166.725722286586,1,0,0
4.284,49.9947053049627,400,0,166.725722286586,74.6955959659577,0,241.2,0,241.2,241.421318252543,-41.4994397945897,0,166.725722286586,1,0,0
4.285,49.9947141294544,400,0,166.725722286586,74.6952271022038,0,241.2,0,241.2,241.420949388789,-41.5013458848031,0,166.725722286586,1,0,0
4.286,49.9947229392387,400,0,166.725722286586,74.6948588532228,0,241.2,0,241.2,241.420581139808,-41.5032487981996,0,166.725722286586,1,0,0
4.287,49.99473173434,400,0,166.725722286586,74.6944912179901,0,241.2,0,241.2,241.420213504576,-41.5051485400736,0,166.725722286586,1,0,0
4.288,49.9947405147827,400,0,166.725722286586,74.6941241954827,0,241.2,0,241.2,241.419846482068,-41.5070451157112,0,166.725722286586,1,0,0
4.289,49.9947492805914,400,0,166.725722286586,74.6937577846796,0,241.2,0,241.2,241.419480071265,-41.5089385303895,0,166.725722286586,1,0,0
4.29,49.9947580317904,400,0,166.725722286586,74.6933919845611,0,241.2,0,241.2,241.419114271147,-41.5108287893765,0,166.725722286586,1,0,0
4.291,49.9947667684041,400,0,166.725722286586,74.6930267941095,0,241.2,0,241.2,241.418749080695,-41.512715897932,0,166.725722286586,1,0,0
4.292,49.9947754904568,400,0,166.725722286586,74.6926622123086,0,241.2,0,241.2,241.418384498894,-41.5145998613065,0,166.725722286586,1,0,0
4.293,49.9947841979727,400,0,166.725722286586,74.6922982381441,0,241.2,0,241.2,241.41802052473,-41.5164806847421,0,166.725722286586,1,0,0
4.294,49.9947928909761,400,0,166.725722286586,74.6919348706031,0,241.2,0,241.2,241.417657157189,-41.5183583734719,0,166.725722286586,1,0,0
4.295,49.9948015694911,400,0,166.725722286586,74.6915721086748,0,241.2,0,241.2,241.41729439526,-41.5202329327205,0,166.725722286586,1,0,0
4.296,49.9948102335419,400,0,166.725722286586,74.6912099513496,0,241.2,0,241.2,241.416932237935,-41.5221043677038,0,166.725722286586,1,0,0
4.297,49.9948188831527,400,0,166.725722286586,74.69084839762,0,241.2,0,241.2,241.416570684206,-41.5239726836287,0,166.725722286586,1,0,0
4.298,49.9948275183474,400,0,166.725722286586,74.6904874464799,0,241.2,0,241.2,241.416209733066,-41.5258378856937,0,166.725722286586,1,0,0
4.299,49.9948361391502,400,0,166.725722286586,74.6901270969251,0,241.2,0,241.2,241.415849383511,-41.5276999790886,0,166.725722286586,1,0,0
4.3,49.9948447455849,400,0,166.725722286586,74.6897673479529,0,241.2,0,241.2,241.415489634538,-41.5295589689945,0,166.725722286586,1,0,0
4.301,49.9948533376756,400,0,166.725722286586,74.6894081985622,0,241.2,0,241.2,241.415130485148,-41.531414860584,0,166.725722286586,1,0,0
4.302,49.9948619154462,400,0,166.725722286586,74.6890496477539,0,241.2,0,241.2,241.41477193434,-41.5332676590207,0,166.725722286586,1,0,0
4.303,49.9948704789204,400,0,166.725722286586,74.6886916945303,0,241.2,0,241.2,241.414413981116,-41.5351173694601,0,166.725722286586,1,0,0
4.304,49.9948790281222,400,0,166.725722286586,74.6883343378953,0,241.2,0,241.2,241.414056624481,-41.5369639970488,0,166.725722286586,1,0,0
4.305,49.9948875630754,400,0,166.725722286586,74.6879775768547,0,241.2,0,241.2,241.41369986344,-41.5388075469248,0,166.725722286586,1,0,0
4.306,49.9948960838036,400,0,166.725722286586,74.6876214104159,0,241.2,0,241.2,241.413343697001,-41.5406480242176,0,166.725722286586,1,0,0
4.307,49.9949045903306,400,0,166.725722286586,74.6872658375877,0,241.2,0,241.2,241.412988124173,-41.5424854340483,0,166.725722286586,1,0,0
4.308,49.99491308268,400,0,166.725722286586,74.686910857381,0,241.2,0,241.2,241.412633143967,-41.5443197815293,0,166.725722286586,1,0,0
4.309,49.9949215608756,400,0,166.725722286586,74.6865564688079,0,241.2,0,241.2,241.412278755393,-41.5461510717645,0,166.725722286586,1,0,0
4.31,49.9949300249408,400,0,166.725722286586,74.6862026708824,0,241.2,0,241.2,241.411924957468,-41.5479793098493,0,166.725722286586,1,0,0
4.311,49.9949384748992,400,0,166.725722286586,74.6858494626201,0,241.2,0,241.2,241.411571749206,-41.5498045008706,0,166.725722286586,1,0,0
4.312,49.9949469107744,400,0,166.725722286586,74.6854968430383,0,241.2,0,241.2,241.411219129624,-41.5516266499069,0,166.725722286586,1,0,0
4.313,49.9949553325897,400,0,166.725722286586,74.6851448111557,0,241.2,0,241.2,241.410867097741,-41.5534457620282,0,166.725722286586,1,0,0
4.314,49.9949637403687,400,0,166.725722286586,74.684793365993,0,241.2,0,241.2,241.410515652579,-41.5552618422959,0,166.725722286586,1,0,0
4.315,49.9949721341348,400,0,166.725722286586,74.6844425065722,0,241.2,0,241.2,241.410164793158,-41.5570748957631,0,166.725722286586,1,0,0
4.316,49.9949805139112,400,0,166.725722286586,74.6840922319171,0,241.2,0,241.2,241.409814518503,-41.5588849274746,0,166.725722286586,1,0,0
4.317,49.9949888797214,400,0,166.725722286586,74.6837425410532,0,241.2,0,241.2,241.409464827639,-41.5606919424665,0,166.725722286586,1,0,0
4.318,49.9949972315885,400,0,166.725722286586,74.6833934330073,0,241.2,0,241.2,241.409115719593,-41.5624959457668,0,166.725722286586,1,0,0
4.319,49.9950055695359,400,0,166.725722286586,74.6830449068082,0,241.2,0,241.2,241.408767193394,-41.564296942395,0,166.725722286586,1,0,0
4.32,49.9950138935866,400,0,166.725722286586,74.6826969614861,0,241.2,0,241.2,241.408419248072,-41.5660949373621,0,166.725722286586,1,0,0
4.321,49.995022203764,400,0,166.725722286586,74.6823495960729,0,241.2,0,241.2,241.408071882658,-41.5678899356709,0,166.725722286586,1,0,0
4.322,49.9950305000911,400,0,166.725722286586,74.682002809602,0,241.2,0,241.2,241.407725096188,-41.5696819423158,0,166.725722286586,1,0,0
4.323,49.9950387825909,400,0,166.725722286586,74.6816566011085,0,241.2,0,241.2,241.407378887694,-41.5714709622831,0,166.725722286586,1,0,0
4.324,49.9950470512866,400,0,166.725722286586,74.6813109696292,0,241.2,0,241.2,241.407033256215,-41.5732570005503,0,166.725722286586,1,0,0
4.325,49.9950553062011,400,0,166.725722286586,74.6809659142024,0,241.2,0,241.2,241.406688200788,-41.5750400620872,0,166.725722286586,1,0,0
4.326,49.9950635473574,400,0,166.725722286586,74.6806214338679,0,241.2,0,241.2,241.406343720454,-41.5768201518548,0,166.725722286586,1,0,0
4.327,49.9950717747785,400,0,166.725722286586,74.6802775276674,0,241.2,0,241.2,241.405999814253,-41.5785972748061,0,166.725722286586,1,0,0
4.328,49.9950799884872,400,0,166.725722286586,74.6799341946438,0,241.2,0,241.2,241.405656481229,-41.5803714358858,0,166.725722286586,1,0,0
4.329,49.9950881885064,400,0,166.725722286586,74.6795914338419,0,241.2,0,241.2,241.405313720428,-41.5821426400304,0,166.725722286586,1,0,0
4.33,49.9950963748589,400,0,166.725722286586,74.6792492443081,0,241.2,0,241.2,241.404971530894,-41.5839108921681,0,166.725722286586,1,0,0
4.331,49.9951045475675,400,0,166.725722286586,74.6789076250901,0,241.2,0,241.2,241.404629911676,-41.5856761972189,0,166.725722286586,1,0,0
4.332,49.9951127066548,400,0,166.725722286586,74.6785665752375,0,241.2,0,241.2,241.404288861823,-41.5874385600947,0,166.725722286586,1,0,0
4.333,49.9951208521437,400,0,166.725722286586,74.6782260938013,0,241.2,0,241.2,241.403948380387,-41.5891979856989,0,166.725722286586,1,0,0
4.334,49.9951289840568,400,0,166.725722286586,74.6778861798342,0,241.2,0,241.2,241.40360846642,-41.5909544789272,0,166.725722286586,1,0,0
4.335,49.9951371024167,400,0,166.725722286586,74.6775468323904,0,241.2,0,241.2,241.403269118976,-41.5927080446667,0,166.725722286586,1,0,0
4.336,49.995145207246,400,0,166.725722286586,74.6772080505256,0,241.2,0,241.2,241.402930337111,-41.5944586877967,0,166.725722286586,1,0,0
4.337,49.9951532985673,400,0,166.725722286586,74.6768698332973,0,241.2,0,241.2,241.402592119883,-41.5962064131881,0,166.725722286586,1,0,0
4.338,49.995161376403,400,0,166.725722286586,74.6765321797644,0,241.2,0,241.2,241.40225446635,-41.5979512257039,0,166.725722286586,1,0,0
4.339,49.9951694407757,400,0,166.725722286586,74.6761950889873,0,241.2,0,241.2,241.401917375573,-41.5996931301988,0,166.725722286586,1,0,0
4.34,49.9951774917077,400,0,166.725722286586,74.6758585600281,0,241.2,0,241.2,241.401580846614,-41.6014321315195,0,166.725722286586,1,0,0
4.341,49.9951855292216,400,0,166.725722286586,74.6755225919506,0,241.2,0,241.2,241.401244878536,-41.6031682345048,0,166.725722286586,1,0,0
4.342,49.9951935533395,400,0,166.725722286586,74.6751871838198,0,241.2,0,241.2,241.400909470405,-41.604901443985,0,166.725722286586,1,0,0
4.343,49.995201564084,400,0,166.725722286586,74.6748523347026,0,241.2,0,241.2,241.400574621288,-41.6066317647828,0,166.725722286586,1,0,0
4.344,49.9952095614771,400,0,166.725722286586,74.6745180436672,0,241.2,0,241.2,241.400240330253,-41.6083592017126,0,166.725722286586,1,0,0
4.345,49.9952175455414,400,0,166.725722286586,74.6741843097836,0,241.2,0,241.2,241.399906596369,-41.6100837595808,0,166.725722286586,1,0,0
4.346,49.9952255162988,400,0,166.725722286586,74.6738511321231,0,241.2,0,241.2,241.399573418709,-41.6118054431859,0,166.725722286586,1,0,0
4.347,49.9952334737716,400,0,166.725722286586,74.6735185097587,0,241.2,0,241.2,241.399240796344,-41.6135242573183,0,166.725722286586,1,0,0
4.348,49.995241417982,400,0,166.725722286586,74.6731864417649,0,241.2,0,241.2,241.398908728351,-41.6152402067606,0,166.725722286586,1,0,0
4.349,49.995249348952,400,0,166.725722286586,74.6728549272178,0,241.2,0,241.2,241.398577213803,-41.616953296287,0,166.725722286586,1,0,0
4.35,49.9952572667038,400,0,166.725722286586,74.6725239651949,0,241.2,0,241.2,241.398246251781,-41.6186635306643,0,166.725722286586,1,0,0
4.351,49.9952651712593,400,0,166.725722286586,74.6721935547754,0,241.2,0,241.2,241.397915841361,-41.620370914651,0,166.725722286586,1,0,0
4.352,49.9952730626405,400,0,166.725722286586,74.6718636950399,0,241.2,0,241.2,241.397585981626,-41.6220754529976,0,166.725722286586,1,0,0
4.353,49.9952809408694,400,0,166.725722286586,74.6715343850706,0,241.2,0,241.2,241.397256671656,-41.623777150447,0,166.725722286586,1,0,0
4.354,49.995288805968,400,0,166.725722286586,74.6712056239513,0,241.2,0,241.2,241.396927910537,-41.625476011734,0,166.725722286586,1,0,0
4.355,49.995296657958,400,0,166.725722286586,74.6708774107671,0,241.2,0,241.2,241.396599697353,-41.6271720415856,0,166.725722286586,1,0,0
4.356,49.9953044968614,400,0,166.725722286586,74.670549744605,0,241.2,0,241.2,241.396272031191,-41.6288652447207,0,166.725722286586,1,0,0
4.357,49.9953123227,400,0,166.725722286586,74.670222624553,0,241.2,0,241.2,241.395944911139,-41.6305556258506,0,166.725722286586,1,0,0
4.358,49.9953201354955,400,0,166.725722286586,74.6698960497012,0,241.2,0,241.2,241.395618336287,-41.6322431896785,0,166.725722286586,1,0,0
4.359,49.9953279352697,400,0,166.725722286586,74.6695700191408,0,241.2,0,241.2,241.395292305726,-41.6339279409002,0,166.725722286586,1,0,0
4.36,49.9953357220442,400,0,166.725722286586,74.6692445319646,0,241.2,0,241.2,241.39496681855,-41.6356098842031,0,166.725722286586,1,0,0
4.361,49.9953434958408,400,0,166.725722286586,74.6689195872671,0,241.2,0,241.2,241.394641873853,-41.6372890242671,0,166.725722286586,1,0,0
4.362,49.9953512566811,400,0,166.725722286586,74.6685951841441,0,241.2,0,241.2,241.39431747073,-41.6389653657645,0,166.725722286586,1,0,0
4.363,49.9953590045866,400,0,166.725722286586,74.6682713216929,0,241.2,0,241.2,241.393993608279,-41.6406389133593,0,166.725722286586,1,0,0
4.364,49.995366739579,400,0,166.725722286586,74.6679479990125,0,241.2,0,241.2,241.393670285598,-41.6423096717081,0,166.725722286586,1,0,0
4.365,49.9953744616797,400,0,166.725722286586,74.6676252152032,0,241.2,0,241.2,241.393347501789,-41.6439776454596,0,166.725722286586,1,0,0
4.366,49.9953821709102,400,0,166.725722286586,74.6673029693669,0,241.2,0,241.2,241.393025255953,-41.6456428392549,0,166.725722286586,1,0,0
4.367,49.995389867292,400,0,166.725722286586,74.666981260607,0,241.2,0,241.2,241.392703547193,-41.6473052577273,0,166.725722286586,1,0,0
4.368,49.9953975508465,400,0,166.725722286586,74.6666600880284,0,241.2,0,241.2,241.392382374614,-41.6489649055021,0,166.725722286586,1,0,0
4.369,49.9954052215951,400,0,166.725722286586,74.6663394507374,0,241.2,0,241.2,241.392061737323,-41.6506217871974,0,166.725722286586,1,0,0
4.37,49.9954128795591,400,0,166.725722286586,74.6660193478419,0,241.2,0,241.2,241.391741634428,-41.6522759074231,0,166.725722286586,1,0,0
4.371,49.9954205247599,400,0,166.725722286586,74.6656997784513,0,241.2,0,241.2,241.391422065037,-41.6539272707818,0,166.725722286586,1,0,0
4.372,49.9954281572186,400,0,166.725722286586,74.6653807416763,0,241.2,0,241.2,241.391103028262,-41.6555758818683,0,166.725722286586,1,0,0
4.373,49.9954357769566,400,0,166.725722286586,74.6650622366293,0,241.2,0,241.2,241.390784523215,-41.6572217452696,0,166.725722286586,1,0,0
4.374,49.995443383995,400,0,166.725722286586,74.664744262424,0,241.2,0,241.2,241.39046654901,-41.6588648655652,0,166.725722286586,1,0,0
4.375,49.995450978355,400,0,166.725722286586,74.6644268181757,0,241.2,0,241.2,241.390149104761,-41.660505247327,0,166.725722286586,1,0,0
4.376,49.9954585600577,400,0,166.725722286586,74.6641099030011,0,241.2,0,241.2,241.389832189587,-41.6621428951192,0,166.725722286586,1,0,0
4.377,49.9954661291243,400,0,166.725722286586,74.6637935160186,0,241.2,0,241.2,241.389515802604,-41.6637778134985,0,166.725722286586,1,0,0
4.378,49.9954736855758,400,0,166.725722286586,74.6634776563477,0,241.2,0,241.2,241.389199942933,-41.6654100070137,0,166.725722286586,1,0,0
4.379,49.9954812294331,400,0,166.725722286586,74.6631623231095,0,241.2,0,241.2,241.388884609695,-41.6670394802064,0,166.725722286586,1,0,0
4.38,49.9954887607174,400,0,166.725722286586,74.6628475154268,0,241.2,0,241.2,241.388569802012,-41.6686662376105,0,166.725722286586,1,0,0
4.381,49.9954962794495,400,0,166.725722286586,74.6625332324236,0,241.2,0,241.2,241.388255519009,-41.6702902837523,0,166.725722286586,1,0,0
4.382,49.9955037856505,400,0,166.725722286586,74.6622194732253,0,241.2,0,241.2,241.387941759811,-41.6719116231504,0,166.725722286586,1,0,0
4.383,49.995511279341,400,0,166.725722286586,74.6619062369591,0,241.2,0,241.2,241.387628523545,-41.6735302603163,0,166.725722286586,1,0,0
4.384,49.9955187605421,400,0,166.725722286586,74.6615935227533,0,241.2,0,241.2,241.387315809339,-41.6751461997535,0,166.725722286586,1,0,0
4.385,49.9955262292746,400,0,166.725722286586,74.6612813297378,0,241.2,0,241.2,241.387003616323,-41.6767594459583,0,166.725722286586,1,0,0
4.386,49.9955336855591,400,0,166.725722286586,74.6609696570441,0,241.2,0,241.2,241.38669194363,-41.6783700034195,0,166.725722286586,1,0,0
4.387,49.9955411294165,400,0,166.725722286586,74.6606585038049,0,241.2,0,241.2,241.38638079039,-41.6799778766182,0,166.725722286586,1,0,0
4.388,49.9955485608675,400,0,166.725722286586,74.6603478691543,0,241.2,0,241.2,241.38607015574,-41.6815830700283,0,166.725722286586,1,0,0
4.389,49.9955559799327,400,0,166.725722286586,74.6600377522282,0,241.2,0,241.2,241.385760038814,-41.683185588116,0,166.725722286586,1,0,0
4.39,49.9955633866328,400,0,166.725722286586,74.6597281521637,0,241.2,0,241.2,241.385450438749,-41.6847854353402,0,166.725722286586,1,0,0
4.391,49.9955707809884,400,0,166.725722286586,74.6594190680992,0,241.2,0,241.2,241.385141354685,-41.6863826161524,0,166.725722286586,1,0,0
4.392,49.9955781630201,400,0,166.725722286586,74.6591104991748,0,241.2,0,241.2,241.38483278576,-41.6879771349966,0,166.725722286586,1,0,0
4.393,49.9955855327484,400,0,166.725722286586,74.658802444532,0,241.2,0,241.2,241.384524731118,-41.6895689963093,0,166.725722286586,1,0,0
4.394,49.9955928901938,400,0,166.725722286586,74.6584949033136,0,241.2,0,241.2,241.384217189899,-41.6911582045199,0,166.725722286586,1,0,0
4.395,49.9956002353768,400,0,166.725722286586,74.6581878746639,0,241.2,0,241.2,241.383910161249,-41.6927447640501,0,166.725722286586,1,0,0
4.396,49.9956075683179,400,0,166.725722286586,74.6578813577286,0,241.2,0,241.2,241.383603644314,-41.6943286793145,0,166.725722286586,1,0,0
4.397,49.9956148890373,400,0,166.725722286586,74.6575753516548,0,241.2,0,241.2,241.38329763824,-41.69590995472,0,166.725722286586,1,0,0
4.398,49.9956221975556,400,0,166.725722286586,74.6572698555912,0,241.2,0,241.2,241.382992142177,-41.6974885946666,0,166.725722286586,1,0,0
4.399,49.995629493893,400,0,166.725722286586,74.6569648686877,0,241.2,0,241.2,241.382687155273,-41.6990646035466,0,166.725722286586,1,0,0
4.4,49.9956367780699,400,0,166.725722286586,74.6566603900957,0,241.2,0,241.2,241.382382676681,-41.7006379857451,0,166.725722286586,1,0,0
4.401,49.9956440501064,400,0,166.725722286586,74.656356418968,0,241.2,0,241.2,241.382078705554,-41.7022087456399,0,166.725722286586,1,0,0
4.402,49.9956513100229,400,0,166.725722286586,74.6560529544588,0,241.2,0,241.2,241.381775241044,-41.7037768876016,0,166.725722286586,1,0,0
4.403,49.9956585578395,400,0,166.725722286586,74.6557499957239,0,241.2,0,241.2,241.38147228231,-41.7053424159934,0,166.725722286586,1,0,0
4.404,49.9956657935765,400,0,166.725722286586,74.6554475419202,0,241.2,0,241.2,241.381169828506,-41.7069053351711,0,166.725722286586,1,0,0
4.405,49.9956730172538,400,0,166.725722286586,74.6551455922061,0,241.2,0,241.2,241.380867878792,-41.7084656494836,0,166.725722286586,1,0,0
4.406,49.9956802288917,400,0,166.725722286586,74.6548441457416,0,241.2,0,241.2,241.380566432327,-41.7100233632722,0,166.725722286586,1,0,0
4.407,49.9956874285103,400,0,166.725722286586,74.6545432016878,0,241.2,0,241.2,241.380265488273,-41.7115784808712,0,166.725722286586,1,0,0
4.408,49.9956946161294,400,0,166.725722286586,74.6542427592075,0,241.2,0,241.2,241.379965045793,-41.7131310066075,0,166.725722286586,1,0,0
4.409,49.9957017917692,400,0,166.725722286586,74.6539428174646,0,241.2,0,241.2,241.37966510405,-41.7146809448009,0,166.725722286586,1,0,0
4.41,49.9957089554496,400,0,166.725722286586,74.6536433756247,0,241.2,0,241.2,241.37936566221,-41.716228299764,0,166.725722286586,1,0,0
4.411,49.9957161071905,400,0,166.725722286586,74.6533444328544,0,241.2,0,241.2,241.37906671944,-41.7177730758022,0,166.725722286586,1,0,0
4.412,49.9957232470118,400,0,166.725722286586,74.6530459883221,0,241.2,0,241.2,241.378768274908,-41.7193152772136,0,166.725722286586,1,0,0
4.413,49.9957303749335,400,0,166.725722286586,74.6527480411974,0,241.2,0,241.2,241.378470327783,-41.7208549082893,0,166.725722286586,1,0,0
4.414,49.9957374909753,400,0,166.725722286586,74.6524505906511,0,241.2,0,241.2,241.378172877237,-41.7223919733133,0,166.725722286586,1,0,0
4.415,49.995744595157,400,0,166.725722286586,74.6521536358558,0,241.2,0,241.2,241.377875922441,-41.7239264765622,0,166.725722286586,1,0,0
4.416,49.9957516874984,400,0,166.725722286586,74.6518571759852,0,241.2,0,241.2,241.377579462571,-41.7254584223056,0,166.725722286586,1,0,0
4.417,49.9957587680192,400,0,166.725722286586,74.6515612102143,0,241.2,0,241.2,241.3772834968,-41.7269878148062,0,166.725722286586,1,0,0
4.418,49.9957658367392,400,0,166.725722286586,74.6512657377197,0,241.2,0,241.2,241.376988024305,-41.7285146583193,0,166.725722286586,1,0,0
4.419,49.995772893678,400,0,166.725722286586,74.6509707576792,0,241.2,0,241.2,241.376693044265,-41.7300389570932,0,166.725722286586,1,0,0
4.42,49.9957799388552,400,0,166.725722286586,74.6506762692722,0,241.2,0,241.2,241.376398555858,-41.7315607153691,0,166.725722286586,1,0,0
4.421,49.9957869722904,400,0,166.725722286586,74.6503822716791,0,241.2,0,241.2,241.376104558265,-41.7330799373813,0,166.725722286586,1,0,0
4.422,49.9957939940033,400,0,166.725722286586,74.6500887640821,0,241.2,0,241.2,241.375811050668,-41.7345966273567,0,166.725722286586,1,0,0
4.423,49.9958010040132,400,0,166.725722286586,74.6497957456644,0,241.2,0,241.2,241.37551803225,-41.7361107895156,0,166.725722286586,1,0,0
4.424,49.9958080023399,400,0,166.725722286586,74.6495032156107,0,241.2,0,241.2,241.375225502196,-41.7376224280708,0,166.725722286586,1,0,0
4.425,49.9958149890027,400,0,166.725722286586,74.6492111731071,0,241.2,0,241.2,241.374933459693,-41.7391315472284,0,166.725722286586,1,0,0
4.426,49.995821964021,400,0,166.725722286586,74.648919617341,0,241.2,0,241.2,241.374641903927,-41.7406381511875,0,166.725722286586,1,0,0
4.427,49.9958289274143,400,0,166.725722286586,74.6486285475011,0,241.2,0,241.2,241.374350834087,-41.7421422441399,0,166.725722286586,1,0,0
4.428,49.9958358792019,400,0,166.725722286586,74.6483379627777,0,241.2,0,241.2,241.374060249363,-41.7436438302708,0,166.725722286586,1,0,0
4.429,49.9958428194033,400,0,166.725722286586,74.6480478623622,0,241.2,0,241.2,241.373770148948,-41.7451429137581,0,166.725722286586,1,0,0
4.43,49.9958497480376,400,0,166.725722286586,74.6477582454473,0,241.2,0,241.2,241.373480532033,-41.7466394987729,0,166.725722286586,1,0,0
4.431,49.9958566651242,400,0,166.725722286586,74.6474691112273,0,241.2,0,241.2,241.373191397813,-41.7481335894794,0,166.725722286586,1,0,0
4.432,49.9958635706823,400,0,166.725722286586,74.6471804588977,0,241.2,0,241.2,241.372902745483,-41.7496251900347,0,166.725722286586,1,0,0
4.433,49.9958704647312,400,0,166.725722286586,74.6468922876553,0,241.2,0,241.2,241.372614574241,-41.751114304589,0,166.725722286586,1,0,0
4.434,49.99587734729,400,0,166.725722286586,74.6466045966983,0,241.2,0,241.2,241.372326883284,-41.7526009372858,0,166.725722286586,1,0,0
4.435,49.9958842183778,400,0,166.725722286586,74.6463173852262,0,241.2,0,241.2,241.372039671812,-41.7540850922614,0,166.725722286586,1,0,0
4.436,49.9958910780138,400,0,166.725722286586,74.64603065244,0,241.2,0,241.2,241.371752939026,-41.7555667736454,0,166.725722286586,1,0,0
4.437,49.9958979262172,400,0,166.725722286586,74.6457443975417,0,241.2,0,241.2,241.371466684127,-41.7570459855604,0,166.725722286586,1,0,0
4.438,49.9959047630068,400,0,166.725722286586,74.6454586197348,0,241.2,0,241.2,241.37118090632,-41.7585227321223,0,166.725722286586,1,0,0
4.439,49.9959115884018,400,0,166.725722286586,74.6451733182244,0,241.2,0,241.2,241.37089560481,-41.7599970174398,0,166.725722286586,1,0,0
4.44,49.9959184024211,400,0,166.725722286586,74.6448884922164,0,241.2,0,241.2,241.370610778802,-41.7614688456152,0,166.725722286586,1,0,0
4.441,49.9959252050837,400,0,166.725722286586,74.6446041409184,0,241.2,0,241.2,241.370326427504,-41.7629382207436,0,166.725722286586,1,0,0
4.442,49.9959319964086,400,0,166.725722286586,74.6443202635393,0,241.2,0,241.2,241.370042550125,-41.7644051469134,0,166.725722286586,1,0,0
4.443,49.9959387764146,400,0,166.725722286586,74.6440368592892,0,241.2,0,241.2,241.369759145875,-41.7658696282063,0,166.725722286586,1,0,0
4.444,49.9959455451206,400,0,166.725722286586,74.6437539273795,0,241.2,0,241.2,241.369476213965,-41.7673316686971,0,166.725722286586,1,0,0
4.445,49.9959523025454,400,0,166.725722286586,74.643471467023,0,241.2,0,241.2,241.369193753609,-41.7687912724537,0,166.725722286586,1,0,0
4.446,49.9959590487078,400,0,166.725722286586,74.6431894774337,0,241.2,0,241.2,241.368911764019,-41.7702484435374,0,166.725722286586,1,0,0
4.447,49.9959657836266,400,0,166.725722286586,74.6429079578271,0,241.2,0,241.2,241.368630244413,-41.7717031860026,0,166.725722286586,1,0,0
4.448,49.9959725073206,400,0,166.725722286586,74.6426269074198,0,241.2,0,241.2,241.368349194005,-41.773155503897,0,166.725722286586,1,0,0
4.449,49.9959792198084,400,0,166.725722286586,74.6423463254299,0,241.2,0,241.2,241.368068612015,-41.7746054012616,0,166.725722286586,1,0,0
4.45,49.9959859211087,400,0,166.725722286586,74.6420662110766,0,241.2,0,241.2,241.367788497662,-41.7760528821306,0,166.725722286586,1,0,0
4.451,49.9959926112402,400,0,166.725722286586,74.6417865635805,0,241.2,0,241.2,241.367508850166,-41.7774979505314,0,166.725722286586,1,0,0
4.452,49.9959992902214,400,0,166.725722286586,74.6415073821637,0,241.2,0,241.2,241.367229668749,-41.778940610485,0,166.725722286586,1,0,0
4.453,49.9960059580711,400,0,166.725722286586,74.6412286660492,0,241.2,0,241.2,241.366950952635,-41.7803808660053,0,166.725722286586,1,0,0
4.454,49.9960126148076,400,0,166.725722286586,74.6409504144615,0,241.2,0,241.2,241.366672701047,-41.7818187210997,0,166.725722286586,1,0,0
4.455,49.9960192604496,400,0,166.725722286586,74.6406726266265,0,241.2,0,241.2,241.366394913212,-41.7832541797689,0,166.725722286586,1,0,0
4.456,49.9960258950155,400,0,166.725722286586,74.6403953017712,0,241.2,0,241.2,241.366117588357,-41.7846872460071,0,166.725722286586,1,0,0
4.457,49.9960325185238,400,0,166.725722286586,74.640118439124,0,241.2,0,241.2,241.36584072571,-41.7861179238015,0,166.725722286586,1,0,0
4.458,49.9960391309929,400,0,166.725722286586,74.6398420379145,0,241.2,0,241.2,241.3655643245,-41.7875462171329,0,166.725722286586,1,0,0
4.459,49.9960457324413,400,0,166.725722286586,74.6395660973737,0,241.2,0,241.2,241.365288383959,-41.7889721299755,0,166.725722286586,1,0,0
4.46,49.9960523228872,400,0,166.725722286586,74.6392906167338,0,241.2,0,241.2,241.365012903319,-41.7903956662966,0,166.725722286586,1,0,0
4.461,49.9960589023491,400,0,166.725722286586,74.6390155952283,0,241.2,0,241.2,241.364737881814,-41.7918168300572,0,166.725722286586,1,0,0
4.462,49.9960654708452,400,0,166.725722286586,74.638741032092,0,241.2,0,241.2,241.364463318678,-41.7932356252115,0,166.725722286586,1,0,0
4.463,49.9960720283938,400,0,166.725722286586,74.6384669265609,0,241.2,0,241.2,241.364189213146,-41.7946520557073,0,166.725722286586,1,0,0
4.464,49.9960785750131,400,0,166.725722286586,74.6381932778723,0,241.2,0,241.2,241.363915564458,-41.7960661254855,0,166.725722286586,1,0,0
4.465,49.9960851107214,400,0,166.725722286586,74.6379200852649,0,241.2,0,241.2,241.36364237185,-41.7974778384808,0,166.725722286586,1,0,0
4.466,49.9960916355369,400,0,166.725722286586,74.6376473479785,0,241.2,0,241.2,241.363369634564,-41.7988871986211,0,166.725722286586,1,0,0
4.467,49.9960981494777,400,0,166.725722286586,74.6373750652542,0,241.2,0,241.2,241.36309735184,-41.8002942098278,0,166.725722286586,1,0,0
4.468,49.9961046525619,400,0,166.725722286586,74.6371032363345,0,241.2,0,241.2,241.36282552292,-41.8016988760159,0,166.725722286586,1,0,0
4.469,49.9961111448076,400,0,166.725722286586,74.636831860463,0,241.2,0,241.2,241.362554147049,-41.8031012010936,0,166.725722286586,1,0,0
4.47,49.9961176262329,400,0,166.725722286586,74.6365609368846,0,241.2,0,241.2,241.36228322347,-41.8045011889629,0,166.725722286586,1,0,0
4.471,49.9961240968559,400,0,166.725722286586,74.6362904648455,0,241.2,0,241.2,241.362012751431,-41.805898843519,0,166.725722286586,1,0,0
4.472,49.9961305566944,400,0,166.725722286586,74.6360204435931,0,241.2,0,241.2,241.361742730179,-41.8072941686509,0,166.725722286586,1,0,0
4.473,49.9961370057666,400,0,166.725722286586,74.6357508723762,0,241.2,0,241.2,241.361473158962,-41.8086871682409,0,166.725722286586,1,0,0
4.474,49.9961434440903,400,0,166.725722286586,74.6354817504446,0,241.2,0,241.2,241.36120403703,-41.8100778461649,0,166.725722286586,1,0,0
4.475,49.9961498716835,400,0,166.725722286586,74.6352130770496,0,241.2,0,241.2,241.360935363635,-41.8114662062924,0,166.725722286586,1,0,0
4.476,49.996156288564,400,0,166.725722286586,74.6349448514435,0,241.2,0,241.2,241.360667138029,-41.8128522524864,0,166.725722286586,1,0,0
4.477,49.9961626947498,400,0,166.725722286586,74.6346770728801,0,241.2,0,241.2,241.360399359466,-41.8142359886033,0,166.725722286586,1,0,0
4.478,49.9961690902585,400,0,166.725722286586,74.6344097406143,0,241.2,0,241.2,241.3601320272,-41.8156174184934,0,166.725722286586,1,0,0
4.479,49.9961754751081,400,0,166.725722286586,74.6341428539023,0,241.2,0,241.2,241.359865140488,-41.8169965460003,0,166.725722286586,1,0,0
4.48,49.9961818493162,400,0,166.725722286586,74.6338764120015,0,241.2,0,241.2,241.359598698587,-41.8183733749614,0,166.725722286586,1,0,0
4.481,49.9961882129007,400,0,166.725722286586,74.6336104141706,0,241.2,0,241.2,241.359332700756,-41.8197479092076,0,166.725722286586,1,0,0
4.482,49.9961945658792,400,0,166.725722286586,74.6333448596693,0,241.2,0,241.2,241.359067146255,-41.8211201525633,0,166.725722286586,1,0,0
4.483,49.9962009082694,400,0,166.725722286586,74.6330797477588,0,241.2,0,241.2,241.358802034344,-41.8224901088468,0,166.725722286586,1,0,0
4.484,49.996207240089,400,0,166.725722286586,74.6328150777015,0,241.2,0,241.2,241.358537364287,-41.8238577818698,0,166.725722286586,1,0,0
4.485,49.9962135613555,400,0,166.725722286586,74.632550848761,0,241.2,0,241.2,241.358273135347,-41.8252231754378,0,166.725722286586,1,0,0
4.486,49.9962198720866,400,0,166.725722286586,74.6322870602021,0,241.2,0,241.2,241.358009346788,-41.8265862933498,0,166.725722286586,1,0,0
4.487,49.9962261722997,400,0,166.725722286586,74.6320237112908,0,241.2,0,241.2,241.357745997876,-41.8279471393986,0,166.725722286586,1,0,0
4.488,49.9962324620126,400,0,166.725722286586,74.6317608012943,0,241.2,0,241.2,241.35748308788,-41.8293057173707,0,166.725722286586,1,0,0
4.489,49.9962387412426,400,0,166.725722286586,74.6314983294812,0,241.2,0,241.2,241.357220616067,-41.8306620310462,0,166.725722286586,1,0,0
4.49,49.9962450100072,400,0,166.725722286586,74.6312362951211,0,241.2,0,241.2,241.356958581707,-41.8320160841989,0,166.725722286586,1,0,0
4.491,49.9962512683238,400,0,166.725722286586,74.6309746974849,0,241.2,0,241.2,241.35669698407,-41.8333678805963,0,166.725722286586,1,0,0
4.492,49.9962575162099,400,0,166.725722286586,74.6307135358448,0,241.2,0,241.2,241.35643582243,-41.8347174239997,0,166.725722286586,1,0,0
4.493,49.9962637536829,400,0,166.725722286586,74.6304528094741,0,241.2,0,241.2,241.35617509606,-41.8360647181642,0,166.725722286586,1,0,0
4.494,49.9962699807601,400,0,166.725722286586,74.6301925176473,0,241.2,0,241.2,241.355914804233,-41.8374097668383,0,166.725722286586,1,0,0
4.495,49.9962761974588,400,0,166.725722286586,74.6299326596403,0,241.2,0,241.2,241.355654946226,-41.8387525737647,0,166.725722286586,1,0,0
4.496,49.9962824037964,400,0,166.725722286586,74.6296732347299,0,241.2,0,241.2,241.355395521316,-41.8400931426795,0,166.725722286586,1,0,0
4.497,49.9962885997901,400,0,166.725722286586,74.6294142421945,0,241.2,0,241.2,241.35513652878,-41.8414314773128,0,166.725722286586,1,0,0
4.498,49.9962947854571,400,0,166.725722286586,74.6291556813132,0,241.2,0,241.2,241.354877967899,-41.8427675813884,0,166.725722286586,1,0,0
4.499,49.9963009608147,400,0,166.725722286586,74.6288975513667,0,241.2,0,241.2,241.354619837952,-41.8441014586238,0,166.725722286586,1,0,0
4.5,49.99630712588,400,0,166.725722286586,74.6286398516368,0,241.2,0,241.2,241.354362138222,-41.8454331127305,0,166.725722286586,1,0,0
4.501,49.9963132806702,400,0,166.725722286586,74.6283825814065,0,241.2,0,241.2,241.354104867992,-41.8467625474137,0,166.725722286586,1,0,0
4.502,49.9963194252024,400,0,166.725722286586,74.6281257399599,0,241.2,0,241.2,241.353848026546,-41.8480897663725,0,166.725722286586,1,0,0
4.503,49.9963255594937,400,0,166.725722286586,74.6278693265824,0,241.2,0,241.2,241.353591613168,-41.8494147732996,0,166.725722286586,1,0,0
4.504,49.9963316835612,400,0,166.725722286586,74.6276133405605,0,241.2,0,241.2,241.353335627146,-41.8507375718819,0,166.725722286586,1,0,0
4.505,49.996337797422,400,0,166.725722286586,74.6273577811819,0,241.2,0,241.2,241.353080067768,-41.8520581657998,0,166.725722286586,1,0,0
4.506,49.9963439010929,400,0,166.725722286586,74.6271026477357,0,241.2,0,241.2,241.352824934321,-41.8533765587279,0,166.725722286586,1,0,0
4.507,49.9963499945911,400,0,166.725722286586,74.6268479395119,0,241.2,0,241.2,241.352570226097,-41.8546927543345,0,166.725722286586,1,0,0
4.508,49.9963560779334,400,0,166.725722286586,74.6265936558017,0,241.2,0,241.2,241.352315942387,-41.8560067562817,0,166.725722286586,1,0,0
4.509,49.9963621511369,400,0,166.725722286586,74.6263397958978,0,241.2,0,241.2,241.352062082483,-41.8573185682256,0,166.725722286586,1,0,0
4.51,49.9963682142183,400,0,166.725722286586,74.6260863590937,0,241.2,0,241.2,241.351808645679,-41.8586281938164,0,166.725722286586,1,0,0
4.511,49.9963742671946,400,0,166.725722286586,74.6258333446843,0,241.2,0,241.2,241.35155563127,-41.8599356366978,0,166.725722286586,1,0,0
4.512,49.9963803100826,400,0,166.725722286586,74.6255807519656,0,241.2,0,241.2,241.351303038551,-41.8612409005077,0,166.725722286586,1,0,0
4.513,49.9963863428992,400,0,166.725722286586,74.6253285802347,0,241.2,0,241.2,241.35105086682,-41.862543988878,0,166.725722286586,1,0,0
4.514,49.996392365661,400,0,166.725722286586,74.62507682879,0,241.2,0,241.2,241.350799115376,-41.8638449054342,0,166.725722286586,1,0,0
4.515,49.9963983783849,400,0,166.725722286586,74.6248254969311,0,241.2,0,241.2,241.350547783517,-41.8651436537963,0,166.725722286586,1,0,0
4.516,49.9964043810876,400,0,166.725722286586,74.6245745839586,0,241.2,0,241.2,241.350296870544,-41.8664402375777,0,166.725722286586,1,0,0
4.517,49.9964103737858,400,0,166.725722286586,74.6243240891743,0,241.2,0,241.2,241.35004637576,-41.8677346603862,0,166.725722286586,1,0,0
4.518,49.9964163564961,400,0,166.725722286586,74.6240740118814,0,241.2,0,241.2,241.349796298467,-41.8690269258233,0,166.725722286586,1,0,0
4.519,49.9964223292353,400,0,166.725722286586,74.623824351384,0,241.2,0,241.2,241.34954663797,-41.8703170374847,0,166.725722286586,1,0,0
4.52,49.9964282920199,400,0,166.725722286586,74.6235751069874,0,241.2,0,241.2,241.349297393573,-41.87160499896,0,166.725722286586,1,0,0
4.521,49.9964342448666,400,0,166.725722286586,74.6233262779982,0,241.2,0,241.2,241.349048564584,-41.8728908138328,0,166.725722286586,1,0,0
4.522,49.9964401877918,400,0,166.725722286586,74.6230778637239,0,241.2,0,241.2,241.34880015031,-41.8741744856808,0,166.725722286586,1,0,0
4.523,49.9964461208121,400,0,166.725722286586,74.6228298634734,0,241.2,0,241.2,241.348552150059,-41.8754560180758,0,166.725722286586,1,0,0
4.524,49.9964520439441,400,0,166.725722286586,74.6225822765567,0,241.2,0,241.2,241.348304563142,-41.8767354145834,0,166.725722286586,1,0,0
4.525,49.9964579572042,400,0,166.725722286586,74.6223351022849,0,241.2,0,241.2,241.34805738887,-41.8780126787636,0,166.725722286586,1,0,0
4.526,49.9964638606089,400,0,166.725722286586,74.6220883399701,0,241.2,0,241.2,241.347810626556,-41.87928781417,0,166.725722286586,1,0,0
4.527,49.9964697541745,400,0,166.725722286586,74.6218419889258,0,241.2,0,241.2,241.347564275511,-41.8805608243509,0,166.725722286586,1,0,0
4.528,49.9964756379176,400,0,166.725722286586,74.6215960484667,0,241.2,0,241.2,241.347318335052,-41.881831712848,0,166.725722286586,1,0,0
4.529,49.9964815118544,400,0,166.725722286586,74.6213505179083,0,241.2,0,241.2,241.347072804494,-41.8831004831977,0,166.725722286586,1,0,0
4.53,49.9964873760013,400,0,166.725722286586,74.6211053965674,0,241.2,0,241.2,241.346827683153,-41.8843671389301,0,166.725722286586,1,0,0
4.531,49.9964932303746,400,0,166.725722286586,74.6208606837622,0,241.2,0,241.2,241.346582970348,-41.8856316835697,0,166.725722286586,1,0,0
4.532,49.9964990749906,400,0,166.725722286586,74.6206163788116,0,241.2,0,241.2,241.346338665397,-41.8868941206348,0,166.725722286586,1,0,0
4.533,49.9965049098657,400,0,166.725722286586,74.6203724810359,0,241.2,0,241.2,241.346094767622,-41.8881544536382,0,166.725722286586,1,0,0
4.534,49.9965107350159,400,0,166.725722286586,74.6201289897566,0,241.2,0,241.2,241.345851276342,-41.8894126860866,0,166.725722286586,1,0,0
4.535,49.9965165504575,400,0,166.725722286586,74.619885904296,0,241.2,0,241.2,241.345608190882,-41.8906688214808,0,166.725722286586,1,0,0
4.536,49.9965223562068,400,0,166.725722286586,74.6196432239778,0,241.2,0,241.2,241.345365510563,-41.8919228633161,0,166.725722286586,1,0,0
4.537,49.9965281522798,400,0,166.725722286586,74.6194009481268,0,241.2,0,241.2,241.345123234712,-41.8931748150817,0,166.725722286586,1,0,0
4.538,49.9965339386926,400,0,166.725722286586,74.6191590760689,0,241.2,0,241.2,241.344881362655,-41.894424680261,0,166.725722286586,1,0,0
4.539,49.9965397154615,400,0,166.725722286586,74.6189176071311,0,241.2,0,241.2,241.344639893717,-41.8956724623316,0,166.725722286586,1,0,0
4.54,49.9965454826024,400,0,166.725722286586,74.6186765406415,0,241.2,0,241.2,241.344398827227,-41.8969181647655,0,166.725722286586,1,0,0
4.541,49.9965512401314,400,0,166.725722286586,74.6184358759294,0,241.2,0,241.2,241.344158162515,-41.8981617910287,0,166.725722286586,1,0,0
4.542,49.9965569880645,400,0,166.725722286586,74.6181956123252,0,241.2,0,241.2,241.343917898911,-41.8994033445814,0,166.725722286586,1,0,0
4.543,49.9965627264177,400,0,166.725722286586,74.6179557491603,0,241.2,0,241.2,241.343678035746,-41.9006428288782,0,166.725722286586,1,0,0
4.544,49.996568455207,400,0,166.725722286586,74.6177162857673,0,241.2,0,241.2,241.343438572353,-41.9018802473678,0,166.725722286586,1,0,0
4.545,49.9965741744483,400,0,166.725722286586,74.61747722148,0,241.2,0,241.2,241.343199508066,-41.9031156034933,0,166.725722286586,1,0,0
4.546,49.9965798841576,400,0,166.725722286586,74.6172385556332,0,241.2,0,241.2,241.342960842219,-41.9043489006918,0,166.725722286586,1,0,0
4.547,49.9965855843507,400,0,166.725722286586,74.6170002875628,0,241.2,0,241.2,241.342722574148,-41.9055801423951,0,166.725722286586,1,0,0
4.548,49.9965912750434,400,0,166.725722286586,74.6167624166058,0,241.2,0,241.2,241.342484703191,-41.9068093320289,0,166.725722286586,1,0,0
4.549,49.9965969562517,400,0,166.725722286586,74.6165249421004,0,241.2,0,241.2,241.342247228686,-41.9080364730132,0,166.725722286586,1,0,0
4.55,49.9966026279913,400,0,166.725722286586,74.6162878633858,0,241.2,0,241.2,241.342010149971,-41.9092615687626,0,166.725722286586,1,0,0
4.551,49.9966082902779,400,0,166.725722286586,74.6160511798024,0,241.2,0,241.2,241.341773466388,-41.9104846226858,0,166.725722286586,1,0,0
4.552,49.9966139431275,400,0,166.725722286586,74.6158148906917,0,241.2,0,241.2,241.341537177277,-41.9117056381857,0,166.725722286586,1,0,0
4.553,49.9966195865556,400,0,166.725722286586,74.6155789953961,0,241.2,0,241.2,241.341301281982,-41.9129246186598,0,166.725722286586,1,0,0
4.554,49.996625220578,400,0,166.725722286586,74.6153434932594,0,241.2,0,241.2,241.341065779845,-41.9141415674998,0,166.725722286586,1,0,0
4.555,49.9966308452104,400,0,166.725722286586,74.6151083836263,0,241.2,0,241.2,241.340830670212,-41.9153564880917,0,166.725722286586,1,0,0
4.556,49.9966364604684,400,0,166.725722286586,74.6148736658425,0,241.2,0,241.2,241.340595952428,-41.916569383816,0,166.725722286586,1,0,0
4.557,49.9966420663676,400,0,166.725722286586,74.614639339255,0,241.2,0,241.2,241.340361625841,-41.9177802580474,0,166.725722286586,1,0,0
4.558,49.9966476629236,400,0,166.725722286586,74.6144054032119,0,241.2,0,241.2,241.340127689797,-41.9189891141551,0,166.725722286586,1,0,0
4.559,49.9966532501521,400,0,166.725722286586,74.6141718570621,0,241.2,0,241.2,241.339894143648,-41.9201959555025,0,166.725722286586,1,0,0
4.56,49.9966588280685,400,0,166.725722286586,74.6139387001559,0,241.2,0,241.2,241.339660986742,-41.9214007854478,0,166.725722286586,1,0,0
4.561,49.9966643966884,400,0,166.725722286586,74.6137059318446,0,241.2,0,241.2,241.33942821843,-41.9226036073431,0,166.725722286586,1,0,0
4.562,49.9966699560272,400,0,166.725722286586,74.6134735514805,0,241.2,0,241.2,241.339195838066,-41.9238044245353,0,166.725722286586,1,0,0
4.563,49.9966755061005,400,0,166.725722286586,74.613241558417,0,241.2,0,241.2,241.338963845003,-41.9250032403655,0,166.725722286586,1,0,0
4.564,49.9966810469237,400,0,166.725722286586,74.6130099520086,0,241.2,0,241.2,241.338732238594,-41.9262000581693,0,166.725722286586,1,0,0
4.565,49.9966865785122,400,0,166.725722286586,74.6127787316109,0,241.2,0,241.2,241.338501018196,-41.9273948812768,0,166.725722286586,1,0,0
4.566,49.9966921008813,400,0,166.725722286586,74.6125478965805,0,241.2,0,241.2,241.338270183166,-41.9285877130124,0,166.725722286586,1,0,0
4.567,49.9966976140465,400,0,166.725722286586,74.6123174462752,0,241.2,0,241.2,241.338039732861,-41.9297785566951,0,166.725722286586,1,0,0
4.568,49.9967031180231,400,0,166.725722286586,74.6120873800537,0,241.2,0,241.2,241.337809666639,-41.9309674156384,0,166.725722286586,1,0,0
4.569,49.9967086128264,400,0,166.725722286586,74.6118576972759,0,241.2,0,241.2,241.337579983861,-41.9321542931501,0,166.725722286586,1,0,0
4.57,49.9967140984717,400,0,166.725722286586,74.6116283973027,0,241.2,0,241.2,241.337350683888,-41.9333391925326,0,166.725722286586,1,0,0
4.571,49.9967195749742,400,0,166.725722286586,74.6113994794961,0,241.2,0,241.2,241.337121766082,-41.9345221170828,0,166.725722286586,1,0,0
4.572,49.9967250423493,400,0,166.725722286586,74.6111709432193,0,241.2,0,241.2,241.336893229805,-41.9357030700921,0,166.725722286586,1,0,0
4.573,49.996730500612,400,0,166.725722286586,74.6109427878362,0,241.2,0,241.2,241.336665074422,-41.9368820548463,0,166.725722286586,1,0,0
4.574,49.9967359497777,400,0,166.725722286586,74.6107150127122,0,241.2,0,241.2,241.336437299298,-41.938059074626,0,166.725722286586,1,0,0
4.575,49.9967413898614,400,0,166.725722286586,74.6104876172133,0,241.2,0,241.2,241.336209903799,-41.939234132706,0,166.725722286586,1,0,0
4.576,49.9967468208783,400,0,166.725722286586,74.610260600707,0,241.2,0,241.2,241.335982887293,-41.9404072323559,0,166.725722286586,1,0,0
4.577,49.9967522428435,400,0,166.725722286586,74.6100339625615,0,241.2,0,241.2,241.335756249147,-41.9415783768398,0,166.725722286586,1,0,0
4.578,49.9967576557721,400,0,166.725722286586,74.6098077021462,0,241.2,0,241.2,241.335529988732,-41.9427475694161,0,166.725722286586,1,0,0
4.579,49.9967630596791,400,0,166.725722286586,74.6095818188316,0,241.2,0,241.2,241.335304105417,-41.9439148133382,0,166.725722286586,1,0,0
4.58,49.9967684545796,400,0,166.725722286586,74.6093563119892,0,241.2,0,241.2,241.335078598575,-41.9450801118537,0,166.725722286586,1,0,0
4.581,49.9967738404887,400,0,166.725722286586,74.6091311809916,0,241.2,0,241.2,241.334853467577,-41.946243468205,0,166.725722286586,1,0,0
4.582,49.9967792174212,400,0,166.725722286586,74.6089064252123,0,241.2,0,241.2,241.334628711798,-41.9474048856291,0,166.725722286586,1,0,0
4.583,49.9967845853922,400,0,166.725722286586,74.6086820440259,0,241.2,0,241.2,241.334404330612,-41.9485643673575,0,166.725722286586,1,0,0
4.584,49.9967899444165,400,0,166.725722286586,74.6084580368082,0,241.2,0,241.2,241.334180323394,-41.9497219166163,0,166.725722286586,1,0,0
4.585,49.9967952945091,400,0,166.725722286586,74.6082344029358,0,241.2,0,241.2,241.333956689521,-41.9508775366264,0,166.725722286586,1,0,0
4.586,49.996800635685,400,0,166.725722286586,74.6080111417866,0,241.2,0,241.2,241.333733428372,-41.9520312306031,0,166.725722286586,1,0,0
4.587,49.9968059679588,400,0,166.725722286586,74.6077882527392,0,241.2,0,241.2,241.333510539325,-41.9531830017565,0,166.725722286586,1,0,0
4.588,49.9968112913456,400,0,166.725722286586,74.6075657351736,0,241.2,0,241.2,241.333288021759,-41.9543328532913,0,166.725722286586,1,0,0
4.589,49.99681660586,400,0,166.725722286586,74.6073435884706,0,241.2,0,241.2,241.333065875056,-41.9554807884069,0,166.725722286586,1,0,0
4.59,49.9968219115169,400,0,166.725722286586,74.6071218120121,0,241.2,0,241.2,241.332844098598,-41.9566268102973,0,166.725722286586,1,0,0
4.591,49.996827208331,400,0,166.725722286586,74.606900405181,0,241.2,0,241.2,241.332622691767,-41.9577709221512,0,166.725722286586,1,0,0
4.592,49.9968324963171,400,0,166.725722286586,74.6066793673613,0,241.2,0,241.2,241.332401653947,-41.9589131271521,0,166.725722286586,1,0,0
4.593,49.9968377754899,400,0,166.725722286586,74.606458697938,0,241.2,0,241.2,241.332180984524,-41.9600534284779,0,166.725722286586,1,0,0
4.594,49.9968430458641,400,0,166.725722286586,74.6062383962971,0,241.2,0,241.2,241.331960682883,-41.9611918293015,0,166.725722286586,1,0,0
4.595,49.9968483074543,400,0,166.725722286586,74.6060184618256,0,241.2,0,241.2,241.331740748411,-41.9623283327904,0,166.725722286586,1,0,0
4.596,49.9968535602753,400,0,166.725722286586,74.6057988939116,0,241.2,0,241.2,241.331521180497,-41.9634629421069,0,166.725722286586,1,0,0
4.597,49.9968588043415,400,0,166.725722286586,74.605579691944,0,241.2,0,241.2,241.33130197853,-41.9645956604078,0,166.725722286586,1,0,0
4.598,49.9968640396676,400,0,166.725722286586,74.6053608553131,0,241.2,0,241.2,241.331083141899,-41.9657264908448,0,166.725722286586,1,0,0
4.599,49.9968692662681,400,0,166.725722286586,74.6051423834099,0,241.2,0,241.2,241.330864669995,-41.9668554365645,0,166.725722286586,1,0,0
4.6,49.9968744841577,400,0,166.725722286586,74.6049242756265,0,241.2,0,241.2,241.330646562212,-41.967982500708,0,166.725722286586,1,0,0
4.601,49.9968796933507,400,0,166.725722286586,74.6047065313561,0,241.2,0,241.2,241.330428817942,-41.9691076864112,0,166.725722286586,1,0,0
4.602,49.9968848938618,400,0,166.725722286586,74.6044891499928,0,241.2,0,241.2,241.330211436578,-41.9702309968049,0,166.725722286586,1,0,0
4.603,49.9968900857054,400,0,166.725722286586,74.6042721309317,0,241.2,0,241.2,241.329994417517,-41.9713524350147,0,166.725722286586,1,0,0
4.604,49.9968952688959,400,0,166.725722286586,74.6040554735692,0,241.2,0,241.2,241.329777760155,-41.9724720041607,0,166.725722286586,1,0,0
4.605,49.9969004434477,400,0,166.725722286586,74.6038391773022,0,241.2,0,241.2,241.329561463888,-41.9735897073582,0,166.725722286586,1,0,0
4.606,49.9969056093753,400,0,166.725722286586,74.603623241529,0,241.2,0,241.2,241.329345528115,-41.974705547717,0,166.725722286586,1,0,0
4.607,49.996910766693,400,0,166.725722286586,74.6034076656488,0,241.2,0,241.2,241.329129952234,-41.9758195283419,0,166.725722286586,1,0,0
4.608,49.9969159154152,400,0,166.725722286586,74.6031924490617,0,241.2,0,241.2,241.328914735647,-41.9769316523324,0,166.725722286586,1,0,0
4.609,49.9969210555562,400,0,166.725722286586,74.6029775911689,0,241.2,0,241.2,241.328699877755,-41.978041922783,0,166.725722286586,1,0,0
4.61,49.9969261871302,400,0,166.725722286586,74.6027630913726,0,241.2,0,241.2,241.328485377958,-41.9791503427827,0,166.725722286586,1,0,0
4.611,49.9969313101517,400,0,166.725722286586,74.6025489490759,0,241.2,0,241.2,241.328271235662,-41.9802569154159,0,166.725722286586,1,0,0
4.612,49.9969364246348,400,0,166.725722286586,74.6023351636831,0,241.2,0,241.2,241.328057450269,-41.9813616437612,0,166.725722286586,1,0,0
4.613,49.9969415305937,400,0,166.725722286586,74.6021217345992,0,241.2,0,241.2,241.327844021185,-41.9824645308927,0,166.725722286586,1,0,0
4.614,49.9969466280427,400,0,166.725722286586,74.6019086612305,0,241.2,0,241.2,241.327630947816,-41.983565579879,0,166.725722286586,1,0,0
4.615,49.996951716996,400,0,166.725722286586,74.6016959429841,0,241.2,0,241.2,241.32741822957,-41.9846647937836,0,166.725722286586,1,0,0
4.616,49.9969567974677,400,0,166.725722286586,74.6014835792681,0,241.2,0,241.2,241.327205865854,-41.985762175665,0,166.725722286586,1,0,0
4.617,49.9969618694719,400,0,166.725722286586,74.6012715694916,0,241.2,0,241.2,241.326993856077,-41.9868577285767,0,166.725722286586,1,0,0
4.618,49.9969669330228,400,0,166.725722286586,74.6010599130648,0,241.2,0,241.2,241.32678219965,-41.9879514555668,0,166.725722286586,1,0,0
4.619,49.9969719881344,400,0,166.725722286586,74.6008486093987,0,241.2,0,241.2,241.326570895984,-41.9890433596786,0,166.725722286586,1,0,0
4.62,49.9969770348208,400,0,166.725722286586,74.6006376579053,0,241.2,0,241.2,241.326359944491,-41.9901334439502,0,166.725722286586,1,0,0
4.621,49.9969820730961,400,0,166.725722286586,74.6004270579978,0,241.2,0,241.2,241.326149344583,-41.9912217114147,0,166.725722286586,1,0,0
4.622,49.9969871029743,400,0,166.725722286586,74.6002168090901,0,241.2,0,241.2,241.325939095676,-41.9923081651001,0,166.725722286586,1,0,0
4.623,49.9969921244694,400,0,166.725722286586,74.6000069105973,0,241.2,0,241.2,241.325729197183,-41.9933928080293,0,166.725722286586,1,0,0
4.624,49.9969971375952,400,0,166.725722286586,74.5997973619353,0,241.2,0,241.2,241.325519648521,-41.9944756432204,0,166.725722286586,1,0,0
4.625,49.9970021423659,400,0,166.725722286586,74.5995881625211,0,241.2,0,241.2,241.325310449107,-41.9955566736861,0,166.725722286586,1,0,0
4.626,49.9970071387953,400,0,166.725722286586,74.5993793117725,0,241.2,0,241.2,241.325101598358,-41.9966359024344,0,166.725722286586,1,0,0
4.627,49.9970121268973,400,0,166.725722286586,74.5991708091085,0,241.2,0,241.2,241.324893095694,-41.9977133324681,0,166.725722286586,1,0,0
4.628,49.9970171066858,400,0,166.725722286586,74.598962653949,0,241.2,0,241.2,241.324684940535,-41.998788966785,0,166.725722286586,1,0,0
4.629,49.9970220781747,400,0,166.725722286586,74.5987548457147,0,241.2,0,241.2,241.3244771323,-41.9998628083781,0,166.725722286586,1,0,0
4.63,49.9970270413777,400,0,166.725722286586,74.5985473838275,0,241.2,0,241.2,241.324269670413,-42.0009348602353,0,166.725722286586,1,0,0
4.631,49.9970319963087,400,0,166.725722286586,74.5983402677102,0,241.2,0,241.2,241.324062554296,-42.0020051253393,0,166.725722286586,1,0,0
4.632,49.9970369429816,400,0,166.725722286586,74.5981334967863,0,241.2,0,241.2,241.323855783372,-42.0030736066681,0,166.725722286586,1,0,0
4.633,49.9970418814099,400,0,166.725722286586,74.5979270704807,0,241.2,0,241.2,241.323649357066,-42.0041403071948,0,166.725722286586,1,0,0
4.634,49.9970468116076,400,0,166.725722286586,74.5977209882189,0,241.2,0,241.2,241.323443274805,-42.0052052298872,0,166.725722286586,1,0,0
4.635,49.9970517335882,400,0,166.725722286586,74.5975152494276,0,241.2,0,241.2,241.323237536013,-42.0062683777085,0,166.725722286586,1,0,0
4.636,49.9970566473656,400,0,166.725722286586,74.5973098535343,0,241.2,0,241.2,241.32303214012,-42.0073297536167,0,166.725722286586,1,0,0
4.637,49.9970615529533,400,0,166.725722286586,74.5971047999674,0,241.2,0,241.2,241.322827086553,-42.0083893605651,0,166.725722286586,1,0,0
4.638,49.997066450365,400,0,166.725722286586,74.5969000881565,0,241.2,0,241.2,241.322622374742,-42.0094472015019,0,166.725722286586,1,0,0
4.639,49.9970713396144,400,0,166.725722286586,74.596695717532,0,241.2,0,241.2,241.322418004118,-42.0105032793705,0,166.725722286586,1,0,0
4.64,49.9970762207151,400,0,166.725722286586,74.5964916875252,0,241.2,0,241.2,241.322213974111,-42.0115575971093,0,166.725722286586,1,0,0
4.641,49.9970810936806,400,0,166.725722286586,74.5962879975684,0,241.2,0,241.2,241.322010284154,-42.0126101576519,0,166.725722286586,1,0,0
4.642,49.9970859585244,400,0,166.725722286586,74.5960846470948,0,241.2,0,241.2,241.32180693368,-42.0136609639269,0,166.725722286586,1,0,0
4.643,49.9970908152602,400,0,166.725722286586,74.5958816355387,0,241.2,0,241.2,241.321603922124,-42.0147100188581,0,166.725722286586,1,0,0
4.644,49.9970956639014,400,0,166.725722286586,74.5956789623352,0,241.2,0,241.2,241.321401248921,-42.0157573253644,0,166.725722286586,1,0,0
4.645,49.9971005044616,400,0,166.725722286586,74.5954766269203,0,241.2,0,241.2,241.321198913506,-42.0168028863599,0,166.725722286586,1,0,0
4.646,49.9971053369542,400,0,166.725722286586,74.5952746287312,0,241.2,0,241.2,241.320996915317,-42.0178467047537,0,166.725722286586,1,0,0
4.647,49.9971101613926,400,0,166.725722286586,74.5950729672057,0,241.2,0,241.2,241.320795253791,-42.0188887834502,0,166.725722286586,1,0,0
4.648,49.9971149777903,400,0,166.725722286586,74.5948716417827,0,241.2,0,241.2,241.320593928368,-42.0199291253489,0,166.725722286586,1,0,0
4.649,49.9971197861606,400,0,166.725722286586,74.5946706519021,0,241.2,0,241.2,241.320392938488,-42.0209677333444,0,166.725722286586,1,0,0
4.65,49.997124586517,400,0,166.725722286586,74.5944699970046,0,241.2,0,241.2,241.32019228359,-42.0220046103265,0,166.725722286586,1,0,0
4.651,49.9971293788728,400,0,166.725722286586,74.594269676532,0,241.2,0,241.2,241.319991963118,-42.0230397591804,0,166.725722286586,1,0,0
4.652,49.9971341632414,400,0,166.725722286586,74.5940696899268,0,241.2,0,241.2,241.319791976512,-42.0240731827862,0,166.725722286586,1,0,0
4.653,49.997138939636,400,0,166.725722286586,74.5938700366326,0,241.2,0,241.2,241.319592323218,-42.0251048840193,0,166.725722286586,1,0,0
4.654,49.9971437080699,400,0,166.725722286586,74.593670716094,0,241.2,0,241.2,241.31939300268,-42.0261348657504,0,166.725722286586,1,0,0
4.655,49.9971484685564,400,0,166.725722286586,74.5934717277562,0,241.2,0,241.2,241.319194014342,-42.0271631308452,0,166.725722286586,1,0,0
4.656,49.9971532211089,400,0,166.725722286586,74.5932730710657,0,241.2,0,241.2,241.318995357651,-42.0281896821649,0,166.725722286586,1,0,0
4.657,49.9971579657403,400,0,166.725722286586,74.5930747454696,0,241.2,0,241.2,241.318797032055,-42.0292145225657,0,166.725722286586,1,0,0
4.658,49.9971627024641,400,0,166.725722286586,74.5928767504163,0,241.2,0,241.2,241.318599037002,-42.0302376548992,0,166.725722286586,1,0,0
4.659,49.9971674312933,400,0,166.725722286586,74.5926790853546,0,241.2,0,241.2,241.31840137194,-42.0312590820121,0,166.725722286586,1,0,0
4.66,49.9971721522412,400,0,166.725722286586,74.5924817497348,0,241.2,0,241.2,241.31820403632,-42.0322788067465,0,166.725722286586,1,0,0
4.661,49.9971768653208,400,0,166.725722286586,74.5922847430077,0,241.2,0,241.2,241.318007029593,-42.0332968319397,0,166.725722286586,1,0,0
4.662,49.9971815705452,400,0,166.725722286586,74.5920880646251,0,241.2,0,241.2,241.317810351211,-42.0343131604242,0,166.725722286586,1,0,0
4.663,49.9971862679277,400,0,166.725722286586,74.5918917140398,0,241.2,0,241.2,241.317614000625,-42.0353277950279,0,166.725722286586,1,0,0
4.664,49.9971909574811,400,0,166.725722286586,74.5916956907055,0,241.2,0,241.2,241.317417977291,-42.0363407385739,0,166.725722286586,1,0,0
4.665,49.9971956392186,400,0,166.725722286586,74.5914999940768,0,241.2,0,241.2,241.317222280662,-42.0373519938808,0,166.725722286586,1,0,0
4.666,49.9972003131533,400,0,166.725722286586,74.5913046236091,0,241.2,0,241.2,241.317026910195,-42.038361563762,0,166.725722286586,1,0,0
4.667,49.997204979298,400,0,166.725722286586,74.5911095787588,0,241.2,0,241.2,241.316831865344,-42.0393694510269,0,166.725722286586,1,0,0
4.668,49.9972096376659,400,0,166.725722286586,74.5909148589834,0,241.2,0,241.2,241.316637145569,-42.0403756584796,0,166.725722286586,1,0,0
4.669,49.9972142882697,400,0,166.725722286586,74.5907204637408,0,241.2,0,241.2,241.316442750326,-42.0413801889199,0,166.725722286586,1,0,0
4.67,49.9972189311226,400,0,166.725722286586,74.5905263924903,0,241.2,0,241.2,241.316248679076,-42.0423830451428,0,166.725722286586,1,0,0
4.671,49.9972235662374,400,0,166.725722286586,74.5903326446919,0,241.2,0,241.2,241.316054931278,-42.0433842299386,0,166.725722286586,1,0,0
4.672,49.997228193627,400,0,166.725722286586,74.5901392198065,0,241.2,0,241.2,241.315861506392,-42.0443837460931,0,166.725722286586,1,0,0
4.673,49.9972328133043,400,0,166.725722286586,74.5899461172959,0,241.2,0,241.2,241.315668403881,-42.0453815963874,0,166.725722286586,1,0,0
4.674,49.9972374252822,400,0,166.725722286586,74.5897533366228,0,241.2,0,241.2,241.315475623208,-42.0463777835978,0,166.725722286586,1,0,0
4.675,49.9972420295734,400,0,166.725722286586,74.5895608772507,0,241.2,0,241.2,241.315283163836,-42.0473723104963,0,166.725722286586,1,0,0
4.676,49.9972466261907,400,0,166.725722286586,74.5893687386443,0,241.2,0,241.2,241.31509102523,-42.0483651798499,0,166.725722286586,1,0,0
4.677,49.9972512151471,400,0,166.725722286586,74.5891769202689,0,241.2,0,241.2,241.314899206855,-42.0493563944212,0,166.725722286586,1,0,0
4.678,49.9972557964552,400,0,166.725722286586,74.5889854215908,0,241.2,0,241.2,241.314707708176,-42.0503459569682,0,166.725722286586,1,0,0
4.679,49.9972603701278,400,0,166.725722286586,74.5887942420771,0,241.2,0,241.2,241.314516528663,-42.0513338702444,0,166.725722286586,1,0,0
4.68,49.9972649361775,400,0,166.725722286586,74.588603381196,0,241.2,0,241.2,241.314325667782,-42.0523201369984,0,166.725722286586,1,0,0
4.681,49.9972694946172,400,0,166.725722286586,74.5884128384162,0,241.2,0,241.2,241.314135125002,-42.0533047599745,0,166.725722286586,1,0,0
4.682,49.9972740454596,400,0,166.725722286586,74.5882226132078,0,241.2,0,241.2,241.313944899793,-42.0542877419122,0,166.725722286586,1,0,0
4.683,49.9972785887171,400,0,166.725722286586,74.5880327050414,0,241.2,0,241.2,241.313754991627,-42.0552690855468,0,166.725722286586,1,0,0
4.684,49.9972831244026,400,0,166.725722286586,74.5878431133886,0,241.2,0,241.2,241.313565399974,-42.0562487936086,0,166.725722286586,1,0,0
4.685,49.9972876525286,400,0,166.725722286586,74.587653837722,0,241.2,0,241.2,241.313376124308,-42.0572268688237,0,166.725722286586,1,0,0
4.686,49.9972921731077,400,0,166.725722286586,74.5874648775147,0,241.2,0,241.2,241.3131871641,-42.0582033139134,0,166.725722286586,1,0,0
4.687,49.9972966861525,400,0,166.725722286586,74.5872762322411,0,241.2,0,241.2,241.312998518827,-42.0591781315946,0,166.725722286586,1,0,0
4.688,49.9973011916756,400,0,166.725722286586,74.5870879013763,0,241.2,0,241.2,241.312810187962,-42.0601513245797,0,166.725722286586,1,0,0
4.689,49.9973056896895,400,0,166.725722286586,74.5868998843963,0,241.2,0,241.2,241.312622170982,-42.0611228955765,0,166.725722286586,1,0,0
4.69,49.9973101802067,400,0,166.725722286586,74.5867121807779,0,241.2,0,241.2,241.312434467364,-42.0620928472883,0,166.725722286586,1,0,0
4.691,49.9973146632397,400,0,166.725722286586,74.5865247899989,0,241.2,0,241.2,241.312247076585,-42.0630611824139,0,166.725722286586,1,0,0
4.692,49.9973191388009,400,0,166.725722286586,74.5863377115379,0,241.2,0,241.2,241.312059998124,-42.0640279036476,0,166.725722286586,1,0,0
4.693,49.9973236069029,400,0,166.725722286586,74.5861509448743,0,241.2,0,241.2,241.31187323146,-42.0649930136793,0,166.725722286586,1,0,0
4.694,49.9973280675581,400,0,166.725722286586,74.5859644894884,0,241.2,0,241.2,241.311686776074,-42.0659565151942,0,166.725722286586,1,0,0
4.695,49.9973325207788,400,0,166.725722286586,74.5857783448616,0,241.2,0,241.2,241.311500631447,-42.0669184108733,0,166.725722286586,1,0,0
4.696,49.9973369665775,400,0,166.725722286586,74.5855925104757,0,241.2,0,241.2,241.311314797061,-42.0678787033929,0,166.725722286586,1,0,0
4.697,49.9973414049666,400,0,166.725722286586,74.5854069858139,0,241.2,0,241.2,241.311129272399,-42.068837395425,0,166.725722286586,1,0,0
4.698,49.9973458359583,400,0,166.725722286586,74.5852217703598,0,241.2,0,241.2,241.310944056945,-42.0697944896371,0,166.725722286586,1,0,0
4.699,49.997350259565,400,0,166.725722286586,74.5850368635982,0,241.2,0,241.2,241.310759150184,-42.0707499886921,0,166.725722286586,1,0,0
4.7,49.9973546757991,400,0,166.725722286586,74.5848522650144,0,241.2,0,241.2,241.3105745516,-42.0717038952487,0,166.725722286586,1,0,0
4.701,49.9973590846728,400,0,166.725722286586,74.584667974095,0,241.2,0,241.2,241.310390260681,-42.072656211961,0,166.725722286586,1,0,0
4.702,49.9973634861983,400,0,166.725722286586,74.5844839903271,0,241.2,0,241.2,241.310206276913,-42.0736069414788,0,166.725722286586,1,0,0
4.703,49.997367880388,400,0,166.725722286586,74.5843003131989,0,241.2,0,241.2,241.310022599784,-42.0745560864474,0,166.725722286586,1,0,0
4.704,49.997372267254,400,0,166.725722286586,74.5841169421992,0,241.2,0,241.2,241.309839228785,-42.0755036495078,0,166.725722286586,1,0,0
4.705,49.9973766468086,400,0,166.725722286586,74.5839338768178,0,241.2,0,241.2,241.309656163403,-42.0764496332963,0,166.725722286586,1,0,0
4.706,49.9973810190639,400,0,166.725722286586,74.5837511165455,0,241.2,0,241.2,241.309473403131,-42.0773940404453,0,166.725722286586,1,0,0
4.707,49.9973853840321,400,0,166.725722286586,74.5835686608736,0,241.2,0,241.2,241.309290947459,-42.0783368735823,0,166.725722286586,1,0,0
4.708,49.9973897417254,400,0,166.725722286586,74.5833865092944,0,241.2,0,241.2,241.30910879588,-42.0792781353307,0,166.725722286586,1,0,0
4.709,49.9973940921558,400,0,166.725722286586,74.5832046613013,0,241.2,0,241.2,241.308926947887,-42.0802178283096,0,166.725722286586,1,0,0
4.71,49.9973984353356,400,0,166.725722286586,74.5830231163881,0,241.2,0,241.2,241.308745402974,-42.0811559551335,0,166.725722286586,1,0,0
4.711,49.9974027712767,400,0,166.725722286586,74.5828418740498,0,241.2,0,241.2,241.308564160635,-42.0820925184127,0,166.725722286586,1,0,0
4.712,49.9974070999912,400,0,166.725722286586,74.5826609337821,0,241.2,0,241.2,241.308383220368,-42.083027520753,0,166.725722286586,1,0,0
4.713,49.9974114214912,400,0,166.725722286586,74.5824802950815,0,241.2,0,241.2,241.308202581667,-42.0839609647562,0,166.725722286586,1,0,0
4.714,49.9974157357887,400,0,166.725722286586,74.5822999574453,0,241.2,0,241.2,241.308022244031,-42.0848928530194,0,166.725722286586,1,0,0
4.715,49.9974200428958,400,0,166.725722286586,74.582119920372,0,241.2,0,241.2,241.307842206958,-42.0858231881354,0,166.725722286586,1,0,0
4.716,49.9974243428243,400,0,166.725722286586,74.5819401833603,0,241.2,0,241.2,241.307662469946,-42.0867519726929,0,166.725722286586,1,0,0
4.717,49.9974286355862,400,0,166.725722286586,74.5817607459104,0,241.2,0,241.2,241.307483032496,-42.0876792092762,0,166.725722286586,1,0,0
4.718,49.9974329211936,400,0,166.725722286586,74.5815816075229,0,241.2,0,241.2,241.307303894109,-42.0886049004652,0,166.725722286586,1,0,0
4.719,49.9974371996583,400,0,166.725722286586,74.5814027676995,0,241.2,0,241.2,241.307125054285,-42.0895290488355,0,166.725722286586,1,0,0
4.72,49.9974414709922,400,0,166.725722286586,74.5812242259423,0,241.2,0,241.2,241.306946512528,-42.0904516569585,0,166.725722286586,1,0,0
4.721,49.9974457352072,400,0,166.725722286586,74.5810459817548,0,241.2,0,241.2,241.30676826834,-42.0913727274013,0,166.725722286586,1,0,0
4.722,49.9974499923152,400,0,166.725722286586,74.5808680346409,0,241.2,0,241.2,241.306590321227,-42.0922922627267,0,166.725722286586,1,0,0
4.723,49.997454242328,400,0,166.725722286586,74.5806903841056,0,241.2,0,241.2,241.306412670691,-42.0932102654933,0,166.725722286586,1,0,0
4.724,49.9974584852574,400,0,166.725722286586,74.5805130296544,0,241.2,0,241.2,241.30623531624,-42.0941267382552,0,166.725722286586,1,0,0
4.725,49.9974627211153,400,0,166.725722286586,74.580335970794,0,241.2,0,241.2,241.30605825738,-42.0950416835625,0,166.725722286586,1,0,0
4.726,49.9974669499135,400,0,166.725722286586,74.5801592070317,0,241.2,0,241.2,241.305881493617,-42.095955103961,0,166.725722286586,1,0,0
4.727,49.9974711716636,400,0,166.725722286586,74.5799827378757,0,241.2,0,241.2,241.305705024461,-42.0968670019922,0,166.725722286586,1,0,0
4.728,49.9974753863775,400,0,166.725722286586,74.579806562835,0,241.2,0,241.2,241.305528849421,-42.0977773801932,0,166.725722286586,1,0,0
4.729,49.9974795940669,400,0,166.725722286586,74.5796306814193,0,241.2,0,241.2,241.305352968005,-42.0986862410973,0,166.725722286586,1,0,0
4.73,49.9974837947434,400,0,166.725722286586,74.5794550931393,0,241.2,0,241.2,241.305177379725,-42.0995935872333,0,166.725722286586,1,0,0
4.731,49.9974879884189,400,0,166.725722286586,74.5792797975064,0,241.2,0,241.2,241.305002084092,-42.1004994211256,0,166.725722286586,1,0,0
4.732,49.9974921751048,400,0,166.725722286586,74.5791047940329,0,241.2,0,241.2,241.304827080618,-42.1014037452948,0,166.725722286586,1,0,0
4.733,49.997496354813,400,0,166.725722286586,74.5789300822318,0,241.2,0,241.2,241.304652368817,-42.1023065622571,0,166.725722286586,1,0,0
4.734,49.997500527555,400,0,166.725722286586,74.5787556616171,0,241.2,0,241.2,241.304477948203,-42.1032078745244,0,166.725722286586,1,0,0
4.735,49.9975046933424,400,0,166.725722286586,74.5785815317034,0,241.2,0,241.2,241.304303818289,-42.1041076846046,0,166.725722286586,1,0,0
4.736,49.9975088521868,400,0,166.725722286586,74.5784076920062,0,241.2,0,241.2,241.304129978592,-42.1050059950013,0,166.725722286586,1,0,0
4.737,49.9975130040998,400,0,166.725722286586,74.5782341420418,0,241.2,0,241.2,241.303956428627,-42.1059028082141,0,166.725722286586,1,0,0
4.738,49.997517149093,400,0,166.725722286586,74.5780608813274,0,241.2,0,241.2,241.303783167913,-42.1067981267381,0,166.725722286586,1,0,0
4.739,49.9975212871779,400,0,166.725722286586,74.5778879093808,0,241.2,0,241.2,241.303610195966,-42.1076919530647,0,166.725722286586,1,0,0
4.74,49.9975254183659,400,0,166.725722286586,74.5777152257208,0,241.2,0,241.2,241.303437512306,-42.1085842896806,0,166.725722286586,1,0,0
4.741,49.9975295426686,400,0,166.725722286586,74.5775428298669,0,241.2,0,241.2,241.303265116453,-42.1094751390689,0,166.725722286586,1,0,0
4.742,49.9975336600975,400,0,166.725722286586,74.5773707213394,0,241.2,0,241.2,241.303093007925,-42.1103645037082,0,166.725722286586,1,0,0
4.743,49.997537770664,400,0,166.725722286586,74.5771988996595,0,241.2,0,241.2,241.302921186245,-42.1112523860731,0,166.725722286586,1,0,0
4.744,49.9975418743796,400,0,166.725722286586,74.577027364349,0,241.2,0,241.2,241.302749650935,-42.1121387886341,0,166.725722286586,1,0,0
4.745,49.9975459712556,400,0,166.725722286586,74.5768561149306,0,241.2,0,241.2,241.302578401516,-42.1130237138574,0,166.725722286586,1,0,0
4.746,49.9975500613035,400,0,166.725722286586,74.576685150928,0,241.2,0,241.2,241.302407437514,-42.1139071642054,0,166.725722286586,1,0,0
4.747,49.9975541445347,400,0,166.725722286586,74.5765144718654,0,241.2,0,241.2,241.302236758451,-42.1147891421361,0,166.725722286586,1,0,0
4.748,49.9975582209605,400,0,166.725722286586,74.5763440772679,0,241.2,0,241.2,241.302066363853,-42.1156696501036,0,166.725722286586,1,0,0
4.749,49.9975622905922,400,0,166.725722286586,74.5761739666614,0,241.2,0,241.2,241.301896253247,-42.1165486905579,0,166.725722286586,1,0,0
4.75,49.9975663534412,400,0,166.725722286586,74.5760041395725,0,241.2,0,241.2,241.301726426158,-42.1174262659447,0,166.725722286586,1,0,0
4.751,49.9975704095188,400,0,166.725722286586,74.5758345955288,0,241.2,0,241.2,241.301556882114,-42.1183023787058,0,166.725722286586,1,0,0
4.752,49.9975744588363,400,0,166.725722286586,74.5756653340585,0,241.2,0,241.2,241.301387620644,-42.1191770312791,0,166.725722286586,1,0,0
4.753,49.9975785014049,400,0,166.725722286586,74.5754963546906,0,241.2,0,241.2,241.301218641276,-42.120050226098,0,166.725722286586,1,0,0
4.754,49.9975825372359,400,0,166.725722286586,74.5753276569551,0,241.2,0,241.2,241.301049943541,-42.1209219655923,0,166.725722286586,1,0,0
4.755,49.9975865663405,400,0,166.725722286586,74.5751592403824,0,241.2,0,241.2,241.300881526968,-42.1217922521874,0,166.725722286586,1,0,0
4.756,49.9975905887299,400,0,166.725722286586,74.574991104504,0,241.2,0,241.2,241.30071339109,-42.1226610883048,0,166.725722286586,1,0,0
4.757,49.9975946044154,400,0,166.725722286586,74.5748232488521,0,241.2,0,241.2,241.300545535438,-42.123528476362,0,166.725722286586,1,0,0
4.758,49.997598613408,400,0,166.725722286586,74.5746556729596,0,241.2,0,241.2,241.300377959545,-42.1243944187725,0,166.725722286586,1,0,0
4.759,49.997602615719,400,0,166.725722286586,74.5744883763603,0,241.2,0,241.2,241.300210662946,-42.1252589179456,0,166.725722286586,1,0,0
4.76,49.9976066113595,400,0,166.725722286586,74.5743213585886,0,241.2,0,241.2,241.300043645174,-42.1261219762868,0,166.725722286586,1,0,0
4.761,49.9976106003405,400,0,166.725722286586,74.5741546191799,0,241.2,0,241.2,241.299876905766,-42.1269835961974,0,166.725722286586,1,0,0
4.762,49.9976145826733,400,0,166.725722286586,74.5739881576702,0,241.2,0,241.2,241.299710444256,-42.1278437800748,0,166.725722286586,1,0,0
4.763,49.9976185583688,400,0,166.725722286586,74.5738219735964,0,241.2,0,241.2,241.299544260182,-42.1287025303124,0,166.725722286586,1,0,0
4.764,49.9976225274382,400,0,166.725722286586,74.573656066496,0,241.2,0,241.2,241.299378353082,-42.1295598492996,0,166.725722286586,1,0,0
4.765,49.9976264898925,400,0,166.725722286586,74.5734904359075,0,241.2,0,241.2,241.299212722493,-42.1304157394219,0,166.725722286586,1,0,0
4.766,49.9976304457427,400,0,166.725722286586,74.5733250813699,0,241.2,0,241.2,241.299047367955,-42.1312702030606,0,166.725722286586,1,0,0
4.767,49.9976343949998,400,0,166.725722286586,74.5731600024232,0,241.2,0,241.2,241.298882289009,-42.1321232425932,0,166.725722286586,1,0,0
4.768,49.9976383376748,400,0,166.725722286586,74.5729951986081,0,241.2,0,241.2,241.298717485194,-42.1329748603933,0,166.725722286586,1,0,0
4.769,49.9976422737786,400,0,166.725722286586,74.5728306694661,0,241.2,0,241.2,241.298552956052,-42.1338250588304,0,166.725722286586,1,0,0
4.77,49.9976462033223,400,0,166.725722286586,74.5726664145393,0,241.2,0,241.2,241.298388701125,-42.1346738402701,0,166.725722286586,1,0,0
4.771,49.9976501263168,400,0,166.725722286586,74.5725024333707,0,241.2,0,241.2,241.298224719956,-42.135521207074,0,166.725722286586,1,0,0
4.772,49.9976540427729,400,0,166.725722286586,74.572338725504,0,241.2,0,241.2,241.29806101209,-42.1363671616,0,166.725722286586,1,0,0
4.773,49.9976579527017,400,0,166.725722286586,74.5721752904838,0,241.2,0,241.2,241.297897577069,-42.1372117062017,0,166.725722286586,1,0,0
4.774,49.9976618561138,400,0,166.725722286586,74.5720121278553,0,241.2,0,241.2,241.297734414441,-42.1380548432291,0,166.725722286586,1,0,0
4.775,49.9976657530203,400,0,166.725722286586,74.5718492371645,0,241.2,0,241.2,241.29757152375,-42.1388965750281,0,166.725722286586,1,0,0
4.776,49.9976696434319,400,0,166.725722286586,74.5716866179582,0,241.2,0,241.2,241.297408904544,-42.1397369039408,0,166.725722286586,1,0,0
4.777,49.9976735273595,400,0,166.725722286586,74.5715242697839,0,241.2,0,241.2,241.297246556369,-42.1405758323053,0,166.725722286586,1,0,0
4.778,49.9976774048139,400,0,166.725722286586,74.5713621921899,0,241.2,0,241.2,241.297084478775,-42.1414133624559,0,166.725722286586,1,0,0
4.779,49.9976812758059,400,0,166.725722286586,74.5712003847252,0,241.2,0,241.2,241.296922671311,-42.1422494967229,0,166.725722286586,1,0,0
4.78,49.9976851403462,400,0,166.725722286586,74.5710388469396,0,241.2,0,241.2,241.296761133525,-42.1430842374327,0,166.725722286586,1,0,0
4.781,49.9976889984457,400,0,166.725722286586,74.5708775783836,0,241.2,0,241.2,241.296599864969,-42.1439175869081,0,166.725722286586,1,0,0
4.782,49.9976928501149,400,0,166.725722286586,74.5707165786086,0,241.2,0,241.2,241.296438865194,-42.1447495474676,0,166.725722286586,1,0,0
4.783,49.9976966953647,400,0,166.725722286586,74.5705558471665,0,241.2,0,241.2,241.296278133752,-42.1455801214263,0,166.725722286586,1,0,0
4.784,49.9977005342058,400,0,166.725722286586,74.5703953836102,0,241.2,0,241.2,241.296117670196,-42.146409311095,0,166.725722286586,1,0,0
4.785,49.9977043666488,400,0,166.725722286586,74.5702351874932,0,241.2,0,241.2,241.295957474079,-42.1472371187809,0,166.725722286586,1,0,0
4.786,49.9977081927044,400,0,166.725722286586,74.5700752583696,0,241.2,0,241.2,241.295797544955,-42.1480635467873,0,166.725722286586,1,0,0
4.787,49.9977120123832,400,0,166.725722286586,74.5699155957946,0,241.2,0,241.2,241.29563788238,-42.1488885974137,0,166.725722286586,1,0,0
4.788,49.9977158256959,400,0,166.725722286586,74.5697561993239,0,241.2,0,241.2,241.29547848591,-42.1497122729558,0,166.725722286586,1,0,0
4.789,49.9977196326531,400,0,166.725722286586,74.569597068514,0,241.2,0,241.2,241.2953193551,-42.1505345757053,0,166.725722286586,1,0,0
4.79,49.9977234332653,400,0,166.725722286586,74.5694382029222,0,241.2,0,241.2,241.295160489508,-42.1513555079502,0,166.725722286586,1,0,0
4.791,49.9977272275432,400,0,166.725722286586,74.5692796021062,0,241.2,0,241.2,241.295001888692,-42.1521750719747,0,166.725722286586,1,0,0
4.792,49.9977310154973,400,0,166.725722286586,74.569121265625,0,241.2,0,241.2,241.294843552211,-42.1529932700591,0,166.725722286586,1,0,0
4.793,49.9977347971381,400,0,166.725722286586,74.5689631930379,0,241.2,0,241.2,241.294685479624,-42.1538101044801,0,166.725722286586,1,0,0
4.794,49.9977385724762,400,0,166.725722286586,74.5688053839052,0,241.2,0,241.2,241.294527670491,-42.1546255775103,0,166.725722286586,1,0,0
4.795,49.9977423415221,400,0,166.725722286586,74.5686478377876,0,241.2,0,241.2,241.294370124373,-42.1554396914189,0,166.725722286586,1,0,0
4.796,49.9977461042862,400,0,166.725722286586,74.5684905542469,0,241.2,0,241.2,241.294212840833,-42.1562524484709,0,166.725722286586,1,0,0
4.797,49.9977498607791,400,0,166.725722286586,74.5683335328455,0,241.2,0,241.2,241.294055819431,-42.1570638509279,0,166.725722286586,1,0,0
4.798,49.9977536110111,400,0,166.725722286586,74.5681767731464,0,241.2,0,241.2,241.293899059732,-42.1578739010474,0,166.725722286586,1,0,0
4.799,49.9977573549928,400,0,166.725722286586,74.5680202747134,0,241.2,0,241.2,241.293742561299,-42.1586826010834,0,166.725722286586,1,0,0
4.8,49.9977610927345,400,0,166.725722286586,74.5678640371112,0,241.2,0,241.2,241.293586323697,-42.159489953286,0,166.725722286586,1,0,0
4.801,49.9977648242466,400,0,166.725722286586,74.567708059905,0,241.2,0,241.2,241.293430346491,-42.1602959599016,0,166.725722286586,1,0,0
4.802,49.9977685495395,400,0,166.725722286586,74.5675523426607,0,241.2,0,241.2,241.293274629246,-42.1611006231728,0,166.725722286586,1,0,0
4.803,49.9977722686236,400,0,166.725722286586,74.5673968849453,0,241.2,0,241.2,241.293119171531,-42.1619039453386,0,166.725722286586,1,0,0
4.804,49.9977759815092,400,0,166.725722286586,74.567241686326,0,241.2,0,241.2,241.292963972912,-42.1627059286341,0,166.725722286586,1,0,0
4.805,49.9977796882067,400,0,166.725722286586,74.5670867463711,0,241.2,0,241.2,241.292809032957,-42.1635065752908,0,166.725722286586,1,0,0
4.806,49.9977833887264,400,0,166.725722286586,74.5669320646495,0,241.2,0,241.2,241.292654351235,-42.1643058875364,0,166.725722286586,1,0,0
4.807,49.9977870830785,400,0,166.725722286586,74.5667776407307,0,241.2,0,241.2,241.292499927316,-42.1651038675949,0,166.725722286586,1,0,0
4.808,49.9977907712734,400,0,166.725722286586,74.5666234741851,0,241.2,0,241.2,241.292345760771,-42.1659005176866,0,166.725722286586,1,0,0
4.809,49.9977944533212,400,0,166.725722286586,74.5664695645838,0,241.2,0,241.2,241.292191851169,-42.1666958400282,0,166.725722286586,1,0,0
4.81,49.9977981292324,400,0,166.725722286586,74.5663159114985,0,241.2,0,241.2,241.292038198084,-42.1674898368326,0,166.725722286586,1,0,0
4.811,49.997801799017,400,0,166.725722286586,74.5661625145017,0,241.2,0,241.2,241.291884801087,-42.1682825103089,0,166.725722286586,1,0,0
4.812,49.9978054626853,400,0,166.725722286586,74.5660093731665,0,241.2,0,241.2,241.291731659752,-42.1690738626628,0,166.725722286586,1,0,0
4.813,49.9978091202475,400,0,166.725722286586,74.565856487067,0,241.2,0,241.2,241.291578773653,-42.1698638960961,0,166.725722286586,1,0,0
4.814,49.9978127717137,400,0,166.725722286586,74.5657038557775,0,241.2,0,241.2,241.291426142363,-42.170652612807,0,166.725722286586,1,0,0
4.815,49.9978164170942,400,0,166.725722286586,74.5655514788736,0,241.2,0,241.2,241.291273765459,-42.1714400149901,0,166.725722286586,1,0,0
4.816,49.997820056399,400,0,166.725722286586,74.5653993559312,0,241.2,0,241.2,241.291121642517,-42.1722261048362,0,166.725722286586,1,0,0
4.817,49.9978236896384,400,0,166.725722286586,74.5652474865271,0,241.2,0,241.2,241.290969773113,-42.1730108845325,0,166.725722286586,1,0,0
4.818,49.9978273168223,400,0,166.725722286586,74.5650958702386,0,241.2,0,241.2,241.290818156824,-42.1737943562627,0,166.725722286586,1,0,0
4.819,49.9978309379609,400,0,166.725722286586,74.5649445066439,0,241.2,0,241.2,241.29066679323,-42.1745765222067,0,166.725722286586,1,0,0
4.82,49.9978345530643,400,0,166.725722286586,74.5647933953219,0,241.2,0,241.2,241.290515681907,-42.1753573845408,0,166.725722286586,1,0,0
4.821,49.9978381621426,400,0,166.725722286586,74.5646425358521,0,241.2,0,241.2,241.290364822438,-42.1761369454376,0,166.725722286586,1,0,0
4.822,49.9978417652056,400,0,166.725722286586,74.5644919278147,0,241.2,0,241.2,241.2902142144,-42.1769152070663,0,166.725722286586,1,0,0
4.823,49.9978453622636,400,0,166.725722286586,74.5643415707907,0,241.2,0,241.2,241.290063857376,-42.1776921715922,0,166.725722286586,1,0,0
4.824,49.9978489533265,400,0,166.725722286586,74.5641914643618,0,241.2,0,241.2,241.289913750947,-42.1784678411773,0,166.725722286586,1,0,0
4.825,49.9978525384043,400,0,166.725722286586,74.5640416081103,0,241.2,0,241.2,241.289763894696,-42.1792422179798,0,166.725722286586,1,0,0
4.826,49.997856117507,400,0,166.725722286586,74.5638920016192,0,241.2,0,241.2,241.289614288205,-42.1800153041542,0,166.725722286586,1,0,0
4.827,49.9978596906445,400,0,166.725722286586,74.5637426444722,0,241.2,0,241.2,241.289464931058,-42.1807871018517,0,166.725722286586,1,0,0
4.828,49.9978632578267,400,0,166.725722286586,74.5635935362538,0,241.2,0,241.2,241.289315822839,-42.1815576132197,0,166.725722286586,1,0,0
4.829,49.9978668190637,400,0,166.725722286586,74.5634446765491,0,241.2,0,241.2,241.289166963135,-42.1823268404021,0,166.725722286586,1,0,0
4.83,49.9978703743653,400,0,166.725722286586,74.5632960649438,0,241.2,0,241.2,241.289018351529,-42.1830947855391,0,166.725722286586,1,0,0
4.831,49.9978739237413,400,0,166.725722286586,74.5631477010246,0,241.2,0,241.2,241.28886998761,-42.1838614507677,0,166.725722286586,1,0,0
4.832,49.9978774672017,400,0,166.725722286586,74.5629995843785,0,241.2,0,241.2,241.288721870964,-42.1846268382208,0,166.725722286586,1,0,0
4.833,49.9978810047564,400,0,166.725722286586,74.5628517145936,0,241.2,0,241.2,241.288574001179,-42.1853909500282,0,166.725722286586,1,0,0
4.834,49.9978845364151,400,0,166.725722286586,74.5627040912583,0,241.2,0,241.2,241.288426377844,-42.1861537883159,0,166.725722286586,1,0,0
4.835,49.9978880621878,400,0,166.725722286586,74.5625567139618,0,241.2,0,241.2,241.288279000547,-42.1869153552064,0,166.725722286586,1,0,0
4.836,49.9978915820841,400,0,166.725722286586,74.5624095822942,0,241.2,0,241.2,241.28813186888,-42.1876756528188,0,166.725722286586,1,0,0
4.837,49.997895096114,400,0,166.725722286586,74.5622626958461,0,241.2,0,241.2,241.287984982432,-42.1884346832685,0,166.725722286586,1,0,0
4.838,49.9978986042871,400,0,166.725722286586,74.5621160542087,0,241.2,0,241.2,241.287838340794,-42.1891924486675,0,166.725722286586,1,0,0
4.839,49.9979021066133,400,0,166.725722286586,74.561969656974,0,241.2,0,241.2,241.28769194356,-42.1899489511241,0,166.725722286586,1,0,0
4.84,49.9979056031023,400,0,166.725722286586,74.5618235037348,0,241.2,0,241.2,241.28754579032,-42.1907041927433,0,166.725722286586,1,0,0
4.841,49.9979090937638,400,0,166.725722286586,74.5616775940842,0,241.2,0,241.2,241.28739988067,-42.1914581756265,0,166.725722286586,1,0,0
4.842,49.9979125786075,400,0,166.725722286586,74.5615319276164,0,241.2,0,241.2,241.287254214202,-42.1922109018715,0,166.725722286586,1,0,0
4.843,49.9979160576432,400,0,166.725722286586,74.5613865039261,0,241.2,0,241.2,241.287108790512,-42.1929623735728,0,166.725722286586,1,0,0
4.844,49.9979195308805,400,0,166.725722286586,74.5612413226086,0,241.2,0,241.2,241.286963609194,-42.1937125928212,0,166.725722286586,1,0,0
4.845,49.997922998329,400,0,166.725722286586,74.5610963832599,0,241.2,0,241.2,241.286818669846,-42.1944615617043,0,166.725722286586,1,0,0
4.846,49.9979264599984,400,0,166.725722286586,74.5609516854768,0,241.2,0,241.2,241.286673972062,-42.1952092823058,0,166.725722286586,1,0,0
4.847,49.9979299158984,400,0,166.725722286586,74.5608072288567,0,241.2,0,241.2,241.286529515442,-42.1959557567064,0,166.725722286586,1,0,0
4.848,49.9979333660386,400,0,166.725722286586,74.5606630129977,0,241.2,0,241.2,241.286385299583,-42.196700986983,0,166.725722286586,1,0,0
4.849,49.9979368104285,400,0,166.725722286586,74.5605190374984,0,241.2,0,241.2,241.286241324084,-42.1974449752091,0,166.725722286586,1,0,0
4.85,49.9979402490778,400,0,166.725722286586,74.5603753019583,0,241.2,0,241.2,241.286097588544,-42.1981877234548,0,166.725722286586,1,0,0
4.851,49.997943681996,400,0,166.725722286586,74.5602318059774,0,241.2,0,241.2,241.285954092563,-42.1989292337868,0,166.725722286586,1,0,0
4.852,49.9979471091927,400,0,166.725722286586,74.5600885491565,0,241.2,0,241.2,241.285810835742,-42.1996695082682,0,166.725722286586,1,0,0
4.853,49.9979505306774,400,0,166.725722286586,74.5599455310969,0,241.2,0,241.2,241.285667817683,-42.2004085489588,0,166.725722286586,1,0,0
4.854,49.9979539464596,400,0,166.725722286586,74.5598027514008,0,241.2,0,241.2,241.285525037986,-42.201146357915,0,166.725722286586,1,0,0
4.855,49.9979573565488,400,0,166.725722286586,74.5596602096709,0,241.2,0,241.2,241.285382496256,-42.2018829371895,0,166.725722286586,1,0,0
4.856,49.9979607609546,400,0,166.725722286586,74.5595179055104,0,241.2,0,241.2,241.285240192096,-42.2026182888319,0,166.725722286586,1,0,0
4.857,49.9979641596863,400,0,166.725722286586,74.5593758385236,0,241.2,0,241.2,241.285098125109,-42.2033524148883,0,166.725722286586,1,0,0
4.858,49.9979675527535,400,0,166.725722286586,74.5592340083151,0,241.2,0,241.2,241.284956294901,-42.2040853174012,0,166.725722286586,1,0,0
4.859,49.9979709401656,400,0,166.725722286586,74.5590924144903,0,241.2,0,241.2,241.284814701076,-42.20481699841,0,166.725722286586,1,0,0
4.86,49.997974321932,400,0,166.725722286586,74.5589510566552,0,241.2,0,241.2,241.284673343241,-42.2055474599504,0,166.725722286586,1,0,0
4.861,49.9979776980621,400,0,166.725722286586,74.5588099344164,0,241.2,0,241.2,241.284532221002,-42.2062767040549,0,166.725722286586,1,0,0
4.862,49.9979810685653,400,0,166.725722286586,74.5586690473814,0,241.2,0,241.2,241.284391333967,-42.2070047327525,0,166.725722286586,1,0,0
4.863,49.997984433451,400,0,166.725722286586,74.5585283951581,0,241.2,0,241.2,241.284250681744,-42.207731548069,0,166.725722286586,1,0,0
4.864,49.9979877927286,400,0,166.725722286586,74.5583879773552,0,241.2,0,241.2,241.284110263941,-42.2084571520266,0,166.725722286586,1,0,0
4.865,49.9979911464074,400,0,166.725722286586,74.558247793582,0,241.2,0,241.2,241.283970080168,-42.2091815466443,0,166.725722286586,1,0,0
4.866,49.9979944944967,400,0,166.725722286586,74.5581078434484,0,241.2,0,241.2,241.283830130034,-42.2099047339377,0,166.725722286586,1,0,0
4.867,49.9979978370059,400,0,166.725722286586,74.557968126565,0,241.2,0,241.2,241.283690413151,-42.2106267159188,0,166.725722286586,1,0,0
4.868,49.9980011739442,400,0,166.725722286586,74.557828642543,0,241.2,0,241.2,241.283550929129,-42.2113474945967,0,166.725722286586,1,0,0
4.869,49.998004505321,400,0,166.725722286586,74.5576893909945,0,241.2,0,241.2,241.28341167758,-42.2120670719768,0,166.725722286586,1,0,0
4.87,49.9980078311455,400,0,166.725722286586,74.5575503715318,0,241.2,0,241.2,241.283272658117,-42.2127854500612,0,166.725722286586,1,0,0
4.871,49.9980111514269,400,0,166.725722286586,74.5574115837683,0,241.2,0,241.2,241.283133870354,-42.2135026308489,0,166.725722286586,1,0,0
4.872,49.9980144661745,400,0,166.725722286586,74.5572730273177,0,241.2,0,241.2,241.282995313903,-42.2142186163352,0,166.725722286586,1,0,0
4.873,49.9980177753975,400,0,166.725722286586,74.5571347017945,0,241.2,0,241.2,241.28285698838,-42.2149334085124,0,166.725722286586,1,0,0
4.874,49.9980210791052,400,0,166.725722286586,74.5569966068139,0,241.2,0,241.2,241.282718893399,-42.2156470093693,0,166.725722286586,1,0,0
4.875,49.9980243773067,400,0,166.725722286586,74.5568587419915,0,241.2,0,241.2,241.282581028577,-42.2163594208914,0,166.725722286586,1,0,0
4.876,49.9980276700112,400,0,166.725722286586,74.5567211069439,0,241.2,0,241.2,241.28244339353,-42.217070645061,0,166.725722286586,1,0,0
4.877,49.9980309572278,400,0,166.725722286586,74.556583701288,0,241.2,0,241.2,241.282305987874,-42.2177806838569,0,166.725722286586,1,0,0
4.878,49.9980342389658,400,0,166.725722286586,74.5564465246415,0,241.2,0,241.2,241.282168811227,-42.2184895392549,0,166.725722286586,1,0,0
4.879,49.9980375152342,400,0,166.725722286586,74.5563095766228,0,241.2,0,241.2,241.282031863208,-42.2191972132272,0,166.725722286586,1,0,0
4.88,49.9980407860421,400,0,166.725722286586,74.5561728568508,0,241.2,0,241.2,241.281895143436,-42.2199037077429,0,166.725722286586,1,0,0
4.881,49.9980440513987,400,0,166.725722286586,74.5560363649451,0,241.2,0,241.2,241.281758651531,-42.2206090247678,0,166.725722286586,1,0,0
4.882,49.9980473113131,400,0,166.725722286586,74.5559001005258,0,241.2,0,241.2,241.281622387111,-42.2213131662642,0,166.725722286586,1,0,0
4.883,49.9980505657942,400,0,166.725722286586,74.555764063214,0,241.2,0,241.2,241.2814863498,-42.2220161341915,0,166.725722286586,1,0,0
4.884,49.9980538148512,400,0,166.725722286586,74.555628252631,0,241.2,0,241.2,241.281350539217,-42.2227179305056,0,166.725722286586,1,0,0
4.885,49.9980570584931,400,0,166.725722286586,74.5554926683989,0,241.2,0,241.2,241.281214954985,-42.2234185571592,0,166.725722286586,1,0,0
4.886,49.998060296729,400,0,166.725722286586,74.5553573101406,0,241.2,0,241.2,241.281079596726,-42.2241180161016,0,166.725722286586,1,0,0
4.887,49.9980635295678,400,0,166.725722286586,74.5552221774794,0,241.2,0,241.2,241.280944464065,-42.2248163092792,0,166.725722286586,1,0,0
4.888,49.9980667570185,400,0,166.725722286586,74.5550872700393,0,241.2,0,241.2,241.280809556625,-42.2255134386348,0,166.725722286586,1,0,0
4.889,49.9980699790901,400,0,166.725722286586,74.554952587445,0,241.2,0,241.2,241.280674874031,-42.2262094061082,0,166.725722286586,1,0,0
4.89,49.9980731957916,400,0,166.725722286586,74.5548181293216,0,241.2,0,241.2,241.280540415907,-42.2269042136357,0,166.725722286586,1,0,0
4.891,49.998076407132,400,0,166.725722286586,74.5546838952951,0,241.2,0,241.2,241.280406181881,-42.2275978631508,0,166.725722286586,1,0,0
4.892,49.9980796131201,400,0,166.725722286586,74.554549884992,0,241.2,0,241.2,241.280272171578,-42.2282903565832,0,166.725722286586,1,0,0
4.893,49.9980828137649,400,0,166.725722286586,74.5544160980394,0,241.2,0,241.2,241.280138384625,-42.22898169586,0,166.725722286586,1,0,0
4.894,49.9980860090753,400,0,166.725722286586,74.5542825340651,0,241.2,0,241.2,241.280004820651,-42.2296718829047,0,166.725722286586,1,0,0
4.895,49.9980891990601,400,0,166.725722286586,74.5541491926973,0,241.2,0,241.2,241.279871479283,-42.2303609196376,0,166.725722286586,1,0,0
4.896,49.9980923837284,400,0,166.725722286586,74.5540160735652,0,241.2,0,241.2,241.279738360151,-42.2310488079759,0,166.725722286586,1,0,0
4.897,49.9980955630888,400,0,166.725722286586,74.5538831762984,0,241.2,0,241.2,241.279605462884,-42.2317355498337,0,166.725722286586,1,0,0
4.898,49.9980987371504,400,0,166.725722286586,74.5537505005269,0,241.2,0,241.2,241.279472787113,-42.2324211471217,0,166.725722286586,1,0,0
4.899,49.9981019059218,400,0,166.725722286586,74.5536180458818,0,241.2,0,241.2,241.279340332467,-42.2331056017476,0,166.725722286586,1,0,0
4.9,49.9981050694119,400,0,166.725722286586,74.5534858119944,0,241.2,0,241.2,241.27920809858,-42.2337889156158,0,166.725722286586,1,0,0
4.901,49.9981082276295,400,0,166.725722286586,74.5533537984968,0,241.2,0,241.2,241.279076085082,-42.2344710906275,0,166.725722286586,1,0,0
4.902,49.9981113805835,400,0,166.725722286586,74.5532220050217,0,241.2,0,241.2,241.278944291607,-42.2351521286808,0,166.725722286586,1,0,0
4.903,49.9981145282825,400,0,166.725722286586,74.5530904312024,0,241.2,0,241.2,241.278812717788,-42.2358320316708,0,166.725722286586,1,0,0
4.904,49.9981176707354,400,0,166.725722286586,74.5529590766728,0,241.2,0,241.2,241.278681363258,-42.2365108014891,0,166.725722286586,1,0,0
4.905,49.9981208079508,400,0,166.725722286586,74.5528279410675,0,241.2,0,241.2,241.278550227653,-42.2371884400243,0,166.725722286586,1,0,0
4.906,49.9981239399376,400,0,166.725722286586,74.5526970240215,0,241.2,0,241.2,241.278419310607,-42.237864949162,0,166.725722286586,1,0,0
4.907,49.9981270667043,400,0,166.725722286586,74.5525663251705,0,241.2,0,241.2,241.278288611756,-42.2385403307845,0,166.725722286586,1,0,0
4.908,49.9981301882598,400,0,166.725722286586,74.5524358441509,0,241.2,0,241.2,241.278158130737,-42.239214586771,0,166.725722286586,1,0,0
4.909,49.9981333046127,400,0,166.725722286586,74.5523055805997,0,241.2,0,241.2,241.278027867185,-42.2398877189974,0,166.725722286586,1,0,0
4.91,49.9981364157717,400,0,166.725722286586,74.5521755341545,0,241.2,0,241.2,241.27789782074,-42.2405597293368,0,166.725722286586,1,0,0
4.911,49.9981395217454,400,0,166.725722286586,74.5520457044532,0,241.2,0,241.2,241.277767991039,-42.241230619659,0,166.725722286586,1,0,0
4.912,49.9981426225425,400,0,166.725722286586,74.5519160911349,0,241.2,0,241.2,241.27763837772,-42.2419003918307,0,166.725722286586,1,0,0
4.913,49.9981457181716,400,0,166.725722286586,74.5517866938387,0,241.2,0,241.2,241.277508980424,-42.2425690477154,0,166.725722286586,1,0,0
4.914,49.9981488086413,400,0,166.725722286586,74.5516575122047,0,241.2,0,241.2,241.27737979879,-42.2432365891736,0,166.725722286586,1,0,0
4.915,49.9981518939603,400,0,166.725722286586,74.5515285458734,0,241.2,0,241.2,241.277250832459,-42.2439030180627,0,166.725722286586,1,0,0
4.916,49.998154974137,400,0,166.725722286586,74.551399794486,0,241.2,0,241.2,241.277122081072,-42.244568336237,0,166.725722286586,1,0,0
4.917,49.9981580491801,400,0,166.725722286586,74.5512712576843,0,241.2,0,241.2,241.27699354427,-42.2452325455477,0,166.725722286586,1,0,0
4.918,49.9981611190981,400,0,166.725722286586,74.5511429351106,0,241.2,0,241.2,241.276865221696,-42.2458956478429,0,166.725722286586,1,0,0
4.919,49.9981641838996,400,0,166.725722286586,74.5510148264078,0,241.2,0,241.2,241.276737112993,-42.2465576449675,0,166.725722286586,1,0,0
4.92,49.9981672435931,400,0,166.725722286586,74.5508869312196,0,241.2,0,241.2,241.276609217805,-42.2472185387637,0,166.725722286586,1,0,0
4.921,49.9981702981871,400,0,166.725722286586,74.55075924919,0,241.2,0,241.2,241.276481535776,-42.2478783310701,0,166.725722286586,1,0,0
4.922,49.9981733476902,400,0,166.725722286586,74.5506317799637,0,241.2,0,241.2,241.276354066549,-42.2485370237228,0,166.725722286586,1,0,0
4.923,49.9981763921107,400,0,166.725722286586,74.5505045231862,0,241.2,0,241.2,241.276226809772,-42.2491946185543,0,166.725722286586,1,0,0
4.924,49.9981794314572,400,0,166.725722286586,74.5503774785033,0,241.2,0,241.2,241.276099765089,-42.2498511173945,0,166.725722286586,1,0,0
4.925,49.9981824657381,400,0,166.725722286586,74.5502506455616,0,241.2,0,241.2,241.275972932147,-42.2505065220699,0,166.725722286586,1,0,0
4.926,49.9981854949618,400,0,166.725722286586,74.5501240240081,0,241.2,0,241.2,241.275846310594,-42.2511608344042,0,166.725722286586,1,0,0
4.927,49.9981885191369,400,0,166.725722286586,74.5499976134906,0,241.2,0,241.2,241.275719900076,-42.2518140562179,0,166.725722286586,1,0,0
4.928,49.9981915382717,400,0,166.725722286586,74.5498714136572,0,241.2,0,241.2,241.275593700243,-42.2524661893287,0,166.725722286586,1,0,0
4.929,49.9981945523745,400,0,166.725722286586,74.5497454241569,0,241.2,0,241.2,241.275467710742,-42.2531172355509,0,166.725722286586,1,0,0
4.93,49.9981975614539,400,0,166.725722286586,74.549619644639,0,241.2,0,241.2,241.275341931225,-42.253767196696,0,166.725722286586,1,0,0
4.931,49.9982005655182,400,0,166.725722286586,74.5494940747537,0,241.2,0,241.2,241.275216361339,-42.2544160745726,0,166.725722286586,1,0,0
4.932,49.9982035645756,400,0,166.725722286586,74.5493687141516,0,241.2,0,241.2,241.275091000737,-42.2550638709861,0,166.725722286586,1,0,0
4.933,49.9982065586347,400,0,166.725722286586,74.5492435624837,0,241.2,0,241.2,241.274965849069,-42.2557105877389,0,166.725722286586,1,0,0
4.934,49.9982095477036,400,0,166.725722286586,74.549118619402,0,241.2,0,241.2,241.274840905988,-42.2563562266304,0,166.725722286586,1,0,0
4.935,49.9982125317908,400,0,166.725722286586,74.5489938845588,0,241.2,0,241.2,241.274716171144,-42.2570007894571,0,166.725722286586,1,0,0
4.936,49.9982155109045,400,0,166.725722286586,74.548869357607,0,241.2,0,241.2,241.274591644193,-42.2576442780124,0,166.725722286586,1,0,0
4.937,49.9982184850529,400,0,166.725722286586,74.5487450382001,0,241.2,0,241.2,241.274467324786,-42.2582866940868,0,166.725722286586,1,0,0
4.938,49.9982214542445,400,0,166.725722286586,74.5486209259922,0,241.2,0,241.2,241.274343212578,-42.2589280394677,0,166.725722286586,1,0,0
4.939,49.9982244184874,400,0,166.725722286586,74.548497020638,0,241.2,0,241.2,241.274219307224,-42.2595683159397,0,166.725722286586,1,0,0
4.94,49.99822737779,400,0,166.725722286586,74.5483733217927,0,241.2,0,241.2,241.274095608378,-42.2602075252842,0,166.725722286586,1,0,0
4.941,49.9982303321603,400,0,166.725722286586,74.5482498291122,0,241.2,0,241.2,241.273972115698,-42.2608456692798,0,166.725722286586,1,0,0
4.942,49.9982332816067,400,0,166.725722286586,74.5481265422528,0,241.2,0,241.2,241.273848828838,-42.2614827497021,0,166.725722286586,1,0,0
4.943,49.9982362261374,400,0,166.725722286586,74.5480034608715,0,241.2,0,241.2,241.273725747457,-42.2621187683237,0,166.725722286586,1,0,0
4.944,49.9982391657605,400,0,166.725722286586,74.5478805846258,0,241.2,0,241.2,241.273602871211,-42.2627537269142,0,166.725722286586,1,0,0
4.945,49.9982421004842,400,0,166.725722286586,74.5477579131739,0,241.2,0,241.2,241.273480199759,-42.2633876272405,0,166.725722286586,1,0,0
4.946,49.9982450303167,400,0,166.725722286586,74.5476354461744,0,241.2,0,241.2,241.27335773276,-42.2640204710662,0,166.725722286586,1,0,0
4.947,49.9982479552662,400,0,166.725722286586,74.5475131832866,0,241.2,0,241.2,241.273235469872,-42.2646522601521,0,166.725722286586,1,0,0
4.948,49.9982508753408,400,0,166.725722286586,74.5473911241702,0,241.2,0,241.2,241.273113410756,-42.2652829962563,0,166.725722286586,1,0,0
4.949,49.9982537905485,400,0,166.725722286586,74.5472692684857,0,241.2,0,241.2,241.272991555071,-42.2659126811336,0,166.725722286586,1,0,0
4.95,49.9982567008976,400,0,166.725722286586,74.547147615894,0,241.2,0,241.2,241.27286990248,-42.2665413165362,0,166.725722286586,1,0,0
4.951,49.9982596063961,400,0,166.725722286586,74.5470261660566,0,241.2,0,241.2,241.272748452642,-42.267168904213,0,166.725722286586,1,0,0
4.952,49.9982625070521,400,0,166.725722286586,74.5469049186356,0,241.2,0,241.2,241.272627205221,-42.2677954459104,0,166.725722286586,1,0,0
4.953,49.9982654028737,400,0,166.725722286586,74.5467838732936,0,241.2,0,241.2,241.272506159879,-42.2684209433717,0,166.725722286586,1,0,0
4.954,49.9982682938689,400,0,166.725722286586,74.5466630296939,0,241.2,0,241.2,241.272385316279,-42.2690453983371,0,166.725722286586,1,0,0
4.955,49.9982711800458,400,0,166.725722286586,74.5465423875002,0,241.2,0,241.2,241.272264674086,-42.2696688125443,0,166.725722286586,1,0,0
4.956,49.9982740614124,400,0,166.725722286586,74.5464219463767,0,241.2,0,241.2,241.272144232962,-42.2702911877278,0,166.725722286586,1,0,0
4.957,49.9982769379767,400,0,166.725722286586,74.5463017059885,0,241.2,0,241.2,241.272023992574,-42.2709125256194,0,166.725722286586,1,0,0
4.958,49.9982798097467,400,0,166.725722286586,74.5461816660009,0,241.2,0,241.2,241.271903952587,-42.2715328279477,0,166.725722286586,1,0,0
4.959,49.9982826767305,400,0,166.725722286586,74.54606182608,0,241.2,0,241.2,241.271784112666,-42.2721520964389,0,166.725722286586,1,0,0
4.96,49.9982855389359,400,0,166.725722286586,74.5459421858923,0,241.2,0,241.2,241.271664472478,-42.2727703328159,0,166.725722286586,1,0,0
4.961,49.9982883963711,400,0,166.725722286586,74.5458227451049,0,241.2,0,241.2,241.27154503169,-42.273387538799,0,166.725722286586,1,0,0
4.962,49.9982912490438,400,0,166.725722286586,74.5457035033855,0,241.2,0,241.2,241.271425789971,-42.2740037161054,0,166.725722286586,1,0,0
4.963,49.998294096962,400,0,166.725722286586,74.5455844604022,0,241.2,0,241.2,241.271306746988,-42.2746188664496,0,166.725722286586,1,0,0
4.964,49.9982969401338,400,0,166.725722286586,74.545465615824,0,241.2,0,241.2,241.27118790241,-42.2752329915433,0,166.725722286586,1,0,0
4.965,49.9982997785669,400,0,166.725722286586,74.54534696932,0,241.2,0,241.2,241.271069255906,-42.2758460930952,0,166.725722286586,1,0,0
4.966,49.9983026122693,400,0,166.725722286586,74.5452285205603,0,241.2,0,241.2,241.270950807146,-42.2764581728111,0,166.725722286586,1,0,0
4.967,49.9983054412488,400,0,166.725722286586,74.5451102692151,0,241.2,0,241.2,241.270832555801,-42.2770692323942,0,166.725722286586,1,0,0
4.968,49.9983082655134,400,0,166.725722286586,74.5449922149554,0,241.2,0,241.2,241.270714501541,-42.2776792735446,0,166.725722286586,1,0,0
4.969,49.9983110850709,400,0,166.725722286586,74.5448743574529,0,241.2,0,241.2,241.270596644039,-42.2782882979598,0,166.725722286586,1,0,0
4.97,49.9983138999291,400,0,166.725722286586,74.5447566963796,0,241.2,0,241.2,241.270478982965,-42.2788963073343,0,166.725722286586,1,0,0
4.971,49.9983167100959,400,0,166.725722286586,74.544639231408,0,241.2,0,241.2,241.270361517994,-42.2795033033598,0,166.725722286586,1,0,0
4.972,49.998319515579,400,0,166.725722286586,74.5445219622114,0,241.2,0,241.2,241.270244248797,-42.2801092877253,0,166.725722286586,1,0,0
4.973,49.9983223163864,400,0,166.725722286586,74.5444048884635,0,241.2,0,241.2,241.270127175049,-42.2807142621168,0,166.725722286586,1,0,0
4.974,49.9983251125258,400,0,166.725722286586,74.5442880098385,0,241.2,0,241.2,241.270010296424,-42.2813182282177,0,166.725722286586,1,0,0
4.975,49.9983279040049,400,0,166.725722286586,74.5441713260112,0,241.2,0,241.2,241.269893612597,-42.2819211877084,0,166.725722286586,1,0,0
4.976,49.9983306908315,400,0,166.725722286586,74.5440548366569,0,241.2,0,241.2,241.269777123242,-42.2825231422667,0,166.725722286586,1,0,0
4.977,49.9983334730135,400,0,166.725722286586,74.5439385414516,0,241.2,0,241.2,241.269660828037,-42.2831240935673,0,166.725722286586,1,0,0
4.978,49.9983362505585,400,0,166.725722286586,74.5438224400716,0,241.2,0,241.2,241.269544726657,-42.2837240432825,0,166.725722286586,1,0,0
4.979,49.9983390234742,400,0,166.725722286586,74.5437065321939,0,241.2,0,241.2,241.26942881878,-42.2843229930814,0,166.725722286586,1,0,0
4.98,49.9983417917684,400,0,166.725722286586,74.543590817496,0,241.2,0,241.2,241.269313104082,-42.2849209446307,0,166.725722286586,1,0,0
4.981,49.9983445554488,400,0,166.725722286586,74.543475295656,0,241.2,0,241.2,241.269197582242,-42.2855178995941,0,166.725722286586,1,0,0
4.982,49.998347314523,400,0,166.725722286586,74.5433599663523,0,241.2,0,241.2,241.269082252938,-42.2861138596325,0,166.725722286586,1,0,0
4.983,49.9983500689988,400,0,166.725722286586,74.5432448292642,0,241.2,0,241.2,241.26896711585,-42.2867088264042,0,166.725722286586,1,0,0
4.984,49.9983528188838,400,0,166.725722286586,74.5431298840712,0,241.2,0,241.2,241.268852170657,-42.2873028015646,0,166.725722286586,1,0,0
4.985,49.9983555641857,400,0,166.725722286586,74.5430151304536,0,241.2,0,241.2,241.268737417039,-42.2878957867664,0,166.725722286586,1,0,0
4.986,49.9983583049121,400,0,166.725722286586,74.542900568092,0,241.2,0,241.2,241.268622854678,-42.2884877836596,0,166.725722286586,1,0,0
4.987,49.9983610410705,400,0,166.725722286586,74.5427861966676,0,241.2,0,241.2,241.268508483253,-42.2890787938912,0,166.725722286586,1,0,0
4.988,49.9983637726688,400,0,166.725722286586,74.5426720158623,0,241.2,0,241.2,241.268394302448,-42.2896688191059,0,166.725722286586,1,0,0
4.989,49.9983664997143,400,0,166.725722286586,74.5425580253583,0,241.2,0,241.2,241.268280311944,-42.2902578609451,0,166.725722286586,1,0,0
4.99,49.9983692222148,400,0,166.725722286586,74.5424442248384,0,241.2,0,241.2,241.268166511424,-42.290845921048,0,166.725722286586,1,0,0
4.991,49.9983719401778,400,0,166.725722286586,74.5423306139862,0,241.2,0,241.2,241.268052900572,-42.2914330010506,0,166.725722286586,1,0,0
4.992,49.9983746536108,400,0,166.725722286586,74.5422171924853,0,241.2,0,241.2,241.267939479071,-42.2920191025866,0,166.725722286586,1,0,0
4.993,49.9983773625214,400,0,166.725722286586,74.5421039600202,0,241.2,0,241.2,241.267826246606,-42.2926042272868,0,166.725722286586,1,0,0
4.994,49.9983800669172,400,0,166.725722286586,74.5419909162759,0,241.2,0,241.2,241.267713202862,-42.293188376779,0,166.725722286586,1,0,0
4.995,49.9983827668057,400,0,166.725722286586,74.5418780609379,0,241.2,0,241.2,241.267600347524,-42.2937715526888,0,166.725722286586,1,0,0
4.996,49.9983854621944,400,0,166.725722286586,74.5417653936921,0,241.2,0,241.2,241.267487680278,-42.2943537566388,0,166.725722286586,1,0,0
4.997,49.9983881530907,400,0,166.725722286586,74.5416529142251,0,241.2,0,241.2,241.267375200811,-42.2949349902488,0,166.725722286586,1,0,0
4.998,49.9983908395022,400,0,166.725722286586,74.5415406222238,0,241.2,0,241.2,241.267262908809,-42.2955152551361,0,166.725722286586,1,0,0
4.999,49.9983935214364,400,0,166.725722286586,74.5414285173758,0,241.2,0,241.2,241.267150803961,-42.2960945529153,0,166.725722286586,1,0,0
5,49.9983961989007,400,0,166.725722286586,74.5413165993693,0,241.2,0,241.2,241.267038885955,-42.2966728851982,0,166.725722286586,1,0,0
5.001,49.9983988719025,400,0,166.725722286586,74.5412048678928,0,241.2,0,241.2,241.266927154478,-42.297250253594,0,166.725722286586,1,0,0
5.002,49.9984015404493,400,0,166.725722286586,74.5410933226354,0,241.2,0,241.2,241.266815609221,-42.2978266597091,0,166.725722286586,1,0,0
5.003,49.9984042045486,400,0,166.725722286586,74.5409819632868,0,241.2,0,241.2,241.266704249872,-42.2984021051473,0,166.725722286586,1,0,0
5.004,49.9984068642077,400,0,166.725722286586,74.5408707895371,0,241.2,0,241.2,241.266593076123,-42.2989765915098,0,166.725722286586,1,0,0
5.005,49.998409519434,400,0,166.725722286586,74.5407598010769,0,241.2,0,241.2,241.266482087663,-42.2995501203951,0,166.725722286586,1,0,0
5.006,49.9984121702349,400,0,166.725722286586,74.5406489975976,0,241.2,0,241.2,241.266371284183,-42.3001226933989,0,166.725722286586,1,0,0
5.007,49.9984148166179,400,0,166.725722286586,74.5405383787907,0,241.2,0,241.2,241.266260665376,-42.3006943121143,0,166.725722286586,1,0,0
5.008,49.9984174585902,400,0,166.725722286586,74.5404279443485,0,241.2,0,241.2,241.266150230934,-42.3012649781318,0,166.725722286586,1,0,0
5.009,49.9984200961592,400,0,166.725722286586,74.5403176939637,0,241.2,0,241.2,241.266039980549,-42.3018346930394,0,166.725722286586,1,0,0
5.01,49.9984227293322,400,0,166.725722286586,74.5402076273295,0,241.2,0,241.2,241.265929913915,-42.3024034584221,0,166.725722286586,1,0,0
5.011,49.9984253581167,400,0,166.725722286586,74.5400977441397,0,241.2,0,241.2,241.265820030725,-42.3029712758625,0,166.725722286586,1,0,0
5.012,49.9984279825198,400,0,166.725722286586,74.5399880440886,0,241.2,0,241.2,241.265710330674,-42.3035381469405,0,166.725722286586,1,0,0
5.013,49.998430602549,400,0,166.725722286586,74.539878526871,0,241.2,0,241.2,241.265600813457,-42.3041040732333,0,166.725722286586,1,0,0
5.014,49.9984332182114,400,0,166.725722286586,74.539769192182,0,241.2,0,241.2,241.265491478768,-42.3046690563157,0,166.725722286586,1,0,0
5.015,49.9984358295144,400,0,166.725722286586,74.5396600397174,0,241.2,0,241.2,241.265382326303,-42.3052330977596,0,166.725722286586,1,0,0
5.016,49.9984384364652,400,0,166.725722286586,74.5395510691737,0,241.2,0,241.2,241.265273355759,-42.3057961991344,0,166.725722286586,1,0,0
5.017,49.9984410390711,400,0,166.725722286586,74.5394422802475,0,241.2,0,241.2,241.265164566833,-42.306358362007,0,166.725722286586,1,0,0
5.018,49.9984436373393,400,0,166.725722286586,74.5393336726362,0,241.2,0,241.2,241.265055959222,-42.3069195879414,0,166.725722286586,1,0,0
5.019,49.998446231277,400,0,166.725722286586,74.5392252460376,0,241.2,0,241.2,241.264947532623,-42.3074798784993,0,166.725722286586,1,0,0
5.02,49.9984488208916,400,0,166.725722286586,74.53911700015,0,241.2,0,241.2,241.264839286736,-42.3080392352395,0,166.725722286586,1,0,0
5.021,49.9984514061901,400,0,166.725722286586,74.5390089346722,0,241.2,0,241.2,241.264731221258,-42.3085976597186,0,166.725722286586,1,0,0
5.022,49.9984539871798,400,0,166.725722286586,74.5389010493035,0,241.2,0,241.2,241.264623335889,-42.3091551534901,0,166.725722286586,1,0,0
5.023,49.9984565638678,400,0,166.725722286586,74.5387933437438,0,241.2,0,241.2,241.264515630329,-42.3097117181054,0,166.725722286586,1,0,0
5.024,49.9984591362614,400,0,166.725722286586,74.5386858176933,0,241.2,0,241.2,241.264408104279,-42.310267355113,0,166.725722286586,1,0,0
5.025,49.9984617043676,400,0,166.725722286586,74.538578470853,0,241.2,0,241.2,241.264300757439,-42.3108220660589,0,166.725722286586,1,0,0
5.026,49.9984642681937,400,0,166.725722286586,74.538471302924,0,241.2,0,241.2,241.26419358951,-42.3113758524865,0,166.725722286586,1,0,0
5.027,49.9984668277467,400,0,166.725722286586,74.5383643136082,0,241.2,0,241.2,241.264086600194,-42.3119287159368,0,166.725722286586,1,0,0
5.028,49.9984693830338,400,0,166.725722286586,74.538257502608,0,241.2,0,241.2,241.263979789194,-42.312480657948,0,166.725722286586,1,0,0
5.029,49.998471934062,400,0,166.725722286586,74.5381508696261,0,241.2,0,241.2,241.263873156212,-42.3130316800559,0,166.725722286586,1,0,0
5.03,49.9984744808386,400,0,166.725722286586,74.5380444143658,0,241.2,0,241.2,241.263766700951,-42.3135817837936,0,166.725722286586,1,0,0
5.031,49.9984770233705,400,0,166.725722286586,74.537938136531,0,241.2,0,241.2,241.263660423117,-42.3141309706917,0,166.725722286586,1,0,0
5.032,49.9984795616649,400,0,166.725722286586,74.5378320358258,0,241.2,0,241.2,241.263554322411,-42.3146792422783,0,166.725722286586,1,0,0
5.033,49.9984820957288,400,0,166.725722286586,74.5377261119552,0,241.2,0,241.2,241.263448398541,-42.3152266000789,0,166.725722286586,1,0,0
5.034,49.9984846255692,400,0,166.725722286586,74.5376203646244,0,241.2,0,241.2,241.26334265121,-42.3157730456165,0,166.725722286586,1,0,0
5.035,49.9984871511933,400,0,166.725722286586,74.5375147935392,0,241.2,0,241.2,241.263237080125,-42.3163185804116,0,166.725722286586,1,0,0
5.036,49.998489672608,400,0,166.725722286586,74.5374093984057,0,241.2,0,241.2,241.263131684991,-42.316863205982,0,166.725722286586,1,0,0
5.037,49.9984921898203,400,0,166.725722286586,74.5373041789308,0,241.2,0,241.2,241.263026465516,-42.3174069238432,0,166.725722286586,1,0,0
5.038,49.9984947028373,400,0,166.725722286586,74.5371991348216,0,241.2,0,241.2,241.262921421407,-42.3179497355078,0,166.725722286586,1,0,0
5.039,49.9984972116659,400,0,166.725722286586,74.537094265786,0,241.2,0,241.2,241.262816552372,-42.3184916424864,0,166.725722286586,1,0,0
5.04,49.9984997163131,400,0,166.725722286586,74.5369895715321,0,241.2,0,241.2,241.262711858118,-42.3190326462867,0,166.725722286586,1,0,0
5.041,49.9985022167859,400,0,166.725722286586,74.5368850517686,0,241.2,0,241.2,241.262607338354,-42.319572748414,0,166.725722286586,1,0,0
5.042,49.9985047130913,400,0,166.725722286586,74.5367807062048,0,241.2,0,241.2,241.26250299279,-42.3201119503711,0,166.725722286586,1,0,0
5.043,49.9985072052361,400,0,166.725722286586,74.5366765345502,0,241.2,0,241.2,241.262398821136,-42.3206502536582,0,166.725722286586,1,0,0
5.044,49.9985096932274,400,0,166.725722286586,74.536572536515,0,241.2,0,241.2,241.262294823101,-42.3211876597732,0,166.725722286586,1,0,0
5.045,49.998512177072,400,0,166.725722286586,74.5364687118098,0,241.2,0,241.2,241.262190998395,-42.3217241702114,0,166.725722286586,1,0,0
5.046,49.9985146567769,400,0,166.725722286586,74.5363650601459,0,241.2,0,241.2,241.262087346732,-42.3222597864654,0,166.725722286586,1,0,0
5.047,49.9985171323489,400,0,166.725722286586,74.5362615812347,0,241.2,0,241.2,241.26198386782,-42.3227945100257,0,166.725722286586,1,0,0
5.048,49.998519603795,400,0,166.725722286586,74.5361582747884,0,241.2,0,241.2,241.261880561374,-42.3233283423801,0,166.725722286586,1,0,0
5.049,49.998522071122,400,0,166.725722286586,74.5360551405194,0,241.2,0,241.2,241.261777427105,-42.3238612850139,0,166.725722286586,1,0,0
5.05,49.9985245343368,400,0,166.725722286586,74.5359521781409,0,241.2,0,241.2,241.261674464727,-42.32439333941,0,166.725722286586,1,0,0
5.051,49.9985269934463,400,0,166.725722286586,74.5358493873664,0,241.2,0,241.2,241.261571673952,-42.3249245070487,0,166.725722286586,1,0,0
5.052,49.9985294484572,400,0,166.725722286586,74.5357467679098,0,241.2,0,241.2,241.261469054495,-42.3254547894081,0,166.725722286586,1,0,0
5.053,49.9985318993764,400,0,166.725722286586,74.5356443194857,0,241.2,0,241.2,241.261366606071,-42.3259841879635,0,166.725722286586,1,0,0
5.054,49.9985343462108,400,0,166.725722286586,74.5355420418089,0,241.2,0,241.2,241.261264328394,-42.326512704188,0,166.725722286586,1,0,0
5.055,49.9985367889671,400,0,166.725722286586,74.5354399345949,0,241.2,0,241.2,241.26116222118,-42.3270403395521,0,166.725722286586,1,0,0
5.056,49.9985392276522,400,0,166.725722286586,74.5353379975596,0,241.2,0,241.2,241.261060284145,-42.3275670955239,0,166.725722286586,1,0,0
5.057,49.9985416622728,400,0,166.725722286586,74.5352362304193,0,241.2,0,241.2,241.260958517005,-42.3280929735692,0,166.725722286586,1,0,0
5.058,49.9985440928356,400,0,166.725722286586,74.5351346328909,0,241.2,0,241.2,241.260856919477,-42.328617975151,0,166.725722286586,1,0,0
5.059,49.9985465193476,400,0,166.725722286586,74.5350332046917,0,241.2,0,241.2,241.260755491277,-42.3291421017301,0,166.725722286586,1,0,0
5.06,49.9985489418153,400,0,166.725722286586,74.5349319455395,0,241.2,0,241.2,241.260654232125,-42.329665354765,0,166.725722286586,1,0,0
5.061,49.9985513602456,400,0,166.725722286586,74.5348308551526,0,241.2,0,241.2,241.260553141738,-42.3301877357115,0,166.725722286586,1,0,0
5.062,49.9985537746452,400,0,166.725722286586,74.5347299332497,0,241.2,0,241.2,241.260452219835,-42.3307092460231,0,166.725722286586,1,0,0
5.063,49.9985561850208,400,0,166.725722286586,74.5346291795499,0,241.2,0,241.2,241.260351466136,-42.3312298871508,0,166.725722286586,1,0,0
5.064,49.9985585913791,400,0,166.725722286586,74.534528593773,0,241.2,0,241.2,241.260250880359,-42.3317496605433,0,166.725722286586,1,0,0
5.065,49.9985609937268,400,0,166.725722286586,74.5344281756391,0,241.2,0,241.2,241.260150462225,-42.3322685676468,0,166.725722286586,1,0,0
5.066,49.9985633920706,400,0,166.725722286586,74.5343279248686,0,241.2,0,241.2,241.260050211454,-42.3327866099051,0,166.725722286586,1,0,0
5.067,49.9985657864172,400,0,166.725722286586,74.5342278411828,0,241.2,0,241.2,241.259950127768,-42.3333037887597,0,166.725722286586,1,0,0
5.068,49.9985681767731,400,0,166.725722286586,74.5341279243032,0,241.2,0,241.2,241.259850210889,-42.3338201056496,0,166.725722286586,1,0,0
5.069,49.9985705631452,400,0,166.725722286586,74.5340281739516,0,241.2,0,241.2,241.259750460537,-42.3343355620112,0,166.725722286586,1,0,0
5.07,49.9985729455399,400,0,166.725722286586,74.5339285898507,0,241.2,0,241.2,241.259650876436,-42.334850159279,0,166.725722286586,1,0,0
5.071,49.998575323964,400,0,166.725722286586,74.5338291717232,0,241.2,0,241.2,241.259551458309,-42.3353638988846,0,166.725722286586,1,0,0
5.072,49.9985776984241,400,0,166.725722286586,74.5337299192926,0,241.2,0,241.2,241.259452205878,-42.3358767822575,0,166.725722286586,1,0,0
5.073,49.9985800689267,400,0,166.725722286586,74.5336308322827,0,241.2,0,241.2,241.259353118868,-42.3363888108249,0,166.725722286586,1,0,0
5.074,49.9985824354785,400,0,166.725722286586,74.5335319104179,0,241.2,0,241.2,241.259254197003,-42.3368999860112,0,166.725722286586,1,0,0
5.075,49.9985847980861,400,0,166.725722286586,74.5334331534228,0,241.2,0,241.2,241.259155440008,-42.337410309239,0,166.725722286586,1,0,0
5.076,49.9985871567559,400,0,166.725722286586,74.5333345610227,0,241.2,0,241.2,241.259056847608,-42.337919781928,0,166.725722286586,1,0,0
5.077,49.9985895114947,400,0,166.725722286586,74.5332361329432,0,241.2,0,241.2,241.258958419529,-42.3384284054959,0,166.725722286586,1,0,0
5.078,49.9985918623088,400,0,166.725722286586,74.5331378689106,0,241.2,0,241.2,241.258860155496,-42.3389361813578,0,166.725722286586,1,0,0
5.079,49.998594209205,400,0,166.725722286586,74.5330397686513,0,241.2,0,241.2,241.258762055237,-42.3394431109266,0,166.725722286586,1,0,0
5.08,49.9985965521896,400,0,166.725722286586,74.5329418318925,0,241.2,0,241.2,241.258664118478,-42.3399491956128,0,166.725722286586,1,0,0
5.081,49.9985988912693,400,0,166.725722286586,74.5328440583616,0,241.2,0,241.2,241.258566344947,-42.3404544368245,0,166.725722286586,1,0,0
5.082,49.9986012264505,400,0,166.725722286586,74.5327464477866,0,241.2,0,241.2,241.258468734372,-42.3409588359676,0,166.725722286586,1,0,0
5.083,49.9986035577398,400,0,166.725722286586,74.532648999896,0,241.2,0,241.2,241.258371286482,-42.3414623944454,0,166.725722286586,1,0,0
5.084,49.9986058851436,400,0,166.725722286586,74.5325517144184,0,241.2,0,241.2,241.258274001004,-42.3419651136591,0,166.725722286586,1,0,0
5.085,49.9986082086683,400,0,166.725722286586,74.5324545910833,0,241.2,0,241.2,241.258176877669,-42.3424669950074,0,166.725722286586,1,0,0
5.086,49.9986105283205,400,0,166.725722286586,74.5323576296204,0,241.2,0,241.2,241.258079916206,-42.3429680398868,0,166.725722286586,1,0,0
5.087,49.9986128441067,400,0,166.725722286586,74.53226082976,0,241.2,0,241.2,241.257983116346,-42.3434682496914,0,166.725722286586,1,0,0
5.088,49.9986151560332,400,0,166.725722286586,74.5321641912326,0,241.2,0,241.2,241.257886477818,-42.343967625813,0,166.725722286586,1,0,0
5.089,49.9986174641064,400,0,166.725722286586,74.5320677137695,0,241.2,0,241.2,241.257790000355,-42.3444661696411,0,166.725722286586,1,0,0
5.09,49.9986197683329,400,0,166.725722286586,74.5319713971022,0,241.2,0,241.2,241.257693683688,-42.3449638825627,0,166.725722286586,1,0,0
5.091,49.998622068719,400,0,166.725722286586,74.5318752409626,0,241.2,0,241.2,241.257597527548,-42.3454607659629,0,166.725722286586,1,0,0
5.092,49.9986243652712,400,0,166.725722286586,74.5317792450833,0,241.2,0,241.2,241.257501531669,-42.345956821224,0,166.725722286586,1,0,0
5.093,49.9986266579957,400,0,166.725722286586,74.5316834091971,0,241.2,0,241.2,241.257405695783,-42.3464520497264,0,166.725722286586,1,0,0
5.094,49.9986289468991,400,0,166.725722286586,74.5315877330374,0,241.2,0,241.2,241.257310019623,-42.346946452848,0,166.725722286586,1,0,0
5.095,49.9986312319876,400,0,166.725722286586,74.5314922163379,0,241.2,0,241.2,241.257214502924,-42.3474400319643,0,166.725722286586,1,0,0
5.096,49.9986335132676,400,0,166.725722286586,74.531396858833,0,241.2,0,241.2,241.257119145419,-42.3479327884488,0,166.725722286586,1,0,0
5.097,49.9986357907455,400,0,166.725722286586,74.5313016602573,0,241.2,0,241.2,241.257023946843,-42.3484247236724,0,166.725722286586,1,0,0
5.098,49.9986380644276,400,0,166.725722286586,74.5312066203459,0,241.2,0,241.2,241.256928906931,-42.3489158390041,0,166.725722286586,1,0,0
5.099,49.9986403343202,400,0,166.725722286586,74.5311117388343,0,241.2,0,241.2,241.25683402542,-42.3494061358102,0,166.725722286586,1,0,0
5.1,49.9986426004296,400,0,166.725722286586,74.5310170154585,0,241.2,0,241.2,241.256739302044,-42.3498956154549,0,166.725722286586,1,0,0
5.101,49.9986448627623,400,0,166.725722286586,74.5309224499551,0,241.2,0,241.2,241.256644736541,-42.3503842793002,0,166.725722286586,1,0,0
5.102,49.9986471213243,400,0,166.725722286586,74.5308280420608,0,241.2,0,241.2,241.256550328646,-42.3508721287058,0,166.725722286586,1,0,0
5.103,49.9986493761221,400,0,166.725722286586,74.530733791513,0,241.2,0,241.2,241.256456078099,-42.351359165029,0,166.725722286586,1,0,0
5.104,49.9986516271619,400,0,166.725722286586,74.5306396980495,0,241.2,0,241.2,241.256361984635,-42.3518453896251,0,166.725722286586,1,0,0
5.105,49.99865387445,400,0,166.725722286586,74.5305457614084,0,241.2,0,241.2,241.256268047994,-42.3523308038468,0,166.725722286586,1,0,0
5.106,49.9986561179926,400,0,166.725722286586,74.5304519813284,0,241.2,0,241.2,241.256174267914,-42.3528154090448,0,166.725722286586,1,0,0
5.107,49.9986583577959,400,0,166.725722286586,74.5303583575485,0,241.2,0,241.2,241.256080644134,-42.3532992065675,0,166.725722286586,1,0,0
5.108,49.9986605938662,400,0,166.725722286586,74.5302648898083,0,241.2,0,241.2,241.255987176394,-42.3537821977609,0,166.725722286586,1,0,0
5.109,49.9986628262098,400,0,166.725722286586,74.5301715778477,0,241.2,0,241.2,241.255893864433,-42.3542643839691,0,166.725722286586,1,0,0
5.11,49.9986650548328,400,0,166.725722286586,74.5300784214069,0,241.2,0,241.2,241.255800707993,-42.3547457665336,0,166.725722286586,1,0,0
5.111,49.9986672797414,400,0,166.725722286586,74.529985420227,0,241.2,0,241.2,241.255707706813,-42.3552263467938,0,166.725722286586,1,0,0
5.112,49.9986695009418,400,0,166.725722286586,74.529892574049,0,241.2,0,241.2,241.255614860635,-42.3557061260869,0,166.725722286586,1,0,0
5.113,49.9986717184403,400,0,166.725722286586,74.5297998826146,0,241.2,0,241.2,241.2555221692,-42.3561851057478,0,166.725722286586,1,0,0
5.114,49.9986739322429,400,0,166.725722286586,74.5297073456659,0,241.2,0,241.2,241.255429632252,-42.3566632871093,0,166.725722286586,1,0,0
5.115,49.9986761423558,400,0,166.725722286586,74.5296149629455,0,241.2,0,241.2,241.255337249531,-42.3571406715019,0,166.725722286586,1,0,0
5.116,49.9986783487852,400,0,166.725722286586,74.5295227341962,0,241.2,0,241.2,241.255245020782,-42.3576172602538,0,166.725722286586,1,0,0
5.117,49.9986805515372,400,0,166.725722286586,74.5294306591616,0,241.2,0,241.2,241.255152945747,-42.3580930546911,0,166.725722286586,1,0,0
5.118,49.998682750618,400,0,166.725722286586,74.5293387375853,0,241.2,0,241.2,241.255061024171,-42.3585680561377,0,166.725722286586,1,0,0
5.119,49.9986849460336,400,0,166.725722286586,74.5292469692117,0,241.2,0,241.2,241.254969255797,-42.3590422659153,0,166.725722286586,1,0,0
5.12,49.9986871377902,400,0,166.725722286586,74.5291553537853,0,241.2,0,241.2,241.254877640371,-42.3595156853432,0,166.725722286586,1,0,0
5.121,49.9986893258939,400,0,166.725722286586,74.5290638910514,0,241.2,0,241.2,241.254786177637,-42.3599883157387,0,166.725722286586,1,0,0
5.122,49.9986915103508,400,0,166.725722286586,74.5289725807553,0,241.2,0,241.2,241.254694867341,-42.3604601584169,0,166.725722286586,1,0,0
5.123,49.9986936911668,400,0,166.725722286586,74.528881422643,0,241.2,0,241.2,241.254603709229,-42.3609312146906,0,166.725722286586,1,0,0
5.124,49.9986958683482,400,0,166.725722286586,74.5287904164609,0,241.2,0,241.2,241.254512703047,-42.3614014858705,0,166.725722286586,1,0,0
5.125,49.998698041901,400,0,166.725722286586,74.5286995619558,0,241.2,0,241.2,241.254421848541,-42.3618709732652,0,166.725722286586,1,0,0
5.126,49.9987002118311,400,0,166.725722286586,74.5286088588749,0,241.2,0,241.2,241.254331145461,-42.3623396781808,0,166.725722286586,1,0,0
5.127,49.9987023781448,400,0,166.725722286586,74.5285183069658,0,241.2,0,241.2,241.254240593551,-42.3628076019216,0,166.725722286586,1,0,0
5.128,49.9987045408479,400,0,166.725722286586,74.5284279059766,0,241.2,0,241.2,241.254150192562,-42.3632747457895,0,166.725722286586,1,0,0
5.129,49.9987066999464,400,0,166.725722286586,74.5283376556556,0,241.2,0,241.2,241.254059942241,-42.3637411110843,0,166.725722286586,1,0,0
5.13,49.9987088554465,400,0,166.725722286586,74.5282475557519,0,241.2,0,241.2,241.253969842338,-42.3642066991035,0,166.725722286586,1,0,0
5.131,49.9987110073541,400,0,166.725722286586,74.5281576060147,0,241.2,0,241.2,241.2538798926,-42.3646715111428,0,166.725722286586,1,0,0
5.132,49.9987131556752,400,0,166.725722286586,74.5280678061937,0,241.2,0,241.2,241.253790092779,-42.3651355484953,0,166.725722286586,1,0,0
5.133,49.9987153004157,400,0,166.725722286586,74.5279781560391,0,241.2,0,241.2,241.253700442625,-42.3655988124522,0,166.725722286586,1,0,0
5.134,49.9987174415817,400,0,166.725722286586,74.5278886553015,0,241.2,0,241.2,241.253610941887,-42.3660613043026,0,166.725722286586,1,0,0
5.135,49.9987195791791,400,0,166.725722286586,74.5277993037317,0,241.2,0,241.2,241.253521590317,-42.3665230253332,0,166.725722286586,1,0,0
5.136,49.9987217132138,400,0,166.725722286586,74.5277101010812,0,241.2,0,241.2,241.253432387667,-42.3669839768287,0,166.725722286586,1,0,0
5.137,49.9987238436917,400,0,166.725722286586,74.5276210471018,0,241.2,0,241.2,241.253343333687,-42.3674441600717,0,166.725722286586,1,0,0
5.138,49.9987259706189,400,0,166.725722286586,74.5275321415457,0,241.2,0,241.2,241.253254428131,-42.3679035763427,0,166.725722286586,1,0,0
5.139,49.9987280940012,400,0,166.725722286586,74.5274433841656,0,241.2,0,241.2,241.253165670751,-42.3683622269199,0,166.725722286586,1,0,0
5.14,49.9987302138446,400,0,166.725722286586,74.5273547747144,0,241.2,0,241.2,241.2530770613,-42.3688201130795,0,166.725722286586,1,0,0
5.141,49.9987323301548,400,0,166.725722286586,74.5272663129457,0,241.2,0,241.2,241.252988599531,-42.3692772360954,0,166.725722286586,1,0,0
5.142,49.9987344429379,400,0,166.725722286586,74.5271779986132,0,241.2,0,241.2,241.252900285199,-42.3697335972397,0,166.725722286586,1,0,0
5.143,49.9987365521997,400,0,166.725722286586,74.5270898314713,0,241.2,0,241.2,241.252812118057,-42.3701891977821,0,166.725722286586,1,0,0
5.144,49.998738657946,400,0,166.725722286586,74.5270018112746,0,241.2,0,241.2,241.25272409786,-42.3706440389902,0,166.725722286586,1,0,0
5.145,49.9987407601827,400,0,166.725722286586,74.5269139377783,0,241.2,0,241.2,241.252636224364,-42.3710981221296,0,166.725722286586,1,0,0
5.146,49.9987428589158,400,0,166.725722286586,74.5268262107378,0,241.2,0,241.2,241.252548497323,-42.3715514484638,0,166.725722286586,1,0,0
5.147,49.9987449541509,400,0,166.725722286586,74.526738629909,0,241.2,0,241.2,241.252460916495,-42.3720040192542,0,166.725722286586,1,0,0
5.148,49.998747045894,400,0,166.725722286586,74.5266511950483,0,241.2,0,241.2,241.252373481634,-42.3724558357598,0,166.725722286586,1,0,0
5.149,49.9987491341508,400,0,166.725722286586,74.5265639059123,0,241.2,0,241.2,241.252286192498,-42.372906899238,0,166.725722286586,1,0,0
5.15,49.9987512189272,400,0,166.725722286586,74.5264767622583,0,241.2,0,241.2,241.252199048844,-42.3733572109437,0,166.725722286586,1,0,0
5.151,49.998753300229,400,0,166.725722286586,74.5263897638436,0,241.2,0,241.2,241.252112050429,-42.3738067721299,0,166.725722286586,1,0,0
5.152,49.998755378062,400,0,166.725722286586,74.5263029104264,0,241.2,0,241.2,241.252025197012,-42.3742555840474,0,166.725722286586,1,0,0
5.153,49.9987574524319,400,0,166.725722286586,74.5262162017648,0,241.2,0,241.2,241.25193848835,-42.3747036479451,0,166.725722286586,1,0,0
5.154,49.9987595233445,400,0,166.725722286586,74.5261296376176,0,241.2,0,241.2,241.251851924203,-42.3751509650697,0,166.725722286586,1,0,0
5.155,49.9987615908056,400,0,166.725722286586,74.526043217744,0,241.2,0,241.2,241.25176550433,-42.3755975366656,0,166.725722286586,1,0,0
5.156,49.9987636548209,400,0,166.725722286586,74.5259569419036,0,241.2,0,241.2,241.251679228489,-42.3760433639756,0,166.725722286586,1,0,0
5.157,49.9987657153962,400,0,166.725722286586,74.5258708098562,0,241.2,0,241.2,241.251593096442,-42.3764884482401,0,166.725722286586,1,0,0
5.158,49.9987677725372,400,0,166.725722286586,74.5257848213622,0,241.2,0,241.2,241.251507107948,-42.3769327906975,0,166.725722286586,1,0,0
5.159,49.9987698262496,400,0,166.725722286586,74.5256989761824,0,241.2,0,241.2,241.251421262768,-42.3773763925841,0,166.725722286586,1,0,0
5.16,49.9987718765392,400,0,166.725722286586,74.5256132740779,0,241.2,0,241.2,241.251335560664,-42.3778192551342,0,166.725722286586,1,0,0
5.161,49.9987739234117,400,0,166.725722286586,74.5255277148103,0,241.2,0,241.2,241.251250001396,-42.3782613795801,0,166.725722286586,1,0,0
5.162,49.9987759668726,400,0,166.725722286586,74.5254422981414,0,241.2,0,241.2,241.251164584727,-42.3787027671519,0,166.725722286586,1,0,0
5.163,49.9987780069279,400,0,166.725722286586,74.5253570238337,0,241.2,0,241.2,241.251079310419,-42.3791434190777,0,166.725722286586,1,0,0
5.164,49.998780043583,400,0,166.725722286586,74.5252718916498,0,241.2,0,241.2,241.250994178235,-42.3795833365837,0,166.725722286586,1,0,0
5.165,49.9987820768437,400,0,166.725722286586,74.5251869013529,0,241.2,0,241.2,241.250909187938,-42.3800225208938,0,166.725722286586,1,0,0
5.166,49.9987841067156,400,0,166.725722286586,74.5251020527064,0,241.2,0,241.2,241.250824339292,-42.3804609732301,0,166.725722286586,1,0,0
5.167,49.9987861332044,400,0,166.725722286586,74.5250173454744,0,241.2,0,241.2,241.25073963206,-42.3808986948125,0,166.725722286586,1,0,0
5.168,49.9987881563157,400,0,166.725722286586,74.5249327794211,0,241.2,0,241.2,241.250655066007,-42.3813356868589,0,166.725722286586,1,0,0
5.169,49.9987901760552,400,0,166.725722286586,74.5248483543112,0,241.2,0,241.2,241.250570640897,-42.3817719505852,0,166.725722286586,1,0,0
5.17,49.9987921924285,400,0,166.725722286586,74.5247640699098,0,241.2,0,241.2,241.250486356495,-42.3822074872054,0,166.725722286586,1,0,0
5.171,49.9987942054411,400,0,166.725722286586,74.5246799259824,0,241.2,0,241.2,241.250402212568,-42.3826422979311,0,166.725722286586,1,0,0
5.172,49.9987962150987,400,0,166.725722286586,74.5245959222948,0,241.2,0,241.2,241.25031820888,-42.3830763839723,0,166.725722286586,1,0,0
5.173,49.9987982214068,400,0,166.725722286586,74.5245120586134,0,241.2,0,241.2,241.250234345199,-42.3835097465368,0,166.725722286586,1,0,0
5.174,49.9988002243712,400,0,166.725722286586,74.5244283347048,0,241.2,0,241.2,241.25015062129,-42.3839423868303,0,166.725722286586,1,0,0
5.175,49.9988022239972,400,0,166.725722286586,74.524344750336,0,241.2,0,241.2,241.250067036922,-42.3843743060567,0,166.725722286586,1,0,0
5.176,49.9988042202906,400,0,166.725722286586,74.5242613052745,0,241.2,0,241.2,241.24998359186,-42.3848055054177,0,166.725722286586,1,0,0
5.177,49.9988062132567,400,0,166.725722286586,74.5241779992881,0,241.2,0,241.2,241.249900285874,-42.3852359861131,0,166.725722286586,1,0,0
5.178,49.9988082029013,400,0,166.725722286586,74.5240948321451,0,241.2,0,241.2,241.249817118731,-42.3856657493407,0,166.725722286586,1,0,0
5.179,49.9988101892298,400,0,166.725722286586,74.5240118036139,0,241.2,0,241.2,241.249734090199,-42.3860947962962,0,166.725722286586,1,0,0
5.18,49.9988121722478,400,0,166.725722286586,74.5239289134635,0,241.2,0,241.2,241.249651200049,-42.3865231281735,0,166.725722286586,1,0,0
5.181,49.9988141519607,400,0,166.725722286586,74.5238461614635,0,241.2,0,241.2,241.249568448049,-42.3869507461643,0,166.725722286586,1,0,0
5.182,49.9988161283741,400,0,166.725722286586,74.5237635473834,0,241.2,0,241.2,241.249485833969,-42.3873776514585,0,166.725722286586,1,0,0
5.183,49.9988181014935,400,0,166.725722286586,74.5236810709935,0,241.2,0,241.2,241.249403357579,-42.3878038452438,0,166.725722286586,1,0,0
5.184,49.9988200713243,400,0,166.725722286586,74.5235987320642,0,241.2,0,241.2,241.24932101865,-42.3882293287062,0,166.725722286586,1,0,0
5.185,49.9988220378721,400,0,166.725722286586,74.5235165303664,0,241.2,0,241.2,241.249238816952,-42.3886541030294,0,166.725722286586,1,0,0
5.186,49.9988240011423,400,0,166.725722286586,74.5234344656715,0,241.2,0,241.2,241.249156752257,-42.3890781693955,0,166.725722286586,1,0,0
5.187,49.9988259611404,400,0,166.725722286586,74.5233525377511,0,241.2,0,241.2,241.249074824337,-42.3895015289842,0,166.725722286586,1,0,0
5.188,49.9988279178718,400,0,166.725722286586,74.5232707463772,0,241.2,0,241.2,241.248993032963,-42.3899241829737,0,166.725722286586,1,0,0
5.189,49.998829871342,400,0,166.725722286586,74.5231890913222,0,241.2,0,241.2,241.248911377908,-42.3903461325398,0,166.725722286586,1,0,0
5.19,49.9988318215565,400,0,166.725722286586,74.5231075723591,0,241.2,0,241.2,241.248829858945,-42.3907673788567,0,166.725722286586,1,0,0
5.191,49.9988337685206,400,0,166.725722286586,74.5230261892608,0,241.2,0,241.2,241.248748475846,-42.3911879230963,0,166.725722286586,1,0,0
5.192,49.9988357122397,400,0,166.725722286586,74.5229449418011,0,241.2,0,241.2,241.248667228387,-42.3916077664289,0,166.725722286586,1,0,0
5.193,49.9988376527193,400,0,166.725722286586,74.5228638297538,0,241.2,0,241.2,241.248586116339,-42.3920269100227,0,166.725722286586,1,0,0
5.194,49.9988395899648,400,0,166.725722286586,74.5227828528932,0,241.2,0,241.2,241.248505139479,-42.3924453550437,0,166.725722286586,1,0,0
5.195,49.9988415239815,400,0,166.725722286586,74.5227020109941,0,241.2,0,241.2,241.24842429758,-42.3928631026564,0,166.725722286586,1,0,0
5.196,49.9988434547748,400,0,166.725722286586,74.5226213038315,0,241.2,0,241.2,241.248343590417,-42.3932801540231,0,166.725722286586,1,0,0
5.197,49.9988453823502,400,0,166.725722286586,74.5225407311808,0,241.2,0,241.2,241.248263017766,-42.3936965103041,0,166.725722286586,1,0,0
5.198,49.998847306713,400,0,166.725722286586,74.5224602928178,0,241.2,0,241.2,241.248182579403,-42.394112172658,0,166.725722286586,1,0,0
5.199,49.9988492278684,400,0,166.725722286586,74.5223799885188,0,241.2,0,241.2,241.248102275104,-42.3945271422414,0,166.725722286586,1,0,0
5.2,49.998851145822,400,0,166.725722286586,74.5222998180603,0,241.2,0,241.2,241.248022104646,-42.3949414202087,0,166.725722286586,1,0,0
5.201,49.998853060579,400,0,166.725722286586,74.5222197812192,0,241.2,0,241.2,241.247942067805,-42.3953550077128,0,166.725722286586,1,0,0
5.202,49.9988549721447,400,0,166.725722286586,74.5221398777729,0,241.2,0,241.2,241.247862164358,-42.3957679059044,0,166.725722286586,1,0,0
5.203,49.9988568805244,400,0,166.725722286586,74.5220601074989,0,241.2,0,241.2,241.247782394085,-42.3961801159323,0,166.725722286586,1,0,0
5.204,49.9988587857236,400,0,166.725722286586,74.5219804701754,0,241.2,0,241.2,241.247702756761,-42.3965916389435,0,166.725722286586,1,0,0
5.205,49.9988606877474,400,0,166.725722286586,74.5219009655808,0,241.2,0,241.2,241.247623252166,-42.397002476083,0,166.725722286586,1,0,0
5.206,49.9988625866011,400,0,166.725722286586,74.5218215934938,0,241.2,0,241.2,241.247543880079,-42.397412628494,0,166.725722286586,1,0,0
5.207,49.9988644822901,400,0,166.725722286586,74.5217423536936,0,241.2,0,241.2,241.247464640279,-42.3978220973176,0,166.725722286586,1,0,0
5.208,49.9988663748196,400,0,166.725722286586,74.5216632459598,0,241.2,0,241.2,241.247385532545,-42.3982308836932,0,166.725722286586,1,0,0
5.209,49.9988682641949,400,0,166.725722286586,74.5215842700722,0,241.2,0,241.2,241.247306556658,-42.3986389887581,0,166.725722286586,1,0,0
5.21,49.9988701504213,400,0,166.725722286586,74.5215054258111,0,241.2,0,241.2,241.247227712397,-42.3990464136479,0,166.725722286586,1,0,0
5.211,49.9988720335039,400,0,166.725722286586,74.521426712957,0,241.2,0,241.2,241.247148999543,-42.3994531594963,0,166.725722286586,1,0,0
5.212,49.9988739134481,400,0,166.725722286586,74.5213481312911,0,241.2,0,241.2,241.247070417877,-42.3998592274349,0,166.725722286586,1,0,0
5.213,49.998875790259,400,0,166.725722286586,74.5212696805946,0,241.2,0,241.2,241.24699196718,-42.4002646185936,0,166.725722286586,1,0,0
5.214,49.9988776639419,400,0,166.725722286586,74.5211913606493,0,241.2,0,241.2,241.246913647235,-42.4006693341003,0,166.725722286586,1,0,0
5.215,49.998879534502,400,0,166.725722286586,74.5211131712372,0,241.2,0,241.2,241.246835457823,-42.4010733750813,0,166.725722286586,1,0,0
5.216,49.9988814019445,400,0,166.725722286586,74.5210351121408,0,241.2,0,241.2,241.246757398726,-42.4014767426606,0,166.725722286586,1,0,0
5.217,49.9988832662746,400,0,166.725722286586,74.5209571831429,0,241.2,0,241.2,241.246679469728,-42.4018794379605,0,166.725722286586,1,0,0
5.218,49.9988851274974,400,0,166.725722286586,74.5208793840266,0,241.2,0,241.2,241.246601670612,-42.4022814621017,0,166.725722286586,1,0,0
5.219,49.9988869856183,400,0,166.725722286586,74.5208017145755,0,241.2,0,241.2,241.246524001161,-42.4026828162026,0,166.725722286586,1,0,0
5.22,49.9988888406423,400,0,166.725722286586,74.5207241745735,0,241.2,0,241.2,241.246446461159,-42.40308350138,0,166.725722286586,1,0,0
5.221,49.9988906925745,400,0,166.725722286586,74.5206467638049,0,241.2,0,241.2,241.24636905039,-42.4034835187488,0,166.725722286586,1,0,0
5.222,49.9988925414202,400,0,166.725722286586,74.5205694820542,0,241.2,0,241.2,241.24629176864,-42.403882869422,0,166.725722286586,1,0,0
5.223,49.9988943871845,400,0,166.725722286586,74.5204923291064,0,241.2,0,241.2,241.246214615692,-42.4042815545107,0,166.725722286586,1,0,0
5.224,49.9988962298725,400,0,166.725722286586,74.5204153047469,0,241.2,0,241.2,241.246137591332,-42.4046795751243,0,166.725722286586,1,0,0
5.225,49.9988980694894,400,0,166.725722286586,74.5203384087612,0,241.2,0,241.2,241.246060695347,-42.4050769323702,0,166.725722286586,1,0,0
5.226,49.9988999060403,400,0,166.725722286586,74.5202616409356,0,241.2,0,241.2,241.245983927521,-42.405473627354,0,166.725722286586,1,0,0
5.227,49.9989017395302,400,0,166.725722286586,74.5201850010564,0,241.2,0,241.2,241.245907287642,-42.4058696611795,0,166.725722286586,1,0,0
5.228,49.9989035699643,400,0,166.725722286586,74.5201084889102,0,241.2,0,241.2,241.245830775496,-42.4062650349486,0,166.725722286586,1,0,0
5.229,49.9989053973477,400,0,166.725722286586,74.5200321042844,0,241.2,0,241.2,241.24575439087,-42.4066597497614,0,166.725722286586,1,0,0
5.23,49.9989072216855,400,0,166.725722286586,74.5199558469662,0,241.2,0,241.2,241.245678133552,-42.4070538067163,0,166.725722286586,1,0,0
5.231,49.9989090429827,400,0,166.725722286586,74.5198797167436,0,241.2,0,241.2,241.245602003329,-42.4074472069095,0,166.725722286586,1,0,0
5.232,49.9989108612444,400,0,166.725722286586,74.5198037134047,0,241.2,0,241.2,241.24552599999,-42.4078399514357,0,166.725722286586,1,0,0
5.233,49.9989126764756,400,0,166.725722286586,74.519727836738,0,241.2,0,241.2,241.245450123324,-42.4082320413878,0,166.725722286586,1,0,0
5.234,49.9989144886815,400,0,166.725722286586,74.5196520865325,0,241.2,0,241.2,241.245374373118,-42.4086234778566,0,166.725722286586,1,0,0
5.235,49.998916297867,400,0,166.725722286586,74.5195764625773,0,241.2,0,241.2,241.245298749163,-42.4090142619312,0,166.725722286586,1,0,0
5.236,49.9989181040372,400,0,166.725722286586,74.519500964662,0,241.2,0,241.2,241.245223251248,-42.4094043946991,0,166.725722286586,1,0,0
5.237,49.9989199071972,400,0,166.725722286586,74.5194255925766,0,241.2,0,241.2,241.245147879162,-42.4097938772457,0,166.725722286586,1,0,0
5.238,49.9989217073519,400,0,166.725722286586,74.5193503461113,0,241.2,0,241.2,241.245072632697,-42.4101827106547,0,166.725722286586,1,0,0
5.239,49.9989235045063,400,0,166.725722286586,74.5192752250567,0,241.2,0,241.2,241.244997511642,-42.410570896008,0,166.725722286586,1,0,0
5.24,49.9989252986654,400,0,166.725722286586,74.519200229204,0,241.2,0,241.2,241.24492251579,-42.4109584343858,0,166.725722286586,1,0,0
5.241,49.9989270898343,400,0,166.725722286586,74.5191253583443,0,241.2,0,241.2,241.24484764493,-42.4113453268662,0,166.725722286586,1,0,0
5.242,49.9989288780179,400,0,166.725722286586,74.5190506122694,0,241.2,0,241.2,241.244772898855,-42.4117315745259,0,166.725722286586,1,0,0
5.243,49.9989306632212,400,0,166.725722286586,74.5189759907713,0,241.2,0,241.2,241.244698277357,-42.4121171784394,0,166.725722286586,1,0,0
5.244,49.9989324454492,400,0,166.725722286586,74.5189014936424,0,241.2,0,241.2,241.244623780228,-42.4125021396798,0,166.725722286586,1,0,0
5.245,49.9989342247068,400,0,166.725722286586,74.5188271206753,0,241.2,0,241.2,241.244549407261,-42.4128864593181,0,166.725722286586,1,0,0
5.246,49.9989360009989,400,0,166.725722286586,74.5187528716632,0,241.2,0,241.2,241.244475158249,-42.4132701384236,0,166.725722286586,1,0,0
5.247,49.9989377743306,400,0,166.725722286586,74.5186787463995,0,241.2,0,241.2,241.244401032985,-42.413653178064,0,166.725722286586,1,0,0
5.248,49.9989395447067,400,0,166.725722286586,74.5186047446778,0,241.2,0,241.2,241.244327031263,-42.414035579305,0,166.725722286586,1,0,0
5.249,49.9989413121322,400,0,166.725722286586,74.5185308662923,0,241.2,0,241.2,241.244253152878,-42.4144173432106,0,166.725722286586,1,0,0
5.25,49.998943076612,400,0,166.725722286586,74.5184571110375,0,241.2,0,241.2,241.244179397623,-42.414798470843,0,166.725722286586,1,0,0
5.251,49.998944838151,400,0,166.725722286586,74.5183834787081,0,241.2,0,241.2,241.244105765294,-42.4151789632627,0,166.725722286586,1,0,0
5.252,49.998946596754,400,0,166.725722286586,74.5183099690993,0,241.2,0,241.2,241.244032255685,-42.4155588215283,0,166.725722286586,1,0,0
5.253,49.9989483524261,400,0,166.725722286586,74.5182365820065,0,241.2,0,241.2,241.243958868592,-42.4159380466969,0,166.725722286586,1,0,0
5.254,49.9989501051721,400,0,166.725722286586,74.5181633172255,0,241.2,0,241.2,241.243885603811,-42.4163166398235,0,166.725722286586,1,0,0
5.255,49.9989518549968,400,0,166.725722286586,74.5180901745525,0,241.2,0,241.2,241.243812461138,-42.4166946019615,0,166.725722286586,1,0,0
5.256,49.9989536019051,400,0,166.725722286586,74.5180171537839,0,241.2,0,241.2,241.243739440369,-42.4170719341627,0,166.725722286586,1,0,0
5.257,49.998955345902,400,0,166.725722286586,74.5179442547166,0,241.2,0,241.2,241.243666541302,-42.4174486374768,0,166.725722286586,1,0,0
5.258,49.9989570869921,400,0,166.725722286586,74.5178714771477,0,241.2,0,241.2,241.243593763733,-42.4178247129521,0,166.725722286586,1,0,0
5.259,49.9989588251805,400,0,166.725722286586,74.5177988208748,0,241.2,0,241.2,241.24352110746,-42.418200161635,0,166.725722286586,1,0,0
5.26,49.9989605604718,400,0,166.725722286586,74.5177262856957,0,241.2,0,241.2,241.243448572281,-42.41857498457,0,166.725722286586,1,0,0
5.261,49.998962292871,400,0,166.725722286586,74.5176538714085,0,241.2,0,241.2,241.243376157994,-42.4189491828001,0,166.725722286586,1,0,0
5.262,49.9989640223829,400,0,166.725722286586,74.5175815778119,0,241.2,0,241.2,241.243303864397,-42.4193227573666,0,166.725722286586,1,0,0
5.263,49.9989657490123,400,0,166.725722286586,74.5175094047046,0,241.2,0,241.2,241.24323169129,-42.4196957093087,0,166.725722286586,1,0,0
5.264,49.9989674727639,400,0,166.725722286586,74.5174373518857,0,241.2,0,241.2,241.243159638471,-42.4200680396643,0,166.725722286586,1,0,0
5.265,49.9989691936427,400,0,166.725722286586,74.517365419155,0,241.2,0,241.2,241.243087705741,-42.4204397494693,0,166.725722286586,1,0,0
5.266,49.9989709116533,400,0,166.725722286586,74.5172936063121,0,241.2,0,241.2,241.243015892898,-42.4208108397579,0,166.725722286586,1,0,0
5.267,49.9989726268005,400,0,166.725722286586,74.5172219131572,0,241.2,0,241.2,241.242944199743,-42.4211813115627,0,166.725722286586,1,0,0
5.268,49.9989743390892,400,0,166.725722286586,74.517150339491,0,241.2,0,241.2,241.242872626077,-42.4215511659146,0,166.725722286586,1,0,0
5.269,49.998976048524,400,0,166.725722286586,74.5170788851142,0,241.2,0,241.2,241.2428011717,-42.4219204038425,0,166.725722286586,1,0,0
5.27,49.9989777551098,400,0,166.725722286586,74.5170075498281,0,241.2,0,241.2,241.242729836414,-42.4222890263738,0,166.725722286586,1,0,0
5.271,49.9989794588513,400,0,166.725722286586,74.5169363334341,0,241.2,0,241.2,241.24265862002,-42.4226570345343,0,166.725722286586,1,0,0
5.272,49.9989811597532,400,0,166.725722286586,74.5168652357341,0,241.2,0,241.2,241.24258752232,-42.4230244293478,0,166.725722286586,1,0,0
5.273,49.9989828578203,400,0,166.725722286586,74.5167942565302,0,241.2,0,241.2,241.242516543116,-42.4233912118367,0,166.725722286586,1,0,0
5.274,49.9989845530572,400,0,166.725722286586,74.5167233956251,0,241.2,0,241.2,241.242445682211,-42.4237573830214,0,166.725722286586,1,0,0
5.275,49.9989862454688,400,0,166.725722286586,74.5166526528214,0,241.2,0,241.2,241.242374939407,-42.4241229439208,0,166.725722286586,1,0,0
5.276,49.9989879350597,400,0,166.725722286586,74.5165820279224,0,241.2,0,241.2,241.242304314508,-42.424487895552,0,166.725722286586,1,0,0
5.277,49.9989896218346,400,0,166.725722286586,74.5165115207315,0,241.2,0,241.2,241.242233807317,-42.4248522389305,0,166.725722286586,1,0,0
5.278,49.9989913057982,400,0,166.725722286586,74.5164411310526,0,241.2,0,241.2,241.242163417638,-42.42521597507,0,166.725722286586,1,0,0
5.279,49.9989929869552,400,0,166.725722286586,74.5163708586899,0,241.2,0,241.2,241.242093145276,-42.4255791049827,0,166.725722286586,1,0,0
5.28,49.9989946653103,400,0,166.725722286586,74.5163007034478,0,241.2,0,241.2,241.242022990033,-42.4259416296788,0,166.725722286586,1,0,0
5.281,49.9989963408681,400,0,166.725722286586,74.516230665131,0,241.2,0,241.2,241.241952951717,-42.4263035501671,0,166.725722286586,1,0,0
5.282,49.9989980136333,400,0,166.725722286586,74.5161607435448,0,241.2,0,241.2,241.24188303013,-42.4266648674546,0,166.725722286586,1,0,0
5.283,49.9989996836106,400,0,166.725722286586,74.5160909384945,0,241.2,0,241.2,241.24181322508,-42.4270255825466,0,166.725722286586,1,0,0
5.284,49.9990013508046,400,0,166.725722286586,74.516021249786,0,241.2,0,241.2,241.241743536372,-42.4273856964467,0,166.725722286586,1,0,0
5.285,49.9990030152199,400,0,166.725722286586,74.5159516772253,0,241.2,0,241.2,241.241673963811,-42.4277452101571,0,166.725722286586,1,0,0
5.286,49.9990046768612,400,0,166.725722286586,74.5158822206188,0,241.2,0,241.2,241.241604507204,-42.4281041246779,0,166.725722286586,1,0,0
5.287,49.9990063357331,400,0,166.725722286586,74.5158128797734,0,241.2,0,241.2,241.241535166359,-42.4284624410079,0,166.725722286586,1,0,0
5.288,49.9990079918402,400,0,166.725722286586,74.5157436544961,0,241.2,0,241.2,241.241465941082,-42.4288201601439,0,166.725722286586,1,0,0
5.289,49.9990096451872,400,0,166.725722286586,74.5156745445942,0,241.2,0,241.2,241.24139683118,-42.4291772830815,0,166.725722286586,1,0,0
5.29,49.9990112957785,400,0,166.725722286586,74.5156055498755,0,241.2,0,241.2,241.241327836461,-42.4295338108141,0,166.725722286586,1,0,0
5.291,49.9990129436189,400,0,166.725722286586,74.515536670148,0,241.2,0,241.2,241.241258956734,-42.4298897443338,0,166.725722286586,1,0,0
5.292,49.9990145887129,400,0,166.725722286586,74.51546790522,0,241.2,0,241.2,241.241190191806,-42.430245084631,0,166.725722286586,1,0,0
5.293,49.999016231065,400,0,166.725722286586,74.5153992549003,0,241.2,0,241.2,241.241121541486,-42.4305998326944,0,166.725722286586,1,0,0
5.294,49.9990178706799,400,0,166.725722286586,74.5153307189978,0,241.2,0,241.2,241.241053005583,-42.430953989511,0,166.725722286586,1,0,0
5.295,49.9990195075621,400,0,166.725722286586,74.5152622973217,0,241.2,0,241.2,241.240984583907,-42.4313075560662,0,166.725722286586,1,0,0
5.296,49.9990211417162,400,0,166.725722286586,74.5151939896818,0,241.2,0,241.2,241.240916276267,-42.4316605333438,0,166.725722286586,1,0,0
5.297,49.9990227731466,400,0,166.725722286586,74.5151257958879,0,241.2,0,241.2,241.240848082474,-42.432012922326,0,166.725722286586,1,0,0
5.298,49.9990244018581,400,0,166.725722286586,74.5150577157504,0,241.2,0,241.2,241.240780002336,-42.4323647239932,0,166.725722286586,1,0,0
5.299,49.999026027855,400,0,166.725722286586,74.5149897490798,0,241.2,0,241.2,241.240712035665,-42.4327159393243,0,166.725722286586,1,0,0
5.3,49.9990276511419,400,0,166.725722286586,74.5149218956869,0,241.2,0,241.2,241.240644182273,-42.4330665692965,0,166.725722286586,1,0,0
5.301,49.9990292717233,400,0,166.725722286586,74.5148541553831,0,241.2,0,241.2,241.240576441969,-42.4334166148855,0,166.725722286586,1,0,0
5.302,49.9990308896038,400,0,166.725722286586,74.5147865279798,0,241.2,0,241.2,241.240508814565,-42.4337660770651,0,166.725722286586,1,0,0
5.303,49.9990325047878,400,0,166.725722286586,74.5147190132888,0,241.2,0,241.2,241.240441299874,-42.4341149568077,0,166.725722286586,1,0,0
5.304,49.9990341172798,400,0,166.725722286586,74.5146516111222,0,241.2,0,241.2,241.240373897708,-42.4344632550841,0,166.725722286586,1,0,0
5.305,49.9990357270843,400,0,166.725722286586,74.5145843212927,0,241.2,0,241.2,241.240306607878,-42.4348109728634,0,166.725722286586,1,0,0
5.306,49.9990373342058,400,0,166.725722286586,74.5145171436128,0,241.2,0,241.2,241.240239430198,-42.435158111113,0,166.725722286586,1,0,0
5.307,49.9990389386488,400,0,166.725722286586,74.5144500778957,0,241.2,0,241.2,241.240172364481,-42.4355046707989,0,166.725722286586,1,0,0
5.308,49.9990405404178,400,0,166.725722286586,74.5143831239548,0,241.2,0,241.2,241.24010541054,-42.4358506528853,0,166.725722286586,1,0,0
5.309,49.9990421395171,400,0,166.725722286586,74.5143162816038,0,241.2,0,241.2,241.240038568189,-42.436196058335,0,166.725722286586,1,0,0
5.31,49.9990437359512,400,0,166.725722286586,74.5142495506567,0,241.2,0,241.2,241.239971837242,-42.4365408881088,0,166.725722286586,1,0,0
5.311,49.9990453297246,400,0,166.725722286586,74.5141829309279,0,241.2,0,241.2,241.239905217513,-42.4368851431664,0,166.725722286586,1,0,0
5.312,49.9990469208417,400,0,166.725722286586,74.5141164222319,0,241.2,0,241.2,241.239838708818,-42.4372288244655,0,166.725722286586,1,0,0
5.313,49.999048509307,400,0,166.725722286586,74.5140500243838,0,241.2,0,241.2,241.239772310969,-42.4375719329625,0,166.725722286586,1,0,0
5.314,49.9990500951248,400,0,166.725722286586,74.5139837371988,0,241.2,0,241.2,241.239706023784,-42.437914469612,0,166.725722286586,1,0,0
5.315,49.9990516782996,400,0,166.725722286586,74.5139175604924,0,241.2,0,241.2,241.239639847078,-42.438256435367,0,166.725722286586,1,0,0
5.316,49.9990532588358,400,0,166.725722286586,74.5138514940805,0,241.2,0,241.2,241.239573780666,-42.4385978311792,0,166.725722286586,1,0,0
5.317,49.9990548367377,400,0,166.725722286586,74.5137855377793,0,241.2,0,241.2,241.239507824365,-42.4389386579983,0,166.725722286586,1,0,0
5.318,49.9990564120098,400,0,166.725722286586,74.5137196914053,0,241.2,0,241.2,241.239441977991,-42.4392789167727,0,166.725722286586,1,0,0
5.319,49.9990579846565,400,0,166.725722286586,74.5136539547752,0,241.2,0,241.2,241.239376241361,-42.4396186084491,0,166.725722286586,1,0,0
5.32,49.9990595546821,400,0,166.725722286586,74.5135883277062,0,241.2,0,241.2,241.239310614292,-42.4399577339728,0,166.725722286586,1,0,0
5.321,49.9990611220909,400,0,166.725722286586,74.5135228100156,0,241.2,0,241.2,241.239245096601,-42.4402962942873,0,166.725722286586,1,0,0
5.322,49.9990626868874,400,0,166.725722286586,74.5134574015212,0,241.2,0,241.2,241.239179688107,-42.4406342903345,0,166.725722286586,1,0,0
5.323,49.999064249076,400,0,166.725722286586,74.5133921020409,0,241.2,0,241.2,241.239114388627,-42.4409717230551,0,166.725722286586,1,0,0
5.324,49.9990658086608,400,0,166.725722286586,74.5133269113931,0,241.2,0,241.2,241.239049197979,-42.4413085933877,0,166.725722286586,1,0,0
5.325,49.9990673656464,400,0,166.725722286586,74.5132618293964,0,241.2,0,241.2,241.238984115982,-42.4416449022698,0,166.725722286586,1,0,0
5.326,49.999068920037,400,0,166.725722286586,74.5131968558697,0,241.2,0,241.2,241.238919142455,-42.4419806506371,0,166.725722286586,1,0,0
5.327,49.9990704718369,400,0,166.725722286586,74.5131319906322,0,241.2,0,241.2,241.238854277218,-42.4423158394238,0,166.725722286586,1,0,0
5.328,49.9990720210505,400,0,166.725722286586,74.5130672335034,0,241.2,0,241.2,241.238789520089,-42.4426504695625,0,166.725722286586,1,0,0
5.329,49.9990735676821,400,0,166.725722286586,74.5130025843032,0,241.2,0,241.2,241.238724870889,-42.4429845419843,0,166.725722286586,1,0,0
5.33,49.999075111736,400,0,166.725722286586,74.5129380428516,0,241.2,0,241.2,241.238660329437,-42.4433180576188,0,166.725722286586,1,0,0
5.331,49.9990766532164,400,0,166.725722286586,74.5128736089692,0,241.2,0,241.2,241.238595895555,-42.4436510173938,0,166.725722286586,1,0,0
5.332,49.9990781921277,400,0,166.725722286586,74.5128092824765,0,241.2,0,241.2,241.238531569062,-42.4439834222359,0,166.725722286586,1,0,0
5.333,49.9990797284742,400,0,166.725722286586,74.5127450631947,0,241.2,0,241.2,241.23846734978,-42.4443152730699,0,166.725722286586,1,0,0
5.334,49.99908126226,400,0,166.725722286586,74.512680950945,0,241.2,0,241.2,241.238403237531,-42.4446465708192,0,166.725722286586,1,0,0
5.335,49.9990827934896,400,0,166.725722286586,74.512616945549,0,241.2,0,241.2,241.238339232135,-42.4449773164056,0,166.725722286586,1,0,0
5.336,49.9990843221671,400,0,166.725722286586,74.5125530468288,0,241.2,0,241.2,241.238275333414,-42.4453075107493,0,166.725722286586,1,0,0
5.337,49.9990858482969,400,0,166.725722286586,74.5124892546064,0,241.2,0,241.2,241.238211541192,-42.4456371547692,0,166.725722286586,1,0,0
5.338,49.999087371883,400,0,166.725722286586,74.5124255687043,0,241.2,0,241.2,241.23814785529,-42.4459662493823,0,166.725722286586,1,0,0
5.339,49.9990888929299,400,0,166.725722286586,74.5123619889455,0,241.2,0,241.2,241.238084275531,-42.4462947955044,0,166.725722286586,1,0,0
5.34,49.9990904114417,400,0,166.725722286586,74.5122985151529,0,241.2,0,241.2,241.238020801739,-42.4466227940497,0,166.725722286586,1,0,0
5.341,49.9990919274226,400,0,166.725722286586,74.51223514715,0,241.2,0,241.2,241.237957433736,-42.4469502459307,0,166.725722286586,1,0,0
5.342,49.9990934408769,400,0,166.725722286586,74.5121718847604,0,241.2,0,241.2,241.237894171346,-42.4472771520585,0,166.725722286586,1,0,0
5.343,49.9990949518088,400,0,166.725722286586,74.5121087278082,0,241.2,0,241.2,241.237831014394,-42.4476035133428,0,166.725722286586,1,0,0
5.344,49.9990964602224,400,0,166.725722286586,74.5120456761175,0,241.2,0,241.2,241.237767962703,-42.4479293306917,0,166.725722286586,1,0,0
5.345,49.9990979661221,400,0,166.725722286586,74.5119827295129,0,241.2,0,241.2,241.237705016099,-42.4482546050116,0,166.725722286586,1,0,0
5.346,49.9990994695118,400,0,166.725722286586,74.5119198878194,0,241.2,0,241.2,241.237642174405,-42.4485793372077,0,166.725722286586,1,0,0
5.347,49.999100970396,400,0,166.725722286586,74.511857150862,0,241.2,0,241.2,241.237579437448,-42.4489035281834,0,166.725722286586,1,0,0
5.348,49.9991024687787,400,0,166.725722286586,74.5117945184662,0,241.2,0,241.2,241.237516805052,-42.4492271788409,0,166.725722286586,1,0,0
5.349,49.999103964664,400,0,166.725722286586,74.5117319904577,0,241.2,0,241.2,241.237454277043,-42.4495502900805,0,166.725722286586,1,0,0
5.35,49.9991054580563,400,0,166.725722286586,74.5116695666626,0,241.2,0,241.2,241.237391853248,-42.4498728628015,0,166.725722286586,1,0,0
5.351,49.9991069489595,400,0,166.725722286586,74.5116072469072,0,241.2,0,241.2,241.237329533493,-42.4501948979012,0,166.725722286586,1,0,0
5.352,49.9991084373779,400,0,166.725722286586,74.511545031018,0,241.2,0,241.2,241.237267317604,-42.4505163962758,0,166.725722286586,1,0,0
5.353,49.9991099233156,400,0,166.725722286586,74.511482918822,0,241.2,0,241.2,241.237205205408,-42.4508373588198,0,166.725722286586,1,0,0
5.354,49.9991114067767,400,0,166.725722286586,74.5114209101463,0,241.2,0,241.2,241.237143196732,-42.4511577864262,0,166.725722286586,1,0,0
5.355,49.9991128877654,400,0,166.725722286586,74.5113590048184,0,241.2,0,241.2,241.237081291404,-42.4514776799865,0,166.725722286586,1,0,0
5.356,49.9991143662858,400,0,166.725722286586,74.511297202666,0,241.2,0,241.2,241.237019489252,-42.451797040391,0,166.725722286586,1,0,0
5.357,49.999115842342,400,0,166.725722286586,74.5112355035173,0,241.2,0,241.2,241.236957790103,-42.4521158685281,0,166.725722286586,1,0,0
5.358,49.9991173159381,400,0,166.725722286586,74.5111739072004,0,241.2,0,241.2,241.236896193786,-42.4524341652849,0,166.725722286586,1,0,0
5.359,49.9991187870782,400,0,166.725722286586,74.5111124135441,0,241.2,0,241.2,241.23683470013,-42.4527519315472,0,166.725722286586,1,0,0
5.36,49.9991202557664,400,0,166.725722286586,74.5110510223772,0,241.2,0,241.2,241.236773308963,-42.4530691681991,0,166.725722286586,1,0,0
5.361,49.9991217220068,400,0,166.725722286586,74.510989733529,0,241.2,0,241.2,241.236712020115,-42.4533858761231,0,166.725722286586,1,0,0
5.362,49.9991231858035,400,0,166.725722286586,74.5109285468288,0,241.2,0,241.2,241.236650833414,-42.4537020562007,0,166.725722286586,1,0,0
5.363,49.9991246471605,400,0,166.725722286586,74.5108674621064,0,241.2,0,241.2,241.236589748692,-42.4540177093114,0,166.725722286586,1,0,0
5.364,49.9991261060819,400,0,166.725722286586,74.5108064791919,0,241.2,0,241.2,241.236528765778,-42.4543328363337,0,166.725722286586,1,0,0
5.365,49.9991275625717,400,0,166.725722286586,74.5107455979156,0,241.2,0,241.2,241.236467884501,-42.4546474381442,0,166.725722286586,1,0,0
5.366,49.9991290166341,400,0,166.725722286586,74.5106848181081,0,241.2,0,241.2,241.236407104694,-42.4549615156184,0,166.725722286586,1,0,0
5.367,49.9991304682731,400,0,166.725722286586,74.5106241396003,0,241.2,0,241.2,241.236346426186,-42.4552750696301,0,166.725722286586,1,0,0
5.368,49.9991319174926,400,0,166.725722286586,74.5105635622233,0,241.2,0,241.2,241.236285848809,-42.4555881010518,0,166.725722286586,1,0,0
5.369,49.9991333642968,400,0,166.725722286586,74.5105030858087,0,241.2,0,241.2,241.236225372394,-42.4559006107544,0,166.725722286586,1,0,0
5.37,49.9991348086896,400,0,166.725722286586,74.510442710188,0,241.2,0,241.2,241.236164996774,-42.4562125996076,0,166.725722286586,1,0,0
5.371,49.9991362506751,400,0,166.725722286586,74.5103824351934,0,241.2,0,241.2,241.236104721779,-42.4565240684793,0,166.725722286586,1,0,0
5.372,49.9991376902573,400,0,166.725722286586,74.5103222606571,0,241.2,0,241.2,241.236044547243,-42.4568350182363,0,166.725722286586,1,0,0
5.373,49.9991391274402,400,0,166.725722286586,74.5102621864118,0,241.2,0,241.2,241.235984472997,-42.4571454497437,0,166.725722286586,1,0,0
5.374,49.9991405622278,400,0,166.725722286586,74.5102022122902,0,241.2,0,241.2,241.235924498876,-42.4574553638652,0,166.725722286586,1,0,0
5.375,49.9991419946241,400,0,166.725722286586,74.5101423381254,0,241.2,0,241.2,241.235864624711,-42.4577647614632,0,166.725722286586,1,0,0
5.376,49.9991434246331,400,0,166.725722286586,74.5100825637509,0,241.2,0,241.2,241.235804850337,-42.4580736433985,0,166.725722286586,1,0,0
5.377,49.9991448522587,400,0,166.725722286586,74.5100228890004,0,241.2,0,241.2,241.235745175586,-42.4583820105306,0,166.725722286586,1,0,0
5.378,49.9991462775049,400,0,166.725722286586,74.5099633137078,0,241.2,0,241.2,241.235685600293,-42.4586898637174,0,166.725722286586,1,0,0
5.379,49.9991477003758,400,0,166.725722286586,74.5099038377074,0,241.2,0,241.2,241.235626124293,-42.4589972038157,0,166.725722286586,1,0,0
5.38,49.9991491208751,400,0,166.725722286586,74.5098444608336,0,241.2,0,241.2,241.235566747419,-42.4593040316804,0,166.725722286586,1,0,0
5.381,49.999150539007,400,0,166.725722286586,74.5097851829213,0,241.2,0,241.2,241.235507469507,-42.4596103481653,0,166.725722286586,1,0,0
5.382,49.9991519547753,400,0,166.725722286586,74.5097260038056,0,241.2,0,241.2,241.235448290391,-42.4599161541228,0,166.725722286586,1,0,0
5.383,49.999153368184,400,0,166.725722286586,74.5096669233216,0,241.2,0,241.2,241.235389209907,-42.4602214504037,0,166.725722286586,1,0,0
5.384,49.9991547792371,400,0,166.725722286586,74.5096079413052,0,241.2,0,241.2,241.235330227891,-42.4605262378575,0,166.725722286586,1,0,0
5.385,49.9991561879383,400,0,166.725722286586,74.5095490575921,0,241.2,0,241.2,241.235271344178,-42.4608305173321,0,166.725722286586,1,0,0
5.386,49.9991575942918,400,0,166.725722286586,74.5094902720185,0,241.2,0,241.2,241.235212558604,-42.4611342896743,0,166.725722286586,1,0,0
5.387,49.9991589983013,400,0,166.725722286586,74.5094315844208,0,241.2,0,241.2,241.235153871006,-42.4614375557293,0,166.725722286586,1,0,0
5.388,49.9991603999708,400,0,166.725722286586,74.5093729946358,0,241.2,0,241.2,241.235095281221,-42.4617403163408,0,166.725722286586,1,0,0
5.389,49.9991617993042,400,0,166.725722286586,74.5093145025005,0,241.2,0,241.2,241.235036789086,-42.4620425723513,0,166.725722286586,1,0,0
5.39,49.9991631963053,400,0,166.725722286586,74.509256107852,0,241.2,0,241.2,241.234978394438,-42.4623443246018,0,166.725722286586,1,0,0
5.391,49.9991645909781,400,0,166.725722286586,74.5091978105279,0,241.2,0,241.2,241.234920097114,-42.4626455739319,0,166.725722286586,1,0,0
5.392,49.9991659833265,400,0,166.725722286586,74.5091396103661,0,241.2,0,241.2,241.234861896952,-42.4629463211798,0,166.725722286586,1,0,0
5.393,49.9991673733543,400,0,166.725722286586,74.5090815072045,0,241.2,0,241.2,241.23480379379,-42.4632465671822,0,166.725722286586,1,0,0
5.394,49.9991687610654,400,0,166.725722286586,74.5090235008816,0,241.2,0,241.2,241.234745787467,-42.4635463127747,0,166.725722286586,1,0,0
5.395,49.9991701464636,400,0,166.725722286586,74.5089655912359,0,241.2,0,241.2,241.234687877821,-42.4638455587912,0,166.725722286586,1,0,0
5.396,49.9991715295528,400,0,166.725722286586,74.5089077781062,0,241.2,0,241.2,241.234630064692,-42.4641443060643,0,166.725722286586,1,0,0
5.397,49.9991729103369,400,0,166.725722286586,74.5088500613318,0,241.2,0,241.2,241.234572347917,-42.4644425554253,0,166.725722286586,1,0,0
5.398,49.9991742888197,400,0,166.725722286586,74.508792440752,0,241.2,0,241.2,241.234514727338,-42.464740307704,0,166.725722286586,1,0,0
5.399,49.999175665005,400,0,166.725722286586,74.5087349162065,0,241.2,0,241.2,241.234457202792,-42.4650375637289,0,166.725722286586,1,0,0
5.4,49.9991770388966,400,0,166.725722286586,74.5086774875352,0,241.2,0,241.2,241.234399774121,-42.4653343243271,0,166.725722286586,1,0,0
5.401,49.9991784104985,400,0,166.725722286586,74.5086201545784,0,241.2,0,241.2,241.234342441164,-42.4656305903243,0,166.725722286586,1,0,0
5.402,49.9991797798143,400,0,166.725722286586,74.5085629171765,0,241.2,0,241.2,241.234285203762,-42.4659263625449,0,166.725722286586,1,0,0
5.403,49.999181146848,400,0,166.725722286586,74.5085057751703,0,241.2,0,241.2,241.234228061756,-42.4662216418117,0,166.725722286586,1,0,0
5.404,49.9991825116032,400,0,166.725722286586,74.5084487284008,0,241.2,0,241.2,241.234171014986,-42.4665164289464,0,166.725722286586,1,0,0
5.405,49.9991838740839,400,0,166.725722286586,74.5083917767092,0,241.2,0,241.2,241.234114063295,-42.4668107247693,0,166.725722286586,1,0,0
5.406,49.9991852342937,400,0,166.725722286586,74.5083349199371,0,241.2,0,241.2,241.234057206523,-42.4671045300991,0,166.725722286586,1,0,0
5.407,49.9991865922366,400,0,166.725722286586,74.5082781579262,0,241.2,0,241.2,241.234000444512,-42.4673978457533,0,166.725722286586,1,0,0
5.408,49.9991879479162,400,0,166.725722286586,74.5082214905188,0,241.2,0,241.2,241.233943777104,-42.4676906725482,0,166.725722286586,1,0,0
5.409,49.9991893013363,400,0,166.725722286586,74.508164917557,0,241.2,0,241.2,241.233887204143,-42.4679830112984,0,166.725722286586,1,0,0
5.41,49.9991906525008,400,0,166.725722286586,74.5081084388835,0,241.2,0,241.2,241.233830725469,-42.4682748628173,0,166.725722286586,1,0,0
5.411,49.9991920014133,400,0,166.725722286586,74.508052054341,0,241.2,0,241.2,241.233774340927,-42.468566227917,0,166.725722286586,1,0,0
5.412,49.9991933480776,400,0,166.725722286586,74.5079957637729,0,241.2,0,241.2,241.233718050358,-42.4688571074082,0,166.725722286586,1,0,0
5.413,49.9991946924974,400,0,166.725722286586,74.5079395670223,0,241.2,0,241.2,241.233661853608,-42.4691475021003,0,166.725722286586,1,0,0
5.414,49.9991960346766,400,0,166.725722286586,74.507883463933,0,241.2,0,241.2,241.233605750519,-42.4694374128012,0,166.725722286586,1,0,0
5.415,49.9991973746188,400,0,166.725722286586,74.5078274543488,0,241.2,0,241.2,241.233549740934,-42.4697268403176,0,166.725722286586,1,0,0
5.416,49.9991987123278,400,0,166.725722286586,74.5077715381139,0,241.2,0,241.2,241.2334938247,-42.4700157854549,0,166.725722286586,1,0,0
5.417,49.9992000478072,400,0,166.725722286586,74.5077157150728,0,241.2,0,241.2,241.233438001658,-42.4703042490169,0,166.725722286586,1,0,0
5.418,49.9992013810609,400,0,166.725722286586,74.5076599850701,0,241.2,0,241.2,241.233382271656,-42.4705922318063,0,166.725722286586,1,0,0
5.419,49.9992027120925,400,0,166.725722286586,74.5076043479507,0,241.2,0,241.2,241.233326634536,-42.4708797346243,0,166.725722286586,1,0,0
5.42,49.9992040409056,400,0,166.725722286586,74.5075488035598,0,241.2,0,241.2,241.233271090145,-42.4711667582711,0,166.725722286586,1,0,0
5.421,49.9992053675041,400,0,166.725722286586,74.5074933517429,0,241.2,0,241.2,241.233215638329,-42.471453303545,0,166.725722286586,1,0,0
5.422,49.9992066918916,400,0,166.725722286586,74.5074379923458,0,241.2,0,241.2,241.233160278931,-42.4717393712436,0,166.725722286586,1,0,0
5.423,49.9992080140718,400,0,166.725722286586,74.5073827252143,0,241.2,0,241.2,241.2331050118,-42.4720249621626,0,166.725722286586,1,0,0
5.424,49.9992093340483,400,0,166.725722286586,74.5073275501946,0,241.2,0,241.2,241.23304983678,-42.4723100770967,0,166.725722286586,1,0,0
5.425,49.9992106518249,400,0,166.725722286586,74.5072724671334,0,241.2,0,241.2,241.232994753719,-42.4725947168393,0,166.725722286586,1,0,0
5.426,49.9992119674052,400,0,166.725722286586,74.5072174758772,0,241.2,0,241.2,241.232939762463,-42.4728788821823,0,166.725722286586,1,0,0
5.427,49.9992132807929,400,0,166.725722286586,74.5071625762731,0,241.2,0,241.2,241.232884862859,-42.4731625739165,0,166.725722286586,1,0,0
5.428,49.9992145919916,400,0,166.725722286586,74.5071077681684,0,241.2,0,241.2,241.232830054754,-42.473445792831,0,166.725722286586,1,0,0
5.429,49.9992159010049,400,0,166.725722286586,74.5070530514105,0,241.2,0,241.2,241.232775337996,-42.4737285397141,0,166.725722286586,1,0,0
5.43,49.9992172078366,400,0,166.725722286586,74.5069984258472,0,241.2,0,241.2,241.232720712433,-42.4740108153523,0,166.725722286586,1,0,0
5.431,49.9992185124902,400,0,166.725722286586,74.5069438913265,0,241.2,0,241.2,241.232666177912,-42.4742926205311,0,166.725722286586,1,0,0
5.432,49.9992198149694,400,0,166.725722286586,74.5068894476967,0,241.2,0,241.2,241.232611734282,-42.4745739560347,0,166.725722286586,1,0,0
5.433,49.9992211152777,400,0,166.725722286586,74.5068350948062,0,241.2,0,241.2,241.232557381392,-42.4748548226457,0,166.725722286586,1,0,0
5.434,49.9992224134189,400,0,166.725722286586,74.5067808325039,0,241.2,0,241.2,241.23250311909,-42.4751352211457,0,166.725722286586,1,0,0
5.435,49.9992237093966,400,0,166.725722286586,74.5067266606388,0,241.2,0,241.2,241.232448947224,-42.4754151523149,0,166.725722286586,1,0,0
5.436,49.9992250032143,400,0,166.725722286586,74.5066725790601,0,241.2,0,241.2,241.232394865646,-42.4756946169321,0,166.725722286586,1,0,0
5.437,49.9992262948756,400,0,166.725722286586,74.5066185876173,0,241.2,0,241.2,241.232340874203,-42.475973615775,0,166.725722286586,1,0,0
5.438,49.9992275843841,400,0,166.725722286586,74.5065646861603,0,241.2,0,241.2,241.232286972746,-42.4762521496198,0,166.725722286586,1,0,0
5.439,49.9992288717435,400,0,166.725722286586,74.506510874539,0,241.2,0,241.2,241.232233161125,-42.4765302192415,0,166.725722286586,1,0,0
5.44,49.9992301569572,400,0,166.725722286586,74.5064571526038,0,241.2,0,241.2,241.232179439189,-42.4768078254139,0,166.725722286586,1,0,0
5.441,49.999231440029,400,0,166.725722286586,74.5064035202051,0,241.2,0,241.2,241.232125806791,-42.4770849689092,0,166.725722286586,1,0,0
5.442,49.9992327209623,400,0,166.725722286586,74.5063499771938,0,241.2,0,241.2,241.232072263779,-42.4773616504988,0,166.725722286586,1,0,0
5.443,49.9992339997606,400,0,166.725722286586,74.5062965234208,0,241.2,0,241.2,241.232018810006,-42.4776378709524,0,166.725722286586,1,0,0
5.444,49.9992352764277,400,0,166.725722286586,74.5062431587374,0,241.2,0,241.2,241.231965445323,-42.4779136310386,0,166.725722286586,1,0,0
5.445,49.999236550967,400,0,166.725722286586,74.5061898829952,0,241.2,0,241.2,241.231912169581,-42.4781889315246,0,166.725722286586,1,0,0
5.446,49.9992378233821,400,0,166.725722286586,74.5061366960459,0,241.2,0,241.2,241.231858982632,-42.4784637731765,0,166.725722286586,1,0,0
5.447,49.9992390936764,400,0,166.725722286586,74.5060835977416,0,241.2,0,241.2,241.231805884327,-42.4787381567589,0,166.725722286586,1,0,0
5.448,49.9992403618536,400,0,166.725722286586,74.5060305879343,0,241.2,0,241.2,241.23175287452,-42.4790120830354,0,166.725722286586,1,0,0
5.449,49.9992416279172,400,0,166.725722286586,74.5059776664768,0,241.2,0,241.2,241.231699953062,-42.4792855527681,0,166.725722286586,1,0,0
5.45,49.9992428918707,400,0,166.725722286586,74.5059248332217,0,241.2,0,241.2,241.231647119807,-42.4795585667179,0,166.725722286586,1,0,0
5.451,49.9992441537176,400,0,166.725722286586,74.505872088022,0,241.2,0,241.2,241.231594374608,-42.4798311256445,0,166.725722286586,1,0,0
5.452,49.9992454134614,400,0,166.725722286586,74.505819430731,0,241.2,0,241.2,241.231541717317,-42.4801032303062,0,166.725722286586,1,0,0
5.453,49.9992466711056,400,0,166.725722286586,74.5057668612021,0,241.2,0,241.2,241.231489147788,-42.4803748814601,0,166.725722286586,1,0,0
5.454,49.9992479266537,400,0,166.725722286586,74.5057143792891,0,241.2,0,241.2,241.231436665875,-42.4806460798621,0,166.725722286586,1,0,0
5.455,49.9992491801093,400,0,166.725722286586,74.505661984846,0,241.2,0,241.2,241.231384271432,-42.4809168262667,0,166.725722286586,1,0,0
5.456,49.9992504314758,400,0,166.725722286586,74.505609677727,0,241.2,0,241.2,241.231331964313,-42.4811871214274,0,166.725722286586,1,0,0
5.457,49.9992516807567,400,0,166.725722286586,74.5055574577865,0,241.2,0,241.2,241.231279744372,-42.4814569660961,0,166.725722286586,1,0,0
5.458,49.9992529279554,400,0,166.725722286586,74.5055053248792,0,241.2,0,241.2,241.231227611465,-42.4817263610237,0,166.725722286586,1,0,0
5.459,49.9992541730755,400,0,166.725722286586,74.5054532788601,0,241.2,0,241.2,241.231175565446,-42.4819953069597,0,166.725722286586,1,0,0
5.46,49.9992554161204,400,0,166.725722286586,74.5054013195844,0,241.2,0,241.2,241.23112360617,-42.4822638046525,0,166.725722286586,1,0,0
5.461,49.9992566570935,400,0,166.725722286586,74.5053494469074,0,241.2,0,241.2,241.231071733493,-42.4825318548492,0,166.725722286586,1,0,0
5.462,49.9992578959983,400,0,166.725722286586,74.5052976606849,0,241.2,0,241.2,241.231019947271,-42.4827994582956,0,166.725722286586,1,0,0
5.463,49.9992591328383,400,0,166.725722286586,74.5052459607728,0,241.2,0,241.2,241.230968247358,-42.4830666157361,0,166.725722286586,1,0,0
5.464,49.9992603676169,400,0,166.725722286586,74.5051943470272,0,241.2,0,241.2,241.230916633613,-42.4833333279143,0,166.725722286586,1,0,0
5.465,49.9992616003376,400,0,166.725722286586,74.5051428193045,0,241.2,0,241.2,241.23086510589,-42.4835995955722,0,166.725722286586,1,0,0
5.466,49.9992628310037,400,0,166.725722286586,74.5050913774614,0,241.2,0,241.2,241.230813664047,-42.4838654194507,0,166.725722286586,1,0,0
5.467,49.9992640596187,400,0,166.725722286586,74.5050400213547,0,241.2,0,241.2,241.23076230794,-42.4841308002894,0,166.725722286586,1,0,0
5.468,49.999265286186,400,0,166.725722286586,74.5049887508414,0,241.2,0,241.2,241.230711037427,-42.4843957388267,0,166.725722286586,1,0,0
5.469,49.999266510709,400,0,166.725722286586,74.5049375657791,0,241.2,0,241.2,241.230659852365,-42.4846602357997,0,166.725722286586,1,0,0
5.47,49.9992677331912,400,0,166.725722286586,74.5048864660252,0,241.2,0,241.2,241.230608752611,-42.4849242919445,0,166.725722286586,1,0,0
5.471,49.9992689536358,400,0,166.725722286586,74.5048354514375,0,241.2,0,241.2,241.230557738023,-42.4851879079956,0,166.725722286586,1,0,0
5.472,49.9992701720465,400,0,166.725722286586,74.5047845218742,0,241.2,0,241.2,241.23050680846,-42.4854510846867,0,166.725722286586,1,0,0
5.473,49.9992713884264,400,0,166.725722286586,74.5047336771934,0,241.2,0,241.2,241.230455963779,-42.48571382275,0,166.725722286586,1,0,0
5.474,49.999272602779,400,0,166.725722286586,74.5046829172538,0,241.2,0,241.2,241.230405203839,-42.4859761229165,0,166.725722286586,1,0,0
5.475,49.9992738151077,400,0,166.725722286586,74.5046322419141,0,241.2,0,241.2,241.2303545285,-42.4862379859161,0,166.725722286586,1,0,0
5.476,49.9992750254159,400,0,166.725722286586,74.5045816510333,0,241.2,0,241.2,241.230303937619,-42.4864994124773,0,166.725722286586,1,0,0
5.477,49.9992762337068,400,0,166.725722286586,74.5045311444706,0,241.2,0,241.2,241.230253431056,-42.4867604033276,0,166.725722286586,1,0,0
5.478,49.999277439984,400,0,166.725722286586,74.5044807220854,0,241.2,0,241.2,241.230203008671,-42.4870209591931,0,166.725722286586,1,0,0
5.479,49.9992786442507,400,0,166.725722286586,74.5044303837376,0,241.2,0,241.2,241.230152670323,-42.4872810807989,0,166.725722286586,1,0,0
5.48,49.9992798465103,400,0,166.725722286586,74.5043801292871,0,241.2,0,241.2,241.230102415873,-42.4875407688687,0,166.725722286586,1,0,0
5.481,49.9992810467661,400,0,166.725722286586,74.5043299585939,0,241.2,0,241.2,241.23005224518,-42.487800024125,0,166.725722286586,1,0,0
5.482,49.9992822450215,400,0,166.725722286586,74.5042798715186,0,241.2,0,241.2,241.230002158104,-42.4880588472892,0,166.725722286586,1,0,0
5.483,49.9992834412798,400,0,166.725722286586,74.5042298679218,0,241.2,0,241.2,241.229952154507,-42.4883172390815,0,166.725722286586,1,0,0
5.484,49.9992846355443,400,0,166.725722286586,74.5041799476642,0,241.2,0,241.2,241.22990223425,-42.4885752002207,0,166.725722286586,1,0,0
5.485,49.9992858278184,400,0,166.725722286586,74.5041301106071,0,241.2,0,241.2,241.229852397193,-42.4888327314248,0,166.725722286586,1,0,0
5.486,49.9992870181054,400,0,166.725722286586,74.5040803566118,0,241.2,0,241.2,241.229802643197,-42.4890898334102,0,166.725722286586,1,0,0
5.487,49.9992882064085,400,0,166.725722286586,74.5040306855398,0,241.2,0,241.2,241.229752972125,-42.4893465068922,0,166.725722286586,1,0,0
5.488,49.9992893927312,400,0,166.725722286586,74.5039810972529,0,241.2,0,241.2,241.229703383839,-42.4896027525852,0,166.725722286586,1,0,0
5.489,49.9992905770766,400,0,166.725722286586,74.5039315916132,0,241.2,0,241.2,241.229653878199,-42.489858571202,0,166.725722286586,1,0,0
5.49,49.9992917594482,400,0,166.725722286586,74.5038821684829,0,241.2,0,241.2,241.229604455069,-42.4901139634544,0,166.725722286586,1,0,0
5.491,49.9992929398491,400,0,166.725722286586,74.5038328277245,0,241.2,0,241.2,241.22955511431,-42.4903689300531,0,166.725722286586,1,0,0
5.492,49.9992941182827,400,0,166.725722286586,74.5037835692006,0,241.2,0,241.2,241.229505855786,-42.4906234717074,0,166.725722286586,1,0,0
5.493,49.9992952947522,400,0,166.725722286586,74.5037343927743,0,241.2,0,241.2,241.22945667936,-42.4908775891256,0,166.725722286586,1,0,0
5.494,49.9992964692609,400,0,166.725722286586,74.5036852983086,0,241.2,0,241.2,241.229407584894,-42.4911312830148,0,166.725722286586,1,0,0
5.495,49.9992976418122,400,0,166.725722286586,74.5036362856671,0,241.2,0,241.2,241.229358572253,-42.4913845540809,0,166.725722286586,1,0,0
5.496,49.9992988124092,400,0,166.725722286586,74.5035873547133,0,241.2,0,241.2,241.229309641299,-42.4916374030285,0,166.725722286586,1,0,0
5.497,49.9992999810551,400,0,166.725722286586,74.5035385053112,0,241.2,0,241.2,241.229260791897,-42.4918898305612,0,166.725722286586,1,0,0
5.498,49.9993011477534,400,0,166.725722286586,74.5034897373246,0,241.2,0,241.2,241.22921202391,-42.4921418373814,0,166.725722286586,1,0,0
5.499,49.9993023125071,400,0,166.725722286586,74.5034410506181,0,241.2,0,241.2,241.229163337204,-42.4923934241902,0,166.725722286586,1,0,0
5.5,49.9993034753196,400,0,166.725722286586,74.503392445056,0,241.2,0,241.2,241.229114731642,-42.4926445916876,0,166.725722286586,1,0,0
5.501,49.9993046361941,400,0,166.725722286586,74.5033439205033,0,241.2,0,241.2,241.229066207089,-42.4928953405725,0,166.725722286586,1,0,0
5.502,49.9993057951338,400,0,166.725722286586,74.5032954768247,0,241.2,0,241.2,241.22901776341,-42.4931456715427,0,166.725722286586,1,0,0
5.503,49.9993069521419,400,0,166.725722286586,74.5032471138857,0,241.2,0,241.2,241.228969400471,-42.4933955852945,0,166.725722286586,1,0,0
5.504,49.9993081072216,400,0,166.725722286586,74.5031988315515,0,241.2,0,241.2,241.228921118137,-42.4936450825234,0,166.725722286586,1,0,0
5.505,49.9993092603763,400,0,166.725722286586,74.503150629688,0,241.2,0,241.2,241.228872916274,-42.4938941639236,0,166.725722286586,1,0,0
5.506,49.999310411609,400,0,166.725722286586,74.5031025081608,0,241.2,0,241.2,241.228824794746,-42.4941428301882,0,166.725722286586,1,0,0
5.507,49.999311560923,400,0,166.725722286586,74.5030544668362,0,241.2,0,241.2,241.228776753422,-42.494391082009,0,166.725722286586,1,0,0
5.508,49.9993127083214,400,0,166.725722286586,74.5030065055805,0,241.2,0,241.2,241.228728792166,-42.4946389200767,0,166.725722286586,1,0,0
5.509,49.9993138538075,400,0,166.725722286586,74.5029586242601,0,241.2,0,241.2,241.228680910846,-42.494886345081,0,166.725722286586,1,0,0
5.51,49.9993149973845,400,0,166.725722286586,74.502910822742,0,241.2,0,241.2,241.228633109328,-42.4951333577103,0,166.725722286586,1,0,0
5.511,49.9993161390556,400,0,166.725722286586,74.5028631008931,0,241.2,0,241.2,241.228585387479,-42.4953799586518,0,166.725722286586,1,0,0
5.512,49.9993172788238,400,0,166.725722286586,74.5028154585806,0,241.2,0,241.2,241.228537745166,-42.4956261485918,0,166.725722286586,1,0,0
5.513,49.9993184166924,400,0,166.725722286586,74.5027678956719,0,241.2,0,241.2,241.228490182257,-42.4958719282153,0,166.725722286586,1,0,0
5.514,49.9993195526646,400,0,166.725722286586,74.5027204120347,0,241.2,0,241.2,241.22844269862,-42.496117298206,0,166.725722286586,1,0,0
5.515,49.9993206867435,400,0,166.725722286586,74.5026730075369,0,241.2,0,241.2,241.228395294123,-42.4963622592467,0,166.725722286586,1,0,0
5.516,49.9993218189323,400,0,166.725722286586,74.5026256820466,0,241.2,0,241.2,241.228347968632,-42.4966068120191,0,166.725722286586,1,0,0
5.517,49.9993229492341,400,0,166.725722286586,74.5025784354321,0,241.2,0,241.2,241.228300722018,-42.4968509572034,0,166.725722286586,1,0,0
5.518,49.999324077652,400,0,166.725722286586,74.502531267562,0,241.2,0,241.2,241.228253554148,-42.4970946954792,0,166.725722286586,1,0,0
5.519,49.9993252041892,400,0,166.725722286586,74.502484178305,0,241.2,0,241.2,241.228206464891,-42.4973380275245,0,166.725722286586,1,0,0
5.52,49.9993263288489,400,0,166.725722286586,74.5024371675301,0,241.2,0,241.2,241.228159454116,-42.4975809540163,0,166.725722286586,1,0,0
5.521,49.9993274516342,400,0,166.725722286586,74.5023902351064,0,241.2,0,241.2,241.228112521692,-42.4978234756307,0,166.725722286586,1,0,0
5.522,49.9993285725481,400,0,166.725722286586,74.5023433809035,0,241.2,0,241.2,241.228065667489,-42.4980655930424,0,166.725722286586,1,0,0
5.523,49.9993296915939,400,0,166.725722286586,74.502296604791,0,241.2,0,241.2,241.228018891377,-42.4983073069251,0,166.725722286586,1,0,0
5.524,49.9993308087746,400,0,166.725722286586,74.5022499066386,0,241.2,0,241.2,241.227972193224,-42.4985486179513,0,166.725722286586,1,0,0
5.525,49.9993319240933,400,0,166.725722286586,74.5022032863164,0,241.2,0,241.2,241.227925572902,-42.4987895267925,0,166.725722286586,1,0,0
5.526,49.9993330375531,400,0,166.725722286586,74.5021567436948,0,241.2,0,241.2,241.22787903028,-42.4990300341189,0,166.725722286586,1,0,0
5.527,49.9993341491572,400,0,166.725722286586,74.5021102786442,0,241.2,0,241.2,241.22783256523,-42.4992701405998,0,166.725722286586,1,0,0
5.528,49.9993352589086,400,0,166.725722286586,74.5020638910354,0,241.2,0,241.2,241.227786177621,-42.4995098469032,0,166.725722286586,1,0,0
5.529,49.9993363668104,400,0,166.725722286586,74.5020175807393,0,241.2,0,241.2,241.227739867325,-42.4997491536961,0,166.725722286586,1,0,0
5.53,49.9993374728657,400,0,166.725722286586,74.501971347627,0,241.2,0,241.2,241.227693634213,-42.4999880616443,0,166.725722286586,1,0,0
5.531,49.9993385770776,400,0,166.725722286586,74.5019251915699,0,241.2,0,241.2,241.227647478156,-42.5002265714127,0,166.725722286586,1,0,0
5.532,49.9993396794492,400,0,166.725722286586,74.5018791124396,0,241.2,0,241.2,241.227601399025,-42.5004646836647,0,166.725722286586,1,0,0
5.533,49.9993407799834,400,0,166.725722286586,74.5018331101078,0,241.2,0,241.2,241.227555396693,-42.500702399063,0,166.725722286586,1,0,0
5.534,49.9993418786834,400,0,166.725722286586,74.5017871844466,0,241.2,0,241.2,241.227509471032,-42.500939718269,0,166.725722286586,1,0,0
5.535,49.9993429755523,400,0,166.725722286586,74.5017413353282,0,241.2,0,241.2,241.227463621914,-42.501176641943,0,166.725722286586,1,0,0
5.536,49.999344070593,400,0,166.725722286586,74.501695562625,0,241.2,0,241.2,241.227417849211,-42.5014131707442,0,166.725722286586,1,0,0
5.537,49.9993451638087,400,0,166.725722286586,74.5016498662096,0,241.2,0,241.2,241.227372152795,-42.5016493053307,0,166.725722286586,1,0,0
5.538,49.9993462552024,400,0,166.725722286586,74.5016042459549,0,241.2,0,241.2,241.227326532541,-42.5018850463595,0,166.725722286586,1,0,0
5.539,49.999347344777,400,0,166.725722286586,74.501558701734,0,241.2,0,241.2,241.22728098832,-42.5021203944867,0,166.725722286586,1,0,0
5.54,49.9993484325357,400,0,166.725722286586,74.5015132334202,0,241.2,0,241.2,241.227235520006,-42.5023553503669,0,166.725722286586,1,0,0
5.541,49.9993495184815,400,0,166.725722286586,74.5014678408868,0,241.2,0,241.2,241.227190127472,-42.5025899146541,0,166.725722286586,1,0,0
5.542,49.9993506026174,400,0,166.725722286586,74.5014225240077,0,241.2,0,241.2,241.227144810593,-42.5028240880007,0,166.725722286586,1,0,0
5.543,49.9993516849463,400,0,166.725722286586,74.5013772826567,0,241.2,0,241.2,241.227099569242,-42.5030578710585,0,166.725722286586,1,0,0
5.544,49.9993527654714,400,0,166.725722286586,74.5013321167079,0,241.2,0,241.2,241.227054403294,-42.5032912644778,0,166.725722286586,1,0,0
5.545,49.9993538441956,400,0,166.725722286586,74.5012870260357,0,241.2,0,241.2,241.227009312621,-42.5035242689081,0,166.725722286586,1,0,0
5.546,49.999354921122,400,0,166.725722286586,74.5012420105147,0,241.2,0,241.2,241.2269642971,-42.5037568849976,0,166.725722286586,1,0,0
5.547,49.9993559962534,400,0,166.725722286586,74.5011970700195,0,241.2,0,241.2,241.226919356605,-42.5039891133937,0,166.725722286586,1,0,0
5.548,49.999357069593,400,0,166.725722286586,74.5011522044251,0,241.2,0,241.2,241.226874491011,-42.5042209547425,0,166.725722286586,1,0,0
5.549,49.9993581411437,400,0,166.725722286586,74.5011074136067,0,241.2,0,241.2,241.226829700192,-42.504452409689,0,166.725722286586,1,0,0
5.55,49.9993592109085,400,0,166.725722286586,74.5010626974397,0,241.2,0,241.2,241.226784984025,-42.5046834788773,0,166.725722286586,1,0,0
5.551,49.9993602788903,400,0,166.725722286586,74.5010180557997,0,241.2,0,241.2,241.226740342385,-42.5049141629502,0,166.725722286586,1,0,0
5.552,49.9993613450921,400,0,166.725722286586,74.5009734885623,0,241.2,0,241.2,241.226695775148,-42.5051444625497,0,166.725722286586,1,0,0
5.553,49.999362409517,400,0,166.725722286586,74.5009289956037,0,241.2,0,241.2,241.226651282189,-42.5053743783166,0,166.725722286586,1,0,0
5.554,49.9993634721678,400,0,166.725722286586,74.5008845768001,0,241.2,0,241.2,241.226606863386,-42.5056039108904,0,166.725722286586,1,0,0
5.555,49.9993645330475,400,0,166.725722286586,74.5008402320278,0,241.2,0,241.2,241.226562518613,-42.50583306091,0,166.725722286586,1,0,0
5.556,49.9993655921591,400,0,166.725722286586,74.5007959611634,0,241.2,0,241.2,241.226518247749,-42.5060618290129,0,166.725722286586,1,0,0
5.557,49.9993666495055,400,0,166.725722286586,74.5007517640839,0,241.2,0,241.2,241.226474050669,-42.5062902158357,0,166.725722286586,1,0,0
5.558,49.9993677050896,400,0,166.725722286586,74.5007076406661,0,241.2,0,241.2,241.226429927252,-42.5065182220137,0,166.725722286586,1,0,0
5.559,49.9993687589145,400,0,166.725722286586,74.5006635907873,0,241.2,0,241.2,241.226385877373,-42.5067458481814,0,166.725722286586,1,0,0
5.56,49.999369810983,400,0,166.725722286586,74.500619614325,0,241.2,0,241.2,241.226341900911,-42.5069730949722,0,166.725722286586,1,0,0
5.561,49.999370861298,400,0,166.725722286586,74.5005757111569,0,241.2,0,241.2,241.226297997742,-42.5071999630183,0,166.725722286586,1,0,0
5.562,49.9993719098625,400,0,166.725722286586,74.5005318811606,0,241.2,0,241.2,241.226254167746,-42.507426452951,0,166.725722286586,1,0,0
5.563,49.9993729566794,400,0,166.725722286586,74.5004881242143,0,241.2,0,241.2,241.2262104108,-42.5076525654005,0,166.725722286586,1,0,0
5.564,49.9993740017516,400,0,166.725722286586,74.5004444401963,0,241.2,0,241.2,241.226166726782,-42.5078783009959,0,166.725722286586,1,0,0
5.565,49.999375045082,400,0,166.725722286586,74.500400828985,0,241.2,0,241.2,241.226123115571,-42.5081036603654,0,166.725722286586,1,0,0
5.566,49.9993760866736,400,0,166.725722286586,74.500357290459,0,241.2,0,241.2,241.226079577045,-42.5083286441358,0,166.725722286586,1,0,0
5.567,49.9993771265291,400,0,166.725722286586,74.5003138244972,0,241.2,0,241.2,241.226036111083,-42.5085532529333,0,166.725722286586,1,0,0
5.568,49.9993781646516,400,0,166.725722286586,74.5002704309786,0,241.2,0,241.2,241.225992717564,-42.5087774873829,0,166.725722286586,1,0,0
5.569,49.9993792010438,400,0,166.725722286586,74.5002271097826,0,241.2,0,241.2,241.225949396368,-42.5090013481083,0,166.725722286586,1,0,0
5.57,49.9993802357087,400,0,166.725722286586,74.5001838607886,0,241.2,0,241.2,241.225906147374,-42.5092248357325,0,166.725722286586,1,0,0
5.571,49.9993812686492,400,0,166.725722286586,74.5001406838763,0,241.2,0,241.2,241.225862970462,-42.5094479508774,0,166.725722286586,1,0,0
5.572,49.9993822998681,400,0,166.725722286586,74.5000975789254,0,241.2,0,241.2,241.225819865511,-42.5096706941637,0,166.725722286586,1,0,0
5.573,49.9993833293683,400,0,166.725722286586,74.5000545458162,0,241.2,0,241.2,241.225776832402,-42.5098930662111,0,166.725722286586,1,0,0
5.574,49.9993843571527,400,0,166.725722286586,74.5000115844288,0,241.2,0,241.2,241.225733871014,-42.5101150676385,0,166.725722286586,1,0,0
5.575,49.9993853832241,400,0,166.725722286586,74.4999686946438,0,241.2,0,241.2,241.225690981229,-42.5103366990636,0,166.725722286586,1,0,0
5.576,49.9993864075854,400,0,166.725722286586,74.4999258763417,0,241.2,0,241.2,241.225648162927,-42.5105579611029,0,166.725722286586,1,0,0
5.577,49.9993874302395,400,0,166.725722286586,74.4998831294035,0,241.2,0,241.2,241.225605415989,-42.5107788543721,0,166.725722286586,1,0,0
5.578,49.9993884511891,400,0,166.725722286586,74.4998404537101,0,241.2,0,241.2,241.225562740296,-42.5109993794859,0,166.725722286586,1,0,0
5.579,49.9993894704371,400,0,166.725722286586,74.4997978491429,0,241.2,0,241.2,241.225520135729,-42.5112195370578,0,166.725722286586,1,0,0
5.58,49.9993904879864,400,0,166.725722286586,74.4997553155833,0,241.2,0,241.2,241.225477602169,-42.5114393277005,0,166.725722286586,1,0,0
5.581,49.9993915038397,400,0,166.725722286586,74.499712852913,0,241.2,0,241.2,241.225435139499,-42.5116587520254,0,166.725722286586,1,0,0
5.582,49.999392518,400,0,166.725722286586,74.4996704610138,0,241.2,0,241.2,241.225392747599,-42.5118778106431,0,166.725722286586,1,0,0
5.583,49.99939353047,400,0,166.725722286586,74.4996281397677,0,241.2,0,241.2,241.225350426353,-42.5120965041631,0,166.725722286586,1,0,0
5.584,49.9993945412525,400,0,166.725722286586,74.499585889057,0,241.2,0,241.2,241.225308175643,-42.5123148331939,0,166.725722286586,1,0,0
5.585,49.9993955503504,400,0,166.725722286586,74.4995437087642,0,241.2,0,241.2,241.22526599535,-42.512532798343,0,166.725722286586,1,0,0
5.586,49.9993965577665,400,0,166.725722286586,74.4995015987719,0,241.2,0,241.2,241.225223885358,-42.5127504002168,0,166.725722286586,1,0,0
5.587,49.9993975635036,400,0,166.725722286586,74.4994595589629,0,241.2,0,241.2,241.225181845549,-42.5129676394209,0,166.725722286586,1,0,0
5.588,49.9993985675644,400,0,166.725722286586,74.4994175892203,0,241.2,0,241.2,241.225139875806,-42.5131845165596,0,166.725722286586,1,0,0
5.589,49.9993995699518,400,0,166.725722286586,74.4993756894273,0,241.2,0,241.2,241.225097976013,-42.5134010322364,0,166.725722286586,1,0,0
5.59,49.9994005706686,400,0,166.725722286586,74.4993338594672,0,241.2,0,241.2,241.225056146053,-42.5136171870537,0,166.725722286586,1,0,0
5.591,49.9994015697174,400,0,166.725722286586,74.4992920992237,0,241.2,0,241.2,241.225014385809,-42.513832981613,0,166.725722286586,1,0,0
5.592,49.9994025671012,400,0,166.725722286586,74.4992504085806,0,241.2,0,241.2,241.224972695166,-42.5140484165148,0,166.725722286586,1,0,0
5.593,49.9994035628227,400,0,166.725722286586,74.4992087874219,0,241.2,0,241.2,241.224931074008,-42.5142634923583,0,166.725722286586,1,0,0
5.594,49.9994045568847,400,0,166.725722286586,74.4991672356318,0,241.2,0,241.2,241.224889522217,-42.5144782097421,0,166.725722286586,1,0,0
5.595,49.9994055492899,400,0,166.725722286586,74.4991257530947,0,241.2,0,241.2,241.22484803968,-42.5146925692636,0,166.725722286586,1,0,0
5.596,49.9994065400411,400,0,166.725722286586,74.4990843396952,0,241.2,0,241.2,241.224806626281,-42.5149065715193,0,166.725722286586,1,0,0
5.597,49.999407529141,400,0,166.725722286586,74.499042995318,0,241.2,0,241.2,241.224765281904,-42.5151202171045,0,166.725722286586,1,0,0
5.598,49.9994085165924,400,0,166.725722286586,74.4990017198481,0,241.2,0,241.2,241.224724006434,-42.5153335066137,0,166.725722286586,1,0,0
5.599,49.9994095023981,400,0,166.725722286586,74.4989605131706,0,241.2,0,241.2,241.224682799756,-42.5155464406404,0,166.725722286586,1,0,0
5.6,49.9994104865608,400,0,166.725722286586,74.498919375171,0,241.2,0,241.2,241.224641661757,-42.5157590197771,0,166.725722286586,1,0,0
5.601,49.9994114690832,400,0,166.725722286586,74.4988783057347,0,241.2,0,241.2,241.22460059232,-42.5159712446152,0,166.725722286586,1,0,0
5.602,49.9994124499681,400,0,166.725722286586,74.4988373047475,0,241.2,0,241.2,241.224559591333,-42.5161831157453,0,166.725722286586,1,0,0
5.603,49.9994134292181,400,0,166.725722286586,74.4987963720952,0,241.2,0,241.2,241.224518658681,-42.5163946337568,0,166.725722286586,1,0,0
5.604,49.9994144068361,400,0,166.725722286586,74.498755507664,0,241.2,0,241.2,241.22447779425,-42.5166057992382,0,166.725722286586,1,0,0
5.605,49.9994153828247,400,0,166.725722286586,74.4987147113402,0,241.2,0,241.2,241.224436997926,-42.5168166127773,0,166.725722286586,1,0,0
5.606,49.9994163571866,400,0,166.725722286586,74.4986739830103,0,241.2,0,241.2,241.224396269596,-42.5170270749604,0,166.725722286586,1,0,0
5.607,49.9994173299247,400,0,166.725722286586,74.4986333225609,0,241.2,0,241.2,241.224355609146,-42.5172371863732,0,166.725722286586,1,0,0
5.608,49.9994183010415,400,0,166.725722286586,74.4985927298789,0,241.2,0,241.2,241.224315016465,-42.5174469476003,0,166.725722286586,1,0,0
5.609,49.9994192705397,400,0,166.725722286586,74.4985522048514,0,241.2,0,241.2,241.224274491437,-42.5176563592254,0,166.725722286586,1,0,0
5.61,49.9994202384222,400,0,166.725722286586,74.4985117473656,0,241.2,0,241.2,241.224234033951,-42.5178654218311,0,166.725722286586,1,0,0
5.611,49.9994212046915,400,0,166.725722286586,74.498471357309,0,241.2,0,241.2,241.224193643895,-42.5180741359991,0,166.725722286586,1,0,0
5.612,49.9994221693503,400,0,166.725722286586,74.4984310345691,0,241.2,0,241.2,241.224153321155,-42.5182825023102,0,166.725722286586,1,0,0
5.613,49.9994231324014,400,0,166.725722286586,74.4983907790338,0,241.2,0,241.2,241.224113065619,-42.5184905213441,0,166.725722286586,1,0,0
5.614,49.9994240938474,400,0,166.725722286586,74.498350590591,0,241.2,0,241.2,241.224072877177,-42.5186981936796,0,166.725722286586,1,0,0
5.615,49.999425053691,400,0,166.725722286586,74.498310469129,0,241.2,0,241.2,241.224032755715,-42.5189055198945,0,166.725722286586,1,0,0
5.616,49.9994260119348,400,0,166.725722286586,74.498270414536,0,241.2,0,241.2,241.223992701122,-42.5191125005658,0,166.725722286586,1,0,0
5.617,49.9994269685816,400,0,166.725722286586,74.4982304267008,0,241.2,0,241.2,241.223952713286,-42.5193191362692,0,166.725722286586,1,0,0
5.618,49.999427923634,400,0,166.725722286586,74.4981905055119,0,241.2,0,241.2,241.223912792098,-42.5195254275798,0,166.725722286586,1,0,0
5.619,49.9994288770946,400,0,166.725722286586,74.4981506508584,0,241.2,0,241.2,241.223872937444,-42.5197313750716,0,166.725722286586,1,0,0
5.62,49.9994298289661,400,0,166.725722286586,74.4981108626293,0,241.2,0,241.2,241.223833149215,-42.5199369793176,0,166.725722286586,1,0,0
5.621,49.9994307792511,400,0,166.725722286586,74.4980711407139,0,241.2,0,241.2,241.2237934273,-42.5201422408898,0,166.725722286586,1,0,0
5.622,49.9994317279524,400,0,166.725722286586,74.4980314850017,0,241.2,0,241.2,241.223753771587,-42.5203471603594,0,166.725722286586,1,0,0
5.623,49.9994326750725,400,0,166.725722286586,74.4979918953824,0,241.2,0,241.2,241.223714181968,-42.5205517382965,0,166.725722286586,1,0,0
5.624,49.999433620614,400,0,166.725722286586,74.4979523717458,0,241.2,0,241.2,241.223674658331,-42.5207559752704,0,166.725722286586,1,0,0
5.625,49.9994345645796,400,0,166.725722286586,74.4979129139819,0,241.2,0,241.2,241.223635200568,-42.5209598718494,0,166.725722286586,1,0,0
5.626,49.999435506972,400,0,166.725722286586,74.497873521981,0,241.2,0,241.2,241.223595808567,-42.5211634286007,0,166.725722286586,1,0,0
5.627,49.9994364477937,400,0,166.725722286586,74.4978341956334,0,241.2,0,241.2,241.223556482219,-42.5213666460908,0,166.725722286586,1,0,0
5.628,49.9994373870474,400,0,166.725722286586,74.4977949348296,0,241.2,0,241.2,241.223517221415,-42.5215695248851,0,166.725722286586,1,0,0
5.629,49.9994383247357,400,0,166.725722286586,74.4977557394606,0,241.2,0,241.2,241.223478026046,-42.521772065548,0,166.725722286586,1,0,0
5.63,49.9994392608611,400,0,166.725722286586,74.4977166094172,0,241.2,0,241.2,241.223438896003,-42.5219742686432,0,166.725722286586,1,0,0
5.631,49.9994401954263,400,0,166.725722286586,74.4976775445905,0,241.2,0,241.2,241.223399831176,-42.5221761347332,0,166.725722286586,1,0,0
5.632,49.9994411284339,400,0,166.725722286586,74.4976385448719,0,241.2,0,241.2,241.223360831458,-42.5223776643797,0,166.725722286586,1,0,0
5.633,49.9994420598866,400,0,166.725722286586,74.4975996101529,0,241.2,0,241.2,241.223321896738,-42.5225788581435,0,166.725722286586,1,0,0
5.634,49.9994429897867,400,0,166.725722286586,74.497560740325,0,241.2,0,241.2,241.223283026911,-42.5227797165843,0,166.725722286586,1,0,0
5.635,49.9994439181371,400,0,166.725722286586,74.4975219352802,0,241.2,0,241.2,241.223244221866,-42.5229802402611,0,166.725722286586,1,0,0
5.636,49.9994448449402,400,0,166.725722286586,74.4974831949104,0,241.2,0,241.2,241.223205481496,-42.5231804297317,0,166.725722286586,1,0,0
5.637,49.9994457701986,400,0,166.725722286586,74.497444519108,0,241.2,0,241.2,241.223166805694,-42.5233802855533,0,166.725722286586,1,0,0
5.638,49.999446693915,400,0,166.725722286586,74.4974059077652,0,241.2,0,241.2,241.223128194351,-42.5235798082817,0,166.725722286586,1,0,0
5.639,49.9994476160918,400,0,166.725722286586,74.4973673607747,0,241.2,0,241.2,241.22308964736,-42.5237789984724,0,166.725722286586,1,0,0
5.64,49.9994485367316,400,0,166.725722286586,74.4973288780291,0,241.2,0,241.2,241.223051164615,-42.5239778566793,0,166.725722286586,1,0,0
5.641,49.9994494558371,400,0,166.725722286586,74.4972904594215,0,241.2,0,241.2,241.223012746007,-42.5241763834559,0,166.725722286586,1,0,0
5.642,49.9994503734107,400,0,166.725722286586,74.4972521048448,0,241.2,0,241.2,241.22297439143,-42.5243745793546,0,166.725722286586,1,0,0
5.643,49.999451289455,400,0,166.725722286586,74.4972138141924,0,241.2,0,241.2,241.222936100778,-42.5245724449267,0,166.725722286586,1,0,0
5.644,49.9994522039726,400,0,166.725722286586,74.4971755873578,0,241.2,0,241.2,241.222897873943,-42.5247699807229,0,166.725722286586,1,0,0
5.645,49.999453116966,400,0,166.725722286586,74.4971374242346,0,241.2,0,241.2,241.22285971082,-42.5249671872928,0,166.725722286586,1,0,0
5.646,49.9994540284377,400,0,166.725722286586,74.4970993247166,0,241.2,0,241.2,241.222821611302,-42.5251640651851,0,166.725722286586,1,0,0
5.647,49.9994549383903,400,0,166.725722286586,74.4970612886978,0,241.2,0,241.2,241.222783575283,-42.5253606149475,0,166.725722286586,1,0,0
5.648,49.9994558468263,400,0,166.725722286586,74.4970233160723,0,241.2,0,241.2,241.222745602658,-42.525556837127,0,166.725722286586,1,0,0
5.649,49.9994567537482,400,0,166.725722286586,74.4969854067345,0,241.2,0,241.2,241.22270769332,-42.5257527322695,0,166.725722286586,1,0,0
5.65,49.9994576591587,400,0,166.725722286586,74.496947560579,0,241.2,0,241.2,241.222669847165,-42.5259483009202,0,166.725722286586,1,0,0
5.651,49.9994585630601,400,0,166.725722286586,74.4969097775005,0,241.2,0,241.2,241.222632064086,-42.526143543623,0,166.725722286586,1,0,0
5.652,49.999459465455,400,0,166.725722286586,74.4968720573937,0,241.2,0,241.2,241.222594343979,-42.5263384609214,0,166.725722286586,1,0,0
5.653,49.9994603663459,400,0,166.725722286586,74.4968344001537,0,241.2,0,241.2,241.222556686739,-42.5265330533576,0,166.725722286586,1,0,0
5.654,49.9994612657353,400,0,166.725722286586,74.4967968056759,0,241.2,0,241.2,241.222519092261,-42.5267273214731,0,166.725722286586,1,0,0
5.655,49.9994621636257,400,0,166.725722286586,74.4967592738554,0,241.2,0,241.2,241.222481560441,-42.5269212658084,0,166.725722286586,1,0,0
5.656,49.9994630600197,400,0,166.725722286586,74.496721804588,0,241.2,0,241.2,241.222444091174,-42.5271148869031,0,166.725722286586,1,0,0
5.657,49.9994639549197,400,0,166.725722286586,74.4966843977694,0,241.2,0,241.2,241.222406684355,-42.5273081852961,0,166.725722286586,1,0,0
5.658,49.9994648483281,400,0,166.725722286586,74.4966470532955,0,241.2,0,241.2,241.222369339881,-42.527501161525,0,166.725722286586,1,0,0
5.659,49.9994657402476,400,0,166.725722286586,74.4966097710624,0,241.2,0,241.2,241.222332057648,-42.5276938161268,0,166.725722286586,1,0,0
5.66,49.9994666306805,400,0,166.725722286586,74.4965725509663,0,241.2,0,241.2,241.222294837552,-42.5278861496377,0,166.725722286586,1,0,0
5.661,49.9994675196294,400,0,166.725722286586,74.4965353929037,0,241.2,0,241.2,241.222257679489,-42.5280781625927,0,166.725722286586,1,0,0
5.662,49.9994684070967,400,0,166.725722286586,74.4964982967712,0,241.2,0,241.2,241.222220583357,-42.5282698555261,0,166.725722286586,1,0,0
5.663,49.9994692930848,400,0,166.725722286586,74.4964612624655,0,241.2,0,241.2,241.222183549051,-42.5284612289713,0,166.725722286586,1,0,0
5.664,49.9994701775964,400,0,166.725722286586,74.4964242898837,0,241.2,0,241.2,241.222146576469,-42.5286522834608,0,166.725722286586,1,0,0
5.665,49.9994710606337,400,0,166.725722286586,74.4963873789229,0,241.2,0,241.2,241.222109665509,-42.5288430195261,0,166.725722286586,1,0,0
5.666,49.9994719421993,400,0,166.725722286586,74.4963505294804,0,241.2,0,241.2,241.222072816066,-42.529033437698,0,166.725722286586,1,0,0
5.667,49.9994728222957,400,0,166.725722286586,74.4963137414536,0,241.2,0,241.2,241.222036028039,-42.5292235385062,0,166.725722286586,1,0,0
5.668,49.9994737009252,400,0,166.725722286586,74.4962770147402,0,241.2,0,241.2,241.221999301326,-42.5294133224798,0,166.725722286586,1,0,0
5.669,49.9994745780903,400,0,166.725722286586,74.496240349238,0,241.2,0,241.2,241.221962635824,-42.5296027901467,0,166.725722286586,1,0,0
5.67,49.9994754537935,400,0,166.725722286586,74.4962037448449,0,241.2,0,241.2,241.22192603143,-42.5297919420342,0,166.725722286586,1,0,0
5.671,49.9994763280371,400,0,166.725722286586,74.4961672014591,0,241.2,0,241.2,241.221889488045,-42.5299807786686,0,166.725722286586,1,0,0
5.672,49.9994772008237,400,0,166.725722286586,74.496130718979,0,241.2,0,241.2,241.221853005565,-42.5301693005752,0,166.725722286586,1,0,0
5.673,49.9994780721557,400,0,166.725722286586,74.4960942973031,0,241.2,0,241.2,241.221816583889,-42.5303575082787,0,166.725722286586,1,0,0
5.674,49.9994789420355,400,0,166.725722286586,74.4960579363299,0,241.2,0,241.2,241.221780222915,-42.5305454023026,0,166.725722286586,1,0,0
5.675,49.9994798104654,400,0,166.725722286586,74.4960216359583,0,241.2,0,241.2,241.221743922544,-42.5307329831698,0,166.725722286586,1,0,0
5.676,49.999480677448,400,0,166.725722286586,74.4959853960874,0,241.2,0,241.2,241.221707682673,-42.5309202514023,0,166.725722286586,1,0,0
5.677,49.9994815429855,400,0,166.725722286586,74.4959492166162,0,241.2,0,241.2,241.221671503202,-42.531107207521,0,166.725722286586,1,0,0
5.678,49.9994824070806,400,0,166.725722286586,74.4959130974441,0,241.2,0,241.2,241.22163538403,-42.5312938520462,0,166.725722286586,1,0,0
5.679,49.9994832697354,400,0,166.725722286586,74.4958770384707,0,241.2,0,241.2,241.221599325056,-42.5314801854972,0,166.725722286586,1,0,0
5.68,49.9994841309525,400,0,166.725722286586,74.4958410395956,0,241.2,0,241.2,241.221563326181,-42.5316662083925,0,166.725722286586,1,0,0
5.681,49.9994849907343,400,0,166.725722286586,74.4958051007185,0,241.2,0,241.2,241.221527387304,-42.5318519212496,0,166.725722286586,1,0,0
5.682,49.9994858490831,400,0,166.725722286586,74.4957692217397,0,241.2,0,241.2,241.221491508325,-42.5320373245852,0,166.725722286586,1,0,0
5.683,49.9994867060012,400,0,166.725722286586,74.4957334025591,0,241.2,0,241.2,241.221455689145,-42.5322224189153,0,166.725722286586,1,0,0
5.684,49.9994875614913,400,0,166.725722286586,74.4956976430772,0,241.2,0,241.2,241.221419929663,-42.5324072047549,0,166.725722286586,1,0,0
5.685,49.9994884155554,400,0,166.725722286586,74.4956619431943,0,241.2,0,241.2,241.22138422978,-42.532591682618,0,166.725722286586,1,0,0
5.686,49.9994892681962,400,0,166.725722286586,74.4956263028113,0,241.2,0,241.2,241.221348589397,-42.5327758530181,0,166.725722286586,1,0,0
5.687,49.9994901194158,400,0,166.725722286586,74.495590721829,0,241.2,0,241.2,241.221313008415,-42.5329597164675,0,166.725722286586,1,0,0
5.688,49.9994909692168,400,0,166.725722286586,74.4955552001483,0,241.2,0,241.2,241.221277486734,-42.5331432734778,0,166.725722286586,1,0,0
5.689,49.9994918176015,400,0,166.725722286586,74.4955197376703,0,241.2,0,241.2,241.221242024256,-42.5333265245597,0,166.725722286586,1,0,0
5.69,49.9994926645721,400,0,166.725722286586,74.4954843342965,0,241.2,0,241.2,241.221206620882,-42.5335094702232,0,166.725722286586,1,0,0
5.691,49.9994935101312,400,0,166.725722286586,74.4954489899283,0,241.2,0,241.2,241.221171276514,-42.5336921109772,0,166.725722286586,1,0,0
5.692,49.9994943542809,400,0,166.725722286586,74.4954137044675,0,241.2,0,241.2,241.221135991053,-42.53387444733,0,166.725722286586,1,0,0
5.693,49.9994951970238,400,0,166.725722286586,74.4953784778157,0,241.2,0,241.2,241.221100764401,-42.5340564797888,0,166.725722286586,1,0,0
5.694,49.9994960383621,400,0,166.725722286586,74.495343309875,0,241.2,0,241.2,241.221065596461,-42.5342382088603,0,166.725722286586,1,0,0
5.695,49.9994968782982,400,0,166.725722286586,74.4953082005476,0,241.2,0,241.2,241.221030487133,-42.5344196350499,0,166.725722286586,1,0,0
5.696,49.9994977168343,400,0,166.725722286586,74.4952731497357,0,241.2,0,241.2,241.220995436321,-42.5346007588626,0,166.725722286586,1,0,0
5.697,49.9994985539729,400,0,166.725722286586,74.4952381573419,0,241.2,0,241.2,241.220960443927,-42.5347815808022,0,166.725722286586,1,0,0
5.698,49.9994993897163,400,0,166.725722286586,74.4952032232687,0,241.2,0,241.2,241.220925509854,-42.534962101372,0,166.725722286586,1,0,0
5.699,49.9995002240668,400,0,166.725722286586,74.4951683474189,0,241.2,0,241.2,241.220890634005,-42.5351423210741,0,166.725722286586,1,0,0
5.7,49.9995010570267,400,0,166.725722286586,74.4951335296956,0,241.2,0,241.2,241.220855816281,-42.53532224041,0,166.725722286586,1,0,0
5.701,49.9995018885983,400,0,166.725722286586,74.4950987700018,0,241.2,0,241.2,241.220821056587,-42.5355018598804,0,166.725722286586,1,0,0
5.702,49.999502718784,400,0,166.725722286586,74.4950640682409,0,241.2,0,241.2,241.220786354826,-42.535681179985,0,166.725722286586,1,0,0
5.703,49.999503547586,400,0,166.725722286586,74.4950294243162,0,241.2,0,241.2,241.220751710902,-42.5358602012228,0,166.725722286586,1,0,0
5.704,49.9995043750067,400,0,166.725722286586,74.4949948381314,0,241.2,0,241.2,241.220717124717,-42.5360389240919,0,166.725722286586,1,0,0
5.705,49.9995052010484,400,0,166.725722286586,74.4949603095902,0,241.2,0,241.2,241.220682596176,-42.5362173490894,0,166.725722286586,1,0,0
5.706,49.9995060257133,400,0,166.725722286586,74.4949258385965,0,241.2,0,241.2,241.220648125182,-42.536395476712,0,166.725722286586,1,0,0
5.707,49.9995068490037,400,0,166.725722286586,74.4948914250546,0,241.2,0,241.2,241.22061371164,-42.5365733074553,0,166.725722286586,1,0,0
5.708,49.9995076709221,400,0,166.725722286586,74.4948570688685,0,241.2,0,241.2,241.220579355454,-42.5367508418139,0,166.725722286586,1,0,0
5.709,49.9995084914705,400,0,166.725722286586,74.4948227699428,0,241.2,0,241.2,241.220545056528,-42.536928080282,0,166.725722286586,1,0,0
5.71,49.9995093106514,400,0,166.725722286586,74.4947885281819,0,241.2,0,241.2,241.220510814768,-42.5371050233526,0,166.725722286586,1,0,0
5.711,49.999510128467,400,0,166.725722286586,74.4947543434906,0,241.2,0,241.2,241.220476630076,-42.5372816715181,0,166.725722286586,1,0,0
5.712,49.9995109449196,400,0,166.725722286586,74.4947202157738,0,241.2,0,241.2,241.220442502359,-42.5374580252699,0,166.725722286586,1,0,0
5.713,49.9995117600114,400,0,166.725722286586,74.4946861449366,0,241.2,0,241.2,241.220408431522,-42.5376340850989,0,166.725722286586,1,0,0
5.714,49.9995125737447,400,0,166.725722286586,74.494652130884,0,241.2,0,241.2,241.22037441747,-42.5378098514948,0,166.725722286586,1,0,0
5.715,49.9995133861218,400,0,166.725722286586,74.4946181735215,0,241.2,0,241.2,241.220340460107,-42.5379853249467,0,166.725722286586,1,0,0
5.716,49.9995141971449,400,0,166.725722286586,74.4945842727547,0,241.2,0,241.2,241.22030655934,-42.5381605059429,0,166.725722286586,1,0,0
5.717,49.9995150068163,400,0,166.725722286586,74.4945504284891,0,241.2,0,241.2,241.220272715075,-42.5383353949707,0,166.725722286586,1,0,0
5.718,49.9995158151383,400,0,166.725722286586,74.4945166406306,0,241.2,0,241.2,241.220238927216,-42.5385099925169,0,166.725722286586,1,0,0
5.719,49.9995166221131,400,0,166.725722286586,74.4944829090852,0,241.2,0,241.2,241.220205195671,-42.5386842990671,0,166.725722286586,1,0,0
5.72,49.9995174277429,400,0,166.725722286586,74.4944492337591,0,241.2,0,241.2,241.220171520345,-42.5388583151064,0,166.725722286586,1,0,0
5.721,49.99951823203,400,0,166.725722286586,74.4944156145585,0,241.2,0,241.2,241.220137901144,-42.5390320411189,0,166.725722286586,1,0,0
5.722,49.9995190349766,400,0,166.725722286586,74.4943820513899,0,241.2,0,241.2,241.220104337975,-42.5392054775881,0,166.725722286586,1,0,0
5.723,49.999519836585,400,0,166.725722286586,74.4943485441599,0,241.2,0,241.2,241.220070830746,-42.5393786249966,0,166.725722286586,1,0,0
5.724,49.9995206368573,400,0,166.725722286586,74.4943150927753,0,241.2,0,241.2,241.220037379361,-42.539551483826,0,166.725722286586,1,0,0
5.725,49.9995214357959,400,0,166.725722286586,74.4942816971431,0,241.2,0,241.2,241.220003983729,-42.5397240545573,0,166.725722286586,1,0,0
5.726,49.9995222334029,400,0,166.725722286586,74.4942483571702,0,241.2,0,241.2,241.219970643756,-42.5398963376708,0,166.725722286586,1,0,0
5.727,49.9995230296806,400,0,166.725722286586,74.4942150727639,0,241.2,0,241.2,241.219937359349,-42.5400683336458,0,166.725722286586,1,0,0
5.728,49.9995238246311,400,0,166.725722286586,74.4941818438316,0,241.2,0,241.2,241.219904130417,-42.5402400429608,0,166.725722286586,1,0,0
5.729,49.9995246182567,400,0,166.725722286586,74.4941486702809,0,241.2,0,241.2,241.219870956866,-42.5404114660936,0,166.725722286586,1,0,0
5.73,49.9995254105596,400,0,166.725722286586,74.4941155520194,0,241.2,0,241.2,241.219837838605,-42.5405826035212,0,166.725722286586,1,0,0
5.731,49.999526201542,400,0,166.725722286586,74.4940824889551,0,241.2,0,241.2,241.219804775541,-42.5407534557197,0,166.725722286586,1,0,0
5.732,49.9995269912061,400,0,166.725722286586,74.4940494809958,0,241.2,0,241.2,241.219771767581,-42.5409240231646,0,166.725722286586,1,0,0
5.733,49.9995277795541,400,0,166.725722286586,74.4940165280498,0,241.2,0,241.2,241.219738814635,-42.5410943063304,0,166.725722286586,1,0,0
5.734,49.9995285665882,400,0,166.725722286586,74.4939836300254,0,241.2,0,241.2,241.219705916611,-42.5412643056909,0,166.725722286586,1,0,0
5.735,49.9995293523105,400,0,166.725722286586,74.493950786831,0,241.2,0,241.2,241.219673073417,-42.5414340217192,0,166.725722286586,1,0,0
5.736,49.9995301367233,400,0,166.725722286586,74.4939179983754,0,241.2,0,241.2,241.219640284961,-42.5416034548874,0,166.725722286586,1,0,0
5.737,49.9995309198288,400,0,166.725722286586,74.4938852645671,0,241.2,0,241.2,241.219607551153,-42.541772605667,0,166.725722286586,1,0,0
5.738,49.9995317016291,400,0,166.725722286586,74.4938525853151,0,241.2,0,241.2,241.219574871901,-42.5419414745286,0,166.725722286586,1,0,0
5.739,49.9995324821264,400,0,166.725722286586,74.4938199605286,0,241.2,0,241.2,241.219542247114,-42.5421100619421,0,166.725722286586,1,0,0
5.74,49.9995332613228,400,0,166.725722286586,74.4937873901167,0,241.2,0,241.2,241.219509676702,-42.5422783683766,0,166.725722286586,1,0,0
5.741,49.9995340392206,400,0,166.725722286586,74.4937548739888,0,241.2,0,241.2,241.219477160574,-42.5424463943004,0,166.725722286586,1,0,0
5.742,49.9995348158219,400,0,166.725722286586,74.4937224120545,0,241.2,0,241.2,241.21944469864,-42.542614140181,0,166.725722286586,1,0,0
5.743,49.9995355911289,400,0,166.725722286586,74.4936900042234,0,241.2,0,241.2,241.219412290809,-42.5427816064851,0,166.725722286586,1,0,0
5.744,49.9995363651437,400,0,166.725722286586,74.4936576504053,0,241.2,0,241.2,241.219379936991,-42.5429487936787,0,166.725722286586,1,0,0
5.745,49.9995371378684,400,0,166.725722286586,74.4936253505103,0,241.2,0,241.2,241.219347637096,-42.543115702227,0,166.725722286586,1,0,0
5.746,49.9995379093053,400,0,166.725722286586,74.4935931044484,0,241.2,0,241.2,241.219315391034,-42.5432823325943,0,166.725722286586,1,0,0
5.747,49.9995386794565,400,0,166.725722286586,74.4935609121299,0,241.2,0,241.2,241.219283198716,-42.5434486852444,0,166.725722286586,1,0,0
5.748,49.9995394483241,400,0,166.725722286586,74.4935287734653,0,241.2,0,241.2,241.219251060051,-42.5436147606401,0,166.725722286586,1,0,0
5.749,49.9995402159102,400,0,166.725722286586,74.4934966883652,0,241.2,0,241.2,241.219218974951,-42.5437805592434,0,166.725722286586,1,0,0
5.75,49.999540982217,400,0,166.725722286586,74.4934646567402,0,241.2,0,241.2,241.219186943326,-42.5439460815157,0,166.725722286586,1,0,0
5.751,49.9995417472467,400,0,166.725722286586,74.4934326785012,0,241.2,0,241.2,241.219154965087,-42.5441113279176,0,166.725722286586,1,0,0
5.752,49.9995425110012,400,0,166.725722286586,74.4934007535593,0,241.2,0,241.2,241.219123040145,-42.5442762989088,0,166.725722286586,1,0,0
5.753,49.9995432734829,400,0,166.725722286586,74.4933688818256,0,241.2,0,241.2,241.219091168411,-42.5444409949484,0,166.725722286586,1,0,0
5.754,49.9995440346938,400,0,166.725722286586,74.4933370632115,0,241.2,0,241.2,241.219059349797,-42.5446054164945,0,166.725722286586,1,0,0
5.755,49.9995447946359,400,0,166.725722286586,74.4933052976284,0,241.2,0,241.2,241.219027584214,-42.5447695640047,0,166.725722286586,1,0,0
5.756,49.9995455533115,400,0,166.725722286586,74.4932735849879,0,241.2,0,241.2,241.218995871574,-42.5449334379358,0,166.725722286586,1,0,0
5.757,49.9995463107227,400,0,166.725722286586,74.4932419252019,0,241.2,0,241.2,241.218964211788,-42.5450970387437,0,166.725722286586,1,0,0
5.758,49.9995470668715,400,0,166.725722286586,74.4932103181822,0,241.2,0,241.2,241.218932604768,-42.5452603668835,0,166.725722286586,1,0,0
5.759,49.99954782176,400,0,166.725722286586,74.4931787638408,0,241.2,0,241.2,241.218901050426,-42.5454234228098,0,166.725722286586,1,0,0
5.76,49.9995485753904,400,0,166.725722286586,74.49314726209,0,241.2,0,241.2,241.218869548676,-42.5455862069761,0,166.725722286586,1,0,0
5.761,49.9995493277648,400,0,166.725722286586,74.4931158128422,0,241.2,0,241.2,241.218838099428,-42.5457487198356,0,166.725722286586,1,0,0
5.762,49.9995500788852,400,0,166.725722286586,74.4930844160097,0,241.2,0,241.2,241.218806702595,-42.5459109618403,0,166.725722286586,1,0,0
5.763,49.9995508287537,400,0,166.725722286586,74.4930530715054,0,241.2,0,241.2,241.218775358091,-42.5460729334416,0,166.725722286586,1,0,0
5.764,49.9995515773725,400,0,166.725722286586,74.4930217792418,0,241.2,0,241.2,241.218744065827,-42.5462346350903,0,166.725722286586,1,0,0
5.765,49.9995523247435,400,0,166.725722286586,74.492990539132,0,241.2,0,241.2,241.218712825718,-42.5463960672362,0,166.725722286586,1,0,0
5.766,49.9995530708689,400,0,166.725722286586,74.4929593510891,0,241.2,0,241.2,241.218681637675,-42.5465572303285,0,166.725722286586,1,0,0
5.767,49.9995538157508,400,0,166.725722286586,74.4929282150262,0,241.2,0,241.2,241.218650501612,-42.5467181248157,0,166.725722286586,1,0,0
5.768,49.9995545593912,400,0,166.725722286586,74.4928971308568,0,241.2,0,241.2,241.218619417442,-42.5468787511454,0,166.725722286586,1,0,0
5.769,49.9995553017922,400,0,166.725722286586,74.4928660984943,0,241.2,0,241.2,241.21858838508,-42.5470391097646,0,166.725722286586,1,0,0
5.77,49.9995560429559,400,0,166.725722286586,74.4928351178524,0,241.2,0,241.2,241.218557404438,-42.5471992011194,0,166.725722286586,1,0,0
5.771,49.9995567828843,400,0,166.725722286586,74.492804188845,0,241.2,0,241.2,241.218526475431,-42.5473590256552,0,166.725722286586,1,0,0
5.772,49.9995575215795,400,0,166.725722286586,74.4927733113858,0,241.2,0,241.2,241.218495597971,-42.5475185838169,0,166.725722286586,1,0,0
5.773,49.9995582590436,400,0,166.725722286586,74.4927424853891,0,241.2,0,241.2,241.218464771975,-42.5476778760482,0,166.725722286586,1,0,0
5.774,49.9995589952785,400,0,166.725722286586,74.4927117107691,0,241.2,0,241.2,241.218433997355,-42.5478369027926,0,166.725722286586,1,0,0
5.775,49.9995597302864,400,0,166.725722286586,74.49268098744,0,241.2,0,241.2,241.218403274026,-42.5479956644923,0,166.725722286586,1,0,0
5.776,49.9995604640692,400,0,166.725722286586,74.4926503153166,0,241.2,0,241.2,241.218372601902,-42.5481541615892,0,166.725722286586,1,0,0
5.777,49.9995611966291,400,0,166.725722286586,74.4926196943133,0,241.2,0,241.2,241.218341980899,-42.5483123945243,0,166.725722286586,1,0,0
5.778,49.999561927968,400,0,166.725722286586,74.4925891243451,0,241.2,0,241.2,241.218311410931,-42.5484703637378,0,166.725722286586,1,0,0
5.779,49.9995626580881,400,0,166.725722286586,74.4925586053268,0,241.2,0,241.2,241.218280891912,-42.5486280696693,0,166.725722286586,1,0,0
5.78,49.9995633869913,400,0,166.725722286586,74.4925281371736,0,241.2,0,241.2,241.218250423759,-42.5487855127576,0,166.725722286586,1,0,0
5.781,49.9995641146796,400,0,166.725722286586,74.4924977198006,0,241.2,0,241.2,241.218220006386,-42.5489426934408,0,166.725722286586,1,0,0
5.782,49.9995648411552,400,0,166.725722286586,74.4924673531233,0,241.2,0,241.2,241.218189639709,-42.5490996121561,0,166.725722286586,1,0,0
5.783,49.9995655664199,400,0,166.725722286586,74.492437037057,0,241.2,0,241.2,241.218159323643,-42.5492562693402,0,166.725722286586,1,0,0
5.784,49.9995662904759,400,0,166.725722286586,74.4924067715176,0,241.2,0,241.2,241.218129058103,-42.5494126654291,0,166.725722286586,1,0,0
5.785,49.9995670133251,400,0,166.725722286586,74.4923765564208,0,241.2,0,241.2,241.218098843006,-42.5495688008577,0,166.725722286586,1,0,0
5.786,49.9995677349695,400,0,166.725722286586,74.4923463916824,0,241.2,0,241.2,241.218068678268,-42.5497246760607,0,166.725722286586,1,0,0
5.787,49.9995684554113,400,0,166.725722286586,74.4923162772185,0,241.2,0,241.2,241.218038563804,-42.5498802914717,0,166.725722286586,1,0,0
5.788,49.9995691746522,400,0,166.725722286586,74.4922862129455,0,241.2,0,241.2,241.218008499531,-42.5500356475236,0,166.725722286586,1,0,0
5.789,49.9995698926945,400,0,166.725722286586,74.4922561987796,0,241.2,0,241.2,241.217978485365,-42.5501907446488,0,166.725722286586,1,0,0
5.79,49.99957060954,400,0,166.725722286586,74.4922262346373,0,241.2,0,241.2,241.217948521223,-42.5503455832788,0,166.725722286586,1,0,0
5.791,49.9995713251908,400,0,166.725722286586,74.4921963204352,0,241.2,0,241.2,241.217918607021,-42.5505001638444,0,166.725722286586,1,0,0
5.792,49.9995720396488,400,0,166.725722286586,74.4921664560902,0,241.2,0,241.2,241.217888742676,-42.5506544867757,0,166.725722286586,1,0,0
5.793,49.999572752916,400,0,166.725722286586,74.4921366415191,0,241.2,0,241.2,241.217858928105,-42.5508085525022,0,166.725722286586,1,0,0
5.794,49.9995734649945,400,0,166.725722286586,74.4921068766389,0,241.2,0,241.2,241.217829163224,-42.5509623614524,0,166.725722286586,1,0,0
5.795,49.9995741758862,400,0,166.725722286586,74.4920771613668,0,241.2,0,241.2,241.217799447952,-42.5511159140544,0,166.725722286586,1,0,0
5.796,49.999574885593,400,0,166.725722286586,74.4920474956202,0,241.2,0,241.2,241.217769782206,-42.5512692107354,0,166.725722286586,1,0,0
5.797,49.999575594117,400,0,166.725722286586,74.4920178793165,0,241.2,0,241.2,241.217740165902,-42.5514222519219,0,166.725722286586,1,0,0
5.798,49.9995763014602,400,0,166.725722286586,74.4919883123733,0,241.2,0,241.2,241.217710598959,-42.5515750380398,0,166.725722286586,1,0,0
5.799,49.9995770076244,400,0,166.725722286586,74.4919587947084,0,241.2,0,241.2,241.217681081294,-42.5517275695141,0,166.725722286586,1,0,0
5.8,49.9995777126117,400,0,166.725722286586,74.4919293262395,0,241.2,0,241.2,241.217651612825,-42.5518798467693,0,166.725722286586,1,0,0
5.801,49.999578416424,400,0,166.725722286586,74.4918999068848,0,241.2,0,241.2,241.21762219347,-42.5520318702291,0,166.725722286586,1,0,0
5.802,49.9995791190633,400,0,166.725722286586,74.4918705365624,0,241.2,0,241.2,241.217592823148,-42.5521836403164,0,166.725722286586,1,0,0
5.803,49.9995798205315,400,0,166.725722286586,74.4918412151905,0,241.2,0,241.2,241.217563501776,-42.5523351574537,0,166.725722286586,1,0,0
5.804,49.9995805208306,400,0,166.725722286586,74.4918119426875,0,241.2,0,241.2,241.217534229273,-42.5524864220623,0,166.725722286586,1,0,0
5.805,49.9995812199626,400,0,166.725722286586,74.4917827189721,0,241.2,0,241.2,241.217505005558,-42.5526374345633,0,166.725722286586,1,0,0
5.806,49.9995819179293,400,0,166.725722286586,74.4917535439628,0,241.2,0,241.2,241.217475830548,-42.5527881953767,0,166.725722286586,1,0,0
5.807,49.9995826147328,400,0,166.725722286586,74.4917244175786,0,241.2,0,241.2,241.217446704164,-42.5529387049222,0,166.725722286586,1,0,0
5.808,49.9995833103749,400,0,166.725722286586,74.4916953397384,0,241.2,0,241.2,241.217417626324,-42.5530889636184,0,166.725722286586,1,0,0
5.809,49.9995840048576,400,0,166.725722286586,74.4916663103612,0,241.2,0,241.2,241.217388596947,-42.5532389718834,0,166.725722286586,1,0,0
5.81,49.9995846981828,400,0,166.725722286586,74.4916373293663,0,241.2,0,241.2,241.217359615952,-42.5533887301347,0,166.725722286586,1,0,0
5.811,49.9995853903525,400,0,166.725722286586,74.4916083966731,0,241.2,0,241.2,241.217330683259,-42.5535382387889,0,166.725722286586,1,0,0
5.812,49.9995860813686,400,0,166.725722286586,74.491579512201,0,241.2,0,241.2,241.217301798787,-42.553687498262,0,166.725722286586,1,0,0
5.813,49.999586771233,400,0,166.725722286586,74.4915506758698,0,241.2,0,241.2,241.217272962455,-42.5538365089692,0,166.725722286586,1,0,0
5.814,49.9995874599476,400,0,166.725722286586,74.4915218875991,0,241.2,0,241.2,241.217244174185,-42.5539852713254,0,166.725722286586,1,0,0
5.815,49.9995881475144,400,0,166.725722286586,74.4914931473088,0,241.2,0,241.2,241.217215433894,-42.5541337857442,0,166.725722286586,1,0,0
5.816,49.9995888339352,400,0,166.725722286586,74.4914644549191,0,241.2,0,241.2,241.217186741505,-42.5542820526391,0,166.725722286586,1,0,0
5.817,49.9995895192119,400,0,166.725722286586,74.4914358103499,0,241.2,0,241.2,241.217158096936,-42.5544300724224,0,166.725722286586,1,0,0
5.818,49.9995902033466,400,0,166.725722286586,74.4914072135217,0,241.2,0,241.2,241.217129500107,-42.5545778455061,0,166.725722286586,1,0,0
5.819,49.999590886341,400,0,166.725722286586,74.4913786643549,0,241.2,0,241.2,241.217100950941,-42.5547253723013,0,166.725722286586,1,0,0
5.82,49.9995915681971,400,0,166.725722286586,74.49135016277,0,241.2,0,241.2,241.217072449356,-42.5548726532186,0,166.725722286586,1,0,0
5.821,49.9995922489168,400,0,166.725722286586,74.4913217086878,0,241.2,0,241.2,241.217043995273,-42.5550196886676,0,166.725722286586,1,0,0
5.822,49.9995929285019,400,0,166.725722286586,74.491293302029,0,241.2,0,241.2,241.217015588615,-42.5551664790576,0,166.725722286586,1,0,0
5.823,49.9995936069544,400,0,166.725722286586,74.4912649427146,0,241.2,0,241.2,241.2169872293,-42.5553130247969,0,166.725722286586,1,0,0
5.824,49.9995942842762,400,0,166.725722286586,74.4912366306657,0,241.2,0,241.2,241.216958917251,-42.5554593262933,0,166.725722286586,1,0,0
5.825,49.999594960469,400,0,166.725722286586,74.4912083658036,0,241.2,0,241.2,241.216930652389,-42.5556053839539,0,166.725722286586,1,0,0
5.826,49.9995956355349,400,0,166.725722286586,74.4911801480496,0,241.2,0,241.2,241.216902434635,-42.555751198185,0,166.725722286586,1,0,0
5.827,49.9995963094757,400,0,166.725722286586,74.4911519773252,0,241.2,0,241.2,241.216874263911,-42.5558967693925,0,166.725722286586,1,0,0
5.828,49.9995969822932,400,0,166.725722286586,74.491123853552,0,241.2,0,241.2,241.216846140138,-42.5560420979812,0,166.725722286586,1,0,0
5.829,49.9995976539894,400,0,166.725722286586,74.4910957766518,0,241.2,0,241.2,241.216818063237,-42.5561871843556,0,166.725722286586,1,0,0
5.83,49.9995983245661,400,0,166.725722286586,74.4910677465463,0,241.2,0,241.2,241.216790033132,-42.5563320289194,0,166.725722286586,1,0,0
5.831,49.9995989940252,400,0,166.725722286586,74.4910397631578,0,241.2,0,241.2,241.216762049743,-42.5564766320756,0,166.725722286586,1,0,0
5.832,49.9995996623684,400,0,166.725722286586,74.4910118264082,0,241.2,0,241.2,241.216734112994,-42.5566209942266,0,166.725722286586,1,0,0
5.833,49.9996003295978,400,0,166.725722286586,74.4909839362199,0,241.2,0,241.2,241.216706222805,-42.5567651157739,0,166.725722286586,1,0,0
5.834,49.9996009957152,400,0,166.725722286586,74.4909560925152,0,241.2,0,241.2,241.216678379101,-42.5569089971187,0,166.725722286586,1,0,0
5.835,49.9996016607223,400,0,166.725722286586,74.4909282952167,0,241.2,0,241.2,241.216650581802,-42.5570526386613,0,166.725722286586,1,0,0
5.836,49.9996023246211,400,0,166.725722286586,74.490900544247,0,241.2,0,241.2,241.216622830833,-42.5571960408012,0,166.725722286586,1,0,0
5.837,49.9996029874134,400,0,166.725722286586,74.4908728395289,0,241.2,0,241.2,241.216595126115,-42.5573392039376,0,166.725722286586,1,0,0
5.838,49.999603649101,400,0,166.725722286586,74.4908451809854,0,241.2,0,241.2,241.216567467571,-42.5574821284688,0,166.725722286586,1,0,0
5.839,49.9996043096859,400,0,166.725722286586,74.4908175685395,0,241.2,0,241.2,241.216539855125,-42.5576248147924,0,166.725722286586,1,0,0
5.84,49.9996049691697,400,0,166.725722286586,74.4907900021143,0,241.2,0,241.2,241.2165122887,-42.5577672633055,0,166.725722286586,1,0,0
5.841,49.9996056275545,400,0,166.725722286586,74.4907624816331,0,241.2,0,241.2,241.216484768219,-42.5579094744044,0,166.725722286586,1,0,0
5.842,49.9996062848419,400,0,166.725722286586,74.4907350070194,0,241.2,0,241.2,241.216457293605,-42.5580514484848,0,166.725722286586,1,0,0
5.843,49.9996069410338,400,0,166.725722286586,74.4907075781968,0,241.2,0,241.2,241.216429864782,-42.5581931859417,0,166.725722286586,1,0,0
5.844,49.9996075961321,400,0,166.725722286586,74.4906801950888,0,241.2,0,241.2,241.216402481674,-42.5583346871696,0,166.725722286586,1,0,0
5.845,49.9996082501385,400,0,166.725722286586,74.4906528576194,0,241.2,0,241.2,241.216375144205,-42.558475952562,0,166.725722286586,1,0,0
5.846,49.9996089030549,400,0,166.725722286586,74.4906255657124,0,241.2,0,241.2,241.216347852298,-42.5586169825122,0,166.725722286586,1,0,0
5.847,49.9996095548832,400,0,166.725722286586,74.4905983192919,0,241.2,0,241.2,241.216320605878,-42.5587577774124,0,166.725722286586,1,0,0
5.848,49.9996102056251,400,0,166.725722286586,74.4905711182821,0,241.2,0,241.2,241.216293404868,-42.5588983376544,0,166.725722286586,1,0,0
5.849,49.9996108552823,400,0,166.725722286586,74.4905439626074,0,241.2,0,241.2,241.216266249193,-42.5590386636294,0,166.725722286586,1,0,0
5.85,49.9996115038569,400,0,166.725722286586,74.4905168521921,0,241.2,0,241.2,241.216239138778,-42.5591787557278,0,166.725722286586,1,0,0
5.851,49.9996121513504,400,0,166.725722286586,74.4904897869608,0,241.2,0,241.2,241.216212073546,-42.5593186143393,0,166.725722286586,1,0,0
5.852,49.9996127977649,400,0,166.725722286586,74.4904627668383,0,241.2,0,241.2,241.216185053424,-42.5594582398531,0,166.725722286586,1,0,0
5.853,49.9996134431019,400,0,166.725722286586,74.4904357917493,0,241.2,0,241.2,241.216158078335,-42.5595976326578,0,166.725722286586,1,0,0
5.854,49.9996140873634,400,0,166.725722286586,74.4904088616188,0,241.2,0,241.2,241.216131148204,-42.5597367931411,0,166.725722286586,1,0,0
5.855,49.9996147305511,400,0,166.725722286586,74.4903819763718,0,241.2,0,241.2,241.216104262957,-42.5598757216903,0,166.725722286586,1,0,0
5.856,49.9996153726669,400,0,166.725722286586,74.4903551359336,0,241.2,0,241.2,241.216077422519,-42.5600144186919,0,166.725722286586,1,0,0
5.857,49.9996160137124,400,0,166.725722286586,74.4903283402294,0,241.2,0,241.2,241.216050626815,-42.5601528845318,0,166.725722286586,1,0,0
5.858,49.9996166536896,400,0,166.725722286586,74.4903015891848,0,241.2,0,241.2,241.21602387577,-42.5602911195953,0,166.725722286586,1,0,0
5.859,49.9996172926001,400,0,166.725722286586,74.4902748827252,0,241.2,0,241.2,241.215997169311,-42.5604291242671,0,166.725722286586,1,0,0
5.86,49.9996179304458,400,0,166.725722286586,74.4902482207765,0,241.2,0,241.2,241.215970507362,-42.560566898931,0,166.725722286586,1,0,0
5.861,49.9996185672284,400,0,166.725722286586,74.4902216032642,0,241.2,0,241.2,241.21594388985,-42.5607044439705,0,166.725722286586,1,0,0
5.862,49.9996192029496,400,0,166.725722286586,74.4901950301146,0,241.2,0,241.2,241.2159173167,-42.5608417597683,0,166.725722286586,1,0,0
5.863,49.9996198376114,400,0,166.725722286586,74.4901685012535,0,241.2,0,241.2,241.215890787839,-42.5609788467065,0,166.725722286586,1,0,0
5.864,49.9996204712154,400,0,166.725722286586,74.4901420166072,0,241.2,0,241.2,241.215864303193,-42.5611157051664,0,166.725722286586,1,0,0
5.865,49.9996211037633,400,0,166.725722286586,74.4901155761019,0,241.2,0,241.2,241.215837862688,-42.5612523355288,0,166.725722286586,1,0,0
5.866,49.9996217352571,400,0,166.725722286586,74.4900891796642,0,241.2,0,241.2,241.21581146625,-42.561388738174,0,166.725722286586,1,0,0
5.867,49.9996223656983,400,0,166.725722286586,74.4900628272205,0,241.2,0,241.2,241.215785113806,-42.5615249134815,0,166.725722286586,1,0,0
5.868,49.9996229950888,400,0,166.725722286586,74.4900365186976,0,241.2,0,241.2,241.215758805283,-42.5616608618301,0,166.725722286586,1,0,0
5.869,49.9996236234303,400,0,166.725722286586,74.4900102540222,0,241.2,0,241.2,241.215732540608,-42.5617965835981,0,166.725722286586,1,0,0
5.87,49.9996242507246,400,0,166.725722286586,74.4899840331212,0,241.2,0,241.2,241.215706319707,-42.5619320791632,0,166.725722286586,1,0,0
5.871,49.9996248769734,400,0,166.725722286586,74.4899578559218,0,241.2,0,241.2,241.215680142507,-42.5620673489023,0,166.725722286586,1,0,0
5.872,49.9996255021785,400,0,166.725722286586,74.489931722351,0,241.2,0,241.2,241.215654008937,-42.5622023931919,0,166.725722286586,1,0,0
5.873,49.9996261263415,400,0,166.725722286586,74.4899056323362,0,241.2,0,241.2,241.215627918922,-42.5623372124077,0,166.725722286586,1,0,0
5.874,49.9996267494643,400,0,166.725722286586,74.4898795858047,0,241.2,0,241.2,241.21560187239,-42.5624718069247,0,166.725722286586,1,0,0
5.875,49.9996273715485,400,0,166.725722286586,74.4898535826841,0,241.2,0,241.2,241.21557586927,-42.5626061771176,0,166.725722286586,1,0,0
5.876,49.9996279925959,400,0,166.725722286586,74.489827622902,0,241.2,0,241.2,241.215549909488,-42.5627403233601,0,166.725722286586,1,0,0
5.877,49.9996286126082,400,0,166.725722286586,74.4898017063862,0,241.2,0,241.2,241.215523992972,-42.5628742460256,0,166.725722286586,1,0,0
5.878,49.9996292315872,400,0,166.725722286586,74.4897758330646,0,241.2,0,241.2,241.21549811965,-42.5630079454867,0,166.725722286586,1,0,0
5.879,49.9996298495346,400,0,166.725722286586,74.4897500028652,0,241.2,0,241.2,241.215472289451,-42.5631414221152,0,166.725722286586,1,0,0
5.88,49.999630466452,400,0,166.725722286586,74.4897242157161,0,241.2,0,241.2,241.215446502302,-42.5632746762828,0,166.725722286586,1,0,0
5.881,49.9996310823413,400,0,166.725722286586,74.4896984715457,0,241.2,0,241.2,241.215420758131,-42.5634077083601,0,166.725722286586,1,0,0
5.882,49.999631697204,400,0,166.725722286586,74.4896727702821,0,241.2,0,241.2,241.215395056868,-42.5635405187172,0,166.725722286586,1,0,0
5.883,49.999632311042,400,0,166.725722286586,74.489647111854,0,241.2,0,241.2,241.21536939844,-42.5636731077238,0,166.725722286586,1,0,0
5.884,49.999632923857,400,0,166.725722286586,74.48962149619,0,241.2,0,241.2,241.215343782776,-42.5638054757486,0,166.725722286586,1,0,0
5.885,49.9996335356505,400,0,166.725722286586,74.4895959232188,0,241.2,0,241.2,241.215318209804,-42.5639376231601,0,166.725722286586,1,0,0
5.886,49.9996341464244,400,0,166.725722286586,74.4895703928691,0,241.2,0,241.2,241.215292679455,-42.5640695503259,0,166.725722286586,1,0,0
5.887,49.9996347561804,400,0,166.725722286586,74.48954490507,0,241.2,0,241.2,241.215267191656,-42.5642012576131,0,166.725722286586,1,0,0
5.888,49.9996353649201,400,0,166.725722286586,74.4895194597507,0,241.2,0,241.2,241.215241746336,-42.5643327453882,0,166.725722286586,1,0,0
5.889,49.9996359726452,400,0,166.725722286586,74.4894940568401,0,241.2,0,241.2,241.215216343426,-42.5644640140169,0,166.725722286586,1,0,0
5.89,49.9996365793575,400,0,166.725722286586,74.4894686962678,0,241.2,0,241.2,241.215190982853,-42.5645950638647,0,166.725722286586,1,0,0
5.891,49.9996371850586,400,0,166.725722286586,74.4894433779631,0,241.2,0,241.2,241.215165664549,-42.564725895296,0,166.725722286586,1,0,0
5.892,49.9996377897501,400,0,166.725722286586,74.4894181018556,0,241.2,0,241.2,241.215140388441,-42.5648565086749,0,166.725722286586,1,0,0
5.893,49.9996383934339,400,0,166.725722286586,74.4893928678749,0,241.2,0,241.2,241.21511515446,-42.5649869043648,0,166.725722286586,1,0,0
5.894,49.9996389961115,400,0,166.725722286586,74.4893676759508,0,241.2,0,241.2,241.215089962536,-42.5651170827286,0,166.725722286586,1,0,0
5.895,49.9996395977846,400,0,166.725722286586,74.4893425260133,0,241.2,0,241.2,241.215064812599,-42.5652470441285,0,166.725722286586,1,0,0
5.896,49.999640198455,400,0,166.725722286586,74.4893174179923,0,241.2,0,241.2,241.215039704578,-42.565376788926,0,166.725722286586,1,0,0
5.897,49.9996407981242,400,0,166.725722286586,74.489292351818,0,241.2,0,241.2,241.215014638404,-42.5655063174822,0,166.725722286586,1,0,0
5.898,49.999641396794,400,0,166.725722286586,74.4892673274207,0,241.2,0,241.2,241.214989614006,-42.5656356301575,0,166.725722286586,1,0,0
5.899,49.9996419944661,400,0,166.725722286586,74.4892423447307,0,241.2,0,241.2,241.214964631316,-42.5657647273116,0,166.725722286586,1,0,0
5.9,49.9996425911419,400,0,166.725722286586,74.4892174036785,0,241.2,0,241.2,241.214939690264,-42.5658936093039,0,166.725722286586,1,0,0
5.901,49.9996431868234,400,0,166.725722286586,74.4891925041947,0,241.2,0,241.2,241.21491479078,-42.5660222764928,0,166.725722286586,1,0,0
5.902,49.999643781512,400,0,166.725722286586,74.4891676462101,0,241.2,0,241.2,241.214889932796,-42.5661507292363,0,166.725722286586,1,0,0
5.903,49.9996443752095,400,0,166.725722286586,74.4891428296554,0,241.2,0,241.2,241.214865116241,-42.566278967892,0,166.725722286586,1,0,0
5.904,49.9996449679175,400,0,166.725722286586,74.4891180544617,0,241.2,0,241.2,241.214840341047,-42.5664069928166,0,166.725722286586,1,0,0
5.905,49.9996455596376,400,0,166.725722286586,74.4890933205599,0,241.2,0,241.2,241.214815607146,-42.5665348043663,0,166.725722286586,1,0,0
5.906,49.9996461503715,400,0,166.725722286586,74.4890686278814,0,241.2,0,241.2,241.214790914467,-42.5666624028968,0,166.725722286586,1,0,0
5.907,49.9996467401209,400,0,166.725722286586,74.4890439763573,0,241.2,0,241.2,241.214766262943,-42.566789788763,0,166.725722286586,1,0,0
5.908,49.9996473288874,400,0,166.725722286586,74.489019365919,0,241.2,0,241.2,241.214741652505,-42.5669169623195,0,166.725722286586,1,0,0
5.909,49.9996479166726,400,0,166.725722286586,74.4889947964981,0,241.2,0,241.2,241.214717083084,-42.56704392392,0,166.725722286586,1,0,0
5.91,49.9996485034781,400,0,166.725722286586,74.4889702680263,0,241.2,0,241.2,241.214692554612,-42.5671706739179,0,166.725722286586,1,0,0
5.911,49.9996490893057,400,0,166.725722286586,74.4889457804352,0,241.2,0,241.2,241.214668067021,-42.5672972126658,0,166.725722286586,1,0,0
5.912,49.9996496741568,400,0,166.725722286586,74.4889213336568,0,241.2,0,241.2,241.214643620242,-42.5674235405158,0,166.725722286586,1,0,0
5.913,49.9996502580332,400,0,166.725722286586,74.488896927623,0,241.2,0,241.2,241.214619214209,-42.5675496578193,0,166.725722286586,1,0,0
5.914,49.9996508409365,400,0,166.725722286586,74.4888725622659,0,241.2,0,241.2,241.214594848852,-42.5676755649273,0,166.725722286586,1,0,0
5.915,49.9996514228683,400,0,166.725722286586,74.4888482375178,0,241.2,0,241.2,241.214570524103,-42.5678012621902,0,166.725722286586,1,0,0
5.916,49.9996520038302,400,0,166.725722286586,74.4888239533109,0,241.2,0,241.2,241.214546239897,-42.5679267499576,0,166.725722286586,1,0,0
5.917,49.9996525838238,400,0,166.725722286586,74.4887997095777,0,241.2,0,241.2,241.214521996163,-42.5680520285788,0,166.725722286586,1,0,0
5.918,49.9996531628507,400,0,166.725722286586,74.4887755062507,0,241.2,0,241.2,241.214497792836,-42.5681770984022,0,166.725722286586,1,0,0
5.919,49.9996537409127,400,0,166.725722286586,74.4887513432626,0,241.2,0,241.2,241.214473629848,-42.5683019597759,0,166.725722286586,1,0,0
5.92,49.9996543180111,400,0,166.725722286586,74.4887272205462,0,241.2,0,241.2,241.214449507132,-42.5684266130474,0,166.725722286586,1,0,0
5.921,49.9996548941478,400,0,166.725722286586,74.4887031380343,0,241.2,0,241.2,241.21442542462,-42.5685510585634,0,166.725722286586,1,0,0
5.922,49.9996554693242,400,0,166.725722286586,74.4886790956599,0,241.2,0,241.2,241.214401382245,-42.5686752966702,0,166.725722286586,1,0,0
5.923,49.999656043542,400,0,166.725722286586,74.4886550933561,0,241.2,0,241.2,241.214377379942,-42.5687993277135,0,166.725722286586,1,0,0
5.924,49.9996566168028,400,0,166.725722286586,74.4886311310561,0,241.2,0,241.2,241.214353417642,-42.5689231520383,0,166.725722286586,1,0,0
5.925,49.9996571891081,400,0,166.725722286586,74.4886072086934,0,241.2,0,241.2,241.214329495279,-42.5690467699893,0,166.725722286586,1,0,0
5.926,49.9996577604596,400,0,166.725722286586,74.4885833262012,0,241.2,0,241.2,241.214305612787,-42.5691701819104,0,166.725722286586,1,0,0
5.927,49.9996583308588,400,0,166.725722286586,74.4885594835131,0,241.2,0,241.2,241.214281770099,-42.569293388145,0,166.725722286586,1,0,0
5.928,49.9996589003074,400,0,166.725722286586,74.4885356805629,0,241.2,0,241.2,241.214257967149,-42.5694163890358,0,166.725722286586,1,0,0
5.929,49.9996594688069,400,0,166.725722286586,74.4885119172843,0,241.2,0,241.2,241.21423420387,-42.5695391849252,0,166.725722286586,1,0,0
5.93,49.9996600363589,400,0,166.725722286586,74.4884881936111,0,241.2,0,241.2,241.214210480197,-42.5696617761547,0,166.725722286586,1,0,0
5.931,49.9996606029649,400,0,166.725722286586,74.4884645094774,0,241.2,0,241.2,241.214186796063,-42.5697841630655,0,166.725722286586,1,0,0
5.932,49.9996611686266,400,0,166.725722286586,74.4884408648173,0,241.2,0,241.2,241.214163151403,-42.5699063459981,0,166.725722286586,1,0,0
5.933,49.9996617333456,400,0,166.725722286586,74.4884172595649,0,241.2,0,241.2,241.214139546151,-42.5700283252925,0,166.725722286586,1,0,0
5.934,49.9996622971234,400,0,166.725722286586,74.4883936936547,0,241.2,0,241.2,241.21411598024,-42.5701501012881,0,166.725722286586,1,0,0
5.935,49.9996628599615,400,0,166.725722286586,74.4883701670209,0,241.2,0,241.2,241.214092453607,-42.5702716743237,0,166.725722286586,1,0,0
5.936,49.9996634218615,400,0,166.725722286586,74.4883466795983,0,241.2,0,241.2,241.214068966184,-42.5703930447376,0,166.725722286586,1,0,0
5.937,49.9996639828251,400,0,166.725722286586,74.4883232313213,0,241.2,0,241.2,241.214045517907,-42.5705142128674,0,166.725722286586,1,0,0
5.938,49.9996645428537,400,0,166.725722286586,74.4882998221248,0,241.2,0,241.2,241.21402210871,-42.5706351790504,0,166.725722286586,1,0,0
5.939,49.999665101949,400,0,166.725722286586,74.4882764519436,0,241.2,0,241.2,241.213998738529,-42.570755943623,0,166.725722286586,1,0,0
5.94,49.9996656601124,400,0,166.725722286586,74.4882531207127,0,241.2,0,241.2,241.213975407298,-42.5708765069214,0,166.725722286586,1,0,0
5.941,49.9996662173455,400,0,166.725722286586,74.4882298283672,0,241.2,0,241.2,241.213952114953,-42.5709968692809,0,166.725722286586,1,0,0
5.942,49.99966677365,400,0,166.725722286586,74.4882065748423,0,241.2,0,241.2,241.213928861428,-42.5711170310366,0,166.725722286586,1,0,0
5.943,49.9996673290272,400,0,166.725722286586,74.4881833600733,0,241.2,0,241.2,241.213905646659,-42.5712369925226,0,166.725722286586,1,0,0
5.944,49.9996678834788,400,0,166.725722286586,74.4881601839955,0,241.2,0,241.2,241.213882470581,-42.5713567540728,0,166.725722286586,1,0,0
5.945,49.9996684370064,400,0,166.725722286586,74.4881370465446,0,241.2,0,241.2,241.21385933313,-42.5714763160204,0,166.725722286586,1,0,0
5.946,49.9996689896114,400,0,166.725722286586,74.488113947656,0,241.2,0,241.2,241.213836234242,-42.5715956786981,0,166.725722286586,1,0,0
5.947,49.9996695412953,400,0,166.725722286586,74.4880908872657,0,241.2,0,241.2,241.213813173851,-42.571714842438,0,166.725722286586,1,0,0
5.948,49.9996700920598,400,0,166.725722286586,74.4880678653093,0,241.2,0,241.2,241.213790151895,-42.5718338075717,0,166.725722286586,1,0,0
5.949,49.9996706419064,400,0,166.725722286586,74.4880448817228,0,241.2,0,241.2,241.213767168308,-42.5719525744301,0,166.725722286586,1,0,0
5.95,49.9996711908366,400,0,166.725722286586,74.4880219364424,0,241.2,0,241.2,241.213744223028,-42.5720711433438,0,166.725722286586,1,0,0
5.951,49.9996717388518,400,0,166.725722286586,74.487999029404,0,241.2,0,241.2,241.21372131599,-42.5721895146427,0,166.725722286586,1,0,0
5.952,49.9996722859537,400,0,166.725722286586,74.4879761605441,0,241.2,0,241.2,241.21369844713,-42.572307688656,0,166.725722286586,1,0,0
5.953,49.9996728321438,400,0,166.725722286586,74.4879533297989,0,241.2,0,241.2,241.213675616385,-42.5724256657127,0,166.725722286586,1,0,0
5.954,49.9996733774236,400,0,166.725722286586,74.487930537105,0,241.2,0,241.2,241.213652823691,-42.5725434461409,0,166.725722286586,1,0,0
5.955,49.9996739217946,400,0,166.725722286586,74.4879077823989,0,241.2,0,241.2,241.213630068984,-42.5726610302684,0,166.725722286586,1,0,0
5.956,49.9996744652582,400,0,166.725722286586,74.4878850656172,0,241.2,0,241.2,241.213607352203,-42.5727784184223,0,166.725722286586,1,0,0
5.957,49.9996750078161,400,0,166.725722286586,74.4878623866969,0,241.2,0,241.2,241.213584673283,-42.5728956109294,0,166.725722286586,1,0,0
5.958,49.9996755494698,400,0,166.725722286586,74.4878397455748,0,241.2,0,241.2,241.21356203216,-42.5730126081156,0,166.725722286586,1,0,0
5.959,49.9996760902207,400,0,166.725722286586,74.4878171421878,0,241.2,0,241.2,241.213539428773,-42.5731294103065,0,166.725722286586,1,0,0
5.96,49.9996766300703,400,0,166.725722286586,74.4877945764732,0,241.2,0,241.2,241.213516863059,-42.573246017827,0,166.725722286586,1,0,0
5.961,49.9996771690202,400,0,166.725722286586,74.4877720483681,0,241.2,0,241.2,241.213494334954,-42.5733624310017,0,166.725722286586,1,0,0
5.962,49.9996777070718,400,0,166.725722286586,74.4877495578099,0,241.2,0,241.2,241.213471844395,-42.5734786501545,0,166.725722286586,1,0,0
5.963,49.9996782442267,400,0,166.725722286586,74.4877271047359,0,241.2,0,241.2,241.213449391321,-42.5735946756086,0,166.725722286586,1,0,0
5.964,49.9996787804863,400,0,166.725722286586,74.4877046890837,0,241.2,0,241.2,241.213426975669,-42.573710507687,0,166.725722286586,1,0,0
5.965,49.9996793158522,400,0,166.725722286586,74.4876823107909,0,241.2,0,241.2,241.213404597377,-42.5738261467119,0,166.725722286586,1,0,0
5.966,49.9996798503257,400,0,166.725722286586,74.4876599697953,0,241.2,0,241.2,241.213382256381,-42.5739415930052,0,166.725722286586,1,0,0
5.967,49.9996803839085,400,0,166.725722286586,74.4876376660347,0,241.2,0,241.2,241.21335995262,-42.5740568468879,0,166.725722286586,1,0,0
5.968,49.999680916602,400,0,166.725722286586,74.487615399447,0,241.2,0,241.2,241.213337686033,-42.5741719086808,0,166.725722286586,1,0,0
5.969,49.9996814484077,400,0,166.725722286586,74.4875931699703,0,241.2,0,241.2,241.213315456556,-42.5742867787041,0,166.725722286586,1,0,0
5.97,49.999681979327,400,0,166.725722286586,74.4875709775428,0,241.2,0,241.2,241.213293264128,-42.5744014572773,0,166.725722286586,1,0,0
5.971,49.9996825093615,400,0,166.725722286586,74.4875488221026,0,241.2,0,241.2,241.213271108688,-42.5745159447196,0,166.725722286586,1,0,0
5.972,49.9996830385125,400,0,166.725722286586,74.4875267035881,0,241.2,0,241.2,241.213248990174,-42.5746302413495,0,166.725722286586,1,0,0
5.973,49.9996835667817,400,0,166.725722286586,74.4875046219379,0,241.2,0,241.2,241.213226908523,-42.574744347485,0,166.725722286586,1,0,0
5.974,49.9996840941704,400,0,166.725722286586,74.4874825770903,0,241.2,0,241.2,241.213204863676,-42.5748582634436,0,166.725722286586,1,0,0
5.975,49.9996846206801,400,0,166.725722286586,74.4874605689842,0,241.2,0,241.2,241.21318285557,-42.5749719895422,0,166.725722286586,1,0,0
5.976,49.9996851463123,400,0,166.725722286586,74.4874385975582,0,241.2,0,241.2,241.213160884144,-42.5750855260974,0,166.725722286586,1,0,0
5.977,49.9996856710684,400,0,166.725722286586,74.4874166627513,0,241.2,0,241.2,241.213138949337,-42.575198873425,0,166.725722286586,1,0,0
5.978,49.99968619495,400,0,166.725722286586,74.4873947645024,0,241.2,0,241.2,241.213117051088,-42.5753120318403,0,166.725722286586,1,0,0
5.979,49.9996867179584,400,0,166.725722286586,74.4873729027505,0,241.2,0,241.2,241.213095189336,-42.5754250016584,0,166.725722286586,1,0,0
5.98,49.9996872400951,400,0,166.725722286586,74.487351077435,0,241.2,0,241.2,241.213073364021,-42.5755377831933,0,166.725722286586,1,0,0
5.981,49.9996877613616,400,0,166.725722286586,74.4873292884949,0,241.2,0,241.2,241.21305157508,-42.5756503767591,0,166.725722286586,1,0,0
5.982,49.9996882817594,400,0,166.725722286586,74.4873075358697,0,241.2,0,241.2,241.213029822455,-42.5757627826689,0,166.725722286586,1,0,0
5.983,49.9996888012898,400,0,166.725722286586,74.4872858194989,0,241.2,0,241.2,241.213008106085,-42.5758750012355,0,166.725722286586,1,0,0
5.984,49.9996893199543,400,0,166.725722286586,74.4872641393221,0,241.2,0,241.2,241.212986425908,-42.5759870327712,0,166.725722286586,1,0,0
5.985,49.9996898377544,400,0,166.725722286586,74.4872424952788,0,241.2,0,241.2,241.212964781864,-42.5760988775876,0,166.725722286586,1,0,0
5.986,49.9996903546915,400,0,166.725722286586,74.487220887309,0,241.2,0,241.2,241.212943173895,-42.5762105359961,0,166.725722286586,1,0,0
5.987,49.999690870767,400,0,166.725722286586,74.4871993153525,0,241.2,0,241.2,241.212921601938,-42.5763220083071,0,166.725722286586,1,0,0
5.988,49.9996913859824,400,0,166.725722286586,74.4871777793492,0,241.2,0,241.2,241.212900065935,-42.576433294831,0,166.725722286586,1,0,0
5.989,49.9996919003391,400,0,166.725722286586,74.4871562792393,0,241.2,0,241.2,241.212878565825,-42.5765443958774,0,166.725722286586,1,0,0
5.99,49.9996924138385,400,0,166.725722286586,74.4871348149628,0,241.2,0,241.2,241.212857101548,-42.5766553117553,0,166.725722286586,1,0,0
5.991,49.9996929264821,400,0,166.725722286586,74.4871133864602,0,241.2,0,241.2,241.212835673046,-42.5767660427735,0,166.725722286586,1,0,0
5.992,49.9996934382713,400,0,166.725722286586,74.4870919936717,0,241.2,0,241.2,241.212814280257,-42.5768765892399,0,166.725722286586,1,0,0
5.993,49.9996939492075,400,0,166.725722286586,74.4870706365379,0,241.2,0,241.2,241.212792923123,-42.5769869514622,0,166.725722286586,1,0,0
5.994,49.9996944592922,400,0,166.725722286586,74.4870493149992,0,241.2,0,241.2,241.212771601585,-42.5770971297475,0,166.725722286586,1,0,0
5.995,49.9996949685267,400,0,166.725722286586,74.4870280289965,0,241.2,0,241.2,241.212750315582,-42.5772071244024,0,166.725722286586,1,0,0
5.996,49.9996954769125,400,0,166.725722286586,74.4870067784705,0,241.2,0,241.2,241.212729065056,-42.5773169357328,0,166.725722286586,1,0,0
5.997,49.9996959844509,400,0,166.725722286586,74.486985563362,0,241.2,0,241.2,241.212707849948,-42.5774265640443,0,166.725722286586,1,0,0
5.998,49.9996964911435,400,0,166.725722286586,74.486964383612,0,241.2,0,241.2,241.212686670198,-42.5775360096419,0,166.725722286586,1,0,0
5.999,49.9996969969916,400,0,166.725722286586,74.4869432391616,0,241.2,0,241.2,241.212665525747,-42.5776452728303,0,166.725722286586,1,0,0
6,49.9996975019966,400,0,166.725722286586,74.486922129952,0,241.2,0,241.2,241.212644416538,-42.5777543539133,0,166.725722286586,1,0,0
