Time_s,Frequency_Hz,Voltage_LL_RMS_V,Grid_kW,PV_kW,BESS_kW,Diesel_kW,CriticalLoad_kW,NoncriticalLoad_kW,TotalLoad_kW,TotalGeneration_kW,PhaseError_deg,PCC_Closed,PV_Available_kW,BESS_GFM_Active,Diesel_Active,Noncritical_Connected
0,50,400,0,85.9256250560599,86.5,86.5743749439401,259,0,259,259,0,0,85.9256250560599,1,1,0
0.001,50,400,0,85.9256250560599,86.5,86.5743749439401,259,0,259,259,0,0,85.9256250560599,1,1,0
0.002,50,400,0,85.9256250560599,86.5,86.5743749439401,259,0,259,259,0,0,85.9256250560599,1,1,0
0.003,50,400,0,85.9256250560599,86.5,86.5743749439401,259,0,259,259,0,0,85.9256250560599,1,1,0
0.004,50,400,0,85.9256250560599,86.5,86.5743749439401,259,0,259,259,0,0,85.9256250560599,1,1,0
0.005,50,400,0,85.9256250560599,86.5,86.5743749439401,259,0,259,259,0,0,85.9256250560599,1,1,0
0.006,50,400,0,85.9256250560599,86.5,86.5743749439401,259,0,259,259,0,0,85.9256250560599,1,1,0
0.007,50,400,0,85.9256250560599,86.5,86.5743749439401,259,0,259,259,0,0,85.9256250560599,1,1,0
0.008,50,400,0,85.9256250560599,86.5,86.5743749439401,259,0,259,259,0,0,85.9256250560599,1,1,0
0.009,50,400,0,85.9256250560599,86.5,86.5743749439401,259,0,259,259,0,0,85.9256250560599,1,1,0
0.01,50,400,0,85.9256250560599,86.5,86.5743749439401,259,0,259,259,0,0,85.9256250560599,1,1,0
0.011,50,400,0,85.9256250560599,86.5,86.5743749439401,259,0,259,259,0,0,85.9256250560599,1,1,0
0.012,50,400,0,85.9256250560599,86.5,86.5743749439401,259,0,259,259,0,0,85.9256250560599,1,1,0
0.013,50,400,0,85.9256250560599,86.5,86.5743749439401,259,0,259,259,0,0,85.9256250560599,1,1,0
0.014,50,400,0,85.9256250560599,86.5,86.5743749439401,259,0,259,259,0,0,85.9256250560599,1,1,0
0.015,50,400,0,85.9256250560599,86.5,86.5743749439401,259,0,259,259,0,0,85.9256250560599,1,1,0
0.016,50,400,0,85.9256250560599,86.5,86.5743749439401,259,0,259,259,0,0,85.9256250560599,1,1,0
0.017,50,400,0,85.9256250560599,86.5,86.5743749439401,259,0,259,259,0,0,85.9256250560599,1,1,0
0.018,50,400,0,85.9256250560599,86.5,86.5743749439401,259,0,259,259,0,0,85.9256250560599,1,1,0
0.019,50,400,0,85.9256250560599,86.5,86.5743749439401,259,0,259,259,0,0,85.9256250560599,1,1,0
0.02,50,400,0,85.9256250560599,86.5,86.5743749439401,259,0,259,259,0,0,85.9256250560599,1,1,0
0.021,50,400,0,85.9256250560599,86.5,86.5743749439401,259,0,259,259,0,0,85.9256250560599,1,1,0
0.022,50,400,0,85.9256250560599,86.5,86.5743749439401,259,0,259,259,0,0,85.9256250560599,1,1,0
0.023,50,400,0,85.9256250560599,86.5,86.5743749439401,259,0,259,259,0,0,85.9256250560599,1,1,0
0.024,50,400,0,85.9256250560599,86.5,86.5743749439401,259,0,259,259,0,0,85.9256250560599,1,1,0
0.025,50,400,0,85.9256250560599,86.5,86.5743749439401,259,0,259,259,0,0,85.9256250560599,1,1,0
0.026,50,400,0,85.9256250560599,86.5,86.5743749439401,259,0,259,259,0,0,85.9256250560599,1,1,0
0.027,50,400,0,85.9256250560599,86.5,86.5743749439401,259,0,259,259,0,0,85.9256250560599,1,1,0
0.028,50,400,0,85.9256250560599,86.5,86.5743749439401,259,0,259,259,0,0,85.9256250560599,1,1,0
0.029,50,400,0,85.9256250560599,86.5,86.5743749439401,259,0,259,259,0,0,85.9256250560599,1,1,0
0.03,50,400,0,85.9256250560599,86.5,86.5743749439401,259,0,259,259,0,0,85.9256250560599,1,1,0
0.031,50,400,0,85.9256250560599,86.5,86.5743749439401,259,0,259,259,0,0,85.9256250560599,1,1,0
0.032,50,400,0,85.9256250560599,86.5,86.5743749439401,259,0,259,259,0,0,85.9256250560599,1,1,0
0.033,50,400,0,85.9256250560599,86.5,86.5743749439401,259,0,259,259,0,0,85.9256250560599,1,1,0
0.034,50,400,0,85.9256250560599,86.5,86.5743749439401,259,0,259,259,0,0,85.9256250560599,1,1,0
0.035,50,400,0,85.9256250560599,86.5,86.5743749439401,259,0,259,259,0,0,85.9256250560599,1,1,0
0.036,50,400,0,85.9256250560599,86.5,86.5743749439401,259,0,259,259,0,0,85.9256250560599,1,1,0
0.037,50,400,0,85.9256250560599,86.5,86.5743749439401,259,0,259,259,0,0,85.9256250560599,1,1,0
0.038,50,400,0,85.9256250560599,86.5,86.5743749439401,259,0,259,259,0,0,85.9256250560599,1,1,0
0.039,50,400,0,85.9256250560599,86.5,86.5743749439401,259,0,259,259,0,0,85.9256250560599,1,1,0
0.04,50,400,0,85.9256250560599,86.5,86.5743749439401,259,0,259,259,0,0,85.9256250560599,1,1,0
0.041,50,400,0,85.9256250560599,86.5,86.5743749439401,259,0,259,259,0,0,85.9256250560599,1,1,0
0.042,50,400,0,85.9256250560599,86.5,86.5743749439401,259,0,259,259,0,0,85.9256250560599,1,1,0
0.043,50,400,0,85.9256250560599,86.5,86.5743749439401,259,0,259,259,0,0,85.9256250560599,1,1,0
0.044,50,400,0,85.9256250560599,86.5,86.5743749439401,259,0,259,259,0,0,85.9256250560599,1,1,0
0.045,50,400,0,85.9256250560599,86.5,86.5743749439401,259,0,259,259,0,0,85.9256250560599,1,1,0
0.046,50,400,0,85.9256250560599,86.5,86.5743749439401,259,0,259,259,0,0,85.9256250560599,1,1,0
0.047,50,400,0,85.9256250560599,86.5,86.5743749439401,259,0,259,259,0,0,85.9256250560599,1,1,0
0.048,50,400,0,85.9256250560599,86.5,86.5743749439401,259,0,259,259,0,0,85.9256250560599,1,1,0
0.049,50,400,0,85.9256250560599,86.5,86.5743749439401,259,0,259,259,0,0,85.9256250560599,1,1,0
0.05,50,400,0,85.9256250560599,86.5,86.5743749439401,259,0,259,259,0,0,85.9256250560599,1,1,0
0.051,50,400,0,85.9256250560599,86.5,86.5743749439401,259,0,259,259,0,0,85.9256250560599,1,1,0
0.052,50,400,0,85.9256250560599,86.5,86.5743749439401,259,0,259,259,0,0,85.9256250560599,1,1,0
0.053,50,400,0,85.9256250560599,86.5,86.5743749439401,259,0,259,259,0,0,85.9256250560599,1,1,0
0.054,50,400,0,85.9256250560599,86.5,86.5743749439401,259,0,259,259,0,0,85.9256250560599,1,1,0
0.055,50,400,0,85.9256250560599,86.5,86.5743749439401,259,0,259,259,0,0,85.9256250560599,1,1,0
0.056,50,400,0,85.9256250560599,86.5,86.5743749439401,259,0,259,259,0,0,85.9256250560599,1,1,0
0.057,50,400,0,85.9256250560599,86.5,86.5743749439401,259,0,259,259,0,0,85.9256250560599,1,1,0
0.058,50,400,0,85.9256250560599,86.5,86.5743749439401,259,0,259,259,0,0,85.9256250560599,1,1,0
0.059,50,400,0,85.9256250560599,86.5,86.5743749439401,259,0,259,259,0,0,85.9256250560599,1,1,0
0.06,50,400,0,85.9256250560599,86.5,86.5743749439401,259,0,259,259,0,0,85.9256250560599,1,1,0
0.061,50,400,0,85.9256250560599,86.5,86.5743749439401,259,0,259,259,0,0,85.9256250560599,1,1,0
0.062,50,400,0,85.9256250560599,86.5,86.5743749439401,259,0,259,259,0,0,85.9256250560599,1,1,0
0.063,50,400,0,85.9256250560599,86.5,86.5743749439401,259,0,259,259,0,0,85.9256250560599,1,1,0
0.064,50,400,0,85.9256250560599,86.5,86.5743749439401,259,0,259,259,0,0,85.9256250560599,1,1,0
0.065,50,400,0,85.9256250560599,86.5,86.5743749439401,259,0,259,259,0,0,85.9256250560599,1,1,0
0.066,50,400,0,85.9256250560599,86.5,86.5743749439401,259,0,259,259,0,0,85.9256250560599,1,1,0
0.067,50,400,0,85.9256250560599,86.5,86.5743749439401,259,0,259,259,0,0,85.9256250560599,1,1,0
0.068,50,400,0,85.9256250560599,86.5,86.5743749439401,259,0,259,259,0,0,85.9256250560599,1,1,0
0.069,50,400,0,85.9256250560599,86.5,86.5743749439401,259,0,259,259,0,0,85.9256250560599,1,1,0
0.07,50,400,0,85.9256250560599,86.5,86.5743749439401,259,0,259,259,0,0,85.9256250560599,1,1,0
0.071,50,400,0,85.9256250560599,86.5,86.5743749439401,259,0,259,259,0,0,85.9256250560599,1,1,0
0.072,50,400,0,85.9256250560599,86.5,86.5743749439401,259,0,259,259,0,0,85.9256250560599,1,1,0
0.073,50,400,0,85.9256250560599,86.5,86.5743749439401,259,0,259,259,0,0,85.9256250560599,1,1,0
0.074,50,400,0,85.9256250560599,86.5,86.5743749439401,259,0,259,259,0,0,85.9256250560599,1,1,0
0.075,50,400,0,85.9256250560599,86.5,86.5743749439401,259,0,259,259,0,0,85.9256250560599,1,1,0
0.076,50,400,0,85.9256250560599,86.5,86.5743749439401,259,0,259,259,0,0,85.9256250560599,1,1,0
0.077,50,400,0,85.9256250560599,86.5,86.5743749439401,259,0,259,259,0,0,85.9256250560599,1,1,0
0.078,50,400,0,85.9256250560599,86.5,86.5743749439401,259,0,259,259,0,0,85.9256250560599,1,1,0
0.079,50,400,0,85.9256250560599,86.5,86.5743749439401,259,0,259,259,0,0,85.9256250560599,1,1,0
0.08,50,400,0,85.9256250560599,86.5,86.5743749439401,259,0,259,259,0,0,85.9256250560599,1,1,0
0.081,50,400,0,85.9256250560599,86.5,86.5743749439401,259,0,259,259,0,0,85.9256250560599,1,1,0
0.082,50,400,0,85.9256250560599,86.5,86.5743749439401,259,0,259,259,0,0,85.9256250560599,1,1,0
0.083,50,400,0,85.9256250560599,86.5,86.5743749439401,259,0,259,259,0,0,85.9256250560599,1,1,0
0.084,50,400,0,85.9256250560599,86.5,86.5743749439401,259,0,259,259,0,0,85.9256250560599,1,1,0
0.085,50,400,0,85.9256250560599,86.5,86.5743749439401,259,0,259,259,0,0,85.9256250560599,1,1,0
0.086,50,400,0,85.9256250560599,86.5,86.5743749439401,259,0,259,259,0,0,85.9256250560599,1,1,0
0.087,50,400,0,85.9256250560599,86.5,86.5743749439401,259,0,259,259,0,0,85.9256250560599,1,1,0
0.088,50,400,0,85.9256250560599,86.5,86.5743749439401,259,0,259,259,0,0,85.9256250560599,1,1,0
0.089,50,400,0,85.9256250560599,86.5,86.5743749439401,259,0,259,259,0,0,85.9256250560599,1,1,0
0.09,50,400,0,85.9256250560599,86.5,86.5743749439401,259,0,259,259,0,0,85.9256250560599,1,1,0
0.091,50,400,0,85.9256250560599,86.5,86.5743749439401,259,0,259,259,0,0,85.9256250560599,1,1,0
0.092,50,400,0,85.9256250560599,86.5,86.5743749439401,259,0,259,259,0,0,85.9256250560599,1,1,0
0.093,50,400,0,85.9256250560599,86.5,86.5743749439401,259,0,259,259,0,0,85.9256250560599,1,1,0
0.094,50,400,0,85.9256250560599,86.5,86.5743749439401,259,0,259,259,0,0,85.9256250560599,1,1,0
0.095,50,400,0,85.9256250560599,86.5,86.5743749439401,259,0,259,259,0,0,85.9256250560599,1,1,0
0.096,50,400,0,85.9256250560599,86.5,86.5743749439401,259,0,259,259,0,0,85.9256250560599,1,1,0
0.097,50,400,0,85.9256250560599,86.5,86.5743749439401,259,0,259,259,0,0,85.9256250560599,1,1,0
0.098,50,400,0,85.9256250560599,86.5,86.5743749439401,259,0,259,259,0,0,85.9256250560599,1,1,0
0.099,50,400,0,85.9256250560599,86.5,86.5743749439401,259,0,259,259,0,0,85.9256250560599,1,1,0
0.1,50,400,0,85.9256250560599,86.5,86.5743749439401,259,0,259,259,0,0,85.9256250560599,1,1,0
0.101,50,400,0,85.9256250560599,86.5,86.5743749439401,259,0,259,259,0,0,85.9256250560599,1,1,0
0.102,50,400,0,85.9256250560599,86.5,86.5743749439401,259,0,259,259,0,0,85.9256250560599,1,1,0
0.103,50,400,0,85.9256250560599,86.5,86.5743749439401,259,0,259,259,0,0,85.9256250560599,1,1,0
0.104,50,400,0,85.9256250560599,86.5,86.5743749439401,259,0,259,259,0,0,85.9256250560599,1,1,0
0.105,50,400,0,85.9256250560599,86.5,86.5743749439401,259,0,259,259,0,0,85.9256250560599,1,1,0
0.106,50,400,0,85.9256250560599,86.5,86.5743749439401,259,0,259,259,0,0,85.9256250560599,1,1,0
0.107,50,400,0,85.9256250560599,86.5,86.5743749439401,259,0,259,259,0,0,85.9256250560599,1,1,0
0.108,50,400,0,85.9256250560599,86.5,86.5743749439401,259,0,259,259,0,0,85.9256250560599,1,1,0
0.109,50,400,0,85.9256250560599,86.5,86.5743749439401,259,0,259,259,0,0,85.9256250560599,1,1,0
0.11,50,400,0,85.9256250560599,86.5,86.5743749439401,259,0,259,259,0,0,85.9256250560599,1,1,0
0.111,50,400,0,85.9256250560599,86.5,86.5743749439401,259,0,259,259,0,0,85.9256250560599,1,1,0
0.112,50,400,0,85.9256250560599,86.5,86.5743749439401,259,0,259,259,0,0,85.9256250560599,1,1,0
0.113,50,400,0,85.9256250560599,86.5,86.5743749439401,259,0,259,259,0,0,85.9256250560599,1,1,0
0.114,50,400,0,85.9256250560599,86.5,86.5743749439401,259,0,259,259,0,0,85.9256250560599,1,1,0
0.115,50,400,0,85.9256250560599,86.5,86.5743749439401,259,0,259,259,0,0,85.9256250560599,1,1,0
0.116,50,400,0,85.9256250560599,86.5,86.5743749439401,259,0,259,259,0,0,85.9256250560599,1,1,0
0.117,50,400,0,85.9256250560599,86.5,86.5743749439401,259,0,259,259,0,0,85.9256250560599,1,1,0
0.118,50,400,0,85.9256250560599,86.5,86.5743749439401,259,0,259,259,0,0,85.9256250560599,1,1,0
0.119,50,400,0,85.9256250560599,86.5,86.5743749439401,259,0,259,259,0,0,85.9256250560599,1,1,0
0.12,50,400,0,85.9256250560599,86.5,86.5743749439401,259,0,259,259,0,0,85.9256250560599,1,1,0
0.121,50,400,0,85.9256250560599,86.5,86.5743749439401,259,0,259,259,0,0,85.9256250560599,1,1,0
0.122,50,400,0,85.9256250560599,86.5,86.5743749439401,259,0,259,259,0,0,85.9256250560599,1,1,0
0.123,50,400,0,85.9256250560599,86.5,86.5743749439401,259,0,259,259,0,0,85.9256250560599,1,1,0
0.124,50,400,0,85.9256250560599,86.5,86.5743749439401,259,0,259,259,0,0,85.9256250560599,1,1,0
0.125,50,400,0,85.9256250560599,86.5,86.5743749439401,259,0,259,259,0,0,85.9256250560599,1,1,0
0.126,50,400,0,85.9256250560599,86.5,86.5743749439401,259,0,259,259,0,0,85.9256250560599,1,1,0
0.127,50,400,0,85.9256250560599,86.5,86.5743749439401,259,0,259,259,0,0,85.9256250560599,1,1,0
0.128,50,400,0,85.9256250560599,86.5,86.5743749439401,259,0,259,259,0,0,85.9256250560599,1,1,0
0.129,50,400,0,85.9256250560599,86.5,86.5743749439401,259,0,259,259,0,0,85.9256250560599,1,1,0
0.13,50,400,0,85.9256250560599,86.5,86.5743749439401,259,0,259,259,0,0,85.9256250560599,1,1,0
0.131,50,400,0,85.9256250560599,86.5,86.5743749439401,259,0,259,259,0,0,85.9256250560599,1,1,0
0.132,50,400,0,85.9256250560599,86.5,86.5743749439401,259,0,259,259,0,0,85.9256250560599,1,1,0
0.133,50,400,0,85.9256250560599,86.5,86.5743749439401,259,0,259,259,0,0,85.9256250560599,1,1,0
0.134,50,400,0,85.9256250560599,86.5,86.5743749439401,259,0,259,259,0,0,85.9256250560599,1,1,0
0.135,50,400,0,85.9256250560599,86.5,86.5743749439401,259,0,259,259,0,0,85.9256250560599,1,1,0
0.136,50,400,0,85.9256250560599,86.5,86.5743749439401,259,0,259,259,0,0,85.9256250560599,1,1,0
0.137,50,400,0,85.9256250560599,86.5,86.5743749439401,259,0,259,259,0,0,85.9256250560599,1,1,0
0.138,50,400,0,85.9256250560599,86.5,86.5743749439401,259,0,259,259,0,0,85.9256250560599,1,1,0
0.139,50,400,0,85.9256250560599,86.5,86.5743749439401,259,0,259,259,0,0,85.9256250560599,1,1,0
0.14,50,400,0,85.9256250560599,86.5,86.5743749439401,259,0,259,259,0,0,85.9256250560599,1,1,0
0.141,50,400,0,85.9256250560599,86.5,86.5743749439401,259,0,259,259,0,0,85.9256250560599,1,1,0
0.142,50,400,0,85.9256250560599,86.5,86.5743749439401,259,0,259,259,0,0,85.9256250560599,1,1,0
0.143,50,400,0,85.9256250560599,86.5,86.5743749439401,259,0,259,259,0,0,85.9256250560599,1,1,0
0.144,50,400,0,85.9256250560599,86.5,86.5743749439401,259,0,259,259,0,0,85.9256250560599,1,1,0
0.145,50,400,0,85.9256250560599,86.5,86.5743749439401,259,0,259,259,0,0,85.9256250560599,1,1,0
0.146,50,400,0,85.9256250560599,86.5,86.5743749439401,259,0,259,259,0,0,85.9256250560599,1,1,0
0.147,50,400,0,85.9256250560599,86.5,86.5743749439401,259,0,259,259,0,0,85.9256250560599,1,1,0
0.148,50,400,0,85.9256250560599,86.5,86.5743749439401,259,0,259,259,0,0,85.9256250560599,1,1,0
0.149,50,400,0,85.9256250560599,86.5,86.5743749439401,259,0,259,259,0,0,85.9256250560599,1,1,0
0.15,50,400,0,85.9256250560599,86.5,86.5743749439401,259,0,259,259,0,0,85.9256250560599,1,1,0
0.151,50,400,0,85.9256250560599,86.5,86.5743749439401,259,0,259,259,0,0,85.9256250560599,1,1,0
0.152,50,400,0,85.9256250560599,86.5,86.5743749439401,259,0,259,259,0,0,85.9256250560599,1,1,0
0.153,50,400,0,85.9256250560599,86.5,86.5743749439401,259,0,259,259,0,0,85.9256250560599,1,1,0
0.154,50,400,0,85.9256250560599,86.5,86.5743749439401,259,0,259,259,0,0,85.9256250560599,1,1,0
0.155,50,400,0,85.9256250560599,86.5,86.5743749439401,259,0,259,259,0,0,85.9256250560599,1,1,0
0.156,50,400,0,85.9256250560599,86.5,86.5743749439401,259,0,259,259,0,0,85.9256250560599,1,1,0
0.157,50,400,0,85.9256250560599,86.5,86.5743749439401,259,0,259,259,0,0,85.9256250560599,1,1,0
0.158,50,400,0,85.9256250560599,86.5,86.5743749439401,259,0,259,259,0,0,85.9256250560599,1,1,0
0.159,50,400,0,85.9256250560599,86.5,86.5743749439401,259,0,259,259,0,0,85.9256250560599,1,1,0
0.16,50,400,0,85.9256250560599,86.5,86.5743749439401,259,0,259,259,0,0,85.9256250560599,1,1,0
0.161,50,400,0,85.9256250560599,86.5,86.5743749439401,259,0,259,259,0,0,85.9256250560599,1,1,0
0.162,50,400,0,85.9256250560599,86.5,86.5743749439401,259,0,259,259,0,0,85.9256250560599,1,1,0
0.163,50,400,0,85.9256250560599,86.5,86.5743749439401,259,0,259,259,0,0,85.9256250560599,1,1,0
0.164,50,400,0,85.9256250560599,86.5,86.5743749439401,259,0,259,259,0,0,85.9256250560599,1,1,0
0.165,50,400,0,85.9256250560599,86.5,86.5743749439401,259,0,259,259,0,0,85.9256250560599,1,1,0
0.166,50,400,0,85.9256250560599,86.5,86.5743749439401,259,0,259,259,0,0,85.9256250560599,1,1,0
0.167,50,400,0,85.9256250560599,86.5,86.5743749439401,259,0,259,259,0,0,85.9256250560599,1,1,0
0.168,50,400,0,85.9256250560599,86.5,86.5743749439401,259,0,259,259,0,0,85.9256250560599,1,1,0
0.169,50,400,0,85.9256250560599,86.5,86.5743749439401,259,0,259,259,0,0,85.9256250560599,1,1,0
0.17,50,400,0,85.9256250560599,86.5,86.5743749439401,259,0,259,259,0,0,85.9256250560599,1,1,0
0.171,50,400,0,85.9256250560599,86.5,86.5743749439401,259,0,259,259,0,0,85.9256250560599,1,1,0
0.172,50,400,0,85.9256250560599,86.5,86.5743749439401,259,0,259,259,0,0,85.9256250560599,1,1,0
0.173,50,400,0,85.9256250560599,86.5,86.5743749439401,259,0,259,259,0,0,85.9256250560599,1,1,0
0.174,50,400,0,85.9256250560599,86.5,86.5743749439401,259,0,259,259,0,0,85.9256250560599,1,1,0
0.175,50,400,0,85.9256250560599,86.5,86.5743749439401,259,0,259,259,0,0,85.9256250560599,1,1,0
0.176,50,400,0,85.9256250560599,86.5,86.5743749439401,259,0,259,259,0,0,85.9256250560599,1,1,0
0.177,50,400,0,85.9256250560599,86.5,86.5743749439401,259,0,259,259,0,0,85.9256250560599,1,1,0
0.178,50,400,0,85.9256250560599,86.5,86.5743749439401,259,0,259,259,0,0,85.9256250560599,1,1,0
0.179,50,400,0,85.9256250560599,86.5,86.5743749439401,259,0,259,259,0,0,85.9256250560599,1,1,0
0.18,50,400,0,85.9256250560599,86.5,86.5743749439401,259,0,259,259,0,0,85.9256250560599,1,1,0
0.181,50,400,0,85.9256250560599,86.5,86.5743749439401,259,0,259,259,0,0,85.9256250560599,1,1,0
0.182,50,400,0,85.9256250560599,86.5,86.5743749439401,259,0,259,259,0,0,85.9256250560599,1,1,0
0.183,50,400,0,85.9256250560599,86.5,86.5743749439401,259,0,259,259,0,0,85.9256250560599,1,1,0
0.184,50,400,0,85.9256250560599,86.5,86.5743749439401,259,0,259,259,0,0,85.9256250560599,1,1,0
0.185,50,400,0,85.9256250560599,86.5,86.5743749439401,259,0,259,259,0,0,85.9256250560599,1,1,0
0.186,50,400,0,85.9256250560599,86.5,86.5743749439401,259,0,259,259,0,0,85.9256250560599,1,1,0
0.187,50,400,0,85.9256250560599,86.5,86.5743749439401,259,0,259,259,0,0,85.9256250560599,1,1,0
0.188,50,400,0,85.9256250560599,86.5,86.5743749439401,259,0,259,259,0,0,85.9256250560599,1,1,0
0.189,50,400,0,85.9256250560599,86.5,86.5743749439401,259,0,259,259,0,0,85.9256250560599,1,1,0
0.19,50,400,0,85.9256250560599,86.5,86.5743749439401,259,0,259,259,0,0,85.9256250560599,1,1,0
0.191,50,400,0,85.9256250560599,86.5,86.5743749439401,259,0,259,259,0,0,85.9256250560599,1,1,0
0.192,50,400,0,85.9256250560599,86.5,86.5743749439401,259,0,259,259,0,0,85.9256250560599,1,1,0
0.193,50,400,0,85.9256250560599,86.5,86.5743749439401,259,0,259,259,0,0,85.9256250560599,1,1,0
0.194,50,400,0,85.9256250560599,86.5,86.5743749439401,259,0,259,259,0,0,85.9256250560599,1,1,0
0.195,50,400,0,85.9256250560599,86.5,86.5743749439401,259,0,259,259,0,0,85.9256250560599,1,1,0
0.196,50,400,0,85.9256250560599,86.5,86.5743749439401,259,0,259,259,0,0,85.9256250560599,1,1,0
0.197,50,400,0,85.9256250560599,86.5,86.5743749439401,259,0,259,259,0,0,85.9256250560599,1,1,0
0.198,50,400,0,85.9256250560599,86.5,86.5743749439401,259,0,259,259,0,0,85.9256250560599,1,1,0
0.199,50,400,0,85.9256250560599,86.5,86.5743749439401,259,0,259,259,0,0,85.9256250560599,1,1,0
0.2,50,400,0,85.9256250560599,86.5,86.5743749439401,259,0,259,259,0,0,85.9256250560599,1,1,0
0.201,50,400,0,85.9256250560599,86.5,86.5743749439401,259,0,259,259,0,0,85.9256250560599,1,1,0
0.202,50,400,0,85.9256250560599,86.5,86.5743749439401,259,0,259,259,0,0,85.9256250560599,1,1,0
0.203,50,400,0,85.9256250560599,86.5,86.5743749439401,259,0,259,259,0,0,85.9256250560599,1,1,0
0.204,50,400,0,85.9256250560599,86.5,86.5743749439401,259,0,259,259,0,0,85.9256250560599,1,1,0
0.205,50,400,0,85.9256250560599,86.5,86.5743749439401,259,0,259,259,0,0,85.9256250560599,1,1,0
0.206,50,400,0,85.9256250560599,86.5,86.5743749439401,259,0,259,259,0,0,85.9256250560599,1,1,0
0.207,50,400,0,85.9256250560599,86.5,86.5743749439401,259,0,259,259,0,0,85.9256250560599,1,1,0
0.208,50,400,0,85.9256250560599,86.5,86.5743749439401,259,0,259,259,0,0,85.9256250560599,1,1,0
0.209,50,400,0,85.9256250560599,86.5,86.5743749439401,259,0,259,259,0,0,85.9256250560599,1,1,0
0.21,50,400,0,85.9256250560599,86.5,86.5743749439401,259,0,259,259,0,0,85.9256250560599,1,1,0
0.211,50,400,0,85.9256250560599,86.5,86.5743749439401,259,0,259,259,0,0,85.9256250560599,1,1,0
0.212,50,400,0,85.9256250560599,86.5,86.5743749439401,259,0,259,259,0,0,85.9256250560599,1,1,0
0.213,50,400,0,85.9256250560599,86.5,86.5743749439401,259,0,259,259,0,0,85.9256250560599,1,1,0
0.214,50,400,0,85.9256250560599,86.5,86.5743749439401,259,0,259,259,0,0,85.9256250560599,1,1,0
0.215,50,400,0,85.9256250560599,86.5,86.5743749439401,259,0,259,259,0,0,85.9256250560599,1,1,0
0.216,50,400,0,85.9256250560599,86.5,86.5743749439401,259,0,259,259,0,0,85.9256250560599,1,1,0
0.217,50,400,0,85.9256250560599,86.5,86.5743749439401,259,0,259,259,0,0,85.9256250560599,1,1,0
0.218,50,400,0,85.9256250560599,86.5,86.5743749439401,259,0,259,259,0,0,85.9256250560599,1,1,0
0.219,50,400,0,85.9256250560599,86.5,86.5743749439401,259,0,259,259,0,0,85.9256250560599,1,1,0
0.22,50,400,0,85.9256250560599,86.5,86.5743749439401,259,0,259,259,0,0,85.9256250560599,1,1,0
0.221,50,400,0,85.9256250560599,86.5,86.5743749439401,259,0,259,259,0,0,85.9256250560599,1,1,0
0.222,50,400,0,85.9256250560599,86.5,86.5743749439401,259,0,259,259,0,0,85.9256250560599,1,1,0
0.223,50,400,0,85.9256250560599,86.5,86.5743749439401,259,0,259,259,0,0,85.9256250560599,1,1,0
0.224,50,400,0,85.9256250560599,86.5,86.5743749439401,259,0,259,259,0,0,85.9256250560599,1,1,0
0.225,50,400,0,85.9256250560599,86.5,86.5743749439401,259,0,259,259,0,0,85.9256250560599,1,1,0
0.226,50,400,0,85.9256250560599,86.5,86.5743749439401,259,0,259,259,0,0,85.9256250560599,1,1,0
0.227,50,400,0,85.9256250560599,86.5,86.5743749439401,259,0,259,259,0,0,85.9256250560599,1,1,0
0.228,50,400,0,85.9256250560599,86.5,86.5743749439401,259,0,259,259,0,0,85.9256250560599,1,1,0
0.229,50,400,0,85.9256250560599,86.5,86.5743749439401,259,0,259,259,0,0,85.9256250560599,1,1,0
0.23,50,400,0,85.9256250560599,86.5,86.5743749439401,259,0,259,259,0,0,85.9256250560599,1,1,0
0.231,50,400,0,85.9256250560599,86.5,86.5743749439401,259,0,259,259,0,0,85.9256250560599,1,1,0
0.232,50,400,0,85.9256250560599,86.5,86.5743749439401,259,0,259,259,0,0,85.9256250560599,1,1,0
0.233,50,400,0,85.9256250560599,86.5,86.5743749439401,259,0,259,259,0,0,85.9256250560599,1,1,0
0.234,50,400,0,85.9256250560599,86.5,86.5743749439401,259,0,259,259,0,0,85.9256250560599,1,1,0
0.235,50,400,0,85.9256250560599,86.5,86.5743749439401,259,0,259,259,0,0,85.9256250560599,1,1,0
0.236,50,400,0,85.9256250560599,86.5,86.5743749439401,259,0,259,259,0,0,85.9256250560599,1,1,0
0.237,50,400,0,85.9256250560599,86.5,86.5743749439401,259,0,259,259,0,0,85.9256250560599,1,1,0
0.238,50,400,0,85.9256250560599,86.5,86.5743749439401,259,0,259,259,0,0,85.9256250560599,1,1,0
0.239,50,400,0,85.9256250560599,86.5,86.5743749439401,259,0,259,259,0,0,85.9256250560599,1,1,0
0.24,50,400,0,85.9256250560599,86.5,86.5743749439401,259,0,259,259,0,0,85.9256250560599,1,1,0
0.241,50,400,0,85.9256250560599,86.5,86.5743749439401,259,0,259,259,0,0,85.9256250560599,1,1,0
0.242,50,400,0,85.9256250560599,86.5,86.5743749439401,259,0,259,259,0,0,85.9256250560599,1,1,0
0.243,50,400,0,85.9256250560599,86.5,86.5743749439401,259,0,259,259,0,0,85.9256250560599,1,1,0
0.244,50,400,0,85.9256250560599,86.5,86.5743749439401,259,0,259,259,0,0,85.9256250560599,1,1,0
0.245,50,400,0,85.9256250560599,86.5,86.5743749439401,259,0,259,259,0,0,85.9256250560599,1,1,0
0.246,50,400,0,85.9256250560599,86.5,86.5743749439401,259,0,259,259,0,0,85.9256250560599,1,1,0
0.247,50,400,0,85.9256250560599,86.5,86.5743749439401,259,0,259,259,0,0,85.9256250560599,1,1,0
0.248,50,400,0,85.9256250560599,86.5,86.5743749439401,259,0,259,259,0,0,85.9256250560599,1,1,0
0.249,50,400,0,85.9256250560599,86.5,86.5743749439401,259,0,259,259,0,0,85.9256250560599,1,1,0
0.25,50,400,0,85.9256250560599,86.5,86.5743749439401,259,0,259,259,0,0,85.9256250560599,1,1,0
0.251,50,400,0,85.9256250560599,86.5,86.5743749439401,259,0,259,259,0,0,85.9256250560599,1,1,0
0.252,50,400,0,85.9256250560599,86.5,86.5743749439401,259,0,259,259,0,0,85.9256250560599,1,1,0
0.253,50,400,0,85.9256250560599,86.5,86.5743749439401,259,0,259,259,0,0,85.9256250560599,1,1,0
0.254,50,400,0,85.9256250560599,86.5,86.5743749439401,259,0,259,259,0,0,85.9256250560599,1,1,0
0.255,50,400,0,85.9256250560599,86.5,86.5743749439401,259,0,259,259,0,0,85.9256250560599,1,1,0
0.256,50,400,0,85.9256250560599,86.5,86.5743749439401,259,0,259,259,0,0,85.9256250560599,1,1,0
0.257,50,400,0,85.9256250560599,86.5,86.5743749439401,259,0,259,259,0,0,85.9256250560599,1,1,0
0.258,50,400,0,85.9256250560599,86.5,86.5743749439401,259,0,259,259,0,0,85.9256250560599,1,1,0
0.259,50,400,0,85.9256250560599,86.5,86.5743749439401,259,0,259,259,0,0,85.9256250560599,1,1,0
0.26,50,400,0,85.9256250560599,86.5,86.5743749439401,259,0,259,259,0,0,85.9256250560599,1,1,0
0.261,50,400,0,85.9256250560599,86.5,86.5743749439401,259,0,259,259,0,0,85.9256250560599,1,1,0
0.262,50,400,0,85.9256250560599,86.5,86.5743749439401,259,0,259,259,0,0,85.9256250560599,1,1,0
0.263,50,400,0,85.9256250560599,86.5,86.5743749439401,259,0,259,259,0,0,85.9256250560599,1,1,0
0.264,50,400,0,85.9256250560599,86.5,86.5743749439401,259,0,259,259,0,0,85.9256250560599,1,1,0
0.265,50,400,0,85.9256250560599,86.5,86.5743749439401,259,0,259,259,0,0,85.9256250560599,1,1,0
0.266,50,400,0,85.9256250560599,86.5,86.5743749439401,259,0,259,259,0,0,85.9256250560599,1,1,0
0.267,50,400,0,85.9256250560599,86.5,86.5743749439401,259,0,259,259,0,0,85.9256250560599,1,1,0
0.268,50,400,0,85.9256250560599,86.5,86.5743749439401,259,0,259,259,0,0,85.9256250560599,1,1,0
0.269,50,400,0,85.9256250560599,86.5,86.5743749439401,259,0,259,259,0,0,85.9256250560599,1,1,0
0.27,50,400,0,85.9256250560599,86.5,86.5743749439401,259,0,259,259,0,0,85.9256250560599,1,1,0
0.271,50,400,0,85.9256250560599,86.5,86.5743749439401,259,0,259,259,0,0,85.9256250560599,1,1,0
0.272,50,400,0,85.9256250560599,86.5,86.5743749439401,259,0,259,259,0,0,85.9256250560599,1,1,0
0.273,50,400,0,85.9256250560599,86.5,86.5743749439401,259,0,259,259,0,0,85.9256250560599,1,1,0
0.274,50,400,0,85.9256250560599,86.5,86.5743749439401,259,0,259,259,0,0,85.9256250560599,1,1,0
0.275,50,400,0,85.9256250560599,86.5,86.5743749439401,259,0,259,259,0,0,85.9256250560599,1,1,0
0.276,50,400,0,85.9256250560599,86.5,86.5743749439401,259,0,259,259,0,0,85.9256250560599,1,1,0
0.277,50,400,0,85.9256250560599,86.5,86.5743749439401,259,0,259,259,0,0,85.9256250560599,1,1,0
0.278,50,400,0,85.9256250560599,86.5,86.5743749439401,259,0,259,259,0,0,85.9256250560599,1,1,0
0.279,50,400,0,85.9256250560599,86.5,86.5743749439401,259,0,259,259,0,0,85.9256250560599,1,1,0
0.28,50,400,0,85.9256250560599,86.5,86.5743749439401,259,0,259,259,0,0,85.9256250560599,1,1,0
0.281,50,400,0,85.9256250560599,86.5,86.5743749439401,259,0,259,259,0,0,85.9256250560599,1,1,0
0.282,50,400,0,85.9256250560599,86.5,86.5743749439401,259,0,259,259,0,0,85.9256250560599,1,1,0
0.283,50,400,0,85.9256250560599,86.5,86.5743749439401,259,0,259,259,0,0,85.9256250560599,1,1,0
0.284,50,400,0,85.9256250560599,86.5,86.5743749439401,259,0,259,259,0,0,85.9256250560599,1,1,0
0.285,50,400,0,85.9256250560599,86.5,86.5743749439401,259,0,259,259,0,0,85.9256250560599,1,1,0
0.286,50,400,0,85.9256250560599,86.5,86.5743749439401,259,0,259,259,0,0,85.9256250560599,1,1,0
0.287,50,400,0,85.9256250560599,86.5,86.5743749439401,259,0,259,259,0,0,85.9256250560599,1,1,0
0.288,50,400,0,85.9256250560599,86.5,86.5743749439401,259,0,259,259,0,0,85.9256250560599,1,1,0
0.289,50,400,0,85.9256250560599,86.5,86.5743749439401,259,0,259,259,0,0,85.9256250560599,1,1,0
0.29,50,400,0,85.9256250560599,86.5,86.5743749439401,259,0,259,259,0,0,85.9256250560599,1,1,0
0.291,50,400,0,85.9256250560599,86.5,86.5743749439401,259,0,259,259,0,0,85.9256250560599,1,1,0
0.292,50,400,0,85.9256250560599,86.5,86.5743749439401,259,0,259,259,0,0,85.9256250560599,1,1,0
0.293,50,400,0,85.9256250560599,86.5,86.5743749439401,259,0,259,259,0,0,85.9256250560599,1,1,0
0.294,50,400,0,85.9256250560599,86.5,86.5743749439401,259,0,259,259,0,0,85.9256250560599,1,1,0
0.295,50,400,0,85.9256250560599,86.5,86.5743749439401,259,0,259,259,0,0,85.9256250560599,1,1,0
0.296,50,400,0,85.9256250560599,86.5,86.5743749439401,259,0,259,259,0,0,85.9256250560599,1,1,0
0.297,50,400,0,85.9256250560599,86.5,86.5743749439401,259,0,259,259,0,0,85.9256250560599,1,1,0
0.298,50,400,0,85.9256250560599,86.5,86.5743749439401,259,0,259,259,0,0,85.9256250560599,1,1,0
0.299,50,400,0,85.9256250560599,86.5,86.5743749439401,259,0,259,259,0,0,85.9256250560599,1,1,0
0.3,50,400,0,85.9256250560599,86.5,86.5743749439401,259,0,259,259,0,0,85.9256250560599,1,1,0
0.301,50,400,0,85.9256250560599,86.5,86.5743749439401,259,0,259,259,0,0,85.9256250560599,1,1,0
0.302,50,400,0,85.9256250560599,86.5,86.5743749439401,259,0,259,259,0,0,85.9256250560599,1,1,0
0.303,50,400,0,85.9256250560599,86.5,86.5743749439401,259,0,259,259,0,0,85.9256250560599,1,1,0
0.304,50,400,0,85.9256250560599,86.5,86.5743749439401,259,0,259,259,0,0,85.9256250560599,1,1,0
0.305,50,400,0,85.9256250560599,86.5,86.5743749439401,259,0,259,259,0,0,85.9256250560599,1,1,0
0.306,50,400,0,85.9256250560599,86.5,86.5743749439401,259,0,259,259,0,0,85.9256250560599,1,1,0
0.307,50,400,0,85.9256250560599,86.5,86.5743749439401,259,0,259,259,0,0,85.9256250560599,1,1,0
0.308,50,400,0,85.9256250560599,86.5,86.5743749439401,259,0,259,259,0,0,85.9256250560599,1,1,0
0.309,50,400,0,85.9256250560599,86.5,86.5743749439401,259,0,259,259,0,0,85.9256250560599,1,1,0
0.31,50,400,0,85.9256250560599,86.5,86.5743749439401,259,0,259,259,0,0,85.9256250560599,1,1,0
0.311,50,400,0,85.9256250560599,86.5,86.5743749439401,259,0,259,259,0,0,85.9256250560599,1,1,0
0.312,50,400,0,85.9256250560599,86.5,86.5743749439401,259,0,259,259,0,0,85.9256250560599,1,1,0
0.313,50,400,0,85.9256250560599,86.5,86.5743749439401,259,0,259,259,0,0,85.9256250560599,1,1,0
0.314,50,400,0,85.9256250560599,86.5,86.5743749439401,259,0,259,259,0,0,85.9256250560599,1,1,0
0.315,50,400,0,85.9256250560599,86.5,86.5743749439401,259,0,259,259,0,0,85.9256250560599,1,1,0
0.316,50,400,0,85.9256250560599,86.5,86.5743749439401,259,0,259,259,0,0,85.9256250560599,1,1,0
0.317,50,400,0,85.9256250560599,86.5,86.5743749439401,259,0,259,259,0,0,85.9256250560599,1,1,0
0.318,50,400,0,85.9256250560599,86.5,86.5743749439401,259,0,259,259,0,0,85.9256250560599,1,1,0
0.319,50,400,0,85.9256250560599,86.5,86.5743749439401,259,0,259,259,0,0,85.9256250560599,1,1,0
0.32,50,400,0,85.9256250560599,86.5,86.5743749439401,259,0,259,259,0,0,85.9256250560599,1,1,0
0.321,50,400,0,85.9256250560599,86.5,86.5743749439401,259,0,259,259,0,0,85.9256250560599,1,1,0
0.322,50,400,0,85.9256250560599,86.5,86.5743749439401,259,0,259,259,0,0,85.9256250560599,1,1,0
0.323,50,400,0,85.9256250560599,86.5,86.5743749439401,259,0,259,259,0,0,85.9256250560599,1,1,0
0.324,50,400,0,85.9256250560599,86.5,86.5743749439401,259,0,259,259,0,0,85.9256250560599,1,1,0
0.325,50,400,0,85.9256250560599,86.5,86.5743749439401,259,0,259,259,0,0,85.9256250560599,1,1,0
0.326,50,400,0,85.9256250560599,86.5,86.5743749439401,259,0,259,259,0,0,85.9256250560599,1,1,0
0.327,50,400,0,85.9256250560599,86.5,86.5743749439401,259,0,259,259,0,0,85.9256250560599,1,1,0
0.328,50,400,0,85.9256250560599,86.5,86.5743749439401,259,0,259,259,0,0,85.9256250560599,1,1,0
0.329,50,400,0,85.9256250560599,86.5,86.5743749439401,259,0,259,259,0,0,85.9256250560599,1,1,0
0.33,50,400,0,85.9256250560599,86.5,86.5743749439401,259,0,259,259,0,0,85.9256250560599,1,1,0
0.331,50,400,0,85.9256250560599,86.5,86.5743749439401,259,0,259,259,0,0,85.9256250560599,1,1,0
0.332,50,400,0,85.9256250560599,86.5,86.5743749439401,259,0,259,259,0,0,85.9256250560599,1,1,0
0.333,50,400,0,85.9256250560599,86.5,86.5743749439401,259,0,259,259,0,0,85.9256250560599,1,1,0
0.334,50,400,0,85.9256250560599,86.5,86.5743749439401,259,0,259,259,0,0,85.9256250560599,1,1,0
0.335,50,400,0,85.9256250560599,86.5,86.5743749439401,259,0,259,259,0,0,85.9256250560599,1,1,0
0.336,50,400,0,85.9256250560599,86.5,86.5743749439401,259,0,259,259,0,0,85.9256250560599,1,1,0
0.337,50,400,0,85.9256250560599,86.5,86.5743749439401,259,0,259,259,0,0,85.9256250560599,1,1,0
0.338,50,400,0,85.9256250560599,86.5,86.5743749439401,259,0,259,259,0,0,85.9256250560599,1,1,0
0.339,50,400,0,85.9256250560599,86.5,86.5743749439401,259,0,259,259,0,0,85.9256250560599,1,1,0
0.34,50,400,0,85.9256250560599,86.5,86.5743749439401,259,0,259,259,0,0,85.9256250560599,1,1,0
0.341,50,400,0,85.9256250560599,86.5,86.5743749439401,259,0,259,259,0,0,85.9256250560599,1,1,0
0.342,50,400,0,85.9256250560599,86.5,86.5743749439401,259,0,259,259,0,0,85.9256250560599,1,1,0
0.343,50,400,0,85.9256250560599,86.5,86.5743749439401,259,0,259,259,0,0,85.9256250560599,1,1,0
0.344,50,400,0,85.9256250560599,86.5,86.5743749439401,259,0,259,259,0,0,85.9256250560599,1,1,0
0.345,50,400,0,85.9256250560599,86.5,86.5743749439401,259,0,259,259,0,0,85.9256250560599,1,1,0
0.346,50,400,0,85.9256250560599,86.5,86.5743749439401,259,0,259,259,0,0,85.9256250560599,1,1,0
0.347,50,400,0,85.9256250560599,86.5,86.5743749439401,259,0,259,259,0,0,85.9256250560599,1,1,0
0.348,50,400,0,85.9256250560599,86.5,86.5743749439401,259,0,259,259,0,0,85.9256250560599,1,1,0
0.349,50,400,0,85.9256250560599,86.5,86.5743749439401,259,0,259,259,0,0,85.9256250560599,1,1,0
0.35,50,400,0,85.9256250560599,86.5,86.5743749439401,259,0,259,259,0,0,85.9256250560599,1,1,0
0.351,50,400,0,85.9256250560599,86.5,86.5743749439401,259,0,259,259,0,0,85.9256250560599,1,1,0
0.352,50,400,0,85.9256250560599,86.5,86.5743749439401,259,0,259,259,0,0,85.9256250560599,1,1,0
0.353,50,400,0,85.9256250560599,86.5,86.5743749439401,259,0,259,259,0,0,85.9256250560599,1,1,0
0.354,50,400,0,85.9256250560599,86.5,86.5743749439401,259,0,259,259,0,0,85.9256250560599,1,1,0
0.355,50,400,0,85.9256250560599,86.5,86.5743749439401,259,0,259,259,0,0,85.9256250560599,1,1,0
0.356,50,400,0,85.9256250560599,86.5,86.5743749439401,259,0,259,259,0,0,85.9256250560599,1,1,0
0.357,50,400,0,85.9256250560599,86.5,86.5743749439401,259,0,259,259,0,0,85.9256250560599,1,1,0
0.358,50,400,0,85.9256250560599,86.5,86.5743749439401,259,0,259,259,0,0,85.9256250560599,1,1,0
0.359,50,400,0,85.9256250560599,86.5,86.5743749439401,259,0,259,259,0,0,85.9256250560599,1,1,0
0.36,50,400,0,85.9256250560599,86.5,86.5743749439401,259,0,259,259,0,0,85.9256250560599,1,1,0
0.361,50,400,0,85.9256250560599,86.5,86.5743749439401,259,0,259,259,0,0,85.9256250560599,1,1,0
0.362,50,400,0,85.9256250560599,86.5,86.5743749439401,259,0,259,259,0,0,85.9256250560599,1,1,0
0.363,50,400,0,85.9256250560599,86.5,86.5743749439401,259,0,259,259,0,0,85.9256250560599,1,1,0
0.364,50,400,0,85.9256250560599,86.5,86.5743749439401,259,0,259,259,0,0,85.9256250560599,1,1,0
0.365,50,400,0,85.9256250560599,86.5,86.5743749439401,259,0,259,259,0,0,85.9256250560599,1,1,0
0.366,50,400,0,85.9256250560599,86.5,86.5743749439401,259,0,259,259,0,0,85.9256250560599,1,1,0
0.367,50,400,0,85.9256250560599,86.5,86.5743749439401,259,0,259,259,0,0,85.9256250560599,1,1,0
0.368,50,400,0,85.9256250560599,86.5,86.5743749439401,259,0,259,259,0,0,85.9256250560599,1,1,0
0.369,50,400,0,85.9256250560599,86.5,86.5743749439401,259,0,259,259,0,0,85.9256250560599,1,1,0
0.37,50,400,0,85.9256250560599,86.5,86.5743749439401,259,0,259,259,0,0,85.9256250560599,1,1,0
0.371,50,400,0,85.9256250560599,86.5,86.5743749439401,259,0,259,259,0,0,85.9256250560599,1,1,0
0.372,50,400,0,85.9256250560599,86.5,86.5743749439401,259,0,259,259,0,0,85.9256250560599,1,1,0
0.373,50,400,0,85.9256250560599,86.5,86.5743749439401,259,0,259,259,0,0,85.9256250560599,1,1,0
0.374,50,400,0,85.9256250560599,86.5,86.5743749439401,259,0,259,259,0,0,85.9256250560599,1,1,0
0.375,50,400,0,85.9256250560599,86.5,86.5743749439401,259,0,259,259,0,0,85.9256250560599,1,1,0
0.376,50,400,0,85.9256250560599,86.5,86.5743749439401,259,0,259,259,0,0,85.9256250560599,1,1,0
0.377,50,400,0,85.9256250560599,86.5,86.5743749439401,259,0,259,259,0,0,85.9256250560599,1,1,0
0.378,50,400,0,85.9256250560599,86.5,86.5743749439401,259,0,259,259,0,0,85.9256250560599,1,1,0
0.379,50,400,0,85.9256250560599,86.5,86.5743749439401,259,0,259,259,0,0,85.9256250560599,1,1,0
0.38,50,400,0,85.9256250560599,86.5,86.5743749439401,259,0,259,259,0,0,85.9256250560599,1,1,0
0.381,50,400,0,85.9256250560599,86.5,86.5743749439401,259,0,259,259,0,0,85.9256250560599,1,1,0
0.382,50,400,0,85.9256250560599,86.5,86.5743749439401,259,0,259,259,0,0,85.9256250560599,1,1,0
0.383,50,400,0,85.9256250560599,86.5,86.5743749439401,259,0,259,259,0,0,85.9256250560599,1,1,0
0.384,50,400,0,85.9256250560599,86.5,86.5743749439401,259,0,259,259,0,0,85.9256250560599,1,1,0
0.385,50,400,0,85.9256250560599,86.5,86.5743749439401,259,0,259,259,0,0,85.9256250560599,1,1,0
0.386,50,400,0,85.9256250560599,86.5,86.5743749439401,259,0,259,259,0,0,85.9256250560599,1,1,0
0.387,50,400,0,85.9256250560599,86.5,86.5743749439401,259,0,259,259,0,0,85.9256250560599,1,1,0
0.388,50,400,0,85.9256250560599,86.5,86.5743749439401,259,0,259,259,0,0,85.9256250560599,1,1,0
0.389,50,400,0,85.9256250560599,86.5,86.5743749439401,259,0,259,259,0,0,85.9256250560599,1,1,0
0.39,50,400,0,85.9256250560599,86.5,86.5743749439401,259,0,259,259,0,0,85.9256250560599,1,1,0
0.391,50,400,0,85.9256250560599,86.5,86.5743749439401,259,0,259,259,0,0,85.9256250560599,1,1,0
0.392,50,400,0,85.9256250560599,86.5,86.5743749439401,259,0,259,259,0,0,85.9256250560599,1,1,0
0.393,50,400,0,85.9256250560599,86.5,86.5743749439401,259,0,259,259,0,0,85.9256250560599,1,1,0
0.394,50,400,0,85.9256250560599,86.5,86.5743749439401,259,0,259,259,0,0,85.9256250560599,1,1,0
0.395,50,400,0,85.9256250560599,86.5,86.5743749439401,259,0,259,259,0,0,85.9256250560599,1,1,0
0.396,50,400,0,85.9256250560599,86.5,86.5743749439401,259,0,259,259,0,0,85.9256250560599,1,1,0
0.397,50,400,0,85.9256250560599,86.5,86.5743749439401,259,0,259,259,0,0,85.9256250560599,1,1,0
0.398,50,400,0,85.9256250560599,86.5,86.5743749439401,259,0,259,259,0,0,85.9256250560599,1,1,0
0.399,50,400,0,85.9256250560599,86.5,86.5743749439401,259,0,259,259,0,0,85.9256250560599,1,1,0
0.4,50,400,0,85.9256250560599,86.5,86.5743749439401,259,0,259,259,0,0,85.9256250560599,1,1,0
0.401,50,400,0,85.9256250560599,86.5,86.5743749439401,259,0,259,259,0,0,85.9256250560599,1,1,0
0.402,50,400,0,85.9256250560599,86.5,86.5743749439401,259,0,259,259,0,0,85.9256250560599,1,1,0
0.403,50,400,0,85.9256250560599,86.5,86.5743749439401,259,0,259,259,0,0,85.9256250560599,1,1,0
0.404,50,400,0,85.9256250560599,86.5,86.5743749439401,259,0,259,259,0,0,85.9256250560599,1,1,0
0.405,50,400,0,85.9256250560599,86.5,86.5743749439401,259,0,259,259,0,0,85.9256250560599,1,1,0
0.406,50,400,0,85.9256250560599,86.5,86.5743749439401,259,0,259,259,0,0,85.9256250560599,1,1,0
0.407,50,400,0,85.9256250560599,86.5,86.5743749439401,259,0,259,259,0,0,85.9256250560599,1,1,0
0.408,50,400,0,85.9256250560599,86.5,86.5743749439401,259,0,259,259,0,0,85.9256250560599,1,1,0
0.409,50,400,0,85.9256250560599,86.5,86.5743749439401,259,0,259,259,0,0,85.9256250560599,1,1,0
0.41,50,400,0,85.9256250560599,86.5,86.5743749439401,259,0,259,259,0,0,85.9256250560599,1,1,0
0.411,50,400,0,85.9256250560599,86.5,86.5743749439401,259,0,259,259,0,0,85.9256250560599,1,1,0
0.412,50,400,0,85.9256250560599,86.5,86.5743749439401,259,0,259,259,0,0,85.9256250560599,1,1,0
0.413,50,400,0,85.9256250560599,86.5,86.5743749439401,259,0,259,259,0,0,85.9256250560599,1,1,0
0.414,50,400,0,85.9256250560599,86.5,86.5743749439401,259,0,259,259,0,0,85.9256250560599,1,1,0
0.415,50,400,0,85.9256250560599,86.5,86.5743749439401,259,0,259,259,0,0,85.9256250560599,1,1,0
0.416,50,400,0,85.9256250560599,86.5,86.5743749439401,259,0,259,259,0,0,85.9256250560599,1,1,0
0.417,50,400,0,85.9256250560599,86.5,86.5743749439401,259,0,259,259,0,0,85.9256250560599,1,1,0
0.418,50,400,0,85.9256250560599,86.5,86.5743749439401,259,0,259,259,0,0,85.9256250560599,1,1,0
0.419,50,400,0,85.9256250560599,86.5,86.5743749439401,259,0,259,259,0,0,85.9256250560599,1,1,0
0.42,50,400,0,85.9256250560599,86.5,86.5743749439401,259,0,259,259,0,0,85.9256250560599,1,1,0
0.421,50,400,0,85.9256250560599,86.5,86.5743749439401,259,0,259,259,0,0,85.9256250560599,1,1,0
0.422,50,400,0,85.9256250560599,86.5,86.5743749439401,259,0,259,259,0,0,85.9256250560599,1,1,0
0.423,50,400,0,85.9256250560599,86.5,86.5743749439401,259,0,259,259,0,0,85.9256250560599,1,1,0
0.424,50,400,0,85.9256250560599,86.5,86.5743749439401,259,0,259,259,0,0,85.9256250560599,1,1,0
0.425,50,400,0,85.9256250560599,86.5,86.5743749439401,259,0,259,259,0,0,85.9256250560599,1,1,0
0.426,50,400,0,85.9256250560599,86.5,86.5743749439401,259,0,259,259,0,0,85.9256250560599,1,1,0
0.427,50,400,0,85.9256250560599,86.5,86.5743749439401,259,0,259,259,0,0,85.9256250560599,1,1,0
0.428,50,400,0,85.9256250560599,86.5,86.5743749439401,259,0,259,259,0,0,85.9256250560599,1,1,0
0.429,50,400,0,85.9256250560599,86.5,86.5743749439401,259,0,259,259,0,0,85.9256250560599,1,1,0
0.43,50,400,0,85.9256250560599,86.5,86.5743749439401,259,0,259,259,0,0,85.9256250560599,1,1,0
0.431,50,400,0,85.9256250560599,86.5,86.5743749439401,259,0,259,259,0,0,85.9256250560599,1,1,0
0.432,50,400,0,85.9256250560599,86.5,86.5743749439401,259,0,259,259,0,0,85.9256250560599,1,1,0
0.433,50,400,0,85.9256250560599,86.5,86.5743749439401,259,0,259,259,0,0,85.9256250560599,1,1,0
0.434,50,400,0,85.9256250560599,86.5,86.5743749439401,259,0,259,259,0,0,85.9256250560599,1,1,0
0.435,50,400,0,85.9256250560599,86.5,86.5743749439401,259,0,259,259,0,0,85.9256250560599,1,1,0
0.436,50,400,0,85.9256250560599,86.5,86.5743749439401,259,0,259,259,0,0,85.9256250560599,1,1,0
0.437,50,400,0,85.9256250560599,86.5,86.5743749439401,259,0,259,259,0,0,85.9256250560599,1,1,0
0.438,50,400,0,85.9256250560599,86.5,86.5743749439401,259,0,259,259,0,0,85.9256250560599,1,1,0
0.439,50,400,0,85.9256250560599,86.5,86.5743749439401,259,0,259,259,0,0,85.9256250560599,1,1,0
0.44,50,400,0,85.9256250560599,86.5,86.5743749439401,259,0,259,259,0,0,85.9256250560599,1,1,0
0.441,50,400,0,85.9256250560599,86.5,86.5743749439401,259,0,259,259,0,0,85.9256250560599,1,1,0
0.442,50,400,0,85.9256250560599,86.5,86.5743749439401,259,0,259,259,0,0,85.9256250560599,1,1,0
0.443,50,400,0,85.9256250560599,86.5,86.5743749439401,259,0,259,259,0,0,85.9256250560599,1,1,0
0.444,50,400,0,85.9256250560599,86.5,86.5743749439401,259,0,259,259,0,0,85.9256250560599,1,1,0
0.445,50,400,0,85.9256250560599,86.5,86.5743749439401,259,0,259,259,0,0,85.9256250560599,1,1,0
0.446,50,400,0,85.9256250560599,86.5,86.5743749439401,259,0,259,259,0,0,85.9256250560599,1,1,0
0.447,50,400,0,85.9256250560599,86.5,86.5743749439401,259,0,259,259,0,0,85.9256250560599,1,1,0
0.448,50,400,0,85.9256250560599,86.5,86.5743749439401,259,0,259,259,0,0,85.9256250560599,1,1,0
0.449,50,400,0,85.9256250560599,86.5,86.5743749439401,259,0,259,259,0,0,85.9256250560599,1,1,0
0.45,50,400,0,85.9256250560599,86.5,86.5743749439401,259,0,259,259,0,0,85.9256250560599,1,1,0
0.451,50,400,0,85.9256250560599,86.5,86.5743749439401,259,0,259,259,0,0,85.9256250560599,1,1,0
0.452,50,400,0,85.9256250560599,86.5,86.5743749439401,259,0,259,259,0,0,85.9256250560599,1,1,0
0.453,50,400,0,85.9256250560599,86.5,86.5743749439401,259,0,259,259,0,0,85.9256250560599,1,1,0
0.454,50,400,0,85.9256250560599,86.5,86.5743749439401,259,0,259,259,0,0,85.9256250560599,1,1,0
0.455,50,400,0,85.9256250560599,86.5,86.5743749439401,259,0,259,259,0,0,85.9256250560599,1,1,0
0.456,50,400,0,85.9256250560599,86.5,86.5743749439401,259,0,259,259,0,0,85.9256250560599,1,1,0
0.457,50,400,0,85.9256250560599,86.5,86.5743749439401,259,0,259,259,0,0,85.9256250560599,1,1,0
0.458,50,400,0,85.9256250560599,86.5,86.5743749439401,259,0,259,259,0,0,85.9256250560599,1,1,0
0.459,50,400,0,85.9256250560599,86.5,86.5743749439401,259,0,259,259,0,0,85.9256250560599,1,1,0
0.46,50,400,0,85.9256250560599,86.5,86.5743749439401,259,0,259,259,0,0,85.9256250560599,1,1,0
0.461,50,400,0,85.9256250560599,86.5,86.5743749439401,259,0,259,259,0,0,85.9256250560599,1,1,0
0.462,50,400,0,85.9256250560599,86.5,86.5743749439401,259,0,259,259,0,0,85.9256250560599,1,1,0
0.463,50,400,0,85.9256250560599,86.5,86.5743749439401,259,0,259,259,0,0,85.9256250560599,1,1,0
0.464,50,400,0,85.9256250560599,86.5,86.5743749439401,259,0,259,259,0,0,85.9256250560599,1,1,0
0.465,50,400,0,85.9256250560599,86.5,86.5743749439401,259,0,259,259,0,0,85.9256250560599,1,1,0
0.466,50,400,0,85.9256250560599,86.5,86.5743749439401,259,0,259,259,0,0,85.9256250560599,1,1,0
0.467,50,400,0,85.9256250560599,86.5,86.5743749439401,259,0,259,259,0,0,85.9256250560599,1,1,0
0.468,50,400,0,85.9256250560599,86.5,86.5743749439401,259,0,259,259,0,0,85.9256250560599,1,1,0
0.469,50,400,0,85.9256250560599,86.5,86.5743749439401,259,0,259,259,0,0,85.9256250560599,1,1,0
0.47,50,400,0,85.9256250560599,86.5,86.5743749439401,259,0,259,259,0,0,85.9256250560599,1,1,0
0.471,50,400,0,85.9256250560599,86.5,86.5743749439401,259,0,259,259,0,0,85.9256250560599,1,1,0
0.472,50,400,0,85.9256250560599,86.5,86.5743749439401,259,0,259,259,0,0,85.9256250560599,1,1,0
0.473,50,400,0,85.9256250560599,86.5,86.5743749439401,259,0,259,259,0,0,85.9256250560599,1,1,0
0.474,50,400,0,85.9256250560599,86.5,86.5743749439401,259,0,259,259,0,0,85.9256250560599,1,1,0
0.475,50,400,0,85.9256250560599,86.5,86.5743749439401,259,0,259,259,0,0,85.9256250560599,1,1,0
0.476,50,400,0,85.9256250560599,86.5,86.5743749439401,259,0,259,259,0,0,85.9256250560599,1,1,0
0.477,50,400,0,85.9256250560599,86.5,86.5743749439401,259,0,259,259,0,0,85.9256250560599,1,1,0
0.478,50,400,0,85.9256250560599,86.5,86.5743749439401,259,0,259,259,0,0,85.9256250560599,1,1,0
0.479,50,400,0,85.9256250560599,86.5,86.5743749439401,259,0,259,259,0,0,85.9256250560599,1,1,0
0.48,50,400,0,85.9256250560599,86.5,86.5743749439401,259,0,259,259,0,0,85.9256250560599,1,1,0
0.481,50,400,0,85.9256250560599,86.5,86.5743749439401,259,0,259,259,0,0,85.9256250560599,1,1,0
0.482,50,400,0,85.9256250560599,86.5,86.5743749439401,259,0,259,259,0,0,85.9256250560599,1,1,0
0.483,50,400,0,85.9256250560599,86.5,86.5743749439401,259,0,259,259,0,0,85.9256250560599,1,1,0
0.484,50,400,0,85.9256250560599,86.5,86.5743749439401,259,0,259,259,0,0,85.9256250560599,1,1,0
0.485,50,400,0,85.9256250560599,86.5,86.5743749439401,259,0,259,259,0,0,85.9256250560599,1,1,0
0.486,50,400,0,85.9256250560599,86.5,86.5743749439401,259,0,259,259,0,0,85.9256250560599,1,1,0
0.487,50,400,0,85.9256250560599,86.5,86.5743749439401,259,0,259,259,0,0,85.9256250560599,1,1,0
0.488,50,400,0,85.9256250560599,86.5,86.5743749439401,259,0,259,259,0,0,85.9256250560599,1,1,0
0.489,50,400,0,85.9256250560599,86.5,86.5743749439401,259,0,259,259,0,0,85.9256250560599,1,1,0
0.49,50,400,0,85.9256250560599,86.5,86.5743749439401,259,0,259,259,0,0,85.9256250560599,1,1,0
0.491,50,400,0,85.9256250560599,86.5,86.5743749439401,259,0,259,259,0,0,85.9256250560599,1,1,0
0.492,50,400,0,85.9256250560599,86.5,86.5743749439401,259,0,259,259,0,0,85.9256250560599,1,1,0
0.493,50,400,0,85.9256250560599,86.5,86.5743749439401,259,0,259,259,0,0,85.9256250560599,1,1,0
0.494,50,400,0,85.9256250560599,86.5,86.5743749439401,259,0,259,259,0,0,85.9256250560599,1,1,0
0.495,50,400,0,85.9256250560599,86.5,86.5743749439401,259,0,259,259,0,0,85.9256250560599,1,1,0
0.496,50,400,0,85.9256250560599,86.5,86.5743749439401,259,0,259,259,0,0,85.9256250560599,1,1,0
0.497,50,400,0,85.9256250560599,86.5,86.5743749439401,259,0,259,259,0,0,85.9256250560599,1,1,0
0.498,50,400,0,85.9256250560599,86.5,86.5743749439401,259,0,259,259,0,0,85.9256250560599,1,1,0
0.499,50,400,0,85.9256250560599,86.5,86.5743749439401,259,0,259,259,0,0,85.9256250560599,1,1,0
0.5,50,400,0,85.9256250560599,86.5,86.5743749439401,259,0,259,259,0,0,85.9256250560599,1,1,0
0.501,50,400,0,85.9256250560599,86.5,86.5743749439401,259,0,259,259,0,0,85.9256250560599,1,1,0
0.502,50,400,0,85.9256250560599,86.5,86.5743749439401,259,0,259,259,0,0,85.9256250560599,1,1,0
0.503,50,400,0,85.9256250560599,86.5,86.5743749439401,259,0,259,259,0,0,85.9256250560599,1,1,0
0.504,50,400,0,85.9256250560599,86.5,86.5743749439401,259,0,259,259,0,0,85.9256250560599,1,1,0
0.505,50,400,0,85.9256250560599,86.5,86.5743749439401,259,0,259,259,0,0,85.9256250560599,1,1,0
0.506,50,400,0,85.9256250560599,86.5,86.5743749439401,259,0,259,259,0,0,85.9256250560599,1,1,0
0.507,50,400,0,85.9256250560599,86.5,86.5743749439401,259,0,259,259,0,0,85.9256250560599,1,1,0
0.508,50,400,0,85.9256250560599,86.5,86.5743749439401,259,0,259,259,0,0,85.9256250560599,1,1,0
0.509,50,400,0,85.9256250560599,86.5,86.5743749439401,259,0,259,259,0,0,85.9256250560599,1,1,0
0.51,50,400,0,85.9256250560599,86.5,86.5743749439401,259,0,259,259,0,0,85.9256250560599,1,1,0
0.511,50,400,0,85.9256250560599,86.5,86.5743749439401,259,0,259,259,0,0,85.9256250560599,1,1,0
0.512,50,400,0,85.9256250560599,86.5,86.5743749439401,259,0,259,259,0,0,85.9256250560599,1,1,0
0.513,50,400,0,85.9256250560599,86.5,86.5743749439401,259,0,259,259,0,0,85.9256250560599,1,1,0
0.514,50,400,0,85.9256250560599,86.5,86.5743749439401,259,0,259,259,0,0,85.9256250560599,1,1,0
0.515,50,400,0,85.9256250560599,86.5,86.5743749439401,259,0,259,259,0,0,85.9256250560599,1,1,0
0.516,50,400,0,85.9256250560599,86.5,86.5743749439401,259,0,259,259,0,0,85.9256250560599,1,1,0
0.517,50,400,0,85.9256250560599,86.5,86.5743749439401,259,0,259,259,0,0,85.9256250560599,1,1,0
0.518,50,400,0,85.9256250560599,86.5,86.5743749439401,259,0,259,259,0,0,85.9256250560599,1,1,0
0.519,50,400,0,85.9256250560599,86.5,86.5743749439401,259,0,259,259,0,0,85.9256250560599,1,1,0
0.52,50,400,0,85.9256250560599,86.5,86.5743749439401,259,0,259,259,0,0,85.9256250560599,1,1,0
0.521,50,400,0,85.9256250560599,86.5,86.5743749439401,259,0,259,259,0,0,85.9256250560599,1,1,0
0.522,50,400,0,85.9256250560599,86.5,86.5743749439401,259,0,259,259,0,0,85.9256250560599,1,1,0
0.523,50,400,0,85.9256250560599,86.5,86.5743749439401,259,0,259,259,0,0,85.9256250560599,1,1,0
0.524,50,400,0,85.9256250560599,86.5,86.5743749439401,259,0,259,259,0,0,85.9256250560599,1,1,0
0.525,50,400,0,85.9256250560599,86.5,86.5743749439401,259,0,259,259,0,0,85.9256250560599,1,1,0
0.526,50,400,0,85.9256250560599,86.5,86.5743749439401,259,0,259,259,0,0,85.9256250560599,1,1,0
0.527,50,400,0,85.9256250560599,86.5,86.5743749439401,259,0,259,259,0,0,85.9256250560599,1,1,0
0.528,50,400,0,85.9256250560599,86.5,86.5743749439401,259,0,259,259,0,0,85.9256250560599,1,1,0
0.529,50,400,0,85.9256250560599,86.5,86.5743749439401,259,0,259,259,0,0,85.9256250560599,1,1,0
0.53,50,400,0,85.9256250560599,86.5,86.5743749439401,259,0,259,259,0,0,85.9256250560599,1,1,0
0.531,50,400,0,85.9256250560599,86.5,86.5743749439401,259,0,259,259,0,0,85.9256250560599,1,1,0
0.532,50,400,0,85.9256250560599,86.5,86.5743749439401,259,0,259,259,0,0,85.9256250560599,1,1,0
0.533,50,400,0,85.9256250560599,86.5,86.5743749439401,259,0,259,259,0,0,85.9256250560599,1,1,0
0.534,50,400,0,85.9256250560599,86.5,86.5743749439401,259,0,259,259,0,0,85.9256250560599,1,1,0
0.535,50,400,0,85.9256250560599,86.5,86.5743749439401,259,0,259,259,0,0,85.9256250560599,1,1,0
0.536,50,400,0,85.9256250560599,86.5,86.5743749439401,259,0,259,259,0,0,85.9256250560599,1,1,0
0.537,50,400,0,85.9256250560599,86.5,86.5743749439401,259,0,259,259,0,0,85.9256250560599,1,1,0
0.538,50,400,0,85.9256250560599,86.5,86.5743749439401,259,0,259,259,0,0,85.9256250560599,1,1,0
0.539,50,400,0,85.9256250560599,86.5,86.5743749439401,259,0,259,259,0,0,85.9256250560599,1,1,0
0.54,50,400,0,85.9256250560599,86.5,86.5743749439401,259,0,259,259,0,0,85.9256250560599,1,1,0
0.541,50,400,0,85.9256250560599,86.5,86.5743749439401,259,0,259,259,0,0,85.9256250560599,1,1,0
0.542,50,400,0,85.9256250560599,86.5,86.5743749439401,259,0,259,259,0,0,85.9256250560599,1,1,0
0.543,50,400,0,85.9256250560599,86.5,86.5743749439401,259,0,259,259,0,0,85.9256250560599,1,1,0
0.544,50,400,0,85.9256250560599,86.5,86.5743749439401,259,0,259,259,0,0,85.9256250560599,1,1,0
0.545,50,400,0,85.9256250560599,86.5,86.5743749439401,259,0,259,259,0,0,85.9256250560599,1,1,0
0.546,50,400,0,85.9256250560599,86.5,86.5743749439401,259,0,259,259,0,0,85.9256250560599,1,1,0
0.547,50,400,0,85.9256250560599,86.5,86.5743749439401,259,0,259,259,0,0,85.9256250560599,1,1,0
0.548,50,400,0,85.9256250560599,86.5,86.5743749439401,259,0,259,259,0,0,85.9256250560599,1,1,0
0.549,50,400,0,85.9256250560599,86.5,86.5743749439401,259,0,259,259,0,0,85.9256250560599,1,1,0
0.55,50,400,0,85.9256250560599,86.5,86.5743749439401,259,0,259,259,0,0,85.9256250560599,1,1,0
0.551,50,400,0,85.9256250560599,86.5,86.5743749439401,259,0,259,259,0,0,85.9256250560599,1,1,0
0.552,50,400,0,85.9256250560599,86.5,86.5743749439401,259,0,259,259,0,0,85.9256250560599,1,1,0
0.553,50,400,0,85.9256250560599,86.5,86.5743749439401,259,0,259,259,0,0,85.9256250560599,1,1,0
0.554,50,400,0,85.9256250560599,86.5,86.5743749439401,259,0,259,259,0,0,85.9256250560599,1,1,0
0.555,50,400,0,85.9256250560599,86.5,86.5743749439401,259,0,259,259,0,0,85.9256250560599,1,1,0
0.556,50,400,0,85.9256250560599,86.5,86.5743749439401,259,0,259,259,0,0,85.9256250560599,1,1,0
0.557,50,400,0,85.9256250560599,86.5,86.5743749439401,259,0,259,259,0,0,85.9256250560599,1,1,0
0.558,50,400,0,85.9256250560599,86.5,86.5743749439401,259,0,259,259,0,0,85.9256250560599,1,1,0
0.559,50,400,0,85.9256250560599,86.5,86.5743749439401,259,0,259,259,0,0,85.9256250560599,1,1,0
0.56,50,400,0,85.9256250560599,86.5,86.5743749439401,259,0,259,259,0,0,85.9256250560599,1,1,0
0.561,50,400,0,85.9256250560599,86.5,86.5743749439401,259,0,259,259,0,0,85.9256250560599,1,1,0
0.562,50,400,0,85.9256250560599,86.5,86.5743749439401,259,0,259,259,0,0,85.9256250560599,1,1,0
0.563,50,400,0,85.9256250560599,86.5,86.5743749439401,259,0,259,259,0,0,85.9256250560599,1,1,0
0.564,50,400,0,85.9256250560599,86.5,86.5743749439401,259,0,259,259,0,0,85.9256250560599,1,1,0
0.565,50,400,0,85.9256250560599,86.5,86.5743749439401,259,0,259,259,0,0,85.9256250560599,1,1,0
0.566,50,400,0,85.9256250560599,86.5,86.5743749439401,259,0,259,259,0,0,85.9256250560599,1,1,0
0.567,50,400,0,85.9256250560599,86.5,86.5743749439401,259,0,259,259,0,0,85.9256250560599,1,1,0
0.568,50,400,0,85.9256250560599,86.5,86.5743749439401,259,0,259,259,0,0,85.9256250560599,1,1,0
0.569,50,400,0,85.9256250560599,86.5,86.5743749439401,259,0,259,259,0,0,85.9256250560599,1,1,0
0.57,50,400,0,85.9256250560599,86.5,86.5743749439401,259,0,259,259,0,0,85.9256250560599,1,1,0
0.571,50,400,0,85.9256250560599,86.5,86.5743749439401,259,0,259,259,0,0,85.9256250560599,1,1,0
0.572,50,400,0,85.9256250560599,86.5,86.5743749439401,259,0,259,259,0,0,85.9256250560599,1,1,0
0.573,50,400,0,85.9256250560599,86.5,86.5743749439401,259,0,259,259,0,0,85.9256250560599,1,1,0
0.574,50,400,0,85.9256250560599,86.5,86.5743749439401,259,0,259,259,0,0,85.9256250560599,1,1,0
0.575,50,400,0,85.9256250560599,86.5,86.5743749439401,259,0,259,259,0,0,85.9256250560599,1,1,0
0.576,50,400,0,85.9256250560599,86.5,86.5743749439401,259,0,259,259,0,0,85.9256250560599,1,1,0
0.577,50,400,0,85.9256250560599,86.5,86.5743749439401,259,0,259,259,0,0,85.9256250560599,1,1,0
0.578,50,400,0,85.9256250560599,86.5,86.5743749439401,259,0,259,259,0,0,85.9256250560599,1,1,0
0.579,50,400,0,85.9256250560599,86.5,86.5743749439401,259,0,259,259,0,0,85.9256250560599,1,1,0
0.58,50,400,0,85.9256250560599,86.5,86.5743749439401,259,0,259,259,0,0,85.9256250560599,1,1,0
0.581,50,400,0,85.9256250560599,86.5,86.5743749439401,259,0,259,259,0,0,85.9256250560599,1,1,0
0.582,50,400,0,85.9256250560599,86.5,86.5743749439401,259,0,259,259,0,0,85.9256250560599,1,1,0
0.583,50,400,0,85.9256250560599,86.5,86.5743749439401,259,0,259,259,0,0,85.9256250560599,1,1,0
0.584,50,400,0,85.9256250560599,86.5,86.5743749439401,259,0,259,259,0,0,85.9256250560599,1,1,0
0.585,50,400,0,85.9256250560599,86.5,86.5743749439401,259,0,259,259,0,0,85.9256250560599,1,1,0
0.586,50,400,0,85.9256250560599,86.5,86.5743749439401,259,0,259,259,0,0,85.9256250560599,1,1,0
0.587,50,400,0,85.9256250560599,86.5,86.5743749439401,259,0,259,259,0,0,85.9256250560599,1,1,0
0.588,50,400,0,85.9256250560599,86.5,86.5743749439401,259,0,259,259,0,0,85.9256250560599,1,1,0
0.589,50,400,0,85.9256250560599,86.5,86.5743749439401,259,0,259,259,0,0,85.9256250560599,1,1,0
0.59,50,400,0,85.9256250560599,86.5,86.5743749439401,259,0,259,259,0,0,85.9256250560599,1,1,0
0.591,50,400,0,85.9256250560599,86.5,86.5743749439401,259,0,259,259,0,0,85.9256250560599,1,1,0
0.592,50,400,0,85.9256250560599,86.5,86.5743749439401,259,0,259,259,0,0,85.9256250560599,1,1,0
0.593,50,400,0,85.9256250560599,86.5,86.5743749439401,259,0,259,259,0,0,85.9256250560599,1,1,0
0.594,50,400,0,85.9256250560599,86.5,86.5743749439401,259,0,259,259,0,0,85.9256250560599,1,1,0
0.595,50,400,0,85.9256250560599,86.5,86.5743749439401,259,0,259,259,0,0,85.9256250560599,1,1,0
0.596,50,400,0,85.9256250560599,86.5,86.5743749439401,259,0,259,259,0,0,85.9256250560599,1,1,0
0.597,50,400,0,85.9256250560599,86.5,86.5743749439401,259,0,259,259,0,0,85.9256250560599,1,1,0
0.598,50,400,0,85.9256250560599,86.5,86.5743749439401,259,0,259,259,0,0,85.9256250560599,1,1,0
0.599,50,400,0,85.9256250560599,86.5,86.5743749439401,259,0,259,259,0,0,85.9256250560599,1,1,0
0.6,50,400,0,85.9256250560599,86.5,86.5743749439401,259,0,259,259,0,0,85.9256250560599,1,1,0
0.601,50,400,0,85.9256250560599,86.5,86.5743749439401,259,0,259,259,0,0,85.9256250560599,1,1,0
0.602,50,400,0,85.9256250560599,86.5,86.5743749439401,259,0,259,259,0,0,85.9256250560599,1,1,0
0.603,50,400,0,85.9256250560599,86.5,86.5743749439401,259,0,259,259,0,0,85.9256250560599,1,1,0
0.604,50,400,0,85.9256250560599,86.5,86.5743749439401,259,0,259,259,0,0,85.9256250560599,1,1,0
0.605,50,400,0,85.9256250560599,86.5,86.5743749439401,259,0,259,259,0,0,85.9256250560599,1,1,0
0.606,50,400,0,85.9256250560599,86.5,86.5743749439401,259,0,259,259,0,0,85.9256250560599,1,1,0
0.607,50,400,0,85.9256250560599,86.5,86.5743749439401,259,0,259,259,0,0,85.9256250560599,1,1,0
0.608,50,400,0,85.9256250560599,86.5,86.5743749439401,259,0,259,259,0,0,85.9256250560599,1,1,0
0.609,50,400,0,85.9256250560599,86.5,86.5743749439401,259,0,259,259,0,0,85.9256250560599,1,1,0
0.61,50,400,0,85.9256250560599,86.5,86.5743749439401,259,0,259,259,0,0,85.9256250560599,1,1,0
0.611,50,400,0,85.9256250560599,86.5,86.5743749439401,259,0,259,259,0,0,85.9256250560599,1,1,0
0.612,50,400,0,85.9256250560599,86.5,86.5743749439401,259,0,259,259,0,0,85.9256250560599,1,1,0
0.613,50,400,0,85.9256250560599,86.5,86.5743749439401,259,0,259,259,0,0,85.9256250560599,1,1,0
0.614,50,400,0,85.9256250560599,86.5,86.5743749439401,259,0,259,259,0,0,85.9256250560599,1,1,0
0.615,50,400,0,85.9256250560599,86.5,86.5743749439401,259,0,259,259,0,0,85.9256250560599,1,1,0
0.616,50,400,0,85.9256250560599,86.5,86.5743749439401,259,0,259,259,0,0,85.9256250560599,1,1,0
0.617,50,400,0,85.9256250560599,86.5,86.5743749439401,259,0,259,259,0,0,85.9256250560599,1,1,0
0.618,50,400,0,85.9256250560599,86.5,86.5743749439401,259,0,259,259,0,0,85.9256250560599,1,1,0
0.619,50,400,0,85.9256250560599,86.5,86.5743749439401,259,0,259,259,0,0,85.9256250560599,1,1,0
0.62,50,400,0,85.9256250560599,86.5,86.5743749439401,259,0,259,259,0,0,85.9256250560599,1,1,0
0.621,50,400,0,85.9256250560599,86.5,86.5743749439401,259,0,259,259,0,0,85.9256250560599,1,1,0
0.622,50,400,0,85.9256250560599,86.5,86.5743749439401,259,0,259,259,0,0,85.9256250560599,1,1,0
0.623,50,400,0,85.9256250560599,86.5,86.5743749439401,259,0,259,259,0,0,85.9256250560599,1,1,0
0.624,50,400,0,85.9256250560599,86.5,86.5743749439401,259,0,259,259,0,0,85.9256250560599,1,1,0
0.625,50,400,0,85.9256250560599,86.5,86.5743749439401,259,0,259,259,0,0,85.9256250560599,1,1,0
0.626,50,400,0,85.9256250560599,86.5,86.5743749439401,259,0,259,259,0,0,85.9256250560599,1,1,0
0.627,50,400,0,85.9256250560599,86.5,86.5743749439401,259,0,259,259,0,0,85.9256250560599,1,1,0
0.628,50,400,0,85.9256250560599,86.5,86.5743749439401,259,0,259,259,0,0,85.9256250560599,1,1,0
0.629,50,400,0,85.9256250560599,86.5,86.5743749439401,259,0,259,259,0,0,85.9256250560599,1,1,0
0.63,50,400,0,85.9256250560599,86.5,86.5743749439401,259,0,259,259,0,0,85.9256250560599,1,1,0
0.631,50,400,0,85.9256250560599,86.5,86.5743749439401,259,0,259,259,0,0,85.9256250560599,1,1,0
0.632,50,400,0,85.9256250560599,86.5,86.5743749439401,259,0,259,259,0,0,85.9256250560599,1,1,0
0.633,50,400,0,85.9256250560599,86.5,86.5743749439401,259,0,259,259,0,0,85.9256250560599,1,1,0
0.634,50,400,0,85.9256250560599,86.5,86.5743749439401,259,0,259,259,0,0,85.9256250560599,1,1,0
0.635,50,400,0,85.9256250560599,86.5,86.5743749439401,259,0,259,259,0,0,85.9256250560599,1,1,0
0.636,50,400,0,85.9256250560599,86.5,86.5743749439401,259,0,259,259,0,0,85.9256250560599,1,1,0
0.637,50,400,0,85.9256250560599,86.5,86.5743749439401,259,0,259,259,0,0,85.9256250560599,1,1,0
0.638,50,400,0,85.9256250560599,86.5,86.5743749439401,259,0,259,259,0,0,85.9256250560599,1,1,0
0.639,50,400,0,85.9256250560599,86.5,86.5743749439401,259,0,259,259,0,0,85.9256250560599,1,1,0
0.64,50,400,0,85.9256250560599,86.5,86.5743749439401,259,0,259,259,0,0,85.9256250560599,1,1,0
0.641,50,400,0,85.9256250560599,86.5,86.5743749439401,259,0,259,259,0,0,85.9256250560599,1,1,0
0.642,50,400,0,85.9256250560599,86.5,86.5743749439401,259,0,259,259,0,0,85.9256250560599,1,1,0
0.643,50,400,0,85.9256250560599,86.5,86.5743749439401,259,0,259,259,0,0,85.9256250560599,1,1,0
0.644,50,400,0,85.9256250560599,86.5,86.5743749439401,259,0,259,259,0,0,85.9256250560599,1,1,0
0.645,50,400,0,85.9256250560599,86.5,86.5743749439401,259,0,259,259,0,0,85.9256250560599,1,1,0
0.646,50,400,0,85.9256250560599,86.5,86.5743749439401,259,0,259,259,0,0,85.9256250560599,1,1,0
0.647,50,400,0,85.9256250560599,86.5,86.5743749439401,259,0,259,259,0,0,85.9256250560599,1,1,0
0.648,50,400,0,85.9256250560599,86.5,86.5743749439401,259,0,259,259,0,0,85.9256250560599,1,1,0
0.649,50,400,0,85.9256250560599,86.5,86.5743749439401,259,0,259,259,0,0,85.9256250560599,1,1,0
0.65,50,400,0,85.9256250560599,86.5,86.5743749439401,259,0,259,259,0,0,85.9256250560599,1,1,0
0.651,50,400,0,85.9256250560599,86.5,86.5743749439401,259,0,259,259,0,0,85.9256250560599,1,1,0
0.652,50,400,0,85.9256250560599,86.5,86.5743749439401,259,0,259,259,0,0,85.9256250560599,1,1,0
0.653,50,400,0,85.9256250560599,86.5,86.5743749439401,259,0,259,259,0,0,85.9256250560599,1,1,0
0.654,50,400,0,85.9256250560599,86.5,86.5743749439401,259,0,259,259,0,0,85.9256250560599,1,1,0
0.655,50,400,0,85.9256250560599,86.5,86.5743749439401,259,0,259,259,0,0,85.9256250560599,1,1,0
0.656,50,400,0,85.9256250560599,86.5,86.5743749439401,259,0,259,259,0,0,85.9256250560599,1,1,0
0.657,50,400,0,85.9256250560599,86.5,86.5743749439401,259,0,259,259,0,0,85.9256250560599,1,1,0
0.658,50,400,0,85.9256250560599,86.5,86.5743749439401,259,0,259,259,0,0,85.9256250560599,1,1,0
0.659,50,400,0,85.9256250560599,86.5,86.5743749439401,259,0,259,259,0,0,85.9256250560599,1,1,0
0.66,50,400,0,85.9256250560599,86.5,86.5743749439401,259,0,259,259,0,0,85.9256250560599,1,1,0
0.661,50,400,0,85.9256250560599,86.5,86.5743749439401,259,0,259,259,0,0,85.9256250560599,1,1,0
0.662,50,400,0,85.9256250560599,86.5,86.5743749439401,259,0,259,259,0,0,85.9256250560599,1,1,0
0.663,50,400,0,85.9256250560599,86.5,86.5743749439401,259,0,259,259,0,0,85.9256250560599,1,1,0
0.664,50,400,0,85.9256250560599,86.5,86.5743749439401,259,0,259,259,0,0,85.9256250560599,1,1,0
0.665,50,400,0,85.9256250560599,86.5,86.5743749439401,259,0,259,259,0,0,85.9256250560599,1,1,0
0.666,50,400,0,85.9256250560599,86.5,86.5743749439401,259,0,259,259,0,0,85.9256250560599,1,1,0
0.667,50,400,0,85.9256250560599,86.5,86.5743749439401,259,0,259,259,0,0,85.9256250560599,1,1,0
0.668,50,400,0,85.9256250560599,86.5,86.5743749439401,259,0,259,259,0,0,85.9256250560599,1,1,0
0.669,50,400,0,85.9256250560599,86.5,86.5743749439401,259,0,259,259,0,0,85.9256250560599,1,1,0
0.67,50,400,0,85.9256250560599,86.5,86.5743749439401,259,0,259,259,0,0,85.9256250560599,1,1,0
0.671,50,400,0,85.9256250560599,86.5,86.5743749439401,259,0,259,259,0,0,85.9256250560599,1,1,0
0.672,50,400,0,85.9256250560599,86.5,86.5743749439401,259,0,259,259,0,0,85.9256250560599,1,1,0
0.673,50,400,0,85.9256250560599,86.5,86.5743749439401,259,0,259,259,0,0,85.9256250560599,1,1,0
0.674,50,400,0,85.9256250560599,86.5,86.5743749439401,259,0,259,259,0,0,85.9256250560599,1,1,0
0.675,50,400,0,85.9256250560599,86.5,86.5743749439401,259,0,259,259,0,0,85.9256250560599,1,1,0
0.676,50,400,0,85.9256250560599,86.5,86.5743749439401,259,0,259,259,0,0,85.9256250560599,1,1,0
0.677,50,400,0,85.9256250560599,86.5,86.5743749439401,259,0,259,259,0,0,85.9256250560599,1,1,0
0.678,50,400,0,85.9256250560599,86.5,86.5743749439401,259,0,259,259,0,0,85.9256250560599,1,1,0
0.679,50,400,0,85.9256250560599,86.5,86.5743749439401,259,0,259,259,0,0,85.9256250560599,1,1,0
0.68,50,400,0,85.9256250560599,86.5,86.5743749439401,259,0,259,259,0,0,85.9256250560599,1,1,0
0.681,50,400,0,85.9256250560599,86.5,86.5743749439401,259,0,259,259,0,0,85.9256250560599,1,1,0
0.682,50,400,0,85.9256250560599,86.5,86.5743749439401,259,0,259,259,0,0,85.9256250560599,1,1,0
0.683,50,400,0,85.9256250560599,86.5,86.5743749439401,259,0,259,259,0,0,85.9256250560599,1,1,0
0.684,50,400,0,85.9256250560599,86.5,86.5743749439401,259,0,259,259,0,0,85.9256250560599,1,1,0
0.685,50,400,0,85.9256250560599,86.5,86.5743749439401,259,0,259,259,0,0,85.9256250560599,1,1,0
0.686,50,400,0,85.9256250560599,86.5,86.5743749439401,259,0,259,259,0,0,85.9256250560599,1,1,0
0.687,50,400,0,85.9256250560599,86.5,86.5743749439401,259,0,259,259,0,0,85.9256250560599,1,1,0
0.688,50,400,0,85.9256250560599,86.5,86.5743749439401,259,0,259,259,0,0,85.9256250560599,1,1,0
0.689,50,400,0,85.9256250560599,86.5,86.5743749439401,259,0,259,259,0,0,85.9256250560599,1,1,0
0.69,50,400,0,85.9256250560599,86.5,86.5743749439401,259,0,259,259,0,0,85.9256250560599,1,1,0
0.691,50,400,0,85.9256250560599,86.5,86.5743749439401,259,0,259,259,0,0,85.9256250560599,1,1,0
0.692,50,400,0,85.9256250560599,86.5,86.5743749439401,259,0,259,259,0,0,85.9256250560599,1,1,0
0.693,50,400,0,85.9256250560599,86.5,86.5743749439401,259,0,259,259,0,0,85.9256250560599,1,1,0
0.694,50,400,0,85.9256250560599,86.5,86.5743749439401,259,0,259,259,0,0,85.9256250560599,1,1,0
0.695,50,400,0,85.9256250560599,86.5,86.5743749439401,259,0,259,259,0,0,85.9256250560599,1,1,0
0.696,50,400,0,85.9256250560599,86.5,86.5743749439401,259,0,259,259,0,0,85.9256250560599,1,1,0
0.697,50,400,0,85.9256250560599,86.5,86.5743749439401,259,0,259,259,0,0,85.9256250560599,1,1,0
0.698,50,400,0,85.9256250560599,86.5,86.5743749439401,259,0,259,259,0,0,85.9256250560599,1,1,0
0.699,50,400,0,85.9256250560599,86.5,86.5743749439401,259,0,259,259,0,0,85.9256250560599,1,1,0
0.7,50,400,0,85.9256250560599,86.5,86.5743749439401,259,0,259,259,0,0,85.9256250560599,1,1,0
0.701,50,400,0,85.9256250560599,86.5,86.5743749439401,259,0,259,259,0,0,85.9256250560599,1,1,0
0.702,50,400,0,85.9256250560599,86.5,86.5743749439401,259,0,259,259,0,0,85.9256250560599,1,1,0
0.703,50,400,0,85.9256250560599,86.5,86.5743749439401,259,0,259,259,0,0,85.9256250560599,1,1,0
0.704,50,400,0,85.9256250560599,86.5,86.5743749439401,259,0,259,259,0,0,85.9256250560599,1,1,0
0.705,50,400,0,85.9256250560599,86.5,86.5743749439401,259,0,259,259,0,0,85.9256250560599,1,1,0
0.706,50,400,0,85.9256250560599,86.5,86.5743749439401,259,0,259,259,0,0,85.9256250560599,1,1,0
0.707,50,400,0,85.9256250560599,86.5,86.5743749439401,259,0,259,259,0,0,85.9256250560599,1,1,0
0.708,50,400,0,85.9256250560599,86.5,86.5743749439401,259,0,259,259,0,0,85.9256250560599,1,1,0
0.709,50,400,0,85.9256250560599,86.5,86.5743749439401,259,0,259,259,0,0,85.9256250560599,1,1,0
0.71,50,400,0,85.9256250560599,86.5,86.5743749439401,259,0,259,259,0,0,85.9256250560599,1,1,0
0.711,50,400,0,85.9256250560599,86.5,86.5743749439401,259,0,259,259,0,0,85.9256250560599,1,1,0
0.712,50,400,0,85.9256250560599,86.5,86.5743749439401,259,0,259,259,0,0,85.9256250560599,1,1,0
0.713,50,400,0,85.9256250560599,86.5,86.5743749439401,259,0,259,259,0,0,85.9256250560599,1,1,0
0.714,50,400,0,85.9256250560599,86.5,86.5743749439401,259,0,259,259,0,0,85.9256250560599,1,1,0
0.715,50,400,0,85.9256250560599,86.5,86.5743749439401,259,0,259,259,0,0,85.9256250560599,1,1,0
0.716,50,400,0,85.9256250560599,86.5,86.5743749439401,259,0,259,259,0,0,85.9256250560599,1,1,0
0.717,50,400,0,85.9256250560599,86.5,86.5743749439401,259,0,259,259,0,0,85.9256250560599,1,1,0
0.718,50,400,0,85.9256250560599,86.5,86.5743749439401,259,0,259,259,0,0,85.9256250560599,1,1,0
0.719,50,400,0,85.9256250560599,86.5,86.5743749439401,259,0,259,259,0,0,85.9256250560599,1,1,0
0.72,50,400,0,85.9256250560599,86.5,86.5743749439401,259,0,259,259,0,0,85.9256250560599,1,1,0
0.721,50,400,0,85.9256250560599,86.5,86.5743749439401,259,0,259,259,0,0,85.9256250560599,1,1,0
0.722,50,400,0,85.9256250560599,86.5,86.5743749439401,259,0,259,259,0,0,85.9256250560599,1,1,0
0.723,50,400,0,85.9256250560599,86.5,86.5743749439401,259,0,259,259,0,0,85.9256250560599,1,1,0
0.724,50,400,0,85.9256250560599,86.5,86.5743749439401,259,0,259,259,0,0,85.9256250560599,1,1,0
0.725,50,400,0,85.9256250560599,86.5,86.5743749439401,259,0,259,259,0,0,85.9256250560599,1,1,0
0.726,50,400,0,85.9256250560599,86.5,86.5743749439401,259,0,259,259,0,0,85.9256250560599,1,1,0
0.727,50,400,0,85.9256250560599,86.5,86.5743749439401,259,0,259,259,0,0,85.9256250560599,1,1,0
0.728,50,400,0,85.9256250560599,86.5,86.5743749439401,259,0,259,259,0,0,85.9256250560599,1,1,0
0.729,50,400,0,85.9256250560599,86.5,86.5743749439401,259,0,259,259,0,0,85.9256250560599,1,1,0
0.73,50,400,0,85.9256250560599,86.5,86.5743749439401,259,0,259,259,0,0,85.9256250560599,1,1,0
0.731,50,400,0,85.9256250560599,86.5,86.5743749439401,259,0,259,259,0,0,85.9256250560599,1,1,0
0.732,50,400,0,85.9256250560599,86.5,86.5743749439401,259,0,259,259,0,0,85.9256250560599,1,1,0
0.733,50,400,0,85.9256250560599,86.5,86.5743749439401,259,0,259,259,0,0,85.9256250560599,1,1,0
0.734,50,400,0,85.9256250560599,86.5,86.5743749439401,259,0,259,259,0,0,85.9256250560599,1,1,0
0.735,50,400,0,85.9256250560599,86.5,86.5743749439401,259,0,259,259,0,0,85.9256250560599,1,1,0
0.736,50,400,0,85.9256250560599,86.5,86.5743749439401,259,0,259,259,0,0,85.9256250560599,1,1,0
0.737,50,400,0,85.9256250560599,86.5,86.5743749439401,259,0,259,259,0,0,85.9256250560599,1,1,0
0.738,50,400,0,85.9256250560599,86.5,86.5743749439401,259,0,259,259,0,0,85.9256250560599,1,1,0
0.739,50,400,0,85.9256250560599,86.5,86.5743749439401,259,0,259,259,0,0,85.9256250560599,1,1,0
0.74,50,400,0,85.9256250560599,86.5,86.5743749439401,259,0,259,259,0,0,85.9256250560599,1,1,0
0.741,50,400,0,85.9256250560599,86.5,86.5743749439401,259,0,259,259,0,0,85.9256250560599,1,1,0
0.742,50,400,0,85.9256250560599,86.5,86.5743749439401,259,0,259,259,0,0,85.9256250560599,1,1,0
0.743,50,400,0,85.9256250560599,86.5,86.5743749439401,259,0,259,259,0,0,85.9256250560599,1,1,0
0.744,50,400,0,85.9256250560599,86.5,86.5743749439401,259,0,259,259,0,0,85.9256250560599,1,1,0
0.745,50,400,0,85.9256250560599,86.5,86.5743749439401,259,0,259,259,0,0,85.9256250560599,1,1,0
0.746,50,400,0,85.9256250560599,86.5,86.5743749439401,259,0,259,259,0,0,85.9256250560599,1,1,0
0.747,50,400,0,85.9256250560599,86.5,86.5743749439401,259,0,259,259,0,0,85.9256250560599,1,1,0
0.748,50,400,0,85.9256250560599,86.5,86.5743749439401,259,0,259,259,0,0,85.9256250560599,1,1,0
0.749,50,400,0,85.9256250560599,86.5,86.5743749439401,259,0,259,259,0,0,85.9256250560599,1,1,0
0.75,50,400,0,85.9256250560599,86.5,86.5743749439401,259,0,259,259,0,0,85.9256250560599,1,1,0
0.751,50,400,0,85.9256250560599,86.5,86.5743749439401,259,0,259,259,0,0,85.9256250560599,1,1,0
0.752,50,400,0,85.9256250560599,86.5,86.5743749439401,259,0,259,259,0,0,85.9256250560599,1,1,0
0.753,50,400,0,85.9256250560599,86.5,86.5743749439401,259,0,259,259,0,0,85.9256250560599,1,1,0
0.754,50,400,0,85.9256250560599,86.5,86.5743749439401,259,0,259,259,0,0,85.9256250560599,1,1,0
0.755,50,400,0,85.9256250560599,86.5,86.5743749439401,259,0,259,259,0,0,85.9256250560599,1,1,0
0.756,50,400,0,85.9256250560599,86.5,86.5743749439401,259,0,259,259,0,0,85.9256250560599,1,1,0
0.757,50,400,0,85.9256250560599,86.5,86.5743749439401,259,0,259,259,0,0,85.9256250560599,1,1,0
0.758,50,400,0,85.9256250560599,86.5,86.5743749439401,259,0,259,259,0,0,85.9256250560599,1,1,0
0.759,50,400,0,85.9256250560599,86.5,86.5743749439401,259,0,259,259,0,0,85.9256250560599,1,1,0
0.76,50,400,0,85.9256250560599,86.5,86.5743749439401,259,0,259,259,0,0,85.9256250560599,1,1,0
0.761,50,400,0,85.9256250560599,86.5,86.5743749439401,259,0,259,259,0,0,85.9256250560599,1,1,0
0.762,50,400,0,85.9256250560599,86.5,86.5743749439401,259,0,259,259,0,0,85.9256250560599,1,1,0
0.763,50,400,0,85.9256250560599,86.5,86.5743749439401,259,0,259,259,0,0,85.9256250560599,1,1,0
0.764,50,400,0,85.9256250560599,86.5,86.5743749439401,259,0,259,259,0,0,85.9256250560599,1,1,0
0.765,50,400,0,85.9256250560599,86.5,86.5743749439401,259,0,259,259,0,0,85.9256250560599,1,1,0
0.766,50,400,0,85.9256250560599,86.5,86.5743749439401,259,0,259,259,0,0,85.9256250560599,1,1,0
0.767,50,400,0,85.9256250560599,86.5,86.5743749439401,259,0,259,259,0,0,85.9256250560599,1,1,0
0.768,50,400,0,85.9256250560599,86.5,86.5743749439401,259,0,259,259,0,0,85.9256250560599,1,1,0
0.769,50,400,0,85.9256250560599,86.5,86.5743749439401,259,0,259,259,0,0,85.9256250560599,1,1,0
0.77,50,400,0,85.9256250560599,86.5,86.5743749439401,259,0,259,259,0,0,85.9256250560599,1,1,0
0.771,50,400,0,85.9256250560599,86.5,86.5743749439401,259,0,259,259,0,0,85.9256250560599,1,1,0
0.772,50,400,0,85.9256250560599,86.5,86.5743749439401,259,0,259,259,0,0,85.9256250560599,1,1,0
0.773,50,400,0,85.9256250560599,86.5,86.5743749439401,259,0,259,259,0,0,85.9256250560599,1,1,0
0.774,50,400,0,85.9256250560599,86.5,86.5743749439401,259,0,259,259,0,0,85.9256250560599,1,1,0
0.775,50,400,0,85.9256250560599,86.5,86.5743749439401,259,0,259,259,0,0,85.9256250560599,1,1,0
0.776,50,400,0,85.9256250560599,86.5,86.5743749439401,259,0,259,259,0,0,85.9256250560599,1,1,0
0.777,50,400,0,85.9256250560599,86.5,86.5743749439401,259,0,259,259,0,0,85.9256250560599,1,1,0
0.778,50,400,0,85.9256250560599,86.5,86.5743749439401,259,0,259,259,0,0,85.9256250560599,1,1,0
0.779,50,400,0,85.9256250560599,86.5,86.5743749439401,259,0,259,259,0,0,85.9256250560599,1,1,0
0.78,50,400,0,85.9256250560599,86.5,86.5743749439401,259,0,259,259,0,0,85.9256250560599,1,1,0
0.781,50,400,0,85.9256250560599,86.5,86.5743749439401,259,0,259,259,0,0,85.9256250560599,1,1,0
0.782,50,400,0,85.9256250560599,86.5,86.5743749439401,259,0,259,259,0,0,85.9256250560599,1,1,0
0.783,50,400,0,85.9256250560599,86.5,86.5743749439401,259,0,259,259,0,0,85.9256250560599,1,1,0
0.784,50,400,0,85.9256250560599,86.5,86.5743749439401,259,0,259,259,0,0,85.9256250560599,1,1,0
0.785,50,400,0,85.9256250560599,86.5,86.5743749439401,259,0,259,259,0,0,85.9256250560599,1,1,0
0.786,50,400,0,85.9256250560599,86.5,86.5743749439401,259,0,259,259,0,0,85.9256250560599,1,1,0
0.787,50,400,0,85.9256250560599,86.5,86.5743749439401,259,0,259,259,0,0,85.9256250560599,1,1,0
0.788,50,400,0,85.9256250560599,86.5,86.5743749439401,259,0,259,259,0,0,85.9256250560599,1,1,0
0.789,50,400,0,85.9256250560599,86.5,86.5743749439401,259,0,259,259,0,0,85.9256250560599,1,1,0
0.79,50,400,0,85.9256250560599,86.5,86.5743749439401,259,0,259,259,0,0,85.9256250560599,1,1,0
0.791,50,400,0,85.9256250560599,86.5,86.5743749439401,259,0,259,259,0,0,85.9256250560599,1,1,0
0.792,50,400,0,85.9256250560599,86.5,86.5743749439401,259,0,259,259,0,0,85.9256250560599,1,1,0
0.793,50,400,0,85.9256250560599,86.5,86.5743749439401,259,0,259,259,0,0,85.9256250560599,1,1,0
0.794,50,400,0,85.9256250560599,86.5,86.5743749439401,259,0,259,259,0,0,85.9256250560599,1,1,0
0.795,50,400,0,85.9256250560599,86.5,86.5743749439401,259,0,259,259,0,0,85.9256250560599,1,1,0
0.796,50,400,0,85.9256250560599,86.5,86.5743749439401,259,0,259,259,0,0,85.9256250560599,1,1,0
0.797,50,400,0,85.9256250560599,86.5,86.5743749439401,259,0,259,259,0,0,85.9256250560599,1,1,0
0.798,50,400,0,85.9256250560599,86.5,86.5743749439401,259,0,259,259,0,0,85.9256250560599,1,1,0
0.799,50,400,0,85.9256250560599,86.5,86.5743749439401,259,0,259,259,0,0,85.9256250560599,1,1,0
0.8,50,400,0,85.9256250560599,86.5,86.5743749439401,259,0,259,259,0,0,85.9256250560599,1,1,0
0.801,50,400,0,85.9256250560599,86.5,86.5743749439401,259,0,259,259,0,0,85.9256250560599,1,1,0
0.802,50,400,0,85.9256250560599,86.5,86.5743749439401,259,0,259,259,0,0,85.9256250560599,1,1,0
0.803,50,400,0,85.9256250560599,86.5,86.5743749439401,259,0,259,259,0,0,85.9256250560599,1,1,0
0.804,50,400,0,85.9256250560599,86.5,86.5743749439401,259,0,259,259,0,0,85.9256250560599,1,1,0
0.805,50,400,0,85.9256250560599,86.5,86.5743749439401,259,0,259,259,0,0,85.9256250560599,1,1,0
0.806,50,400,0,85.9256250560599,86.5,86.5743749439401,259,0,259,259,0,0,85.9256250560599,1,1,0
0.807,50,400,0,85.9256250560599,86.5,86.5743749439401,259,0,259,259,0,0,85.9256250560599,1,1,0
0.808,50,400,0,85.9256250560599,86.5,86.5743749439401,259,0,259,259,0,0,85.9256250560599,1,1,0
0.809,50,400,0,85.9256250560599,86.5,86.5743749439401,259,0,259,259,0,0,85.9256250560599,1,1,0
0.81,50,400,0,85.9256250560599,86.5,86.5743749439401,259,0,259,259,0,0,85.9256250560599,1,1,0
0.811,50,400,0,85.9256250560599,86.5,86.5743749439401,259,0,259,259,0,0,85.9256250560599,1,1,0
0.812,50,400,0,85.9256250560599,86.5,86.5743749439401,259,0,259,259,0,0,85.9256250560599,1,1,0
0.813,50,400,0,85.9256250560599,86.5,86.5743749439401,259,0,259,259,0,0,85.9256250560599,1,1,0
0.814,50,400,0,85.9256250560599,86.5,86.5743749439401,259,0,259,259,0,0,85.9256250560599,1,1,0
0.815,50,400,0,85.9256250560599,86.5,86.5743749439401,259,0,259,259,0,0,85.9256250560599,1,1,0
0.816,50,400,0,85.9256250560599,86.5,86.5743749439401,259,0,259,259,0,0,85.9256250560599,1,1,0
0.817,50,400,0,85.9256250560599,86.5,86.5743749439401,259,0,259,259,0,0,85.9256250560599,1,1,0
0.818,50,400,0,85.9256250560599,86.5,86.5743749439401,259,0,259,259,0,0,85.9256250560599,1,1,0
0.819,50,400,0,85.9256250560599,86.5,86.5743749439401,259,0,259,259,0,0,85.9256250560599,1,1,0
0.82,50,400,0,85.9256250560599,86.5,86.5743749439401,259,0,259,259,0,0,85.9256250560599,1,1,0
0.821,50,400,0,85.9256250560599,86.5,86.5743749439401,259,0,259,259,0,0,85.9256250560599,1,1,0
0.822,50,400,0,85.9256250560599,86.5,86.5743749439401,259,0,259,259,0,0,85.9256250560599,1,1,0
0.823,50,400,0,85.9256250560599,86.5,86.5743749439401,259,0,259,259,0,0,85.9256250560599,1,1,0
0.824,50,400,0,85.9256250560599,86.5,86.5743749439401,259,0,259,259,0,0,85.9256250560599,1,1,0
0.825,50,400,0,85.9256250560599,86.5,86.5743749439401,259,0,259,259,0,0,85.9256250560599,1,1,0
0.826,50,400,0,85.9256250560599,86.5,86.5743749439401,259,0,259,259,0,0,85.9256250560599,1,1,0
0.827,50,400,0,85.9256250560599,86.5,86.5743749439401,259,0,259,259,0,0,85.9256250560599,1,1,0
0.828,50,400,0,85.9256250560599,86.5,86.5743749439401,259,0,259,259,0,0,85.9256250560599,1,1,0
0.829,50,400,0,85.9256250560599,86.5,86.5743749439401,259,0,259,259,0,0,85.9256250560599,1,1,0
0.83,50,400,0,85.9256250560599,86.5,86.5743749439401,259,0,259,259,0,0,85.9256250560599,1,1,0
0.831,50,400,0,85.9256250560599,86.5,86.5743749439401,259,0,259,259,0,0,85.9256250560599,1,1,0
0.832,50,400,0,85.9256250560599,86.5,86.5743749439401,259,0,259,259,0,0,85.9256250560599,1,1,0
0.833,50,400,0,85.9256250560599,86.5,86.5743749439401,259,0,259,259,0,0,85.9256250560599,1,1,0
0.834,50,400,0,85.9256250560599,86.5,86.5743749439401,259,0,259,259,0,0,85.9256250560599,1,1,0
0.835,50,400,0,85.9256250560599,86.5,86.5743749439401,259,0,259,259,0,0,85.9256250560599,1,1,0
0.836,50,400,0,85.9256250560599,86.5,86.5743749439401,259,0,259,259,0,0,85.9256250560599,1,1,0
0.837,50,400,0,85.9256250560599,86.5,86.5743749439401,259,0,259,259,0,0,85.9256250560599,1,1,0
0.838,50,400,0,85.9256250560599,86.5,86.5743749439401,259,0,259,259,0,0,85.9256250560599,1,1,0
0.839,50,400,0,85.9256250560599,86.5,86.5743749439401,259,0,259,259,0,0,85.9256250560599,1,1,0
0.84,50,400,0,85.9256250560599,86.5,86.5743749439401,259,0,259,259,0,0,85.9256250560599,1,1,0
0.841,50,400,0,85.9256250560599,86.5,86.5743749439401,259,0,259,259,0,0,85.9256250560599,1,1,0
0.842,50,400,0,85.9256250560599,86.5,86.5743749439401,259,0,259,259,0,0,85.9256250560599,1,1,0
0.843,50,400,0,85.9256250560599,86.5,86.5743749439401,259,0,259,259,0,0,85.9256250560599,1,1,0
0.844,50,400,0,85.9256250560599,86.5,86.5743749439401,259,0,259,259,0,0,85.9256250560599,1,1,0
0.845,50,400,0,85.9256250560599,86.5,86.5743749439401,259,0,259,259,0,0,85.9256250560599,1,1,0
0.846,50,400,0,85.9256250560599,86.5,86.5743749439401,259,0,259,259,0,0,85.9256250560599,1,1,0
0.847,50,400,0,85.9256250560599,86.5,86.5743749439401,259,0,259,259,0,0,85.9256250560599,1,1,0
0.848,50,400,0,85.9256250560599,86.5,86.5743749439401,259,0,259,259,0,0,85.9256250560599,1,1,0
0.849,50,400,0,85.9256250560599,86.5,86.5743749439401,259,0,259,259,0,0,85.9256250560599,1,1,0
0.85,50,400,0,85.9256250560599,86.5,86.5743749439401,259,0,259,259,0,0,85.9256250560599,1,1,0
0.851,50,400,0,85.9256250560599,86.5,86.5743749439401,259,0,259,259,0,0,85.9256250560599,1,1,0
0.852,50,400,0,85.9256250560599,86.5,86.5743749439401,259,0,259,259,0,0,85.9256250560599,1,1,0
0.853,50,400,0,85.9256250560599,86.5,86.5743749439401,259,0,259,259,0,0,85.9256250560599,1,1,0
0.854,50,400,0,85.9256250560599,86.5,86.5743749439401,259,0,259,259,0,0,85.9256250560599,1,1,0
0.855,50,400,0,85.9256250560599,86.5,86.5743749439401,259,0,259,259,0,0,85.9256250560599,1,1,0
0.856,50,400,0,85.9256250560599,86.5,86.5743749439401,259,0,259,259,0,0,85.9256250560599,1,1,0
0.857,50,400,0,85.9256250560599,86.5,86.5743749439401,259,0,259,259,0,0,85.9256250560599,1,1,0
0.858,50,400,0,85.9256250560599,86.5,86.5743749439401,259,0,259,259,0,0,85.9256250560599,1,1,0
0.859,50,400,0,85.9256250560599,86.5,86.5743749439401,259,0,259,259,0,0,85.9256250560599,1,1,0
0.86,50,400,0,85.9256250560599,86.5,86.5743749439401,259,0,259,259,0,0,85.9256250560599,1,1,0
0.861,50,400,0,85.9256250560599,86.5,86.5743749439401,259,0,259,259,0,0,85.9256250560599,1,1,0
0.862,50,400,0,85.9256250560599,86.5,86.5743749439401,259,0,259,259,0,0,85.9256250560599,1,1,0
0.863,50,400,0,85.9256250560599,86.5,86.5743749439401,259,0,259,259,0,0,85.9256250560599,1,1,0
0.864,50,400,0,85.9256250560599,86.5,86.5743749439401,259,0,259,259,0,0,85.9256250560599,1,1,0
0.865,50,400,0,85.9256250560599,86.5,86.5743749439401,259,0,259,259,0,0,85.9256250560599,1,1,0
0.866,50,400,0,85.9256250560599,86.5,86.5743749439401,259,0,259,259,0,0,85.9256250560599,1,1,0
0.867,50,400,0,85.9256250560599,86.5,86.5743749439401,259,0,259,259,0,0,85.9256250560599,1,1,0
0.868,50,400,0,85.9256250560599,86.5,86.5743749439401,259,0,259,259,0,0,85.9256250560599,1,1,0
0.869,50,400,0,85.9256250560599,86.5,86.5743749439401,259,0,259,259,0,0,85.9256250560599,1,1,0
0.87,50,400,0,85.9256250560599,86.5,86.5743749439401,259,0,259,259,0,0,85.9256250560599,1,1,0
0.871,50,400,0,85.9256250560599,86.5,86.5743749439401,259,0,259,259,0,0,85.9256250560599,1,1,0
0.872,50,400,0,85.9256250560599,86.5,86.5743749439401,259,0,259,259,0,0,85.9256250560599,1,1,0
0.873,50,400,0,85.9256250560599,86.5,86.5743749439401,259,0,259,259,0,0,85.9256250560599,1,1,0
0.874,50,400,0,85.9256250560599,86.5,86.5743749439401,259,0,259,259,0,0,85.9256250560599,1,1,0
0.875,50,400,0,85.9256250560599,86.5,86.5743749439401,259,0,259,259,0,0,85.9256250560599,1,1,0
0.876,50,400,0,85.9256250560599,86.5,86.5743749439401,259,0,259,259,0,0,85.9256250560599,1,1,0
0.877,50,400,0,85.9256250560599,86.5,86.5743749439401,259,0,259,259,0,0,85.9256250560599,1,1,0
0.878,50,400,0,85.9256250560599,86.5,86.5743749439401,259,0,259,259,0,0,85.9256250560599,1,1,0
0.879,50,400,0,85.9256250560599,86.5,86.5743749439401,259,0,259,259,0,0,85.9256250560599,1,1,0
0.88,50,400,0,85.9256250560599,86.5,86.5743749439401,259,0,259,259,0,0,85.9256250560599,1,1,0
0.881,50,400,0,85.9256250560599,86.5,86.5743749439401,259,0,259,259,0,0,85.9256250560599,1,1,0
0.882,50,400,0,85.9256250560599,86.5,86.5743749439401,259,0,259,259,0,0,85.9256250560599,1,1,0
0.883,50,400,0,85.9256250560599,86.5,86.5743749439401,259,0,259,259,0,0,85.9256250560599,1,1,0
0.884,50,400,0,85.9256250560599,86.5,86.5743749439401,259,0,259,259,0,0,85.9256250560599,1,1,0
0.885,50,400,0,85.9256250560599,86.5,86.5743749439401,259,0,259,259,0,0,85.9256250560599,1,1,0
0.886,50,400,0,85.9256250560599,86.5,86.5743749439401,259,0,259,259,0,0,85.9256250560599,1,1,0
0.887,50,400,0,85.9256250560599,86.5,86.5743749439401,259,0,259,259,0,0,85.9256250560599,1,1,0
0.888,50,400,0,85.9256250560599,86.5,86.5743749439401,259,0,259,259,0,0,85.9256250560599,1,1,0
0.889,50,400,0,85.9256250560599,86.5,86.5743749439401,259,0,259,259,0,0,85.9256250560599,1,1,0
0.89,50,400,0,85.9256250560599,86.5,86.5743749439401,259,0,259,259,0,0,85.9256250560599,1,1,0
0.891,50,400,0,85.9256250560599,86.5,86.5743749439401,259,0,259,259,0,0,85.9256250560599,1,1,0
0.892,50,400,0,85.9256250560599,86.5,86.5743749439401,259,0,259,259,0,0,85.9256250560599,1,1,0
0.893,50,400,0,85.9256250560599,86.5,86.5743749439401,259,0,259,259,0,0,85.9256250560599,1,1,0
0.894,50,400,0,85.9256250560599,86.5,86.5743749439401,259,0,259,259,0,0,85.9256250560599,1,1,0
0.895,50,400,0,85.9256250560599,86.5,86.5743749439401,259,0,259,259,0,0,85.9256250560599,1,1,0
0.896,50,400,0,85.9256250560599,86.5,86.5743749439401,259,0,259,259,0,0,85.9256250560599,1,1,0
0.897,50,400,0,85.9256250560599,86.5,86.5743749439401,259,0,259,259,0,0,85.9256250560599,1,1,0
0.898,50,400,0,85.9256250560599,86.5,86.5743749439401,259,0,259,259,0,0,85.9256250560599,1,1,0
0.899,50,400,0,85.9256250560599,86.5,86.5743749439401,259,0,259,259,0,0,85.9256250560599,1,1,0
0.9,50,400,0,85.9256250560599,86.5,86.5743749439401,259,0,259,259,0,0,85.9256250560599,1,1,0
0.901,50,400,0,85.9256250560599,86.5,86.5743749439401,259,0,259,259,0,0,85.9256250560599,1,1,0
0.902,50,400,0,85.9256250560599,86.5,86.5743749439401,259,0,259,259,0,0,85.9256250560599,1,1,0
0.903,50,400,0,85.9256250560599,86.5,86.5743749439401,259,0,259,259,0,0,85.9256250560599,1,1,0
0.904,50,400,0,85.9256250560599,86.5,86.5743749439401,259,0,259,259,0,0,85.9256250560599,1,1,0
0.905,50,400,0,85.9256250560599,86.5,86.5743749439401,259,0,259,259,0,0,85.9256250560599,1,1,0
0.906,50,400,0,85.9256250560599,86.5,86.5743749439401,259,0,259,259,0,0,85.9256250560599,1,1,0
0.907,50,400,0,85.9256250560599,86.5,86.5743749439401,259,0,259,259,0,0,85.9256250560599,1,1,0
0.908,50,400,0,85.9256250560599,86.5,86.5743749439401,259,0,259,259,0,0,85.9256250560599,1,1,0
0.909,50,400,0,85.9256250560599,86.5,86.5743749439401,259,0,259,259,0,0,85.9256250560599,1,1,0
0.91,50,400,0,85.9256250560599,86.5,86.5743749439401,259,0,259,259,0,0,85.9256250560599,1,1,0
0.911,50,400,0,85.9256250560599,86.5,86.5743749439401,259,0,259,259,0,0,85.9256250560599,1,1,0
0.912,50,400,0,85.9256250560599,86.5,86.5743749439401,259,0,259,259,0,0,85.9256250560599,1,1,0
0.913,50,400,0,85.9256250560599,86.5,86.5743749439401,259,0,259,259,0,0,85.9256250560599,1,1,0
0.914,50,400,0,85.9256250560599,86.5,86.5743749439401,259,0,259,259,0,0,85.9256250560599,1,1,0
0.915,50,400,0,85.9256250560599,86.5,86.5743749439401,259,0,259,259,0,0,85.9256250560599,1,1,0
0.916,50,400,0,85.9256250560599,86.5,86.5743749439401,259,0,259,259,0,0,85.9256250560599,1,1,0
0.917,50,400,0,85.9256250560599,86.5,86.5743749439401,259,0,259,259,0,0,85.9256250560599,1,1,0
0.918,50,400,0,85.9256250560599,86.5,86.5743749439401,259,0,259,259,0,0,85.9256250560599,1,1,0
0.919,50,400,0,85.9256250560599,86.5,86.5743749439401,259,0,259,259,0,0,85.9256250560599,1,1,0
0.92,50,400,0,85.9256250560599,86.5,86.5743749439401,259,0,259,259,0,0,85.9256250560599,1,1,0
0.921,50,400,0,85.9256250560599,86.5,86.5743749439401,259,0,259,259,0,0,85.9256250560599,1,1,0
0.922,50,400,0,85.9256250560599,86.5,86.5743749439401,259,0,259,259,0,0,85.9256250560599,1,1,0
0.923,50,400,0,85.9256250560599,86.5,86.5743749439401,259,0,259,259,0,0,85.9256250560599,1,1,0
0.924,50,400,0,85.9256250560599,86.5,86.5743749439401,259,0,259,259,0,0,85.9256250560599,1,1,0
0.925,50,400,0,85.9256250560599,86.5,86.5743749439401,259,0,259,259,0,0,85.9256250560599,1,1,0
0.926,50,400,0,85.9256250560599,86.5,86.5743749439401,259,0,259,259,0,0,85.9256250560599,1,1,0
0.927,50,400,0,85.9256250560599,86.5,86.5743749439401,259,0,259,259,0,0,85.9256250560599,1,1,0
0.928,50,400,0,85.9256250560599,86.5,86.5743749439401,259,0,259,259,0,0,85.9256250560599,1,1,0
0.929,50,400,0,85.9256250560599,86.5,86.5743749439401,259,0,259,259,0,0,85.9256250560599,1,1,0
0.93,50,400,0,85.9256250560599,86.5,86.5743749439401,259,0,259,259,0,0,85.9256250560599,1,1,0
0.931,50,400,0,85.9256250560599,86.5,86.5743749439401,259,0,259,259,0,0,85.9256250560599,1,1,0
0.932,50,400,0,85.9256250560599,86.5,86.5743749439401,259,0,259,259,0,0,85.9256250560599,1,1,0
0.933,50,400,0,85.9256250560599,86.5,86.5743749439401,259,0,259,259,0,0,85.9256250560599,1,1,0
0.934,50,400,0,85.9256250560599,86.5,86.5743749439401,259,0,259,259,0,0,85.9256250560599,1,1,0
0.935,50,400,0,85.9256250560599,86.5,86.5743749439401,259,0,259,259,0,0,85.9256250560599,1,1,0
0.936,50,400,0,85.9256250560599,86.5,86.5743749439401,259,0,259,259,0,0,85.9256250560599,1,1,0
0.937,50,400,0,85.9256250560599,86.5,86.5743749439401,259,0,259,259,0,0,85.9256250560599,1,1,0
0.938,50,400,0,85.9256250560599,86.5,86.5743749439401,259,0,259,259,0,0,85.9256250560599,1,1,0
0.939,50,400,0,85.9256250560599,86.5,86.5743749439401,259,0,259,259,0,0,85.9256250560599,1,1,0
0.94,50,400,0,85.9256250560599,86.5,86.5743749439401,259,0,259,259,0,0,85.9256250560599,1,1,0
0.941,50,400,0,85.9256250560599,86.5,86.5743749439401,259,0,259,259,0,0,85.9256250560599,1,1,0
0.942,50,400,0,85.9256250560599,86.5,86.5743749439401,259,0,259,259,0,0,85.9256250560599,1,1,0
0.943,50,400,0,85.9256250560599,86.5,86.5743749439401,259,0,259,259,0,0,85.9256250560599,1,1,0
0.944,50,400,0,85.9256250560599,86.5,86.5743749439401,259,0,259,259,0,0,85.9256250560599,1,1,0
0.945,50,400,0,85.9256250560599,86.5,86.5743749439401,259,0,259,259,0,0,85.9256250560599,1,1,0
0.946,50,400,0,85.9256250560599,86.5,86.5743749439401,259,0,259,259,0,0,85.9256250560599,1,1,0
0.947,50,400,0,85.9256250560599,86.5,86.5743749439401,259,0,259,259,0,0,85.9256250560599,1,1,0
0.948,50,400,0,85.9256250560599,86.5,86.5743749439401,259,0,259,259,0,0,85.9256250560599,1,1,0
0.949,50,400,0,85.9256250560599,86.5,86.5743749439401,259,0,259,259,0,0,85.9256250560599,1,1,0
0.95,50,400,0,85.9256250560599,86.5,86.5743749439401,259,0,259,259,0,0,85.9256250560599,1,1,0
0.951,50,400,0,85.9256250560599,86.5,86.5743749439401,259,0,259,259,0,0,85.9256250560599,1,1,0
0.952,50,400,0,85.9256250560599,86.5,86.5743749439401,259,0,259,259,0,0,85.9256250560599,1,1,0
0.953,50,400,0,85.9256250560599,86.5,86.5743749439401,259,0,259,259,0,0,85.9256250560599,1,1,0
0.954,50,400,0,85.9256250560599,86.5,86.5743749439401,259,0,259,259,0,0,85.9256250560599,1,1,0
0.955,50,400,0,85.9256250560599,86.5,86.5743749439401,259,0,259,259,0,0,85.9256250560599,1,1,0
0.956,50,400,0,85.9256250560599,86.5,86.5743749439401,259,0,259,259,0,0,85.9256250560599,1,1,0
0.957,50,400,0,85.9256250560599,86.5,86.5743749439401,259,0,259,259,0,0,85.9256250560599,1,1,0
0.958,50,400,0,85.9256250560599,86.5,86.5743749439401,259,0,259,259,0,0,85.9256250560599,1,1,0
0.959,50,400,0,85.9256250560599,86.5,86.5743749439401,259,0,259,259,0,0,85.9256250560599,1,1,0
0.96,50,400,0,85.9256250560599,86.5,86.5743749439401,259,0,259,259,0,0,85.9256250560599,1,1,0
0.961,50,400,0,85.9256250560599,86.5,86.5743749439401,259,0,259,259,0,0,85.9256250560599,1,1,0
0.962,50,400,0,85.9256250560599,86.5,86.5743749439401,259,0,259,259,0,0,85.9256250560599,1,1,0
0.963,50,400,0,85.9256250560599,86.5,86.5743749439401,259,0,259,259,0,0,85.9256250560599,1,1,0
0.964,50,400,0,85.9256250560599,86.5,86.5743749439401,259,0,259,259,0,0,85.9256250560599,1,1,0
0.965,50,400,0,85.9256250560599,86.5,86.5743749439401,259,0,259,259,0,0,85.9256250560599,1,1,0
0.966,50,400,0,85.9256250560599,86.5,86.5743749439401,259,0,259,259,0,0,85.9256250560599,1,1,0
0.967,50,400,0,85.9256250560599,86.5,86.5743749439401,259,0,259,259,0,0,85.9256250560599,1,1,0
0.968,50,400,0,85.9256250560599,86.5,86.5743749439401,259,0,259,259,0,0,85.9256250560599,1,1,0
0.969,50,400,0,85.9256250560599,86.5,86.5743749439401,259,0,259,259,0,0,85.9256250560599,1,1,0
0.97,50,400,0,85.9256250560599,86.5,86.5743749439401,259,0,259,259,0,0,85.9256250560599,1,1,0
0.971,50,400,0,85.9256250560599,86.5,86.5743749439401,259,0,259,259,0,0,85.9256250560599,1,1,0
0.972,50,400,0,85.9256250560599,86.5,86.5743749439401,259,0,259,259,0,0,85.9256250560599,1,1,0
0.973,50,400,0,85.9256250560599,86.5,86.5743749439401,259,0,259,259,0,0,85.9256250560599,1,1,0
0.974,50,400,0,85.9256250560599,86.5,86.5743749439401,259,0,259,259,0,0,85.9256250560599,1,1,0
0.975,50,400,0,85.9256250560599,86.5,86.5743749439401,259,0,259,259,0,0,85.9256250560599,1,1,0
0.976,50,400,0,85.9256250560599,86.5,86.5743749439401,259,0,259,259,0,0,85.9256250560599,1,1,0
0.977,50,400,0,85.9256250560599,86.5,86.5743749439401,259,0,259,259,0,0,85.9256250560599,1,1,0
0.978,50,400,0,85.9256250560599,86.5,86.5743749439401,259,0,259,259,0,0,85.9256250560599,1,1,0
0.979,50,400,0,85.9256250560599,86.5,86.5743749439401,259,0,259,259,0,0,85.9256250560599,1,1,0
0.98,50,400,0,85.9256250560599,86.5,86.5743749439401,259,0,259,259,0,0,85.9256250560599,1,1,0
0.981,50,400,0,85.9256250560599,86.5,86.5743749439401,259,0,259,259,0,0,85.9256250560599,1,1,0
0.982,50,400,0,85.9256250560599,86.5,86.5743749439401,259,0,259,259,0,0,85.9256250560599,1,1,0
0.983,50,400,0,85.9256250560599,86.5,86.5743749439401,259,0,259,259,0,0,85.9256250560599,1,1,0
0.984,50,400,0,85.9256250560599,86.5,86.5743749439401,259,0,259,259,0,0,85.9256250560599,1,1,0
0.985,50,400,0,85.9256250560599,86.5,86.5743749439401,259,0,259,259,0,0,85.9256250560599,1,1,0
0.986,50,400,0,85.9256250560599,86.5,86.5743749439401,259,0,259,259,0,0,85.9256250560599,1,1,0
0.987,50,400,0,85.9256250560599,86.5,86.5743749439401,259,0,259,259,0,0,85.9256250560599,1,1,0
0.988,50,400,0,85.9256250560599,86.5,86.5743749439401,259,0,259,259,0,0,85.9256250560599,1,1,0
0.989,50,400,0,85.9256250560599,86.5,86.5743749439401,259,0,259,259,0,0,85.9256250560599,1,1,0
0.99,50,400,0,85.9256250560599,86.5,86.5743749439401,259,0,259,259,0,0,85.9256250560599,1,1,0
0.991,50,400,0,85.9256250560599,86.5,86.5743749439401,259,0,259,259,0,0,85.9256250560599,1,1,0
0.992,50,400,0,85.9256250560599,86.5,86.5743749439401,259,0,259,259,0,0,85.9256250560599,1,1,0
0.993,50,400,0,85.9256250560599,86.5,86.5743749439401,259,0,259,259,0,0,85.9256250560599,1,1,0
0.994,50,400,0,85.9256250560599,86.5,86.5743749439401,259,0,259,259,0,0,85.9256250560599,1,1,0
0.995,50,400,0,85.9256250560599,86.5,86.5743749439401,259,0,259,259,0,0,85.9256250560599,1,1,0
0.996,50,400,0,85.9256250560599,86.5,86.5743749439401,259,0,259,259,0,0,85.9256250560599,1,1,0
0.997,50,400,0,85.9256250560599,86.5,86.5743749439401,259,0,259,259,0,0,85.9256250560599,1,1,0
0.998,50,400,0,85.9256250560599,86.5,86.5743749439401,259,0,259,259,0,0,85.9256250560599,1,1,0
0.999,50,400,0,85.9256250560599,86.5,86.5743749439401,259,0,259,259,0,0,85.9256250560599,1,1,0
1,50,400,0,85.9256250560599,86.5,86.5743749439401,259,0,259,259,0,0,85.9256250560599,1,1,0
1.001,50,400,0,85.9256250560599,86.5,86.5743749439401,259,0,259,259,0,0,85.9256250560599,1,1,0
1.002,50,400,0,85.9256250560599,86.5,86.5743749439401,259,0,259,259,0,0,85.9256250560599,1,1,0
1.003,50,400,0,85.9256250560599,86.5,86.5743749439401,259,0,259,259,0,0,85.9256250560599,1,1,0
1.004,50,400,0,85.9256250560599,86.5,86.5743749439401,259,0,259,259,0,0,85.9256250560599,1,1,0
1.005,50,400,0,85.9256250560599,86.5,86.5743749439401,259,0,259,259,0,0,85.9256250560599,1,1,0
1.006,50,400,0,85.9256250560599,86.5,86.5743749439401,259,0,259,259,0,0,85.9256250560599,1,1,0
1.007,50,400,0,85.9256250560599,86.5,86.5743749439401,259,0,259,259,0,0,85.9256250560599,1,1,0
1.008,50,400,0,85.9256250560599,86.5,86.5743749439401,259,0,259,259,0,0,85.9256250560599,1,1,0
1.009,50,400,0,85.9256250560599,86.5,86.5743749439401,259,0,259,259,0,0,85.9256250560599,1,1,0
1.01,50,400,0,85.9256250560599,86.5,86.5743749439401,259,0,259,259,0,0,85.9256250560599,1,1,0
1.011,50,400,0,85.9256250560599,86.5,86.5743749439401,259,0,259,259,0,0,85.9256250560599,1,1,0
1.012,50,400,0,85.9256250560599,86.5,86.5743749439401,259,0,259,259,0,0,85.9256250560599,1,1,0
1.013,50,400,0,85.9256250560599,86.5,86.5743749439401,259,0,259,259,0,0,85.9256250560599,1,1,0
1.014,50,400,0,85.9256250560599,86.5,86.5743749439401,259,0,259,259,0,0,85.9256250560599,1,1,0
1.015,50,400,0,85.9256250560599,86.5,86.5743749439401,259,0,259,259,0,0,85.9256250560599,1,1,0
1.016,50,400,0,85.9256250560599,86.5,86.5743749439401,259,0,259,259,0,0,85.9256250560599,1,1,0
1.017,50,400,0,85.9256250560599,86.5,86.5743749439401,259,0,259,259,0,0,85.9256250560599,1,1,0
1.018,50,400,0,85.9256250560599,86.5,86.5743749439401,259,0,259,259,0,0,85.9256250560599,1,1,0
1.019,50,400,0,85.9256250560599,86.5,86.5743749439401,259,0,259,259,0,0,85.9256250560599,1,1,0
1.02,50,400,0,85.9256250560599,86.5,86.5743749439401,259,0,259,259,0,0,85.9256250560599,1,1,0
1.021,50,400,0,85.9256250560599,86.5,86.5743749439401,259,0,259,259,0,0,85.9256250560599,1,1,0
1.022,50,400,0,85.9256250560599,86.5,86.5743749439401,259,0,259,259,0,0,85.9256250560599,1,1,0
1.023,50,400,0,85.9256250560599,86.5,86.5743749439401,259,0,259,259,0,0,85.9256250560599,1,1,0
1.024,50,400,0,85.9256250560599,86.5,86.5743749439401,259,0,259,259,0,0,85.9256250560599,1,1,0
1.025,50,400,0,85.9256250560599,86.5,86.5743749439401,259,0,259,259,0,0,85.9256250560599,1,1,0
1.026,50,400,0,85.9256250560599,86.5,86.5743749439401,259,0,259,259,0,0,85.9256250560599,1,1,0
1.027,50,400,0,85.9256250560599,86.5,86.5743749439401,259,0,259,259,0,0,85.9256250560599,1,1,0
1.028,50,400,0,85.9256250560599,86.5,86.5743749439401,259,0,259,259,0,0,85.9256250560599,1,1,0
1.029,50,400,0,85.9256250560599,86.5,86.5743749439401,259,0,259,259,0,0,85.9256250560599,1,1,0
1.03,50,400,0,85.9256250560599,86.5,86.5743749439401,259,0,259,259,0,0,85.9256250560599,1,1,0
1.031,50,400,0,85.9256250560599,86.5,86.5743749439401,259,0,259,259,0,0,85.9256250560599,1,1,0
1.032,50,400,0,85.9256250560599,86.5,86.5743749439401,259,0,259,259,0,0,85.9256250560599,1,1,0
1.033,50,400,0,85.9256250560599,86.5,86.5743749439401,259,0,259,259,0,0,85.9256250560599,1,1,0
1.034,50,400,0,85.9256250560599,86.5,86.5743749439401,259,0,259,259,0,0,85.9256250560599,1,1,0
1.035,50,400,0,85.9256250560599,86.5,86.5743749439401,259,0,259,259,0,0,85.9256250560599,1,1,0
1.036,50,400,0,85.9256250560599,86.5,86.5743749439401,259,0,259,259,0,0,85.9256250560599,1,1,0
1.037,50,400,0,85.9256250560599,86.5,86.5743749439401,259,0,259,259,0,0,85.9256250560599,1,1,0
1.038,50,400,0,85.9256250560599,86.5,86.5743749439401,259,0,259,259,0,0,85.9256250560599,1,1,0
1.039,50,400,0,85.9256250560599,86.5,86.5743749439401,259,0,259,259,0,0,85.9256250560599,1,1,0
1.04,50,400,0,85.9256250560599,86.5,86.5743749439401,259,0,259,259,0,0,85.9256250560599,1,1,0
1.041,50,400,0,85.9256250560599,86.5,86.5743749439401,259,0,259,259,0,0,85.9256250560599,1,1,0
1.042,50,400,0,85.9256250560599,86.5,86.5743749439401,259,0,259,259,0,0,85.9256250560599,1,1,0
1.043,50,400,0,85.9256250560599,86.5,86.5743749439401,259,0,259,259,0,0,85.9256250560599,1,1,0
1.044,50,400,0,85.9256250560599,86.5,86.5743749439401,259,0,259,259,0,0,85.9256250560599,1,1,0
1.045,50,400,0,85.9256250560599,86.5,86.5743749439401,259,0,259,259,0,0,85.9256250560599,1,1,0
1.046,50,400,0,85.9256250560599,86.5,86.5743749439401,259,0,259,259,0,0,85.9256250560599,1,1,0
1.047,50,400,0,85.9256250560599,86.5,86.5743749439401,259,0,259,259,0,0,85.9256250560599,1,1,0
1.048,50,400,0,85.9256250560599,86.5,86.5743749439401,259,0,259,259,0,0,85.9256250560599,1,1,0
1.049,50,400,0,85.9256250560599,86.5,86.5743749439401,259,0,259,259,0,0,85.9256250560599,1,1,0
1.05,50,400,0,85.9256250560599,86.5,86.5743749439401,259,0,259,259,0,0,85.9256250560599,1,1,0
1.051,50,400,0,85.9256250560599,86.5,86.5743749439401,259,0,259,259,0,0,85.9256250560599,1,1,0
1.052,50,400,0,85.9256250560599,86.5,86.5743749439401,259,0,259,259,0,0,85.9256250560599,1,1,0
1.053,50,400,0,85.9256250560599,86.5,86.5743749439401,259,0,259,259,0,0,85.9256250560599,1,1,0
1.054,50,400,0,85.9256250560599,86.5,86.5743749439401,259,0,259,259,0,0,85.9256250560599,1,1,0
1.055,50,400,0,85.9256250560599,86.5,86.5743749439401,259,0,259,259,0,0,85.9256250560599,1,1,0
1.056,50,400,0,85.9256250560599,86.5,86.5743749439401,259,0,259,259,0,0,85.9256250560599,1,1,0
1.057,50,400,0,85.9256250560599,86.5,86.5743749439401,259,0,259,259,0,0,85.9256250560599,1,1,0
1.058,50,400,0,85.9256250560599,86.5,86.5743749439401,259,0,259,259,0,0,85.9256250560599,1,1,0
1.059,50,400,0,85.9256250560599,86.5,86.5743749439401,259,0,259,259,0,0,85.9256250560599,1,1,0
1.06,50,400,0,85.9256250560599,86.5,86.5743749439401,259,0,259,259,0,0,85.9256250560599,1,1,0
1.061,50,400,0,85.9256250560599,86.5,86.5743749439401,259,0,259,259,0,0,85.9256250560599,1,1,0
1.062,50,400,0,85.9256250560599,86.5,86.5743749439401,259,0,259,259,0,0,85.9256250560599,1,1,0
1.063,50,400,0,85.9256250560599,86.5,86.5743749439401,259,0,259,259,0,0,85.9256250560599,1,1,0
1.064,50,400,0,85.9256250560599,86.5,86.5743749439401,259,0,259,259,0,0,85.9256250560599,1,1,0
1.065,50,400,0,85.9256250560599,86.5,86.5743749439401,259,0,259,259,0,0,85.9256250560599,1,1,0
1.066,50,400,0,85.9256250560599,86.5,86.5743749439401,259,0,259,259,0,0,85.9256250560599,1,1,0
1.067,50,400,0,85.9256250560599,86.5,86.5743749439401,259,0,259,259,0,0,85.9256250560599,1,1,0
1.068,50,400,0,85.9256250560599,86.5,86.5743749439401,259,0,259,259,0,0,85.9256250560599,1,1,0
1.069,50,400,0,85.9256250560599,86.5,86.5743749439401,259,0,259,259,0,0,85.9256250560599,1,1,0
1.07,50,400,0,85.9256250560599,86.5,86.5743749439401,259,0,259,259,0,0,85.9256250560599,1,1,0
1.071,50,400,0,85.9256250560599,86.5,86.5743749439401,259,0,259,259,0,0,85.9256250560599,1,1,0
1.072,50,400,0,85.9256250560599,86.5,86.5743749439401,259,0,259,259,0,0,85.9256250560599,1,1,0
1.073,50,400,0,85.9256250560599,86.5,86.5743749439401,259,0,259,259,0,0,85.9256250560599,1,1,0
1.074,50,400,0,85.9256250560599,86.5,86.5743749439401,259,0,259,259,0,0,85.9256250560599,1,1,0
1.075,50,400,0,85.9256250560599,86.5,86.5743749439401,259,0,259,259,0,0,85.9256250560599,1,1,0
1.076,50,400,0,85.9256250560599,86.5,86.5743749439401,259,0,259,259,0,0,85.9256250560599,1,1,0
1.077,50,400,0,85.9256250560599,86.5,86.5743749439401,259,0,259,259,0,0,85.9256250560599,1,1,0
1.078,50,400,0,85.9256250560599,86.5,86.5743749439401,259,0,259,259,0,0,85.9256250560599,1,1,0
1.079,50,400,0,85.9256250560599,86.5,86.5743749439401,259,0,259,259,0,0,85.9256250560599,1,1,0
1.08,50,400,0,85.9256250560599,86.5,86.5743749439401,259,0,259,259,0,0,85.9256250560599,1,1,0
1.081,50,400,0,85.9256250560599,86.5,86.5743749439401,259,0,259,259,0,0,85.9256250560599,1,1,0
1.082,50,400,0,85.9256250560599,86.5,86.5743749439401,259,0,259,259,0,0,85.9256250560599,1,1,0
1.083,50,400,0,85.9256250560599,86.5,86.5743749439401,259,0,259,259,0,0,85.9256250560599,1,1,0
1.084,50,400,0,85.9256250560599,86.5,86.5743749439401,259,0,259,259,0,0,85.9256250560599,1,1,0
1.085,50,400,0,85.9256250560599,86.5,86.5743749439401,259,0,259,259,0,0,85.9256250560599,1,1,0
1.086,50,400,0,85.9256250560599,86.5,86.5743749439401,259,0,259,259,0,0,85.9256250560599,1,1,0
1.087,50,400,0,85.9256250560599,86.5,86.5743749439401,259,0,259,259,0,0,85.9256250560599,1,1,0
1.088,50,400,0,85.9256250560599,86.5,86.5743749439401,259,0,259,259,0,0,85.9256250560599,1,1,0
1.089,50,400,0,85.9256250560599,86.5,86.5743749439401,259,0,259,259,0,0,85.9256250560599,1,1,0
1.09,50,400,0,85.9256250560599,86.5,86.5743749439401,259,0,259,259,0,0,85.9256250560599,1,1,0
1.091,50,400,0,85.9256250560599,86.5,86.5743749439401,259,0,259,259,0,0,85.9256250560599,1,1,0
1.092,50,400,0,85.9256250560599,86.5,86.5743749439401,259,0,259,259,0,0,85.9256250560599,1,1,0
1.093,50,400,0,85.9256250560599,86.5,86.5743749439401,259,0,259,259,0,0,85.9256250560599,1,1,0
1.094,50,400,0,85.9256250560599,86.5,86.5743749439401,259,0,259,259,0,0,85.9256250560599,1,1,0
1.095,50,400,0,85.9256250560599,86.5,86.5743749439401,259,0,259,259,0,0,85.9256250560599,1,1,0
1.096,50,400,0,85.9256250560599,86.5,86.5743749439401,259,0,259,259,0,0,85.9256250560599,1,1,0
1.097,50,400,0,85.9256250560599,86.5,86.5743749439401,259,0,259,259,0,0,85.9256250560599,1,1,0
1.098,50,400,0,85.9256250560599,86.5,86.5743749439401,259,0,259,259,0,0,85.9256250560599,1,1,0
1.099,50,400,0,85.9256250560599,86.5,86.5743749439401,259,0,259,259,0,0,85.9256250560599,1,1,0
1.1,50,400,0,85.9256250560599,86.5,86.5743749439401,259,0,259,259,0,0,85.9256250560599,1,1,0
1.101,50,400,0,85.9256250560599,86.5,86.5743749439401,259,0,259,259,0,0,85.9256250560599,1,1,0
1.102,50,400,0,85.9256250560599,86.5,86.5743749439401,259,0,259,259,0,0,85.9256250560599,1,1,0
1.103,50,400,0,85.9256250560599,86.5,86.5743749439401,259,0,259,259,0,0,85.9256250560599,1,1,0
1.104,50,400,0,85.9256250560599,86.5,86.5743749439401,259,0,259,259,0,0,85.9256250560599,1,1,0
1.105,50,400,0,85.9256250560599,86.5,86.5743749439401,259,0,259,259,0,0,85.9256250560599,1,1,0
1.106,50,400,0,85.9256250560599,86.5,86.5743749439401,259,0,259,259,0,0,85.9256250560599,1,1,0
1.107,50,400,0,85.9256250560599,86.5,86.5743749439401,259,0,259,259,0,0,85.9256250560599,1,1,0
1.108,50,400,0,85.9256250560599,86.5,86.5743749439401,259,0,259,259,0,0,85.9256250560599,1,1,0
1.109,50,400,0,85.9256250560599,86.5,86.5743749439401,259,0,259,259,0,0,85.9256250560599,1,1,0
1.11,50,400,0,85.9256250560599,86.5,86.5743749439401,259,0,259,259,0,0,85.9256250560599,1,1,0
1.111,50,400,0,85.9256250560599,86.5,86.5743749439401,259,0,259,259,0,0,85.9256250560599,1,1,0
1.112,50,400,0,85.9256250560599,86.5,86.5743749439401,259,0,259,259,0,0,85.9256250560599,1,1,0
1.113,50,400,0,85.9256250560599,86.5,86.5743749439401,259,0,259,259,0,0,85.9256250560599,1,1,0
1.114,50,400,0,85.9256250560599,86.5,86.5743749439401,259,0,259,259,0,0,85.9256250560599,1,1,0
1.115,50,400,0,85.9256250560599,86.5,86.5743749439401,259,0,259,259,0,0,85.9256250560599,1,1,0
1.116,50,400,0,85.9256250560599,86.5,86.5743749439401,259,0,259,259,0,0,85.9256250560599,1,1,0
1.117,50,400,0,85.9256250560599,86.5,86.5743749439401,259,0,259,259,0,0,85.9256250560599,1,1,0
1.118,50,400,0,85.9256250560599,86.5,86.5743749439401,259,0,259,259,0,0,85.9256250560599,1,1,0
1.119,50,400,0,85.9256250560599,86.5,86.5743749439401,259,0,259,259,0,0,85.9256250560599,1,1,0
1.12,50,400,0,85.9256250560599,86.5,86.5743749439401,259,0,259,259,0,0,85.9256250560599,1,1,0
1.121,50,400,0,85.9256250560599,86.5,86.5743749439401,259,0,259,259,0,0,85.9256250560599,1,1,0
1.122,50,400,0,85.9256250560599,86.5,86.5743749439401,259,0,259,259,0,0,85.9256250560599,1,1,0
1.123,50,400,0,85.9256250560599,86.5,86.5743749439401,259,0,259,259,0,0,85.9256250560599,1,1,0
1.124,50,400,0,85.9256250560599,86.5,86.5743749439401,259,0,259,259,0,0,85.9256250560599,1,1,0
1.125,50,400,0,85.9256250560599,86.5,86.5743749439401,259,0,259,259,0,0,85.9256250560599,1,1,0
1.126,50,400,0,85.9256250560599,86.5,86.5743749439401,259,0,259,259,0,0,85.9256250560599,1,1,0
1.127,50,400,0,85.9256250560599,86.5,86.5743749439401,259,0,259,259,0,0,85.9256250560599,1,1,0
1.128,50,400,0,85.9256250560599,86.5,86.5743749439401,259,0,259,259,0,0,85.9256250560599,1,1,0
1.129,50,400,0,85.9256250560599,86.5,86.5743749439401,259,0,259,259,0,0,85.9256250560599,1,1,0
1.13,50,400,0,85.9256250560599,86.5,86.5743749439401,259,0,259,259,0,0,85.9256250560599,1,1,0
1.131,50,400,0,85.9256250560599,86.5,86.5743749439401,259,0,259,259,0,0,85.9256250560599,1,1,0
1.132,50,400,0,85.9256250560599,86.5,86.5743749439401,259,0,259,259,0,0,85.9256250560599,1,1,0
1.133,50,400,0,85.9256250560599,86.5,86.5743749439401,259,0,259,259,0,0,85.9256250560599,1,1,0
1.134,50,400,0,85.9256250560599,86.5,86.5743749439401,259,0,259,259,0,0,85.9256250560599,1,1,0
1.135,50,400,0,85.9256250560599,86.5,86.5743749439401,259,0,259,259,0,0,85.9256250560599,1,1,0
1.136,50,400,0,85.9256250560599,86.5,86.5743749439401,259,0,259,259,0,0,85.9256250560599,1,1,0
1.137,50,400,0,85.9256250560599,86.5,86.5743749439401,259,0,259,259,0,0,85.9256250560599,1,1,0
1.138,50,400,0,85.9256250560599,86.5,86.5743749439401,259,0,259,259,0,0,85.9256250560599,1,1,0
1.139,50,400,0,85.9256250560599,86.5,86.5743749439401,259,0,259,259,0,0,85.9256250560599,1,1,0
1.14,50,400,0,85.9256250560599,86.5,86.5743749439401,259,0,259,259,0,0,85.9256250560599,1,1,0
1.141,50,400,0,85.9256250560599,86.5,86.5743749439401,259,0,259,259,0,0,85.9256250560599,1,1,0
1.142,50,400,0,85.9256250560599,86.5,86.5743749439401,259,0,259,259,0,0,85.9256250560599,1,1,0
1.143,50,400,0,85.9256250560599,86.5,86.5743749439401,259,0,259,259,0,0,85.9256250560599,1,1,0
1.144,50,400,0,85.9256250560599,86.5,86.5743749439401,259,0,259,259,0,0,85.9256250560599,1,1,0
1.145,50,400,0,85.9256250560599,86.5,86.5743749439401,259,0,259,259,0,0,85.9256250560599,1,1,0
1.146,50,400,0,85.9256250560599,86.5,86.5743749439401,259,0,259,259,0,0,85.9256250560599,1,1,0
1.147,50,400,0,85.9256250560599,86.5,86.5743749439401,259,0,259,259,0,0,85.9256250560599,1,1,0
1.148,50,400,0,85.9256250560599,86.5,86.5743749439401,259,0,259,259,0,0,85.9256250560599,1,1,0
1.149,50,400,0,85.9256250560599,86.5,86.5743749439401,259,0,259,259,0,0,85.9256250560599,1,1,0
1.15,50,400,0,85.9256250560599,86.5,86.5743749439401,259,0,259,259,0,0,85.9256250560599,1,1,0
1.151,50,400,0,85.9256250560599,86.5,86.5743749439401,259,0,259,259,0,0,85.9256250560599,1,1,0
1.152,50,400,0,85.9256250560599,86.5,86.5743749439401,259,0,259,259,0,0,85.9256250560599,1,1,0
1.153,50,400,0,85.9256250560599,86.5,86.5743749439401,259,0,259,259,0,0,85.9256250560599,1,1,0
1.154,50,400,0,85.9256250560599,86.5,86.5743749439401,259,0,259,259,0,0,85.9256250560599,1,1,0
1.155,50,400,0,85.9256250560599,86.5,86.5743749439401,259,0,259,259,0,0,85.9256250560599,1,1,0
1.156,50,400,0,85.9256250560599,86.5,86.5743749439401,259,0,259,259,0,0,85.9256250560599,1,1,0
1.157,50,400,0,85.9256250560599,86.5,86.5743749439401,259,0,259,259,0,0,85.9256250560599,1,1,0
1.158,50,400,0,85.9256250560599,86.5,86.5743749439401,259,0,259,259,0,0,85.9256250560599,1,1,0
1.159,50,400,0,85.9256250560599,86.5,86.5743749439401,259,0,259,259,0,0,85.9256250560599,1,1,0
1.16,50,400,0,85.9256250560599,86.5,86.5743749439401,259,0,259,259,0,0,85.9256250560599,1,1,0
1.161,50,400,0,85.9256250560599,86.5,86.5743749439401,259,0,259,259,0,0,85.9256250560599,1,1,0
1.162,50,400,0,85.9256250560599,86.5,86.5743749439401,259,0,259,259,0,0,85.9256250560599,1,1,0
1.163,50,400,0,85.9256250560599,86.5,86.5743749439401,259,0,259,259,0,0,85.9256250560599,1,1,0
1.164,50,400,0,85.9256250560599,86.5,86.5743749439401,259,0,259,259,0,0,85.9256250560599,1,1,0
1.165,50,400,0,85.9256250560599,86.5,86.5743749439401,259,0,259,259,0,0,85.9256250560599,1,1,0
1.166,50,400,0,85.9256250560599,86.5,86.5743749439401,259,0,259,259,0,0,85.9256250560599,1,1,0
1.167,50,400,0,85.9256250560599,86.5,86.5743749439401,259,0,259,259,0,0,85.9256250560599,1,1,0
1.168,50,400,0,85.9256250560599,86.5,86.5743749439401,259,0,259,259,0,0,85.9256250560599,1,1,0
1.169,50,400,0,85.9256250560599,86.5,86.5743749439401,259,0,259,259,0,0,85.9256250560599,1,1,0
1.17,50,400,0,85.9256250560599,86.5,86.5743749439401,259,0,259,259,0,0,85.9256250560599,1,1,0
1.171,50,400,0,85.9256250560599,86.5,86.5743749439401,259,0,259,259,0,0,85.9256250560599,1,1,0
1.172,50,400,0,85.9256250560599,86.5,86.5743749439401,259,0,259,259,0,0,85.9256250560599,1,1,0
1.173,50,400,0,85.9256250560599,86.5,86.5743749439401,259,0,259,259,0,0,85.9256250560599,1,1,0
1.174,50,400,0,85.9256250560599,86.5,86.5743749439401,259,0,259,259,0,0,85.9256250560599,1,1,0
1.175,50,400,0,85.9256250560599,86.5,86.5743749439401,259,0,259,259,0,0,85.9256250560599,1,1,0
1.176,50,400,0,85.9256250560599,86.5,86.5743749439401,259,0,259,259,0,0,85.9256250560599,1,1,0
1.177,50,400,0,85.9256250560599,86.5,86.5743749439401,259,0,259,259,0,0,85.9256250560599,1,1,0
1.178,50,400,0,85.9256250560599,86.5,86.5743749439401,259,0,259,259,0,0,85.9256250560599,1,1,0
1.179,50,400,0,85.9256250560599,86.5,86.5743749439401,259,0,259,259,0,0,85.9256250560599,1,1,0
1.18,50,400,0,85.9256250560599,86.5,86.5743749439401,259,0,259,259,0,0,85.9256250560599,1,1,0
1.181,50,400,0,85.9256250560599,86.5,86.5743749439401,259,0,259,259,0,0,85.9256250560599,1,1,0
1.182,50,400,0,85.9256250560599,86.5,86.5743749439401,259,0,259,259,0,0,85.9256250560599,1,1,0
1.183,50,400,0,85.9256250560599,86.5,86.5743749439401,259,0,259,259,0,0,85.9256250560599,1,1,0
1.184,50,400,0,85.9256250560599,86.5,86.5743749439401,259,0,259,259,0,0,85.9256250560599,1,1,0
1.185,50,400,0,85.9256250560599,86.5,86.5743749439401,259,0,259,259,0,0,85.9256250560599,1,1,0
1.186,50,400,0,85.9256250560599,86.5,86.5743749439401,259,0,259,259,0,0,85.9256250560599,1,1,0
1.187,50,400,0,85.9256250560599,86.5,86.5743749439401,259,0,259,259,0,0,85.9256250560599,1,1,0
1.188,50,400,0,85.9256250560599,86.5,86.5743749439401,259,0,259,259,0,0,85.9256250560599,1,1,0
1.189,50,400,0,85.9256250560599,86.5,86.5743749439401,259,0,259,259,0,0,85.9256250560599,1,1,0
1.19,50,400,0,85.9256250560599,86.5,86.5743749439401,259,0,259,259,0,0,85.9256250560599,1,1,0
1.191,50,400,0,85.9256250560599,86.5,86.5743749439401,259,0,259,259,0,0,85.9256250560599,1,1,0
1.192,50,400,0,85.9256250560599,86.5,86.5743749439401,259,0,259,259,0,0,85.9256250560599,1,1,0
1.193,50,400,0,85.9256250560599,86.5,86.5743749439401,259,0,259,259,0,0,85.9256250560599,1,1,0
1.194,50,400,0,85.9256250560599,86.5,86.5743749439401,259,0,259,259,0,0,85.9256250560599,1,1,0
1.195,50,400,0,85.9256250560599,86.5,86.5743749439401,259,0,259,259,0,0,85.9256250560599,1,1,0
1.196,50,400,0,85.9256250560599,86.5,86.5743749439401,259,0,259,259,0,0,85.9256250560599,1,1,0
1.197,50,400,0,85.9256250560599,86.5,86.5743749439401,259,0,259,259,0,0,85.9256250560599,1,1,0
1.198,50,400,0,85.9256250560599,86.5,86.5743749439401,259,0,259,259,0,0,85.9256250560599,1,1,0
1.199,50,400,0,85.9256250560599,86.5,86.5743749439401,259,0,259,259,0,0,85.9256250560599,1,1,0
1.2,50,400,0,85.9256250560599,86.5,86.5743749439401,259,0,259,259,0,0,85.9256250560599,1,1,0
1.201,50,400,0,85.9256250560599,86.5,86.5743749439401,259,0,259,259,0,0,85.9256250560599,1,1,0
1.202,50,400,0,85.9256250560599,86.5,86.5743749439401,259,0,259,259,0,0,85.9256250560599,1,1,0
1.203,50,400,0,85.9256250560599,86.5,86.5743749439401,259,0,259,259,0,0,85.9256250560599,1,1,0
1.204,50,400,0,85.9256250560599,86.5,86.5743749439401,259,0,259,259,0,0,85.9256250560599,1,1,0
1.205,50,400,0,85.9256250560599,86.5,86.5743749439401,259,0,259,259,0,0,85.9256250560599,1,1,0
1.206,50,400,0,85.9256250560599,86.5,86.5743749439401,259,0,259,259,0,0,85.9256250560599,1,1,0
1.207,50,400,0,85.9256250560599,86.5,86.5743749439401,259,0,259,259,0,0,85.9256250560599,1,1,0
1.208,50,400,0,85.9256250560599,86.5,86.5743749439401,259,0,259,259,0,0,85.9256250560599,1,1,0
1.209,50,400,0,85.9256250560599,86.5,86.5743749439401,259,0,259,259,0,0,85.9256250560599,1,1,0
1.21,50,400,0,85.9256250560599,86.5,86.5743749439401,259,0,259,259,0,0,85.9256250560599,1,1,0
1.211,50,400,0,85.9256250560599,86.5,86.5743749439401,259,0,259,259,0,0,85.9256250560599,1,1,0
1.212,50,400,0,85.9256250560599,86.5,86.5743749439401,259,0,259,259,0,0,85.9256250560599,1,1,0
1.213,50,400,0,85.9256250560599,86.5,86.5743749439401,259,0,259,259,0,0,85.9256250560599,1,1,0
1.214,50,400,0,85.9256250560599,86.5,86.5743749439401,259,0,259,259,0,0,85.9256250560599,1,1,0
1.215,50,400,0,85.9256250560599,86.5,86.5743749439401,259,0,259,259,0,0,85.9256250560599,1,1,0
1.216,50,400,0,85.9256250560599,86.5,86.5743749439401,259,0,259,259,0,0,85.9256250560599,1,1,0
1.217,50,400,0,85.9256250560599,86.5,86.5743749439401,259,0,259,259,0,0,85.9256250560599,1,1,0
1.218,50,400,0,85.9256250560599,86.5,86.5743749439401,259,0,259,259,0,0,85.9256250560599,1,1,0
1.219,50,400,0,85.9256250560599,86.5,86.5743749439401,259,0,259,259,0,0,85.9256250560599,1,1,0
1.22,50,400,0,85.9256250560599,86.5,86.5743749439401,259,0,259,259,0,0,85.9256250560599,1,1,0
1.221,50,400,0,85.9256250560599,86.5,86.5743749439401,259,0,259,259,0,0,85.9256250560599,1,1,0
1.222,50,400,0,85.9256250560599,86.5,86.5743749439401,259,0,259,259,0,0,85.9256250560599,1,1,0
1.223,50,400,0,85.9256250560599,86.5,86.5743749439401,259,0,259,259,0,0,85.9256250560599,1,1,0
1.224,50,400,0,85.9256250560599,86.5,86.5743749439401,259,0,259,259,0,0,85.9256250560599,1,1,0
1.225,50,400,0,85.9256250560599,86.5,86.5743749439401,259,0,259,259,0,0,85.9256250560599,1,1,0
1.226,50,400,0,85.9256250560599,86.5,86.5743749439401,259,0,259,259,0,0,85.9256250560599,1,1,0
1.227,50,400,0,85.9256250560599,86.5,86.5743749439401,259,0,259,259,0,0,85.9256250560599,1,1,0
1.228,50,400,0,85.9256250560599,86.5,86.5743749439401,259,0,259,259,0,0,85.9256250560599,1,1,0
1.229,50,400,0,85.9256250560599,86.5,86.5743749439401,259,0,259,259,0,0,85.9256250560599,1,1,0
1.23,50,400,0,85.9256250560599,86.5,86.5743749439401,259,0,259,259,0,0,85.9256250560599,1,1,0
1.231,50,400,0,85.9256250560599,86.5,86.5743749439401,259,0,259,259,0,0,85.9256250560599,1,1,0
1.232,50,400,0,85.9256250560599,86.5,86.5743749439401,259,0,259,259,0,0,85.9256250560599,1,1,0
1.233,50,400,0,85.9256250560599,86.5,86.5743749439401,259,0,259,259,0,0,85.9256250560599,1,1,0
1.234,50,400,0,85.9256250560599,86.5,86.5743749439401,259,0,259,259,0,0,85.9256250560599,1,1,0
1.235,50,400,0,85.9256250560599,86.5,86.5743749439401,259,0,259,259,0,0,85.9256250560599,1,1,0
1.236,50,400,0,85.9256250560599,86.5,86.5743749439401,259,0,259,259,0,0,85.9256250560599,1,1,0
1.237,50,400,0,85.9256250560599,86.5,86.5743749439401,259,0,259,259,0,0,85.9256250560599,1,1,0
1.238,50,400,0,85.9256250560599,86.5,86.5743749439401,259,0,259,259,0,0,85.9256250560599,1,1,0
1.239,50,400,0,85.9256250560599,86.5,86.5743749439401,259,0,259,259,0,0,85.9256250560599,1,1,0
1.24,50,400,0,85.9256250560599,86.5,86.5743749439401,259,0,259,259,0,0,85.9256250560599,1,1,0
1.241,50,400,0,85.9256250560599,86.5,86.5743749439401,259,0,259,259,0,0,85.9256250560599,1,1,0
1.242,50,400,0,85.9256250560599,86.5,86.5743749439401,259,0,259,259,0,0,85.9256250560599,1,1,0
1.243,50,400,0,85.9256250560599,86.5,86.5743749439401,259,0,259,259,0,0,85.9256250560599,1,1,0
1.244,50,400,0,85.9256250560599,86.5,86.5743749439401,259,0,259,259,0,0,85.9256250560599,1,1,0
1.245,50,400,0,85.9256250560599,86.5,86.5743749439401,259,0,259,259,0,0,85.9256250560599,1,1,0
1.246,50,400,0,85.9256250560599,86.5,86.5743749439401,259,0,259,259,0,0,85.9256250560599,1,1,0
1.247,50,400,0,85.9256250560599,86.5,86.5743749439401,259,0,259,259,0,0,85.9256250560599,1,1,0
1.248,50,400,0,85.9256250560599,86.5,86.5743749439401,259,0,259,259,0,0,85.9256250560599,1,1,0
1.249,50,400,0,85.9256250560599,86.5,86.5743749439401,259,0,259,259,0,0,85.9256250560599,1,1,0
1.25,50,400,0,85.9256250560599,86.5,86.5743749439401,259,0,259,259,0,0,85.9256250560599,1,1,0
1.251,50,400,0,85.9256250560599,86.5,86.5743749439401,259,0,259,259,0,0,85.9256250560599,1,1,0
1.252,50,400,0,85.9256250560599,86.5,86.5743749439401,259,0,259,259,0,0,85.9256250560599,1,1,0
1.253,50,400,0,85.9256250560599,86.5,86.5743749439401,259,0,259,259,0,0,85.9256250560599,1,1,0
1.254,50,400,0,85.9256250560599,86.5,86.5743749439401,259,0,259,259,0,0,85.9256250560599,1,1,0
1.255,50,400,0,85.9256250560599,86.5,86.5743749439401,259,0,259,259,0,0,85.9256250560599,1,1,0
1.256,50,400,0,85.9256250560599,86.5,86.5743749439401,259,0,259,259,0,0,85.9256250560599,1,1,0
1.257,50,400,0,85.9256250560599,86.5,86.5743749439401,259,0,259,259,0,0,85.9256250560599,1,1,0
1.258,50,400,0,85.9256250560599,86.5,86.5743749439401,259,0,259,259,0,0,85.9256250560599,1,1,0
1.259,50,400,0,85.9256250560599,86.5,86.5743749439401,259,0,259,259,0,0,85.9256250560599,1,1,0
1.26,50,400,0,85.9256250560599,86.5,86.5743749439401,259,0,259,259,0,0,85.9256250560599,1,1,0
1.261,50,400,0,85.9256250560599,86.5,86.5743749439401,259,0,259,259,0,0,85.9256250560599,1,1,0
1.262,50,400,0,85.9256250560599,86.5,86.5743749439401,259,0,259,259,0,0,85.9256250560599,1,1,0
1.263,50,400,0,85.9256250560599,86.5,86.5743749439401,259,0,259,259,0,0,85.9256250560599,1,1,0
1.264,50,400,0,85.9256250560599,86.5,86.5743749439401,259,0,259,259,0,0,85.9256250560599,1,1,0
1.265,50,400,0,85.9256250560599,86.5,86.5743749439401,259,0,259,259,0,0,85.9256250560599,1,1,0
1.266,50,400,0,85.9256250560599,86.5,86.5743749439401,259,0,259,259,0,0,85.9256250560599,1,1,0
1.267,50,400,0,85.9256250560599,86.5,86.5743749439401,259,0,259,259,0,0,85.9256250560599,1,1,0
1.268,50,400,0,85.9256250560599,86.5,86.5743749439401,259,0,259,259,0,0,85.9256250560599,1,1,0
1.269,50,400,0,85.9256250560599,86.5,86.5743749439401,259,0,259,259,0,0,85.9256250560599,1,1,0
1.27,50,400,0,85.9256250560599,86.5,86.5743749439401,259,0,259,259,0,0,85.9256250560599,1,1,0
1.271,50,400,0,85.9256250560599,86.5,86.5743749439401,259,0,259,259,0,0,85.9256250560599,1,1,0
1.272,50,400,0,85.9256250560599,86.5,86.5743749439401,259,0,259,259,0,0,85.9256250560599,1,1,0
1.273,50,400,0,85.9256250560599,86.5,86.5743749439401,259,0,259,259,0,0,85.9256250560599,1,1,0
1.274,50,400,0,85.9256250560599,86.5,86.5743749439401,259,0,259,259,0,0,85.9256250560599,1,1,0
1.275,50,400,0,85.9256250560599,86.5,86.5743749439401,259,0,259,259,0,0,85.9256250560599,1,1,0
1.276,50,400,0,85.9256250560599,86.5,86.5743749439401,259,0,259,259,0,0,85.9256250560599,1,1,0
1.277,50,400,0,85.9256250560599,86.5,86.5743749439401,259,0,259,259,0,0,85.9256250560599,1,1,0
1.278,50,400,0,85.9256250560599,86.5,86.5743749439401,259,0,259,259,0,0,85.9256250560599,1,1,0
1.279,50,400,0,85.9256250560599,86.5,86.5743749439401,259,0,259,259,0,0,85.9256250560599,1,1,0
1.28,50,400,0,85.9256250560599,86.5,86.5743749439401,259,0,259,259,0,0,85.9256250560599,1,1,0
1.281,50,400,0,85.9256250560599,86.5,86.5743749439401,259,0,259,259,0,0,85.9256250560599,1,1,0
1.282,50,400,0,85.9256250560599,86.5,86.5743749439401,259,0,259,259,0,0,85.9256250560599,1,1,0
1.283,50,400,0,85.9256250560599,86.5,86.5743749439401,259,0,259,259,0,0,85.9256250560599,1,1,0
1.284,50,400,0,85.9256250560599,86.5,86.5743749439401,259,0,259,259,0,0,85.9256250560599,1,1,0
1.285,50,400,0,85.9256250560599,86.5,86.5743749439401,259,0,259,259,0,0,85.9256250560599,1,1,0
1.286,50,400,0,85.9256250560599,86.5,86.5743749439401,259,0,259,259,0,0,85.9256250560599,1,1,0
1.287,50,400,0,85.9256250560599,86.5,86.5743749439401,259,0,259,259,0,0,85.9256250560599,1,1,0
1.288,50,400,0,85.9256250560599,86.5,86.5743749439401,259,0,259,259,0,0,85.9256250560599,1,1,0
1.289,50,400,0,85.9256250560599,86.5,86.5743749439401,259,0,259,259,0,0,85.9256250560599,1,1,0
1.29,50,400,0,85.9256250560599,86.5,86.5743749439401,259,0,259,259,0,0,85.9256250560599,1,1,0
1.291,50,400,0,85.9256250560599,86.5,86.5743749439401,259,0,259,259,0,0,85.9256250560599,1,1,0
1.292,50,400,0,85.9256250560599,86.5,86.5743749439401,259,0,259,259,0,0,85.9256250560599,1,1,0
1.293,50,400,0,85.9256250560599,86.5,86.5743749439401,259,0,259,259,0,0,85.9256250560599,1,1,0
1.294,50,400,0,85.9256250560599,86.5,86.5743749439401,259,0,259,259,0,0,85.9256250560599,1,1,0
1.295,50,400,0,85.9256250560599,86.5,86.5743749439401,259,0,259,259,0,0,85.9256250560599,1,1,0
1.296,50,400,0,85.9256250560599,86.5,86.5743749439401,259,0,259,259,0,0,85.9256250560599,1,1,0
1.297,50,400,0,85.9256250560599,86.5,86.5743749439401,259,0,259,259,0,0,85.9256250560599,1,1,0
1.298,50,400,0,85.9256250560599,86.5,86.5743749439401,259,0,259,259,0,0,85.9256250560599,1,1,0
1.299,50,400,0,85.9256250560599,86.5,86.5743749439401,259,0,259,259,0,0,85.9256250560599,1,1,0
1.3,50,400,0,85.9256250560599,86.5,86.5743749439401,259,0,259,259,0,0,85.9256250560599,1,1,0
1.301,50,400,0,85.9256250560599,86.5,86.5743749439401,259,0,259,259,0,0,85.9256250560599,1,1,0
1.302,50,400,0,85.9256250560599,86.5,86.5743749439401,259,0,259,259,0,0,85.9256250560599,1,1,0
1.303,50,400,0,85.9256250560599,86.5,86.5743749439401,259,0,259,259,0,0,85.9256250560599,1,1,0
1.304,50,400,0,85.9256250560599,86.5,86.5743749439401,259,0,259,259,0,0,85.9256250560599,1,1,0
1.305,50,400,0,85.9256250560599,86.5,86.5743749439401,259,0,259,259,0,0,85.9256250560599,1,1,0
1.306,50,400,0,85.9256250560599,86.5,86.5743749439401,259,0,259,259,0,0,85.9256250560599,1,1,0
1.307,50,400,0,85.9256250560599,86.5,86.5743749439401,259,0,259,259,0,0,85.9256250560599,1,1,0
1.308,50,400,0,85.9256250560599,86.5,86.5743749439401,259,0,259,259,0,0,85.9256250560599,1,1,0
1.309,50,400,0,85.9256250560599,86.5,86.5743749439401,259,0,259,259,0,0,85.9256250560599,1,1,0
1.31,50,400,0,85.9256250560599,86.5,86.5743749439401,259,0,259,259,0,0,85.9256250560599,1,1,0
1.311,50,400,0,85.9256250560599,86.5,86.5743749439401,259,0,259,259,0,0,85.9256250560599,1,1,0
1.312,50,400,0,85.9256250560599,86.5,86.5743749439401,259,0,259,259,0,0,85.9256250560599,1,1,0
1.313,50,400,0,85.9256250560599,86.5,86.5743749439401,259,0,259,259,0,0,85.9256250560599,1,1,0
1.314,50,400,0,85.9256250560599,86.5,86.5743749439401,259,0,259,259,0,0,85.9256250560599,1,1,0
1.315,50,400,0,85.9256250560599,86.5,86.5743749439401,259,0,259,259,0,0,85.9256250560599,1,1,0
1.316,50,400,0,85.9256250560599,86.5,86.5743749439401,259,0,259,259,0,0,85.9256250560599,1,1,0
1.317,50,400,0,85.9256250560599,86.5,86.5743749439401,259,0,259,259,0,0,85.9256250560599,1,1,0
1.318,50,400,0,85.9256250560599,86.5,86.5743749439401,259,0,259,259,0,0,85.9256250560599,1,1,0
1.319,50,400,0,85.9256250560599,86.5,86.5743749439401,259,0,259,259,0,0,85.9256250560599,1,1,0
1.32,50,400,0,85.9256250560599,86.5,86.5743749439401,259,0,259,259,0,0,85.9256250560599,1,1,0
1.321,50,400,0,85.9256250560599,86.5,86.5743749439401,259,0,259,259,0,0,85.9256250560599,1,1,0
1.322,50,400,0,85.9256250560599,86.5,86.5743749439401,259,0,259,259,0,0,85.9256250560599,1,1,0
1.323,50,400,0,85.9256250560599,86.5,86.5743749439401,259,0,259,259,0,0,85.9256250560599,1,1,0
1.324,50,400,0,85.9256250560599,86.5,86.5743749439401,259,0,259,259,0,0,85.9256250560599,1,1,0
1.325,50,400,0,85.9256250560599,86.5,86.5743749439401,259,0,259,259,0,0,85.9256250560599,1,1,0
1.326,50,400,0,85.9256250560599,86.5,86.5743749439401,259,0,259,259,0,0,85.9256250560599,1,1,0
1.327,50,400,0,85.9256250560599,86.5,86.5743749439401,259,0,259,259,0,0,85.9256250560599,1,1,0
1.328,50,400,0,85.9256250560599,86.5,86.5743749439401,259,0,259,259,0,0,85.9256250560599,1,1,0
1.329,50,400,0,85.9256250560599,86.5,86.5743749439401,259,0,259,259,0,0,85.9256250560599,1,1,0
1.33,50,400,0,85.9256250560599,86.5,86.5743749439401,259,0,259,259,0,0,85.9256250560599,1,1,0
1.331,50,400,0,85.9256250560599,86.5,86.5743749439401,259,0,259,259,0,0,85.9256250560599,1,1,0
1.332,50,400,0,85.9256250560599,86.5,86.5743749439401,259,0,259,259,0,0,85.9256250560599,1,1,0
1.333,50,400,0,85.9256250560599,86.5,86.5743749439401,259,0,259,259,0,0,85.9256250560599,1,1,0
1.334,50,400,0,85.9256250560599,86.5,86.5743749439401,259,0,259,259,0,0,85.9256250560599,1,1,0
1.335,50,400,0,85.9256250560599,86.5,86.5743749439401,259,0,259,259,0,0,85.9256250560599,1,1,0
1.336,50,400,0,85.9256250560599,86.5,86.5743749439401,259,0,259,259,0,0,85.9256250560599,1,1,0
1.337,50,400,0,85.9256250560599,86.5,86.5743749439401,259,0,259,259,0,0,85.9256250560599,1,1,0
1.338,50,400,0,85.9256250560599,86.5,86.5743749439401,259,0,259,259,0,0,85.9256250560599,1,1,0
1.339,50,400,0,85.9256250560599,86.5,86.5743749439401,259,0,259,259,0,0,85.9256250560599,1,1,0
1.34,50,400,0,85.9256250560599,86.5,86.5743749439401,259,0,259,259,0,0,85.9256250560599,1,1,0
1.341,50,400,0,85.9256250560599,86.5,86.5743749439401,259,0,259,259,0,0,85.9256250560599,1,1,0
1.342,50,400,0,85.9256250560599,86.5,86.5743749439401,259,0,259,259,0,0,85.9256250560599,1,1,0
1.343,50,400,0,85.9256250560599,86.5,86.5743749439401,259,0,259,259,0,0,85.9256250560599,1,1,0
1.344,50,400,0,85.9256250560599,86.5,86.5743749439401,259,0,259,259,0,0,85.9256250560599,1,1,0
1.345,50,400,0,85.9256250560599,86.5,86.5743749439401,259,0,259,259,0,0,85.9256250560599,1,1,0
1.346,50,400,0,85.9256250560599,86.5,86.5743749439401,259,0,259,259,0,0,85.9256250560599,1,1,0
1.347,50,400,0,85.9256250560599,86.5,86.5743749439401,259,0,259,259,0,0,85.9256250560599,1,1,0
1.348,50,400,0,85.9256250560599,86.5,86.5743749439401,259,0,259,259,0,0,85.9256250560599,1,1,0
1.349,50,400,0,85.9256250560599,86.5,86.5743749439401,259,0,259,259,0,0,85.9256250560599,1,1,0
1.35,50,400,0,85.9256250560599,86.5,86.5743749439401,259,0,259,259,0,0,85.9256250560599,1,1,0
1.351,50,400,0,85.9256250560599,86.5,86.5743749439401,259,0,259,259,0,0,85.9256250560599,1,1,0
1.352,50,400,0,85.9256250560599,86.5,86.5743749439401,259,0,259,259,0,0,85.9256250560599,1,1,0
1.353,50,400,0,85.9256250560599,86.5,86.5743749439401,259,0,259,259,0,0,85.9256250560599,1,1,0
1.354,50,400,0,85.9256250560599,86.5,86.5743749439401,259,0,259,259,0,0,85.9256250560599,1,1,0
1.355,50,400,0,85.9256250560599,86.5,86.5743749439401,259,0,259,259,0,0,85.9256250560599,1,1,0
1.356,50,400,0,85.9256250560599,86.5,86.5743749439401,259,0,259,259,0,0,85.9256250560599,1,1,0
1.357,50,400,0,85.9256250560599,86.5,86.5743749439401,259,0,259,259,0,0,85.9256250560599,1,1,0
1.358,50,400,0,85.9256250560599,86.5,86.5743749439401,259,0,259,259,0,0,85.9256250560599,1,1,0
1.359,50,400,0,85.9256250560599,86.5,86.5743749439401,259,0,259,259,0,0,85.9256250560599,1,1,0
1.36,50,400,0,85.9256250560599,86.5,86.5743749439401,259,0,259,259,0,0,85.9256250560599,1,1,0
1.361,50,400,0,85.9256250560599,86.5,86.5743749439401,259,0,259,259,0,0,85.9256250560599,1,1,0
1.362,50,400,0,85.9256250560599,86.5,86.5743749439401,259,0,259,259,0,0,85.9256250560599,1,1,0
1.363,50,400,0,85.9256250560599,86.5,86.5743749439401,259,0,259,259,0,0,85.9256250560599,1,1,0
1.364,50,400,0,85.9256250560599,86.5,86.5743749439401,259,0,259,259,0,0,85.9256250560599,1,1,0
1.365,50,400,0,85.9256250560599,86.5,86.5743749439401,259,0,259,259,0,0,85.9256250560599,1,1,0
1.366,50,400,0,85.9256250560599,86.5,86.5743749439401,259,0,259,259,0,0,85.9256250560599,1,1,0
1.367,50,400,0,85.9256250560599,86.5,86.5743749439401,259,0,259,259,0,0,85.9256250560599,1,1,0
1.368,50,400,0,85.9256250560599,86.5,86.5743749439401,259,0,259,259,0,0,85.9256250560599,1,1,0
1.369,50,400,0,85.9256250560599,86.5,86.5743749439401,259,0,259,259,0,0,85.9256250560599,1,1,0
1.37,50,400,0,85.9256250560599,86.5,86.5743749439401,259,0,259,259,0,0,85.9256250560599,1,1,0
1.371,50,400,0,85.9256250560599,86.5,86.5743749439401,259,0,259,259,0,0,85.9256250560599,1,1,0
1.372,50,400,0,85.9256250560599,86.5,86.5743749439401,259,0,259,259,0,0,85.9256250560599,1,1,0
1.373,50,400,0,85.9256250560599,86.5,86.5743749439401,259,0,259,259,0,0,85.9256250560599,1,1,0
1.374,50,400,0,85.9256250560599,86.5,86.5743749439401,259,0,259,259,0,0,85.9256250560599,1,1,0
1.375,50,400,0,85.9256250560599,86.5,86.5743749439401,259,0,259,259,0,0,85.9256250560599,1,1,0
1.376,50,400,0,85.9256250560599,86.5,86.5743749439401,259,0,259,259,0,0,85.9256250560599,1,1,0
1.377,50,400,0,85.9256250560599,86.5,86.5743749439401,259,0,259,259,0,0,85.9256250560599,1,1,0
1.378,50,400,0,85.9256250560599,86.5,86.5743749439401,259,0,259,259,0,0,85.9256250560599,1,1,0
1.379,50,400,0,85.9256250560599,86.5,86.5743749439401,259,0,259,259,0,0,85.9256250560599,1,1,0
1.38,50,400,0,85.9256250560599,86.5,86.5743749439401,259,0,259,259,0,0,85.9256250560599,1,1,0
1.381,50,400,0,85.9256250560599,86.5,86.5743749439401,259,0,259,259,0,0,85.9256250560599,1,1,0
1.382,50,400,0,85.9256250560599,86.5,86.5743749439401,259,0,259,259,0,0,85.9256250560599,1,1,0
1.383,50,400,0,85.9256250560599,86.5,86.5743749439401,259,0,259,259,0,0,85.9256250560599,1,1,0
1.384,50,400,0,85.9256250560599,86.5,86.5743749439401,259,0,259,259,0,0,85.9256250560599,1,1,0
1.385,50,400,0,85.9256250560599,86.5,86.5743749439401,259,0,259,259,0,0,85.9256250560599,1,1,0
1.386,50,400,0,85.9256250560599,86.5,86.5743749439401,259,0,259,259,0,0,85.9256250560599,1,1,0
1.387,50,400,0,85.9256250560599,86.5,86.5743749439401,259,0,259,259,0,0,85.9256250560599,1,1,0
1.388,50,400,0,85.9256250560599,86.5,86.5743749439401,259,0,259,259,0,0,85.9256250560599,1,1,0
1.389,50,400,0,85.9256250560599,86.5,86.5743749439401,259,0,259,259,0,0,85.9256250560599,1,1,0
1.39,50,400,0,85.9256250560599,86.5,86.5743749439401,259,0,259,259,0,0,85.9256250560599,1,1,0
1.391,50,400,0,85.9256250560599,86.5,86.5743749439401,259,0,259,259,0,0,85.9256250560599,1,1,0
1.392,50,400,0,85.9256250560599,86.5,86.5743749439401,259,0,259,259,0,0,85.9256250560599,1,1,0
1.393,50,400,0,85.9256250560599,86.5,86.5743749439401,259,0,259,259,0,0,85.9256250560599,1,1,0
1.394,50,400,0,85.9256250560599,86.5,86.5743749439401,259,0,259,259,0,0,85.9256250560599,1,1,0
1.395,50,400,0,85.9256250560599,86.5,86.5743749439401,259,0,259,259,0,0,85.9256250560599,1,1,0
1.396,50,400,0,85.9256250560599,86.5,86.5743749439401,259,0,259,259,0,0,85.9256250560599,1,1,0
1.397,50,400,0,85.9256250560599,86.5,86.5743749439401,259,0,259,259,0,0,85.9256250560599,1,1,0
1.398,50,400,0,85.9256250560599,86.5,86.5743749439401,259,0,259,259,0,0,85.9256250560599,1,1,0
1.399,50,400,0,85.9256250560599,86.5,86.5743749439401,259,0,259,259,0,0,85.9256250560599,1,1,0
1.4,50,400,0,85.9256250560599,86.5,86.5743749439401,259,0,259,259,0,0,85.9256250560599,1,1,0
1.401,50,400,0,85.9256250560599,86.5,86.5743749439401,259,0,259,259,0,0,85.9256250560599,1,1,0
1.402,50,400,0,85.9256250560599,86.5,86.5743749439401,259,0,259,259,0,0,85.9256250560599,1,1,0
1.403,50,400,0,85.9256250560599,86.5,86.5743749439401,259,0,259,259,0,0,85.9256250560599,1,1,0
1.404,50,400,0,85.9256250560599,86.5,86.5743749439401,259,0,259,259,0,0,85.9256250560599,1,1,0
1.405,50,400,0,85.9256250560599,86.5,86.5743749439401,259,0,259,259,0,0,85.9256250560599,1,1,0
1.406,50,400,0,85.9256250560599,86.5,86.5743749439401,259,0,259,259,0,0,85.9256250560599,1,1,0
1.407,50,400,0,85.9256250560599,86.5,86.5743749439401,259,0,259,259,0,0,85.9256250560599,1,1,0
1.408,50,400,0,85.9256250560599,86.5,86.5743749439401,259,0,259,259,0,0,85.9256250560599,1,1,0
1.409,50,400,0,85.9256250560599,86.5,86.5743749439401,259,0,259,259,0,0,85.9256250560599,1,1,0
1.41,50,400,0,85.9256250560599,86.5,86.5743749439401,259,0,259,259,0,0,85.9256250560599,1,1,0
1.411,50,400,0,85.9256250560599,86.5,86.5743749439401,259,0,259,259,0,0,85.9256250560599,1,1,0
1.412,50,400,0,85.9256250560599,86.5,86.5743749439401,259,0,259,259,0,0,85.9256250560599,1,1,0
1.413,50,400,0,85.9256250560599,86.5,86.5743749439401,259,0,259,259,0,0,85.9256250560599,1,1,0
1.414,50,400,0,85.9256250560599,86.5,86.5743749439401,259,0,259,259,0,0,85.9256250560599,1,1,0
1.415,50,400,0,85.9256250560599,86.5,86.5743749439401,259,0,259,259,0,0,85.9256250560599,1,1,0
1.416,50,400,0,85.9256250560599,86.5,86.5743749439401,259,0,259,259,0,0,85.9256250560599,1,1,0
1.417,50,400,0,85.9256250560599,86.5,86.5743749439401,259,0,259,259,0,0,85.9256250560599,1,1,0
1.418,50,400,0,85.9256250560599,86.5,86.5743749439401,259,0,259,259,0,0,85.9256250560599,1,1,0
1.419,50,400,0,85.9256250560599,86.5,86.5743749439401,259,0,259,259,0,0,85.9256250560599,1,1,0
1.42,50,400,0,85.9256250560599,86.5,86.5743749439401,259,0,259,259,0,0,85.9256250560599,1,1,0
1.421,50,400,0,85.9256250560599,86.5,86.5743749439401,259,0,259,259,0,0,85.9256250560599,1,1,0
1.422,50,400,0,85.9256250560599,86.5,86.5743749439401,259,0,259,259,0,0,85.9256250560599,1,1,0
1.423,50,400,0,85.9256250560599,86.5,86.5743749439401,259,0,259,259,0,0,85.9256250560599,1,1,0
1.424,50,400,0,85.9256250560599,86.5,86.5743749439401,259,0,259,259,0,0,85.9256250560599,1,1,0
1.425,50,400,0,85.9256250560599,86.5,86.5743749439401,259,0,259,259,0,0,85.9256250560599,1,1,0
1.426,50,400,0,85.9256250560599,86.5,86.5743749439401,259,0,259,259,0,0,85.9256250560599,1,1,0
1.427,50,400,0,85.9256250560599,86.5,86.5743749439401,259,0,259,259,0,0,85.9256250560599,1,1,0
1.428,50,400,0,85.9256250560599,86.5,86.5743749439401,259,0,259,259,0,0,85.9256250560599,1,1,0
1.429,50,400,0,85.9256250560599,86.5,86.5743749439401,259,0,259,259,0,0,85.9256250560599,1,1,0
1.43,50,400,0,85.9256250560599,86.5,86.5743749439401,259,0,259,259,0,0,85.9256250560599,1,1,0
1.431,50,400,0,85.9256250560599,86.5,86.5743749439401,259,0,259,259,0,0,85.9256250560599,1,1,0
1.432,50,400,0,85.9256250560599,86.5,86.5743749439401,259,0,259,259,0,0,85.9256250560599,1,1,0
1.433,50,400,0,85.9256250560599,86.5,86.5743749439401,259,0,259,259,0,0,85.9256250560599,1,1,0
1.434,50,400,0,85.9256250560599,86.5,86.5743749439401,259,0,259,259,0,0,85.9256250560599,1,1,0
1.435,50,400,0,85.9256250560599,86.5,86.5743749439401,259,0,259,259,0,0,85.9256250560599,1,1,0
1.436,50,400,0,85.9256250560599,86.5,86.5743749439401,259,0,259,259,0,0,85.9256250560599,1,1,0
1.437,50,400,0,85.9256250560599,86.5,86.5743749439401,259,0,259,259,0,0,85.9256250560599,1,1,0
1.438,50,400,0,85.9256250560599,86.5,86.5743749439401,259,0,259,259,0,0,85.9256250560599,1,1,0
1.439,50,400,0,85.9256250560599,86.5,86.5743749439401,259,0,259,259,0,0,85.9256250560599,1,1,0
1.44,50,400,0,85.9256250560599,86.5,86.5743749439401,259,0,259,259,0,0,85.9256250560599,1,1,0
1.441,50,400,0,85.9256250560599,86.5,86.5743749439401,259,0,259,259,0,0,85.9256250560599,1,1,0
1.442,50,400,0,85.9256250560599,86.5,86.5743749439401,259,0,259,259,0,0,85.9256250560599,1,1,0
1.443,50,400,0,85.9256250560599,86.5,86.5743749439401,259,0,259,259,0,0,85.9256250560599,1,1,0
1.444,50,400,0,85.9256250560599,86.5,86.5743749439401,259,0,259,259,0,0,85.9256250560599,1,1,0
1.445,50,400,0,85.9256250560599,86.5,86.5743749439401,259,0,259,259,0,0,85.9256250560599,1,1,0
1.446,50,400,0,85.9256250560599,86.5,86.5743749439401,259,0,259,259,0,0,85.9256250560599,1,1,0
1.447,50,400,0,85.9256250560599,86.5,86.5743749439401,259,0,259,259,0,0,85.9256250560599,1,1,0
1.448,50,400,0,85.9256250560599,86.5,86.5743749439401,259,0,259,259,0,0,85.9256250560599,1,1,0
1.449,50,400,0,85.9256250560599,86.5,86.5743749439401,259,0,259,259,0,0,85.9256250560599,1,1,0
1.45,50,400,0,85.9256250560599,86.5,86.5743749439401,259,0,259,259,0,0,85.9256250560599,1,1,0
1.451,50,400,0,85.9256250560599,86.5,86.5743749439401,259,0,259,259,0,0,85.9256250560599,1,1,0
1.452,50,400,0,85.9256250560599,86.5,86.5743749439401,259,0,259,259,0,0,85.9256250560599,1,1,0
1.453,50,400,0,85.9256250560599,86.5,86.5743749439401,259,0,259,259,0,0,85.9256250560599,1,1,0
1.454,50,400,0,85.9256250560599,86.5,86.5743749439401,259,0,259,259,0,0,85.9256250560599,1,1,0
1.455,50,400,0,85.9256250560599,86.5,86.5743749439401,259,0,259,259,0,0,85.9256250560599,1,1,0
1.456,50,400,0,85.9256250560599,86.5,86.5743749439401,259,0,259,259,0,0,85.9256250560599,1,1,0
1.457,50,400,0,85.9256250560599,86.5,86.5743749439401,259,0,259,259,0,0,85.9256250560599,1,1,0
1.458,50,400,0,85.9256250560599,86.5,86.5743749439401,259,0,259,259,0,0,85.9256250560599,1,1,0
1.459,50,400,0,85.9256250560599,86.5,86.5743749439401,259,0,259,259,0,0,85.9256250560599,1,1,0
1.46,50,400,0,85.9256250560599,86.5,86.5743749439401,259,0,259,259,0,0,85.9256250560599,1,1,0
1.461,50,400,0,85.9256250560599,86.5,86.5743749439401,259,0,259,259,0,0,85.9256250560599,1,1,0
1.462,50,400,0,85.9256250560599,86.5,86.5743749439401,259,0,259,259,0,0,85.9256250560599,1,1,0
1.463,50,400,0,85.9256250560599,86.5,86.5743749439401,259,0,259,259,0,0,85.9256250560599,1,1,0
1.464,50,400,0,85.9256250560599,86.5,86.5743749439401,259,0,259,259,0,0,85.9256250560599,1,1,0
1.465,50,400,0,85.9256250560599,86.5,86.5743749439401,259,0,259,259,0,0,85.9256250560599,1,1,0
1.466,50,400,0,85.9256250560599,86.5,86.5743749439401,259,0,259,259,0,0,85.9256250560599,1,1,0
1.467,50,400,0,85.9256250560599,86.5,86.5743749439401,259,0,259,259,0,0,85.9256250560599,1,1,0
1.468,50,400,0,85.9256250560599,86.5,86.5743749439401,259,0,259,259,0,0,85.9256250560599,1,1,0
1.469,50,400,0,85.9256250560599,86.5,86.5743749439401,259,0,259,259,0,0,85.9256250560599,1,1,0
1.47,50,400,0,85.9256250560599,86.5,86.5743749439401,259,0,259,259,0,0,85.9256250560599,1,1,0
1.471,50,400,0,85.9256250560599,86.5,86.5743749439401,259,0,259,259,0,0,85.9256250560599,1,1,0
1.472,50,400,0,85.9256250560599,86.5,86.5743749439401,259,0,259,259,0,0,85.9256250560599,1,1,0
1.473,50,400,0,85.9256250560599,86.5,86.5743749439401,259,0,259,259,0,0,85.9256250560599,1,1,0
1.474,50,400,0,85.9256250560599,86.5,86.5743749439401,259,0,259,259,0,0,85.9256250560599,1,1,0
1.475,50,400,0,85.9256250560599,86.5,86.5743749439401,259,0,259,259,0,0,85.9256250560599,1,1,0
1.476,50,400,0,85.9256250560599,86.5,86.5743749439401,259,0,259,259,0,0,85.9256250560599,1,1,0
1.477,50,400,0,85.9256250560599,86.5,86.5743749439401,259,0,259,259,0,0,85.9256250560599,1,1,0
1.478,50,400,0,85.9256250560599,86.5,86.5743749439401,259,0,259,259,0,0,85.9256250560599,1,1,0
1.479,50,400,0,85.9256250560599,86.5,86.5743749439401,259,0,259,259,0,0,85.9256250560599,1,1,0
1.48,50,400,0,85.9256250560599,86.5,86.5743749439401,259,0,259,259,0,0,85.9256250560599,1,1,0
1.481,50,400,0,85.9256250560599,86.5,86.5743749439401,259,0,259,259,0,0,85.9256250560599,1,1,0
1.482,50,400,0,85.9256250560599,86.5,86.5743749439401,259,0,259,259,0,0,85.9256250560599,1,1,0
1.483,50,400,0,85.9256250560599,86.5,86.5743749439401,259,0,259,259,0,0,85.9256250560599,1,1,0
1.484,50,400,0,85.9256250560599,86.5,86.5743749439401,259,0,259,259,0,0,85.9256250560599,1,1,0
1.485,50,400,0,85.9256250560599,86.5,86.5743749439401,259,0,259,259,0,0,85.9256250560599,1,1,0
1.486,50,400,0,85.9256250560599,86.5,86.5743749439401,259,0,259,259,0,0,85.9256250560599,1,1,0
1.487,50,400,0,85.9256250560599,86.5,86.5743749439401,259,0,259,259,0,0,85.9256250560599,1,1,0
1.488,50,400,0,85.9256250560599,86.5,86.5743749439401,259,0,259,259,0,0,85.9256250560599,1,1,0
1.489,50,400,0,85.9256250560599,86.5,86.5743749439401,259,0,259,259,0,0,85.9256250560599,1,1,0
1.49,50,400,0,85.9256250560599,86.5,86.5743749439401,259,0,259,259,0,0,85.9256250560599,1,1,0
1.491,50,400,0,85.9256250560599,86.5,86.5743749439401,259,0,259,259,0,0,85.9256250560599,1,1,0
1.492,50,400,0,85.9256250560599,86.5,86.5743749439401,259,0,259,259,0,0,85.9256250560599,1,1,0
1.493,50,400,0,85.9256250560599,86.5,86.5743749439401,259,0,259,259,0,0,85.9256250560599,1,1,0
1.494,50,400,0,85.9256250560599,86.5,86.5743749439401,259,0,259,259,0,0,85.9256250560599,1,1,0
1.495,50,400,0,85.9256250560599,86.5,86.5743749439401,259,0,259,259,0,0,85.9256250560599,1,1,0
1.496,50,400,0,85.9256250560599,86.5,86.5743749439401,259,0,259,259,0,0,85.9256250560599,1,1,0
1.497,50,400,0,85.9256250560599,86.5,86.5743749439401,259,0,259,259,0,0,85.9256250560599,1,1,0
1.498,50,400,0,85.9256250560599,86.5,86.5743749439401,259,0,259,259,0,0,85.9256250560599,1,1,0
1.499,50,400,0,85.9256250560599,86.5,86.5743749439401,259,0,259,259,0,0,85.9256250560599,1,1,0
1.5,50,400,0,85.9256250560599,86.5,86.5743749439401,259,0,259,259,0,0,85.9256250560599,1,1,0
1.501,50,400,0,85.9256250560599,86.5,86.5743749439401,259,0,259,259,0,0,85.9256250560599,1,1,0
1.502,50,400,0,85.9256250560599,86.5,86.5743749439401,259,0,259,259,0,0,85.9256250560599,1,1,0
1.503,50,400,0,85.9256250560599,86.5,86.5743749439401,259,0,259,259,0,0,85.9256250560599,1,1,0
1.504,50,400,0,85.9256250560599,86.5,86.5743749439401,259,0,259,259,0,0,85.9256250560599,1,1,0
1.505,50,400,0,85.9256250560599,86.5,86.5743749439401,259,0,259,259,0,0,85.9256250560599,1,1,0
1.506,50,400,0,85.9256250560599,86.5,86.5743749439401,259,0,259,259,0,0,85.9256250560599,1,1,0
1.507,50,400,0,85.9256250560599,86.5,86.5743749439401,259,0,259,259,0,0,85.9256250560599,1,1,0
1.508,50,400,0,85.9256250560599,86.5,86.5743749439401,259,0,259,259,0,0,85.9256250560599,1,1,0
1.509,50,400,0,85.9256250560599,86.5,86.5743749439401,259,0,259,259,0,0,85.9256250560599,1,1,0
1.51,50,400,0,85.9256250560599,86.5,86.5743749439401,259,0,259,259,0,0,85.9256250560599,1,1,0
1.511,50,400,0,85.9256250560599,86.5,86.5743749439401,259,0,259,259,0,0,85.9256250560599,1,1,0
1.512,50,400,0,85.9256250560599,86.5,86.5743749439401,259,0,259,259,0,0,85.9256250560599,1,1,0
1.513,50,400,0,85.9256250560599,86.5,86.5743749439401,259,0,259,259,0,0,85.9256250560599,1,1,0
1.514,50,400,0,85.9256250560599,86.5,86.5743749439401,259,0,259,259,0,0,85.9256250560599,1,1,0
1.515,50,400,0,85.9256250560599,86.5,86.5743749439401,259,0,259,259,0,0,85.9256250560599,1,1,0
1.516,50,400,0,85.9256250560599,86.5,86.5743749439401,259,0,259,259,0,0,85.9256250560599,1,1,0
1.517,50,400,0,85.9256250560599,86.5,86.5743749439401,259,0,259,259,0,0,85.9256250560599,1,1,0
1.518,50,400,0,85.9256250560599,86.5,86.5743749439401,259,0,259,259,0,0,85.9256250560599,1,1,0
1.519,50,400,0,85.9256250560599,86.5,86.5743749439401,259,0,259,259,0,0,85.9256250560599,1,1,0
1.52,50,400,0,85.9256250560599,86.5,86.5743749439401,259,0,259,259,0,0,85.9256250560599,1,1,0
1.521,50,400,0,85.9256250560599,86.5,86.5743749439401,259,0,259,259,0,0,85.9256250560599,1,1,0
1.522,50,400,0,85.9256250560599,86.5,86.5743749439401,259,0,259,259,0,0,85.9256250560599,1,1,0
1.523,50,400,0,85.9256250560599,86.5,86.5743749439401,259,0,259,259,0,0,85.9256250560599,1,1,0
1.524,50,400,0,85.9256250560599,86.5,86.5743749439401,259,0,259,259,0,0,85.9256250560599,1,1,0
1.525,50,400,0,85.9256250560599,86.5,86.5743749439401,259,0,259,259,0,0,85.9256250560599,1,1,0
1.526,50,400,0,85.9256250560599,86.5,86.5743749439401,259,0,259,259,0,0,85.9256250560599,1,1,0
1.527,50,400,0,85.9256250560599,86.5,86.5743749439401,259,0,259,259,0,0,85.9256250560599,1,1,0
1.528,50,400,0,85.9256250560599,86.5,86.5743749439401,259,0,259,259,0,0,85.9256250560599,1,1,0
1.529,50,400,0,85.9256250560599,86.5,86.5743749439401,259,0,259,259,0,0,85.9256250560599,1,1,0
1.53,50,400,0,85.9256250560599,86.5,86.5743749439401,259,0,259,259,0,0,85.9256250560599,1,1,0
1.531,50,400,0,85.9256250560599,86.5,86.5743749439401,259,0,259,259,0,0,85.9256250560599,1,1,0
1.532,50,400,0,85.9256250560599,86.5,86.5743749439401,259,0,259,259,0,0,85.9256250560599,1,1,0
1.533,50,400,0,85.9256250560599,86.5,86.5743749439401,259,0,259,259,0,0,85.9256250560599,1,1,0
1.534,50,400,0,85.9256250560599,86.5,86.5743749439401,259,0,259,259,0,0,85.9256250560599,1,1,0
1.535,50,400,0,85.9256250560599,86.5,86.5743749439401,259,0,259,259,0,0,85.9256250560599,1,1,0
1.536,50,400,0,85.9256250560599,86.5,86.5743749439401,259,0,259,259,0,0,85.9256250560599,1,1,0
1.537,50,400,0,85.9256250560599,86.5,86.5743749439401,259,0,259,259,0,0,85.9256250560599,1,1,0
1.538,50,400,0,85.9256250560599,86.5,86.5743749439401,259,0,259,259,0,0,85.9256250560599,1,1,0
1.539,50,400,0,85.9256250560599,86.5,86.5743749439401,259,0,259,259,0,0,85.9256250560599,1,1,0
1.54,50,400,0,85.9256250560599,86.5,86.5743749439401,259,0,259,259,0,0,85.9256250560599,1,1,0
1.541,50,400,0,85.9256250560599,86.5,86.5743749439401,259,0,259,259,0,0,85.9256250560599,1,1,0
1.542,50,400,0,85.9256250560599,86.5,86.5743749439401,259,0,259,259,0,0,85.9256250560599,1,1,0
1.543,50,400,0,85.9256250560599,86.5,86.5743749439401,259,0,259,259,0,0,85.9256250560599,1,1,0
1.544,50,400,0,85.9256250560599,86.5,86.5743749439401,259,0,259,259,0,0,85.9256250560599,1,1,0
1.545,50,400,0,85.9256250560599,86.5,86.5743749439401,259,0,259,259,0,0,85.9256250560599,1,1,0
1.546,50,400,0,85.9256250560599,86.5,86.5743749439401,259,0,259,259,0,0,85.9256250560599,1,1,0
1.547,50,400,0,85.9256250560599,86.5,86.5743749439401,259,0,259,259,0,0,85.9256250560599,1,1,0
1.548,50,400,0,85.9256250560599,86.5,86.5743749439401,259,0,259,259,0,0,85.9256250560599,1,1,0
1.549,50,400,0,85.9256250560599,86.5,86.5743749439401,259,0,259,259,0,0,85.9256250560599,1,1,0
1.55,50,400,0,85.9256250560599,86.5,86.5743749439401,259,0,259,259,0,0,85.9256250560599,1,1,0
1.551,50,400,0,85.9256250560599,86.5,86.5743749439401,259,0,259,259,0,0,85.9256250560599,1,1,0
1.552,50,400,0,85.9256250560599,86.5,86.5743749439401,259,0,259,259,0,0,85.9256250560599,1,1,0
1.553,50,400,0,85.9256250560599,86.5,86.5743749439401,259,0,259,259,0,0,85.9256250560599,1,1,0
1.554,50,400,0,85.9256250560599,86.5,86.5743749439401,259,0,259,259,0,0,85.9256250560599,1,1,0
1.555,50,400,0,85.9256250560599,86.5,86.5743749439401,259,0,259,259,0,0,85.9256250560599,1,1,0
1.556,50,400,0,85.9256250560599,86.5,86.5743749439401,259,0,259,259,0,0,85.9256250560599,1,1,0
1.557,50,400,0,85.9256250560599,86.5,86.5743749439401,259,0,259,259,0,0,85.9256250560599,1,1,0
1.558,50,400,0,85.9256250560599,86.5,86.5743749439401,259,0,259,259,0,0,85.9256250560599,1,1,0
1.559,50,400,0,85.9256250560599,86.5,86.5743749439401,259,0,259,259,0,0,85.9256250560599,1,1,0
1.56,50,400,0,85.9256250560599,86.5,86.5743749439401,259,0,259,259,0,0,85.9256250560599,1,1,0
1.561,50,400,0,85.9256250560599,86.5,86.5743749439401,259,0,259,259,0,0,85.9256250560599,1,1,0
1.562,50,400,0,85.9256250560599,86.5,86.5743749439401,259,0,259,259,0,0,85.9256250560599,1,1,0
1.563,50,400,0,85.9256250560599,86.5,86.5743749439401,259,0,259,259,0,0,85.9256250560599,1,1,0
1.564,50,400,0,85.9256250560599,86.5,86.5743749439401,259,0,259,259,0,0,85.9256250560599,1,1,0
1.565,50,400,0,85.9256250560599,86.5,86.5743749439401,259,0,259,259,0,0,85.9256250560599,1,1,0
1.566,50,400,0,85.9256250560599,86.5,86.5743749439401,259,0,259,259,0,0,85.9256250560599,1,1,0
1.567,50,400,0,85.9256250560599,86.5,86.5743749439401,259,0,259,259,0,0,85.9256250560599,1,1,0
1.568,50,400,0,85.9256250560599,86.5,86.5743749439401,259,0,259,259,0,0,85.9256250560599,1,1,0
1.569,50,400,0,85.9256250560599,86.5,86.5743749439401,259,0,259,259,0,0,85.9256250560599,1,1,0
1.57,50,400,0,85.9256250560599,86.5,86.5743749439401,259,0,259,259,0,0,85.9256250560599,1,1,0
1.571,50,400,0,85.9256250560599,86.5,86.5743749439401,259,0,259,259,0,0,85.9256250560599,1,1,0
1.572,50,400,0,85.9256250560599,86.5,86.5743749439401,259,0,259,259,0,0,85.9256250560599,1,1,0
1.573,50,400,0,85.9256250560599,86.5,86.5743749439401,259,0,259,259,0,0,85.9256250560599,1,1,0
1.574,50,400,0,85.9256250560599,86.5,86.5743749439401,259,0,259,259,0,0,85.9256250560599,1,1,0
1.575,50,400,0,85.9256250560599,86.5,86.5743749439401,259,0,259,259,0,0,85.9256250560599,1,1,0
1.576,50,400,0,85.9256250560599,86.5,86.5743749439401,259,0,259,259,0,0,85.9256250560599,1,1,0
1.577,50,400,0,85.9256250560599,86.5,86.5743749439401,259,0,259,259,0,0,85.9256250560599,1,1,0
1.578,50,400,0,85.9256250560599,86.5,86.5743749439401,259,0,259,259,0,0,85.9256250560599,1,1,0
1.579,50,400,0,85.9256250560599,86.5,86.5743749439401,259,0,259,259,0,0,85.9256250560599,1,1,0
1.58,50,400,0,85.9256250560599,86.5,86.5743749439401,259,0,259,259,0,0,85.9256250560599,1,1,0
1.581,50,400,0,85.9256250560599,86.5,86.5743749439401,259,0,259,259,0,0,85.9256250560599,1,1,0
1.582,50,400,0,85.9256250560599,86.5,86.5743749439401,259,0,259,259,0,0,85.9256250560599,1,1,0
1.583,50,400,0,85.9256250560599,86.5,86.5743749439401,259,0,259,259,0,0,85.9256250560599,1,1,0
1.584,50,400,0,85.9256250560599,86.5,86.5743749439401,259,0,259,259,0,0,85.9256250560599,1,1,0
1.585,50,400,0,85.9256250560599,86.5,86.5743749439401,259,0,259,259,0,0,85.9256250560599,1,1,0
1.586,50,400,0,85.9256250560599,86.5,86.5743749439401,259,0,259,259,0,0,85.9256250560599,1,1,0
1.587,50,400,0,85.9256250560599,86.5,86.5743749439401,259,0,259,259,0,0,85.9256250560599,1,1,0
1.588,50,400,0,85.9256250560599,86.5,86.5743749439401,259,0,259,259,0,0,85.9256250560599,1,1,0
1.589,50,400,0,85.9256250560599,86.5,86.5743749439401,259,0,259,259,0,0,85.9256250560599,1,1,0
1.59,50,400,0,85.9256250560599,86.5,86.5743749439401,259,0,259,259,0,0,85.9256250560599,1,1,0
1.591,50,400,0,85.9256250560599,86.5,86.5743749439401,259,0,259,259,0,0,85.9256250560599,1,1,0
1.592,50,400,0,85.9256250560599,86.5,86.5743749439401,259,0,259,259,0,0,85.9256250560599,1,1,0
1.593,50,400,0,85.9256250560599,86.5,86.5743749439401,259,0,259,259,0,0,85.9256250560599,1,1,0
1.594,50,400,0,85.9256250560599,86.5,86.5743749439401,259,0,259,259,0,0,85.9256250560599,1,1,0
1.595,50,400,0,85.9256250560599,86.5,86.5743749439401,259,0,259,259,0,0,85.9256250560599,1,1,0
1.596,50,400,0,85.9256250560599,86.5,86.5743749439401,259,0,259,259,0,0,85.9256250560599,1,1,0
1.597,50,400,0,85.9256250560599,86.5,86.5743749439401,259,0,259,259,0,0,85.9256250560599,1,1,0
1.598,50,400,0,85.9256250560599,86.5,86.5743749439401,259,0,259,259,0,0,85.9256250560599,1,1,0
1.599,50,400,0,85.9256250560599,86.5,86.5743749439401,259,0,259,259,0,0,85.9256250560599,1,1,0
1.6,50,400,0,85.9256250560599,86.5,86.5743749439401,259,0,259,259,0,0,85.9256250560599,1,1,0
1.601,50,400,0,85.9256250560599,86.5,86.5743749439401,259,0,259,259,0,0,85.9256250560599,1,1,0
1.602,50,400,0,85.9256250560599,86.5,86.5743749439401,259,0,259,259,0,0,85.9256250560599,1,1,0
1.603,50,400,0,85.9256250560599,86.5,86.5743749439401,259,0,259,259,0,0,85.9256250560599,1,1,0
1.604,50,400,0,85.9256250560599,86.5,86.5743749439401,259,0,259,259,0,0,85.9256250560599,1,1,0
1.605,50,400,0,85.9256250560599,86.5,86.5743749439401,259,0,259,259,0,0,85.9256250560599,1,1,0
1.606,50,400,0,85.9256250560599,86.5,86.5743749439401,259,0,259,259,0,0,85.9256250560599,1,1,0
1.607,50,400,0,85.9256250560599,86.5,86.5743749439401,259,0,259,259,0,0,85.9256250560599,1,1,0
1.608,50,400,0,85.9256250560599,86.5,86.5743749439401,259,0,259,259,0,0,85.9256250560599,1,1,0
1.609,50,400,0,85.9256250560599,86.5,86.5743749439401,259,0,259,259,0,0,85.9256250560599,1,1,0
1.61,50,400,0,85.9256250560599,86.5,86.5743749439401,259,0,259,259,0,0,85.9256250560599,1,1,0
1.611,50,400,0,85.9256250560599,86.5,86.5743749439401,259,0,259,259,0,0,85.9256250560599,1,1,0
1.612,50,400,0,85.9256250560599,86.5,86.5743749439401,259,0,259,259,0,0,85.9256250560599,1,1,0
1.613,50,400,0,85.9256250560599,86.5,86.5743749439401,259,0,259,259,0,0,85.9256250560599,1,1,0
1.614,50,400,0,85.9256250560599,86.5,86.5743749439401,259,0,259,259,0,0,85.9256250560599,1,1,0
1.615,50,400,0,85.9256250560599,86.5,86.5743749439401,259,0,259,259,0,0,85.9256250560599,1,1,0
1.616,50,400,0,85.9256250560599,86.5,86.5743749439401,259,0,259,259,0,0,85.9256250560599,1,1,0
1.617,50,400,0,85.9256250560599,86.5,86.5743749439401,259,0,259,259,0,0,85.9256250560599,1,1,0
1.618,50,400,0,85.9256250560599,86.5,86.5743749439401,259,0,259,259,0,0,85.9256250560599,1,1,0
1.619,50,400,0,85.9256250560599,86.5,86.5743749439401,259,0,259,259,0,0,85.9256250560599,1,1,0
1.62,50,400,0,85.9256250560599,86.5,86.5743749439401,259,0,259,259,0,0,85.9256250560599,1,1,0
1.621,50,400,0,85.9256250560599,86.5,86.5743749439401,259,0,259,259,0,0,85.9256250560599,1,1,0
1.622,50,400,0,85.9256250560599,86.5,86.5743749439401,259,0,259,259,0,0,85.9256250560599,1,1,0
1.623,50,400,0,85.9256250560599,86.5,86.5743749439401,259,0,259,259,0,0,85.9256250560599,1,1,0
1.624,50,400,0,85.9256250560599,86.5,86.5743749439401,259,0,259,259,0,0,85.9256250560599,1,1,0
1.625,50,400,0,85.9256250560599,86.5,86.5743749439401,259,0,259,259,0,0,85.9256250560599,1,1,0
1.626,50,400,0,85.9256250560599,86.5,86.5743749439401,259,0,259,259,0,0,85.9256250560599,1,1,0
1.627,50,400,0,85.9256250560599,86.5,86.5743749439401,259,0,259,259,0,0,85.9256250560599,1,1,0
1.628,50,400,0,85.9256250560599,86.5,86.5743749439401,259,0,259,259,0,0,85.9256250560599,1,1,0
1.629,50,400,0,85.9256250560599,86.5,86.5743749439401,259,0,259,259,0,0,85.9256250560599,1,1,0
1.63,50,400,0,85.9256250560599,86.5,86.5743749439401,259,0,259,259,0,0,85.9256250560599,1,1,0
1.631,50,400,0,85.9256250560599,86.5,86.5743749439401,259,0,259,259,0,0,85.9256250560599,1,1,0
1.632,50,400,0,85.9256250560599,86.5,86.5743749439401,259,0,259,259,0,0,85.9256250560599,1,1,0
1.633,50,400,0,85.9256250560599,86.5,86.5743749439401,259,0,259,259,0,0,85.9256250560599,1,1,0
1.634,50,400,0,85.9256250560599,86.5,86.5743749439401,259,0,259,259,0,0,85.9256250560599,1,1,0
1.635,50,400,0,85.9256250560599,86.5,86.5743749439401,259,0,259,259,0,0,85.9256250560599,1,1,0
1.636,50,400,0,85.9256250560599,86.5,86.5743749439401,259,0,259,259,0,0,85.9256250560599,1,1,0
1.637,50,400,0,85.9256250560599,86.5,86.5743749439401,259,0,259,259,0,0,85.9256250560599,1,1,0
1.638,50,400,0,85.9256250560599,86.5,86.5743749439401,259,0,259,259,0,0,85.9256250560599,1,1,0
1.639,50,400,0,85.9256250560599,86.5,86.5743749439401,259,0,259,259,0,0,85.9256250560599,1,1,0
1.64,50,400,0,85.9256250560599,86.5,86.5743749439401,259,0,259,259,0,0,85.9256250560599,1,1,0
1.641,50,400,0,85.9256250560599,86.5,86.5743749439401,259,0,259,259,0,0,85.9256250560599,1,1,0
1.642,50,400,0,85.9256250560599,86.5,86.5743749439401,259,0,259,259,0,0,85.9256250560599,1,1,0
1.643,50,400,0,85.9256250560599,86.5,86.5743749439401,259,0,259,259,0,0,85.9256250560599,1,1,0
1.644,50,400,0,85.9256250560599,86.5,86.5743749439401,259,0,259,259,0,0,85.9256250560599,1,1,0
1.645,50,400,0,85.9256250560599,86.5,86.5743749439401,259,0,259,259,0,0,85.9256250560599,1,1,0
1.646,50,400,0,85.9256250560599,86.5,86.5743749439401,259,0,259,259,0,0,85.9256250560599,1,1,0
1.647,50,400,0,85.9256250560599,86.5,86.5743749439401,259,0,259,259,0,0,85.9256250560599,1,1,0
1.648,50,400,0,85.9256250560599,86.5,86.5743749439401,259,0,259,259,0,0,85.9256250560599,1,1,0
1.649,50,400,0,85.9256250560599,86.5,86.5743749439401,259,0,259,259,0,0,85.9256250560599,1,1,0
1.65,50,400,0,85.9256250560599,86.5,86.5743749439401,259,0,259,259,0,0,85.9256250560599,1,1,0
1.651,50,400,0,85.9256250560599,86.5,86.5743749439401,259,0,259,259,0,0,85.9256250560599,1,1,0
1.652,50,400,0,85.9256250560599,86.5,86.5743749439401,259,0,259,259,0,0,85.9256250560599,1,1,0
1.653,50,400,0,85.9256250560599,86.5,86.5743749439401,259,0,259,259,0,0,85.9256250560599,1,1,0
1.654,50,400,0,85.9256250560599,86.5,86.5743749439401,259,0,259,259,0,0,85.9256250560599,1,1,0
1.655,50,400,0,85.9256250560599,86.5,86.5743749439401,259,0,259,259,0,0,85.9256250560599,1,1,0
1.656,50,400,0,85.9256250560599,86.5,86.5743749439401,259,0,259,259,0,0,85.9256250560599,1,1,0
1.657,50,400,0,85.9256250560599,86.5,86.5743749439401,259,0,259,259,0,0,85.9256250560599,1,1,0
1.658,50,400,0,85.9256250560599,86.5,86.5743749439401,259,0,259,259,0,0,85.9256250560599,1,1,0
1.659,50,400,0,85.9256250560599,86.5,86.5743749439401,259,0,259,259,0,0,85.9256250560599,1,1,0
1.66,50,400,0,85.9256250560599,86.5,86.5743749439401,259,0,259,259,0,0,85.9256250560599,1,1,0
1.661,50,400,0,85.9256250560599,86.5,86.5743749439401,259,0,259,259,0,0,85.9256250560599,1,1,0
1.662,50,400,0,85.9256250560599,86.5,86.5743749439401,259,0,259,259,0,0,85.9256250560599,1,1,0
1.663,50,400,0,85.9256250560599,86.5,86.5743749439401,259,0,259,259,0,0,85.9256250560599,1,1,0
1.664,50,400,0,85.9256250560599,86.5,86.5743749439401,259,0,259,259,0,0,85.9256250560599,1,1,0
1.665,50,400,0,85.9256250560599,86.5,86.5743749439401,259,0,259,259,0,0,85.9256250560599,1,1,0
1.666,50,400,0,85.9256250560599,86.5,86.5743749439401,259,0,259,259,0,0,85.9256250560599,1,1,0
1.667,50,400,0,85.9256250560599,86.5,86.5743749439401,259,0,259,259,0,0,85.9256250560599,1,1,0
1.668,50,400,0,85.9256250560599,86.5,86.5743749439401,259,0,259,259,0,0,85.9256250560599,1,1,0
1.669,50,400,0,85.9256250560599,86.5,86.5743749439401,259,0,259,259,0,0,85.9256250560599,1,1,0
1.67,50,400,0,85.9256250560599,86.5,86.5743749439401,259,0,259,259,0,0,85.9256250560599,1,1,0
1.671,50,400,0,85.9256250560599,86.5,86.5743749439401,259,0,259,259,0,0,85.9256250560599,1,1,0
1.672,50,400,0,85.9256250560599,86.5,86.5743749439401,259,0,259,259,0,0,85.9256250560599,1,1,0
1.673,50,400,0,85.9256250560599,86.5,86.5743749439401,259,0,259,259,0,0,85.9256250560599,1,1,0
1.674,50,400,0,85.9256250560599,86.5,86.5743749439401,259,0,259,259,0,0,85.9256250560599,1,1,0
1.675,50,400,0,85.9256250560599,86.5,86.5743749439401,259,0,259,259,0,0,85.9256250560599,1,1,0
1.676,50,400,0,85.9256250560599,86.5,86.5743749439401,259,0,259,259,0,0,85.9256250560599,1,1,0
1.677,50,400,0,85.9256250560599,86.5,86.5743749439401,259,0,259,259,0,0,85.9256250560599,1,1,0
1.678,50,400,0,85.9256250560599,86.5,86.5743749439401,259,0,259,259,0,0,85.9256250560599,1,1,0
1.679,50,400,0,85.9256250560599,86.5,86.5743749439401,259,0,259,259,0,0,85.9256250560599,1,1,0
1.68,50,400,0,85.9256250560599,86.5,86.5743749439401,259,0,259,259,0,0,85.9256250560599,1,1,0
1.681,50,400,0,85.9256250560599,86.5,86.5743749439401,259,0,259,259,0,0,85.9256250560599,1,1,0
1.682,50,400,0,85.9256250560599,86.5,86.5743749439401,259,0,259,259,0,0,85.9256250560599,1,1,0
1.683,50,400,0,85.9256250560599,86.5,86.5743749439401,259,0,259,259,0,0,85.9256250560599,1,1,0
1.684,50,400,0,85.9256250560599,86.5,86.5743749439401,259,0,259,259,0,0,85.9256250560599,1,1,0
1.685,50,400,0,85.9256250560599,86.5,86.5743749439401,259,0,259,259,0,0,85.9256250560599,1,1,0
1.686,50,400,0,85.9256250560599,86.5,86.5743749439401,259,0,259,259,0,0,85.9256250560599,1,1,0
1.687,50,400,0,85.9256250560599,86.5,86.5743749439401,259,0,259,259,0,0,85.9256250560599,1,1,0
1.688,50,400,0,85.9256250560599,86.5,86.5743749439401,259,0,259,259,0,0,85.9256250560599,1,1,0
1.689,50,400,0,85.9256250560599,86.5,86.5743749439401,259,0,259,259,0,0,85.9256250560599,1,1,0
1.69,50,400,0,85.9256250560599,86.5,86.5743749439401,259,0,259,259,0,0,85.9256250560599,1,1,0
1.691,50,400,0,85.9256250560599,86.5,86.5743749439401,259,0,259,259,0,0,85.9256250560599,1,1,0
1.692,50,400,0,85.9256250560599,86.5,86.5743749439401,259,0,259,259,0,0,85.9256250560599,1,1,0
1.693,50,400,0,85.9256250560599,86.5,86.5743749439401,259,0,259,259,0,0,85.9256250560599,1,1,0
1.694,50,400,0,85.9256250560599,86.5,86.5743749439401,259,0,259,259,0,0,85.9256250560599,1,1,0
1.695,50,400,0,85.9256250560599,86.5,86.5743749439401,259,0,259,259,0,0,85.9256250560599,1,1,0
1.696,50,400,0,85.9256250560599,86.5,86.5743749439401,259,0,259,259,0,0,85.9256250560599,1,1,0
1.697,50,400,0,85.9256250560599,86.5,86.5743749439401,259,0,259,259,0,0,85.9256250560599,1,1,0
1.698,50,400,0,85.9256250560599,86.5,86.5743749439401,259,0,259,259,0,0,85.9256250560599,1,1,0
1.699,50,400,0,85.9256250560599,86.5,86.5743749439401,259,0,259,259,0,0,85.9256250560599,1,1,0
1.7,50,400,0,85.9256250560599,86.5,86.5743749439401,259,0,259,259,0,0,85.9256250560599,1,1,0
1.701,50,400,0,85.9256250560599,86.5,86.5743749439401,259,0,259,259,0,0,85.9256250560599,1,1,0
1.702,50,400,0,85.9256250560599,86.5,86.5743749439401,259,0,259,259,0,0,85.9256250560599,1,1,0
1.703,50,400,0,85.9256250560599,86.5,86.5743749439401,259,0,259,259,0,0,85.9256250560599,1,1,0
1.704,50,400,0,85.9256250560599,86.5,86.5743749439401,259,0,259,259,0,0,85.9256250560599,1,1,0
1.705,50,400,0,85.9256250560599,86.5,86.5743749439401,259,0,259,259,0,0,85.9256250560599,1,1,0
1.706,50,400,0,85.9256250560599,86.5,86.5743749439401,259,0,259,259,0,0,85.9256250560599,1,1,0
1.707,50,400,0,85.9256250560599,86.5,86.5743749439401,259,0,259,259,0,0,85.9256250560599,1,1,0
1.708,50,400,0,85.9256250560599,86.5,86.5743749439401,259,0,259,259,0,0,85.9256250560599,1,1,0
1.709,50,400,0,85.9256250560599,86.5,86.5743749439401,259,0,259,259,0,0,85.9256250560599,1,1,0
1.71,50,400,0,85.9256250560599,86.5,86.5743749439401,259,0,259,259,0,0,85.9256250560599,1,1,0
1.711,50,400,0,85.9256250560599,86.5,86.5743749439401,259,0,259,259,0,0,85.9256250560599,1,1,0
1.712,50,400,0,85.9256250560599,86.5,86.5743749439401,259,0,259,259,0,0,85.9256250560599,1,1,0
1.713,50,400,0,85.9256250560599,86.5,86.5743749439401,259,0,259,259,0,0,85.9256250560599,1,1,0
1.714,50,400,0,85.9256250560599,86.5,86.5743749439401,259,0,259,259,0,0,85.9256250560599,1,1,0
1.715,50,400,0,85.9256250560599,86.5,86.5743749439401,259,0,259,259,0,0,85.9256250560599,1,1,0
1.716,50,400,0,85.9256250560599,86.5,86.5743749439401,259,0,259,259,0,0,85.9256250560599,1,1,0
1.717,50,400,0,85.9256250560599,86.5,86.5743749439401,259,0,259,259,0,0,85.9256250560599,1,1,0
1.718,50,400,0,85.9256250560599,86.5,86.5743749439401,259,0,259,259,0,0,85.9256250560599,1,1,0
1.719,50,400,0,85.9256250560599,86.5,86.5743749439401,259,0,259,259,0,0,85.9256250560599,1,1,0
1.72,50,400,0,85.9256250560599,86.5,86.5743749439401,259,0,259,259,0,0,85.9256250560599,1,1,0
1.721,50,400,0,85.9256250560599,86.5,86.5743749439401,259,0,259,259,0,0,85.9256250560599,1,1,0
1.722,50,400,0,85.9256250560599,86.5,86.5743749439401,259,0,259,259,0,0,85.9256250560599,1,1,0
1.723,50,400,0,85.9256250560599,86.5,86.5743749439401,259,0,259,259,0,0,85.9256250560599,1,1,0
1.724,50,400,0,85.9256250560599,86.5,86.5743749439401,259,0,259,259,0,0,85.9256250560599,1,1,0
1.725,50,400,0,85.9256250560599,86.5,86.5743749439401,259,0,259,259,0,0,85.9256250560599,1,1,0
1.726,50,400,0,85.9256250560599,86.5,86.5743749439401,259,0,259,259,0,0,85.9256250560599,1,1,0
1.727,50,400,0,85.9256250560599,86.5,86.5743749439401,259,0,259,259,0,0,85.9256250560599,1,1,0
1.728,50,400,0,85.9256250560599,86.5,86.5743749439401,259,0,259,259,0,0,85.9256250560599,1,1,0
1.729,50,400,0,85.9256250560599,86.5,86.5743749439401,259,0,259,259,0,0,85.9256250560599,1,1,0
1.73,50,400,0,85.9256250560599,86.5,86.5743749439401,259,0,259,259,0,0,85.9256250560599,1,1,0
1.731,50,400,0,85.9256250560599,86.5,86.5743749439401,259,0,259,259,0,0,85.9256250560599,1,1,0
1.732,50,400,0,85.9256250560599,86.5,86.5743749439401,259,0,259,259,0,0,85.9256250560599,1,1,0
1.733,50,400,0,85.9256250560599,86.5,86.5743749439401,259,0,259,259,0,0,85.9256250560599,1,1,0
1.734,50,400,0,85.9256250560599,86.5,86.5743749439401,259,0,259,259,0,0,85.9256250560599,1,1,0
1.735,50,400,0,85.9256250560599,86.5,86.5743749439401,259,0,259,259,0,0,85.9256250560599,1,1,0
1.736,50,400,0,85.9256250560599,86.5,86.5743749439401,259,0,259,259,0,0,85.9256250560599,1,1,0
1.737,50,400,0,85.9256250560599,86.5,86.5743749439401,259,0,259,259,0,0,85.9256250560599,1,1,0
1.738,50,400,0,85.9256250560599,86.5,86.5743749439401,259,0,259,259,0,0,85.9256250560599,1,1,0
1.739,50,400,0,85.9256250560599,86.5,86.5743749439401,259,0,259,259,0,0,85.9256250560599,1,1,0
1.74,50,400,0,85.9256250560599,86.5,86.5743749439401,259,0,259,259,0,0,85.9256250560599,1,1,0
1.741,50,400,0,85.9256250560599,86.5,86.5743749439401,259,0,259,259,0,0,85.9256250560599,1,1,0
1.742,50,400,0,85.9256250560599,86.5,86.5743749439401,259,0,259,259,0,0,85.9256250560599,1,1,0
1.743,50,400,0,85.9256250560599,86.5,86.5743749439401,259,0,259,259,0,0,85.9256250560599,1,1,0
1.744,50,400,0,85.9256250560599,86.5,86.5743749439401,259,0,259,259,0,0,85.9256250560599,1,1,0
1.745,50,400,0,85.9256250560599,86.5,86.5743749439401,259,0,259,259,0,0,85.9256250560599,1,1,0
1.746,50,400,0,85.9256250560599,86.5,86.5743749439401,259,0,259,259,0,0,85.9256250560599,1,1,0
1.747,50,400,0,85.9256250560599,86.5,86.5743749439401,259,0,259,259,0,0,85.9256250560599,1,1,0
1.748,50,400,0,85.9256250560599,86.5,86.5743749439401,259,0,259,259,0,0,85.9256250560599,1,1,0
1.749,50,400,0,85.9256250560599,86.5,86.5743749439401,259,0,259,259,0,0,85.9256250560599,1,1,0
1.75,50,400,0,85.9256250560599,86.5,86.5743749439401,259,0,259,259,0,0,85.9256250560599,1,1,0
1.751,50,400,0,85.9256250560599,86.5,86.5743749439401,259,0,259,259,0,0,85.9256250560599,1,1,0
1.752,50,400,0,85.9256250560599,86.5,86.5743749439401,259,0,259,259,0,0,85.9256250560599,1,1,0
1.753,50,400,0,85.9256250560599,86.5,86.5743749439401,259,0,259,259,0,0,85.9256250560599,1,1,0
1.754,50,400,0,85.9256250560599,86.5,86.5743749439401,259,0,259,259,0,0,85.9256250560599,1,1,0
1.755,50,400,0,85.9256250560599,86.5,86.5743749439401,259,0,259,259,0,0,85.9256250560599,1,1,0
1.756,50,400,0,85.9256250560599,86.5,86.5743749439401,259,0,259,259,0,0,85.9256250560599,1,1,0
1.757,50,400,0,85.9256250560599,86.5,86.5743749439401,259,0,259,259,0,0,85.9256250560599,1,1,0
1.758,50,400,0,85.9256250560599,86.5,86.5743749439401,259,0,259,259,0,0,85.9256250560599,1,1,0
1.759,50,400,0,85.9256250560599,86.5,86.5743749439401,259,0,259,259,0,0,85.9256250560599,1,1,0
1.76,50,400,0,85.9256250560599,86.5,86.5743749439401,259,0,259,259,0,0,85.9256250560599,1,1,0
1.761,50,400,0,85.9256250560599,86.5,86.5743749439401,259,0,259,259,0,0,85.9256250560599,1,1,0
1.762,50,400,0,85.9256250560599,86.5,86.5743749439401,259,0,259,259,0,0,85.9256250560599,1,1,0
1.763,50,400,0,85.9256250560599,86.5,86.5743749439401,259,0,259,259,0,0,85.9256250560599,1,1,0
1.764,50,400,0,85.9256250560599,86.5,86.5743749439401,259,0,259,259,0,0,85.9256250560599,1,1,0
1.765,50,400,0,85.9256250560599,86.5,86.5743749439401,259,0,259,259,0,0,85.9256250560599,1,1,0
1.766,50,400,0,85.9256250560599,86.5,86.5743749439401,259,0,259,259,0,0,85.9256250560599,1,1,0
1.767,50,400,0,85.9256250560599,86.5,86.5743749439401,259,0,259,259,0,0,85.9256250560599,1,1,0
1.768,50,400,0,85.9256250560599,86.5,86.5743749439401,259,0,259,259,0,0,85.9256250560599,1,1,0
1.769,50,400,0,85.9256250560599,86.5,86.5743749439401,259,0,259,259,0,0,85.9256250560599,1,1,0
1.77,50,400,0,85.9256250560599,86.5,86.5743749439401,259,0,259,259,0,0,85.9256250560599,1,1,0
1.771,50,400,0,85.9256250560599,86.5,86.5743749439401,259,0,259,259,0,0,85.9256250560599,1,1,0
1.772,50,400,0,85.9256250560599,86.5,86.5743749439401,259,0,259,259,0,0,85.9256250560599,1,1,0
1.773,50,400,0,85.9256250560599,86.5,86.5743749439401,259,0,259,259,0,0,85.9256250560599,1,1,0
1.774,50,400,0,85.9256250560599,86.5,86.5743749439401,259,0,259,259,0,0,85.9256250560599,1,1,0
1.775,50,400,0,85.9256250560599,86.5,86.5743749439401,259,0,259,259,0,0,85.9256250560599,1,1,0
1.776,50,400,0,85.9256250560599,86.5,86.5743749439401,259,0,259,259,0,0,85.9256250560599,1,1,0
1.777,50,400,0,85.9256250560599,86.5,86.5743749439401,259,0,259,259,0,0,85.9256250560599,1,1,0
1.778,50,400,0,85.9256250560599,86.5,86.5743749439401,259,0,259,259,0,0,85.9256250560599,1,1,0
1.779,50,400,0,85.9256250560599,86.5,86.5743749439401,259,0,259,259,0,0,85.9256250560599,1,1,0
1.78,50,400,0,85.9256250560599,86.5,86.5743749439401,259,0,259,259,0,0,85.9256250560599,1,1,0
1.781,50,400,0,85.9256250560599,86.5,86.5743749439401,259,0,259,259,0,0,85.9256250560599,1,1,0
1.782,50,400,0,85.9256250560599,86.5,86.5743749439401,259,0,259,259,0,0,85.9256250560599,1,1,0
1.783,50,400,0,85.9256250560599,86.5,86.5743749439401,259,0,259,259,0,0,85.9256250560599,1,1,0
1.784,50,400,0,85.9256250560599,86.5,86.5743749439401,259,0,259,259,0,0,85.9256250560599,1,1,0
1.785,50,400,0,85.9256250560599,86.5,86.5743749439401,259,0,259,259,0,0,85.9256250560599,1,1,0
1.786,50,400,0,85.9256250560599,86.5,86.5743749439401,259,0,259,259,0,0,85.9256250560599,1,1,0
1.787,50,400,0,85.9256250560599,86.5,86.5743749439401,259,0,259,259,0,0,85.9256250560599,1,1,0
1.788,50,400,0,85.9256250560599,86.5,86.5743749439401,259,0,259,259,0,0,85.9256250560599,1,1,0
1.789,50,400,0,85.9256250560599,86.5,86.5743749439401,259,0,259,259,0,0,85.9256250560599,1,1,0
1.79,50,400,0,85.9256250560599,86.5,86.5743749439401,259,0,259,259,0,0,85.9256250560599,1,1,0
1.791,50,400,0,85.9256250560599,86.5,86.5743749439401,259,0,259,259,0,0,85.9256250560599,1,1,0
1.792,50,400,0,85.9256250560599,86.5,86.5743749439401,259,0,259,259,0,0,85.9256250560599,1,1,0
1.793,50,400,0,85.9256250560599,86.5,86.5743749439401,259,0,259,259,0,0,85.9256250560599,1,1,0
1.794,50,400,0,85.9256250560599,86.5,86.5743749439401,259,0,259,259,0,0,85.9256250560599,1,1,0
1.795,50,400,0,85.9256250560599,86.5,86.5743749439401,259,0,259,259,0,0,85.9256250560599,1,1,0
1.796,50,400,0,85.9256250560599,86.5,86.5743749439401,259,0,259,259,0,0,85.9256250560599,1,1,0
1.797,50,400,0,85.9256250560599,86.5,86.5743749439401,259,0,259,259,0,0,85.9256250560599,1,1,0
1.798,50,400,0,85.9256250560599,86.5,86.5743749439401,259,0,259,259,0,0,85.9256250560599,1,1,0
1.799,50,400,0,85.9256250560599,86.5,86.5743749439401,259,0,259,259,0,0,85.9256250560599,1,1,0
1.8,50,400,0,85.9256250560599,86.5,86.5743749439401,259,0,259,259,0,0,85.9256250560599,1,1,0
1.801,50,400,0,85.9256250560599,86.5,86.5743749439401,259,0,259,259,0,0,85.9256250560599,1,1,0
1.802,50,400,0,85.9256250560599,86.5,86.5743749439401,259,0,259,259,0,0,85.9256250560599,1,1,0
1.803,50,400,0,85.9256250560599,86.5,86.5743749439401,259,0,259,259,0,0,85.9256250560599,1,1,0
1.804,50,400,0,85.9256250560599,86.5,86.5743749439401,259,0,259,259,0,0,85.9256250560599,1,1,0
1.805,50,400,0,85.9256250560599,86.5,86.5743749439401,259,0,259,259,0,0,85.9256250560599,1,1,0
1.806,50,400,0,85.9256250560599,86.5,86.5743749439401,259,0,259,259,0,0,85.9256250560599,1,1,0
1.807,50,400,0,85.9256250560599,86.5,86.5743749439401,259,0,259,259,0,0,85.9256250560599,1,1,0
1.808,50,400,0,85.9256250560599,86.5,86.5743749439401,259,0,259,259,0,0,85.9256250560599,1,1,0
1.809,50,400,0,85.9256250560599,86.5,86.5743749439401,259,0,259,259,0,0,85.9256250560599,1,1,0
1.81,50,400,0,85.9256250560599,86.5,86.5743749439401,259,0,259,259,0,0,85.9256250560599,1,1,0
1.811,50,400,0,85.9256250560599,86.5,86.5743749439401,259,0,259,259,0,0,85.9256250560599,1,1,0
1.812,50,400,0,85.9256250560599,86.5,86.5743749439401,259,0,259,259,0,0,85.9256250560599,1,1,0
1.813,50,400,0,85.9256250560599,86.5,86.5743749439401,259,0,259,259,0,0,85.9256250560599,1,1,0
1.814,50,400,0,85.9256250560599,86.5,86.5743749439401,259,0,259,259,0,0,85.9256250560599,1,1,0
1.815,50,400,0,85.9256250560599,86.5,86.5743749439401,259,0,259,259,0,0,85.9256250560599,1,1,0
1.816,50,400,0,85.9256250560599,86.5,86.5743749439401,259,0,259,259,0,0,85.9256250560599,1,1,0
1.817,50,400,0,85.9256250560599,86.5,86.5743749439401,259,0,259,259,0,0,85.9256250560599,1,1,0
1.818,50,400,0,85.9256250560599,86.5,86.5743749439401,259,0,259,259,0,0,85.9256250560599,1,1,0
1.819,50,400,0,85.9256250560599,86.5,86.5743749439401,259,0,259,259,0,0,85.9256250560599,1,1,0
1.82,50,400,0,85.9256250560599,86.5,86.5743749439401,259,0,259,259,0,0,85.9256250560599,1,1,0
1.821,50,400,0,85.9256250560599,86.5,86.5743749439401,259,0,259,259,0,0,85.9256250560599,1,1,0
1.822,50,400,0,85.9256250560599,86.5,86.5743749439401,259,0,259,259,0,0,85.9256250560599,1,1,0
1.823,50,400,0,85.9256250560599,86.5,86.5743749439401,259,0,259,259,0,0,85.9256250560599,1,1,0
1.824,50,400,0,85.9256250560599,86.5,86.5743749439401,259,0,259,259,0,0,85.9256250560599,1,1,0
1.825,50,400,0,85.9256250560599,86.5,86.5743749439401,259,0,259,259,0,0,85.9256250560599,1,1,0
1.826,50,400,0,85.9256250560599,86.5,86.5743749439401,259,0,259,259,0,0,85.9256250560599,1,1,0
1.827,50,400,0,85.9256250560599,86.5,86.5743749439401,259,0,259,259,0,0,85.9256250560599,1,1,0
1.828,50,400,0,85.9256250560599,86.5,86.5743749439401,259,0,259,259,0,0,85.9256250560599,1,1,0
1.829,50,400,0,85.9256250560599,86.5,86.5743749439401,259,0,259,259,0,0,85.9256250560599,1,1,0
1.83,50,400,0,85.9256250560599,86.5,86.5743749439401,259,0,259,259,0,0,85.9256250560599,1,1,0
1.831,50,400,0,85.9256250560599,86.5,86.5743749439401,259,0,259,259,0,0,85.9256250560599,1,1,0
1.832,50,400,0,85.9256250560599,86.5,86.5743749439401,259,0,259,259,0,0,85.9256250560599,1,1,0
1.833,50,400,0,85.9256250560599,86.5,86.5743749439401,259,0,259,259,0,0,85.9256250560599,1,1,0
1.834,50,400,0,85.9256250560599,86.5,86.5743749439401,259,0,259,259,0,0,85.9256250560599,1,1,0
1.835,50,400,0,85.9256250560599,86.5,86.5743749439401,259,0,259,259,0,0,85.9256250560599,1,1,0
1.836,50,400,0,85.9256250560599,86.5,86.5743749439401,259,0,259,259,0,0,85.9256250560599,1,1,0
1.837,50,400,0,85.9256250560599,86.5,86.5743749439401,259,0,259,259,0,0,85.9256250560599,1,1,0
1.838,50,400,0,85.9256250560599,86.5,86.5743749439401,259,0,259,259,0,0,85.9256250560599,1,1,0
1.839,50,400,0,85.9256250560599,86.5,86.5743749439401,259,0,259,259,0,0,85.9256250560599,1,1,0
1.84,50,400,0,85.9256250560599,86.5,86.5743749439401,259,0,259,259,0,0,85.9256250560599,1,1,0
1.841,50,400,0,85.9256250560599,86.5,86.5743749439401,259,0,259,259,0,0,85.9256250560599,1,1,0
1.842,50,400,0,85.9256250560599,86.5,86.5743749439401,259,0,259,259,0,0,85.9256250560599,1,1,0
1.843,50,400,0,85.9256250560599,86.5,86.5743749439401,259,0,259,259,0,0,85.9256250560599,1,1,0
1.844,50,400,0,85.9256250560599,86.5,86.5743749439401,259,0,259,259,0,0,85.9256250560599,1,1,0
1.845,50,400,0,85.9256250560599,86.5,86.5743749439401,259,0,259,259,0,0,85.9256250560599,1,1,0
1.846,50,400,0,85.9256250560599,86.5,86.5743749439401,259,0,259,259,0,0,85.9256250560599,1,1,0
1.847,50,400,0,85.9256250560599,86.5,86.5743749439401,259,0,259,259,0,0,85.9256250560599,1,1,0
1.848,50,400,0,85.9256250560599,86.5,86.5743749439401,259,0,259,259,0,0,85.9256250560599,1,1,0
1.849,50,400,0,85.9256250560599,86.5,86.5743749439401,259,0,259,259,0,0,85.9256250560599,1,1,0
1.85,50,400,0,85.9256250560599,86.5,86.5743749439401,259,0,259,259,0,0,85.9256250560599,1,1,0
1.851,50,400,0,85.9256250560599,86.5,86.5743749439401,259,0,259,259,0,0,85.9256250560599,1,1,0
1.852,50,400,0,85.9256250560599,86.5,86.5743749439401,259,0,259,259,0,0,85.9256250560599,1,1,0
1.853,50,400,0,85.9256250560599,86.5,86.5743749439401,259,0,259,259,0,0,85.9256250560599,1,1,0
1.854,50,400,0,85.9256250560599,86.5,86.5743749439401,259,0,259,259,0,0,85.9256250560599,1,1,0
1.855,50,400,0,85.9256250560599,86.5,86.5743749439401,259,0,259,259,0,0,85.9256250560599,1,1,0
1.856,50,400,0,85.9256250560599,86.5,86.5743749439401,259,0,259,259,0,0,85.9256250560599,1,1,0
1.857,50,400,0,85.9256250560599,86.5,86.5743749439401,259,0,259,259,0,0,85.9256250560599,1,1,0
1.858,50,400,0,85.9256250560599,86.5,86.5743749439401,259,0,259,259,0,0,85.9256250560599,1,1,0
1.859,50,400,0,85.9256250560599,86.5,86.5743749439401,259,0,259,259,0,0,85.9256250560599,1,1,0
1.86,50,400,0,85.9256250560599,86.5,86.5743749439401,259,0,259,259,0,0,85.9256250560599,1,1,0
1.861,50,400,0,85.9256250560599,86.5,86.5743749439401,259,0,259,259,0,0,85.9256250560599,1,1,0
1.862,50,400,0,85.9256250560599,86.5,86.5743749439401,259,0,259,259,0,0,85.9256250560599,1,1,0
1.863,50,400,0,85.9256250560599,86.5,86.5743749439401,259,0,259,259,0,0,85.9256250560599,1,1,0
1.864,50,400,0,85.9256250560599,86.5,86.5743749439401,259,0,259,259,0,0,85.9256250560599,1,1,0
1.865,50,400,0,85.9256250560599,86.5,86.5743749439401,259,0,259,259,0,0,85.9256250560599,1,1,0
1.866,50,400,0,85.9256250560599,86.5,86.5743749439401,259,0,259,259,0,0,85.9256250560599,1,1,0
1.867,50,400,0,85.9256250560599,86.5,86.5743749439401,259,0,259,259,0,0,85.9256250560599,1,1,0
1.868,50,400,0,85.9256250560599,86.5,86.5743749439401,259,0,259,259,0,0,85.9256250560599,1,1,0
1.869,50,400,0,85.9256250560599,86.5,86.5743749439401,259,0,259,259,0,0,85.9256250560599,1,1,0
1.87,50,400,0,85.9256250560599,86.5,86.5743749439401,259,0,259,259,0,0,85.9256250560599,1,1,0
1.871,50,400,0,85.9256250560599,86.5,86.5743749439401,259,0,259,259,0,0,85.9256250560599,1,1,0
1.872,50,400,0,85.9256250560599,86.5,86.5743749439401,259,0,259,259,0,0,85.9256250560599,1,1,0
1.873,50,400,0,85.9256250560599,86.5,86.5743749439401,259,0,259,259,0,0,85.9256250560599,1,1,0
1.874,50,400,0,85.9256250560599,86.5,86.5743749439401,259,0,259,259,0,0,85.9256250560599,1,1,0
1.875,50,400,0,85.9256250560599,86.5,86.5743749439401,259,0,259,259,0,0,85.9256250560599,1,1,0
1.876,50,400,0,85.9256250560599,86.5,86.5743749439401,259,0,259,259,0,0,85.9256250560599,1,1,0
1.877,50,400,0,85.9256250560599,86.5,86.5743749439401,259,0,259,259,0,0,85.9256250560599,1,1,0
1.878,50,400,0,85.9256250560599,86.5,86.5743749439401,259,0,259,259,0,0,85.9256250560599,1,1,0
1.879,50,400,0,85.9256250560599,86.5,86.5743749439401,259,0,259,259,0,0,85.9256250560599,1,1,0
1.88,50,400,0,85.9256250560599,86.5,86.5743749439401,259,0,259,259,0,0,85.9256250560599,1,1,0
1.881,50,400,0,85.9256250560599,86.5,86.5743749439401,259,0,259,259,0,0,85.9256250560599,1,1,0
1.882,50,400,0,85.9256250560599,86.5,86.5743749439401,259,0,259,259,0,0,85.9256250560599,1,1,0
1.883,50,400,0,85.9256250560599,86.5,86.5743749439401,259,0,259,259,0,0,85.9256250560599,1,1,0
1.884,50,400,0,85.9256250560599,86.5,86.5743749439401,259,0,259,259,0,0,85.9256250560599,1,1,0
1.885,50,400,0,85.9256250560599,86.5,86.5743749439401,259,0,259,259,0,0,85.9256250560599,1,1,0
1.886,50,400,0,85.9256250560599,86.5,86.5743749439401,259,0,259,259,0,0,85.9256250560599,1,1,0
1.887,50,400,0,85.9256250560599,86.5,86.5743749439401,259,0,259,259,0,0,85.9256250560599,1,1,0
1.888,50,400,0,85.9256250560599,86.5,86.5743749439401,259,0,259,259,0,0,85.9256250560599,1,1,0
1.889,50,400,0,85.9256250560599,86.5,86.5743749439401,259,0,259,259,0,0,85.9256250560599,1,1,0
1.89,50,400,0,85.9256250560599,86.5,86.5743749439401,259,0,259,259,0,0,85.9256250560599,1,1,0
1.891,50,400,0,85.9256250560599,86.5,86.5743749439401,259,0,259,259,0,0,85.9256250560599,1,1,0
1.892,50,400,0,85.9256250560599,86.5,86.5743749439401,259,0,259,259,0,0,85.9256250560599,1,1,0
1.893,50,400,0,85.9256250560599,86.5,86.5743749439401,259,0,259,259,0,0,85.9256250560599,1,1,0
1.894,50,400,0,85.9256250560599,86.5,86.5743749439401,259,0,259,259,0,0,85.9256250560599,1,1,0
1.895,50,400,0,85.9256250560599,86.5,86.5743749439401,259,0,259,259,0,0,85.9256250560599,1,1,0
1.896,50,400,0,85.9256250560599,86.5,86.5743749439401,259,0,259,259,0,0,85.9256250560599,1,1,0
1.897,50,400,0,85.9256250560599,86.5,86.5743749439401,259,0,259,259,0,0,85.9256250560599,1,1,0
1.898,50,400,0,85.9256250560599,86.5,86.5743749439401,259,0,259,259,0,0,85.9256250560599,1,1,0
1.899,50,400,0,85.9256250560599,86.5,86.5743749439401,259,0,259,259,0,0,85.9256250560599,1,1,0
1.9,50,400,0,85.9256250560599,86.5,86.5743749439401,259,0,259,259,0,0,85.9256250560599,1,1,0
1.901,50,400,0,85.9256250560599,86.5,86.5743749439401,259,0,259,259,0,0,85.9256250560599,1,1,0
1.902,50,400,0,85.9256250560599,86.5,86.5743749439401,259,0,259,259,0,0,85.9256250560599,1,1,0
1.903,50,400,0,85.9256250560599,86.5,86.5743749439401,259,0,259,259,0,0,85.9256250560599,1,1,0
1.904,50,400,0,85.9256250560599,86.5,86.5743749439401,259,0,259,259,0,0,85.9256250560599,1,1,0
1.905,50,400,0,85.9256250560599,86.5,86.5743749439401,259,0,259,259,0,0,85.9256250560599,1,1,0
1.906,50,400,0,85.9256250560599,86.5,86.5743749439401,259,0,259,259,0,0,85.9256250560599,1,1,0
1.907,50,400,0,85.9256250560599,86.5,86.5743749439401,259,0,259,259,0,0,85.9256250560599,1,1,0
1.908,50,400,0,85.9256250560599,86.5,86.5743749439401,259,0,259,259,0,0,85.9256250560599,1,1,0
1.909,50,400,0,85.9256250560599,86.5,86.5743749439401,259,0,259,259,0,0,85.9256250560599,1,1,0
1.91,50,400,0,85.9256250560599,86.5,86.5743749439401,259,0,259,259,0,0,85.9256250560599,1,1,0
1.911,50,400,0,85.9256250560599,86.5,86.5743749439401,259,0,259,259,0,0,85.9256250560599,1,1,0
1.912,50,400,0,85.9256250560599,86.5,86.5743749439401,259,0,259,259,0,0,85.9256250560599,1,1,0
1.913,50,400,0,85.9256250560599,86.5,86.5743749439401,259,0,259,259,0,0,85.9256250560599,1,1,0
1.914,50,400,0,85.9256250560599,86.5,86.5743749439401,259,0,259,259,0,0,85.9256250560599,1,1,0
1.915,50,400,0,85.9256250560599,86.5,86.5743749439401,259,0,259,259,0,0,85.9256250560599,1,1,0
1.916,50,400,0,85.9256250560599,86.5,86.5743749439401,259,0,259,259,0,0,85.9256250560599,1,1,0
1.917,50,400,0,85.9256250560599,86.5,86.5743749439401,259,0,259,259,0,0,85.9256250560599,1,1,0
1.918,50,400,0,85.9256250560599,86.5,86.5743749439401,259,0,259,259,0,0,85.9256250560599,1,1,0
1.919,50,400,0,85.9256250560599,86.5,86.5743749439401,259,0,259,259,0,0,85.9256250560599,1,1,0
1.92,50,400,0,85.9256250560599,86.5,86.5743749439401,259,0,259,259,0,0,85.9256250560599,1,1,0
1.921,50,400,0,85.9256250560599,86.5,86.5743749439401,259,0,259,259,0,0,85.9256250560599,1,1,0
1.922,50,400,0,85.9256250560599,86.5,86.5743749439401,259,0,259,259,0,0,85.9256250560599,1,1,0
1.923,50,400,0,85.9256250560599,86.5,86.5743749439401,259,0,259,259,0,0,85.9256250560599,1,1,0
1.924,50,400,0,85.9256250560599,86.5,86.5743749439401,259,0,259,259,0,0,85.9256250560599,1,1,0
1.925,50,400,0,85.9256250560599,86.5,86.5743749439401,259,0,259,259,0,0,85.9256250560599,1,1,0
1.926,50,400,0,85.9256250560599,86.5,86.5743749439401,259,0,259,259,0,0,85.9256250560599,1,1,0
1.927,50,400,0,85.9256250560599,86.5,86.5743749439401,259,0,259,259,0,0,85.9256250560599,1,1,0
1.928,50,400,0,85.9256250560599,86.5,86.5743749439401,259,0,259,259,0,0,85.9256250560599,1,1,0
1.929,50,400,0,85.9256250560599,86.5,86.5743749439401,259,0,259,259,0,0,85.9256250560599,1,1,0
1.93,50,400,0,85.9256250560599,86.5,86.5743749439401,259,0,259,259,0,0,85.9256250560599,1,1,0
1.931,50,400,0,85.9256250560599,86.5,86.5743749439401,259,0,259,259,0,0,85.9256250560599,1,1,0
1.932,50,400,0,85.9256250560599,86.5,86.5743749439401,259,0,259,259,0,0,85.9256250560599,1,1,0
1.933,50,400,0,85.9256250560599,86.5,86.5743749439401,259,0,259,259,0,0,85.9256250560599,1,1,0
1.934,50,400,0,85.9256250560599,86.5,86.5743749439401,259,0,259,259,0,0,85.9256250560599,1,1,0
1.935,50,400,0,85.9256250560599,86.5,86.5743749439401,259,0,259,259,0,0,85.9256250560599,1,1,0
1.936,50,400,0,85.9256250560599,86.5,86.5743749439401,259,0,259,259,0,0,85.9256250560599,1,1,0
1.937,50,400,0,85.9256250560599,86.5,86.5743749439401,259,0,259,259,0,0,85.9256250560599,1,1,0
1.938,50,400,0,85.9256250560599,86.5,86.5743749439401,259,0,259,259,0,0,85.9256250560599,1,1,0
1.939,50,400,0,85.9256250560599,86.5,86.5743749439401,259,0,259,259,0,0,85.9256250560599,1,1,0
1.94,50,400,0,85.9256250560599,86.5,86.5743749439401,259,0,259,259,0,0,85.9256250560599,1,1,0
1.941,50,400,0,85.9256250560599,86.5,86.5743749439401,259,0,259,259,0,0,85.9256250560599,1,1,0
1.942,50,400,0,85.9256250560599,86.5,86.5743749439401,259,0,259,259,0,0,85.9256250560599,1,1,0
1.943,50,400,0,85.9256250560599,86.5,86.5743749439401,259,0,259,259,0,0,85.9256250560599,1,1,0
1.944,50,400,0,85.9256250560599,86.5,86.5743749439401,259,0,259,259,0,0,85.9256250560599,1,1,0
1.945,50,400,0,85.9256250560599,86.5,86.5743749439401,259,0,259,259,0,0,85.9256250560599,1,1,0
1.946,50,400,0,85.9256250560599,86.5,86.5743749439401,259,0,259,259,0,0,85.9256250560599,1,1,0
1.947,50,400,0,85.9256250560599,86.5,86.5743749439401,259,0,259,259,0,0,85.9256250560599,1,1,0
1.948,50,400,0,85.9256250560599,86.5,86.5743749439401,259,0,259,259,0,0,85.9256250560599,1,1,0
1.949,50,400,0,85.9256250560599,86.5,86.5743749439401,259,0,259,259,0,0,85.9256250560599,1,1,0
1.95,50,400,0,85.9256250560599,86.5,86.5743749439401,259,0,259,259,0,0,85.9256250560599,1,1,0
1.951,50,400,0,85.9256250560599,86.5,86.5743749439401,259,0,259,259,0,0,85.9256250560599,1,1,0
1.952,50,400,0,85.9256250560599,86.5,86.5743749439401,259,0,259,259,0,0,85.9256250560599,1,1,0
1.953,50,400,0,85.9256250560599,86.5,86.5743749439401,259,0,259,259,0,0,85.9256250560599,1,1,0
1.954,50,400,0,85.9256250560599,86.5,86.5743749439401,259,0,259,259,0,0,85.9256250560599,1,1,0
1.955,50,400,0,85.9256250560599,86.5,86.5743749439401,259,0,259,259,0,0,85.9256250560599,1,1,0
1.956,50,400,0,85.9256250560599,86.5,86.5743749439401,259,0,259,259,0,0,85.9256250560599,1,1,0
1.957,50,400,0,85.9256250560599,86.5,86.5743749439401,259,0,259,259,0,0,85.9256250560599,1,1,0
1.958,50,400,0,85.9256250560599,86.5,86.5743749439401,259,0,259,259,0,0,85.9256250560599,1,1,0
1.959,50,400,0,85.9256250560599,86.5,86.5743749439401,259,0,259,259,0,0,85.9256250560599,1,1,0
1.96,50,400,0,85.9256250560599,86.5,86.5743749439401,259,0,259,259,0,0,85.9256250560599,1,1,0
1.961,50,400,0,85.9256250560599,86.5,86.5743749439401,259,0,259,259,0,0,85.9256250560599,1,1,0
1.962,50,400,0,85.9256250560599,86.5,86.5743749439401,259,0,259,259,0,0,85.9256250560599,1,1,0
1.963,50,400,0,85.9256250560599,86.5,86.5743749439401,259,0,259,259,0,0,85.9256250560599,1,1,0
1.964,50,400,0,85.9256250560599,86.5,86.5743749439401,259,0,259,259,0,0,85.9256250560599,1,1,0
1.965,50,400,0,85.9256250560599,86.5,86.5743749439401,259,0,259,259,0,0,85.9256250560599,1,1,0
1.966,50,400,0,85.9256250560599,86.5,86.5743749439401,259,0,259,259,0,0,85.9256250560599,1,1,0
1.967,50,400,0,85.9256250560599,86.5,86.5743749439401,259,0,259,259,0,0,85.9256250560599,1,1,0
1.968,50,400,0,85.9256250560599,86.5,86.5743749439401,259,0,259,259,0,0,85.9256250560599,1,1,0
1.969,50,400,0,85.9256250560599,86.5,86.5743749439401,259,0,259,259,0,0,85.9256250560599,1,1,0
1.97,50,400,0,85.9256250560599,86.5,86.5743749439401,259,0,259,259,0,0,85.9256250560599,1,1,0
1.971,50,400,0,85.9256250560599,86.5,86.5743749439401,259,0,259,259,0,0,85.9256250560599,1,1,0
1.972,50,400,0,85.9256250560599,86.5,86.5743749439401,259,0,259,259,0,0,85.9256250560599,1,1,0
1.973,50,400,0,85.9256250560599,86.5,86.5743749439401,259,0,259,259,0,0,85.9256250560599,1,1,0
1.974,50,400,0,85.9256250560599,86.5,86.5743749439401,259,0,259,259,0,0,85.9256250560599,1,1,0
1.975,50,400,0,85.9256250560599,86.5,86.5743749439401,259,0,259,259,0,0,85.9256250560599,1,1,0
1.976,50,400,0,85.9256250560599,86.5,86.5743749439401,259,0,259,259,0,0,85.9256250560599,1,1,0
1.977,50,400,0,85.9256250560599,86.5,86.5743749439401,259,0,259,259,0,0,85.9256250560599,1,1,0
1.978,50,400,0,85.9256250560599,86.5,86.5743749439401,259,0,259,259,0,0,85.9256250560599,1,1,0
1.979,50,400,0,85.9256250560599,86.5,86.5743749439401,259,0,259,259,0,0,85.9256250560599,1,1,0
1.98,50,400,0,85.9256250560599,86.5,86.5743749439401,259,0,259,259,0,0,85.9256250560599,1,1,0
1.981,50,400,0,85.9256250560599,86.5,86.5743749439401,259,0,259,259,0,0,85.9256250560599,1,1,0
1.982,50,400,0,85.9256250560599,86.5,86.5743749439401,259,0,259,259,0,0,85.9256250560599,1,1,0
1.983,50,400,0,85.9256250560599,86.5,86.5743749439401,259,0,259,259,0,0,85.9256250560599,1,1,0
1.984,50,400,0,85.9256250560599,86.5,86.5743749439401,259,0,259,259,0,0,85.9256250560599,1,1,0
1.985,50,400,0,85.9256250560599,86.5,86.5743749439401,259,0,259,259,0,0,85.9256250560599,1,1,0
1.986,50,400,0,85.9256250560599,86.5,86.5743749439401,259,0,259,259,0,0,85.9256250560599,1,1,0
1.987,50,400,0,85.9256250560599,86.5,86.5743749439401,259,0,259,259,0,0,85.9256250560599,1,1,0
1.988,50,400,0,85.9256250560599,86.5,86.5743749439401,259,0,259,259,0,0,85.9256250560599,1,1,0
1.989,50,400,0,85.9256250560599,86.5,86.5743749439401,259,0,259,259,0,0,85.9256250560599,1,1,0
1.99,50,400,0,85.9256250560599,86.5,86.5743749439401,259,0,259,259,0,0,85.9256250560599,1,1,0
1.991,50,400,0,85.9256250560599,86.5,86.5743749439401,259,0,259,259,0,0,85.9256250560599,1,1,0
1.992,50,400,0,85.9256250560599,86.5,86.5743749439401,259,0,259,259,0,0,85.9256250560599,1,1,0
1.993,50,400,0,85.9256250560599,86.5,86.5743749439401,259,0,259,259,0,0,85.9256250560599,1,1,0
1.994,50,400,0,85.9256250560599,86.5,86.5743749439401,259,0,259,259,0,0,85.9256250560599,1,1,0
1.995,50,400,0,85.9256250560599,86.5,86.5743749439401,259,0,259,259,0,0,85.9256250560599,1,1,0
1.996,50,400,0,85.9256250560599,86.5,86.5743749439401,259,0,259,259,0,0,85.9256250560599,1,1,0
1.997,50,400,0,85.9256250560599,86.5,86.5743749439401,259,0,259,259,0,0,85.9256250560599,1,1,0
1.998,50,400,0,85.9256250560599,86.5,86.5743749439401,259,0,259,259,0,0,85.9256250560599,1,1,0
1.999,50,400,0,85.9256250560599,86.5,86.5743749439401,259,0,259,259,0,0,85.9256250560599,1,1,0
2,50,400,0,85.9256250560599,86.5,86.5743749439401,259,0,259,259,0,0,85.9256250560599,1,1,0
2.001,50,400,0,85.9256250560599,86.5,82.2456561967431,259,0,259,254.671281252803,0,0,85.9256250560599,1,1,0
2.002,49.999860723335,399.993553103441,0,85.9256250560599,86.5,78.1333733869059,259,0,259,250.558998442966,0,0,85.9256250560599,1,1,0
2.003,49.9995891786507,399.981147215504,0,85.9256250560599,86.5,74.2267047175606,259,0,259,246.652329773621,-5.0139599388217e-05,0,85.9256250560599,1,1,0
2.004,49.9991920241457,399.963245612085,0,85.9256250560599,86.5,70.5153694816826,259,0,259,242.940994537743,-0.000198035285150979,0,85.9256250560599,1,1,0
2.005,49.9986755850948,399.940287962999,0,85.9256250560599,86.5,66.9896010075985,259,0,259,239.415226063658,-0.000488906592683804,0,85.9256250560599,1,1,0
2.006,49.9980458704942,399.912691315431,0,85.9256250560599,86.5,63.6401209572185,259,0,259,236.065746013278,-0.000965695958560389,0,85.9256250560599,1,1,0
2.007,49.997308588876,399.880851039318,0,85.9256250560599,86.5,60.4581149093576,259,0,259,232.883739965418,-0.00166918258066033,0,85.9256250560599,1,1,0
2.008,49.9964691633315,399.845141736202,0,85.9256250560599,86.5,57.4352091638897,259,0,259,229.86083421995,-0.00263809058528921,0,85.9256250560599,1,1,0
2.009,49.9955327457828,399.805918113094,0,85.9256250560599,86.5,54.5634487056952,259,0,259,226.989073761755,-0.0039091917859426,0,85.9256250560599,1,1,0
2.01,49.9945042305416,399.763515822737,0,85.9256250560599,86.5,51.8352762704105,259,0,259,224.26090132647,-0.00551740330412571,0,85.9256250560599,1,1,0
2.011,49.9933882671897,399.71825227166,0,85.9256250560599,86.5,49.24351245689,259,0,259,221.66913751295,-0.00749588030913657,0,85.9256250560599,1,1,0
2.012,49.9921892728152,399.670427397293,0,85.9256250560599,86.5,46.7813368340455,259,0,259,219.206961890105,-0.00987610412085445,0,85.9256250560599,1,1,0
2.013,49.9909114436376,399.620324415395,0,85.9256250560599,86.5,44.4422699923432,259,0,259,216.867895048403,-0.0126879659073865,0,85.9256250560599,1,1,0
2.014,49.9895587660512,399.568210538958,0,85.9256250560599,86.5,42.220156492726,259,0,259,214.645781548786,-0.0159598461978351,0,85.9256250560599,1,1,0
2.015,49.9881350271158,399.514337669722,0,85.9256250560599,86.5,40.1091486680897,259,0,259,212.53477372415,-0.0197186904194197,0,85.9256250560599,1,1,0
2.016,49.9866438245242,399.458943063356,0,85.9256250560599,86.5,38.1036912346852,259,0,259,210.529316290745,-0.0239900806577435,0,85.9256250560599,1,1,0
2.017,49.98508857607,399.402249969339,0,85.9256250560599,86.5,36.198506672951,259,0,259,208.624131729011,-0.028798303829044,0,85.9256250560599,1,1,0
2.018,49.983472528643,399.344468246513,0,85.9256250560599,86.5,34.3885813393034,259,0,259,206.814206395363,-0.0341664164438319,0,85.9256250560599,1,1,0
2.019,49.9817987667739,399.285794955228,0,85.9256250560599,86.5,32.6691522723383,259,0,259,205.094777328398,-0.0401163061323447,0,85.9256250560599,1,1,0
2.02,49.9800702207527,399.226414926987,0,85.9256250560599,86.5,31.0356946587213,259,0,259,203.461319714781,-0.0466687500937283,0,85.9256250560599,1,1,0
2.021,49.9782896743405,399.166501312427,0,85.9256250560599,86.5,29.4839099257853,259,0,259,201.909534981845,-0.0538434706227483,0,85.9256250560599,1,1,0
2.022,49.9764597720959,399.106216108451,0,85.9256250560599,86.5,28.009714429496,259,0,259,200.435339485556,-0.0616591878601778,0,85.9256250560599,1,1,0
2.023,49.9745830263354,399.045710665298,0,85.9256250560599,86.5,26.6092287080212,259,0,259,199.034853764081,-0.0701336699056563,0,85.9256250560599,1,1,0
2.024,49.9726618237454,398.985126174281,0,85.9256250560599,86.5,25.2787672726202,259,0,259,197.70439232868,-0.0792837804249038,0,85.9256250560599,1,1,0
2.025,49.9706984316634,398.924594136913,0,85.9256250560599,86.5,24.0148289089891,259,0,259,196.440453965049,-0.089125523876576,0,85.9256250560599,1,1,0
2.026,49.9686950040459,398.864236816104,0,85.9256250560599,86.5,22.8140874635397,259,0,259,195.2397125196,-0.0996740884777697,0,85.9256250560599,1,1,0
2.027,49.9666535871372,398.804167670085,0,85.9256250560599,86.5,21.6733830903627,259,0,259,194.099008146423,-0.110943887021259,0,85.9256250560599,1,1,0
2.028,49.9645761248552,398.74449176967,0,85.9256250560599,86.5,20.5897139358446,259,0,259,193.015338991904,-0.122948595651864,0,85.9256250560599,1,1,0
2.029,49.9624644639074,398.685306199478,0,85.9256250560599,86.5,19.5602282390523,259,0,259,191.985853295112,-0.135701190703992,0,85.9256250560599,1,1,0
2.03,49.9603203586518,398.626700443679,0,85.9256250560599,86.5,18.5822168270997,259,0,259,191.00784188316,-0.149213983697317,0,85.9256250560599,1,1,0
2.031,49.9581454757141,398.568756756817,0,85.9256250560599,86.5,17.6531059857447,259,0,259,190.078731041805,-0.163498654582657,0,85.9256250560599,1,1,0
2.032,49.9559413983745,398.511550520248,0,85.9256250560599,86.5,16.7704506864575,259,0,259,189.196075742517,-0.178566283325564,0,85.9256250560599,1,1,0
2.033,49.9537096307348,398.455150584694,0,85.9256250560599,86.5,15.9319281521346,259,0,259,188.357553208195,-0.194427379910734,0,85.9256250560599,1,1,0
2.034,49.9514516016776,398.399619599415,0,85.9256250560599,86.5,15.1353317445279,259,0,259,187.560956800588,-0.211091912846188,0,85.9256250560599,1,1,0
2.035,49.9491686686269,398.34501432846,0,85.9256250560599,86.5,14.3785651573015,259,0,259,186.804190213361,-0.228569336242251,0,85.9256250560599,1,1,0
2.036,49.9468621211213,398.291385954451,0,85.9256250560599,86.5,13.6596368994364,259,0,259,186.085261955496,-0.246868615536571,0,85.9256250560599,1,1,0
2.037,49.9445331842083,398.238780370352,0,85.9256250560599,86.5,12.9766550544646,259,0,259,185.402280110525,-0.265998251932893,0,85.9256250560599,1,1,0
2.038,49.9421830216687,398.187238459614,0,85.9256250560599,86.5,12.3278223017414,259,0,259,184.753447357801,-0.28596630561789,0,85.9256250560599,1,1,0
2.039,49.9398127390799,398.136796365132,0,85.9256250560599,86.5,11.7114311866543,259,0,259,184.137056242714,-0.306780417817154,0,85.9256250560599,1,1,0
2.04,49.9374233867264,398.087485747379,0,85.9256250560599,86.5,11.1258596273216,259,0,259,183.551484683382,-0.328447831748373,0,85.9256250560599,1,1,0
2.041,49.935015962364,398.03933403211,0,85.9256250560599,86.5,10.5695666459555,259,0,259,182.995191702015,-0.350975412526867,0,85.9256250560599,1,1,0
2.042,49.9325914138466,397.992364647983,0,85.9256250560599,86.5,10.0410883136577,259,0,259,182.466713369718,-0.37436966607583,0,85.9256250560599,1,1,0
2.043,49.9301506416211,397.946597254461,0,85.9256250560599,86.5,9.53903389797485,259,0,259,181.964658954035,-0.398636757091066,0,85.9256250560599,1,1,0
2.044,49.9276945010978,397.902047960318,0,85.9256250560599,86.5,9.06208220307611,259,0,259,181.487707259136,-0.423782526107484,0,85.9256250560599,1,1,0
2.045,49.9252238049025,397.858729533084,0,85.9256250560599,86.5,8.6089780929223,259,0,259,181.034603148982,-0.449812505712267,0,85.9256250560599,1,1,0
2.046,49.9227393250151,397.81665159974,0,85.9256250560599,86.5,8.17852918827619,259,0,259,180.604154244336,-0.476731935947379,0,85.9256250560599,1,1,0
2.047,49.9202417948025,397.775820838965,0,85.9256250560599,86.5,7.76960272886238,259,0,259,180.195227784922,-0.504545778941951,0,85.9256250560599,1,1,0
2.048,49.9177319109492,397.736241165227,0,85.9256250560599,86.5,7.38112259241926,259,0,259,179.806747648479,-0.533258732813038,0,85.9256250560599,1,1,0
2.049,49.9152103352908,397.697913905003,0,85.9256250560599,86.5,7.0120664627983,259,0,259,179.437691518858,-0.562875244871343,0,85.9256250560599,1,1,0
2.05,49.9126776965574,397.660837965406,0,85.9256250560599,86.5,6.66146313965838,259,0,259,179.087088195718,-0.59339952416665,0,85.9256250560599,1,1,0
2.051,49.9101345920281,397.625009995469,0,85.9256250560599,86.5,6.32838998267546,259,0,259,178.754015038735,-0.62483555340598,0,85.9256250560599,1,1,0
2.052,49.907581589104,397.590424540361,0,85.9256250560599,86.5,6.01197048354169,259,0,259,178.437595539602,-0.657187100275848,0,85.9256250560599,1,1,0
2.053,49.9050192268019,397.557074188767,0,85.9256250560599,86.5,5.7113719593646,259,0,259,178.136997015425,-0.690457728198399,0,85.9256250560599,1,1,0
2.054,49.9024480171734,397.524949713681,0,85.9256250560599,86.5,5.42580336139637,259,0,259,177.851428417456,-0.724650806549731,0,85.9256250560599,1,1,0
2.055,49.8998684466536,397.494040206835,0,85.9256250560599,86.5,5.15451319332655,259,0,259,177.580138249386,-0.75976952036731,0,85.9256250560599,1,1,0
2.056,49.8972809773416,397.464333207001,0,85.9256250560599,86.5,4.89678753366023,259,0,259,177.32241258972,-0.795816879572004,0,85.9256250560599,1,1,0
2.057,49.8946860482173,397.435814822371,0,85.9256250560599,86.5,4.65194815697722,259,0,259,177.077573213037,-0.83279572772902,0,85.9256250560599,1,1,0
2.058,49.8920840762975,397.408469847227,0,85.9256250560599,86.5,4.41935074912835,259,0,259,176.844975805188,-0.870708750370789,0,85.9256250560599,1,1,0
2.059,49.8894754577338,397.382281873116,0,85.9256250560599,86.5,4.19838321167194,259,0,259,176.624008267732,-0.909558482903706,0,85.9256250560599,1,1,0
2.06,49.8868605688564,397.357233394713,0,85.9256250560599,86.5,3.98846405108834,259,0,259,176.414089107148,-0.949347318119532,0,85.9256250560599,1,1,0
2.061,49.8842397671646,397.33330591057,0,85.9256250560599,86.5,3.78904084853392,259,0,259,176.214665904594,-0.990077513331224,0,85.9256250560599,1,1,0
2.062,49.8816133922686,397.310480018937,0,85.9256250560599,86.5,3.59958880610723,259,0,259,176.025213862167,-1.03175119715197,0,85.9256250560599,1,1,0
2.063,49.878981766784,397.288735508835,0,85.9256250560599,86.5,3.41960936580187,259,0,259,175.845234421862,-1.07437037593526,0,85.9256250560599,1,1,0
2.064,49.8763451971815,397.268051446547,0,85.9256250560599,86.5,3.24862889751177,259,0,259,175.674253953572,-1.11793693989301,0,85.9256250560599,1,1,0
2.065,49.8737039745941,397.248406257706,0,85.9256250560599,86.5,3.08619745263618,259,0,259,175.511822508696,-1.16245266890766,0,85.9256250560599,1,1,0
2.066,49.8710583755839,397.22977780514,0,85.9256250560599,86.5,2.93188758000437,259,0,259,175.357512636064,-1.20791923805379,0,85.9256250560599,1,1,0
2.067,49.8684086628709,397.212143462629,0,85.9256250560599,86.5,2.78529320100416,259,0,259,175.210918257064,-1.25433822284359,0,85.9256250560599,1,1,0
2.068,49.8657550860249,397.195480184729,0,85.9256250560599,86.5,2.64602854095395,259,0,259,175.071653597014,-1.30171110421008,0,85.9256250560599,1,1,0
2.069,49.8630978821233,397.179764572815,0,85.9256250560599,86.5,2.51372711390625,259,0,259,174.939352169966,-1.3500392732411,0,85.9256250560599,1,1,0
2.07,49.8604372763752,397.164972937485,0,85.9256250560599,86.5,2.38804075821094,259,0,259,174.813665814271,-1.39932403567671,0,85.9256250560599,1,1,0
2.071,49.8577734827153,397.151081357463,0,85.9256250560599,86.5,2.26863872030039,259,0,259,174.69426377636,-1.44956661618165,0,85.9256250560599,1,1,0
2.072,49.8551067043675,397.138065735139,0,85.9256250560599,86.5,2.15520678428537,259,0,259,174.580831840345,-1.50076816240415,0,85.9256250560599,1,1,0
2.073,49.8524371343802,397.125901848877,0,85.9256250560599,86.5,2.0474464450711,259,0,259,174.473071501131,-1.55292974883186,0,85.9256250560599,1,1,0
2.074,49.8497649561356,397.114565402219,0,85.9256250560599,86.5,1.94507412281755,259,0,259,174.370699178877,-1.60605238045499,0,85.9256250560599,1,1,0
2.075,49.8470903438324,397.104032070103,0,85.9256250560599,86.5,1.84782041667667,259,0,259,174.273445472737,-1.66013699624617,0,85.9256250560599,1,1,0
2.076,49.8444134629455,397.094277542227,0,85.9256250560599,86.5,1.75542939584284,259,0,259,174.181054451903,-1.7151844724665,0,85.9256250560599,1,1,0
2.077,49.8417344706618,397.085277563655,0,85.9256250560599,86.5,1.6676579260507,259,0,259,174.093282982111,-1.77119562580612,0,85.9256250560599,1,1,0
2.078,49.8390535162949,397.077007972801,0,85.9256250560599,86.5,1.58427502974816,259,0,259,174.009900085808,-1.82817121636787,0,85.9256250560599,1,1,0
2.079,49.8363707416785,397.069444736883,0,85.9256250560599,86.5,1.50506127826075,259,0,259,173.930686334321,-1.88611195050172,0,85.9256250560599,1,1,0
2.08,49.8336862815407,397.062563984951,0,85.9256250560599,86.5,1.42980821434772,259,0,259,173.855433270408,-1.94501848349747,0,85.9256250560599,1,1,0
2.081,49.8310002638591,397.056342038608,0,85.9256250560599,86.5,1.35831780363033,259,0,259,173.78394285969,-2.00489142214282,0,85.9256250560599,1,1,0
2.082,49.8283128101982,397.050755440503,0,85.9256250560599,86.5,1.29040191344881,259,0,259,173.716026969509,-2.06573132715355,0,85.9256250560599,1,1,0
2.083,49.8256240360305,397.045780980707,0,85.9256250560599,86.5,1.22588181777637,259,0,259,173.651506873836,-2.12753871548219,0,85.9256250560599,1,1,0
2.084,49.8229340510406,397.041395721054,0,85.9256250560599,86.5,1.16458772688755,259,0,259,173.590212782947,-2.19031406251121,0,85.9256250560599,1,1,0
2.085,49.8202429594149,397.037577017541,0,85.9256250560599,86.5,1.10635834054318,259,0,259,173.531983396603,-2.25405780413659,0,85.9256250560599,1,1,0
2.086,49.8175508601164,397.034302540876,0,85.9256250560599,86.5,1.05104042351602,259,0,259,173.476665479576,-2.31877033874723,0,85.9256250560599,1,1,0
2.087,49.8148578471459,397.031550295251,0,85.9256250560599,86.5,0.998488402340217,259,0,259,173.4241134584,-2.38445202910534,0,85.9256250560599,1,0,0
2.088,49.8121640097903,397.029298635435,0,85.9256250560599,86.5,0.948563982223206,259,0,259,173.374189038283,-2.4511032041328,0,85.9256250560599,1,0,0
2.089,49.8094694328579,397.027526282242,0,85.9256250560599,86.5,0.901135783112046,259,0,259,173.326760839172,-2.51872416060829,0,85.9256250560599,1,0,0
2.09,49.8067741969026,397.026212336477,0,85.9256250560599,86.5,0.856078993956443,259,0,259,173.281704050016,-2.58731516477945,0,85.9256250560599,1,0,0
2.091,49.8040783784368,397.02533629141,0,85.9256250560599,86.5,0.813275044258621,259,0,259,173.238900100319,-2.65687645389451,0,85.9256250560599,1,0,0
2.092,49.8013820501329,397.02487804387,0,85.9256250560599,86.5,0.77261129204569,259,0,259,173.198236348106,-2.72740823765728,0,85.9256250560599,1,0,0
2.093,49.798685281016,397.024817904005,0,85.9256250560599,86.5,0.733980727443405,259,0,259,173.159605783503,-2.79891069960943,0,85.9256250560599,1,0,0
2.094,49.7959881366458,397.025136603796,0,85.9256250560599,86.5,0.697281691071235,259,0,259,173.122906747131,-2.87138399844367,0,85.9256250560599,1,0,0
2.095,49.7932906792899,397.02581530437,0,85.9256250560599,86.5,0.662417606517673,259,0,259,173.088042662578,-2.94482826925119,0,85.9256250560599,1,0,0
2.096,49.7905929680888,397.026835602188,0,85.9256250560599,86.5,0.62929672619179,259,0,259,173.054921782252,-3.01924362470682,0,85.9256250560599,1,0,0
2.097,49.7878950592118,397.028179534162,0,85.9256250560599,86.5,0.5978318898822,259,0,259,173.023456945942,-3.09463015619483,0,85.9256250560599,1,0,0
2.098,49.7851970060057,397.029829581753,0,85.9256250560599,86.5,0.56794029538809,259,0,259,172.993565351448,-3.17098793487859,0,85.9256250560599,1,0,0
2.099,49.782498859136,397.031768674115,0,85.9256250560599,86.5,0.539543280618686,259,0,259,172.965168336679,-3.24831701271655,0,85.9256250560599,1,0,0
2.1,49.7798006667211,397.03398019033,0,85.9256250560599,86.5,0.512566116587751,259,0,259,172.938191172648,-3.32661742342758,0,85.9256250560599,1,0,0
2.101,49.7771024744594,397.036447960795,0,85.9256250560599,86.5,0.486937810758364,259,0,259,172.912562866818,-3.40588918340797,0,85.9256250560599,1,0,0
2.102,49.7744043257503,397.039156267797,0,85.9256250560599,86.5,0.462590920220446,259,0,259,172.88821597628,-3.48613229260258,0,85.9256250560599,1,0,0
2.103,49.7717062618095,397.042089845333,0,85.9256250560599,86.5,0.439461374209423,259,0,259,172.865086430269,-3.56734673533246,0,85.9256250560599,1,0,0
2.104,49.7690083217777,397.045233878226,0,85.9256250560599,86.5,0.417488305498952,259,0,259,172.843113361559,-3.64953248108104,0,85.9256250560599,1,0,0
2.105,49.7663105428248,397.048574000563,0,85.9256250560599,86.5,0.396613890224005,259,0,259,172.822238946284,-3.73268948524106,0,85.9256250560599,1,0,0
2.106,49.7636129602482,397.052096293515,0,85.9256250560599,86.5,0.376783195712804,259,0,259,172.802408251773,-3.81681768982413,0,85.9256250560599,1,0,0
2.107,49.7609156075664,397.055787282574,0,85.9256250560599,86.5,0.357944035927164,259,0,259,172.783569091987,-3.90191702413478,0,85.9256250560599,1,0,0
2.108,49.7582185166081,397.059633934238,0,85.9256250560599,86.5,0.340046834130806,259,0,259,172.765671890191,-3.98798740541089,0,85.9256250560599,1,0,0
2.109,49.7555217175966,397.063623652198,0,85.9256250560599,86.5,0.323044492424266,259,0,259,172.748669548484,-4.07502873943198,0,85.9256250560599,1,0,0
2.11,49.7528252392302,397.067744273048,0,85.9256250560599,86.5,0.306892267803052,259,0,259,172.732517323863,-4.1630409210972,0,85.9256250560599,1,0,0
2.111,49.7501291087583,397.071984061555,0,85.9256250560599,86.5,0.2915476544129,259,0,259,172.717172710473,-4.25202383497431,0,85.9256250560599,1,0,0
2.112,49.7474333520537,397.076331705538,0,85.9256250560599,86.5,0.276970271692255,259,0,259,172.702595327752,-4.34197735582134,0,85.9256250560599,1,0,0
2.113,49.744737993682,397.080776310361,0,85.9256250560599,86.5,0.263121758107642,259,0,259,172.688746814168,-4.432901349082,0,85.9256250560599,1,0,0
2.114,49.7420430569664,397.085307393093,0,85.9256250560599,86.5,0.24996567020226,259,0,259,172.675590726262,-4.52479567135647,0,85.9256250560599,1,0,0
2.115,49.7393485640499,397.089914876351,0,85.9256250560599,86.5,0.237467386692147,259,0,259,172.663092442752,-4.61766017084858,0,85.9256250560599,1,0,0
2.116,49.7366545359547,397.094589081866,0,85.9256250560599,86.5,0.22559401735754,259,0,259,172.651219073417,-4.71149468779062,0,85.9256250560599,1,0,0
2.117,49.7339609926379,397.099320723781,0,85.9256250560599,86.5,0.214314316489663,259,0,259,172.63993937255,-4.80629905484691,0,85.9256250560599,1,0,0
2.118,49.7312679530448,397.104100901722,0,85.9256250560599,86.5,0.203598600665179,259,0,259,172.629223656725,-4.90207309749725,0,85.9256250560599,1,0,0
2.119,49.7285754351596,397.108921093663,0,85.9256250560599,86.5,0.19341867063192,259,0,259,172.619043726692,-4.99881663440111,0,85.9256250560599,1,0,0
2.12,49.7258834560532,397.113773148599,0,85.9256250560599,86.5,0.183747737100324,259,0,259,172.60937279316,-5.09652947774367,0,85.9256250560599,1,0,0
2.121,49.7231920319294,397.118649279062,0,85.9256250560599,86.5,0.174560350245308,259,0,259,172.600185406305,-5.19521143356451,0,85.9256250560599,1,0,0
2.122,49.7205011781678,397.12354205349,0,85.9256250560599,86.5,0.165832332733043,259,0,259,172.591457388793,-5.29486230206991,0,85.9256250560599,1,0,0
2.123,49.7178109093649,397.128444388477,0,85.9256250560599,86.5,0.157540716096391,259,0,259,172.583165772156,-5.39548187792951,0,85.9256250560599,1,0,0
2.124,49.7151212393739,397.133349540918,0,85.9256250560599,86.5,0.149663680291571,259,0,259,172.575288736351,-5.49706995055814,0,85.9256250560599,1,0,0
2.125,49.7124321813411,397.138251100067,0,85.9256250560599,86.5,0.142180496276993,259,0,259,172.567805552337,-5.59962630438355,0,85.9256250560599,1,0,0
2.126,49.709743747742,397.143142979533,0,85.9256250560599,86.5,0.135071471463143,259,0,259,172.560696527523,-5.70315071910075,0,85.9256250560599,1,0,0
2.127,49.7070559504141,397.14801940921,0,85.9256250560599,86.5,0.128317897889986,259,0,259,172.55394295395,-5.80764296991363,0,85.9256250560599,1,0,0
2.128,49.7043688005895,397.15287492719,0,85.9256250560599,86.5,0.121902002995487,259,0,259,172.547527059055,-5.91310282776454,0,85.9256250560599,1,0,0
2.129,49.7016823089245,397.157704371631,0,85.9256250560599,86.5,0.115806902845712,259,0,259,172.541431958906,-6.01953005955233,0,85.9256250560599,1,0,0
2.13,49.6989964855291,397.162502872635,0,85.9256250560599,86.5,0.110016557703427,259,0,259,172.535641613763,-6.12692442833949,0,85.9256250560599,1,0,0
2.131,49.6963113399936,397.167265844121,0,85.9256250560599,86.5,0.104515729818255,259,0,259,172.530140785878,-6.23528569354902,0,85.9256250560599,1,0,0
2.132,49.6936268814153,397.171988975713,0,85.9256250560599,86.5,0.0992899433273425,259,0,259,172.524914999387,-6.3446136111513,0,85.9256250560599,1,0,0
2.133,49.6909431184226,397.176668224656,0,85.9256250560599,86.5,0.0943254461609754,259,0,259,172.519950502221,-6.45490793384178,0,85.9256250560599,1,0,0
2.134,49.6882600591986,397.181299807778,0,85.9256250560599,86.5,0.0896091738529266,259,0,259,172.515234229913,-6.56616841120966,0,85.9256250560599,1,0,0
2.135,49.6855777115035,397.185880193488,0,85.9256250560599,86.5,0.0851287151602803,259,0,259,172.51075377122,-6.67839478989817,0,85.9256250560599,1,0,0
2.136,49.6828960826958,397.190406093841,0,85.9256250560599,86.5,0.0808722794022663,259,0,259,172.506497335462,-6.7915868137569,0,85.9256250560599,1,0,0
2.137,49.6802151797521,397.194874456662,0,85.9256250560599,86.5,0.0768286654321529,259,0,259,172.502453721492,-6.90574422398641,0,85.9256250560599,1,0,0
2.138,49.6775350092863,397.19928245775,0,85.9256250560599,86.5,0.0729872321605453,259,0,259,172.49861228822,-7.02086675927566,0,85.9256250560599,1,0,0
2.139,49.674855577568,397.203627493162,0,85.9256250560599,86.5,0.069337870552518,259,0,259,172.494962926612,-7.13695415593259,0,85.9256250560599,1,0,0
2.14,49.6721768905394,397.207907171586,0,85.9256250560599,86.5,0.0658709770248921,259,0,259,172.491496033085,-7.25400614800811,0,85.9256250560599,1,0,0
2.141,49.6694989538318,397.212119306808,0,85.9256250560599,86.5,0.0625774281736475,259,0,259,172.488202484234,-7.37202246741393,0,85.9256250560599,1,0,0
2.142,49.6668217727811,397.216261910279,0,85.9256250560599,86.5,0.0594485567649651,259,0,259,172.485073612825,-7.49100284403448,0,85.9256250560599,1,0,0
2.143,49.6641453524428,397.220333183799,0,85.9256250560599,86.5,0.0564761289267169,259,0,259,172.482101184987,-7.61094700583327,0,85.9256250560599,1,0,0
2.144,49.6614696976057,397.224331512295,0,85.9256250560599,86.5,0.053652322480381,259,0,259,172.47927737854,-7.73185467895385,0,85.9256250560599,1,0,0
2.145,49.6587948128052,397.228255456736,0,85.9256250560599,86.5,0.050969706356362,259,0,259,172.476594762416,-7.85372558781582,0,85.9256250560599,1,0,0
2.146,49.6561207023366,397.232103747148,0,85.9256250560599,86.5,0.0484212210385439,259,0,259,172.474046277098,-7.97655945520594,0,85.9256250560599,1,0,0
2.147,49.6534473702662,397.235875275772,0,85.9256250560599,86.5,0.0460001599866167,259,0,259,172.471625216047,-8.10035600236477,0,85.9256250560599,1,0,0
2.148,49.6507748204436,397.239569090337,0,85.9256250560599,86.5,0.0437001519872859,259,0,259,172.469325208047,-8.22511494906893,0,85.9256250560599,1,0,0
2.149,49.6481030565119,397.243184387465,0,85.9256250560599,86.5,0.0415151443879216,259,0,259,172.467140200448,-8.35083601370923,0,85.9256250560599,1,0,0
2.15,49.6454320819185,397.246720506219,0,85.9256250560599,86.5,0.0394393871685255,259,0,259,172.465064443228,-8.47751891336492,0,85.9256250560599,1,0,0
2.151,49.6427618999244,397.25017692177,0,85.9256250560599,86.5,0.0374674178100992,259,0,259,172.46309247387,-8.60516336387427,0,85.9256250560599,1,0,0
2.152,49.6400925136141,397.253553239217,0,85.9256250560599,86.5,0.0355940469195943,259,0,259,172.461219102979,-8.73376907990147,0,85.9256250560599,1,0,0
2.153,49.6374239259039,397.256849187539,0,85.9256250560599,86.5,0.0338143445736145,259,0,259,172.459439400634,-8.86333577500041,0,85.9256250560599,1,0,0
2.154,49.6347561395506,397.260064613681,0,85.9256250560599,86.5,0.0321236273449338,259,0,259,172.457748683405,-8.99386316167501,0,85.9256250560599,1,0,0
2.155,49.6320891571597,397.263199476796,0,85.9256250560599,86.5,0.0305174459776871,259,0,259,172.456142502038,-9.12535095143678,0,85.9256250560599,1,0,0
2.156,49.6294229811922,397.266253842614,0,85.9256250560599,86.5,0.0289915736788028,259,0,259,172.454616629739,-9.2577988548593,0,85.9256250560599,1,0,0
2.157,49.6267576139727,397.269227877965,0,85.9256250560599,86.5,0.0275419949948626,259,0,259,172.453167051055,-9.39120658163013,0,85.9256250560599,1,0,0
2.158,49.6240930576957,397.272121845438,0,85.9256250560599,86.5,0.0261648952451195,259,0,259,172.451789951305,-9.52557384059997,0,85.9256250560599,1,0,0
2.159,49.6214293144323,397.274936098185,0,85.9256250560599,86.5,0.0248566504828635,259,0,259,172.450481706543,-9.66090033982953,0,85.9256250560599,1,0,0
2.16,49.6187663861364,397.277671074868,0,85.9256250560599,86.5,0.0236138179587204,259,0,259,172.449238874019,-9.7971857866339,0,85.9256250560599,1,0,0
2.161,49.6161042746503,397.280327294748,0,85.9256250560599,86.5,0.0224331270607843,259,0,259,172.448058183121,-9.93442988762481,0,85.9256250560599,1,0,0
2.162,49.6134429817107,397.282905352918,0,85.9256250560599,86.5,0.0213114707077451,259,0,259,172.446936526768,-10.0726323487507,0,85.9256250560599,1,0,0
2.163,49.6107825089536,397.285405915671,0,85.9256250560599,86.5,0.0202458971723579,259,0,259,172.445870953232,-10.2117928753349,0,85.9256250560599,1,0,0
2.164,49.6081228579196,397.287829716017,0,85.9256250560599,86.5,0.01923360231374,259,0,259,172.444858658374,-10.3519111721116,0,85.9256250560599,1,0,0
2.165,49.6054640300585,397.290177549333,0,85.9256250560599,86.5,0.018271922198053,259,0,259,172.443896978258,-10.4929869432605,0,85.9256250560599,1,0,0
2.166,49.6028060267341,397.292450269151,0,85.9256250560599,86.5,0.0173583260881503,259,0,259,172.442983382148,-10.6350198924395,0,85.9256250560599,1,0,0
2.167,49.6001488492282,397.294648783088,0,85.9256250560599,86.5,0.0164904097837428,259,0,259,172.442115465844,-10.7780097228152,0,85.9256250560599,1,0,0
2.168,49.5974924987447,397.296774048903,0,85.9256250560599,86.5,0.0156658892945557,259,0,259,172.441290945354,-10.921956137093,0,85.9256250560599,1,0,0
2.169,49.5948369764139,397.298827070699,0,85.9256250560599,86.5,0.0148825948298279,259,0,259,172.44050765089,-11.0668588375449,0,85.9256250560599,1,0,0
2.17,49.5921822832957,397.300808895243,0,85.9256250560599,86.5,0.0141384650883365,259,0,259,172.439763521148,-11.2127175260359,0,85.9256250560599,1,0,0
2.171,49.5895284203835,397.302720608431,0,85.9256250560599,86.5,0.0134315418339197,259,0,259,172.439056597894,-11.3595319040495,0,85.9256250560599,1,0,0
2.172,49.5868753886072,397.304563331868,0,85.9256250560599,86.5,0.0127599647422237,259,0,259,172.438385020802,-11.5073016727114,0,85.9256250560599,1,0,0
2.173,49.5842231888368,397.306338219585,0,85.9256250560599,86.5,0.0121219665051125,259,0,259,172.437747022565,-11.6560265328128,0,85.9256250560599,1,0,0
2.174,49.5815718218849,397.308046454874,0,85.9256250560599,86.5,0.0115158681798569,259,0,259,172.43714092424,-11.8057061848316,0,85.9256250560599,1,0,0
2.175,49.5789212885099,397.309689247249,0,85.9256250560599,86.5,0.010940074770864,259,0,259,172.436565130831,-11.9563403289531,0,85.9256250560599,1,0,0
2.176,49.5762715894187,397.311267829523,0,85.9256250560599,86.5,0.0103930710323208,259,0,259,172.436018127092,-12.1079286650895,0,85.9256250560599,1,0,0
2.177,49.5736227252692,397.31278345501,0,85.9256250560599,86.5,0.00987341748070479,259,0,259,172.435498473541,-12.2604708928988,0,85.9256250560599,1,0,0
2.178,49.5709746966727,397.314237394834,0,85.9256250560599,86.5,0.00937974660666955,259,0,259,172.435004802667,-12.4139667118019,0,85.9256250560599,1,0,0
2.179,49.5683275041963,397.315630935359,0,85.9256250560599,86.5,0.00891075927633607,259,0,259,172.434535815336,-12.5684158209997,0,85.9256250560599,1,0,0
2.18,49.5656811483654,397.316965375725,0,85.9256250560599,86.5,0.00846522131251927,259,0,259,172.434090277372,-12.7238179194891,0,85.9256250560599,1,0,0
2.181,49.563035629665,397.318242025495,0,85.9256250560599,86.5,0.0080419602468933,259,0,259,172.433667016307,-12.8801727060775,0,85.9256250560599,1,0,0
2.182,49.5603909485427,397.319462202409,0,85.9256250560599,86.5,0.00763986223454864,259,0,259,172.433264918294,-13.0374798793981,0,85.9256250560599,1,0,0
2.183,49.55774710541,397.32062723024,0,85.9256250560599,86.5,0.0072578691228212,259,0,259,172.432882925183,-13.1957391379227,0,85.9256250560599,1,0,0
2.184,49.5551041006439,397.321738436753,0,85.9256250560599,86.5,0.00689497566668014,259,0,259,172.432520031727,-13.3549501799751,0,85.9256250560599,1,0,0
2.185,49.5524619345894,397.322797151762,0,85.9256250560599,86.5,0.00655022688334614,259,0,259,172.432175282943,-13.5151127037433,0,85.9256250560599,1,0,0
2.186,49.5498206075603,397.323804705283,0,85.9256250560599,86.5,0.00622271553917883,259,0,259,172.431847771599,-13.6762264072912,0,85.9256250560599,1,0,0
2.187,49.5471801198414,397.324762425782,0,85.9256250560599,86.5,0.00591157976221989,259,0,259,172.431536635822,-13.8382909885694,0,85.9256250560599,1,0,0
2.188,49.5445404716895,397.325671638517,0,85.9256250560599,86.5,0.00561600077410889,259,0,259,172.431241056834,-14.0013061454265,0,85.9256250560599,1,0,0
2.189,49.5419016633349,397.326533663963,0,85.9256250560599,86.5,0.00533520073540345,259,0,259,172.430960256795,-14.1652715756183,0,85.9256250560599,1,0,0
2.19,49.539263694983,397.327349816329,0,85.9256250560599,86.5,0.00506844069863328,259,0,259,172.430693496759,-14.3301869768178,0,85.9256250560599,1,0,0
2.191,49.5366265668153,397.328121402158,0,85.9256250560599,86.5,0.00481501866370161,259,0,259,172.430440074724,-14.4960520466239,0,85.9256250560599,1,0,0
2.192,49.5339902789905,397.328849719008,0,85.9256250560599,86.5,0.00457426773051653,259,0,259,172.43019932379,-14.6628664825704,0,85.9256250560599,1,0,0
2.193,49.531354831646,397.32953605421,0,85.9256250560599,86.5,0.00434555434399071,259,0,259,172.429970610404,-14.8306299821338,0,85.9256250560599,1,0,0
2.194,49.5287202248987,397.330181683709,0,85.9256250560599,86.5,0.00412827662679117,259,0,259,172.429753332687,-14.9993422427412,0,85.9256250560599,1,0,0
2.195,49.5260864588461,397.330787870976,0,85.9256250560599,86.5,0.00392186279545161,259,0,259,172.429546918855,-15.1690029617777,0,85.9256250560599,1,0,0
2.196,49.5234535335672,397.331355865987,0,85.9256250560599,86.5,0.00372576965567903,259,0,259,172.429350825716,-15.3396118365931,0,85.9256250560599,1,0,0
2.197,49.5208214491235,397.331886904284,0,85.9256250560599,86.5,0.00353948117289508,259,0,259,172.429164537233,-15.5111685645089,0,85.9256250560599,1,0,0
2.198,49.51819020556,397.332382206091,0,85.9256250560599,86.5,0.00336250711425033,259,0,259,172.428987563174,-15.6836728428245,0,85.9256250560599,1,0,0
2.199,49.5155598029058,397.332842975503,0,85.9256250560599,86.5,0.00319438175853781,259,0,259,172.428819437818,-15.8571243688229,0,85.9256250560599,1,0,0
2.2,49.512930241175,397.333270399735,0,85.9256250560599,86.5,0.00303466267061092,259,0,259,172.428659718731,-16.0315228397768,0,85.9256250560599,1,0,0
2.201,49.5103015203677,397.333665648434,0,85.9256250560599,86.5,0.00288292953708037,259,0,259,172.428507985597,-16.2068679529538,0,85.9256250560599,1,0,0
2.202,49.50767364047,397.334029873046,0,85.9256250560599,86.5,0.00273878306022635,259,0,259,172.42836383912,-16.3831594056214,0,85.9256250560599,1,0,0
2.203,49.5050466014557,397.334364206239,0,85.9256250560599,86.5,0.00260184390721504,259,0,259,172.428226899967,-16.5603968950522,0,85.9256250560599,1,0,0
2.204,49.502420403286,397.334669761387,0,85.9256250560599,86.5,0.00247175171185429,259,0,259,172.428096807772,-16.7385801185282,0,85.9256250560599,1,0,0
2.205,49.4997950459107,397.334947632101,0,85.9256250560599,86.5,0.00234816412626157,259,0,259,172.427973220186,-16.9177087733452,0,85.9256250560599,1,0,0
2.206,49.4971705292685,397.335198891805,0,85.9256250560599,86.5,0.00223075591994849,259,0,259,172.42785581198,-17.0977825568174,0,85.9256250560599,1,0,0
2.207,49.4945468532878,397.335424593372,0,85.9256250560599,86.5,0.00211921812395107,259,0,259,172.427744274184,-17.2788011662807,0,85.9256250560599,1,0,0
2.208,49.4919240178869,397.335625768799,0,85.9256250560599,86.5,0.00201325721775351,259,0,259,172.427638313278,-17.4607642990971,0,85.9256250560599,1,0,0
2.209,49.4893020229749,397.335803428922,0,85.9256250560599,86.5,0.00191259435686584,259,0,259,172.427537650417,-17.6436716526578,0,85.9256250560599,1,0,0
2.21,49.4866808684517,397.335958563184,0,85.9256250560599,86.5,0.00181696463902255,259,0,259,172.427442020699,-17.8275229243869,0,85.9256250560599,1,0,0
2.211,49.484060554209,397.336092139435,0,85.9256250560599,86.5,0.00172611640707142,259,0,259,172.427351172467,-18.0123178117442,0,85.9256250560599,1,0,0
2.212,49.4814410801302,397.336205103771,0,85.9256250560599,86.5,0.00163981058671785,259,0,259,172.427264866647,-18.198056012229,0,85.9256250560599,1,0,0
2.213,49.4788224460911,397.336298380418,0,85.9256250560599,86.5,0.00155782005738196,259,0,259,172.427182876117,-18.3847372233821,0,85.9256250560599,1,0,0
2.214,49.4762046519603,397.336372871638,0,85.9256250560599,86.5,0.00147992905451286,259,0,259,172.427104985114,-18.5723611427893,0,85.9256250560599,1,0,0
2.215,49.4735876975995,397.336429457681,0,85.9256250560599,86.5,0.00140593260178722,259,0,259,172.427030988662,-18.7609274680836,0,85.9256250560599,1,0,0
2.216,49.4709715828638,397.336468996761,0,85.9256250560599,86.5,0.00133563597169785,259,0,259,172.426960692032,-18.9504358969478,0,85.9256250560599,1,0,0
2.217,49.468356307602,397.336492325064,0,85.9256250560599,86.5,0.00126885417311296,259,0,259,172.426893910233,-19.1408861271168,0,85.9256250560599,1,0,0
2.218,49.4657418716571,397.336500256785,0,85.9256250560599,86.5,0.00120541146445731,259,0,259,172.426830467524,-19.3322778563801,0,85.9256250560599,1,0,0
2.219,49.4631282748666,397.336493584193,0,85.9256250560599,86.5,0.00114514089123445,259,0,259,172.426770196951,-19.5246107825835,0,85.9256250560599,1,0,0
2.22,49.4605155170625,397.336473077722,0,85.9256250560599,86.5,0.00108788384667273,259,0,259,172.426712939907,-19.7178846036316,0,85.9256250560599,1,0,0
2.221,49.4579035980718,397.33643948608,0,85.9256250560599,86.5,0.00103348965433909,259,0,259,172.426658545714,-19.9120990174891,0,85.9256250560599,1,0,0
2.222,49.4552925177168,397.336393536392,0,85.9256250560599,86.5,0.000981815171622135,259,0,259,172.426606871232,-20.1072537221832,0,85.9256250560599,1,0,0
2.223,49.452682275815,397.336335934352,0,85.9256250560599,86.5,0.000932724413041028,259,0,259,172.426557780473,-20.3033484158052,0,85.9256250560599,1,0,0
2.224,49.45007287218,397.336267364405,0,85.9256250560599,86.5,0.000886088192388977,259,0,259,172.426511144252,-20.5003827965118,0,85.9256250560599,1,0,0
2.225,49.4474643066208,397.336188489943,0,85.9256250560599,86.5,0.000841783782769528,259,0,259,172.426466839843,-20.698356562527,0,85.9256250560599,1,0,0
2.226,49.444856578943,397.336099953518,0,85.9256250560599,86.5,0.000799694593631052,259,0,259,172.426424750654,-20.8972694121435,0,85.9256250560599,1,0,0
2.227,49.4422496889482,397.336002377077,0,85.9256250560599,86.5,0.000759709863949499,259,0,259,172.426384765924,-21.097121043724,0,85.9256250560599,1,0,0
2.228,49.4396436364346,397.335896362202,0,85.9256250560599,86.5,0.000721724370752024,259,0,259,172.426346780431,-21.2979111557026,0,85.9256250560599,1,0,0
2.229,49.437038421197,397.335782490376,0,85.9256250560599,86.5,0.000685638152214423,259,0,259,172.426310694212,-21.4996394465862,0,85.9256250560599,1,0,0
2.23,49.4344340430272,397.335661323253,0,85.9256250560599,86.5,0.000651356244603702,259,0,259,172.426276412305,-21.7023056149553,0,85.9256250560599,1,0,0
2.231,49.4318305017139,397.335533402947,0,85.9256250560599,86.5,0.000618788432373517,259,0,259,172.426243844492,-21.9059093594655,0,85.9256250560599,1,0,0
2.232,49.4292277970429,397.335399252325,0,85.9256250560599,86.5,0.000587849010754841,259,0,259,172.426212905071,-22.1104503788485,0,85.9256250560599,1,0,0
2.233,49.4266259287976,397.335259375314,0,85.9256250560599,86.5,0.000558456560217099,259,0,259,172.42618351262,-22.315928371913,0,85.9256250560599,1,0,0
2.234,49.4240248967585,397.335114257218,0,85.9256250560599,86.5,0.000530533732206244,259,0,259,172.426155589792,-22.5223430375459,0,85.9256250560599,1,0,0
2.235,49.4214247007039,397.334964365044,0,85.9256250560599,86.5,0.000504007045595932,259,0,259,172.426129063106,-22.7296940747128,0,85.9256250560599,1,0,0
2.236,49.4188253404096,397.334810147829,0,85.9256250560599,86.5,0.000478806693316135,259,0,259,172.426103862753,-22.9379811824595,0,85.9256250560599,1,0,0
2.237,49.4162268156496,397.334652036981,0,85.9256250560599,86.5,0.000454866358650328,259,0,259,172.426079922419,-23.147204059912,0,85.9256250560599,1,0,0
2.238,49.4136291261955,397.334490446622,0,85.9256250560599,86.5,0.000432123040717812,259,0,259,172.426057179101,-23.3573624062781,0,85.9256250560599,1,0,0
2.239,49.411032271817,397.334325773937,0,85.9256250560599,86.5,0.000410516888681921,259,0,259,172.426035572949,-23.5684559208477,0,85.9256250560599,1,0,0
2.24,49.4084362522821,397.334158399528,0,85.9256250560599,86.5,0.000389991044247825,259,0,259,172.426015047104,-23.7804843029936,0,85.9256250560599,1,0,0
2.241,49.4058410673569,397.333988687769,0,85.9256250560599,86.5,0.000370491492035434,259,0,259,172.425995547552,-23.993447252172,0,85.9256250560599,1,0,0
2.242,49.4032467168059,397.333816987169,0,85.9256250560599,86.5,0.000351966917433662,259,0,259,172.425977022977,-24.2073444679236,0,85.9256250560599,1,0,0
2.243,49.4006532003919,397.333643630729,0,85.9256250560599,86.5,0.000334368571561979,259,0,259,172.425959424631,-24.4221756498734,0,85.9256250560599,1,0,0
2.244,49.3980605178765,397.333468936312,0,85.9256250560599,86.5,0.00031765014298388,259,0,259,172.425942706203,-24.6379404977323,0,85.9256250560599,1,0,0
2.245,49.3954686690196,397.333293207005,0,85.9256250560599,86.5,0.000301767635834686,259,0,259,172.425926823696,-24.8546387112968,0,85.9256250560599,1,0,0
2.246,49.3928776535799,397.333116731483,0,85.9256250560599,86.5,0.000286679254042952,259,0,259,172.425911735314,-25.0722699904497,0,85.9256250560599,1,0,0
2.247,49.3902874713148,397.33293978438,0,85.9256250560599,86.5,0.000272345291340804,259,0,259,172.425897401351,-25.290834035161,0,85.9256250560599,1,0,0
2.248,49.3876981219804,397.33276262665,0,85.9256250560599,86.5,0.000258728026773764,259,0,259,172.425883784087,-25.5103305454876,0,85.9256250560599,1,0,0
2.249,49.3851096053319,397.332585505931,0,85.9256250560599,86.5,0.000245791625435076,259,0,259,172.425870847685,-25.7307592215747,0,85.9256250560599,1,0,0
2.25,49.3825219211232,397.332408656915,0,85.9256250560599,86.5,0.000233502044163322,259,0,259,172.425858558104,-25.9521197636552,0,85.9256250560599,1,0,0
2.251,49.3799350691074,397.332232301701,0,85.9256250560599,86.5,0.000221826941955156,259,0,259,172.425846883002,-26.1744118720509,0,85.9256250560599,1,0,0
2.252,49.3773490490363,397.332056650161,0,85.9256250560599,86.5,0.000210735594857398,259,0,259,172.425835791655,-26.3976352471722,0,85.9256250560599,1,0,0
2.253,49.3747638606612,397.331881900294,0,85.9256250560599,86.5,0.000200198815114528,259,0,259,172.425825254875,-26.6217895895191,0,85.9256250560599,1,0,0
2.254,49.3721795037322,397.331708238584,0,85.9256250560599,86.5,0.000190188874358802,259,0,259,172.425815244934,-26.8468745996811,0,85.9256250560599,1,0,0
2.255,49.3695959779989,397.331535840345,0,85.9256250560599,86.5,0.000180679430640862,259,0,259,172.425805735491,-27.0728899783375,0,85.9256250560599,1,0,0
2.256,49.3670132832098,397.331364870074,0,85.9256250560599,86.5,0.000171645459108819,259,0,259,172.425796701519,-27.2998354262579,0,85.9256250560599,1,0,0
2.257,49.364431419113,397.331195481793,0,85.9256250560599,86.5,0.000163063186153378,259,0,259,172.425788119246,-27.5277106443024,0,85.9256250560599,1,0,0
2.258,49.3618503854556,397.331027819392,0,85.9256250560599,86.5,0.000154910026845709,259,0,259,172.425779966087,-27.7565153334217,0,85.9256250560599,1,0,0
2.259,49.3592701819842,397.330862016959,0,85.9256250560599,86.5,0.000147164525503423,259,0,259,172.425772220585,-27.9862491946577,0,85.9256250560599,1,0,0
2.26,49.356690808445,397.330698199117,0,85.9256250560599,86.5,0.000139806299228252,259,0,259,172.425764862359,-28.2169119291434,0,85.9256250560599,1,0,0
2.261,49.3541122645833,397.330536481351,0,85.9256250560599,86.5,0.00013281598426684,259,0,259,172.425757872044,-28.4485032381032,0,85.9256250560599,1,0,0
2.262,49.351534550144,397.330376970323,0,85.9256250560599,86.5,0.000126175185053498,259,0,259,172.425751231245,-28.6810228228532,0,85.9256250560599,1,0,0
2.263,49.3489576648714,397.330219764198,0,85.9256250560599,86.5,0.000119866425800823,259,0,259,172.425744922486,-28.9144703848014,0,85.9256250560599,1,0,0
2.264,49.3463816085096,397.33006495295,0,85.9256250560599,86.5,0.000113873104510782,259,0,259,172.425738929164,-29.1488456254476,0,85.9256250560599,1,0,0
2.265,49.3438063808019,397.32991261867,0,85.9256250560599,86.5,0.000108179449285243,259,0,259,172.425733235509,-29.3841482463842,0,85.9256250560599,1,0,0
2.266,49.3412319814913,397.329762835868,0,85.9256250560599,86.5,0.00010277047682098,259,0,259,172.425727826537,-29.6203779492955,0,85.9256250560599,1,0,0
2.267,49.3386584103205,397.329615671767,0,85.9256250560599,86.5,9.76319529799314e-05,259,0,259,172.425722688013,-29.8575344359586,0,85.9256250560599,1,0,0
2.268,49.3360856670317,397.329471186593,0,85.9256250560599,86.5,9.27503553309348e-05,259,0,259,172.425717806415,-30.0956174082432,0,85.9256250560599,1,0,0
2.269,49.3335137513669,397.329329433861,0,85.9256250560599,86.5,8.81128375643881e-05,259,0,259,172.425713168897,-30.3346265681118,0,85.9256250560599,1,0,0
2.27,49.3309426630675,397.329190460648,0,85.9256250560599,86.5,8.37071956861687e-05,259,0,259,172.425708763256,-30.5745616176197,0,85.9256250560599,1,0,0
2.271,49.3283724018748,397.329054307873,0,85.9256250560599,86.5,7.95218359018602e-05,259,0,259,172.425704577896,-30.8154222589154,0,85.9256250560599,1,0,0
2.272,49.3258029675299,397.328921010555,0,85.9256250560599,86.5,7.55457441067672e-05,259,0,259,172.425700601804,-31.0572081942405,0,85.9256250560599,1,0,0
2.273,49.3232343597734,397.328790598081,0,85.9256250560599,86.5,7.17684569014289e-05,259,0,259,172.425696824517,-31.2999191259297,0,85.9256250560599,1,0,0
2.274,49.3206665783456,397.328663094453,0,85.9256250560599,86.5,6.81800340563574e-05,259,0,259,172.425693236094,-31.5435547564113,0,85.9256250560599,1,0,0
2.275,49.318099622987,397.328538518544,0,85.9256250560599,86.5,6.47710323535396e-05,259,0,259,172.425689827092,-31.7881147882069,0,85.9256250560599,1,0,0
2.276,49.3155334934373,397.328416884331,0,85.9256250560599,86.5,6.15324807358626e-05,259,0,259,172.425686588541,-32.0335989239316,0,85.9256250560599,1,0,0
2.277,49.3129681894365,397.328298201139,0,85.9256250560599,86.5,5.84558566990695e-05,259,0,259,172.425683511917,-32.2800068662941,0,85.9256250560599,1,0,0
2.278,49.3104037107241,397.328182473867,0,85.9256250560599,86.5,5.5533063864116e-05,259,0,259,172.425680589124,-32.527338318097,0,85.9256250560599,1,0,0
2.279,49.3078400570394,397.328069703213,0,85.9256250560599,86.5,5.27564106709102e-05,259,0,259,172.425677812471,-32.7755929822363,0,85.9256250560599,1,0,0
2.28,49.3052772281219,397.32795988589,0,85.9256250560599,86.5,5.01185901373647e-05,259,0,259,172.42567517465,-33.0247705617021,0,85.9256250560599,1,0,0
2.281,49.3027152237105,397.327853014842,0,85.9256250560599,86.5,4.76126606304964e-05,259,0,259,172.425672668721,-33.2748707595783,0,85.9256250560599,1,0,0
2.282,49.3001540435442,397.327749079443,0,85.9256250560599,86.5,4.52320275989716e-05,259,0,259,172.425670288088,-33.5258932790425,0,85.9256250560599,1,0,0
2.283,49.2975936873618,397.327648065705,0,85.9256250560599,86.5,4.2970426219023e-05,259,0,259,172.425668026486,-33.7778378233666,0,85.9256250560599,1,0,0
2.284,49.2950341549021,397.327549956465,0,85.9256250560599,86.5,4.08219049080719e-05,259,0,259,172.425665877965,-34.0307040959163,0,85.9256250560599,1,0,0
2.285,49.2924754459037,397.327454731576,0,85.9256250560599,86.5,3.87808096626683e-05,259,0,259,172.42566383687,-34.2844918001516,0,85.9256250560599,1,0,0
2.286,49.289917560105,397.327362368092,0,85.9256250560599,86.5,3.68417691795349e-05,259,0,259,172.425661897829,-34.5392006396262,0,85.9256250560599,1,0,0
2.287,49.2873604972446,397.327272840437,0,85.9256250560599,86.5,3.49996807205581e-05,259,0,259,172.425660055741,-34.7948303179884,0,85.9256250560599,1,0,0
2.288,49.2848042570606,397.327186120583,0,85.9256250560599,86.5,3.32496966845302e-05,259,0,259,172.425658305757,-35.0513805389804,0,85.9256250560599,1,0,0
2.289,49.2822488392915,397.327102178214,0,85.9256250560599,86.5,3.15872118503037e-05,259,0,259,172.425656643272,-35.3088510064385,0,85.9256250560599,1,0,0
2.29,49.2796942436754,397.32702098088,0,85.9256250560599,86.5,3.00078512577885e-05,259,0,259,172.425655063911,-35.5672414242936,0,85.9256250560599,1,0,0
2.291,49.2771404699504,397.326942494158,0,85.9256250560599,86.5,2.85074586948991e-05,259,0,259,172.425653563519,-35.8265514965705,0,85.9256250560599,1,0,0
2.292,49.2745875178546,397.326866681798,0,85.9256250560599,86.5,2.70820857601541e-05,259,0,259,172.425652138146,-36.0867809273883,0,85.9256250560599,1,0,0
2.293,49.2720353871262,397.326793505867,0,85.9256250560599,86.5,2.57279814721464e-05,259,0,259,172.425650784041,-36.3479294209607,0,85.9256250560599,1,0,0
2.294,49.269484077503,397.326722926885,0,85.9256250560599,86.5,2.44415823985391e-05,259,0,259,172.425649497642,-36.6099966815952,0,85.9256250560599,1,0,0
2.295,49.2669335887232,397.326654903962,0,85.9256250560599,86.5,2.32195032786122e-05,259,0,259,172.425648275563,-36.8729824136942,0,85.9256250560599,1,0,0
2.296,49.2643839205246,397.326589394922,0,85.9256250560599,86.5,2.20585281146815e-05,259,0,259,172.425647114588,-37.1368863217538,0,85.9256250560599,1,0,0
2.297,49.2618350726452,397.326526356429,0,85.9256250560599,86.5,2.09556017089475e-05,259,0,259,172.425646011662,-37.401708110365,0,85.9256250560599,1,0,0
2.298,49.259287044823,397.326465744106,0,85.9256250560599,86.5,1.99078216235001e-05,259,0,259,172.425644963882,-37.6674474842127,0,85.9256250560599,1,0,0
2.299,49.2567398367958,397.326407512644,0,85.9256250560599,86.5,1.89124305423251e-05,259,0,259,172.42564396849,-37.9341041480764,0,85.9256250560599,1,0,0
2.3,49.2541934483017,397.326351615915,0,85.9256250560599,86.5,1.79668090152088e-05,259,0,259,172.425643022869,-38.2016778068299,0,85.9256250560599,1,0,0
2.301,49.2516478790784,397.326298007076,0,85.9256250560599,86.5,1.70684685644484e-05,259,0,259,172.425642124528,-38.4701681654413,0,85.9256250560599,1,0,0
2.302,49.2491031288639,397.326246638666,0,85.9256250560599,86.5,1.6215045136226e-05,259,0,259,172.425641271105,-38.7395749289731,0,85.9256250560599,1,0,0
2.303,49.2465591973961,397.326197462703,0,85.9256250560599,86.5,1.54042928794147e-05,259,0,259,172.425640460353,-39.0098978025821,0,85.9256250560599,1,0,0
2.304,49.2440160844131,397.326150430778,0,85.9256250560599,86.5,1.46340782354439e-05,259,0,259,172.425639690138,-39.2811364915195,0,85.9256250560599,1,0,0
2.305,49.2414737896526,397.326105494136,0,85.9256250560599,86.5,1.39023743236717e-05,259,0,259,172.425638958434,-39.5532907011308,0,85.9256250560599,1,0,0
2.306,49.2389323128528,397.326062603763,0,85.9256250560599,86.5,1.32072556074882e-05,259,0,259,172.425638263316,-39.8263601368559,0,85.9256250560599,1,0,0
2.307,49.2363916537516,397.326021710466,0,85.9256250560599,86.5,1.25468928271137e-05,259,0,259,172.425637602953,-40.1003445042288,0,85.9256250560599,1,0,0
2.308,49.2338518120871,397.325982764943,0,85.9256250560599,86.5,1.19195481857581e-05,259,0,259,172.425636975608,-40.3752435088783,0,85.9256250560599,1,0,0
2.309,49.2313127875972,397.32594571786,0,85.9256250560599,86.5,1.13235707764702e-05,259,0,259,172.425636379631,-40.6510568565269,0,85.9256250560599,1,0,0
2.31,49.2287745800201,397.325910519915,0,85.9256250560599,86.5,1.07573922376466e-05,259,0,259,172.425635813452,-40.9277842529919,0,85.9256250560599,1,0,0
2.311,49.2262371890939,397.325877121904,0,85.9256250560599,86.5,1.02195226257643e-05,259,0,259,172.425635275583,-41.2054254041847,0,85.9256250560599,1,0,0
2.312,49.2237006145567,397.325845474778,0,85.9256250560599,86.5,9.7085464944761e-06,259,0,259,172.425634764606,-41.4839800161109,0,85.9256250560599,1,0,0
2.313,49.2211648561467,397.325815529707,0,85.9256250560599,86.5,9.2231191697523e-06,259,0,259,172.425634279179,-41.7634477948705,0,85.9256250560599,1,0,0
2.314,49.2186299136023,397.325787238127,0,85.9256250560599,86.5,8.76196321126468e-06,259,0,259,172.425633818023,-42.0438284466577,0,85.9256250560599,1,0,0
2.315,49.2160957866615,397.325760551794,0,85.9256250560599,86.5,8.32386505070145e-06,259,0,259,172.425633379925,-42.3251216777609,0,85.9256250560599,1,0,0
2.316,49.2135624750629,397.325735422834,0,85.9256250560599,86.5,7.90767179816637e-06,259,0,259,172.425632963732,-42.6073271945627,0,85.9256250560599,1,0,0
2.317,49.2110299785446,397.325711803782,0,85.9256250560599,86.5,7.51228820825806e-06,259,0,259,172.425632568348,-42.8904447035401,0,85.9256250560599,1,0,0
2.318,49.2084982968452,397.32568964763,0,85.9256250560599,86.5,7.13667379784515e-06,259,0,259,172.425632192734,-43.174473911264,0,85.9256250560599,1,0,0
2.319,49.2059674297032,397.325668907861,0,85.9256250560599,86.5,6.77984010795289e-06,259,0,259,172.4256318359,-43.4594145243997,0,85.9256250560599,1,0,0
2.32,49.2034373768569,397.325649538489,0,85.9256250560599,86.5,6.44084810255525e-06,259,0,259,172.425631496908,-43.7452662497066,0,85.9256250560599,1,0,0
2.321,49.2009081380451,397.32563149409,0,85.9256250560599,86.5,6.11880569742749e-06,259,0,259,172.425631174866,-44.0320287940381,0,85.9256250560599,1,0,0
2.322,49.1983797130063,397.325614729837,0,85.9256250560599,86.5,5.81286541255611e-06,259,0,259,172.425630868925,-44.3197018643419,0,85.9256250560599,1,0,0
2.323,49.1958521014792,397.325599201526,0,85.9256250560599,86.5,5.52222214192831e-06,259,0,259,172.425630578282,-44.6082851676596,0,85.9256250560599,1,0,0
2.324,49.1933253032026,397.325584865601,0,85.9256250560599,86.5,5.24611103483189e-06,259,0,259,172.425630302171,-44.8977784111271,0,85.9256250560599,1,0,0
2.325,49.1907993179153,397.325571679183,0,85.9256250560599,86.5,4.9838054830903e-06,259,0,259,172.425630039865,-45.1881813019741,0,85.9256250560599,1,0,0
2.326,49.1882741453561,397.32555960009,0,85.9256250560599,86.5,4.73461520893578e-06,259,0,259,172.425629790675,-45.4794935475246,0,85.9256250560599,1,0,0
2.327,49.185749785264,397.325548586853,0,85.9256250560599,86.5,4.49788444848899e-06,259,0,259,172.425629553944,-45.7717148551964,0,85.9256250560599,1,0,0
2.328,49.183226237378,397.325538598741,0,85.9256250560599,86.5,4.27299022606454e-06,259,0,259,172.42562932905,-46.0648449325013,0,85.9256250560599,1,0,0
2.329,49.180703501437,397.325529595773,0,85.9256250560599,86.5,4.05934071476132e-06,259,0,259,172.425629115401,-46.3588834870453,0,85.9256250560599,1,0,0
2.33,49.1781815771803,397.325521538733,0,85.9256250560599,86.5,3.85637367902325e-06,259,0,259,172.425628912434,-46.6538302265279,0,85.9256250560599,1,0,0
2.331,49.175660464347,397.325514389182,0,85.9256250560599,86.5,3.66355499507209e-06,259,0,259,172.425628719615,-46.949684858743,0,85.9256250560599,1,0,0
2.332,49.1731401626763,397.325508109471,0,85.9256250560599,86.5,3.48037724531848e-06,259,0,259,172.425628536437,-47.2464470915781,0,85.9256250560599,1,0,0
2.333,49.1706206719077,397.325502662748,0,85.9256250560599,86.5,3.30635838305256e-06,259,0,259,172.425628362418,-47.5441166330146,0,85.9256250560599,1,0,0
2.334,49.1681019917804,397.325498012964,0,85.9256250560599,86.5,3.14104046389993e-06,259,0,259,172.4256281971,-47.8426931911279,0,85.9256250560599,1,0,0
2.335,49.1655841220339,397.325494124886,0,85.9256250560599,86.5,2.98398844070494e-06,259,0,259,172.425628040048,-48.1421764740869,0,85.9256250560599,1,0,0
2.336,49.1630670624077,397.325490964093,0,85.9256250560599,86.5,2.83478901866969e-06,259,0,259,172.425627890849,-48.4425661901547,0,85.9256250560599,1,0,0
2.337,49.1605508126416,397.325488496987,0,85.9256250560599,86.5,2.6930495677362e-06,259,0,259,172.425627749109,-48.743862047688,0,85.9256250560599,1,0,0
2.338,49.158035372475,397.32548669079,0,85.9256250560599,86.5,2.55839708934939e-06,259,0,259,172.425627614457,-49.046063755137,0,85.9256250560599,1,0,0
2.339,49.1555207416477,397.325485513549,0,85.9256250560599,86.5,2.43047723488192e-06,259,0,259,172.425627486537,-49.349171021046,0,85.9256250560599,1,0,0
2.34,49.1530069198997,397.32548493413,0,85.9256250560599,86.5,2.30895337313783e-06,259,0,259,172.425627365013,-49.6531835540528,0,85.9256250560599,1,0,0
2.341,49.1504939069707,397.325484922226,0,85.9256250560599,86.5,2.19350570448094e-06,259,0,259,172.425627249566,-49.958101062889,0,85.9256250560599,1,0,0
2.342,49.1479817026006,397.325485448344,0,85.9256250560599,86.5,2.08383041925689e-06,259,0,259,172.42562713989,-50.2639232563795,0,85.9256250560599,1,0,0
2.343,49.1454703065297,397.32548648381,0,85.9256250560599,86.5,1.97963889829405e-06,259,0,259,172.425627035699,-50.5706498434433,0,85.9256250560599,1,0,0
2.344,49.1429597184978,397.325488000761,0,85.9256250560599,86.5,1.88065695337934e-06,259,0,259,172.425626936717,-50.8782805330926,0,85.9256250560599,1,0,0
2.345,49.1404499382453,397.32548997214,0,85.9256250560599,86.5,1.78662410571038e-06,259,0,259,172.425626842684,-51.1868150344334,0,85.9256250560599,1,0,0
2.346,49.1379409655124,397.325492371692,0,85.9256250560599,86.5,1.69729290042486e-06,259,0,259,172.425626753353,-51.4962530566651,0,85.9256250560599,1,0,0
2.347,49.1354328000393,397.325495173956,0,85.9256250560599,86.5,1.61242825540361e-06,259,0,259,172.425626668488,-51.8065943090806,0,85.9256250560599,1,0,0
2.348,49.1329254415666,397.325498354257,0,85.9256250560599,86.5,1.53180684263343e-06,259,0,259,172.425626587867,-52.1178385010665,0,85.9256250560599,1,0,0
2.349,49.1304188898347,397.325501888701,0,85.9256250560599,86.5,1.45521650050176e-06,259,0,259,172.425626511276,-52.4299853421025,0,85.9256250560599,1,0,0
2.35,49.1279131445841,397.32550575416,0,85.9256250560599,86.5,1.38245567547667e-06,259,0,259,172.425626438516,-52.743034541762,0,85.9256250560599,1,0,0
2.351,49.1254082055556,397.325509928272,0,85.9256250560599,86.5,1.31333289170284e-06,259,0,259,172.425626369393,-53.0569858097117,0,85.9256250560599,1,0,0
2.352,49.1229040724898,397.325514389423,0,85.9256250560599,86.5,1.2476662471177e-06,259,0,259,172.425626303726,-53.3718388557117,0,85.9256250560599,1,0,0
2.353,49.1204007451274,397.325519116742,0,85.9256250560599,86.5,1.18528293476181e-06,259,0,259,172.425626241343,-53.6875933896154,0,85.9256250560599,1,0,0
2.354,49.1178982232095,397.325524090086,0,85.9256250560599,86.5,1.12601878802372e-06,259,0,259,172.425626182079,-54.0042491213695,0,85.9256250560599,1,0,0
2.355,49.1153965064769,397.325529290034,0,85.9256250560599,86.5,1.06971784862254e-06,259,0,259,172.425626125778,-54.3218057610141,0,85.9256250560599,1,0,0
2.356,49.1128955946706,397.32553469787,0,85.9256250560599,86.5,1.01623195619141e-06,259,0,259,172.425626072292,-54.6402630186824,0,85.9256250560599,1,0,0
2.357,49.1103954875318,397.325540295577,0,85.9256250560599,86.5,9.65420358381839e-07,259,0,259,172.42562602148,-54.959620604601,0,85.9256250560599,1,0,0
2.358,49.1078961848016,397.325546065818,0,85.9256250560599,86.5,9.17149340462747e-07,259,0,259,172.425625973209,-55.2798782290896,0,85.9256250560599,1,0,0
2.359,49.1053976862213,397.32555199193,0,85.9256250560599,86.5,8.7129187343961e-07,259,0,259,172.425625927352,-55.601035602561,0,85.9256250560599,1,0,0
2.36,49.1028999915323,397.325558057908,0,85.9256250560599,86.5,8.27727279767629e-07,259,0,259,172.425625883787,-55.9230924355213,0,85.9256250560599,1,0,0
2.361,49.100403100476,397.325564248392,0,85.9256250560599,86.5,7.86340915779248e-07,259,0,259,172.425625842401,-56.2460484385697,0,85.9256250560599,1,0,0
2.362,49.0979070127938,397.325570548657,0,85.9256250560599,86.5,7.47023869990285e-07,259,0,259,172.425625803084,-56.5699033223983,0,85.9256250560599,1,0,0
2.363,49.0954117282273,397.325576944593,0,85.9256250560599,86.5,7.09672676490771e-07,259,0,259,172.425625765733,-56.8946567977926,0,85.9256250560599,1,0,0
2.364,49.0929172465183,397.325583422699,0,85.9256250560599,86.5,6.74189042666232e-07,259,0,259,172.425625730249,-57.2203085756308,0,85.9256250560599,1,0,0
2.365,49.0904235674084,397.325589970067,0,85.9256250560599,86.5,6.40479590532921e-07,259,0,259,172.425625696539,-57.5468583668842,0,85.9256250560599,1,0,0
2.366,49.0879306906395,397.325596574366,0,85.9256250560599,86.5,6.08455611006275e-07,259,0,259,172.425625664516,-57.8743058826171,0,85.9256250560599,1,0,0
2.367,49.0854386159535,397.325603223832,0,85.9256250560599,86.5,5.78032830455961e-07,259,0,259,172.425625634093,-58.2026508339869,0,85.9256250560599,1,0,0
2.368,49.0829473430923,397.32560990725,0,85.9256250560599,86.5,5.49131188933163e-07,259,0,259,172.425625605191,-58.5318929322437,0,85.9256250560599,1,0,0
2.369,49.080456871798,397.325616613944,0,85.9256250560599,86.5,5.21674629486505e-07,259,0,259,172.425625577735,-58.8620318887304,0,85.9256250560599,1,0,0
2.37,49.0779672018128,397.325623333764,0,85.9256250560599,86.5,4.9559089801218e-07,259,0,259,172.425625551651,-59.1930674148831,0,85.9256250560599,1,0,0
2.371,49.0754783328789,397.325630057068,0,85.9256250560599,86.5,4.70811353111571e-07,259,0,259,172.425625526871,-59.5249992222305,0,85.9256250560599,1,0,0
2.372,49.0729902647386,397.325636774711,0,85.9256250560599,86.5,4.47270785455992e-07,259,0,259,172.425625503331,-59.8578270223941,0,85.9256250560599,1,0,0
2.373,49.0705029971342,397.325643478031,0,85.9256250560599,86.5,4.24907246183193e-07,259,0,259,172.425625480967,-60.1915505270882,0,85.9256250560599,1,0,0
2.374,49.0680165298082,397.325650158837,0,85.9256250560599,86.5,4.03661883874033e-07,259,0,259,172.425625459722,-60.5261694481199,0,85.9256250560599,1,0,0
2.375,49.0655308625033,397.325656809391,0,85.9256250560599,86.5,3.83478789680331e-07,259,0,259,172.425625439539,-60.861683497389,0,85.9256250560599,1,0,0
2.376,49.0630459949619,397.325663422401,0,85.9256250560599,86.5,3.64304850196315e-07,259,0,259,172.425625420365,-61.1980923868878,0,85.9256250560599,1,0,0
2.377,49.0605619269269,397.325669991002,0,85.9256250560599,86.5,3.46089607686499e-07,259,0,259,172.42562540215,-61.5353958287015,0,85.9256250560599,1,0,0
2.378,49.0580786581409,397.325676508746,0,85.9256250560599,86.5,3.28785127302174e-07,259,0,259,172.425625384845,-61.8735935350078,0,85.9256250560599,1,0,0
2.379,49.0555961883469,397.325682969587,0,85.9256250560599,86.5,3.12345870937065e-07,259,0,259,172.425625368406,-62.2126852180771,0,85.9256250560599,1,0,0
2.38,49.0531145172879,397.325689367871,0,85.9256250560599,86.5,2.96728577390212e-07,259,0,259,172.425625352789,-62.5526705902722,0,85.9256250560599,1,0,0
2.381,49.0506336447068,397.32569569832,0,85.9256250560599,86.5,2.81892148520701e-07,259,0,259,172.425625337952,-62.8935493640485,0,85.9256250560599,1,0,0
2.382,49.0481535703468,397.325701956022,0,85.9256250560599,86.5,2.67797541094666e-07,259,0,259,172.425625323857,-63.2353212519541,0,85.9256250560599,1,0,0
2.383,49.0456742939511,397.325708136416,0,85.9256250560599,86.5,2.54407664039933e-07,259,0,259,172.425625310468,-63.5779859666292,0,85.9256250560599,1,0,0
2.384,49.0431958152629,397.325714235282,0,85.9256250560599,86.5,2.41687280837936e-07,259,0,259,172.425625297747,-63.9215432208068,0,85.9256250560599,1,0,0
2.385,49.0407181340256,397.325720248729,0,85.9256250560599,86.5,2.2960291679604e-07,259,0,259,172.425625285663,-64.2659927273122,0,85.9256250560599,1,0,0
2.386,49.0382412499826,397.32572617318,0,85.9256250560599,86.5,2.18122770956238e-07,259,0,259,172.425625274183,-64.611334199063,0,85.9256250560599,1,0,0
2.387,49.0357651628776,397.325732005364,0,85.9256250560599,86.5,2.07216632408426e-07,259,0,259,172.425625263277,-64.9575673490693,0,85.9256250560599,1,0,0
2.388,49.033289872454,397.325737742304,0,85.9256250560599,86.5,1.96855800788004e-07,259,0,259,172.425625252916,-65.3046918904333,0,85.9256250560599,1,0,0
2.389,49.0308153784555,397.325743381304,0,85.9256250560599,86.5,1.87013010748604e-07,259,0,259,172.425625243073,-65.6527075363499,0,85.9256250560599,1,0,0
2.39,49.028341680626,397.325748919937,0,85.9256250560599,86.5,1.77662360211174e-07,259,0,259,172.425625233722,-66.0016140001059,0,85.9256250560599,1,0,0
2.391,49.0258687787093,397.325754356038,0,85.9256250560599,86.5,1.68779242200615e-07,259,0,259,172.425625224839,-66.3514109950805,0,85.9256250560599,1,0,0
2.392,49.0233966724492,397.325759687692,0,85.9256250560599,86.5,1.60340280090585e-07,259,0,259,172.4256252164,-66.7020982347452,0,85.9256250560599,1,0,0
2.393,49.0209253615899,397.325764913221,0,85.9256250560599,86.5,1.52323266086055e-07,259,0,259,172.425625208383,-67.0536754326635,0,85.9256250560599,1,0,0
2.394,49.0184548458754,397.325770031176,0,85.9256250560599,86.5,1.44707102781753e-07,259,0,259,172.425625200767,-67.4061423024911,0,85.9256250560599,1,0,0
2.395,49.0159851250498,397.325775040328,0,85.9256250560599,86.5,1.37471747642665e-07,259,0,259,172.425625193532,-67.759498557976,0,85.9256250560599,1,0,0
2.396,49.0135161988575,397.325779939655,0,85.9256250560599,86.5,1.30598160260532e-07,259,0,259,172.425625186658,-68.1137439129581,0,85.9256250560599,1,0,0
2.397,49.0110480670428,397.325784728337,0,85.9256250560599,86.5,1.24068252247505e-07,259,0,259,172.425625180128,-68.4688780813694,0,85.9256250560599,1,0,0
2.398,49.00858072935,397.325789405742,0,85.9256250560599,86.5,1.1786483963513e-07,259,0,259,172.425625173925,-68.824900777234,0,85.9256250560599,1,0,0
2.399,49.0061141855238,397.325793971421,0,85.9256250560599,86.5,1.11971597653373e-07,259,0,259,172.425625168032,-69.181811714668,0,85.9256250560599,1,0,0
2.4,49.0036484353086,397.325798425095,0,85.9256250560599,86.5,1.06373017770705e-07,259,0,259,172.425625162433,-69.5396106078794,0,85.9256250560599,1,0,0
2.401,49.0011834784492,397.325802766651,0,85.9256250560599,86.5,1.01054366882169e-07,259,0,259,172.425625157114,-69.8982971711683,0,85.9256250560599,1,0,0
2.402,48.9987193146903,397.32580699613,0,85.9256250560599,86.5,9.6001648538061e-08,259,0,259,172.425625152062,-70.2578711189266,0,85.9256250560599,1,0,0
2.403,48.9962559437767,397.325811113722,0,85.9256250560599,86.5,9.12015661111579e-08,259,0,259,172.425625147261,-70.6183321656381,0,85.9256250560599,1,0,0
2.404,48.9937933654533,397.325815119754,0,85.9256250560599,86.5,8.66414878056e-08,259,0,259,172.425625142701,-70.9796800258785,0,85.9256250560599,1,0,0
2.405,48.9913315794652,397.325819014687,0,85.9256250560599,86.5,8.230941341532e-08,259,0,259,172.425625138369,-71.3419144143153,0,85.9256250560599,1,0,0
2.406,48.9888705855573,397.325822799104,0,85.9256250560599,86.5,7.8193942744554e-08,259,0,259,172.425625134254,-71.7050350457078,0,85.9256250560599,1,0,0
2.407,48.9864103834749,397.325826473707,0,85.9256250560599,86.5,7.42842456073263e-08,259,0,259,172.425625130344,-72.0690416349072,0,85.9256250560599,1,0,0
2.408,48.9839509729632,397.325830039307,0,85.9256250560599,86.5,7.057003332696e-08,259,0,259,172.42562512663,-72.4339338968562,0,85.9256250560599,1,0,0
2.409,48.9814923537675,397.325833496817,0,85.9256250560599,86.5,6.7041531660612e-08,259,0,259,172.425625123101,-72.7997115465895,0,85.9256250560599,1,0,0
2.41,48.9790345256331,397.325836847249,0,85.9256250560599,86.5,6.36894550775814e-08,259,0,259,172.425625119749,-73.1663742992332,0,85.9256250560599,1,0,0
2.411,48.9765774883057,397.325840091703,0,85.9256250560599,86.5,6.05049823237023e-08,259,0,259,172.425625116565,-73.5339218700053,0,85.9256250560599,1,0,0
2.412,48.9741212415307,397.325843231365,0,85.9256250560599,86.5,5.74797332075172e-08,259,0,259,172.42562511354,-73.9023539742152,0,85.9256250560599,1,0,0
2.413,48.9716657850538,397.325846267497,0,85.9256250560599,86.5,5.46057465471413e-08,259,0,259,172.425625110666,-74.2716703272641,0,85.9256250560599,1,0,0
2.414,48.9692111186208,397.325849201436,0,85.9256250560599,86.5,5.18754592197843e-08,259,0,259,172.425625107935,-74.6418706446448,0,85.9256250560599,1,0,0
2.415,48.9667572419773,397.325852034583,0,85.9256250560599,86.5,4.92816862587951e-08,259,0,259,172.425625105342,-75.0129546419413,0,85.9256250560599,1,0,0
2.416,48.9643041548694,397.325854768401,0,85.9256250560599,86.5,4.68176019458553e-08,259,0,259,172.425625102878,-75.3849220348295,0,85.9256250560599,1,0,0
2.417,48.9618518570429,397.325857404412,0,85.9256250560599,86.5,4.44767218485625e-08,259,0,259,172.425625100537,-75.7577725390765,0,85.9256250560599,1,0,0
2.418,48.959400348244,397.325859944186,0,85.9256250560599,86.5,4.22528857561344e-08,259,0,259,172.425625098313,-76.131505870541,0,85.9256250560599,1,0,0
2.419,48.9569496282188,397.325862389342,0,85.9256250560599,86.5,4.01402414683277e-08,259,0,259,172.4256250962,-76.5061217451732,0,85.9256250560599,1,0,0
2.42,48.9544996967135,397.325864741539,0,85.9256250560599,86.5,3.81332293949113e-08,259,0,259,172.425625094193,-76.8816198790144,0,85.9256250560599,1,0,0
2.421,48.9520505534743,397.325867002476,0,85.9256250560599,86.5,3.62265679251657e-08,259,0,259,172.425625092286,-77.2579999881976,0,85.9256250560599,1,0,0
2.422,48.9496021982477,397.325869173883,0,85.9256250560599,86.5,3.44152395289075e-08,259,0,259,172.425625090475,-77.6352617889468,0,85.9256250560599,1,0,0
2.423,48.9471546307801,397.32587125752,0,85.9256250560599,86.5,3.26944775524621e-08,259,0,259,172.425625088754,-78.0134049975776,0,85.9256250560599,1,0,0
2.424,48.9447078508181,397.325873255174,0,85.9256250560599,86.5,3.1059753674839e-08,259,0,259,172.42562508712,-78.3924293304968,0,85.9256250560599,1,0,0
2.425,48.9422618581083,397.325875168652,0,85.9256250560599,86.5,2.9506765991097e-08,259,0,259,172.425625085567,-78.7723345042022,0,85.9256250560599,1,0,0
2.426,48.9398166523974,397.32587699978,0,85.9256250560599,86.5,2.80314276915422e-08,259,0,259,172.425625084091,-79.1531202352832,0,85.9256250560599,1,0,0
2.427,48.9373722334322,397.325878750399,0,85.9256250560599,86.5,2.66298563069651e-08,259,0,259,172.42562508269,-79.5347862404202,0,85.9256250560599,1,0,0
2.428,48.9349286009595,397.325880422361,0,85.9256250560599,86.5,2.52983634916168e-08,259,0,259,172.425625081358,-79.9173322363846,0,85.9256250560599,1,0,0
2.429,48.9324857547262,397.325882017527,0,85.9256250560599,86.5,2.4033445317036e-08,259,0,259,172.425625080093,-80.3007579400392,0,85.9256250560599,1,0,0
2.43,48.9300436944795,397.325883537764,0,85.9256250560599,86.5,2.28317730511842e-08,259,0,259,172.425625078892,-80.6850630683378,0,85.9256250560599,1,0,0
2.431,48.9276024199665,397.325884984941,0,85.9256250560599,86.5,2.1690184398625e-08,259,0,259,172.42562507775,-81.0702473383251,0,85.9256250560599,1,0,0
2.432,48.9251619309342,397.325886360927,0,85.9256250560599,86.5,2.06056751786937e-08,259,0,259,172.425625076666,-81.4563104671372,0,85.9256250560599,1,0,0
2.433,48.9227222271301,397.325887667591,0,85.9256250560599,86.5,1.9575391419759e-08,259,0,259,172.425625075635,-81.8432521720009,0,85.9256250560599,1,0,0
2.434,48.9202833083014,397.325888906793,0,85.9256250560599,86.5,1.85966218487711e-08,259,0,259,172.425625074657,-82.231072170234,0,85.9256250560599,1,0,0
2.435,48.9178451741956,397.325890080392,0,85.9256250560599,86.5,1.76667907563325e-08,259,0,259,172.425625073727,-82.6197701792455,0,85.9256250560599,1,0,0
2.436,48.9154078245602,397.325891190232,0,85.9256250560599,86.5,1.67834512185159e-08,259,0,259,172.425625072843,-83.0093459165351,0,85.9256250560599,1,0,0
2.437,48.9129712591428,397.325892238149,0,85.9256250560599,86.5,1.59442786575901e-08,259,0,259,172.425625072004,-83.3997990996934,0,85.9256250560599,1,0,0
2.438,48.9105354776911,397.325893225967,0,85.9256250560599,86.5,1.51470647247106e-08,259,0,259,172.425625071207,-83.791129446402,0,85.9256250560599,1,0,0
2.439,48.9081004799528,397.325894155494,0,85.9256250560599,86.5,1.43897114884751e-08,259,0,259,172.42562507045,-84.1833366744332,0,85.9256250560599,1,0,0
2.44,48.9056662656758,397.32589502852,0,85.9256250560599,86.5,1.36702259140513e-08,259,0,259,172.42562506973,-84.5764205016502,0,85.9256250560599,1,0,0
2.441,48.903232834608,397.325895846821,0,85.9256250560599,86.5,1.29867146183488e-08,259,0,259,172.425625069047,-84.9703806460069,0,85.9256250560599,1,0,0
2.442,48.9008001864974,397.325896612151,0,85.9256250560599,86.5,1.23373788874313e-08,259,0,259,172.425625068397,-85.365216825548,0,85.9256250560599,1,0,0
2.443,48.8983683210922,397.325897326244,0,85.9256250560599,86.5,1.17205099430597e-08,259,0,259,172.42562506778,-85.7609287584089,0,85.9256250560599,1,0,0
2.444,48.8959372381403,397.325897990813,0,85.9256250560599,86.5,1.11344844459068e-08,259,0,259,172.425625067194,-86.1575161628157,0,85.9256250560599,1,0,0
2.445,48.8935069373902,397.325898607545,0,85.9256250560599,86.5,1.05777602236114e-08,259,0,259,172.425625066638,-86.5549787570852,0,85.9256250560599,1,0,0
2.446,48.8910774185901,397.325899178108,0,85.9256250560599,86.5,1.00488722124309e-08,259,0,259,172.425625066109,-86.9533162596248,0,85.9256250560599,1,0,0
2.447,48.8886486814884,397.32589970414,0,85.9256250560599,86.5,9.54642860180931e-09,259,0,259,172.425625065606,-87.3525283889323,0,85.9256250560599,1,0,0
2.448,48.8862207258337,397.325900187256,0,85.9256250560599,86.5,9.06910717171884e-09,259,0,259,172.425625065129,-87.7526148635965,0,85.9256250560599,1,0,0
2.449,48.8837935513744,397.325900629043,0,85.9256250560599,86.5,8.6156518131329e-09,259,0,259,172.425625064676,-88.1535754022964,0,85.9256250560599,1,0,0
2.45,48.8813671578593,397.325901031062,0,85.9256250560599,86.5,8.18486922247626e-09,259,0,259,172.425625064245,-88.5554097238016,0,85.9256250560599,1,0,0
2.451,48.8789415450371,397.325901394845,0,85.9256250560599,86.5,7.77562576135244e-09,259,0,259,172.425625063836,-88.9581175469722,0,85.9256250560599,1,0,0
2.452,48.8765167126566,397.325901721894,0,85.9256250560599,86.5,7.38684447328482e-09,259,0,259,172.425625063447,-89.3616985907588,0,85.9256250560599,1,0,0
2.453,48.8740926604667,397.325902013684,0,85.9256250560599,86.5,7.01750224962058e-09,259,0,259,172.425625063077,-89.7661525742025,0,85.9256250560599,1,0,0
2.454,48.8716693882163,397.325902271659,0,85.9256250560599,86.5,6.66662713713955e-09,259,0,259,172.425625062727,-90.1714792164345,0,85.9256250560599,1,0,0
2.455,48.8692468956545,397.325902497234,0,85.9256250560599,86.5,6.33329578028257e-09,259,0,259,172.425625062393,-90.5776782366766,0,85.9256250560599,1,0,0
2.456,48.8668251825305,397.325902691793,0,85.9256250560599,86.5,6.01663099126845e-09,259,0,259,172.425625062077,-90.984749354241,0,85.9256250560599,1,0,0
2.457,48.8644042485935,397.325902856689,0,85.9256250560599,86.5,5.71579944170502e-09,259,0,259,172.425625061776,-91.39269228853,0,85.9256250560599,1,0,0
2.458,48.8619840935927,397.325902993245,0,85.9256250560599,86.5,5.43000946961977e-09,259,0,259,172.42562506149,-91.8015067590363,0,85.9256250560599,1,0,0
2.459,48.8595647172776,397.325903102752,0,85.9256250560599,86.5,5.15850899613878e-09,259,0,259,172.425625061218,-92.2111924853429,0,85.9256250560599,1,0,0
2.46,48.8571461193975,397.325903186471,0,85.9256250560599,86.5,4.90058354633185e-09,259,0,259,172.42562506096,-92.621749187123,0,85.9256250560599,1,0,0
2.461,48.8547282997021,397.325903245631,0,85.9256250560599,86.5,4.65555436901525e-09,259,0,259,172.425625060715,-93.0331765841399,0,85.9256250560599,1,0,0
2.462,48.852311257941,397.325903281431,0,85.9256250560599,86.5,4.42277665056449e-09,259,0,259,172.425625060483,-93.4454743962471,0,85.9256250560599,1,0,0
2.463,48.8498949938638,397.325903295037,0,85.9256250560599,86.5,4.20163781803627e-09,259,0,259,172.425625060262,-93.8586423433884,0,85.9256250560599,1,0,0
2.464,48.8474795072204,397.325903287586,0,85.9256250560599,86.5,3.99155592713445e-09,259,0,259,172.425625060051,-94.2726801455974,0,85.9256250560599,1,0,0
2.465,48.8450647977605,397.325903260182,0,85.9256250560599,86.5,3.79197813077773e-09,259,0,259,172.425625059852,-94.6875875229981,0,85.9256250560599,1,0,0
2.466,48.8426508652342,397.3259032139,0,85.9256250560599,86.5,3.60237922423884e-09,259,0,259,172.425625059662,-95.1033641958043,0,85.9256250560599,1,0,0
2.467,48.8402377093915,397.325903149782,0,85.9256250560599,86.5,3.4222602630269e-09,259,0,259,172.425625059482,-95.52000988432,0,85.9256250560599,1,0,0
2.468,48.8378253299824,397.325903068842,0,85.9256250560599,86.5,3.25114724987556e-09,259,0,259,172.425625059311,-95.937524308939,0,85.9256250560599,1,0,0
2.469,48.8354137267571,397.325902972063,0,85.9256250560599,86.5,3.08858988738178e-09,259,0,259,172.425625059149,-96.3559071901454,0,85.9256250560599,1,0,0
2.47,48.833002899466,397.325902860397,0,85.9256250560599,86.5,2.93416039301269e-09,259,0,259,172.425625058994,-96.7751582485128,0,85.9256250560599,1,0,0
2.471,48.8305928478593,397.325902734767,0,85.9256250560599,86.5,2.78745237336205e-09,259,0,259,172.425625058847,-97.1952772047051,0,85.9256250560599,1,0,0
2.472,48.8281835716875,397.325902596067,0,85.9256250560599,86.5,2.64807975469395e-09,259,0,259,172.425625058708,-97.6162637794757,0,85.9256250560599,1,0,0
2.473,48.8257750707011,397.325902445161,0,85.9256250560599,86.5,2.51567576695925e-09,259,0,259,172.425625058576,-98.0381176936682,0,85.9256250560599,1,0,0
2.474,48.8233673446506,397.325902282885,0,85.9256250560599,86.5,2.38989197861129e-09,259,0,259,172.42562505845,-98.4608386682158,0,85.9256250560599,1,0,0
2.475,48.8209603932868,397.325902110048,0,85.9256250560599,86.5,2.27039737968073e-09,259,0,259,172.42562505833,-98.8844264241416,0,85.9256250560599,1,0,0
2.476,48.8185542163603,397.325901927428,0,85.9256250560599,86.5,2.15687751069669e-09,259,0,259,172.425625058217,-99.3088806825584,0,85.9256250560599,1,0,0
2.477,48.816148813622,397.325901735777,0,85.9256250560599,86.5,2.04903363516186e-09,259,0,259,172.425625058109,-99.7342011646687,0,85.9256250560599,1,0,0
2.478,48.8137441848229,397.325901535822,0,85.9256250560599,86.5,1.94658195340376e-09,259,0,259,172.425625058006,-100.160387591765,0,85.9256250560599,1,0,0
2.479,48.8113403297138,397.32590132826,0,85.9256250560599,86.5,1.84925285573358e-09,259,0,259,172.425625057909,-100.587439685228,0,85.9256250560599,1,0,0
2.48,48.8089372480459,397.325901113763,0,85.9256250560599,86.5,1.7567902129469e-09,259,0,259,172.425625057817,-101.015357166532,0,85.9256250560599,1,0,0
2.481,48.8065349395702,397.325900892979,0,85.9256250560599,86.5,1.66895070229955e-09,259,0,259,172.425625057729,-101.444139757235,0,85.9256250560599,1,0,0
2.482,48.8041334040381,397.325900666528,0,85.9256250560599,86.5,1.58550316718457e-09,259,0,259,172.425625057645,-101.87378717899,0,85.9256250560599,1,0,0
2.483,48.8017326412008,397.325900435008,0,85.9256250560599,86.5,1.50622800882535e-09,259,0,259,172.425625057566,-102.304299153536,0,85.9256250560599,1,0,0
2.484,48.7993326508098,397.32590019899,0,85.9256250560599,86.5,1.43091660838408e-09,259,0,259,172.425625057491,-102.735675402704,0,85.9256250560599,1,0,0
2.485,48.7969334326164,397.325899959023,0,85.9256250560599,86.5,1.35937077796487e-09,259,0,259,172.425625057419,-103.167915648412,0,85.9256250560599,1,0,0
2.486,48.7945349863722,397.325899715632,0,85.9256250560599,86.5,1.29140223906663e-09,259,0,259,172.425625057351,-103.60101961267,0,85.9256250560599,1,0,0
2.487,48.7921373118289,397.325899469321,0,85.9256250560599,86.5,1.2268321271133e-09,259,0,259,172.425625057287,-104.034987017576,0,85.9256250560599,1,0,0
2.488,48.7897404087381,397.325899220568,0,85.9256250560599,86.5,1.16549052075763e-09,259,0,259,172.425625057225,-104.469817585318,0,85.9256250560599,1,0,0
2.489,48.7873442768517,397.325898969834,0,85.9256250560599,86.5,1.10721599471975e-09,259,0,259,172.425625057167,-104.905511038172,0,85.9256250560599,1,0,0
2.49,48.7849489159215,397.325898717554,0,85.9256250560599,86.5,1.05185519498376e-09,259,0,259,172.425625057112,-105.342067098506,0,85.9256250560599,1,0,0
2.491,48.7825543256994,397.325898464147,0,85.9256250560599,86.5,9.99262435234577e-10,259,0,259,172.425625057059,-105.779485488774,0,85.9256250560599,1,0,0
2.492,48.7801605059375,397.325898210008,0,85.9256250560599,86.5,9.49299313472848e-10,259,0,259,172.425625057009,-106.217765931522,0,85.9256250560599,1,0,0
2.493,48.7777674563879,397.325897955514,0,85.9256250560599,86.5,9.01834347799205e-10,259,0,259,172.425625056962,-106.656908149385,0,85.9256250560599,1,0,0
2.494,48.7753751768027,397.325897701024,0,85.9256250560599,86.5,8.56742630409245e-10,259,0,259,172.425625056917,-107.096911865085,0,85.9256250560599,1,0,0
2.495,48.7729836669343,397.325897446875,0,85.9256250560599,86.5,8.13905498888783e-10,259,0,259,172.425625056874,-107.537776801436,0,85.9256250560599,1,0,0
2.496,48.7705929265349,397.32589719339,0,85.9256250560599,86.5,7.73210223944344e-10,259,0,259,172.425625056833,-107.97950268134,0,85.9256250560599,1,0,0
2.497,48.768202955357,397.325896940872,0,85.9256250560599,86.5,7.34549712747126e-10,259,0,259,172.425625056794,-108.422089227787,0,85.9256250560599,1,0,0
2.498,48.7658137531531,397.325896689607,0,85.9256250560599,86.5,6.9782222710977e-10,259,0,259,172.425625056758,-108.865536163858,0,85.9256250560599,1,0,0
2.499,48.7634253196758,397.325896439866,0,85.9256250560599,86.5,6.62931115754282e-10,259,0,259,172.425625056723,-109.309843212723,0,85.9256250560599,1,0,0
2.5,48.7610376546778,397.325896191901,0,85.9256250560599,86.5,6.29784559966568e-10,259,0,259,172.42562505669,-109.75501009764,0,85.9256250560599,1,0,0
2.501,48.7586507579117,397.325895945951,0,85.9256250560599,86.5,5.98295331968239e-10,259,0,259,172.425625056658,-110.201036541956,0,85.9256250560599,1,0,0
2.502,48.7562646291304,397.325895702239,0,85.9256250560599,86.5,5.68380565369827e-10,259,0,259,172.425625056628,-110.647922269108,0,85.9256250560599,1,0,0
2.503,48.7538792680868,397.325895460975,0,85.9256250560599,86.5,5.39961537101336e-10,259,0,259,172.4256250566,-111.095667002621,0,85.9256250560599,1,0,0
2.504,48.7514946745339,397.325895222351,0,85.9256250560599,86.5,5.12963460246269e-10,259,0,259,172.425625056573,-111.54427046611,0,85.9256250560599,1,0,0
2.505,48.7491108482247,397.32589498655,0,85.9256250560599,86.5,4.87315287233956e-10,259,0,259,172.425625056547,-111.993732383277,0,85.9256250560599,1,0,0
2.506,48.7467277889125,397.325894753738,0,85.9256250560599,86.5,4.62949522872258e-10,259,0,259,172.425625056523,-112.444052477917,0,85.9256250560599,1,0,0
2.507,48.7443454963503,397.325894524071,0,85.9256250560599,86.5,4.39802046728645e-10,259,0,259,172.4256250565,-112.895230473908,0,85.9256250560599,1,0,0
2.508,48.7419639702915,397.325894297692,0,85.9256250560599,86.5,4.17811944392213e-10,259,0,259,172.425625056478,-113.347266095222,0,85.9256250560599,1,0,0
2.509,48.7395832104895,397.325894074731,0,85.9256250560599,86.5,3.96921347172602e-10,259,0,259,172.425625056457,-113.800159065917,0,85.9256250560599,1,0,0
2.51,48.7372032166977,397.325893855307,0,85.9256250560599,86.5,3.77075279813972e-10,259,0,259,172.425625056437,-114.253909110141,0,85.9256250560599,1,0,0
2.511,48.7348239886697,397.32589363953,0,85.9256250560599,86.5,3.58221515823273e-10,259,0,259,172.425625056418,-114.70851595213,0,85.9256250560599,1,0,0
2.512,48.7324455261591,397.325893427498,0,85.9256250560599,86.5,3.4031044003211e-10,259,0,259,172.4256250564,-115.163979316209,0,85.9256250560599,1,0,0
2.513,48.7300678289195,397.325893219298,0,85.9256250560599,86.5,3.23294918030504e-10,259,0,259,172.425625056383,-115.620298926791,0,85.9256250560599,1,0,0
2.514,48.7276908967048,397.325893015009,0,85.9256250560599,86.5,3.07130172128979e-10,259,0,259,172.425625056367,-116.07747450838,0,85.9256250560599,1,0,0
2.515,48.7253147292688,397.325892814699,0,85.9256250560599,86.5,2.9177366352253e-10,259,0,259,172.425625056352,-116.535505785567,0,85.9256250560599,1,0,0
2.516,48.7229393263655,397.32589261843,0,85.9256250560599,86.5,2.77184980346404e-10,259,0,259,172.425625056337,-116.99439248303,0,85.9256250560599,1,0,0
2.517,48.7205646877488,397.325892426252,0,85.9256250560599,86.5,2.63325731329083e-10,259,0,259,172.425625056323,-117.454134325538,0,85.9256250560599,1,0,0
2.518,48.7181908131728,397.32589223821,0,85.9256250560599,86.5,2.50159444762629e-10,259,0,259,172.42562505631,-117.914731037949,0,85.9256250560599,1,0,0
2.519,48.7158177023917,397.325892054338,0,85.9256250560599,86.5,2.37651472524498e-10,259,0,259,172.425625056298,-118.376182345207,0,85.9256250560599,1,0,0
2.52,48.7134453551598,397.325891874665,0,85.9256250560599,86.5,2.25768898898273e-10,259,0,259,172.425625056286,-118.838487972345,0,85.9256250560599,1,0,0
2.521,48.7110737712314,397.325891699212,0,85.9256250560599,86.5,2.14480453953359e-10,259,0,259,172.425625056274,-119.301647644488,0,85.9256250560599,1,0,0
2.522,48.7087029503609,397.325891527994,0,85.9256250560599,86.5,2.03756431255691e-10,259,0,259,172.425625056264,-119.765661086845,0,85.9256250560599,1,0,0
2.523,48.7063328923027,397.325891361019,0,85.9256250560599,86.5,1.93568609692907e-10,259,0,259,172.425625056253,-120.230528024715,0,85.9256250560599,1,0,0
2.524,48.7039635968115,397.325891198289,0,85.9256250560599,86.5,1.83890179208261e-10,259,0,259,172.425625056244,-120.696248183486,0,85.9256250560599,1,0,0
2.525,48.7015950636419,397.3258910398,0,85.9256250560599,86.5,1.74695670247848e-10,259,0,259,172.425625056235,-121.162821288634,0,85.9256250560599,1,0,0
2.526,48.6992272925486,397.325890885542,0,85.9256250560599,86.5,1.65960886735456e-10,259,0,259,172.425625056226,-121.630247065722,0,85.9256250560599,1,0,0
2.527,48.6968602832864,397.325890735503,0,85.9256250560599,86.5,1.57662842398683e-10,259,0,259,172.425625056218,-122.098525240405,0,85.9256250560599,1,0,0
2.528,48.6944940356102,397.325890589661,0,85.9256250560599,86.5,1.49779700278749e-10,259,0,259,172.42562505621,-122.567655538422,0,85.9256250560599,1,0,0
2.529,48.6921285492749,397.325890447994,0,85.9256250560599,86.5,1.42290715264811e-10,259,0,259,172.425625056202,-123.037637685602,0,85.9256250560599,1,0,0
2.53,48.6897638240356,397.325890310473,0,85.9256250560599,86.5,1.35176179501571e-10,259,0,259,172.425625056195,-123.508471407863,0,85.9256250560599,1,0,0
2.531,48.6873998596475,397.325890177066,0,85.9256250560599,86.5,1.28417370526492e-10,259,0,259,172.425625056188,-123.98015643121,0,85.9256250560599,1,0,0
2.532,48.6850366558656,397.325890047736,0,85.9256250560599,86.5,1.21996502000168e-10,259,0,259,172.425625056182,-124.452692481737,0,85.9256250560599,1,0,0
2.533,48.6826742124453,397.325889922445,0,85.9256250560599,86.5,1.15896676900159e-10,259,0,259,172.425625056176,-124.926079285626,0,85.9256250560599,1,0,0
2.534,48.680312529142,397.32588980115,0,85.9256250560599,86.5,1.10101843055151e-10,259,0,259,172.42562505617,-125.400316569145,0,85.9256250560599,1,0,0
2.535,48.677951605711,397.325889683804,0,85.9256250560599,86.5,1.04596750902394e-10,259,0,259,172.425625056165,-125.875404058654,0,85.9256250560599,1,0,0
2.536,48.6755914419078,397.325889570358,0,85.9256250560599,86.5,9.93669133572741e-11,259,0,259,172.425625056159,-126.351341480598,0,85.9256250560599,1,0,0
2.537,48.6732320374882,397.325889460761,0,85.9256250560599,86.5,9.43985676894104e-11,259,0,259,172.425625056154,-126.828128561512,0,85.9256250560599,1,0,0
2.538,48.6708733922077,397.325889354959,0,85.9256250560599,86.5,8.96786393049399e-11,259,0,259,172.42562505615,-127.305765028016,0,85.9256250560599,1,0,0
2.539,48.668515505822,397.325889252895,0,85.9256250560599,86.5,8.51947073396929e-11,259,0,259,172.425625056145,-127.784250606821,0,85.9256250560599,1,0,0
2.54,48.6661583780871,397.325889154512,0,85.9256250560599,86.5,8.09349719727083e-11,259,0,259,172.425625056141,-128.263585024725,0,85.9256250560599,1,0,0
2.541,48.6638020087587,397.325889059749,0,85.9256250560599,86.5,7.68882233740729e-11,259,0,259,172.425625056137,-128.743768008614,0,85.9256250560599,1,0,0
2.542,48.661446397593,397.325888968544,0,85.9256250560599,86.5,7.30438122053692e-11,259,0,259,172.425625056133,-129.224799285461,0,85.9256250560599,1,0,0
2.543,48.6590915443459,397.325888880834,0,85.9256250560599,86.5,6.93916215951007e-11,259,0,259,172.425625056129,-129.706678582327,0,85.9256250560599,1,0,0
2.544,48.6567374487736,397.325888796553,0,85.9256250560599,86.5,6.59220405153457e-11,259,0,259,172.425625056126,-130.189405626363,0,85.9256250560599,1,0,0
2.545,48.6543841106323,397.325888715637,0,85.9256250560599,86.5,6.26259384895784e-11,259,0,259,172.425625056123,-130.672980144804,0,85.9256250560599,1,0,0
2.546,48.6520315296783,397.325888638018,0,85.9256250560599,86.5,5.94946415650995e-11,259,0,259,172.425625056119,-131.157401864977,0,85.9256250560599,1,0,0
2.547,48.649679705668,397.325888563627,0,85.9256250560599,86.5,5.65199094868445e-11,259,0,259,172.425625056116,-131.642670514292,0,85.9256250560599,1,0,0
2.548,48.6473286383578,397.325888492397,0,85.9256250560599,86.5,5.36939140125023e-11,259,0,259,172.425625056114,-132.128785820252,0,85.9256250560599,1,0,0
2.549,48.6449783275043,397.325888424258,0,85.9256250560599,86.5,5.10092183118772e-11,259,0,259,172.425625056111,-132.615747510443,0,85.9256250560599,1,0,0
2.55,48.642628772864,397.32588835914,0,85.9256250560599,86.5,4.84587573962833e-11,259,0,259,172.425625056108,-133.103555312542,0,85.9256250560599,1,0,0
2.551,48.6402799741937,397.325888296973,0,85.9256250560599,86.5,4.60358195264692e-11,259,0,259,172.425625056106,-133.59220895431,0,85.9256250560599,1,0,0
2.552,48.6379319312502,397.325888237686,0,85.9256250560599,86.5,4.37340285501457e-11,259,0,259,172.425625056104,-134.081708163601,0,85.9256250560599,1,0,0
2.553,48.6355846437902,397.325888181208,0,85.9256250560599,86.5,4.15473271226384e-11,259,0,259,172.425625056101,-134.572052668351,0,85.9256250560599,1,0,0
2.554,48.6332381115707,397.32588812747,0,85.9256250560599,86.5,3.94699607665065e-11,259,0,259,172.425625056099,-135.063242196586,0,85.9256250560599,1,0,0
2.555,48.6308923343487,397.325888076399,0,85.9256250560599,86.5,3.74964627281812e-11,259,0,259,172.425625056097,-135.555276476421,0,85.9256250560599,1,0,0
2.556,48.6285473118813,397.325888027925,0,85.9256250560599,86.5,3.56216395917721e-11,259,0,259,172.425625056096,-136.048155236055,0,85.9256250560599,1,0,0
2.557,48.6262030439256,397.325887981978,0,85.9256250560599,86.5,3.38405576121835e-11,259,0,259,172.425625056094,-136.541878203778,0,85.9256250560599,1,0,0
2.558,48.6238595302389,397.325887938489,0,85.9256250560599,86.5,3.21485297315743e-11,259,0,259,172.425625056092,-137.036445107965,0,85.9256250560599,1,0,0
2.559,48.6215167705784,397.325887897386,0,85.9256250560599,86.5,3.05411032449956e-11,259,0,259,172.42562505609,-137.531855677079,0,85.9256250560599,1,0,0
2.56,48.6191747647017,397.3258878586,0,85.9256250560599,86.5,2.90140480827458e-11,259,0,259,172.425625056089,-138.028109639671,0,85.9256250560599,1,0,0
2.561,48.616833512366,397.325887822064,0,85.9256250560599,86.5,2.75633456786085e-11,259,0,259,172.425625056087,-138.525206724378,0,85.9256250560599,1,0,0
2.562,48.6144930133291,397.325887787708,0,85.9256250560599,86.5,2.61851783946781e-11,259,0,259,172.425625056086,-139.023146659926,0,85.9256250560599,1,0,0
2.563,48.6121532673485,397.325887755465,0,85.9256250560599,86.5,2.48759194749442e-11,259,0,259,172.425625056085,-139.521929175128,0,85.9256250560599,1,0,0
2.564,48.6098142741819,397.325887725269,0,85.9256250560599,86.5,2.3632123501197e-11,259,0,259,172.425625056084,-140.021553998882,0,85.9256250560599,1,0,0
2.565,48.6074760335872,397.325887697052,0,85.9256250560599,86.5,2.24505173261372e-11,259,0,259,172.425625056082,-140.522020860177,0,85.9256250560599,1,0,0
2.566,48.605138545322,397.32588767075,0,85.9256250560599,86.5,2.13279914598303e-11,259,0,259,172.425625056081,-141.023329488085,0,85.9256250560599,1,0,0
2.567,48.6028018091445,397.325887646299,0,85.9256250560599,86.5,2.02615918868388e-11,259,0,259,172.42562505608,-141.525479611769,0,85.9256250560599,1,0,0
2.568,48.6004658248126,397.325887623633,0,85.9256250560599,86.5,1.92485122924968e-11,259,0,259,172.425625056079,-142.028470960477,0,85.9256250560599,1,0,0
2.569,48.5981305920844,397.325887602692,0,85.9256250560599,86.5,1.8286086677872e-11,259,0,259,172.425625056078,-142.532303263545,0,85.9256250560599,1,0,0
2.57,48.5957961107181,397.325887583413,0,85.9256250560599,86.5,1.73717823439784e-11,259,0,259,172.425625056077,-143.036976250394,0,85.9256250560599,1,0,0
2.571,48.593462380472,397.325887565736,0,85.9256250560599,86.5,1.65031932267795e-11,259,0,259,172.425625056076,-143.542489650536,0,85.9256250560599,1,0,0
2.572,48.5911294011043,397.3258875496,0,85.9256250560599,86.5,1.56780335654405e-11,259,0,259,172.425625056076,-144.048843193566,0,85.9256250560599,1,0,0
2.573,48.5887971723734,397.325887534947,0,85.9256250560599,86.5,1.48941318871685e-11,259,0,259,172.425625056075,-144.556036609168,0,85.9256250560599,1,0,0
2.574,48.5864656940379,397.32588752172,0,85.9256250560599,86.5,1.41494252928101e-11,259,0,259,172.425625056074,-145.064069627114,0,85.9256250560599,1,0,0
2.575,48.5841349658563,397.325887509862,0,85.9256250560599,86.5,1.34419540281696e-11,259,0,259,172.425625056073,-145.57294197726,0,85.9256250560599,1,0,0
2.576,48.5818049875872,397.325887499317,0,85.9256250560599,86.5,1.27698563267611e-11,259,0,259,172.425625056073,-146.082653389552,0,85.9256250560599,1,0,0
2.577,48.5794757589894,397.325887490032,0,85.9256250560599,86.5,1.2131363510423e-11,259,0,259,172.425625056072,-146.593203594021,0,85.9256250560599,1,0,0
2.578,48.5771472798217,397.325887481953,0,85.9256250560599,86.5,1.15247953349019e-11,259,0,259,172.425625056071,-147.104592320785,0,85.9256250560599,1,0,0
2.579,48.5748195498428,397.325887475028,0,85.9256250560599,86.5,1.09485555681568e-11,259,0,259,172.425625056071,-147.616819300049,0,85.9256250560599,1,0,0
2.58,48.5724925688119,397.325887469207,0,85.9256250560599,86.5,1.04011277897489e-11,259,0,259,172.42562505607,-148.129884262105,0,85.9256250560599,1,0,0
2.581,48.5701663364878,397.32588746444,0,85.9256250560599,86.5,9.88107140026149e-12,259,0,259,172.42562505607,-148.643786937333,0,85.9256250560599,1,0,0
2.582,48.5678408526297,397.325887460678,0,85.9256250560599,86.5,9.38701783024842e-12,259,0,259,172.425625056069,-149.158527056197,0,85.9256250560599,1,0,0
2.583,48.5655161169968,397.325887457875,0,85.9256250560599,86.5,8.91766693873599e-12,259,0,259,172.425625056069,-149.674104349251,0,85.9256250560599,1,0,0
2.584,48.5631921293484,397.325887455983,0,85.9256250560599,86.5,8.4717835917992e-12,259,0,259,172.425625056068,-150.190518547132,0,85.9256250560599,1,0,0
2.585,48.5608688894437,397.325887454959,0,85.9256250560599,86.5,8.04819441220924e-12,259,0,259,172.425625056068,-150.707769380567,0,85.9256250560599,1,0,0
2.586,48.5585463970422,397.325887454759,0,85.9256250560599,86.5,7.64578469159877e-12,259,0,259,172.425625056068,-151.225856580367,0,85.9256250560599,1,0,0
2.587,48.5562246519034,397.325887455339,0,85.9256250560599,86.5,7.26349545701884e-12,259,0,259,172.425625056067,-151.744779877432,0,85.9256250560599,1,0,0
2.588,48.5539036537868,397.325887456659,0,85.9256250560599,86.5,6.90032068416789e-12,259,0,259,172.425625056067,-152.264539002746,0,85.9256250560599,1,0,0
2.589,48.5515834024522,397.325887458678,0,85.9256250560599,86.5,6.5553046499595e-12,259,0,259,172.425625056066,-152.785133687383,0,85.9256250560599,1,0,0
2.59,48.5492638976591,397.325887461357,0,85.9256250560599,86.5,6.22753941746152e-12,259,0,259,172.425625056066,-153.3065636625,0,85.9256250560599,1,0,0
2.591,48.5469451391674,397.325887464659,0,85.9256250560599,86.5,5.91616244658845e-12,259,0,259,172.425625056066,-153.828828659343,0,85.9256250560599,1,0,0
2.592,48.5446271267371,397.325887468546,0,85.9256250560599,86.5,5.62035432425903e-12,259,0,259,172.425625056066,-154.351928409243,0,85.9256250560599,1,0,0
2.593,48.542309860128,397.325887472983,0,85.9256250560599,86.5,5.33933660804607e-12,259,0,259,172.425625056065,-154.875862643617,0,85.9256250560599,1,0,0
2.594,48.5399933391001,397.325887477936,0,85.9256250560599,86.5,5.07236977764377e-12,259,0,259,172.425625056065,-155.400631093971,0,85.9256250560599,1,0,0
2.595,48.5376775634137,397.325887483371,0,85.9256250560599,86.5,4.81875128876158e-12,259,0,259,172.425625056065,-155.926233491895,0,85.9256250560599,1,0,0
2.596,48.5353625328288,397.325887489255,0,85.9256250560599,86.5,4.5778137243235e-12,259,0,259,172.425625056064,-156.452669569066,0,85.9256250560599,1,0,0
2.597,48.5330482471057,397.325887495558,0,85.9256250560599,86.5,4.34892303810733e-12,259,0,259,172.425625056064,-156.979939057248,0,85.9256250560599,1,0,0
2.598,48.5307347060049,397.325887502249,0,85.9256250560599,86.5,4.13147688620196e-12,259,0,259,172.425625056064,-157.50804168829,0,85.9256250560599,1,0,0
2.599,48.5284219092866,397.3258875093,0,85.9256250560599,86.5,3.92490304189186e-12,259,0,259,172.425625056064,-158.036977194128,0,85.9256250560599,1,0,0
2.6,48.5261098567114,397.325887516681,0,85.9256250560599,86.5,3.72865788979727e-12,259,0,259,172.425625056064,-158.566745306785,0,85.9256250560599,1,0,0
2.601,48.5237985480399,397.325887524367,0,85.9256250560599,86.5,3.54222499530741e-12,259,0,259,172.425625056063,-159.097345758369,0,85.9256250560599,1,0,0
2.602,48.5214879830327,397.325887532331,0,85.9256250560599,86.5,3.36511374554204e-12,259,0,259,172.425625056063,-159.628778281075,0,85.9256250560599,1,0,0
2.603,48.5191781614505,397.325887540547,0,85.9256250560599,86.5,3.19685805826493e-12,259,0,259,172.425625056063,-160.161042607183,0,85.9256250560599,1,0,0
2.604,48.5168690830541,397.325887548993,0,85.9256250560599,86.5,3.03701515535169e-12,259,0,259,172.425625056063,-160.694138469061,0,85.9256250560599,1,0,0
2.605,48.5145607476045,397.325887557644,0,85.9256250560599,86.5,2.8851643975841e-12,259,0,259,172.425625056063,-161.228065599161,0,85.9256250560599,1,0,0
2.606,48.5122531548626,397.325887566479,0,85.9256250560599,86.5,2.7409061777049e-12,259,0,259,172.425625056063,-161.762823730024,0,85.9256250560599,1,0,0
2.607,48.5099463045893,397.325887575475,0,85.9256250560599,86.5,2.60386086881965e-12,259,0,259,172.425625056063,-162.298412594273,0,85.9256250560599,1,0,0
2.608,48.5076401965459,397.325887584614,0,85.9256250560599,86.5,2.47366782537867e-12,259,0,259,172.425625056062,-162.834831924621,0,85.9256250560599,1,0,0
2.609,48.5053348304935,397.325887593874,0,85.9256250560599,86.5,2.34998443410974e-12,259,0,259,172.425625056062,-163.372081453864,0,85.9256250560599,1,0,0
2.61,48.5030302061933,397.325887603238,0,85.9256250560599,86.5,2.23248521240425e-12,259,0,259,172.425625056062,-163.910160914887,0,85.9256250560599,1,0,0
2.611,48.5007263234067,397.325887612688,0,85.9256250560599,86.5,2.12086095178404e-12,259,0,259,172.425625056062,-164.449070040657,0,85.9256250560599,1,0,0
2.612,48.4984231818952,397.325887622206,0,85.9256250560599,86.5,2.01481790419484e-12,259,0,259,172.425625056062,-164.988808564231,0,85.9256250560599,1,0,0
2.613,48.4961207814202,397.325887631776,0,85.9256250560599,86.5,1.91407700898509e-12,259,0,259,172.425625056062,-165.529376218748,0,85.9256250560599,1,0,0
2.614,48.4938191217433,397.325887641384,0,85.9256250560599,86.5,1.81837315853584e-12,259,0,259,172.425625056062,-166.070772737437,0,85.9256250560599,1,0,0
2.615,48.4915182026262,397.325887651013,0,85.9256250560599,86.5,1.72745450060905e-12,259,0,259,172.425625056062,-166.612997853609,0,85.9256250560599,1,0,0
2.616,48.4892180238305,397.32588766065,0,85.9256250560599,86.5,1.64108177557859e-12,259,0,259,172.425625056062,-167.156051300664,0,85.9256250560599,1,0,0
2.617,48.486918585118,397.325887670282,0,85.9256250560599,86.5,1.55902768679966e-12,259,0,259,172.425625056061,-167.699932812085,0,85.9256250560599,1,0,0
2.618,48.4846198862508,397.325887679897,0,85.9256250560599,86.5,1.48107630245968e-12,259,0,259,172.425625056061,-168.244642121443,0,85.9256250560599,1,0,0
2.619,48.4823219269906,397.325887689482,0,85.9256250560599,86.5,1.4070224873367e-12,259,0,259,172.425625056061,-168.790178962392,0,85.9256250560599,1,0,0
2.62,48.4800247070995,397.325887699025,0,85.9256250560599,86.5,1.33667136296986e-12,259,0,259,172.425625056061,-169.336543068676,0,85.9256250560599,1,0,0
2.621,48.4777282263397,397.325887708518,0,85.9256250560599,86.5,1.26983779482137e-12,259,0,259,172.425625056061,-169.88373417412,0,85.9256250560599,1,0,0
2.622,48.4754324844733,397.325887717949,0,85.9256250560599,86.5,1.2063459050803e-12,259,0,259,172.425625056061,-170.431752012638,0,85.9256250560599,1,0,0
2.623,48.4731374812626,397.325887727309,0,85.9256250560599,86.5,1.14602860982629e-12,259,0,259,172.425625056061,-170.980596318227,0,85.9256250560599,1,0,0
2.624,48.47084321647,397.325887736589,0,85.9256250560599,86.5,1.08872717933497e-12,259,0,259,172.425625056061,-171.530266824973,0,85.9256250560599,1,0,0
2.625,48.4685496898577,397.325887745782,0,85.9256250560599,86.5,1.03429082036822e-12,259,0,259,172.425625056061,-172.080763267043,0,85.9256250560599,1,0,0
2.626,48.4662569011884,397.325887754879,0,85.9256250560599,86.5,9.82576279349812e-13,259,0,259,172.425625056061,-172.632085378695,0,85.9256250560599,1,0,0
2.627,48.4639648502245,397.325887763873,0,85.9256250560599,86.5,9.33447465382322e-13,259,0,259,172.425625056061,-173.184232894267,0,85.9256250560599,1,0,0
2.628,48.4616735367289,397.325887772758,0,85.9256250560599,86.5,8.86775092113205e-13,259,0,259,172.425625056061,-173.737205548186,0,85.9256250560599,1,0,0
2.629,48.459382960464,397.325887781527,0,85.9256250560599,86.5,8.42436337507545e-13,259,0,259,172.425625056061,-174.291003074964,0,85.9256250560599,1,0,0
2.63,48.4570931211928,397.325887790175,0,85.9256250560599,86.5,8.00314520632168e-13,259,0,259,172.425625056061,-174.845625209197,0,85.9256250560599,1,0,0
2.631,48.4548040186782,397.325887798697,0,85.9256250560599,86.5,7.6029879460056e-13,259,0,259,172.425625056061,-175.401071685567,0,85.9256250560599,1,0,0
2.632,48.452515652683,397.325887807087,0,85.9256250560599,86.5,7.22283854870532e-13,259,0,259,172.425625056061,-175.957342238843,0,85.9256250560599,1,0,0
2.633,48.4502280229703,397.325887815342,0,85.9256250560599,86.5,6.86169662127005e-13,259,0,259,172.425625056061,-176.514436603877,0,85.9256250560599,1,0,0
2.634,48.4479411293031,397.325887823458,0,85.9256250560599,86.5,6.51861179020655e-13,259,0,259,172.425625056061,-177.072354515608,0,85.9256250560599,1,0,0
2.635,48.4456549714448,397.32588783143,0,85.9256250560599,86.5,6.19268120069622e-13,259,0,259,172.425625056061,-177.631095709059,0,85.9256250560599,1,0,0
2.636,48.4433695491585,397.325887839256,0,85.9256250560599,86.5,5.88304714066141e-13,259,0,259,172.425625056061,-178.190659919339,0,85.9256250560599,1,0,0
2.637,48.4410848622076,397.325887846933,0,85.9256250560599,86.5,5.58889478362834e-13,259,0,259,172.42562505606,-178.751046881642,0,85.9256250560599,1,0,0
2.638,48.4388009103554,397.325887854458,0,85.9256250560599,86.5,5.30945004444692e-13,259,0,259,172.42562505606,-179.312256331247,0,85.9256250560599,1,0,0
2.639,48.4365176933654,397.325887861829,0,85.9256250560599,86.5,5.04397754222458e-13,259,0,259,172.42562505606,-179.874288003519,0,85.9256250560599,1,0,0
2.64,48.4342352110013,397.325887869045,0,85.9256250560599,86.5,4.79177866511335e-13,259,0,259,172.42562505606,179.562858366093,0,85.9256250560599,1,0,0
2.641,48.4319534630266,397.325887876104,0,85.9256250560599,86.5,4.55218973185768e-13,259,0,259,172.42562505606,178.999183042053,0,85.9256250560599,1,0,0
2.642,48.429672449205,397.325887883004,0,85.9256250560599,86.5,4.3245802452648e-13,259,0,259,172.42562505606,178.434686288743,0,85.9256250560599,1,0,0
2.643,48.4273921693004,397.325887889745,0,85.9256250560599,86.5,4.10835123300156e-13,259,0,259,172.42562505606,177.869368370456,0,85.9256250560599,1,0,0
2.644,48.4251126230765,397.325887896326,0,85.9256250560599,86.5,3.90293367135148e-13,259,0,259,172.42562505606,177.303229551405,0,85.9256250560599,1,0,0
2.645,48.4228338102974,397.325887902746,0,85.9256250560599,86.5,3.7077869877839e-13,259,0,259,172.42562505606,176.736270095712,0,85.9256250560599,1,0,0
2.646,48.4205557307271,397.325887909006,0,85.9256250560599,86.5,3.52239763839471e-13,259,0,259,172.42562505606,176.168490267419,0,85.9256250560599,1,0,0
2.647,48.4182783841295,397.325887915105,0,85.9256250560599,86.5,3.34627775647497e-13,259,0,259,172.42562505606,175.599890330481,0,85.9256250560599,1,0,0
2.648,48.416001770269,397.325887921044,0,85.9256250560599,86.5,3.17896386865122e-13,259,0,259,172.42562505606,175.030470548768,0,85.9256250560599,1,0,0
2.649,48.4137258889097,397.325887926823,0,85.9256250560599,86.5,3.02001567521866e-13,259,0,259,172.42562505606,174.460231186065,0,85.9256250560599,1,0,0
2.65,48.411450739816,397.325887932442,0,85.9256250560599,86.5,2.86901489145773e-13,259,0,259,172.42562505606,173.889172506072,0,85.9256250560599,1,0,0
2.651,48.4091763227522,397.325887937902,0,85.9256250560599,86.5,2.72556414688484e-13,259,0,259,172.42562505606,173.317294772406,0,85.9256250560599,1,0,0
2.652,48.4069026374829,397.325887943205,0,85.9256250560599,86.5,2.5892859395406e-13,259,0,259,172.42562505606,172.744598248597,0,85.9256250560599,1,0,0
2.653,48.4046296837725,397.325887948351,0,85.9256250560599,86.5,2.45982164256357e-13,259,0,259,172.42562505606,172.17108319809,0,85.9256250560599,1,0,0
2.654,48.4023574613857,397.325887953342,0,85.9256250560599,86.5,2.33683056043539e-13,259,0,259,172.42562505606,171.596749884248,0,85.9256250560599,1,0,0
2.655,48.4000859700872,397.32588795818,0,85.9256250560599,86.5,2.21998903241362e-13,259,0,259,172.42562505606,171.021598570347,0,85.9256250560599,1,0,0
2.656,48.3978152096417,397.325887962865,0,85.9256250560599,86.5,2.10898958079294e-13,259,0,259,172.42562505606,170.445629519579,0,85.9256250560599,1,0,0
2.657,48.3955451798141,397.325887967399,0,85.9256250560599,86.5,2.00354010175329e-13,259,0,259,172.42562505606,169.86884299505,0,85.9256250560599,1,0,0
2.658,48.3932758803694,397.325887971785,0,85.9256250560599,86.5,1.90336309666563e-13,259,0,259,172.42562505606,169.291239259783,0,85.9256250560599,1,0,0
2.659,48.3910073110725,397.325887976023,0,85.9256250560599,86.5,1.80819494183235e-13,259,0,259,172.42562505606,168.712818576716,0,85.9256250560599,1,0,0
2.66,48.3887394716885,397.325887980117,0,85.9256250560599,86.5,1.71778519474073e-13,259,0,259,172.42562505606,168.133581208702,0,85.9256250560599,1,0,0
2.661,48.3864723619826,397.325887984068,0,85.9256250560599,86.5,1.63189593500369e-13,259,0,259,172.42562505606,167.55352741851,0,85.9256250560599,1,0,0
2.662,48.3842059817199,397.325887987878,0,85.9256250560599,86.5,1.55030113825351e-13,259,0,259,172.42562505606,166.972657468823,0,85.9256250560599,1,0,0
2.663,48.3819403306658,397.325887991549,0,85.9256250560599,86.5,1.47278608134083e-13,259,0,259,172.42562505606,166.390971622243,0,85.9256250560599,1,0,0
2.664,48.3796754085857,397.325887995085,0,85.9256250560599,86.5,1.39914677727379e-13,259,0,259,172.42562505606,165.808470141282,0,85.9256250560599,1,0,0
2.665,48.377411215245,397.325887998486,0,85.9256250560599,86.5,1.3291894384101e-13,259,0,259,172.42562505606,165.225153288373,0,85.9256250560599,1,0,0
2.666,48.3751477504092,397.325888001757,0,85.9256250560599,86.5,1.2627299664896e-13,259,0,259,172.42562505606,164.641021325861,0,85.9256250560599,1,0,0
2.667,48.3728850138439,397.325888004898,0,85.9256250560599,86.5,1.19959346816512e-13,259,0,259,172.42562505606,164.056074516009,0,85.9256250560599,1,0,0
2.668,48.3706230053149,397.325888007913,0,85.9256250560599,86.5,1.13961379475686e-13,259,0,259,172.42562505606,163.470313120992,0,85.9256250560599,1,0,0
2.669,48.3683617245878,397.325888010804,0,85.9256250560599,86.5,1.08263310501902e-13,259,0,259,172.42562505606,162.883737402906,0,85.9256250560599,1,0,0
2.67,48.3661011714286,397.325888013574,0,85.9256250560599,86.5,1.02850144976807e-13,259,0,259,172.42562505606,162.296347623757,0,85.9256250560599,1,0,0
2.671,48.363841345603,397.325888016225,0,85.9256250560599,86.5,9.77076377279665e-14,259,0,259,172.42562505606,161.708144045472,0,85.9256250560599,1,0,0
2.672,48.3615822468771,397.325888018761,0,85.9256250560599,86.5,9.28222558415681e-14,259,0,259,172.42562505606,161.119126929889,0,85.9256250560599,1,0,0
2.673,48.359323875017,397.325888021182,0,85.9256250560599,86.5,8.81811430494897e-14,259,0,259,172.42562505606,160.529296538765,0,85.9256250560599,1,0,0
2.674,48.3570662297888,397.325888023494,0,85.9256250560599,86.5,8.37720858970153e-14,259,0,259,172.42562505606,159.938653133771,0,85.9256250560599,1,0,0
2.675,48.3548093109586,397.325888025697,0,85.9256250560599,86.5,7.95834816021645e-14,259,0,259,172.42562505606,159.347196976495,0,85.9256250560599,1,0,0
2.676,48.3525531182928,397.325888027795,0,85.9256250560599,86.5,7.56043075220563e-14,259,0,259,172.42562505606,158.75492832844,0,85.9256250560599,1,0,0
2.677,48.3502976515577,397.32588802979,0,85.9256250560599,86.5,7.18240921459534e-14,259,0,259,172.42562505606,158.161847451025,0,85.9256250560599,1,0,0
2.678,48.3480429105197,397.325888031685,0,85.9256250560599,86.5,6.82328875386558e-14,259,0,259,172.42562505606,157.567954605586,0,85.9256250560599,1,0,0
2.679,48.3457888949454,397.325888033483,0,85.9256250560599,86.5,6.4821243161723e-14,259,0,259,172.42562505606,156.973250053373,0,85.9256250560599,1,0,0
2.68,48.3435356046014,397.325888035186,0,85.9256250560599,86.5,6.15801810036368e-14,259,0,259,172.42562505606,156.377734055553,0,85.9256250560599,1,0,0
2.681,48.3412830392542,397.325888036798,0,85.9256250560599,86.5,5.8501171953455e-14,259,0,259,172.42562505606,155.78140687321,0,85.9256250560599,1,0,0
2.682,48.3390311986707,397.32588803832,0,85.9256250560599,86.5,5.55761133557822e-14,259,0,259,172.42562505606,155.184268767341,0,85.9256250560599,1,0,0
2.683,48.3367800826175,397.325888039755,0,85.9256250560599,86.5,5.27973076879931e-14,259,0,259,172.42562505606,154.586319998863,0,85.9256250560599,1,0,0
2.684,48.3345296908617,397.325888041106,0,85.9256250560599,86.5,5.01574423035935e-14,259,0,259,172.42562505606,153.987560828605,0,85.9256250560599,1,0,0
2.685,48.3322800231702,397.325888042375,0,85.9256250560599,86.5,4.76495701884138e-14,259,0,259,172.42562505606,153.387991517315,0,85.9256250560599,1,0,0
2.686,48.33003107931,397.325888043566,0,85.9256250560599,86.5,4.52670916789931e-14,259,0,259,172.42562505606,152.787612325657,0,85.9256250560599,1,0,0
2.687,48.3277828590482,397.32588804468,0,85.9256250560599,86.5,4.30037370950434e-14,259,0,259,172.42562505606,152.186423514208,0,85.9256250560599,1,0,0
2.688,48.325535362152,397.32588804572,0,85.9256250560599,86.5,4.08535502402913e-14,259,0,259,172.42562505606,151.584425343466,0,85.9256250560599,1,0,0
2.689,48.3232885883886,397.325888046688,0,85.9256250560599,86.5,3.88108727282767e-14,259,0,259,172.42562505606,150.98161807384,0,85.9256250560599,1,0,0
2.69,48.3210425375254,397.325888047587,0,85.9256250560599,86.5,3.68703290918629e-14,259,0,259,172.42562505606,150.37800196566,0,85.9256250560599,1,0,0
2.691,48.3187972093298,397.32588804842,0,85.9256250560599,86.5,3.50268126372697e-14,259,0,259,172.42562505606,149.773577279169,0,85.9256250560599,1,0,0
2.692,48.3165526035693,397.325888049188,0,85.9256250560599,86.5,3.32754720054062e-14,259,0,259,172.42562505606,149.168344274528,0,85.9256250560599,1,0,0
2.693,48.3143087200114,397.325888049894,0,85.9256250560599,86.5,3.16116984051359e-14,259,0,259,172.42562505606,148.562303211813,0,85.9256250560599,1,0,0
2.694,48.3120655584237,397.325888050541,0,85.9256250560599,86.5,3.00311134848791e-14,259,0,259,172.42562505606,147.955454351017,0,85.9256250560599,1,0,0
2.695,48.3098231185741,397.32588805113,0,85.9256250560599,86.5,2.85295578106352e-14,259,0,259,172.42562505606,147.34779795205,0,85.9256250560599,1,0,0
2.696,48.3075814002301,397.325888051663,0,85.9256250560599,86.5,2.71030799201034e-14,259,0,259,172.42562505606,146.739334274736,0,85.9256250560599,1,0,0
2.697,48.3053404031598,397.325888052144,0,85.9256250560599,86.5,2.57479259240982e-14,259,0,259,172.42562505606,146.130063578819,0,85.9256250560599,1,0,0
2.698,48.303100127131,397.325888052573,0,85.9256250560599,86.5,2.44605296278933e-14,259,0,259,172.42562505606,145.519986123957,0,85.9256250560599,1,0,0
2.699,48.3008605719117,397.325888052954,0,85.9256250560599,86.5,2.32375031464987e-14,259,0,259,172.42562505606,144.909102169724,0,85.9256250560599,1,0,0
2.7,48.29862173727,397.325888053287,0,85.9256250560599,86.5,2.20756279891737e-14,259,0,259,172.42562505606,144.297411975612,0,85.9256250560599,1,0,0
2.701,48.2963836229741,397.325888053576,0,85.9256250560599,86.5,2.0971846589715e-14,259,0,259,172.42562505606,143.684915801029,0,85.9256250560599,1,0,0
2.702,48.2941462287922,397.325888053822,0,85.9256250560599,86.5,1.99232542602293e-14,259,0,259,172.42562505606,143.0716139053,0,85.9256250560599,1,0,0
2.703,48.2919095544926,397.325888054026,0,85.9256250560599,86.5,1.89270915472178e-14,259,0,259,172.42562505606,142.457506547665,0,85.9256250560599,1,0,0
2.704,48.2896735998437,397.325888054192,0,85.9256250560599,86.5,1.79807369698569e-14,259,0,259,172.42562505606,141.842593987282,0,85.9256250560599,1,0,0
2.705,48.2874383646139,397.32588805432,0,85.9256250560599,86.5,1.70817001213641e-14,259,0,259,172.42562505606,141.226876483226,0,85.9256250560599,1,0,0
2.706,48.2852038485717,397.325888054413,0,85.9256250560599,86.5,1.62276151152959e-14,259,0,259,172.42562505606,140.610354294487,0,85.9256250560599,1,0,0
2.707,48.2829700514858,397.325888054471,0,85.9256250560599,86.5,1.54162343595311e-14,259,0,259,172.42562505606,139.993027679973,0,85.9256250560599,1,0,0
2.708,48.2807369731249,397.325888054498,0,85.9256250560599,86.5,1.46454226415545e-14,259,0,259,172.42562505606,139.374896898508,0,85.9256250560599,1,0,0
2.709,48.2785046132576,397.325888054494,0,85.9256250560599,86.5,1.39131515094768e-14,259,0,259,172.42562505606,138.755962208833,0,85.9256250560599,1,0,0
2.71,48.2762729716528,397.325888054461,0,85.9256250560599,86.5,1.3217493934003e-14,259,0,259,172.42562505606,138.136223869606,0,85.9256250560599,1,0,0
2.711,48.2740420480794,397.3258880544,0,85.9256250560599,86.5,1.25566192373028e-14,259,0,259,172.42562505606,137.515682139401,0,85.9256250560599,1,0,0
2.712,48.2718118423064,397.325888054314,0,85.9256250560599,86.5,1.19287882754377e-14,259,0,259,172.42562505606,136.894337276709,0,85.9256250560599,1,0,0
2.713,48.2695823541029,397.325888054203,0,85.9256250560599,86.5,1.13323488616658e-14,259,0,259,172.42562505606,136.272189539939,0,85.9256250560599,1,0,0
2.714,48.2673535832378,397.32588805407,0,85.9256250560599,86.5,1.07657314185825e-14,259,0,259,172.42562505606,135.649239187416,0,85.9256250560599,1,0,0
2.715,48.2651255294805,397.325888053914,0,85.9256250560599,86.5,1.02274448476534e-14,259,0,259,172.42562505606,135.025486477382,0,85.9256250560599,1,0,0
2.716,48.2628981926003,397.325888053738,0,85.9256250560599,86.5,9.71607260527071e-15,259,0,259,172.42562505606,134.400931667995,0,85.9256250560599,1,0,0
2.717,48.2606715723664,397.325888053544,0,85.9256250560599,86.5,9.23026897500718e-15,259,0,259,172.42562505606,133.775575017331,0,85.9256250560599,1,0,0
2.718,48.2584456685482,397.325888053331,0,85.9256250560599,86.5,8.76875552625682e-15,259,0,259,172.42562505606,133.149416783383,0,85.9256250560599,1,0,0
2.719,48.2562204809154,397.325888053102,0,85.9256250560599,86.5,8.33031774994398e-15,259,0,259,172.42562505606,132.52245722406,0,85.9256250560599,1,0,0
2.72,48.2539960092373,397.325888052858,0,85.9256250560599,86.5,7.91380186244678e-15,259,0,259,172.42562505606,131.89469659719,0,85.9256250560599,1,0,0
2.721,48.2517722532838,397.325888052599,0,85.9256250560599,86.5,7.51811176932444e-15,259,0,259,172.42562505606,131.266135160515,0,85.9256250560599,1,0,0
2.722,48.2495492128244,397.325888052327,0,85.9256250560599,86.5,7.14220618085822e-15,259,0,259,172.42562505606,130.636773171698,0,85.9256250560599,1,0,0
2.723,48.2473268876291,397.325888052043,0,85.9256250560599,86.5,6.78509587181531e-15,259,0,259,172.42562505606,130.006610888314,0,85.9256250560599,1,0,0
2.724,48.2451052774675,397.325888051748,0,85.9256250560599,86.5,6.44584107822454e-15,259,0,259,172.42562505606,129.375648567861,0,85.9256250560599,1,0,0
2.725,48.2428843821098,397.325888051442,0,85.9256250560599,86.5,6.12354902431331e-15,259,0,259,172.42562505606,128.743886467749,0,85.9256250560599,1,0,0
2.726,48.2406642013258,397.325888051128,0,85.9256250560599,86.5,5.81737157309765e-15,259,0,259,172.42562505606,128.111324845309,0,85.9256250560599,1,0,0
2.727,48.2384447348858,397.325888050805,0,85.9256250560599,86.5,5.52650299444277e-15,259,0,259,172.42562505606,127.477963957786,0,85.9256250560599,1,0,0
2.728,48.2362259825598,397.325888050475,0,85.9256250560599,86.5,5.25017784472063e-15,259,0,259,172.42562505606,126.843804062345,0,85.9256250560599,1,0,0
2.729,48.234007944118,397.325888050138,0,85.9256250560599,86.5,4.9876689524846e-15,259,0,259,172.42562505606,126.208845416066,0,85.9256250560599,1,0,0
2.73,48.2317906193308,397.325888049795,0,85.9256250560599,86.5,4.73828550486037e-15,259,0,259,172.42562505606,125.573088275949,0,85.9256250560599,1,0,0
2.731,48.2295740079686,397.325888049447,0,85.9256250560599,86.5,4.50137122961735e-15,259,0,259,172.42562505606,124.936532898908,0,85.9256250560599,1,0,0
2.732,48.2273581098019,397.325888049095,0,85.9256250560599,86.5,4.27630266813648e-15,259,0,259,172.42562505606,124.299179541776,0,85.9256250560599,1,0,0
2.733,48.225142924601,397.325888048739,0,85.9256250560599,86.5,4.06248753472966e-15,259,0,259,172.42562505606,123.661028461305,0,85.9256250560599,1,0,0
2.734,48.2229284521367,397.32588804838,0,85.9256250560599,86.5,3.85936315799317e-15,259,0,259,172.42562505606,123.022079914162,0,85.9256250560599,1,0,0
2.735,48.2207146921797,397.325888048019,0,85.9256250560599,86.5,3.66639500009352e-15,259,0,259,172.42562505606,122.382334156931,0,85.9256250560599,1,0,0
2.736,48.2185016445006,397.325888047656,0,85.9256250560599,86.5,3.48307525008884e-15,259,0,259,172.42562505606,121.741791446115,0,85.9256250560599,1,0,0
2.737,48.2162893088703,397.325888047291,0,85.9256250560599,86.5,3.3089214875844e-15,259,0,259,172.42562505606,121.100452038136,0,85.9256250560599,1,0,0
2.738,48.2140776850598,397.325888046927,0,85.9256250560599,86.5,3.14347541320518e-15,259,0,259,172.42562505606,120.458316189329,0,85.9256250560599,1,0,0
2.739,48.2118667728399,397.325888046562,0,85.9256250560599,86.5,2.98630164254492e-15,259,0,259,172.42562505606,119.815384155951,0,85.9256250560599,1,0,0
2.74,48.2096565719817,397.325888046197,0,85.9256250560599,86.5,2.83698656041767e-15,259,0,259,172.42562505606,119.171656194173,0,85.9256250560599,1,0,0
2.741,48.2074470822563,397.325888045834,0,85.9256250560599,86.5,2.69513723239679e-15,259,0,259,172.42562505606,118.527132560086,0,85.9256250560599,1,0,0
2.742,48.205238303435,397.325888045471,0,85.9256250560599,86.5,2.56038037077695e-15,259,0,259,172.42562505606,117.881813509699,0,85.9256250560599,1,0,0
2.743,48.203030235289,397.325888045111,0,85.9256250560599,86.5,2.4323613522381e-15,259,0,259,172.42562505606,117.235699298935,0,85.9256250560599,1,0,0
2.744,48.2008228775896,397.325888044752,0,85.9256250560599,86.5,2.3107432846262e-15,259,0,259,172.42562505606,116.588790183639,0,85.9256250560599,1,0,0
2.745,48.1986162301083,397.325888044396,0,85.9256250560599,86.5,2.19520612039489e-15,259,0,259,172.42562505606,115.941086419571,0,85.9256250560599,1,0,0
2.746,48.1964102926165,397.325888044043,0,85.9256250560599,86.5,2.08544581437514e-15,259,0,259,172.42562505606,115.292588262411,0,85.9256250560599,1,0,0
2.747,48.1942050648858,397.325888043693,0,85.9256250560599,86.5,1.98117352365639e-15,259,0,259,172.42562505606,114.643295967752,0,85.9256250560599,1,0,0
2.748,48.1920005466878,397.325888043346,0,85.9256250560599,86.5,1.88211484747357e-15,259,0,259,172.42562505606,113.993209791111,0,85.9256250560599,1,0,0
2.749,48.1897967377943,397.325888043003,0,85.9256250560599,86.5,1.78800910509989e-15,259,0,259,172.42562505606,113.342329987919,0,85.9256250560599,1,0,0
2.75,48.187593637977,397.325888042664,0,85.9256250560599,86.5,1.69860864984489e-15,259,0,259,172.42562505606,112.690656813525,0,85.9256250560599,1,0,0
2.751,48.1853912470078,397.325888042329,0,85.9256250560599,86.5,1.61367821735265e-15,259,0,259,172.42562505606,112.038190523197,0,85.9256250560599,1,0,0
2.752,48.1831895646585,397.325888041999,0,85.9256250560599,86.5,1.53299430648502e-15,259,0,259,172.42562505606,111.384931372119,0,85.9256250560599,1,0,0
2.753,48.1809885907013,397.325888041673,0,85.9256250560599,86.5,1.45634459116077e-15,259,0,259,172.42562505606,110.730879615396,0,85.9256250560599,1,0,0
2.754,48.1787883249082,397.325888041353,0,85.9256250560599,86.5,1.38352736160273e-15,259,0,259,172.42562505606,110.076035508049,0,85.9256250560599,1,0,0
2.755,48.1765887670512,397.325888041037,0,85.9256250560599,86.5,1.31435099352259e-15,259,0,259,172.42562505606,109.420399305016,0,85.9256250560599,1,0,0
2.756,48.1743899169028,397.325888040726,0,85.9256250560599,86.5,1.24863344384646e-15,259,0,259,172.42562505606,108.763971261154,0,85.9256250560599,1,0,0
2.757,48.172191774235,397.325888040421,0,85.9256250560599,86.5,1.18620177165414e-15,259,0,259,172.42562505606,108.106751631239,0,85.9256250560599,1,0,0
2.758,48.1699943388204,397.325888040122,0,85.9256250560599,86.5,1.12689168307143e-15,259,0,259,172.42562505606,107.448740669964,0,85.9256250560599,1,0,0
2.759,48.1677976104314,397.325888039827,0,85.9256250560599,86.5,1.07054709891786e-15,259,0,259,172.42562505606,106.789938631939,0,85.9256250560599,1,0,0
2.76,48.1656015888404,397.325888039539,0,85.9256250560599,86.5,1.01701974397197e-15,259,0,259,172.42562505606,106.130345771695,0,85.9256250560599,1,0,0
2.761,48.16340627382,397.325888039256,0,85.9256250560599,86.5,9.66168756773369e-16,259,0,259,172.42562505606,105.469962343677,0,85.9256250560599,1,0,0
2.762,48.161211665143,397.32588803898,0,85.9256250560599,86.5,9.178603189347e-16,259,0,259,172.42562505606,104.808788602252,0,85.9256250560599,1,0,0
2.763,48.159017762582,397.325888038709,0,85.9256250560599,86.5,8.71967302987965e-16,259,0,259,172.42562505606,104.146824801704,0,85.9256250560599,1,0,0
2.764,48.1568245659099,397.325888038444,0,85.9256250560599,86.5,8.28368937838567e-16,259,0,259,172.42562505606,103.484071196233,0,85.9256250560599,1,0,0
2.765,48.1546320748995,397.325888038185,0,85.9256250560599,86.5,7.86950490946639e-16,259,0,259,172.42562505606,102.820528039961,0,85.9256250560599,1,0,0
2.766,48.1524402893238,397.325888037932,0,85.9256250560599,86.5,7.47602966399307e-16,259,0,259,172.42562505606,102.156195586925,0,85.9256250560599,1,0,0
2.767,48.1502492089558,397.325888037685,0,85.9256250560599,86.5,7.10222818079341e-16,259,0,259,172.42562505606,101.491074091081,0,85.9256250560599,1,0,0
2.768,48.1480588335686,397.325888037444,0,85.9256250560599,86.5,6.74711677175374e-16,259,0,259,172.42562505606,100.825163806305,0,85.9256250560599,1,0,0
2.769,48.1458691629354,397.32588803721,0,85.9256250560599,86.5,6.40976093316606e-16,259,0,259,172.42562505606,100.15846498639,0,85.9256250560599,1,0,0
2.77,48.1436801968295,397.325888036981,0,85.9256250560599,86.5,6.08927288650775e-16,259,0,259,172.42562505606,99.4909778850468,0,85.9256250560599,1,0,0
2.771,48.141491935024,397.325888036759,0,85.9256250560599,86.5,5.78480924218237e-16,259,0,259,172.42562505606,98.8227027559054,0,85.9256250560599,1,0,0
2.772,48.1393043772926,397.325888036542,0,85.9256250560599,86.5,5.49556878007325e-16,259,0,259,172.42562505606,98.1536398525141,0,85.9256250560599,1,0,0
2.773,48.1371175234085,397.325888036332,0,85.9256250560599,86.5,5.22079034106959e-16,259,0,259,172.42562505606,97.4837894283394,0,85.9256250560599,1,0,0
2.774,48.1349313731454,397.325888036127,0,85.9256250560599,86.5,4.95975082401611e-16,259,0,259,172.42562505606,96.8131517367664,0,85.9256250560599,1,0,0
2.775,48.1327459262768,397.325888035929,0,85.9256250560599,86.5,4.7117632828153e-16,259,0,259,172.42562505606,96.1417270310988,0,85.9256250560599,1,0,0
2.776,48.1305611825764,397.325888035736,0,85.9256250560599,86.5,4.47617511867454e-16,259,0,259,172.42562505606,95.4695155645584,0,85.9256250560599,1,0,0
2.777,48.1283771418181,397.32588803555,0,85.9256250560599,86.5,4.25236636274081e-16,259,0,259,172.42562505606,94.7965175902859,0,85.9256250560599,1,0,0
2.778,48.1261938037755,397.325888035369,0,85.9256250560599,86.5,4.03974804460377e-16,259,0,259,172.42562505606,94.1227333613404,0,85.9256250560599,1,0,0
2.779,48.1240111682227,397.325888035194,0,85.9256250560599,86.5,3.83776064237358e-16,259,0,259,172.42562505606,93.4481631306996,0,85.9256250560599,1,0,0
2.78,48.1218292349336,397.325888035024,0,85.9256250560599,86.5,3.6458726102549e-16,259,0,259,172.42562505606,92.7728071512598,0,85.9256250560599,1,0,0
2.781,48.1196480036822,397.32588803486,0,85.9256250560599,86.5,3.46357897974216e-16,259,0,259,172.42562505606,92.0966656758359,0,85.9256250560599,1,0,0
2.782,48.1174674742427,397.325888034702,0,85.9256250560599,86.5,3.29040003075505e-16,259,0,259,172.42562505606,91.4197389571615,0,85.9256250560599,1,0,0
2.783,48.1152876463892,397.325888034549,0,85.9256250560599,86.5,3.1258800292173e-16,259,0,259,172.42562505606,90.7420272478888,0,85.9256250560599,1,0,0
2.784,48.113108519896,397.325888034401,0,85.9256250560599,86.5,2.96958602775643e-16,259,0,259,172.42562505606,90.0635308005889,0,85.9256250560599,1,0,0
2.785,48.1109300945375,397.325888034259,0,85.9256250560599,86.5,2.82110672636861e-16,259,0,259,172.42562505606,89.3842498677515,0,85.9256250560599,1,0,0
2.786,48.108752370088,397.325888034122,0,85.9256250560599,86.5,2.68005139005018e-16,259,0,259,172.42562505606,88.704184701785,0,85.9256250560599,1,0,0
2.787,48.1065753463221,397.32588803399,0,85.9256250560599,86.5,2.54604882054767e-16,259,0,259,172.42562505606,88.0233355550166,0,85.9256250560599,1,0,0
2.788,48.1043990230143,397.325888033863,0,85.9256250560599,86.5,2.41874637952029e-16,259,0,259,172.42562505606,87.3417026796926,0,85.9256250560599,1,0,0
2.789,48.1022233999392,397.325888033741,0,85.9256250560599,86.5,2.29780906054427e-16,259,0,259,172.42562505606,86.6592863279777,0,85.9256250560599,1,0,0
2.79,48.1000484768715,397.325888033624,0,85.9256250560599,86.5,2.18291860751706e-16,259,0,259,172.42562505606,85.9760867519558,0,85.9256250560599,1,0,0
2.791,48.097874253586,397.325888033512,0,85.9256250560599,86.5,2.07377267714121e-16,259,0,259,172.42562505606,85.2921042036296,0,85.9256250560599,1,0,0
2.792,48.0957007298576,397.325888033404,0,85.9256250560599,86.5,1.97008404328414e-16,259,0,259,172.42562505606,84.6073389349205,0,85.9256250560599,1,0,0
2.793,48.0935279054611,397.325888033301,0,85.9256250560599,86.5,1.87157984111994e-16,259,0,259,172.42562505606,83.9217911976693,0,85.9256250560599,1,0,0
2.794,48.0913557801716,397.325888033203,0,85.9256250560599,86.5,1.77800084906394e-16,259,0,259,172.42562505606,83.2354612436352,0,85.9256250560599,1,0,0
2.795,48.0891843537641,397.325888033108,0,85.9256250560599,86.5,1.68910080661074e-16,259,0,259,172.42562505606,82.548349324497,0,85.9256250560599,1,0,0
2.796,48.0870136260137,397.325888033018,0,85.9256250560599,86.5,1.60464576628021e-16,259,0,259,172.42562505606,81.8604556918521,0,85.9256250560599,1,0,0
2.797,48.0848435966957,397.325888032932,0,85.9256250560599,86.5,1.5244134779662e-16,259,0,259,172.42562505606,81.171780597217,0,85.9256250560599,1,0,0
2.798,48.0826742655853,397.32588803285,0,85.9256250560599,86.5,1.44819280406789e-16,259,0,259,172.42562505606,80.4823242920274,0,85.9256250560599,1,0,0
2.799,48.0805056324579,397.325888032773,0,85.9256250560599,86.5,1.37578316386449e-16,259,0,259,172.42562505606,79.7920870276381,0,85.9256250560599,1,0,0
2.8,48.0783376970889,397.325888032699,0,85.9256250560599,86.5,1.30699400567127e-16,259,0,259,172.42562505606,79.101069055323,0,85.9256250560599,1,0,0
2.801,48.0761704592538,397.325888032628,0,85.9256250560599,86.5,1.2416443053877e-16,259,0,259,172.42562505606,78.409270626275,0,85.9256250560599,1,0,0
2.802,48.0740039187281,397.325888032562,0,85.9256250560599,86.5,1.17956209011832e-16,259,0,259,172.42562505606,77.7166919916064,0,85.9256250560599,1,0,0
2.803,48.0718380752876,397.325888032498,0,85.9256250560599,86.5,1.1205839856124e-16,259,0,259,172.42562505606,77.0233334023485,0,85.9256250560599,1,0,0
2.804,48.0696729287079,397.325888032439,0,85.9256250560599,86.5,1.06455478633178e-16,259,0,259,172.42562505606,76.329195109452,0,85.9256250560599,1,0,0
2.805,48.0675084787649,397.325888032382,0,85.9256250560599,86.5,1.01132704701519e-16,259,0,259,172.42562505606,75.6342773637869,0,85.9256250560599,1,0,0
2.806,48.0653447252342,397.325888032329,0,85.9256250560599,86.5,9.60760694664434e-17,259,0,259,172.42562505606,74.9385804161422,0,85.9256250560599,1,0,0
2.807,48.063181667892,397.325888032279,0,85.9256250560599,86.5,9.12722659931212e-17,259,0,259,172.42562505606,74.2421045172265,0,85.9256250560599,1,0,0
2.808,48.0610193065142,397.325888032232,0,85.9256250560599,86.5,8.67086526934652e-17,259,0,259,172.42562505606,73.5448499176677,0,85.9256250560599,1,0,0
2.809,48.0588576408768,397.325888032188,0,85.9256250560599,86.5,8.23732200587919e-17,259,0,259,172.42562505606,72.8468168680128,0,85.9256250560599,1,0,0
2.81,48.0566966707561,397.325888032147,0,85.9256250560599,86.5,7.82545590558523e-17,259,0,259,172.42562505606,72.1480056187284,0,85.9256250560599,1,0,0
2.811,48.0545363959282,397.325888032109,0,85.9256250560599,86.5,7.43418311030597e-17,259,0,259,172.42562505606,71.4484164202006,0,85.9256250560599,1,0,0
2.812,48.0523768161694,397.325888032073,0,85.9256250560599,86.5,7.06247395479067e-17,259,0,259,172.42562505606,70.7480495227347,0,85.9256250560599,1,0,0
2.813,48.0502179312561,397.32588803204,0,85.9256250560599,86.5,6.70935025705114e-17,259,0,259,172.42562505606,70.0469051765557,0,85.9256250560599,1,0,0
2.814,48.0480597409647,397.32588803201,0,85.9256250560599,86.5,6.37388274419858e-17,259,0,259,172.42562505606,69.3449836318079,0,85.9256250560599,1,0,0
2.815,48.0459022450717,397.325888031982,0,85.9256250560599,86.5,6.05518860698865e-17,259,0,259,172.42562505606,68.6422851385552,0,85.9256250560599,1,0,0
2.816,48.0437454433537,397.325888031956,0,85.9256250560599,86.5,5.75242917663922e-17,259,0,259,172.42562505606,67.938809946781,0,85.9256250560599,1,0,0
2.817,48.0415893355874,397.325888031932,0,85.9256250560599,86.5,5.46480771780726e-17,259,0,259,172.42562505606,67.2345583063883,0,85.9256250560599,1,0,0
2.818,48.0394339215495,397.325888031911,0,85.9256250560599,86.5,5.19156733191689e-17,259,0,259,172.42562505606,66.5295304671998,0,85.9256250560599,1,0,0
2.819,48.0372792010167,397.325888031891,0,85.9256250560599,86.5,4.93198896532105e-17,259,0,259,172.42562505606,65.8237266789576,0,85.9256250560599,1,0,0
2.82,48.0351251737659,397.325888031874,0,85.9256250560599,86.5,4.685389517055e-17,259,0,259,172.42562505606,65.1171471913236,0,85.9256250560599,1,0,0
2.821,48.0329718395741,397.325888031858,0,85.9256250560599,86.5,4.45112004120225e-17,259,0,259,172.42562505606,64.4097922538793,0,85.9256250560599,1,0,0
2.822,48.0308191982182,397.325888031845,0,85.9256250560599,86.5,4.22856403914213e-17,259,0,259,172.42562505606,63.701662116126,0,85.9256250560599,1,0,0
2.823,48.0286672494754,397.325888031833,0,85.9256250560599,86.5,4.01713583718503e-17,259,0,259,172.42562505606,62.9927570274846,0,85.9256250560599,1,0,0
2.824,48.0265159931228,397.325888031822,0,85.9256250560599,86.5,3.81627904532578e-17,259,0,259,172.42562505606,62.2830772372957,0,85.9256250560599,1,0,0
2.825,48.0243654289376,397.325888031814,0,85.9256250560599,86.5,3.62546509305949e-17,259,0,259,172.42562505606,61.5726229948199,0,85.9256250560599,1,0,0
2.826,48.0222155566972,397.325888031806,0,85.9256250560599,86.5,3.44419183840651e-17,259,0,259,172.42562505606,60.8613945492375,0,85.9256250560599,1,0,0
2.827,48.0200663761788,397.325888031801,0,85.9256250560599,86.5,3.27198224648619e-17,259,0,259,172.42562505606,60.1493921496485,0,85.9256250560599,1,0,0
2.828,48.01791788716,397.325888031796,0,85.9256250560599,86.5,3.10838313416188e-17,259,0,259,172.42562505606,59.4366160450729,0,85.9256250560599,1,0,0
2.829,48.0157700894182,397.325888031793,0,85.9256250560599,86.5,2.95296397745378e-17,259,0,259,172.42562505606,58.7230664844505,0,85.9256250560599,1,0,0
2.83,48.013622982731,397.325888031792,0,85.9256250560599,86.5,2.80531577858109e-17,259,0,259,172.42562505606,58.008743716641,0,85.9256250560599,1,0,0
2.831,48.011476566876,397.325888031791,0,85.9256250560599,86.5,2.66504998965204e-17,259,0,259,172.42562505606,57.2936479904242,0,85.9256250560599,1,0,0
2.832,48.0093308416311,397.325888031792,0,85.9256250560599,86.5,2.53179749016944e-17,259,0,259,172.42562505606,56.5777795544995,0,85.9256250560599,1,0,0
2.833,48.007185806774,397.325888031793,0,85.9256250560599,86.5,2.40520761566097e-17,259,0,259,172.42562505606,55.8611386574867,0,85.9256250560599,1,0,0
2.834,48.0050414620825,397.325888031796,0,85.9256250560599,86.5,2.28494723487792e-17,259,0,259,172.42562505606,55.1437255479253,0,85.9256250560599,1,0,0
2.835,48.0028978073346,397.3258880318,0,85.9256250560599,86.5,2.17069987313402e-17,259,0,259,172.42562505606,54.425540474275,0,85.9256250560599,1,0,0
2.836,48.0007548423083,397.325888031804,0,85.9256250560599,86.5,2.06216487947732e-17,259,0,259,172.42562505606,53.7065836849154,0,85.9256250560599,1,0,0
2.837,47.9986125667817,397.32588803181,0,85.9256250560599,86.5,1.95905663550345e-17,259,0,259,172.42562505606,52.9868554281464,0,85.9256250560599,1,0,0
2.838,47.9964709805329,397.325888031816,0,85.9256250560599,86.5,1.86110380372828e-17,259,0,259,172.42562505606,52.2663559521878,0,85.9256250560599,1,0,0
2.839,47.9943300833402,397.325888031823,0,85.9256250560599,86.5,1.76804861354187e-17,259,0,259,172.42562505606,51.5450855051796,0,85.9256250560599,1,0,0
2.84,47.9921898749818,397.32588803183,0,85.9256250560599,86.5,1.67964618286477e-17,259,0,259,172.42562505606,50.823044335182,0,85.9256250560599,1,0,0
2.841,47.9900503552362,397.325888031839,0,85.9256250560599,86.5,1.59566387372154e-17,259,0,259,172.42562505606,50.1002326901755,0,85.9256250560599,1,0,0
2.842,47.9879115238818,397.325888031848,0,85.9256250560599,86.5,1.51588068003546e-17,259,0,259,172.42562505606,49.3766508180606,0,85.9256250560599,1,0,0
2.843,47.985773380697,397.325888031857,0,85.9256250560599,86.5,1.44008664603369e-17,259,0,259,172.42562505606,48.652298966658,0,85.9256250560599,1,0,0
2.844,47.9836359254605,397.325888031867,0,85.9256250560599,86.5,1.368082313732e-17,259,0,259,172.42562505606,47.9271773837089,0,85.9256250560599,1,0,0
2.845,47.9814991579509,397.325888031877,0,85.9256250560599,86.5,1.2996781980454e-17,259,0,259,172.42562505606,47.2012863168747,0,85.9256250560599,1,0,0
2.846,47.9793630779469,397.325888031888,0,85.9256250560599,86.5,1.23469428814313e-17,259,0,259,172.42562505606,46.474626013737,0,85.9256250560599,1,0,0
2.847,47.9772276852274,397.3258880319,0,85.9256250560599,86.5,1.17295957373597e-17,259,0,259,172.42562505606,45.7471967217979,0,85.9256250560599,1,0,0
2.848,47.9750929795711,397.325888031911,0,85.9256250560599,86.5,1.11431159504918e-17,259,0,259,172.42562505606,45.0189986884797,0,85.9256250560599,1,0,0
2.849,47.9729589607571,397.325888031923,0,85.9256250560599,86.5,1.05859601529672e-17,259,0,259,172.42562505606,44.2900321611254,0,85.9256250560599,1,0,0
2.85,47.9708256285643,397.325888031936,0,85.9256250560599,86.5,1.00566621453188e-17,259,0,259,172.42562505606,43.5602973869979,0,85.9256250560599,1,0,0
2.851,47.9686929827719,397.325888031948,0,85.9256250560599,86.5,9.55382903805287e-18,259,0,259,172.42562505606,42.8297946132811,0,85.9256250560599,1,0,0
2.852,47.9665610231589,397.325888031961,0,85.9256250560599,86.5,9.07613758615023e-18,259,0,259,172.42562505606,42.0985240870789,0,85.9256250560599,1,0,0
2.853,47.9644297495046,397.325888031974,0,85.9256250560599,86.5,8.62233070684272e-18,259,0,259,172.42562505606,41.3664860554161,0,85.9256250560599,1,0,0
2.854,47.9622991615883,397.325888031988,0,85.9256250560599,86.5,8.19121417150058e-18,259,0,259,172.42562505606,40.6336807652377,0,85.9256250560599,1,0,0
2.855,47.9601692591893,397.325888032001,0,85.9256250560599,86.5,7.78165346292555e-18,259,0,259,172.42562505606,39.9001084634095,0,85.9256250560599,1,0,0
2.856,47.9580400420871,397.325888032015,0,85.9256250560599,86.5,7.39257078977927e-18,259,0,259,172.42562505606,39.1657693967177,0,85.9256250560599,1,0,0
2.857,47.9559115100612,397.325888032028,0,85.9256250560599,86.5,7.02294225029031e-18,259,0,259,172.42562505606,38.430663811869,0,85.9256250560599,1,0,0
2.858,47.9537836628912,397.325888032042,0,85.9256250560599,86.5,6.6717951377758e-18,259,0,259,172.42562505606,37.694791955491,0,85.9256250560599,1,0,0
2.859,47.9516565003567,397.325888032056,0,85.9256250560599,86.5,6.33820538088701e-18,259,0,259,172.42562505606,36.9581540741319,0,85.9256250560599,1,0,0
2.86,47.9495300222374,397.325888032069,0,85.9256250560599,86.5,6.02129511184266e-18,259,0,259,172.42562505606,36.2207504142603,0,85.9256250560599,1,0,0
2.861,47.9474042283131,397.325888032083,0,85.9256250560599,86.5,5.72023035625052e-18,259,0,259,172.42562505606,35.4825812222658,0,85.9256250560599,1,0,0
2.862,47.9452791183637,397.325888032097,0,85.9256250560599,86.5,5.434218838438e-18,259,0,259,172.42562505606,34.7436467444585,0,85.9256250560599,1,0,0
2.863,47.9431546921691,397.325888032111,0,85.9256250560599,86.5,5.1625078965161e-18,259,0,259,172.42562505606,34.0039472270695,0,85.9256250560599,1,0,0
2.864,47.9410309495094,397.325888032125,0,85.9256250560599,86.5,4.90438250169029e-18,259,0,259,172.42562505606,33.2634829162503,0,85.9256250560599,1,0,0
2.865,47.9389078901645,397.325888032138,0,85.9256250560599,86.5,4.65916337660578e-18,259,0,259,172.42562505606,32.5222540580737,0,85.9256250560599,1,0,0
2.866,47.9367855139146,397.325888032152,0,85.9256250560599,86.5,4.42620520777549e-18,259,0,259,172.42562505606,31.7802608985329,0,85.9256250560599,1,0,0
2.867,47.93466382054,397.325888032165,0,85.9256250560599,86.5,4.20489494738671e-18,259,0,259,172.42562505606,31.0375036835422,0,85.9256250560599,1,0,0
2.868,47.9325428098209,397.325888032179,0,85.9256250560599,86.5,3.99465020001738e-18,259,0,259,172.42562505606,30.2939826589366,0,85.9256250560599,1,0,0
2.869,47.9304224815377,397.325888032192,0,85.9256250560599,86.5,3.79491769001651e-18,259,0,259,172.42562505606,29.5496980704722,0,85.9256250560599,1,0,0
2.87,47.9283028354708,397.325888032205,0,85.9256250560599,86.5,3.60517180551568e-18,259,0,259,172.42562505606,28.8046501638258,0,85.9256250560599,1,0,0
2.871,47.9261838714007,397.325888032219,0,85.9256250560599,86.5,3.4249132152399e-18,259,0,259,172.42562505606,28.0588391845952,0,85.9256250560599,1,0,0
2.872,47.924065589108,397.325888032231,0,85.9256250560599,86.5,3.2536675544779e-18,259,0,259,172.42562505606,27.3122653782995,0,85.9256250560599,1,0,0
2.873,47.9219479883733,397.325888032244,0,85.9256250560599,86.5,3.09098417675401e-18,259,0,259,172.42562505606,26.5649289903784,0,85.9256250560599,1,0,0
2.874,47.9198310689773,397.325888032257,0,85.9256250560599,86.5,2.93643496791631e-18,259,0,259,172.42562505606,25.8168302661927,0,85.9256250560599,1,0,0
2.875,47.9177148307008,397.325888032269,0,85.9256250560599,86.5,2.78961321952049e-18,259,0,259,172.42562505606,25.0679694510245,0,85.9256250560599,1,0,0
2.876,47.9155992733246,397.325888032282,0,85.9256250560599,86.5,2.65013255854447e-18,259,0,259,172.42562505606,24.3183467900768,0,85.9256250560599,1,0,0
2.877,47.9134843966297,397.325888032294,0,85.9256250560599,86.5,2.51762593061724e-18,259,0,259,172.42562505606,23.5679625284736,0,85.9256250560599,1,0,0
2.878,47.9113702003971,397.325888032305,0,85.9256250560599,86.5,2.39174463408638e-18,259,0,259,172.42562505606,22.8168169112603,0,85.9256250560599,1,0,0
2.879,47.9092566844078,397.325888032317,0,85.9256250560599,86.5,2.27215740238206e-18,259,0,259,172.42562505606,22.0649101834032,0,85.9256250560599,1,0,0
2.88,47.9071438484429,397.325888032329,0,85.9256250560599,86.5,2.15854953226296e-18,259,0,259,172.42562505606,21.31224258979,0,85.9256250560599,1,0,0
2.881,47.9050316922837,397.32588803234,0,85.9256250560599,86.5,2.05062205564981e-18,259,0,259,172.42562505606,20.5588143752295,0,85.9256250560599,1,0,0
2.882,47.9029202157114,397.325888032351,0,85.9256250560599,86.5,1.94809095286732e-18,259,0,259,172.42562505606,19.8046257844516,0,85.9256250560599,1,0,0
2.883,47.9008094185074,397.325888032362,0,85.9256250560599,86.5,1.85068640522396e-18,259,0,259,172.42562505606,19.0496770621077,0,85.9256250560599,1,0,0
2.884,47.898699300453,397.325888032372,0,85.9256250560599,86.5,1.75815208496276e-18,259,0,259,172.42562505606,18.2939684527703,0,85.9256250560599,1,0,0
2.885,47.8965898613298,397.325888032383,0,85.9256250560599,86.5,1.67024448071462e-18,259,0,259,172.42562505606,17.5375002009334,0,85.9256250560599,1,0,0
2.886,47.8944811009194,397.325888032393,0,85.9256250560599,86.5,1.58673225667889e-18,259,0,259,172.42562505606,16.7802725510122,0,85.9256250560599,1,0,0
2.887,47.8923730190033,397.325888032403,0,85.9256250560599,86.5,1.50739564384494e-18,259,0,259,172.42562505606,16.0222857473432,0,85.9256250560599,1,0,0
2.888,47.8902656153632,397.325888032413,0,85.9256250560599,86.5,1.4320258616527e-18,259,0,259,172.42562505606,15.2635400341843,0,85.9256250560599,1,0,0
2.889,47.8881588897809,397.325888032422,0,85.9256250560599,86.5,1.36042456857006e-18,259,0,259,172.42562505606,14.5040356557151,0,85.9256250560599,1,0,0
2.89,47.8860528420382,397.325888032431,0,85.9256250560599,86.5,1.29240334014156e-18,259,0,259,172.42562505606,13.7437728560362,0,85.9256250560599,1,0,0
2.891,47.8839474719171,397.32588803244,0,85.9256250560599,86.5,1.22778317313448e-18,259,0,259,172.42562505606,12.98275187917,0,85.9256250560599,1,0,0
2.892,47.8818427791995,397.325888032449,0,85.9256250560599,86.5,1.16639401447776e-18,259,0,259,172.42562505606,12.2209729690601,0,85.9256250560599,1,0,0
2.893,47.8797387636675,397.325888032458,0,85.9256250560599,86.5,1.10807431375387e-18,259,0,259,172.42562505606,11.4584363695719,0,85.9256250560599,1,0,0
2.894,47.8776354251031,397.325888032466,0,85.9256250560599,86.5,1.05267059806618e-18,259,0,259,172.42562505606,10.6951423244922,0,85.9256250560599,1,0,0
2.895,47.8755327632886,397.325888032474,0,85.9256250560599,86.5,1.00003706816287e-18,259,0,259,172.42562505606,9.93109107752933,0,85.9256250560599,1,0,0
2.896,47.8734307780062,397.325888032482,0,85.9256250560599,86.5,9.50035214754724e-19,259,0,259,172.42562505606,9.16628287231319,0,85.9256250560599,1,0,0
2.897,47.8713294690382,397.32588803249,0,85.9256250560599,86.5,9.02533454016987e-19,259,0,259,172.42562505606,8.40071795239543,0,85.9256250560599,1,0,0
2.898,47.8692288361671,397.325888032497,0,85.9256250560599,86.5,8.57406781316138e-19,259,0,259,172.42562505606,7.6343965612492,0,85.9256250560599,1,0,0
2.899,47.8671288791753,397.325888032504,0,85.9256250560599,86.5,8.14536442250331e-19,259,0,259,172.42562505606,6.86731894226937,0,85.9256250560599,1,0,0
2.9,47.8650295978453,397.325888032511,0,85.9256250560599,86.5,7.73809620137815e-19,259,0,259,172.42562505606,6.0994853387725,0,85.9256250560599,1,0,0
2.901,47.8629309919598,397.325888032518,0,85.9256250560599,86.5,7.35119139130924e-19,259,0,259,172.42562505606,5.33089599399681,0,85.9256250560599,1,0,0
2.902,47.8608330613014,397.325888032525,0,85.9256250560599,86.5,6.98363182174378e-19,259,0,259,172.42562505606,4.56155115110234,0,85.9256250560599,1,0,0
2.903,47.8587358056528,397.325888032531,0,85.9256250560599,86.5,6.63445023065659e-19,259,0,259,172.42562505606,3.79145105317083,0,85.9256250560599,1,0,0
2.904,47.856639224797,397.325888032537,0,85.9256250560599,86.5,6.30272771912376e-19,259,0,259,172.42562505606,3.02059594320582,0,85.9256250560599,1,0,0
2.905,47.8545433185166,397.325888032543,0,85.9256250560599,86.5,5.98759133316757e-19,259,0,259,172.42562505606,2.24898606413274,0,85.9256250560599,1,0,0
2.906,47.8524480865949,397.325888032549,0,85.9256250560599,86.5,5.68821176650919e-19,259,0,259,172.42562505606,1.47662165879875,0,85.9256250560599,1,0,0
2.907,47.8503535288146,397.325888032554,0,85.9256250560599,86.5,5.40380117818373e-19,259,0,259,172.42562505606,0.703502969972872,0,85.9256250560599,1,0,0
2.908,47.848259644959,397.32588803256,0,85.9256250560599,86.5,5.13361111927455e-19,259,0,259,172.42562505606,-0.0703697596538482,0,85.9256250560599,1,0,0
2.909,47.8461664348112,397.325888032565,0,85.9256250560599,86.5,4.87693056331082e-19,259,0,259,172.42562505606,-0.844996287468602,0,85.9256250560599,1,0,0
2.91,47.8440738981545,397.32588803257,0,85.9256250560599,86.5,4.63308403514528e-19,259,0,259,172.42562505606,-1.62037637093654,0,85.9256250560599,1,0,0
2.911,47.841982034772,397.325888032574,0,85.9256250560599,86.5,4.40142983338801e-19,259,0,259,172.42562505606,-2.39650976760092,0,85.9256250560599,1,0,0
2.912,47.8398908444473,397.325888032579,0,85.9256250560599,86.5,4.18135834171861e-19,259,0,259,172.42562505606,-3.17339623508298,0,85.9256250560599,1,0,0
2.913,47.8378003269638,397.325888032583,0,85.9256250560599,86.5,3.97229042463268e-19,259,0,259,172.42562505606,-3.95103553108194,0,85.9256250560599,1,0,0
2.914,47.8357104821049,397.325888032587,0,85.9256250560599,86.5,3.77367590340105e-19,259,0,259,172.42562505606,-4.72942741337496,0,85.9256250560599,1,0,0
2.915,47.8336213096543,397.325888032591,0,85.9256250560599,86.5,3.584992108231e-19,259,0,259,172.42562505606,-5.5085716398172,0,85.9256250560599,1,0,0
2.916,47.8315328093956,397.325888032595,0,85.9256250560599,86.5,3.40574250281945e-19,259,0,259,172.42562505606,-6.28846796834162,0,85.9256250560599,1,0,0
2.917,47.8294449811126,397.325888032599,0,85.9256250560599,86.5,3.23545537767847e-19,259,0,259,172.42562505606,-7.06911615695917,0,85.9256250560599,1,0,0
2.918,47.8273578245889,397.325888032602,0,85.9256250560599,86.5,3.07368260879455e-19,259,0,259,172.42562505606,-7.85051596375863,0,85.9256250560599,1,0,0
2.919,47.8252713396085,397.325888032606,0,85.9256250560599,86.5,2.91999847835482e-19,259,0,259,172.42562505606,-8.63266714690661,0,85.9256250560599,1,0,0
2.92,47.8231855259554,397.325888032609,0,85.9256250560599,86.5,2.77399855443708e-19,259,0,259,172.42562505606,-9.41556946464751,0,85.9256250560599,1,0,0
2.921,47.8211003834135,397.325888032612,0,85.9256250560599,86.5,2.63529862671523e-19,259,0,259,172.42562505606,-10.1992226753036,0,85.9256250560599,1,0,0
2.922,47.8190159117668,397.325888032615,0,85.9256250560599,86.5,2.50353369537947e-19,259,0,259,172.42562505606,-10.9836265372747,0,85.9256250560599,1,0,0
2.923,47.8169321107996,397.325888032618,0,85.9256250560599,86.5,2.37835701061049e-19,259,0,259,172.42562505606,-11.7687808090387,0,85.9256250560599,1,0,0
2.924,47.814848980296,397.32588803262,0,85.9256250560599,86.5,2.25943916007997e-19,259,0,259,172.42562505606,-12.5546852491509,0,85.9256250560599,1,0,0
2.925,47.8127665200403,397.325888032623,0,85.9256250560599,86.5,2.14646720207597e-19,259,0,259,172.42562505606,-13.3413396162443,0,85.9256250560599,1,0,0
2.926,47.8106847298168,397.325888032625,0,85.9256250560599,86.5,2.03914384197217e-19,259,0,259,172.42562505606,-14.1287436690298,0,85.9256250560599,1,0,0
2.927,47.8086036094101,397.325888032627,0,85.9256250560599,86.5,1.93718664987356e-19,259,0,259,172.42562505606,-14.9168971662958,0,85.9256250560599,1,0,0
2.928,47.8065231586045,397.325888032629,0,85.9256250560599,86.5,1.84032731737988e-19,259,0,259,172.42562505606,-15.7057998669081,0,85.9256250560599,1,0,0
2.929,47.8044433771846,397.325888032631,0,85.9256250560599,86.5,1.74831095151089e-19,259,0,259,172.42562505606,-16.4954515298105,0,85.9256250560599,1,0,0
2.93,47.8023642649351,397.325888032633,0,85.9256250560599,86.5,1.66089540393535e-19,259,0,259,172.42562505606,-17.2858519140241,0,85.9256250560599,1,0,0
2.931,47.8002858216405,397.325888032635,0,85.9256250560599,86.5,1.57785063373858e-19,259,0,259,172.42562505606,-18.0770007786474,0,85.9256250560599,1,0,0
2.932,47.7982080470858,397.325888032637,0,85.9256250560599,86.5,1.49895810205165e-19,259,0,259,172.42562505606,-18.8688978828569,0,85.9256250560599,1,0,0
2.933,47.7961309410558,397.325888032638,0,85.9256250560599,86.5,1.42401019694907e-19,259,0,259,172.42562505606,-19.661542985906,0,85.9256250560599,1,0,0
2.934,47.7940545033352,397.32588803264,0,85.9256250560599,86.5,1.35280968710161e-19,259,0,259,172.42562505606,-20.4549358471259,0,85.9256250560599,1,0,0
2.935,47.7919787337092,397.325888032641,0,85.9256250560599,86.5,1.28516920274653e-19,259,0,259,172.42562505606,-21.2490762259252,0,85.9256250560599,1,0,0
2.936,47.7899036319627,397.325888032642,0,85.9256250560599,86.5,1.22091074260921e-19,259,0,259,172.42562505606,-22.0439638817899,0,85.9256250560599,1,0,0
2.937,47.7878291978808,397.325888032643,0,85.9256250560599,86.5,1.15986520547875e-19,259,0,259,172.42562505606,-22.8395985742834,0,85.9256250560599,1,0,0
2.938,47.7857554312488,397.325888032644,0,85.9256250560599,86.5,1.10187194520481e-19,259,0,259,172.42562505606,-23.6359800630463,0,85.9256250560599,1,0,0
2.939,47.7836823318519,397.325888032645,0,85.9256250560599,86.5,1.04677834794457e-19,259,0,259,172.42562505606,-24.4331081077966,0,85.9256250560599,1,0,0
2.94,47.7816098994754,397.325888032646,0,85.9256250560599,86.5,9.9443943054734e-20,259,0,259,172.42562505606,-25.23098246833,0,85.9256250560599,1,0,0
2.941,47.7795381339046,397.325888032647,0,85.9256250560599,86.5,9.44717459019973e-20,259,0,259,172.42562505606,-26.0296029045188,0,85.9256250560599,1,0,0
2.942,47.7774670349251,397.325888032647,0,85.9256250560599,86.5,8.97481586068975e-20,259,0,259,172.42562505606,-26.8289691763131,0,85.9256250560599,1,0,0
2.943,47.7753966023224,397.325888032648,0,85.9256250560599,86.5,8.52607506765526e-20,259,0,259,172.42562505606,-27.6290810437401,0,85.9256250560599,1,0,0
2.944,47.773326835882,397.325888032649,0,85.9256250560599,86.5,8.0997713142725e-20,259,0,259,172.42562505606,-28.429938266904,0,85.9256250560599,1,0,0
2.945,47.7712577353896,397.325888032649,0,85.9256250560599,86.5,7.69478274855887e-20,259,0,259,172.42562505606,-29.2315406059865,0,85.9256250560599,1,0,0
2.946,47.769189300631,397.32588803265,0,85.9256250560599,86.5,7.31004361113093e-20,259,0,259,172.42562505606,-30.0338878212462,0,85.9256250560599,1,0,0
2.947,47.767121531392,397.32588803265,0,85.9256250560599,86.5,6.94454143057438e-20,259,0,259,172.42562505606,-30.8369796730191,0,85.9256250560599,1,0,0
2.948,47.7650544274583,397.32588803265,0,85.9256250560599,86.5,6.59731435904566e-20,259,0,259,172.42562505606,-31.640815921718,0,85.9256250560599,1,0,0
2.949,47.762987988616,397.325888032651,0,85.9256250560599,86.5,6.26744864109338e-20,259,0,259,172.42562505606,-32.445396327833,0,85.9256250560599,1,0,0
2.95,47.7609222146511,397.325888032651,0,85.9256250560599,86.5,5.95407620903871e-20,259,0,259,172.42562505606,-33.2507206519312,0,85.9256250560599,1,0,0
2.951,47.7588571053496,397.325888032651,0,85.9256250560599,86.5,5.65637239858677e-20,259,0,259,172.42562505606,-34.0567886546569,0,85.9256250560599,1,0,0
2.952,47.7567926604977,397.325888032651,0,85.9256250560599,86.5,5.37355377865744e-20,259,0,259,172.42562505606,-34.863600096731,0,85.9256250560599,1,0,0
2.953,47.7547288798816,397.325888032651,0,85.9256250560599,86.5,5.10487608972456e-20,259,0,259,172.42562505606,-35.6711547389518,0,85.9256250560599,1,0,0
2.954,47.7526657632875,397.325888032651,0,85.9256250560599,86.5,4.84963228523834e-20,259,0,259,172.42562505606,-36.4794523421945,0,85.9256250560599,1,0,0
2.955,47.7506033105019,397.325888032651,0,85.9256250560599,86.5,4.60715067097642e-20,259,0,259,172.42562505606,-37.2884926674109,0,85.9256250560599,1,0,0
2.956,47.7485415213111,397.325888032651,0,85.9256250560599,86.5,4.3767931374276e-20,259,0,259,172.42562505606,-38.0982754756303,0,85.9256250560599,1,0,0
2.957,47.7464803955017,397.325888032651,0,85.9256250560599,86.5,4.15795348055622e-20,259,0,259,172.42562505606,-38.9088005279582,0,85.9256250560599,1,0,0
2.958,47.7444199328602,397.325888032651,0,85.9256250560599,86.5,3.95005580652841e-20,259,0,259,172.42562505606,-39.7200675855776,0,85.9256250560599,1,0,0
2.959,47.7423601331732,397.32588803265,0,85.9256250560599,86.5,3.75255301620199e-20,259,0,259,172.42562505606,-40.5320764097479,0,85.9256250560599,1,0,0
2.96,47.7403009962274,397.32588803265,0,85.9256250560599,86.5,3.56492536539189e-20,259,0,259,172.42562505606,-41.3448267618056,0,85.9256250560599,1,0,0
2.961,47.7382425218095,397.32588803265,0,85.9256250560599,86.5,3.38667909712229e-20,259,0,259,172.42562505606,-42.1583184031637,0,85.9256250560599,1,0,0
2.962,47.7361847097065,397.32588803265,0,85.9256250560599,86.5,3.21734514226618e-20,259,0,259,172.42562505606,-42.9725510953123,0,85.9256250560599,1,0,0
2.963,47.7341275597052,397.325888032649,0,85.9256250560599,86.5,3.05647788515287e-20,259,0,259,172.42562505606,-43.7875245998179,0,85.9256250560599,1,0,0
2.964,47.7320710715925,397.325888032649,0,85.9256250560599,86.5,2.90365399089523e-20,259,0,259,172.42562505606,-44.6032386783241,0,85.9256250560599,1,0,0
2.965,47.7300152451556,397.325888032649,0,85.9256250560599,86.5,2.75847129135047e-20,259,0,259,172.42562505606,-45.4196930925507,0,85.9256250560599,1,0,0
2.966,47.7279600801815,397.325888032648,0,85.9256250560599,86.5,2.62054772678294e-20,259,0,259,172.42562505606,-46.2368876042947,0,85.9256250560599,1,0,0
2.967,47.7259055764574,397.325888032648,0,85.9256250560599,86.5,2.4895203404438e-20,259,0,259,172.42562505606,-47.0548219754294,0,85.9256250560599,1,0,0
2.968,47.7238517337705,397.325888032648,0,85.9256250560599,86.5,2.36504432342161e-20,259,0,259,172.42562505606,-47.8734959679047,0,85.9256250560599,1,0,0
2.969,47.7217985519081,397.325888032647,0,85.9256250560599,86.5,2.24679210725053e-20,259,0,259,172.42562505606,-48.6929093437474,0,85.9256250560599,1,0,0
2.97,47.7197460306577,397.325888032647,0,85.9256250560599,86.5,2.134452501888e-20,259,0,259,172.42562505606,-49.5130618650604,0,85.9256250560599,1,0,0
2.971,47.7176941698067,397.325888032646,0,85.9256250560599,86.5,2.0277298767936e-20,259,0,259,172.42562505606,-50.3339532940237,0,85.9256250560599,1,0,0
2.972,47.7156429691425,397.325888032646,0,85.9256250560599,86.5,1.92634338295392e-20,259,0,259,172.42562505606,-51.1555833928932,0,85.9256250560599,1,0,0
2.973,47.7135924284528,397.325888032645,0,85.9256250560599,86.5,1.83002621380622e-20,259,0,259,172.42562505606,-51.9779519240019,0,85.9256250560599,1,0,0
2.974,47.7115425475253,397.325888032645,0,85.9256250560599,86.5,1.73852490311591e-20,259,0,259,172.42562505606,-52.801058649759,0,85.9256250560599,1,0,0
2.975,47.7094933261476,397.325888032644,0,85.9256250560599,86.5,1.65159865796012e-20,259,0,259,172.42562505606,-53.6249033326499,0,85.9256250560599,1,0,0
2.976,47.7074447641075,397.325888032644,0,85.9256250560599,86.5,1.56901872506211e-20,259,0,259,172.42562505606,-54.4494857352367,0,85.9256250560599,1,0,0
2.977,47.7053968611929,397.325888032643,0,85.9256250560599,86.5,1.490567788809e-20,259,0,259,172.42562505606,-55.274805620158,0,85.9256250560599,1,0,0
2.978,47.7033496171918,397.325888032643,0,85.9256250560599,86.5,1.41603939936855e-20,259,0,259,172.42562505606,-56.1008627501286,0,85.9256250560599,1,0,0
2.979,47.701303031892,397.325888032642,0,85.9256250560599,86.5,1.34523742940013e-20,259,0,259,172.42562505606,-56.9276568879396,0,85.9256250560599,1,0,0
2.98,47.6992571050818,397.325888032642,0,85.9256250560599,86.5,1.27797555793012e-20,259,0,259,172.42562505606,-57.7551877964585,0,85.9256250560599,1,0,0
2.981,47.6972118365491,397.325888032641,0,85.9256250560599,86.5,1.21407678003361e-20,259,0,259,172.42562505606,-58.583455238629,0,85.9256250560599,1,0,0
2.982,47.6951672260823,397.325888032641,0,85.9256250560599,86.5,1.15337294103193e-20,259,0,259,172.42562505606,-59.4124589774713,0,85.9256250560599,1,0,0
2.983,47.6931232734695,397.32588803264,0,85.9256250560599,86.5,1.09570429398034e-20,259,0,259,172.42562505606,-60.2421987760817,0,85.9256250560599,1,0,0
2.984,47.6910799784992,397.32588803264,0,85.9256250560599,86.5,1.04091907928132e-20,259,0,259,172.42562505606,-61.0726743976327,0,85.9256250560599,1,0,0
2.985,47.6890373409596,397.325888032639,0,85.9256250560599,86.5,9.88873125317254e-21,259,0,259,172.42562505606,-61.903885605373,0,85.9256250560599,1,0,0
2.986,47.6869953606394,397.325888032639,0,85.9256250560599,86.5,9.39429469051391e-21,259,0,259,172.42562505606,-62.7358321626276,0,85.9256250560599,1,0,0
2.987,47.6849540373269,397.325888032638,0,85.9256250560599,86.5,8.92457995598822e-21,259,0,259,172.42562505606,-63.5685138327974,0,85.9256250560599,1,0,0
2.988,47.6829133708109,397.325888032638,0,85.9256250560599,86.5,8.47835095818881e-21,259,0,259,172.42562505606,-64.4019303793597,0,85.9256250560599,1,0,0
2.989,47.68087336088,397.325888032637,0,85.9256250560599,86.5,8.05443341027937e-21,259,0,259,172.42562505606,-65.2360815658678,0,85.9256250560599,1,0,0
2.99,47.678834007323,397.325888032636,0,85.9256250560599,86.5,7.6517117397654e-21,259,0,259,172.42562505606,-66.070967155951,0,85.9256250560599,1,0,0
2.991,47.6767953099286,397.325888032636,0,85.9256250560599,86.5,7.26912615277713e-21,259,0,259,172.42562505606,-66.9065869133147,0,85.9256250560599,1,0,0
2.992,47.6747572684858,397.325888032636,0,85.9256250560599,86.5,6.90566984513827e-21,259,0,259,172.42562505606,-67.7429406017404,0,85.9256250560599,1,0,0
2.993,47.6727198827835,397.325888032635,0,85.9256250560599,86.5,6.56038635288136e-21,259,0,259,172.42562505606,-68.5800279850854,0,85.9256250560599,1,0,0
2.994,47.6706831526106,397.325888032635,0,85.9256250560599,86.5,6.23236703523729e-21,259,0,259,172.42562505606,-69.4178488272834,0,85.9256250560599,1,0,0
2.995,47.6686470777564,397.325888032634,0,85.9256250560599,86.5,5.92074868347543e-21,259,0,259,172.42562505606,-70.2564028923436,0,85.9256250560599,1,0,0
2.996,47.6666116580099,397.325888032634,0,85.9256250560599,86.5,5.62471124930165e-21,259,0,259,172.42562505606,-71.0956899443513,0,85.9256250560599,1,0,0
2.997,47.6645768931603,397.325888032633,0,85.9256250560599,86.5,5.34347568683657e-21,259,0,259,172.42562505606,-71.9357097474678,0,85.9256250560599,1,0,0
2.998,47.662542782997,397.325888032633,0,85.9256250560599,86.5,5.07630190249474e-21,259,0,259,172.42562505606,-72.77646206593,0,85.9256250560599,1,0,0
2.999,47.6605093273093,397.325888032632,0,85.9256250560599,86.5,4.82248680737001e-21,259,0,259,172.42562505606,-73.6179466640511,0,85.9256250560599,1,0,0
3,47.6584765258866,397.325888032632,0,85.9256250560599,86.5,4.58136246700151e-21,259,0,259,172.42562505606,-74.4601633062198,0,85.9256250560599,1,0,0
3.001,47.6564443785184,397.325888032631,0,85.9256250560599,86.5,4.35229434365143e-21,259,0,259,172.42562505606,-75.3031117569006,0,85.9256250560599,1,0,0
3.002,47.6544128849943,397.325888032631,0,85.9256250560599,86.5,4.13467962646886e-21,259,0,259,172.42562505606,-76.146791780634,0,85.9256250560599,1,0,0
3.003,47.6523820451039,397.32588803263,0,85.9256250560599,86.5,3.92794564514542e-21,259,0,259,172.42562505606,-76.991203142036,0,85.9256250560599,1,0,0
3.004,47.6503518586369,397.32588803263,0,85.9256250560599,86.5,3.73154836288815e-21,259,0,259,172.42562505606,-77.8363456057986,0,85.9256250560599,1,0,0
3.005,47.648322325383,397.32588803263,0,85.9256250560599,86.5,3.54497094474374e-21,259,0,259,172.42562505606,-78.6822189366893,0,85.9256250560599,1,0,0
3.006,47.6462934451321,397.325888032629,0,85.9256250560599,86.5,3.36772239750655e-21,259,0,259,172.42562505606,-79.5288228995514,0,85.9256250560599,1,0,0
3.007,47.6442652176741,397.325888032629,0,85.9256250560599,86.5,3.19933627763122e-21,259,0,259,172.42562505606,-80.3761572593039,0,85.9256250560599,1,0,0
3.008,47.6422376427989,397.325888032628,0,85.9256250560599,86.5,3.03936946374966e-21,259,0,259,172.42562505606,-81.2242217809412,0,85.9256250560599,1,0,0
3.009,47.6402107202966,397.325888032628,0,85.9256250560599,86.5,2.88740099056218e-21,259,0,259,172.42562505606,-82.0730162295336,0,85.9256250560599,1,0,0
3.01,47.6381844499573,397.325888032628,0,85.9256250560599,86.5,2.74303094103407e-21,259,0,259,172.42562505606,-82.9225403702268,0,85.9256250560599,1,0,0
3.011,47.6361588315711,397.325888032627,0,85.9256250560599,86.5,2.60587939398237e-21,259,0,259,172.42562505606,-83.7727939682422,0,85.9256250560599,1,0,0
3.012,47.6341338649282,397.325888032627,0,85.9256250560599,86.5,2.47558542428325e-21,259,0,259,172.42562505606,-84.6237767888766,0,85.9256250560599,1,0,0
3.013,47.632109549819,397.325888032627,0,85.9256250560599,86.5,2.35180615306909e-21,259,0,259,172.42562505606,-85.4754885975024,0,85.9256250560599,1,0,0
3.014,47.6300858860339,397.325888032626,0,85.9256250560599,86.5,2.23421584541563e-21,259,0,259,172.42562505606,-86.3279291595676,0,85.9256250560599,1,0,0
3.015,47.6280628733632,397.325888032626,0,85.9256250560599,86.5,2.12250505314485e-21,259,0,259,172.42562505606,-87.1810982405953,0,85.9256250560599,1,0,0
3.016,47.6260405115976,397.325888032626,0,85.9256250560599,86.5,2.01637980048761e-21,259,0,259,172.42562505606,-88.0349956061846,0,85.9256250560599,1,0,0
3.017,47.6240188005274,397.325888032625,0,85.9256250560599,86.5,1.91556081046323e-21,259,0,259,172.42562505606,-88.8896210220095,0,85.9256250560599,1,0,0
3.018,47.6219977399435,397.325888032625,0,85.9256250560599,86.5,1.81978276994007e-21,259,0,259,172.42562505606,-89.7449742538196,0,85.9256250560599,1,0,0
3.019,47.6199773296364,397.325888032625,0,85.9256250560599,86.5,1.72879363144306e-21,259,0,259,172.42562505606,-90.60105506744,0,85.9256250560599,1,0,0
3.02,47.617957569397,397.325888032624,0,85.9256250560599,86.5,1.64235394987091e-21,259,0,259,172.42562505606,-91.4578632287709,0,85.9256250560599,1,0,0
3.021,47.6159384590161,397.325888032624,0,85.9256250560599,86.5,1.56023625237736e-21,259,0,259,172.42562505606,-92.315398503788,0,85.9256250560599,1,0,0
3.022,47.6139199982847,397.325888032624,0,85.9256250560599,86.5,1.4822244397585e-21,259,0,259,172.42562505606,-93.1736606585422,0,85.9256250560599,1,0,0
3.023,47.6119021869936,397.325888032624,0,85.9256250560599,86.5,1.40811321777057e-21,259,0,259,172.42562505606,-94.0326494591597,0,85.9256250560599,1,0,0
3.024,47.6098850249339,397.325888032623,0,85.9256250560599,86.5,1.33770755688204e-21,259,0,259,172.42562505606,-94.892364671842,0,85.9256250560599,1,0,0
3.025,47.6078685118968,397.325888032623,0,85.9256250560599,86.5,1.27082217903794e-21,259,0,259,172.42562505606,-95.7528060628658,0,85.9256250560599,1,0,0
3.026,47.6058526476734,397.325888032623,0,85.9256250560599,86.5,1.20728107008604e-21,259,0,259,172.42562505606,-96.613973398583,0,85.9256250560599,1,0,0
3.027,47.603837432055,397.325888032623,0,85.9256250560599,86.5,1.14691701658174e-21,259,0,259,172.42562505606,-97.4758664454206,0,85.9256250560599,1,0,0
3.028,47.6018228648328,397.325888032622,0,85.9256250560599,86.5,1.08957116575265e-21,259,0,259,172.42562505606,-98.3384849698808,0,85.9256250560599,1,0,0
3.029,47.5998089457983,397.325888032622,0,85.9256250560599,86.5,1.03509260746502e-21,259,0,259,172.42562505606,-99.2018287385409,0,85.9256250560599,1,0,0
3.03,47.5977956747429,397.325888032622,0,85.9256250560599,86.5,9.8333797709177e-22,259,0,259,172.42562505606,-100.065897518053,0,85.9256250560599,1,0,0
3.031,47.5957830514581,397.325888032622,0,85.9256250560599,86.5,9.34171078237182e-22,259,0,259,172.42562505606,-100.930691075146,0,85.9256250560599,1,0,0
3.032,47.5937710757355,397.325888032622,0,85.9256250560599,86.5,8.87462524325323e-22,259,0,259,172.42562505606,-101.796209176621,0,85.9256250560599,1,0,0
3.033,47.5917597473668,397.325888032621,0,85.9256250560599,86.5,8.43089398109057e-22,259,0,259,172.42562505606,-102.662451589356,0,85.9256250560599,1,0,0
3.034,47.5897490661436,397.325888032621,0,85.9256250560599,86.5,8.00934928203604e-22,259,0,259,172.42562505606,-103.529418080304,0,85.9256250560599,1,0,0
3.035,47.5877390318577,397.325888032621,0,85.9256250560599,86.5,7.60888181793423e-22,259,0,259,172.42562505606,-104.397108416493,0,85.9256250560599,1,0,0
3.036,47.585729644301,397.325888032621,0,85.9256250560599,86.5,7.22843772703752e-22,259,0,259,172.42562505606,-105.265522365024,0,85.9256250560599,1,0,0
3.037,47.5837209032653,397.325888032621,0,85.9256250560599,86.5,6.86701584068565e-22,259,0,259,172.42562505606,-106.134659693076,0,85.9256250560599,1,0,0
3.038,47.5817128085428,397.325888032621,0,85.9256250560599,86.5,6.52366504865137e-22,259,0,259,172.42562505606,-107.0045201679,0,85.9256250560599,1,0,0
3.039,47.5797053599254,397.325888032621,0,85.9256250560599,86.5,6.1974817962188e-22,259,0,259,172.42562505606,-107.875103556825,0,85.9256250560599,1,0,0
3.04,47.5776985572052,397.32588803262,0,85.9256250560599,86.5,5.88760770640786e-22,259,0,259,172.42562505606,-108.746409627252,0,85.9256250560599,1,0,0
3.041,47.5756924001744,397.32588803262,0,85.9256250560599,86.5,5.59322732108746e-22,259,0,259,172.42562505606,-109.618438146658,0,85.9256250560599,1,0,0
3.042,47.5736868886254,397.32588803262,0,85.9256250560599,86.5,5.31356595503309e-22,259,0,259,172.42562505606,-110.491188882595,0,85.9256250560599,1,0,0
3.043,47.5716820223503,397.32588803262,0,85.9256250560599,86.5,5.04788765728144e-22,259,0,259,172.42562505606,-111.36466160269,0,85.9256250560599,1,0,0
3.044,47.5696778011415,397.32588803262,0,85.9256250560599,86.5,4.79549327441736e-22,259,0,259,172.42562505606,-112.238856074644,0,85.9256250560599,1,0,0
3.045,47.5676742247916,397.32588803262,0,85.9256250560599,86.5,4.5557186106965e-22,259,0,259,172.42562505606,-113.113772066233,0,85.9256250560599,1,0,0
3.046,47.565671293093,397.32588803262,0,85.9256250560599,86.5,4.32793268016167e-22,259,0,259,172.42562505606,-113.989409345308,0,85.9256250560599,1,0,0
3.047,47.5636690058384,397.32588803262,0,85.9256250560599,86.5,4.11153604615359e-22,259,0,259,172.42562505606,-114.865767679794,0,85.9256250560599,1,0,0
3.048,47.5616673628203,397.32588803262,0,85.9256250560599,86.5,3.90595924384591e-22,259,0,259,172.42562505606,-115.742846837693,0,85.9256250560599,1,0,0
3.049,47.5596663638315,397.325888032619,0,85.9256250560599,86.5,3.71066128165361e-22,259,0,259,172.42562505606,-116.620646587077,0,85.9256250560599,1,0,0
3.05,47.5576660086647,397.325888032619,0,85.9256250560599,86.5,3.52512821757093e-22,259,0,259,172.42562505606,-117.499166696098,0,85.9256250560599,1,0,0
3.051,47.5556662971129,397.325888032619,0,85.9256250560599,86.5,3.34887180669239e-22,259,0,259,172.42562505606,-118.378406932979,0,85.9256250560599,1,0,0
3.052,47.5536672289689,397.325888032619,0,85.9256250560599,86.5,3.18142821635777e-22,259,0,259,172.42562505606,-119.258367066018,0,85.9256250560599,1,0,0
3.053,47.5516688040258,397.325888032619,0,85.9256250560599,86.5,3.02235680553988e-22,259,0,259,172.42562505606,-120.139046863589,0,85.9256250560599,1,0,0
3.054,47.5496710220765,397.325888032619,0,85.9256250560599,86.5,2.87123896526288e-22,259,0,259,172.42562505606,-121.02044609414,0,85.9256250560599,1,0,0
3.055,47.5476738829141,397.325888032619,0,85.9256250560599,86.5,2.72767701699974e-22,259,0,259,172.42562505606,-121.902564526193,0,85.9256250560599,1,0,0
3.056,47.545677386332,397.325888032619,0,85.9256250560599,86.5,2.59129316614975e-22,259,0,259,172.42562505606,-122.785401928343,0,85.9256250560599,1,0,0
3.057,47.5436815321233,397.325888032619,0,85.9256250560599,86.5,2.46172850784227e-22,259,0,259,172.42562505606,-123.668958069264,0,85.9256250560599,1,0,0
3.058,47.5416863200813,397.325888032619,0,85.9256250560599,86.5,2.33864208245015e-22,259,0,259,172.42562505606,-124.5532327177,0,85.9256250560599,1,0,0
3.059,47.5396917499994,397.325888032619,0,85.9256250560599,86.5,2.22170997832764e-22,259,0,259,172.42562505606,-125.43822564247,0,85.9256250560599,1,0,0
3.06,47.5376978216711,397.325888032619,0,85.9256250560599,86.5,2.11062447941126e-22,259,0,259,172.42562505606,-126.32393661247,0,85.9256250560599,1,0,0
3.061,47.5357045348899,397.325888032619,0,85.9256250560599,86.5,2.0050932554407e-22,259,0,259,172.42562505606,-127.210365396669,0,85.9256250560599,1,0,0
3.062,47.5337118894493,397.325888032619,0,85.9256250560599,86.5,1.90483859266866e-22,259,0,259,172.42562505606,-128.097511764108,0,85.9256250560599,1,0,0
3.063,47.531719885143,397.325888032619,0,85.9256250560599,86.5,1.80959666303523e-22,259,0,259,172.42562505606,-128.985375483907,0,85.9256250560599,1,0,0
3.064,47.5297285217648,397.325888032619,0,85.9256250560599,86.5,1.71911682988347e-22,259,0,259,172.42562505606,-129.873956325255,0,85.9256250560599,1,0,0
3.065,47.5277377991084,397.325888032619,0,85.9256250560599,86.5,1.6331609883893e-22,259,0,259,172.42562505606,-130.76325405742,0,85.9256250560599,1,0,0
3.066,47.5257477169676,397.325888032618,0,85.9256250560599,86.5,1.55150293896983e-22,259,0,259,172.42562505606,-131.653268449741,0,85.9256250560599,1,0,0
3.067,47.5237582751364,397.325888032618,0,85.9256250560599,86.5,1.47392779202134e-22,259,0,259,172.42562505606,-132.543999271632,0,85.9256250560599,1,0,0
3.068,47.5217694734088,397.325888032618,0,85.9256250560599,86.5,1.40023140242027e-22,259,0,259,172.42562505606,-133.435446292583,0,85.9256250560599,1,0,0
3.069,47.5197813115787,397.325888032618,0,85.9256250560599,86.5,1.33021983229926e-22,259,0,259,172.42562505606,-134.327609282156,0,85.9256250560599,1,0,0
3.07,47.5177937894404,397.325888032618,0,85.9256250560599,86.5,1.2637088406843e-22,259,0,259,172.42562505606,-135.220488009988,0,85.9256250560599,1,0,0
3.071,47.5158069067879,397.325888032618,0,85.9256250560599,86.5,1.20052339865008e-22,259,0,259,172.42562505606,-136.114082245789,0,85.9256250560599,1,0,0
3.072,47.5138206634156,397.325888032618,0,85.9256250560599,86.5,1.14049722871758e-22,259,0,259,172.42562505606,-137.008391759346,0,85.9256250560599,1,0,0
3.073,47.5118350591177,397.325888032618,0,85.9256250560599,86.5,1.0834723672817e-22,259,0,259,172.42562505606,-137.903416320516,0,85.9256250560599,1,0,0
3.074,47.5098500936887,397.325888032618,0,85.9256250560599,86.5,1.02929874891761e-22,259,0,259,172.42562505606,-138.799155699234,0,85.9256250560599,1,0,0
3.075,47.5078657669229,397.325888032618,0,85.9256250560599,86.5,9.77833811471732e-23,259,0,259,172.42562505606,-139.695609665506,0,85.9256250560599,1,0,0
3.076,47.5058820786149,397.325888032618,0,85.9256250560599,86.5,9.28942120898146e-23,259,0,259,172.42562505606,-140.592777989413,0,85.9256250560599,1,0,0
3.077,47.5038990285592,397.325888032618,0,85.9256250560599,86.5,8.82495014853238e-23,259,0,259,172.42562505606,-141.490660441112,0,85.9256250560599,1,0,0
3.078,47.5019166165505,397.325888032618,0,85.9256250560599,86.5,8.38370264110577e-23,259,0,259,172.42562505606,-142.389256790831,0,85.9256250560599,1,0,0
3.079,47.4999348423835,397.325888032618,0,85.9256250560599,86.5,7.96451750905048e-23,259,0,259,172.42562505606,-143.288566808873,0,85.9256250560599,1,0,0
3.08,47.497953705853,397.325888032618,0,85.9256250560599,86.5,7.56629163359795e-23,259,0,259,172.42562505606,-144.188590265615,0,85.9256250560599,1,0,0
3.081,47.4959732067539,397.325888032618,0,85.9256250560599,86.5,7.18797705191806e-23,259,0,259,172.42562505606,-145.089326931508,0,85.9256250560599,1,0,0
3.082,47.4939933448809,397.325888032618,0,85.9256250560599,86.5,6.82857819932215e-23,259,0,259,172.42562505606,-145.990776577076,0,85.9256250560599,1,0,0
3.083,47.4920141200292,397.325888032618,0,85.9256250560599,86.5,6.48714928935604e-23,259,0,259,172.42562505606,-146.892938972919,0,85.9256250560599,1,0,0
3.084,47.4900355319936,397.325888032618,0,85.9256250560599,86.5,6.16279182488824e-23,259,0,259,172.42562505606,-147.795813889709,0,85.9256250560599,1,0,0
3.085,47.4880575805694,397.325888032618,0,85.9256250560599,86.5,5.85465223364383e-23,259,0,259,172.42562505606,-148.699401098191,0,85.9256250560599,1,0,0
3.086,47.4860802655518,397.325888032618,0,85.9256250560599,86.5,5.56191962196164e-23,259,0,259,172.42562505606,-149.603700369186,0,85.9256250560599,1,0,0
3.087,47.4841035867358,397.325888032618,0,85.9256250560599,86.5,5.28382364086356e-23,259,0,259,172.42562505606,-150.508711473587,0,85.9256250560599,1,0,0
3.088,47.4821275439169,397.325888032618,0,85.9256250560599,86.5,5.01963245882038e-23,259,0,259,172.42562505606,-151.414434182362,0,85.9256250560599,1,0,0
3.089,47.4801521368904,397.325888032618,0,85.9256250560599,86.5,4.76865083587936e-23,259,0,259,172.42562505606,-152.320868266552,0,85.9256250560599,1,0,0
3.09,47.4781773654518,397.325888032618,0,85.9256250560599,86.5,4.53021829408539e-23,259,0,259,172.42562505606,-153.228013497272,0,85.9256250560599,1,0,0
3.091,47.4762032293965,397.325888032618,0,85.9256250560599,86.5,4.30370737938112e-23,259,0,259,172.42562505606,-154.135869645709,0,85.9256250560599,1,0,0
3.092,47.4742297285201,397.325888032618,0,85.9256250560599,86.5,4.08852201041207e-23,259,0,259,172.42562505606,-155.044436483126,0,85.9256250560599,1,0,0
3.093,47.4722568626183,397.325888032618,0,85.9256250560599,86.5,3.88409590989146e-23,259,0,259,172.42562505606,-155.953713780859,0,85.9256250560599,1,0,0
3.094,47.4702846314867,397.325888032618,0,85.9256250560599,86.5,3.68989111439689e-23,259,0,259,172.42562505606,-156.863701310316,0,85.9256250560599,1,0,0
3.095,47.4683130349211,397.325888032618,0,85.9256250560599,86.5,3.50539655867705e-23,259,0,259,172.42562505606,-157.774398842981,0,85.9256250560599,1,0,0
3.096,47.4663420727173,397.325888032618,0,85.9256250560599,86.5,3.33012673074319e-23,259,0,259,172.42562505606,-158.68580615041,0,85.9256250560599,1,0,0
3.097,47.4643717446713,397.325888032618,0,85.9256250560599,86.5,3.16362039420603e-23,259,0,259,172.42562505606,-159.597923004231,0,85.9256250560599,1,0,0
3.098,47.4624020505789,397.325888032618,0,85.9256250560599,86.5,3.00543937449573e-23,259,0,259,172.42562505606,-160.51074917615,0,85.9256250560599,1,0,0
3.099,47.4604329902362,397.325888032619,0,85.9256250560599,86.5,2.85516740577095e-23,259,0,259,172.42562505606,-161.424284437941,0,85.9256250560599,1,0,0
3.1,47.4584645634394,397.325888032619,0,85.9256250560599,86.5,2.7124090354824e-23,259,0,259,172.42562505606,-162.338528561456,0,85.9256250560599,1,0,0
3.101,47.4564967699845,397.325888032619,0,85.9256250560599,86.5,2.57678858370828e-23,259,0,259,172.42562505606,-163.253481318618,0,85.9256250560599,1,0,0
3.102,47.4545296096678,397.325888032619,0,85.9256250560599,86.5,2.44794915452287e-23,259,0,259,172.42562505606,-164.169142481424,0,85.9256250560599,1,0,0
3.103,47.4525630822855,397.325888032619,0,85.9256250560599,86.5,2.32555169679672e-23,259,0,259,172.42562505606,-165.085511821943,0,85.9256250560599,1,0,0
3.104,47.4505971876341,397.325888032619,0,85.9256250560599,86.5,2.20927411195689e-23,259,0,259,172.42562505606,-166.00258911232,0,85.9256250560599,1,0,0
3.105,47.4486319255099,397.325888032619,0,85.9256250560599,86.5,2.09881040635904e-23,259,0,259,172.42562505606,-166.920374124772,0,85.9256250560599,1,0,0
3.106,47.4466672957094,397.325888032619,0,85.9256250560599,86.5,1.99386988604109e-23,259,0,259,172.42562505606,-167.838866631589,0,85.9256250560599,1,0,0
3.107,47.4447032980292,397.325888032619,0,85.9256250560599,86.5,1.89417639173904e-23,259,0,259,172.42562505606,-168.758066405133,0,85.9256250560599,1,0,0
3.108,47.4427399322658,397.325888032619,0,85.9256250560599,86.5,1.79946757215208e-23,259,0,259,172.42562505606,-169.677973217843,0,85.9256250560599,1,0,0
3.109,47.4407771982161,397.325888032619,0,85.9256250560599,86.5,1.70949419354448e-23,259,0,259,172.42562505606,-170.598586842227,0,85.9256250560599,1,0,0
3.11,47.4388150956766,397.325888032619,0,85.9256250560599,86.5,1.62401948386726e-23,259,0,259,172.42562505606,-171.519907050869,0,85.9256250560599,1,0,0
3.111,47.4368536244443,397.325888032619,0,85.9256250560599,86.5,1.54281850967389e-23,259,0,259,172.42562505606,-172.441933616426,0,85.9256250560599,1,0,0
3.112,47.434892784316,397.325888032619,0,85.9256250560599,86.5,1.4656775841902e-23,259,0,259,172.42562505606,-173.364666311626,0,85.9256250560599,1,0,0
3.113,47.4329325750886,397.325888032619,0,85.9256250560599,86.5,1.39239370498069e-23,259,0,259,172.42562505606,-174.288104909272,0,85.9256250560599,1,0,0
3.114,47.4309729965591,397.325888032619,0,85.9256250560599,86.5,1.32277401973165e-23,259,0,259,172.42562505606,-175.21224918224,0,85.9256250560599,1,0,0
3.115,47.4290140485247,397.325888032619,0,85.9256250560599,86.5,1.25663531874507e-23,259,0,259,172.42562505606,-176.137098903479,0,85.9256250560599,1,0,0
3.116,47.4270557307825,397.325888032619,0,85.9256250560599,86.5,1.19380355280782e-23,259,0,259,172.42562505606,-177.06265384601,0,85.9256250560599,1,0,0
3.117,47.4250980431296,397.325888032619,0,85.9256250560599,86.5,1.13411337516743e-23,259,0,259,172.42562505606,-177.988913782928,0,85.9256250560599,1,0,0
3.118,47.4231409853633,397.325888032619,0,85.9256250560599,86.5,1.07740770640906e-23,259,0,259,172.42562505606,-178.915878487402,0,85.9256250560599,1,0,0
3.119,47.421184557281,397.325888032619,0,85.9256250560599,86.5,1.0235373210886e-23,259,0,259,172.42562505606,-179.843547732671,0,85.9256250560599,1,0,0
3.12,47.4192287586801,397.325888032619,0,85.9256250560599,86.5,9.72360455034172e-24,259,0,259,172.42562505606,179.22807870795,0,85.9256250560599,1,0,0
3.121,47.417273589358,397.325888032619,0,85.9256250560599,86.5,9.23742432282464e-24,259,0,259,172.42562505606,178.299001061075,0,85.9256250560599,1,0,0
3.122,47.4153190491123,397.325888032619,0,85.9256250560599,86.5,8.77555310668341e-24,259,0,259,172.42562505606,177.369219553244,0,85.9256250560599,1,0,0
3.123,47.4133651377405,397.325888032619,0,85.9256250560599,86.5,8.33677545134924e-24,259,0,259,172.42562505606,176.438734410925,0,85.9256250560599,1,0,0
3.124,47.4114118550403,397.325888032619,0,85.9256250560599,86.5,7.91993667878177e-24,259,0,259,172.42562505606,175.507545860511,0,85.9256250560599,1,0,0
3.125,47.4094592008095,397.325888032619,0,85.9256250560599,86.5,7.52393984484269e-24,259,0,259,172.42562505606,174.575654128326,0,85.9256250560599,1,0,0
3.126,47.4075071748458,397.325888032619,0,85.9256250560599,86.5,7.14774285260055e-24,259,0,259,172.42562505606,173.643059440617,0,85.9256250560599,1,0,0
3.127,47.4055557769471,397.325888032619,0,85.9256250560599,86.5,6.79035570997052e-24,259,0,259,172.42562505606,172.709762023562,0,85.9256250560599,1,0,0
3.128,47.4036050069112,397.325888032619,0,85.9256250560599,86.5,6.450837924472e-24,259,0,259,172.42562505606,171.775762103263,0,85.9256250560599,1,0,0
3.129,47.4016548645363,397.325888032619,0,85.9256250560599,86.5,6.1282960282484e-24,259,0,259,172.42562505606,170.841059905751,0,85.9256250560599,1,0,0
3.13,47.3997053496203,397.325888032619,0,85.9256250560599,86.5,5.82188122683598e-24,259,0,259,172.42562505606,169.905655656984,0,85.9256250560599,1,0,0
3.131,47.3977564619614,397.325888032619,0,85.9256250560599,86.5,5.53078716549418e-24,259,0,259,172.42562505606,168.969549582847,0,85.9256250560599,1,0,0
3.132,47.3958082013576,397.325888032619,0,85.9256250560599,86.5,5.25424780721947e-24,259,0,259,172.42562505606,168.032741909153,0,85.9256250560599,1,0,0
3.133,47.3938605676074,397.325888032619,0,85.9256250560599,86.5,4.9915354168585e-24,259,0,259,172.42562505606,167.095232861642,0,85.9256250560599,1,0,0
3.134,47.3919135605089,397.325888032619,0,85.9256250560599,86.5,4.74195864601557e-24,259,0,259,172.42562505606,166.157022665981,0,85.9256250560599,1,0,0
3.135,47.3899671798606,397.325888032619,0,85.9256250560599,86.5,4.50486071371479e-24,259,0,259,172.42562505606,165.218111547764,0,85.9256250560599,1,0,0
3.136,47.3880214254609,397.325888032619,0,85.9256250560599,86.5,4.27961767802905e-24,259,0,259,172.42562505606,164.278499732513,0,85.9256250560599,1,0,0
3.137,47.3860762971083,397.325888032619,0,85.9256250560599,86.5,4.0656367941276e-24,259,0,259,172.42562505606,163.338187445679,0,85.9256250560599,1,0,0
3.138,47.3841317946014,397.325888032619,0,85.9256250560599,86.5,3.86235495442122e-24,259,0,259,172.42562505606,162.397174912638,0,85.9256250560599,1,0,0
3.139,47.3821879177388,397.325888032619,0,85.9256250560599,86.5,3.66923720670016e-24,259,0,259,172.42562505606,161.455462358695,0,85.9256250560599,1,0,0
3.14,47.3802446663192,397.325888032619,0,85.9256250560599,86.5,3.48577534636515e-24,259,0,259,172.42562505606,160.513050009081,0,85.9256250560599,1,0,0
3.141,47.3783020401414,397.325888032619,0,85.9256250560599,86.5,3.31148657904689e-24,259,0,259,172.42562505606,159.569938088956,0,85.9256250560599,1,0,0
3.142,47.3763600390041,397.325888032619,0,85.9256250560599,86.5,3.14591225009455e-24,259,0,259,172.42562505606,158.626126823407,0,85.9256250560599,1,0,0
3.143,47.3744186627064,397.325888032619,0,85.9256250560599,86.5,2.98861663758982e-24,259,0,259,172.42562505606,157.681616437448,0,85.9256250560599,1,0,0
3.144,47.3724779110471,397.325888032619,0,85.9256250560599,86.5,2.83918580571033e-24,259,0,259,172.42562505606,156.736407156022,0,85.9256250560599,1,0,0
3.145,47.3705377838253,397.325888032619,0,85.9256250560599,86.5,2.69722651542481e-24,259,0,259,172.42562505606,155.790499203999,0,85.9256250560599,1,0,0
3.146,47.36859828084,397.325888032619,0,85.9256250560599,86.5,2.56236518965357e-24,259,0,259,172.42562505606,154.843892806176,0,85.9256250560599,1,0,0
3.147,47.3666594018904,397.325888032619,0,85.9256250560599,86.5,2.4342469301709e-24,259,0,259,172.42562505606,153.896588187279,0,85.9256250560599,1,0,0
3.148,47.3647211467758,397.325888032619,0,85.9256250560599,86.5,2.31253458366235e-24,259,0,259,172.42562505606,152.948585571959,0,85.9256250560599,1,0,0
3.149,47.3627835152954,397.325888032619,0,85.9256250560599,86.5,2.19690785447923e-24,259,0,259,172.42562505606,151.999885184799,0,85.9256250560599,1,0,0
3.15,47.3608465072485,397.325888032619,0,85.9256250560599,86.5,2.08706246175527e-24,259,0,259,172.42562505606,151.050487250305,0,85.9256250560599,1,0,0
3.151,47.3589101224346,397.325888032619,0,85.9256250560599,86.5,1.98270933866751e-24,259,0,259,172.42562505606,150.100391992915,0,85.9256250560599,1,0,0
3.152,47.3569743606531,397.325888032619,0,85.9256250560599,86.5,1.88357387173413e-24,259,0,259,172.42562505606,149.149599636991,0,85.9256250560599,1,0,0
3.153,47.3550392217036,397.325888032619,0,85.9256250560599,86.5,1.78939517814743e-24,259,0,259,172.42562505606,148.198110406826,0,85.9256250560599,1,0,0
3.154,47.3531047053857,397.325888032619,0,85.9256250560599,86.5,1.69992541924005e-24,259,0,259,172.42562505606,147.245924526639,0,85.9256250560599,1,0,0
3.155,47.351170811499,397.325888032619,0,85.9256250560599,86.5,1.61492914827805e-24,259,0,259,172.42562505606,146.293042220578,0,85.9256250560599,1,0,0
3.156,47.3492375398433,397.325888032619,0,85.9256250560599,86.5,1.53418269086415e-24,259,0,259,172.42562505606,145.339463712718,0,85.9256250560599,1,0,0
3.157,47.3473048902184,397.325888032619,0,85.9256250560599,86.5,1.45747355632094e-24,259,0,259,172.42562505606,144.385189227062,0,85.9256250560599,1,0,0
3.158,47.3453728624241,397.325888032619,0,85.9256250560599,86.5,1.38459987850489e-24,259,0,259,172.42562505606,143.43021898754,0,85.9256250560599,1,0,0
3.159,47.3434414562604,397.325888032619,0,85.9256250560599,86.5,1.31536988457965e-24,259,0,259,172.42562505606,142.474553218013,0,85.9256250560599,1,0,0
3.16,47.3415106715273,397.325888032619,0,85.9256250560599,86.5,1.24960139035067e-24,259,0,259,172.42562505606,141.518192142267,0,85.9256250560599,1,0,0
3.161,47.3395805080247,397.325888032619,0,85.9256250560599,86.5,1.18712132083313e-24,259,0,259,172.42562505606,140.561135984016,0,85.9256250560599,1,0,0
3.162,47.3376509655529,397.325888032619,0,85.9256250560599,86.5,1.12776525479148e-24,259,0,259,172.42562505606,139.603384966905,0,85.9256250560599,1,0,0
3.163,47.335722043912,397.325888032619,0,85.9256250560599,86.5,1.0713769920519e-24,259,0,259,172.42562505606,138.644939314504,0,85.9256250560599,1,0,0
3.164,47.3337937429022,397.325888032619,0,85.9256250560599,86.5,1.01780814244931e-24,259,0,259,172.42562505606,137.685799250313,0,85.9256250560599,1,0,0
3.165,47.3318660623239,397.325888032619,0,85.9256250560599,86.5,9.66917735326843e-25,259,0,259,172.42562505606,136.725964997757,0,85.9256250560599,1,0,0
3.166,47.3299390019775,397.325888032619,0,85.9256250560599,86.5,9.18571848560501e-25,259,0,259,172.42562505606,135.765436780194,0,85.9256250560599,1,0,0
3.167,47.3280125616634,397.325888032619,0,85.9256250560599,86.5,8.72643256132476e-25,259,0,259,172.42562505606,134.804214820906,0,85.9256250560599,1,0,0
3.168,47.326086741182,397.325888032619,0,85.9256250560599,86.5,8.29011093325852e-25,259,0,259,172.42562505606,133.842299343105,0,85.9256250560599,1,0,0
3.169,47.324161540334,397.325888032619,0,85.9256250560599,86.5,7.87560538659559e-25,259,0,259,172.42562505606,132.87969056993,0,85.9256250560599,1,0,0
3.17,47.32223695892,397.325888032619,0,85.9256250560599,86.5,7.48182511726581e-25,259,0,259,172.42562505606,131.916388724451,0,85.9256250560599,1,0,0
3.171,47.3203129967407,397.325888032619,0,85.9256250560599,86.5,7.10773386140252e-25,259,0,259,172.42562505606,130.952394029662,0,85.9256250560599,1,0,0
3.172,47.3183896535968,397.325888032619,0,85.9256250560599,86.5,6.7523471683324e-25,259,0,259,172.42562505606,129.987706708489,0,85.9256250560599,1,0,0
3.173,47.3164669292892,397.325888032619,0,85.9256250560599,86.5,6.41472980991578e-25,259,0,259,172.42562505606,129.022326983783,0,85.9256250560599,1,0,0
3.174,47.3145448236188,397.325888032619,0,85.9256250560599,86.5,6.09399331941999e-25,259,0,259,172.42562505606,128.056255078328,0,85.9256250560599,1,0,0
3.175,47.3126233363865,397.325888032619,0,85.9256250560599,86.5,5.78929365344899e-25,259,0,259,172.42562505606,127.08949121483,0,85.9256250560599,1,0,0
3.176,47.3107024673933,397.325888032619,0,85.9256250560599,86.5,5.49982897077654e-25,259,0,259,172.42562505606,126.122035615929,0,85.9256250560599,1,0,0
3.177,47.3087822164404,397.325888032619,0,85.9256250560599,86.5,5.22483752223771e-25,259,0,259,172.42562505606,125.153888504191,0,85.9256250560599,1,0,0
3.178,47.3068625833288,397.325888032619,0,85.9256250560599,86.5,4.96359564612583e-25,259,0,259,172.42562505606,124.18505010211,0,85.9256250560599,1,0,0
3.179,47.3049435678598,397.325888032619,0,85.9256250560599,86.5,4.71541586381954e-25,259,0,259,172.42562505606,123.215520632108,0,85.9256250560599,1,0,0
3.18,47.3030251698346,397.325888032619,0,85.9256250560599,86.5,4.47964507062856e-25,259,0,259,172.42562505606,122.245300316537,0,85.9256250560599,1,0,0
3.181,47.3011073890546,397.325888032619,0,85.9256250560599,86.5,4.25566281709713e-25,259,0,259,172.42562505606,121.274389377678,0,85.9256250560599,1,0,0
3.182,47.2991902253212,397.325888032619,0,85.9256250560599,86.5,4.04287967624227e-25,259,0,259,172.42562505606,120.302788037738,0,85.9256250560599,1,0,0
3.183,47.2972736784358,397.325888032619,0,85.9256250560599,86.5,3.84073569243016e-25,259,0,259,172.42562505606,119.330496518853,0,85.9256250560599,1,0,0
3.184,47.2953577482,397.325888032619,0,85.9256250560599,86.5,3.64869890780865e-25,259,0,259,172.42562505606,118.35751504309,0,85.9256250560599,1,0,0
3.185,47.2934424344154,397.325888032619,0,85.9256250560599,86.5,3.46626396241822e-25,259,0,259,172.42562505606,117.383843832442,0,85.9256250560599,1,0,0
3.186,47.2915277368836,397.325888032619,0,85.9256250560599,86.5,3.29295076429731e-25,259,0,259,172.42562505606,116.409483108832,0,85.9256250560599,1,0,0
3.187,47.2896136554063,397.325888032619,0,85.9256250560599,86.5,3.12830322608244e-25,259,0,259,172.42562505606,115.43443309411,0,85.9256250560599,1,0,0
3.188,47.2877001897854,397.325888032619,0,85.9256250560599,86.5,2.97188806477832e-25,259,0,259,172.42562505606,114.458694010056,0,85.9256250560599,1,0,0
3.189,47.2857873398227,397.325888032619,0,85.9256250560599,86.5,2.82329366153941e-25,259,0,259,172.42562505606,113.482266078379,0,85.9256250560599,1,0,0
3.19,47.2838751053201,397.325888032619,0,85.9256250560599,86.5,2.68212897846244e-25,259,0,259,172.42562505606,112.505149520715,0,85.9256250560599,1,0,0
3.191,47.2819634860795,397.325888032619,0,85.9256250560599,86.5,2.54802252953931e-25,259,0,259,172.42562505606,111.52734455863,0,85.9256250560599,1,0,0
3.192,47.280052481903,397.325888032619,0,85.9256250560599,86.5,2.42062140306235e-25,259,0,259,172.42562505606,110.548851413619,0,85.9256250560599,1,0,0
3.193,47.2781420925927,397.325888032619,0,85.9256250560599,86.5,2.29959033290923e-25,259,0,259,172.42562505606,109.569670307104,0,85.9256250560599,1,0,0
3.194,47.2762323179509,397.325888032619,0,85.9256250560599,86.5,2.18461081626377e-25,259,0,259,172.42562505606,108.589801460437,0,85.9256250560599,1,0,0
3.195,47.2743231577796,397.325888032619,0,85.9256250560599,86.5,2.07538027545058e-25,259,0,259,172.42562505606,107.6092450949,0,85.9256250560599,1,0,0
3.196,47.2724146118812,397.325888032619,0,85.9256250560599,86.5,1.97161126167805e-25,259,0,259,172.42562505606,106.6280014317,0,85.9256250560599,1,0,0
3.197,47.2705066800581,397.325888032619,0,85.9256250560599,86.5,1.87303069859415e-25,259,0,259,172.42562505606,105.646070691977,0,85.9256250560599,1,0,0
3.198,47.2685993621126,397.325888032619,0,85.9256250560599,86.5,1.77937916366444e-25,259,0,259,172.42562505606,104.663453096798,0,85.9256250560599,1,0,0
3.199,47.2666926578473,397.325888032619,0,85.9256250560599,86.5,1.69041020548122e-25,259,0,259,172.42562505606,103.680148867159,0,85.9256250560599,1,0,0
3.2,47.2647865670648,397.325888032619,0,85.9256250560599,86.5,1.60588969520716e-25,259,0,259,172.42562505606,102.696158223984,0,85.9256250560599,1,0,0
3.201,47.2628810895675,397.325888032619,0,85.9256250560599,86.5,1.5255952104468e-25,259,0,259,172.42562505606,101.711481388127,0,85.9256250560599,1,0,0
3.202,47.2609762251583,397.325888032619,0,85.9256250560599,86.5,1.44931544992446e-25,259,0,259,172.42562505606,100.726118580372,0,85.9256250560599,1,0,0
3.203,47.2590719736397,397.325888032619,0,85.9256250560599,86.5,1.37684967742824e-25,259,0,259,172.42562505606,99.7400700214286,0,85.9256250560599,1,0,0
3.204,47.2571683348148,397.325888032619,0,85.9256250560599,86.5,1.30800719355683e-25,259,0,259,172.42562505606,98.7533359319389,0,85.9256250560599,1,0,0
3.205,47.2552653084862,397.325888032619,0,85.9256250560599,86.5,1.24260683387898e-25,259,0,259,172.42562505606,97.7659165324722,0,85.9256250560599,1,0,0
3.206,47.2533628944569,397.325888032619,0,85.9256250560599,86.5,1.18047649218504e-25,259,0,259,172.42562505606,96.7778120435272,0,85.9256250560599,1,0,0
3.207,47.25146109253,397.325888032619,0,85.9256250560599,86.5,1.12145266757578e-25,259,0,259,172.42562505606,95.7890226855317,0,85.9256250560599,1,0,0
3.208,47.2495599025085,397.325888032619,0,85.9256250560599,86.5,1.06538003419699e-25,259,0,259,172.42562505606,94.7995486788425,0,85.9256250560599,1,0,0
3.209,47.2476593241955,397.325888032619,0,85.9256250560599,86.5,1.01211103248714e-25,259,0,259,172.42562505606,93.8093902437455,0,85.9256250560599,1,0,0
3.21,47.2457593573941,397.325888032619,0,85.9256250560599,86.5,9.61505480862787e-26,259,0,259,172.42562505606,92.8185476004559,0,85.9256250560599,1,0,0
3.211,47.2438600019077,397.325888032619,0,85.9256250560599,86.5,9.13430206819648e-26,259,0,259,172.42562505606,91.8270209691178,0,85.9256250560599,1,0,0
3.212,47.2419612575395,397.325888032619,0,85.9256250560599,86.5,8.67758696478666e-26,259,0,259,172.42562505606,90.8348105698045,0,85.9256250560599,1,0,0
3.213,47.240063124093,397.325888032619,0,85.9256250560599,86.5,8.24370761654732e-26,259,0,259,172.42562505606,89.8419166225188,0,85.9256250560599,1,0,0
3.214,47.2381656013714,397.325888032619,0,85.9256250560599,86.5,7.83152223571996e-26,259,0,259,172.42562505606,88.8483393471922,0,85.9256250560599,1,0,0
3.215,47.2362686891785,397.325888032619,0,85.9256250560599,86.5,7.43994612393396e-26,259,0,259,172.42562505606,87.854078963686,0,85.9256250560599,1,0,0
3.216,47.2343723873176,397.325888032619,0,85.9256250560599,86.5,7.06794881773726e-26,259,0,259,172.42562505606,86.8591356917903,0,85.9256250560599,1,0,0
3.217,47.2324766955925,397.325888032619,0,85.9256250560599,86.5,6.7145513768504e-26,259,0,259,172.42562505606,85.8635097512246,0,85.9256250560599,1,0,0
3.218,47.2305816138067,397.325888032619,0,85.9256250560599,86.5,6.37882380800788e-26,259,0,259,172.42562505606,84.8672013616379,0,85.9256250560599,1,0,0
3.219,47.2286871417642,397.325888032619,0,85.9256250560599,86.5,6.05988261760749e-26,259,0,259,172.42562505606,83.8702107426083,0,85.9256250560599,1,0,0
3.22,47.2267932792687,397.325888032619,0,85.9256250560599,86.5,5.75688848672711e-26,259,0,259,172.42562505606,82.8725381136434,0,85.9256250560599,1,0,0
3.221,47.224900026124,397.325888032619,0,85.9256250560599,86.5,5.46904406239076e-26,259,0,259,172.42562505606,81.8741836941802,0,85.9256250560599,1,0,0
3.222,47.2230073821341,397.325888032619,0,85.9256250560599,86.5,5.19559185927122e-26,259,0,259,172.42562505606,80.8751477035849,0,85.9256250560599,1,0,0
3.223,47.2211153471031,397.325888032619,0,85.9256250560599,86.5,4.93581226630766e-26,259,0,259,172.42562505606,79.8754303611531,0,85.9256250560599,1,0,0
3.224,47.2192239208349,397.325888032619,0,85.9256250560599,86.5,4.68902165299227e-26,259,0,259,172.42562505606,78.8750318861102,0,85.9256250560599,1,0,0
3.225,47.2173331031337,397.325888032619,0,85.9256250560599,86.5,4.45457057034266e-26,259,0,259,172.42562505606,77.8739524976107,0,85.9256250560599,1,0,0
3.226,47.2154428938037,397.325888032619,0,85.9256250560599,86.5,4.23184204182553e-26,259,0,259,172.42562505606,76.8721924147388,0,85.9256250560599,1,0,0
3.227,47.2135532926492,397.325888032619,0,85.9256250560599,86.5,4.02024993973425e-26,259,0,259,172.42562505606,75.8697518565082,0,85.9256250560599,1,0,0
3.228,47.2116642994745,397.325888032619,0,85.9256250560599,86.5,3.81923744274754e-26,259,0,259,172.42562505606,74.8666310418619,0,85.9256250560599,1,0,0
3.229,47.209775914084,397.325888032619,0,85.9256250560599,86.5,3.62827557061016e-26,259,0,259,172.42562505606,73.8628301896728,0,85.9256250560599,1,0,0
3.23,47.207888136282,397.325888032619,0,85.9256250560599,86.5,3.44686179207965e-26,259,0,259,172.42562505606,72.858349518743,0,85.9256250560599,1,0,0
3.231,47.2060009658732,397.325888032619,0,85.9256250560599,86.5,3.27451870247567e-26,259,0,259,172.42562505606,71.8531892478046,0,85.9256250560599,1,0,0
3.232,47.204114402662,397.325888032619,0,85.9256250560599,86.5,3.11079276735189e-26,259,0,259,172.42562505606,70.8473495955188,0,85.9256250560599,1,0,0
3.233,47.2022284464532,397.325888032619,0,85.9256250560599,86.5,2.95525312898429e-26,259,0,259,172.42562505606,69.8408307804771,0,85.9256250560599,1,0,0
3.234,47.2003430970514,397.325888032619,0,85.9256250560599,86.5,2.80749047253508e-26,259,0,259,172.42562505606,68.8336330212003,0,85.9256250560599,1,0,0
3.235,47.1984583542613,397.325888032619,0,85.9256250560599,86.5,2.66711594890832e-26,259,0,259,172.42562505606,67.8257565361388,0,85.9256250560599,1,0,0
3.236,47.1965742178879,397.325888032619,0,85.9256250560599,86.5,2.53376015146291e-26,259,0,259,172.42562505606,66.8172015436729,0,85.9256250560599,1,0,0
3.237,47.1946906877359,397.325888032619,0,85.9256250560599,86.5,2.40707214388976e-26,259,0,259,172.42562505606,65.8079682621125,0,85.9256250560599,1,0,0
3.238,47.1928077636104,397.325888032619,0,85.9256250560599,86.5,2.28671853669528e-26,259,0,259,172.42562505606,64.7980569096974,0,85.9256250560599,1,0,0
3.239,47.1909254453163,397.325888032619,0,85.9256250560599,86.5,2.17238260986051e-26,259,0,259,172.42562505606,63.7874677045971,0,85.9256250560599,1,0,0
3.24,47.1890437326588,397.325888032619,0,85.9256250560599,86.5,2.06376347936749e-26,259,0,259,172.42562505606,62.776200864911,0,85.9256250560599,1,0,0
3.241,47.1871626254428,397.325888032619,0,85.9256250560599,86.5,1.96057530539911e-26,259,0,259,172.42562505606,61.7642566086682,0,85.9256250560599,1,0,0
3.242,47.1852821234738,397.325888032619,0,85.9256250560599,86.5,1.86254654012916e-26,259,0,259,172.42562505606,60.7516351538276,0,85.9256250560599,1,0,0
3.243,47.1834022265568,397.325888032619,0,85.9256250560599,86.5,1.7694192131227e-26,259,0,259,172.42562505606,59.7383367182782,0,85.9256250560599,1,0,0
3.244,47.1815229344973,397.325888032619,0,85.9256250560599,86.5,1.68094825246656e-26,259,0,259,172.42562505606,58.7243615198387,0,85.9256250560599,1,0,0
3.245,47.1796442471006,397.325888032619,0,85.9256250560599,86.5,1.59690083984324e-26,259,0,259,172.42562505606,57.7097097762577,0,85.9256250560599,1,0,0
3.246,47.1777661641722,397.325888032619,0,85.9256250560599,86.5,1.51705579785107e-26,259,0,259,172.42562505606,56.6943817052139,0,85.9256250560599,1,0,0
3.247,47.1758886855176,397.325888032619,0,85.9256250560599,86.5,1.44120300795852e-26,259,0,259,172.42562505606,55.6783775243159,0,85.9256250560599,1,0,0
3.248,47.1740118109424,397.325888032619,0,85.9256250560599,86.5,1.36914285756059e-26,259,0,259,172.42562505606,54.6616974511022,0,85.9256250560599,1,0,0
3.249,47.1721355402521,397.325888032619,0,85.9256250560599,86.5,1.30068571468256e-26,259,0,259,172.42562505606,53.6443417030415,0,85.9256250560599,1,0,0
3.25,47.1702598732525,397.325888032619,0,85.9256250560599,86.5,1.23565142894844e-26,259,0,259,172.42562505606,52.6263104975323,0,85.9256250560599,1,0,0
3.251,47.1683848097494,397.325888032619,0,85.9256250560599,86.5,1.17386885750101e-26,259,0,259,172.42562505606,51.6076040519032,0,85.9256250560599,1,0,0
3.252,47.1665103495486,397.325888032619,0,85.9256250560599,86.5,1.11517541462596e-26,259,0,259,172.42562505606,50.588222583413,0,85.9256250560599,1,0,0
3.253,47.164636492456,397.325888032619,0,85.9256250560599,86.5,1.05941664389467e-26,259,0,259,172.42562505606,49.5681663092504,0,85.9256250560599,1,0,0
3.254,47.1627632382774,397.325888032619,0,85.9256250560599,86.5,1.00644581169993e-26,259,0,259,172.42562505606,48.5474354465346,0,85.9256250560599,1,0,0
3.255,47.1608905868191,397.325888032619,0,85.9256250560599,86.5,9.56123521114935e-27,259,0,259,172.42562505606,47.5260302123145,0,85.9256250560599,1,0,0
3.256,47.1590185378869,397.325888032619,0,85.9256250560599,86.5,9.08317345059188e-27,259,0,259,172.42562505606,46.5039508235694,0,85.9256250560599,1,0,0
3.257,47.157147091287,397.325888032619,0,85.9256250560599,86.5,8.62901477806229e-27,259,0,259,172.42562505606,45.4811974972086,0,85.9256250560599,1,0,0
3.258,47.1552762468257,397.325888032619,0,85.9256250560599,86.5,8.19756403915918e-27,259,0,259,172.42562505606,44.4577704500719,0,85.9256250560599,1,0,0
3.259,47.1534060043093,397.325888032619,0,85.9256250560599,86.5,7.78768583720122e-27,259,0,259,172.42562505606,43.4336698989291,0,85.9256250560599,1,0,0
3.26,47.1515363635439,397.325888032619,0,85.9256250560599,86.5,7.39830154534116e-27,259,0,259,172.42562505606,42.4088960604805,0,85.9256250560599,1,0,0
3.261,47.1496673243361,397.325888032619,0,85.9256250560599,86.5,7.0283864680741e-27,259,0,259,172.42562505606,41.3834491513563,0,85.9256250560599,1,0,0
3.262,47.1477988864922,397.325888032619,0,85.9256250560599,86.5,6.67696714467039e-27,259,0,259,172.42562505606,40.3573293881173,0,85.9256250560599,1,0,0
3.263,47.1459310498188,397.325888032619,0,85.9256250560599,86.5,6.34311878743687e-27,259,0,259,172.42562505606,39.3305369872545,0,85.9256250560599,1,0,0
3.264,47.1440638141225,397.325888032619,0,85.9256250560599,86.5,6.02596284806503e-27,259,0,259,172.42562505606,38.3030721651893,0,85.9256250560599,1,0,0
3.265,47.1421971792099,397.325888032619,0,85.9256250560599,86.5,5.72466470566178e-27,259,0,259,172.42562505606,37.2749351382734,0,85.9256250560599,1,0,0
3.266,47.1403311448876,397.325888032619,0,85.9256250560599,86.5,5.43843147037869e-27,259,0,259,172.42562505606,36.2461261227889,0,85.9256250560599,1,0,0
3.267,47.1384657109625,397.325888032619,0,85.9256250560599,86.5,5.16650989685976e-27,259,0,259,172.42562505606,35.2166453349485,0,85.9256250560599,1,0,0
3.268,47.1366008772413,397.325888032619,0,85.9256250560599,86.5,4.90818440201677e-27,259,0,259,172.42562505606,34.1864929908949,0,85.9256250560599,1,0,0
3.269,47.134736643531,397.325888032619,0,85.9256250560599,86.5,4.66277518191593e-27,259,0,259,172.42562505606,33.1556693067018,0,85.9256250560599,1,0,0
3.27,47.1328730096385,397.325888032619,0,85.9256250560599,86.5,4.42963642282013e-27,259,0,259,172.42562505606,32.124174498373,0,85.9256250560599,1,0,0
3.271,47.1310099753708,397.325888032619,0,85.9256250560599,86.5,4.20815460167913e-27,259,0,259,172.42562505606,31.0920087818428,0,85.9256250560599,1,0,0
3.272,47.1291475405349,397.325888032619,0,85.9256250560599,86.5,3.99774687159517e-27,259,0,259,172.42562505606,30.0591723729762,0,85.9256250560599,1,0,0
3.273,47.1272857049381,397.325888032619,0,85.9256250560599,86.5,3.79785952801541e-27,259,0,259,172.42562505606,29.0256654875688,0,85.9256250560599,1,0,0
3.274,47.1254244683875,397.325888032619,0,85.9256250560599,86.5,3.60796655161464e-27,259,0,259,172.42562505606,27.9914883413465,0,85.9256250560599,1,0,0
3.275,47.1235638306903,397.325888032619,0,85.9256250560599,86.5,3.42756822403391e-27,259,0,259,172.42562505606,26.9566411499661,0,85.9256250560599,1,0,0
3.276,47.1217037916539,397.325888032619,0,85.9256250560599,86.5,3.25618981283221e-27,259,0,259,172.42562505606,25.9211241290146,0,85.9256250560599,1,0,0
3.277,47.1198443510857,397.325888032619,0,85.9256250560599,86.5,3.0933803221906e-27,259,0,259,172.42562505606,24.88493749401,0,85.9256250560599,1,0,0
3.278,47.1179855087931,397.325888032619,0,85.9256250560599,86.5,2.93871130608107e-27,259,0,259,172.42562505606,23.8480814604009,0,85.9256250560599,1,0,0
3.279,47.1161272645836,397.325888032619,0,85.9256250560599,86.5,2.79177574077702e-27,259,0,259,172.42562505606,22.8105562435664,0,85.9256250560599,1,0,0
3.28,47.1142696182647,397.325888032619,0,85.9256250560599,86.5,2.65218695373817e-27,259,0,259,172.42562505606,21.7723620588165,0,85.9256250560599,1,0,0
3.281,47.1124125696442,397.325888032619,0,85.9256250560599,86.5,2.51957760605126e-27,259,0,259,172.42562505606,20.7334991213918,0,85.9256250560599,1,0,0
3.282,47.1105561185296,397.325888032619,0,85.9256250560599,86.5,2.3935987257487e-27,259,0,259,172.42562505606,19.6939676464637,0,85.9256250560599,1,0,0
3.283,47.1087002647288,397.325888032619,0,85.9256250560599,86.5,2.27391878946126e-27,259,0,259,172.42562505606,18.6537678491343,0,85.9256250560599,1,0,0
3.284,47.1068450080496,397.325888032619,0,85.9256250560599,86.5,2.1602228499882e-27,259,0,259,172.42562505606,17.6128999444366,0,85.9256250560599,1,0,0
3.285,47.1049903482997,397.325888032619,0,85.9256250560599,86.5,2.05221170748879e-27,259,0,259,172.42562505606,16.5713641473344,0,85.9256250560599,1,0,0
3.286,47.1031362852873,397.325888032619,0,85.9256250560599,86.5,1.94960112211435e-27,259,0,259,172.42562505606,15.5291606727224,0,85.9256250560599,1,0,0
3.287,47.1012828188202,397.325888032619,0,85.9256250560599,86.5,1.85212106600863e-27,259,0,259,172.42562505606,14.4862897354258,0,85.9256250560599,1,0,0
3.288,47.0994299487066,397.325888032619,0,85.9256250560599,86.5,1.7595150127082e-27,259,0,259,172.42562505606,13.4427515502011,0,85.9256250560599,1,0,0
3.289,47.0975776747545,397.325888032619,0,85.9256250560599,86.5,1.67153926207279e-27,259,0,259,172.42562505606,12.3985463317354,0,85.9256250560599,1,0,0
3.29,47.0957259967721,397.325888032619,0,85.9256250560599,86.5,1.58796229896915e-27,259,0,259,172.42562505606,11.353674294647,0,85.9256250560599,1,0,0
3.291,47.0938749145677,397.325888032619,0,85.9256250560599,86.5,1.50856418402069e-27,259,0,259,172.42562505606,10.3081356534849,0,85.9256250560599,1,0,0
3.292,47.0920244279497,397.325888032619,0,85.9256250560599,86.5,1.43313597481966e-27,259,0,259,172.42562505606,9.26193062272931,0,85.9256250560599,1,0,0
3.293,47.0901745367263,397.325888032619,0,85.9256250560599,86.5,1.36147917607868e-27,259,0,259,172.42562505606,8.21505941679124,0,85.9256250560599,1,0,0
3.294,47.088325240706,397.325888032619,0,85.9256250560599,86.5,1.29340521727474e-27,259,0,259,172.42562505606,7.16752225001273,0,85.9256250560599,1,0,0
3.295,47.0864765396972,397.325888032619,0,85.9256250560599,86.5,1.228734956411e-27,259,0,259,172.42562505606,6.11931933666689,0,85.9256250560599,1,0,0
3.296,47.0846284335087,397.325888032619,0,85.9256250560599,86.5,1.16729820859045e-27,259,0,259,172.42562505606,5.07045089095791,0,85.9256250560599,1,0,0
3.297,47.0827809219488,397.325888032619,0,85.9256250560599,86.5,1.10893329816093e-27,259,0,259,172.42562505606,4.02091712702099,0,85.9256250560599,1,0,0
3.298,47.0809340048265,397.325888032619,0,85.9256250560599,86.5,1.05348663325289e-27,259,0,259,172.42562505606,2.97071825892253,0,85.9256250560599,1,0,0
3.299,47.0790876819503,397.325888032619,0,85.9256250560599,86.5,1.00081230159024e-27,259,0,259,172.42562505606,1.91985450066001,0,85.9256250560599,1,0,0
3.3,47.0772419531291,397.325888032619,0,85.9256250560599,86.5,9.50771686510729e-28,259,0,259,172.42562505606,0.868326066162123,0,85.9256250560599,1,0,0
3.301,47.0753968181717,397.325888032619,0,85.9256250560599,86.5,9.03233102185193e-28,259,0,259,172.42562505606,-0.18386683071145,0,85.9256250560599,1,0,0
3.302,47.0735522768871,397.325888032619,0,85.9256250560599,86.5,8.58071447075933e-28,259,0,259,172.42562505606,-1.23672397616962,0,85.9256250560599,1,0,0
3.303,47.0717083290842,397.325888032619,0,85.9256250560599,86.5,8.15167874722136e-28,259,0,259,172.42562505606,-2.29024515649032,0,85.9256250560599,1,0,0
3.304,47.0698649745721,397.325888032619,0,85.9256250560599,86.5,7.7440948098603e-28,259,0,259,172.42562505606,-3.34443015801996,0,85.9256250560599,1,0,0
3.305,47.06802221316,397.325888032619,0,85.9256250560599,86.5,7.35689006936728e-28,259,0,259,172.42562505606,-4.39927876717396,0,85.9256250560599,1,0,0
3.306,47.0661800446569,397.325888032619,0,85.9256250560599,86.5,6.98904556589892e-28,259,0,259,172.42562505606,-5.45479077043634,0,85.9256250560599,1,0,0
3.307,47.0643384688722,397.325888032619,0,85.9256250560599,86.5,6.63959328760397e-28,259,0,259,172.42562505606,-6.51096595435983,0,85.9256250560599,1,0,0
3.308,47.062497485615,397.325888032619,0,85.9256250560599,86.5,6.30761362322377e-28,259,0,259,172.42562505606,-7.56780410556584,0,85.9256250560599,1,0,0
3.309,47.0606570946948,397.325888032619,0,85.9256250560599,86.5,5.99223294206258e-28,259,0,259,172.42562505606,-8.6253050107444,0,85.9256250560599,1,0,0
3.31,47.058817295921,397.325888032619,0,85.9256250560599,86.5,5.69262129495945e-28,259,0,259,172.42562505606,-9.68346845665433,0,85.9256250560599,1,0,0
3.311,47.056978089103,397.325888032619,0,85.9256250560599,86.5,5.40799023021148e-28,259,0,259,172.42562505606,-10.7422942301228,0,85.9256250560599,1,0,0
3.312,47.0551394740504,397.325888032619,0,85.9256250560599,86.5,5.13759071870091e-28,259,0,259,172.42562505606,-11.8017821180457,0,85.9256250560599,1,0,0
3.313,47.0533014505727,397.325888032619,0,85.9256250560599,86.5,4.88071118276586e-28,259,0,259,172.42562505606,-12.8619319073876,0,85.9256250560599,1,0,0
3.314,47.0514640184798,397.325888032619,0,85.9256250560599,86.5,4.63667562362757e-28,259,0,259,172.42562505606,-13.9227433851815,0,85.9256250560599,1,0,0
3.315,47.0496271775812,397.325888032619,0,85.9256250560599,86.5,4.40484184244619e-28,259,0,259,172.42562505606,-14.9842163385287,0,85.9256250560599,1,0,0
3.316,47.0477909276867,397.325888032619,0,85.9256250560599,86.5,4.18459975032388e-28,259,0,259,172.42562505606,-16.0463505545995,0,85.9256250560599,1,0,0
3.317,47.0459552686062,397.325888032619,0,85.9256250560599,86.5,3.97536976280769e-28,259,0,259,172.42562505606,-17.1091458206323,0,85.9256250560599,1,0,0
3.318,47.0441202001497,397.325888032619,0,85.9256250560599,86.5,3.7766012746673e-28,259,0,259,172.42562505606,-18.172601923934,0,85.9256250560599,1,0,0
3.319,47.042285722127,397.325888032619,0,85.9256250560599,86.5,3.58777121093394e-28,259,0,259,172.42562505606,-19.2367186518802,0,85.9256250560599,1,0,0
3.32,47.0404518343482,397.325888032619,0,85.9256250560599,86.5,3.40838265038724e-28,259,0,259,172.42562505606,-20.3014957919144,0,85.9256250560599,1,0,0
3.321,47.0386185366234,397.325888032619,0,85.9256250560599,86.5,3.23796351786788e-28,259,0,259,172.42562505606,-21.366933131549,0,85.9256250560599,1,0,0
3.322,47.0367858287627,397.325888032619,0,85.9256250560599,86.5,3.07606534197448e-28,259,0,259,172.42562505606,-22.4330304583646,0,85.9256250560599,1,0,0
3.323,47.0349537105763,397.325888032619,0,85.9256250560599,86.5,2.92226207487576e-28,259,0,259,172.42562505606,-23.49978756001,0,85.9256250560599,1,0,0
3.324,47.0331221818746,397.325888032619,0,85.9256250560599,86.5,2.77614897113197e-28,259,0,259,172.42562505606,-24.5672042242025,0,85.9256250560599,1,0,0
3.325,47.0312912424678,397.325888032619,0,85.9256250560599,86.5,2.63734152257537e-28,259,0,259,172.42562505606,-25.6352802387276,0,85.9256250560599,1,0,0
3.326,47.0294608921664,397.325888032619,0,85.9256250560599,86.5,2.50547444644661e-28,259,0,259,172.42562505606,-26.7040153914392,0,85.9256250560599,1,0,0
3.327,47.0276311307807,397.325888032619,0,85.9256250560599,86.5,2.38020072412428e-28,259,0,259,172.42562505606,-27.7734094702594,0,85.9256250560599,1,0,0
3.328,47.0258019581214,397.325888032619,0,85.9256250560599,86.5,2.26119068791806e-28,259,0,259,172.42562505606,-28.8434622631782,0,85.9256250560599,1,0,0
3.329,47.023973373999,397.325888032619,0,85.9256250560599,86.5,2.14813115352216e-28,259,0,259,172.42562505606,-29.9141735582545,0,85.9256250560599,1,0,0
3.33,47.0221453782241,397.325888032619,0,85.9256250560599,86.5,2.04072459584605e-28,259,0,259,172.42562505606,-30.9855431436149,0,85.9256250560599,1,0,0
3.331,47.0203179706074,397.325888032619,0,85.9256250560599,86.5,1.93868836605375e-28,259,0,259,172.42562505606,-32.0575708074542,0,85.9256250560599,1,0,0
3.332,47.0184911509597,397.325888032619,0,85.9256250560599,86.5,1.84175394775106e-28,259,0,259,172.42562505606,-33.1302563380356,0,85.9256250560599,1,0,0
3.333,47.0166649190919,397.325888032619,0,85.9256250560599,86.5,1.74966625036351e-28,259,0,259,172.42562505606,-34.2035995236901,0,85.9256250560599,1,0,0
3.334,47.0148392748147,397.325888032619,0,85.9256250560599,86.5,1.66218293784533e-28,259,0,259,172.42562505606,-35.277600152817,0,85.9256250560599,1,0,0
3.335,47.0130142179391,397.325888032619,0,85.9256250560599,86.5,1.57907379095307e-28,259,0,259,172.42562505606,-36.3522580138837,0,85.9256250560599,1,0,0
3.336,47.0111897482762,397.325888032619,0,85.9256250560599,86.5,1.50012010140541e-28,259,0,259,172.42562505606,-37.4275728954257,0,85.9256250560599,1,0,0
3.337,47.009365865637,397.325888032619,0,85.9256250560599,86.5,1.42511409633514e-28,259,0,259,172.42562505606,-38.5035445860462,0,85.9256250560599,1,0,0
3.338,47.0075425698326,397.325888032619,0,85.9256250560599,86.5,1.35385839151838e-28,259,0,259,172.42562505606,-39.5801728744169,0,85.9256250560599,1,0,0
3.339,47.0057198606742,397.325888032619,0,85.9256250560599,86.5,1.28616547194247e-28,259,0,259,172.42562505606,-40.6574575492772,0,85.9256250560599,1,0,0
3.34,47.0038977379731,397.325888032619,0,85.9256250560599,86.5,1.22185719834534e-28,259,0,259,172.42562505606,-41.7353983994345,0,85.9256250560599,1,0,0
3.341,47.0020762015406,397.325888032619,0,85.9256250560599,86.5,1.16076433842807e-28,259,0,259,172.42562505606,-42.8139952137642,0,85.9256250560599,1,0,0
3.342,47.000255251188,397.325888032619,0,85.9256250560599,86.5,1.10272612150667e-28,259,0,259,172.42562505606,-43.8932477812096,0,85.9256250560599,1,0,0
3.343,46.9984348867267,397.325888032619,0,85.9256250560599,86.5,1.04758981543134e-28,259,0,259,172.42562505606,-44.9731558907819,0,85.9256250560599,1,0,0
3.344,46.9966151079683,397.325888032619,0,85.9256250560599,86.5,9.9521032465977e-29,259,0,259,172.42562505606,-46.0537193315603,0,85.9256250560599,1,0,0
3.345,46.9947959147243,397.325888032619,0,85.9256250560599,86.5,9.45449808426782e-29,259,0,259,172.42562505606,-47.1349378926917,0,85.9256250560599,1,0,0
3.346,46.9929773068063,397.325888032619,0,85.9256250560599,86.5,8.98177318005443e-29,259,0,259,172.42562505606,-48.216811363391,0,85.9256250560599,1,0,0
3.347,46.991159284026,397.325888032619,0,85.9256250560599,86.5,8.5326845210517e-29,259,0,259,172.42562505606,-49.2993395329407,0,85.9256250560599,1,0,0
3.348,46.9893418461951,397.325888032619,0,85.9256250560599,86.5,8.10605029499912e-29,259,0,259,172.42562505606,-50.3825221906913,0,85.9256250560599,1,0,0
3.349,46.9875249931254,397.325888032619,0,85.9256250560599,86.5,7.70074778024916e-29,259,0,259,172.42562505606,-51.4663591260611,0,85.9256250560599,1,0,0
3.35,46.9857087246288,397.325888032619,0,85.9256250560599,86.5,7.3157103912367e-29,259,0,259,172.42562505606,-52.5508501285359,0,85.9256250560599,1,0,0
3.351,46.9838930405171,397.325888032619,0,85.9256250560599,86.5,6.94992487167487e-29,259,0,259,172.42562505606,-53.6359949876695,0,85.9256250560599,1,0,0
3.352,46.9820779406024,397.325888032619,0,85.9256250560599,86.5,6.60242862809113e-29,259,0,259,172.42562505606,-54.7217934930833,0,85.9256250560599,1,0,0
3.353,46.9802634246967,397.325888032619,0,85.9256250560599,86.5,6.27230719668657e-29,259,0,259,172.42562505606,-55.8082454344665,0,85.9256250560599,1,0,0
3.354,46.9784494926121,397.325888032619,0,85.9256250560599,86.5,5.95869183685224e-29,259,0,259,172.42562505606,-56.8953506015757,0,85.9256250560599,1,0,0
3.355,46.9766361441606,397.325888032619,0,85.9256250560599,86.5,5.66075724500963e-29,259,0,259,172.42562505606,-57.9831087842353,0,85.9256250560599,1,0,0
3.356,46.9748233791547,397.325888032619,0,85.9256250560599,86.5,5.37771938275915e-29,259,0,259,172.42562505606,-59.0715197723375,0,85.9256250560599,1,0,0
3.357,46.9730111974064,397.325888032619,0,85.9256250560599,86.5,5.10883341362119e-29,259,0,259,172.42562505606,-60.1605833558419,0,85.9256250560599,1,0,0
3.358,46.9711995987282,397.325888032619,0,85.9256250560599,86.5,4.85339174294013e-29,259,0,259,172.42562505606,-61.2502993247755,0,85.9256250560599,1,0,0
3.359,46.9693885829325,397.325888032619,0,85.9256250560599,86.5,4.61072215579312e-29,259,0,259,172.42562505606,-62.3406674692334,0,85.9256250560599,1,0,0
3.36,46.9675781498317,397.325888032619,0,85.9256250560599,86.5,4.38018604800347e-29,259,0,259,172.42562505606,-63.4316875793777,0,85.9256250560599,1,0,0
3.361,46.9657682992383,397.325888032619,0,85.9256250560599,86.5,4.16117674560329e-29,259,0,259,172.42562505606,-64.5233594454383,0,85.9256250560599,1,0,0
3.362,46.9639590309649,397.325888032619,0,85.9256250560599,86.5,3.95311790832313e-29,259,0,259,172.42562505606,-65.6156828577125,0,85.9256250560599,1,0,0
3.363,46.9621503448242,397.325888032619,0,85.9256250560599,86.5,3.75546201290697e-29,259,0,259,172.42562505606,-66.7086576065651,0,85.9256250560599,1,0,0
3.364,46.9603422406288,397.325888032619,0,85.9256250560599,86.5,3.56768891226162e-29,259,0,259,172.42562505606,-67.8022834824284,0,85.9256250560599,1,0,0
3.365,46.9585347181916,397.325888032619,0,85.9256250560599,86.5,3.38930446664854e-29,259,0,259,172.42562505606,-68.896560275802,0,85.9256250560599,1,0,0
3.366,46.9567277773252,397.325888032619,0,85.9256250560599,86.5,3.21983924331612e-29,259,0,259,172.42562505606,-69.9914877772531,0,85.9256250560599,1,0,0
3.367,46.9549214178427,397.325888032619,0,85.9256250560599,86.5,3.05884728115031e-29,259,0,259,172.42562505606,-71.0870657774161,0,85.9256250560599,1,0,0
3.368,46.9531156395569,397.325888032619,0,85.9256250560599,86.5,2.90590491709279e-29,259,0,259,172.42562505606,-72.1832940669927,0,85.9256250560599,1,0,0
3.369,46.9513104422809,397.325888032619,0,85.9256250560599,86.5,2.76060967123816e-29,259,0,259,172.42562505606,-73.2801724367522,0,85.9256250560599,1,0,0
3.37,46.9495058258276,397.325888032619,0,85.9256250560599,86.5,2.62257918767625e-29,259,0,259,172.42562505606,-74.3777006775311,0,85.9256250560599,1,0,0
3.371,46.9477017900103,397.325888032619,0,85.9256250560599,86.5,2.49145022829243e-29,259,0,259,172.42562505606,-75.4758785802332,0,85.9256250560599,1,0,0
3.372,46.9458983346421,397.325888032619,0,85.9256250560599,86.5,2.36687771687781e-29,259,0,259,172.42562505606,-76.5747059358295,0,85.9256250560599,1,0,0
3.373,46.9440954595362,397.325888032619,0,85.9256250560599,86.5,2.24853383103392e-29,259,0,259,172.42562505606,-77.6741825353584,0,85.9256250560599,1,0,0
3.374,46.942293164506,397.325888032619,0,85.9256250560599,86.5,2.13610713948223e-29,259,0,259,172.42562505606,-78.7743081699253,0,85.9256250560599,1,0,0
3.375,46.9404914493648,397.325888032619,0,85.9256250560599,86.5,2.02930178250812e-29,259,0,259,172.42562505606,-79.8750826307032,0,85.9256250560599,1,0,0
3.376,46.938690313926,397.325888032619,0,85.9256250560599,86.5,1.92783669338271e-29,259,0,259,172.42562505606,-80.9765057089319,0,85.9256250560599,1,0,0
3.377,46.9368897580031,397.325888032619,0,85.9256250560599,86.5,1.83144485871357e-29,259,0,259,172.42562505606,-82.0785771959186,0,85.9256250560599,1,0,0
3.378,46.9350897814097,397.325888032619,0,85.9256250560599,86.5,1.7398726157779e-29,259,0,259,172.42562505606,-83.1812968830375,0,85.9256250560599,1,0,0
3.379,46.9332903839593,397.325888032619,0,85.9256250560599,86.5,1.652878984989e-29,259,0,259,172.42562505606,-84.2846645617301,0,85.9256250560599,1,0,0
3.38,46.9314915654656,397.325888032619,0,85.9256250560599,86.5,1.57023503573955e-29,259,0,259,172.42562505606,-85.3886800235047,0,85.9256250560599,1,0,0
3.381,46.9296933257424,397.325888032619,0,85.9256250560599,86.5,1.49172328395257e-29,259,0,259,172.42562505606,-86.4933430599371,0,85.9256250560599,1,0,0
3.382,46.9278956646033,397.325888032619,0,85.9256250560599,86.5,1.41713711975494e-29,259,0,259,172.42562505606,-87.5986534626698,0,85.9256250560599,1,0,0
3.383,46.9260985818623,397.325888032619,0,85.9256250560599,86.5,1.3462802637672e-29,259,0,259,172.42562505606,-88.7046110234126,0,85.9256250560599,1,0,0
3.384,46.9243020773333,397.325888032619,0,85.9256250560599,86.5,1.27896625057884e-29,259,0,259,172.42562505606,-89.8112155339422,0,85.9256250560599,1,0,0
3.385,46.9225061508302,397.325888032619,0,85.9256250560599,86.5,1.2150179380499e-29,259,0,259,172.42562505606,-90.9184667861022,0,85.9256250560599,1,0,0
3.386,46.920710802167,397.325888032619,0,85.9256250560599,86.5,1.1542670411474e-29,259,0,259,172.42562505606,-92.0263645718034,0,85.9256250560599,1,0,0
3.387,46.9189160311578,397.325888032619,0,85.9256250560599,86.5,1.09655368909003e-29,259,0,259,172.42562505606,-93.1349086830233,0,85.9256250560599,1,0,0
3.388,46.9171218376167,397.325888032619,0,85.9256250560599,86.5,1.04172600463553e-29,259,0,259,172.42562505606,-94.2440989118065,0,85.9256250560599,1,0,0
3.389,46.9153282213581,397.325888032619,0,85.9256250560599,86.5,9.89639704403753e-30,259,0,259,172.42562505606,-95.3539350502645,0,85.9256250560599,1,0,0
3.39,46.913535182196,397.325888032619,0,85.9256250560599,86.5,9.40157719183565e-30,259,0,259,172.42562505606,-96.4644168905756,0,85.9256250560599,1,0,0
3.391,46.9117427199448,397.325888032619,0,85.9256250560599,86.5,8.93149833224387e-30,259,0,259,172.42562505606,-97.575544224985,0,85.9256250560599,1,0,0
3.392,46.909950834419,397.325888032619,0,85.9256250560599,86.5,8.48492341563167e-30,259,0,259,172.42562505606,-98.6873168458049,0,85.9256250560599,1,0,0
3.393,46.9081595254329,397.325888032619,0,85.9256250560599,86.5,8.06067724485009e-30,259,0,259,172.42562505606,-99.7997345454141,0,85.9256250560599,1,0,0
3.394,46.906368792801,397.325888032619,0,85.9256250560599,86.5,7.65764338260759e-30,259,0,259,172.42562505606,-100.912797116258,0,85.9256250560599,1,0,0
3.395,46.9045786363379,397.325888032619,0,85.9256250560599,86.5,7.27476121347721e-30,259,0,259,172.42562505606,-102.02650435085,0,85.9256250560599,1,0,0
3.396,46.9027890558583,397.325888032619,0,85.9256250560599,86.5,6.91102315280335e-30,259,0,259,172.42562505606,-103.140856041768,0,85.9256250560599,1,0,0
3.397,46.9010000511768,397.325888032619,0,85.9256250560599,86.5,6.56547199516318e-30,259,0,259,172.42562505606,-104.255851981659,0,85.9256250560599,1,0,0
3.398,46.899211622108,397.325888032619,0,85.9256250560599,86.5,6.23719839540502e-30,259,0,259,172.42562505606,-105.371491963236,0,85.9256250560599,1,0,0
3.399,46.8974237684669,397.325888032619,0,85.9256250560599,86.5,5.92533847563477e-30,259,0,259,172.42562505606,-106.487775779277,0,85.9256250560599,1,0,0
3.4,46.8956364900683,397.325888032619,0,85.9256250560599,86.5,5.62907155185303e-30,259,0,259,172.42562505606,-107.604703222629,0,85.9256250560599,1,0,0
3.401,46.8938497867271,397.325888032619,0,85.9256250560599,86.5,5.34761797426038e-30,259,0,259,172.42562505606,-108.722274086204,0,85.9256250560599,1,0,0
3.402,46.8920636582583,397.325888032619,0,85.9256250560599,86.5,5.08023707554736e-30,259,0,259,172.42562505606,-109.840488162982,0,85.9256250560599,1,0,0
3.403,46.8902781044769,397.325888032619,0,85.9256250560599,86.5,4.82622522176999e-30,259,0,259,172.42562505606,-110.959345246009,0,85.9256250560599,1,0,0
3.404,46.888493125198,397.325888032619,0,85.9256250560599,86.5,4.58491396068149e-30,259,0,259,172.42562505606,-112.078845128398,0,85.9256250560599,1,0,0
3.405,46.8867087202367,397.325888032619,0,85.9256250560599,86.5,4.35566826264742e-30,259,0,259,172.42562505606,-113.198987603326,0,85.9256250560599,1,0,0
3.406,46.8849248894083,397.325888032619,0,85.9256250560599,86.5,4.13788484951505e-30,259,0,259,172.42562505606,-114.319772464041,0,85.9256250560599,1,0,0
3.407,46.8831416325281,397.325888032619,0,85.9256250560599,86.5,3.93099060703929e-30,259,0,259,172.42562505606,-115.441199503854,0,85.9256250560599,1,0,0
3.408,46.8813589494113,397.325888032619,0,85.9256250560599,86.5,3.73444107668733e-30,259,0,259,172.42562505606,-116.563268516144,0,85.9256250560599,1,0,0
3.409,46.8795768398734,397.325888032619,0,85.9256250560599,86.5,3.54771902285296e-30,259,0,259,172.42562505606,-117.685979294356,0,85.9256250560599,1,0,0
3.41,46.8777953037298,397.325888032619,0,85.9256250560599,86.5,3.37033307171031e-30,259,0,259,172.42562505606,-118.809331632002,0,85.9256250560599,1,0,0
3.411,46.8760143407961,397.325888032619,0,85.9256250560599,86.5,3.2018164181248e-30,259,0,259,172.42562505606,-119.933325322659,0,85.9256250560599,1,0,0
3.412,46.8742339508877,397.325888032619,0,85.9256250560599,86.5,3.04172559721856e-30,259,0,259,172.42562505606,-121.057960159972,0,85.9256250560599,1,0,0
3.413,46.8724541338204,397.325888032619,0,85.9256250560599,86.5,2.88963931735763e-30,259,0,259,172.42562505606,-122.183235937653,0,85.9256250560599,1,0,0
3.414,46.8706748894097,397.325888032619,0,85.9256250560599,86.5,2.74515735148975e-30,259,0,259,172.42562505606,-123.309152449477,0,85.9256250560599,1,0,0
3.415,46.8688962174716,397.325888032619,0,85.9256250560599,86.5,2.60789948391526e-30,259,0,259,172.42562505606,-124.43570948929,0,85.9256250560599,1,0,0
3.416,46.8671181178217,397.325888032619,0,85.9256250560599,86.5,2.4775045097195e-30,259,0,259,172.42562505606,-125.562906851,0,85.9256250560599,1,0,0
3.417,46.8653405902759,397.325888032619,0,85.9256250560599,86.5,2.35362928423352e-30,259,0,259,172.42562505606,-126.690744328584,0,85.9256250560599,1,0,0
3.418,46.8635636346502,397.325888032619,0,85.9256250560599,86.5,2.23594782002185e-30,259,0,259,172.42562505606,-127.819221716085,0,85.9256250560599,1,0,0
3.419,46.8617872507606,397.325888032619,0,85.9256250560599,86.5,2.12415042902076e-30,259,0,259,172.42562505606,-128.948338807611,0,85.9256250560599,1,0,0
3.42,46.860011438423,397.325888032619,0,85.9256250560599,86.5,2.01794290756972e-30,259,0,259,172.42562505606,-130.078095397337,0,85.9256250560599,1,0,0
3.421,46.8582361974536,397.325888032619,0,85.9256250560599,86.5,1.91704576219123e-30,259,0,259,172.42562505606,-131.208491279505,0,85.9256250560599,1,0,0
3.422,46.8564615276686,397.325888032619,0,85.9256250560599,86.5,1.82119347408167e-30,259,0,259,172.42562505606,-132.339526248422,0,85.9256250560599,1,0,0
3.423,46.8546874288842,397.325888032619,0,85.9256250560599,86.5,1.73013380037759e-30,259,0,259,172.42562505606,-133.471200098461,0,85.9256250560599,1,0,0
3.424,46.8529139009166,397.325888032619,0,85.9256250560599,86.5,1.64362711035871e-30,259,0,259,172.42562505606,-134.603512624063,0,85.9256250560599,1,0,0
3.425,46.8511409435822,397.325888032619,0,85.9256250560599,86.5,1.56144575484077e-30,259,0,259,172.42562505606,-135.736463619733,0,85.9256250560599,1,0,0
3.426,46.8493685566974,397.325888032619,0,85.9256250560599,86.5,1.48337346709873e-30,259,0,259,172.42562505606,-136.870052880043,0,85.9256250560599,1,0,0
3.427,46.8475967400786,397.325888032619,0,85.9256250560599,86.5,1.4092047937438e-30,259,0,259,172.42562505606,-138.004280199632,0,85.9256250560599,1,0,0
3.428,46.8458254935424,397.325888032619,0,85.9256250560599,86.5,1.33874455405661e-30,259,0,259,172.42562505606,-139.139145373204,0,85.9256250560599,1,0,0
3.429,46.8440548169054,397.325888032619,0,85.9256250560599,86.5,1.27180732635378e-30,259,0,259,172.42562505606,-140.274648195528,0,85.9256250560599,1,0,0
3.43,46.8422847099841,397.325888032619,0,85.9256250560599,86.5,1.20821696003609e-30,259,0,259,172.42562505606,-141.410788461443,0,85.9256250560599,1,0,0
3.431,46.8405151725953,397.325888032619,0,85.9256250560599,86.5,1.14780611203428e-30,259,0,259,172.42562505606,-142.547565965848,0,85.9256250560599,1,0,0
3.432,46.8387462045558,397.325888032619,0,85.9256250560599,86.5,1.09041580643257e-30,259,0,259,172.42562505606,-143.684980503714,0,85.9256250560599,1,0,0
3.433,46.8369778056822,397.325888032619,0,85.9256250560599,86.5,1.03589501611094e-30,259,0,259,172.42562505606,-144.823031870074,0,85.9256250560599,1,0,0
3.434,46.8352099757916,397.325888032619,0,85.9256250560599,86.5,9.84100265305394e-31,259,0,259,172.42562505606,-145.961719860028,0,85.9256250560599,1,0,0
3.435,46.8334427147008,397.325888032619,0,85.9256250560599,86.5,9.34895252040124e-31,259,0,259,172.42562505606,-147.101044268743,0,85.9256250560599,1,0,0
3.436,46.8316760222268,397.325888032619,0,85.9256250560599,86.5,8.88150489438118e-31,259,0,259,172.42562505606,-148.241004891451,0,85.9256250560599,1,0,0
3.437,46.8299098981867,397.325888032619,0,85.9256250560599,86.5,8.43742964966212e-31,259,0,259,172.42562505606,-149.381601523449,0,85.9256250560599,1,0,0
3.438,46.8281443423976,397.325888032619,0,85.9256250560599,86.5,8.01555816717901e-31,259,0,259,172.42562505606,-150.522833960102,0,85.9256250560599,1,0,0
3.439,46.8263793546766,397.325888032619,0,85.9256250560599,86.5,7.61478025882006e-31,259,0,259,172.42562505606,-151.664701996839,0,85.9256250560599,1,0,0
3.44,46.824614934841,397.325888032619,0,85.9256250560599,86.5,7.23404124587906e-31,259,0,259,172.42562505606,-152.807205429155,0,85.9256250560599,1,0,0
3.441,46.8228510827081,397.325888032619,0,85.9256250560599,86.5,6.87233918358511e-31,259,0,259,172.42562505606,-153.950344052613,0,85.9256250560599,1,0,0
3.442,46.8210877980951,397.325888032619,0,85.9256250560599,86.5,6.52872222440585e-31,259,0,259,172.42562505606,-155.094117662838,0,85.9256250560599,1,0,0
3.443,46.8193250808195,397.325888032619,0,85.9256250560599,86.5,6.20228611318556e-31,259,0,259,172.42562505606,-156.238526055523,0,85.9256250560599,1,0,0
3.444,46.8175629306988,397.325888032619,0,85.9256250560599,86.5,5.89217180752628e-31,259,0,259,172.42562505606,-157.383569026428,0,85.9256250560599,1,0,0
3.445,46.8158013475504,397.325888032619,0,85.9256250560599,86.5,5.59756321714997e-31,259,0,259,172.42562505606,-158.529246371377,0,85.9256250560599,1,0,0
3.446,46.814040331192,397.325888032619,0,85.9256250560599,86.5,5.31768505629247e-31,259,0,259,172.42562505606,-159.675557886259,0,85.9256250560599,1,0,0
3.447,46.8122798814412,397.325888032619,0,85.9256250560599,86.5,5.05180080347785e-31,259,0,259,172.42562505606,-160.82250336703,0,85.9256250560599,1,0,0
3.448,46.8105199981156,397.325888032619,0,85.9256250560599,86.5,4.79921076330395e-31,259,0,259,172.42562505606,-161.970082609711,0,85.9256250560599,1,0,0
3.449,46.8087606810331,397.325888032619,0,85.9256250560599,86.5,4.55925022513876e-31,259,0,259,172.42562505606,-163.118295410389,0,85.9256250560599,1,0,0
3.45,46.8070019300114,397.325888032619,0,85.9256250560599,86.5,4.33128771388182e-31,259,0,259,172.42562505606,-164.267141565217,0,85.9256250560599,1,0,0
3.451,46.8052437448684,397.325888032619,0,85.9256250560599,86.5,4.11472332818773e-31,259,0,259,172.42562505606,-165.416620870413,0,85.9256250560599,1,0,0
3.452,46.8034861254221,397.325888032619,0,85.9256250560599,86.5,3.90898716177834e-31,259,0,259,172.42562505606,-166.566733122261,0,85.9256250560599,1,0,0
3.453,46.8017290714903,397.325888032619,0,85.9256250560599,86.5,3.71353780368942e-31,259,0,259,172.42562505606,-167.717478117109,0,85.9256250560599,1,0,0
3.454,46.7999725828913,397.325888032619,0,85.9256250560599,86.5,3.52786091350495e-31,259,0,259,172.42562505606,-168.868855651372,0,85.9256250560599,1,0,0
3.455,46.798216659443,397.325888032619,0,85.9256250560599,86.5,3.3514678678297e-31,259,0,259,172.42562505606,-170.020865521531,0,85.9256250560599,1,0,0
3.456,46.7964613009636,397.325888032619,0,85.9256250560599,86.5,3.18389447443822e-31,259,0,259,172.42562505606,-171.173507524132,0,85.9256250560599,1,0,0
3.457,46.7947065072714,397.325888032619,0,85.9256250560599,86.5,3.02469975071631e-31,259,0,259,172.42562505606,-172.326781455785,0,85.9256250560599,1,0,0
3.458,46.7929522781847,397.325888032619,0,85.9256250560599,86.5,2.87346476318049e-31,259,0,259,172.42562505606,-173.480687113167,0,85.9256250560599,1,0,0
3.459,46.7911986135217,397.325888032619,0,85.9256250560599,86.5,2.72979152502147e-31,259,0,259,172.42562505606,-174.635224293021,0,85.9256250560599,1,0,0
3.46,46.7894455131009,397.325888032619,0,85.9256250560599,86.5,2.59330194877039e-31,259,0,259,172.42562505606,-175.790392792153,0,85.9256250560599,1,0,0
3.461,46.7876929767407,397.325888032619,0,85.9256250560599,86.5,2.46363685133187e-31,259,0,259,172.42562505606,-176.946192407437,0,85.9256250560599,1,0,0
3.462,46.7859410042596,397.325888032619,0,85.9256250560599,86.5,2.34045500876528e-31,259,0,259,172.42562505606,-178.10262293581,0,85.9256250560599,1,0,0
3.463,46.7841895954762,397.325888032619,0,85.9256250560599,86.5,2.22343225832702e-31,259,0,259,172.42562505606,-179.259684174276,0,85.9256250560599,1,0,0
3.464,46.7824387502092,397.325888032619,0,85.9256250560599,86.5,2.11226064541067e-31,259,0,259,172.42562505606,179.582624080095,0,85.9256250560599,1,0,0
3.465,46.7806884682772,397.325888032619,0,85.9256250560599,86.5,2.00664761314013e-31,259,0,259,172.42562505606,178.42430203017,0,85.9256250560599,1,0,0
3.466,46.778938749499,397.325888032619,0,85.9256250560599,86.5,1.90631523248313e-31,259,0,259,172.42562505606,177.26534987875,0,85.9256250560599,1,0,0
3.467,46.7771895936934,397.325888032619,0,85.9256250560599,86.5,1.81099947085897e-31,259,0,259,172.42562505606,176.10576782857,0,85.9256250560599,1,0,0
3.468,46.7754410006792,397.325888032619,0,85.9256250560599,86.5,1.72044949731602e-31,259,0,259,172.42562505606,174.945556082299,0,85.9256250560599,1,0,0
3.469,46.7736929702754,397.325888032619,0,85.9256250560599,86.5,1.63442702245022e-31,259,0,259,172.42562505606,173.784714842544,0,85.9256250560599,1,0,0
3.47,46.7719455023009,397.325888032619,0,85.9256250560599,86.5,1.55270567132771e-31,259,0,259,172.42562505606,172.623244311843,0,85.9256250560599,1,0,0
3.471,46.7701985965748,397.325888032619,0,85.9256250560599,86.5,1.47507038776132e-31,259,0,259,172.42562505606,171.461144692671,0,85.9256250560599,1,0,0
3.472,46.7684522529162,397.325888032619,0,85.9256250560599,86.5,1.40131686837326e-31,259,0,259,172.42562505606,170.298416187438,0,85.9256250560599,1,0,0
3.473,46.7667064711443,397.325888032619,0,85.9256250560599,86.5,1.33125102495459e-31,259,0,259,172.42562505606,169.135058998488,0,85.9256250560599,1,0,0
3.474,46.7649612510781,397.325888032619,0,85.9256250560599,86.5,1.26468847370686e-31,259,0,259,172.42562505606,167.9710733281,0,85.9256250560599,1,0,0
3.475,46.7632165925371,397.325888032619,0,85.9256250560599,86.5,1.20145405002152e-31,259,0,259,172.42562505606,166.806459378488,0,85.9256250560599,1,0,0
3.476,46.7614724953405,397.325888032619,0,85.9256250560599,86.5,1.14138134752045e-31,259,0,259,172.42562505606,165.641217351802,0,85.9256250560599,1,0,0
3.477,46.7597289593078,397.325888032619,0,85.9256250560599,86.5,1.08431228014442e-31,259,0,259,172.42562505606,164.475347450124,0,85.9256250560599,1,0,0
3.478,46.7579859842584,397.325888032619,0,85.9256250560599,86.5,1.0300966661372e-31,259,0,259,172.42562505606,163.308849875475,0,85.9256250560599,1,0,0
3.479,46.7562435700117,397.325888032619,0,85.9256250560599,86.5,9.78591832830342e-32,259,0,259,172.42562505606,162.141724829808,0,85.9256250560599,1,0,0
3.48,46.7545017163874,397.325888032619,0,85.9256250560599,86.5,9.29662241188825e-32,259,0,259,172.42562505606,160.973972515012,0,85.9256250560599,1,0,0
3.481,46.752760423205,397.325888032619,0,85.9256250560599,86.5,8.83179129129383e-32,259,0,259,172.42562505606,159.805593132912,0,85.9256250560599,1,0,0
3.482,46.7510196902843,397.325888032619,0,85.9256250560599,86.5,8.39020172672914e-32,259,0,259,172.42562505606,158.636586885266,0,85.9256250560599,1,0,0
3.483,46.7492795174449,397.325888032619,0,85.9256250560599,86.5,7.97069164039269e-32,259,0,259,172.42562505606,157.466953973768,0,85.9256250560599,1,0,0
3.484,46.7475399045068,397.325888032619,0,85.9256250560599,86.5,7.57215705837305e-32,259,0,259,172.42562505606,156.296694600048,0,85.9256250560599,1,0,0
3.485,46.7458008512896,397.325888032619,0,85.9256250560599,86.5,7.1935492054544e-32,259,0,259,172.42562505606,155.12580896567,0,85.9256250560599,1,0,0
3.486,46.7440623576134,397.325888032619,0,85.9256250560599,86.5,6.83387174518168e-32,259,0,259,172.42562505606,153.954297272135,0,85.9256250560599,1,0,0
3.487,46.7423244232981,397.325888032619,0,85.9256250560599,86.5,6.49217815792259e-32,259,0,259,172.42562505606,152.782159720876,0,85.9256250560599,1,0,0
3.488,46.7405870481637,397.325888032619,0,85.9256250560599,86.5,6.16756925002646e-32,259,0,259,172.42562505606,151.609396513263,0,85.9256250560599,1,0,0
3.489,46.7388502320303,397.325888032619,0,85.9256250560599,86.5,5.85919078752514e-32,259,0,259,172.42562505606,150.436007850602,0,85.9256250560599,1,0,0
3.49,46.7371139747181,397.325888032619,0,85.9256250560599,86.5,5.56623124814888e-32,259,0,259,172.42562505606,149.261993934133,0,85.9256250560599,1,0,0
3.491,46.7353782760472,397.325888032619,0,85.9256250560599,86.5,5.28791968574144e-32,259,0,259,172.42562505606,148.087354965031,0,85.9256250560599,1,0,0
3.492,46.7336431358379,397.325888032619,0,85.9256250560599,86.5,5.02352370145437e-32,259,0,259,172.42562505606,146.912091144408,0,85.9256250560599,1,0,0
3.493,46.7319085539106,397.325888032619,0,85.9256250560599,86.5,4.77234751638165e-32,259,0,259,172.42562505606,145.73620267331,0,85.9256250560599,1,0,0
3.494,46.7301745300855,397.325888032619,0,85.9256250560599,86.5,4.53373014056257e-32,259,0,259,172.42562505606,144.559689752718,0,85.9256250560599,1,0,0
3.495,46.7284410641832,397.325888032619,0,85.9256250560599,86.5,4.30704363353444e-32,259,0,259,172.42562505606,143.382552583549,0,85.9256250560599,1,0,0
3.496,46.726708156024,397.325888032619,0,85.9256250560599,86.5,4.09169145185771e-32,259,0,259,172.42562505606,142.204791366655,0,85.9256250560599,1,0,0
3.497,46.7249758054286,397.325888032619,0,85.9256250560599,86.5,3.88710687926483e-32,259,0,259,172.42562505606,141.026406302823,0,85.9256250560599,1,0,0
3.498,46.7232440122176,397.325888032619,0,85.9256250560599,86.5,3.69275153530159e-32,259,0,259,172.42562505606,139.847397592778,0,85.9256250560599,1,0,0
3.499,46.7215127762116,397.325888032619,0,85.9256250560599,86.5,3.50811395853651e-32,259,0,259,172.42562505606,138.667765437176,0,85.9256250560599,1,0,0
3.5,46.7197820972314,397.325888032619,0,85.9256250560599,86.5,3.33270826060968e-32,259,0,259,172.42562505606,137.487510036612,0,85.9256250560599,1,0,0
3.501,46.7180519750977,397.325888032619,0,85.9256250560599,86.5,3.1660728475792e-32,259,0,259,172.42562505606,136.306631591616,0,85.9256250560599,1,0,0
3.502,46.7163224096313,397.325888032619,0,85.9256250560599,86.5,3.00776920520024e-32,259,0,259,172.42562505606,135.125130302651,0,85.9256250560599,1,0,0
3.503,46.7145934006532,397.325888032619,0,85.9256250560599,86.5,2.85738074494023e-32,259,0,259,172.42562505606,133.943006370118,0,85.9256250560599,1,0,0
3.504,46.7128649479842,397.325888032619,0,85.9256250560599,86.5,2.71451170769322e-32,259,0,259,172.42562505606,132.760259994353,0,85.9256250560599,1,0,0
3.505,46.7111370514455,397.325888032619,0,85.9256250560599,86.5,2.57878612230855e-32,259,0,259,172.42562505606,131.576891375627,0,85.9256250560599,1,0,0
3.506,46.709409710858,397.325888032619,0,85.9256250560599,86.5,2.44984681619313e-32,259,0,259,172.42562505606,130.392900714148,0,85.9256250560599,1,0,0
3.507,46.707682926043,397.325888032619,0,85.9256250560599,86.5,2.32735447538347e-32,259,0,259,172.42562505606,129.208288210057,0,85.9256250560599,1,0,0
3.508,46.7059566968215,397.325888032619,0,85.9256250560599,86.5,2.2109867516143e-32,259,0,259,172.42562505606,128.023054063432,0,85.9256250560599,1,0,0
3.509,46.7042310230148,397.325888032619,0,85.9256250560599,86.5,2.10043741403358e-32,259,0,259,172.42562505606,126.837198474288,0,85.9256250560599,1,0,0
3.51,46.7025059044442,397.325888032619,0,85.9256250560599,86.5,1.9954155433319e-32,259,0,259,172.42562505606,125.650721642573,0,85.9256250560599,1,0,0
3.511,46.700781340931,397.325888032619,0,85.9256250560599,86.5,1.89564476616531e-32,259,0,259,172.42562505606,124.463623768173,0,85.9256250560599,1,0,0
3.512,46.6990573322967,397.325888032619,0,85.9256250560599,86.5,1.80086252785704e-32,259,0,259,172.42562505606,123.275905050908,0,85.9256250560599,1,0,0
3.513,46.6973338783628,397.325888032619,0,85.9256250560599,86.5,1.71081940146419e-32,259,0,259,172.42562505606,122.087565690535,0,85.9256250560599,1,0,0
3.514,46.6956109789507,397.325888032619,0,85.9256250560599,86.5,1.62527843139098e-32,259,0,259,172.42562505606,120.898605886745,0,85.9256250560599,1,0,0
3.515,46.6938886338821,397.325888032619,0,85.9256250560599,86.5,1.54401450982143e-32,259,0,259,172.42562505606,119.709025839168,0,85.9256250560599,1,0,0
3.516,46.6921668429785,397.325888032619,0,85.9256250560599,86.5,1.46681378433036e-32,259,0,259,172.42562505606,118.518825747365,0,85.9256250560599,1,0,0
3.517,46.6904456060617,397.325888032619,0,85.9256250560599,86.5,1.39347309511384e-32,259,0,259,172.42562505606,117.328005810838,0,85.9256250560599,1,0,0
3.518,46.6887249229535,397.325888032619,0,85.9256250560599,86.5,1.32379944035815e-32,259,0,259,172.42562505606,116.13656622902,0,85.9256250560599,1,0,0
3.519,46.6870047934756,397.325888032619,0,85.9256250560599,86.5,1.25760946834024e-32,259,0,259,172.42562505606,114.944507201283,0,85.9256250560599,1,0,0
3.52,46.6852852174499,397.325888032619,0,85.9256250560599,86.5,1.19472899492323e-32,259,0,259,172.42562505606,113.751828926934,0,85.9256250560599,1,0,0
3.521,46.6835661946983,397.325888032619,0,85.9256250560599,86.5,1.13499254517707e-32,259,0,259,172.42562505606,112.558531605216,0,85.9256250560599,1,0,0
3.522,46.6818477250429,397.325888032619,0,85.9256250560599,86.5,1.07824291791822e-32,259,0,259,172.42562505606,111.364615435308,0,85.9256250560599,1,0,0
3.523,46.6801298083056,397.325888032619,0,85.9256250560599,86.5,1.02433077202231e-32,259,0,259,172.42562505606,110.170080616323,0,85.9256250560599,1,0,0
3.524,46.6784124443086,397.325888032619,0,85.9256250560599,86.5,9.7311423342119e-33,259,0,259,172.42562505606,108.974927347313,0,85.9256250560599,1,0,0
3.525,46.676695632874,397.325888032619,0,85.9256250560599,86.5,9.2445852175013e-33,259,0,259,172.42562505606,107.779155827264,0,85.9256250560599,1,0,0
3.526,46.674979373824,397.325888032619,0,85.9256250560599,86.5,8.78235595662624e-33,259,0,259,172.42562505606,106.582766255099,0,85.9256250560599,1,0,0
3.527,46.673263666981,397.325888032619,0,85.9256250560599,86.5,8.34323815879493e-33,259,0,259,172.42562505606,105.385758829675,0,85.9256250560599,1,0,0
3.528,46.6715485121671,397.325888032619,0,85.9256250560599,86.5,7.92607625085518e-33,259,0,259,172.42562505606,104.188133749789,0,85.9256250560599,1,0,0
3.529,46.6698339092049,397.325888032619,0,85.9256250560599,86.5,7.52977243831242e-33,259,0,259,172.42562505606,102.989891214169,0,85.9256250560599,1,0,0
3.53,46.6681198579168,397.325888032619,0,85.9256250560599,86.5,7.1532838163968e-33,259,0,259,172.42562505606,101.791031421482,0,85.9256250560599,1,0,0
3.531,46.6664063581252,397.325888032619,0,85.9256250560599,86.5,6.79561962557696e-33,259,0,259,172.42562505606,100.591554570332,0,85.9256250560599,1,0,0
3.532,46.6646934096527,397.325888032619,0,85.9256250560599,86.5,6.45583864429811e-33,259,0,259,172.42562505606,99.3914608592575,0,85.9256250560599,1,0,0
3.533,46.6629810123219,397.325888032619,0,85.9256250560599,86.5,6.13304671208321e-33,259,0,259,172.42562505606,98.1907504867325,0,85.9256250560599,1,0,0
3.534,46.6612691659555,397.325888032619,0,85.9256250560599,86.5,5.82639437647905e-33,259,0,259,172.42562505606,96.9894236511684,0,85.9256250560599,1,0,0
3.535,46.6595578703762,397.325888032619,0,85.9256250560599,86.5,5.53507465765509e-33,259,0,259,172.42562505606,95.7874805509123,0,85.9256250560599,1,0,0
3.536,46.6578471254069,397.325888032619,0,85.9256250560599,86.5,5.25832092477234e-33,259,0,259,172.42562505606,94.5849213842477,0,85.9256250560599,1,0,0
3.537,46.6561369308703,397.325888032619,0,85.9256250560599,86.5,4.99540487853372e-33,259,0,259,172.42562505606,93.3817463493942,0,85.9256250560599,1,0,0
3.538,46.6544272865893,397.325888032619,0,85.9256250560599,86.5,4.74563463460704e-33,259,0,259,172.42562505606,92.1779556445075,0,85.9256250560599,1,0,0
3.539,46.6527181923869,397.325888032619,0,85.9256250560599,86.5,4.50835290287668e-33,259,0,259,172.42562505606,90.9735494676795,0,85.9256250560599,1,0,0
3.54,46.6510096480862,397.325888032619,0,85.9256250560599,86.5,4.28293525773285e-33,259,0,259,172.42562505606,89.7685280169387,0,85.9256250560599,1,0,0
3.541,46.6493016535101,397.325888032619,0,85.9256250560599,86.5,4.06878849484621e-33,259,0,259,172.42562505606,88.5628914902498,0,85.9256250560599,1,0,0
3.542,46.6475942084818,397.325888032619,0,85.9256250560599,86.5,3.8653490701039e-33,259,0,259,172.42562505606,87.3566400855133,0,85.9256250560599,1,0,0
3.543,46.6458873128245,397.325888032619,0,85.9256250560599,86.5,3.6720816165987e-33,259,0,259,172.42562505606,86.1497740005668,0,85.9256250560599,1,0,0
3.544,46.6441809663614,397.325888032619,0,85.9256250560599,86.5,3.48847753576877e-33,259,0,259,172.42562505606,84.9422934331835,0,85.9256250560599,1,0,0
3.545,46.6424751689159,397.325888032619,0,85.9256250560599,86.5,3.31405365898033e-33,259,0,259,172.42562505606,83.7341985810737,0,85.9256250560599,1,0,0
3.546,46.6407699203112,397.325888032619,0,85.9256250560599,86.5,3.14835097603131e-33,259,0,259,172.42562505606,82.5254896418835,0,85.9256250560599,1,0,0
3.547,46.6390652203708,397.325888032619,0,85.9256250560599,86.5,2.99093342722975e-33,259,0,259,172.42562505606,81.3161668131955,0,85.9256250560599,1,0,0
3.548,46.6373610689182,397.325888032619,0,85.9256250560599,86.5,2.84138675586826e-33,259,0,259,172.42562505606,80.1062302925289,0,85.9256250560599,1,0,0
3.549,46.6356574657769,397.325888032619,0,85.9256250560599,86.5,2.69931741807485e-33,259,0,259,172.42562505606,78.8956802773394,0,85.9256250560599,1,0,0
3.55,46.6339544107704,397.325888032619,0,85.9256250560599,86.5,2.5643515471711e-33,259,0,259,172.42562505606,77.6845169650191,0,85.9256250560599,1,0,0
3.551,46.6322519037224,397.325888032619,0,85.9256250560599,86.5,2.43613396981255e-33,259,0,259,172.42562505606,76.4727405528965,0,85.9256250560599,1,0,0
3.552,46.6305499444566,397.325888032619,0,85.9256250560599,86.5,2.31432727132192e-33,259,0,259,172.42562505606,75.2603512382366,0,85.9256250560599,1,0,0
3.553,46.6288485327967,397.325888032619,0,85.9256250560599,86.5,2.19861090775583e-33,259,0,259,172.42562505606,74.047349218241,0,85.9256250560599,1,0,0
3.554,46.6271476685666,397.325888032619,0,85.9256250560599,86.5,2.08868036236803e-33,259,0,259,172.42562505606,72.8337346900477,0,85.9256250560599,1,0,0
3.555,46.6254473515901,397.325888032619,0,85.9256250560599,86.5,1.98424634424963e-33,259,0,259,172.42562505606,71.6195078507317,0,85.9256250560599,1,0,0
3.556,46.6237475816911,397.325888032619,0,85.9256250560599,86.5,1.88503402703715e-33,259,0,259,172.42562505606,70.4046688973042,0,85.9256250560599,1,0,0
3.557,46.6220483586937,397.325888032619,0,85.9256250560599,86.5,1.79078232568529e-33,259,0,259,172.42562505606,69.1892180267131,0,85.9256250560599,1,0,0
3.558,46.6203496824218,397.325888032619,0,85.9256250560599,86.5,1.70124320940103e-33,259,0,259,172.42562505606,67.9731554358428,0,85.9256250560599,1,0,0
3.559,46.6186515526995,397.325888032619,0,85.9256250560599,86.5,1.61618104893098e-33,259,0,259,172.42562505606,66.7564813215146,0,85.9256250560599,1,0,0
3.56,46.616953969351,397.325888032619,0,85.9256250560599,86.5,1.53537199648443e-33,259,0,259,172.42562505606,65.5391958804864,0,85.9256250560599,1,0,0
3.561,46.6152569322005,397.325888032619,0,85.9256250560599,86.5,1.45860339666021e-33,259,0,259,172.42562505606,64.3212993094527,0,85.9256250560599,1,0,0
3.562,46.6135604410723,397.325888032619,0,85.9256250560599,86.5,1.3856732268272e-33,259,0,259,172.42562505606,63.1027918050449,0,85.9256250560599,1,0,0
3.563,46.6118644957906,397.325888032619,0,85.9256250560599,86.5,1.31638956548584e-33,259,0,259,172.42562505606,61.8836735638309,0,85.9256250560599,1,0,0
3.564,46.6101690961798,397.325888032619,0,85.9256250560599,86.5,1.25057008721154e-33,259,0,259,172.42562505606,60.6639447823154,0,85.9256250560599,1,0,0
3.565,46.6084742420645,397.325888032619,0,85.9256250560599,86.5,1.18804158285097e-33,259,0,259,172.42562505606,59.4436056569402,0,85.9256250560599,1,0,0
3.566,46.606779933269,397.325888032619,0,85.9256250560599,86.5,1.12863950370842e-33,259,0,259,172.42562505606,58.2226563840835,0,85.9256250560599,1,0,0
3.567,46.6050861696178,397.325888032619,0,85.9256250560599,86.5,1.072207528523e-33,259,0,259,172.42562505606,57.0010971600604,0,85.9256250560599,1,0,0
3.568,46.6033929509357,397.325888032619,0,85.9256250560599,86.5,1.01859715209685e-33,259,0,259,172.42562505606,55.7789281811228,0,85.9256250560599,1,0,0
3.569,46.6017002770473,397.325888032619,0,85.9256250560599,86.5,9.67667294492006e-34,259,0,259,172.42562505606,54.5561496434597,0,85.9256250560599,1,0,0
3.57,46.6000081477772,397.325888032619,0,85.9256250560599,86.5,9.19283929767406e-34,259,0,259,172.42562505606,53.3327617431967,0,85.9256250560599,1,0,0
3.571,46.5983165629502,397.325888032619,0,85.9256250560599,86.5,8.73319733279035e-34,259,0,259,172.42562505606,52.1087646763965,0,85.9256250560599,1,0,0
3.572,46.5966255223912,397.325888032619,0,85.9256250560599,86.5,8.29653746615084e-34,259,0,259,172.42562505606,50.8841586390586,0,85.9256250560599,1,0,0
3.573,46.5949350259251,397.325888032619,0,85.9256250560599,86.5,7.88171059284329e-34,259,0,259,172.42562505606,49.6589438271195,0,85.9256250560599,1,0,0
3.574,46.5932450733767,397.325888032619,0,85.9256250560599,86.5,7.48762506320113e-34,259,0,259,172.42562505606,48.4331204364525,0,85.9256250560599,1,0,0
3.575,46.5915556645711,397.325888032619,0,85.9256250560599,86.5,7.11324381004107e-34,259,0,259,172.42562505606,47.206688662868,0,85.9256250560599,1,0,0
3.576,46.5898667993334,397.325888032619,0,85.9256250560599,86.5,6.75758161953902e-34,259,0,259,172.42562505606,45.9796487021136,0,85.9256250560599,1,0,0
3.577,46.5881784774886,397.325888032619,0,85.9256250560599,86.5,6.41970253856207e-34,259,0,259,172.42562505606,44.7520007498737,0,85.9256250560599,1,0,0
3.578,46.5864906988618,397.325888032619,0,85.9256250560599,86.5,6.09871741163396e-34,259,0,259,172.42562505606,43.5237450017696,0,85.9256250560599,1,0,0
3.579,46.5848034632784,397.325888032619,0,85.9256250560599,86.5,5.79378154105227e-34,259,0,259,172.42562505606,42.2948816533599,0,85.9256250560599,1,0,0
3.58,46.5831167705636,397.325888032619,0,85.9256250560599,86.5,5.50409246399965e-34,259,0,259,172.42562505606,41.0654109001401,0,85.9256250560599,1,0,0
3.581,46.5814306205427,397.325888032619,0,85.9256250560599,86.5,5.22888784079967e-34,259,0,259,172.42562505606,39.835332937543,0,85.9256250560599,1,0,0
3.582,46.5797450130411,397.325888032619,0,85.9256250560599,86.5,4.96744344875969e-34,259,0,259,172.42562505606,38.6046479609385,0,85.9256250560599,1,0,0
3.583,46.5780599478843,397.325888032619,0,85.9256250560599,86.5,4.7190712763217e-34,259,0,259,172.42562505606,37.3733561656333,0,85.9256250560599,1,0,0
3.584,46.5763754248977,397.325888032619,0,85.9256250560599,86.5,4.48311771250562e-34,259,0,259,172.42562505606,36.1414577468716,0,85.9256250560599,1,0,0
3.585,46.5746914439069,397.325888032619,0,85.9256250560599,86.5,4.25896182688034e-34,259,0,259,172.42562505606,34.9089528998348,0,85.9256250560599,1,0,0
3.586,46.5730080047376,397.325888032619,0,85.9256250560599,86.5,4.04601373553632e-34,259,0,259,172.42562505606,33.6758418196413,0,85.9256250560599,1,0,0
3.587,46.5713251072153,397.325888032619,0,85.9256250560599,86.5,3.8437130487595e-34,259,0,259,172.42562505606,32.4421247013468,0,85.9256250560599,1,0,0
3.588,46.5696427511659,397.325888032619,0,85.9256250560599,86.5,3.65152739632153e-34,259,0,259,172.42562505606,31.2078017399444,0,85.9256250560599,1,0,0
3.589,46.5679609364151,397.325888032619,0,85.9256250560599,86.5,3.46895102650545e-34,259,0,259,172.42562505606,29.9728731303641,0,85.9256250560599,1,0,0
3.59,46.5662796627887,397.325888032619,0,85.9256250560599,86.5,3.29550347518018e-34,259,0,259,172.42562505606,28.7373390674735,0,85.9256250560599,1,0,0
3.591,46.5645989301126,397.325888032619,0,85.9256250560599,86.5,3.13072830142117e-34,259,0,259,172.42562505606,27.5011997460775,0,85.9256250560599,1,0,0
3.592,46.5629187382129,397.325888032619,0,85.9256250560599,86.5,2.97419188635011e-34,259,0,259,172.42562505606,26.264455360918,0,85.9256250560599,1,0,0
3.593,46.5612390869154,397.325888032619,0,85.9256250560599,86.5,2.82548229203261e-34,259,0,259,172.42562505606,25.0271061066747,0,85.9256250560599,1,0,0
3.594,46.5595599760462,397.325888032619,0,85.9256250560599,86.5,2.68420817743098e-34,259,0,259,172.42562505606,23.7891521779641,0,85.9256250560599,1,0,0
3.595,46.5578814054315,397.325888032619,0,85.9256250560599,86.5,2.54999776855943e-34,259,0,259,172.42562505606,22.5505937693407,0,85.9256250560599,1,0,0
3.596,46.5562033748975,397.325888032619,0,85.9256250560599,86.5,2.42249788013145e-34,259,0,259,172.42562505606,21.3114310752961,0,85.9256250560599,1,0,0
3.597,46.5545258842703,397.325888032619,0,85.9256250560599,86.5,2.30137298612488e-34,259,0,259,172.42562505606,20.0716642902592,0,85.9256250560599,1,0,0
3.598,46.5528489333763,397.325888032619,0,85.9256250560599,86.5,2.18630433681864e-34,259,0,259,172.42562505606,18.8312936085965,0,85.9256250560599,1,0,0
3.599,46.5511725220417,397.325888032619,0,85.9256250560599,86.5,2.07698911997771e-34,259,0,259,172.42562505606,17.5903192246119,0,85.9256250560599,1,0,0
3.6,46.549496650093,397.325888032619,0,85.9256250560599,86.5,1.97313966397882e-34,259,0,259,172.42562505606,16.348741332547,0,85.9256250560599,1,0,0
3.601,46.5478213173567,397.325888032619,0,85.9256250560599,86.5,1.87448268077988e-34,259,0,259,172.42562505606,15.1065601265805,0,85.9256250560599,1,0,0
3.602,46.5461465236593,397.325888032619,0,85.9256250560599,86.5,1.78075854674089e-34,259,0,259,172.42562505606,13.8637758008288,0,85.9256250560599,1,0,0
3.603,46.5444722688272,397.325888032619,0,85.9256250560599,86.5,1.69172061940384e-34,259,0,259,172.42562505606,12.6203885493462,0,85.9256250560599,1,0,0
3.604,46.5427985526872,397.325888032619,0,85.9256250560599,86.5,1.60713458843365e-34,259,0,259,172.42562505606,11.376398566124,0,85.9256250560599,1,0,0
3.605,46.5411253750658,397.325888032619,0,85.9256250560599,86.5,1.52677785901197e-34,259,0,259,172.42562505606,10.1318060450913,0,85.9256250560599,1,0,0
3.606,46.5394527357899,397.325888032619,0,85.9256250560599,86.5,1.45043896606137e-34,259,0,259,172.42562505606,8.88661118011497,0,85.9256250560599,1,0,0
3.607,46.5377806346863,397.325888032619,0,85.9256250560599,86.5,1.3779170177583e-34,259,0,259,172.42562505606,7.64081416499943,0,85.9256250560599,1,0,0
3.608,46.5361090715817,397.325888032619,0,85.9256250560599,86.5,1.30902116687039e-34,259,0,259,172.42562505606,6.3944151934864,0,85.9256250560599,1,0,0
3.609,46.5344380463031,397.325888032619,0,85.9256250560599,86.5,1.24357010852687e-34,259,0,259,172.42562505606,5.14741445925589,0,85.9256250560599,1,0,0
3.61,46.5327675586773,397.325888032619,0,85.9256250560599,86.5,1.18139160310052e-34,259,0,259,172.42562505606,3.89981215592501,0,85.9256250560599,1,0,0
3.611,46.5310976085316,397.325888032619,0,85.9256250560599,86.5,1.1223220229455e-34,259,0,259,172.42562505606,2.65160847704878,0,85.9256250560599,1,0,0
3.612,46.5294281956928,397.325888032619,0,85.9256250560599,86.5,1.06620592179822e-34,259,0,259,172.42562505606,1.40280361612013,0,85.9256250560599,1,0,0
3.613,46.5277593199881,397.325888032619,0,85.9256250560599,86.5,1.01289562570831e-34,259,0,259,172.42562505606,0.153397766569508,0,85.9256250560599,1,0,0
3.614,46.5260909812448,397.325888032619,0,85.9256250560599,86.5,9.62250844422895e-35,259,0,259,172.42562505606,-1.09660887823472,0,85.9256250560599,1,0,0
3.615,46.5244231792899,397.325888032619,0,85.9256250560599,86.5,9.1413830220175e-35,259,0,259,172.42562505606,-2.34721612498669,0,85.9256250560599,1,0,0
3.616,46.5227559139509,397.325888032619,0,85.9256250560599,86.5,8.68431387091663e-35,259,0,259,172.42562505606,-3.59842378044241,0,85.9256250560599,1,0,0
3.617,46.521089185055,397.325888032619,0,85.9256250560599,86.5,8.2500981773708e-35,259,0,259,172.42562505606,-4.85023165142018,0,85.9256250560599,1,0,0
3.618,46.5194229924297,397.325888032619,0,85.9256250560599,86.5,7.83759326850226e-35,259,0,259,172.42562505606,-6.10263954480038,0,85.9256250560599,1,0,0
3.619,46.5177573359024,397.325888032619,0,85.9256250560599,86.5,7.44571360507714e-35,259,0,259,172.42562505606,-7.35564726752569,0,85.9256250560599,1,0,0
3.62,46.5160922153007,397.325888032619,0,85.9256250560599,86.5,7.07342792482329e-35,259,0,259,172.42562505606,-8.60925462660086,0,85.9256250560599,1,0,0
3.621,46.514427630452,397.325888032619,0,85.9256250560599,86.5,6.71975652858212e-35,259,0,259,172.42562505606,-9.86346142909253,0,85.9256250560599,1,0,0
3.622,46.512763581184,397.325888032619,0,85.9256250560599,86.5,6.38376870215302e-35,259,0,259,172.42562505606,-11.1182674821298,0,85.9256250560599,1,0,0
3.623,46.5111000673244,397.325888032619,0,85.9256250560599,86.5,6.06458026704537e-35,259,0,259,172.42562505606,-12.3736725929036,0,85.9256250560599,1,0,0
3.624,46.509437088701,397.325888032619,0,85.9256250560599,86.5,5.7613512536931e-35,259,0,259,172.42562505606,-13.6296765686668,0,85.9256250560599,1,0,0
3.625,46.5077746451414,397.325888032619,0,85.9256250560599,86.5,5.47328369100844e-35,259,0,259,172.42562505606,-14.8862792167344,0,85.9256250560599,1,0,0
3.626,46.5061127364736,397.325888032619,0,85.9256250560599,86.5,5.19961950645802e-35,259,0,259,172.42562505606,-16.1434803444835,0,85.9256250560599,1,0,0
3.627,46.5044513625255,397.325888032619,0,85.9256250560599,86.5,4.93963853113512e-35,259,0,259,172.42562505606,-17.4012797593529,0,85.9256250560599,1,0,0
3.628,46.5027905231249,397.325888032619,0,85.9256250560599,86.5,4.69265660457836e-35,259,0,259,172.42562505606,-18.6596772688436,0,85.9256250560599,1,0,0
3.629,46.5011302181,397.325888032619,0,85.9256250560599,86.5,4.45802377434944e-35,259,0,259,172.42562505606,-19.9186726805186,0,85.9256250560599,1,0,0
3.63,46.4994704472787,397.325888032619,0,85.9256250560599,86.5,4.23512258563197e-35,259,0,259,172.42562505606,-21.1782658020026,0,85.9256250560599,1,0,0
3.631,46.4978112104892,397.325888032619,0,85.9256250560599,86.5,4.02336645635037e-35,259,0,259,172.42562505606,-22.4384564409822,0,85.9256250560599,1,0,0
3.632,46.4961525075597,397.325888032619,0,85.9256250560599,86.5,3.82219813353285e-35,259,0,259,172.42562505606,-23.6992444052061,0,85.9256250560599,1,0,0
3.633,46.4944943383185,397.325888032619,0,85.9256250560599,86.5,3.63108822685621e-35,259,0,259,172.42562505606,-24.9606295024846,0,85.9256250560599,1,0,0
3.634,46.4928367025936,397.325888032619,0,85.9256250560599,86.5,3.4495338155134e-35,259,0,259,172.42562505606,-26.2226115406899,0,85.9256250560599,1,0,0
3.635,46.4911796002137,397.325888032619,0,85.9256250560599,86.5,3.27705712473773e-35,259,0,259,172.42562505606,-27.4851903277562,0,85.9256250560599,1,0,0
3.636,46.4895230310069,397.325888032619,0,85.9256250560599,86.5,3.11320426850084e-35,259,0,259,172.42562505606,-28.7483656716793,0,85.9256250560599,1,0,0
3.637,46.4878669948018,397.325888032619,0,85.9256250560599,86.5,2.9575440550758e-35,259,0,259,172.42562505606,-30.0121373805167,0,85.9256250560599,1,0,0
3.638,46.4862114914269,397.325888032619,0,85.9256250560599,86.5,2.80966685232201e-35,259,0,259,172.42562505606,-31.2765052623882,0,85.9256250560599,1,0,0
3.639,46.4845565207108,397.325888032619,0,85.9256250560599,86.5,2.66918350970591e-35,259,0,259,172.42562505606,-32.5414691254745,0,85.9256250560599,1,0,0
3.64,46.482902082482,397.325888032619,0,85.9256250560599,86.5,2.53572433422062e-35,259,0,259,172.42562505606,-33.8070287780187,0,85.9256250560599,1,0,0
3.641,46.4812481765692,397.325888032619,0,85.9256250560599,86.5,2.40893811750958e-35,259,0,259,172.42562505606,-35.0731840283253,0,85.9256250560599,1,0,0
3.642,46.4795948028012,397.325888032619,0,85.9256250560599,86.5,2.28849121163411e-35,259,0,259,172.42562505606,-36.3399346847603,0,85.9256250560599,1,0,0
3.643,46.4779419610067,397.325888032619,0,85.9256250560599,86.5,2.1740666510524e-35,259,0,259,172.42562505606,-37.6072805557518,0,85.9256250560599,1,0,0
3.644,46.4762896510146,397.325888032619,0,85.9256250560599,86.5,2.06536331849978e-35,259,0,259,172.42562505606,-38.8752214497894,0,85.9256250560599,1,0,0
3.645,46.4746378726538,397.325888032619,0,85.9256250560599,86.5,1.96209515257479e-35,259,0,259,172.42562505606,-40.143757175424,0,85.9256250560599,1,0,0
3.646,46.4729866257532,397.325888032619,0,85.9256250560599,86.5,1.86399039494605e-35,259,0,259,172.42562505606,-41.4128875412687,0,85.9256250560599,1,0,0
3.647,46.4713359101419,397.325888032619,0,85.9256250560599,86.5,1.77079087519875e-35,259,0,259,172.42562505606,-42.6826123559974,0,85.9256250560599,1,0,0
3.648,46.4696857256488,397.325888032619,0,85.9256250560599,86.5,1.68225133143881e-35,259,0,259,172.42562505606,-43.9529314283462,0,85.9256250560599,1,0,0
3.649,46.4680360721031,397.325888032619,0,85.9256250560599,86.5,1.59813876486687e-35,259,0,259,172.42562505606,-45.2238445671127,0,85.9256250560599,1,0,0
3.65,46.4663869493339,397.325888032619,0,85.9256250560599,86.5,1.51823182662353e-35,259,0,259,172.42562505606,-46.4953515811556,0,85.9256250560599,1,0,0
3.651,46.4647383571705,397.325888032619,0,85.9256250560599,86.5,1.44232023529235e-35,259,0,259,172.42562505606,-47.7674522793955,0,85.9256250560599,1,0,0
3.652,46.4630902954422,397.325888032619,0,85.9256250560599,86.5,1.37020422352773e-35,259,0,259,172.42562505606,-49.0401464708142,0,85.9256250560599,1,0,0
3.653,46.4614427639783,397.325888032619,0,85.9256250560599,86.5,1.30169401235135e-35,259,0,259,172.42562505606,-50.3134339644551,0,85.9256250560599,1,0,0
3.654,46.4597957626082,397.325888032619,0,85.9256250560599,86.5,1.23660931173378e-35,259,0,259,172.42562505606,-51.5873145694228,0,85.9256250560599,1,0,0
3.655,46.4581492911613,397.325888032619,0,85.9256250560599,86.5,1.17477884614709e-35,259,0,259,172.42562505606,-52.8617880948838,0,85.9256250560599,1,0,0
3.656,46.4565033494671,397.325888032619,0,85.9256250560599,86.5,1.11603990383974e-35,259,0,259,172.42562505606,-54.1368543500658,0,85.9256250560599,1,0,0
3.657,46.4548579373552,397.325888032619,0,85.9256250560599,86.5,1.06023790864775e-35,259,0,259,172.42562505606,-55.4125131442577,0,85.9256250560599,1,0,0
3.658,46.4532130546551,397.325888032619,0,85.9256250560599,86.5,1.00722601321536e-35,259,0,259,172.42562505606,-56.6887642868099,0,85.9256250560599,1,0,0
3.659,46.4515687011966,397.325888032619,0,85.9256250560599,86.5,9.56864712554594e-36,259,0,259,172.42562505606,-57.9656075871341,0,85.9256250560599,1,0,0
3.66,46.4499248768094,397.325888032619,0,85.9256250560599,86.5,9.09021476926864e-36,259,0,259,172.42562505606,-59.2430428547034,0,85.9256250560599,1,0,0
3.661,46.4482815813231,397.325888032619,0,85.9256250560599,86.5,8.63570403080521e-36,259,0,259,172.42562505606,-60.521069899052,0,85.9256250560599,1,0,0
3.662,46.4466388145677,397.325888032619,0,85.9256250560599,86.5,8.20391882926495e-36,259,0,259,172.42562505606,-61.7996885297758,0,85.9256250560599,1,0,0
3.663,46.4449965763731,397.325888032619,0,85.9256250560599,86.5,7.7937228878017e-36,259,0,259,172.42562505606,-63.0788985565313,0,85.9256250560599,1,0,0
3.664,46.4433548665691,397.325888032619,0,85.9256250560599,86.5,7.40403674341162e-36,259,0,259,172.42562505606,-64.358699789037,0,85.9256250560599,1,0,0
3.665,46.4417136849858,397.325888032619,0,85.9256250560599,86.5,7.03383490624104e-36,259,0,259,172.42562505606,-65.6390920370721,0,85.9256250560599,1,0,0
3.666,46.4400730314532,397.325888032619,0,85.9256250560599,86.5,6.68214316092898e-36,259,0,259,172.42562505606,-66.9200751104772,0,85.9256250560599,1,0,0
3.667,46.4384329058014,397.325888032619,0,85.9256250560599,86.5,6.34803600288254e-36,259,0,259,172.42562505606,-68.2016488191541,0,85.9256250560599,1,0,0
3.668,46.4367933078605,397.325888032619,0,85.9256250560599,86.5,6.03063420273841e-36,259,0,259,172.42562505606,-69.4838129730657,0,85.9256250560599,1,0,0
3.669,46.4351542374608,397.325888032619,0,85.9256250560599,86.5,5.72910249260149e-36,259,0,259,172.42562505606,-70.7665673822359,0,85.9256250560599,1,0,0
3.67,46.4335156944325,397.325888032619,0,85.9256250560599,86.5,5.44264736797141e-36,259,0,259,172.42562505606,-72.0499118567499,0,85.9256250560599,1,0,0
3.671,46.431877678606,397.325888032619,0,85.9256250560599,86.5,5.17051499957284e-36,259,0,259,172.42562505606,-73.3338462067543,0,85.9256250560599,1,0,0
3.672,46.4302401898116,397.325888032619,0,85.9256250560599,86.5,4.9119892495942e-36,259,0,259,172.42562505606,-74.6183702424561,0,85.9256250560599,1,0,0
3.673,46.4286032278798,397.325888032619,0,85.9256250560599,86.5,4.66638978711449e-36,259,0,259,172.42562505606,-75.9034837741239,0,85.9256250560599,1,0,0
3.674,46.4269667926409,397.325888032619,0,85.9256250560599,86.5,4.43307029775877e-36,259,0,259,172.42562505606,-77.1891866120871,0,85.9256250560599,1,0,0
3.675,46.4253308839257,397.325888032619,0,85.9256250560599,86.5,4.21141678287083e-36,259,0,259,172.42562505606,-78.4754785667364,0,85.9256250560599,1,0,0
3.676,46.4236955015646,397.325888032619,0,85.9256250560599,86.5,4.00084594372729e-36,259,0,259,172.42562505606,-79.7623594485232,0,85.9256250560599,1,0,0
3.677,46.4220606453882,397.325888032619,0,85.9256250560599,86.5,3.80080364654092e-36,259,0,259,172.42562505606,-81.0498290679599,0,85.9256250560599,1,0,0
3.678,46.4204263152274,397.325888032619,0,85.9256250560599,86.5,3.61076346421388e-36,259,0,259,172.42562505606,-82.3378872356202,0,85.9256250560599,1,0,0
3.679,46.4187925109129,397.325888032619,0,85.9256250560599,86.5,3.43022529100318e-36,259,0,259,172.42562505606,-83.6265337621383,0,85.9256250560599,1,0,0
3.68,46.4171592322754,397.325888032619,0,85.9256250560599,86.5,3.25871402645302e-36,259,0,259,172.42562505606,-84.9157684582097,0,85.9256250560599,1,0,0
3.681,46.4155264791459,397.325888032619,0,85.9256250560599,86.5,3.09577832513037e-36,259,0,259,172.42562505606,-86.2055911345905,0,85.9256250560599,1,0,0
3.682,46.4138942513551,397.325888032619,0,85.9256250560599,86.5,2.94098940887385e-36,259,0,259,172.42562505606,-87.496001602098,0,85.9256250560599,1,0,0
3.683,46.4122625487342,397.325888032619,0,85.9256250560599,86.5,2.79393993843016e-36,259,0,259,172.42562505606,-88.78699967161,0,85.9256250560599,1,0,0
3.684,46.4106313711142,397.325888032619,0,85.9256250560599,86.5,2.65424294150865e-36,259,0,259,172.42562505606,-90.0785851540658,0,85.9256250560599,1,0,0
3.685,46.4090007183261,397.325888032619,0,85.9256250560599,86.5,2.52153079443322e-36,259,0,259,172.42562505606,-91.3707578604648,0,85.9256250560599,1,0,0
3.686,46.407370590201,397.325888032619,0,85.9256250560599,86.5,2.39545425471156e-36,259,0,259,172.42562505606,-92.6635176018673,0,85.9256250560599,1,0,0
3.687,46.4057409865702,397.325888032619,0,85.9256250560599,86.5,2.27568154197598e-36,259,0,259,172.42562505606,-93.956864189395,0,85.9256250560599,1,0,0
3.688,46.4041119072648,397.325888032619,0,85.9256250560599,86.5,2.16189746487718e-36,259,0,259,172.42562505606,-95.2507974342296,0,85.9256250560599,1,0,0
3.689,46.4024833521163,397.325888032619,0,85.9256250560599,86.5,2.05380259163332e-36,259,0,259,172.42562505606,-96.5453171476143,0,85.9256250560599,1,0,0
3.69,46.4008553209559,397.325888032619,0,85.9256250560599,86.5,1.95111246205166e-36,259,0,259,172.42562505606,-97.8404231408523,0,85.9256250560599,1,0,0
3.691,46.399227813615,397.325888032619,0,85.9256250560599,86.5,1.85355683894907e-36,259,0,259,172.42562505606,-99.1361152253083,0,85.9256250560599,1,0,0
3.692,46.3976008299252,397.325888032619,0,85.9256250560599,86.5,1.76087899700162e-36,259,0,259,172.42562505606,-100.432393212407,0,85.9256250560599,1,0,0
3.693,46.3959743697179,397.325888032619,0,85.9256250560599,86.5,1.67283504715154e-36,259,0,259,172.42562505606,-101.729256913634,0,85.9256250560599,1,0,0
3.694,46.3943484328247,397.325888032619,0,85.9256250560599,86.5,1.58919329479396e-36,259,0,259,172.42562505606,-103.026706140535,0,85.9256250560599,1,0,0
3.695,46.3927230190772,397.325888032619,0,85.9256250560599,86.5,1.50973363005426e-36,259,0,259,172.42562505606,-104.324740704719,0,85.9256250560599,1,0,0
3.696,46.3910981283071,397.325888032619,0,85.9256250560599,86.5,1.43424694855155e-36,259,0,259,172.42562505606,-105.623360417851,0,85.9256250560599,1,0,0
3.697,46.3894737603461,397.325888032619,0,85.9256250560599,86.5,1.36253460112397e-36,259,0,259,172.42562505606,-106.92256509166,0,85.9256250560599,1,0,0
3.698,46.3878499150261,397.325888032619,0,85.9256250560599,86.5,1.29440787106777e-36,259,0,259,172.42562505606,-108.222354537936,0,85.9256250560599,1,0,0
3.699,46.3862265921788,397.325888032619,0,85.9256250560599,86.5,1.22968747751439e-36,259,0,259,172.42562505606,-109.522728568526,0,85.9256250560599,1,0,0
3.7,46.3846037916361,397.325888032619,0,85.9256250560599,86.5,1.16820310363867e-36,259,0,259,172.42562505606,-110.823686995342,0,85.9256250560599,1,0,0
3.701,46.38298151323,397.325888032619,0,85.9256250560599,86.5,1.10979294845673e-36,259,0,259,172.42562505606,-112.125229630353,0,85.9256250560599,1,0,0
3.702,46.3813597567926,397.325888032619,0,85.9256250560599,86.5,1.0543033010339e-36,259,0,259,172.42562505606,-113.42735628559,0,85.9256250560599,1,0,0
3.703,46.3797385221558,397.325888032619,0,85.9256250560599,86.5,1.0015881359822e-36,259,0,259,172.42562505606,-114.730066773145,0,85.9256250560599,1,0,0
3.704,46.3781178091517,397.325888032619,0,85.9256250560599,86.5,9.51508729183092e-37,259,0,259,172.42562505606,-116.033360905169,0,85.9256250560599,1,0,0
3.705,46.3764976176126,397.325888032619,0,85.9256250560599,86.5,9.03933292723937e-37,259,0,259,172.42562505606,-117.337238493874,0,85.9256250560599,1,0,0
3.706,46.3748779473707,397.325888032619,0,85.9256250560599,86.5,8.5873662808774e-37,259,0,259,172.42562505606,-118.641699351533,0,85.9256250560599,1,0,0
3.707,46.3732587982581,397.325888032619,0,85.9256250560599,86.5,8.15799796683353e-37,259,0,259,172.42562505606,-119.94674329048,0,85.9256250560599,1,0,0
3.708,46.3716401701073,397.325888032619,0,85.9256250560599,86.5,7.75009806849186e-37,259,0,259,172.42562505606,-121.252370123107,0,85.9256250560599,1,0,0
3.709,46.3700220627507,397.325888032619,0,85.9256250560599,86.5,7.36259316506726e-37,259,0,259,172.42562505606,-122.558579661869,0,85.9256250560599,1,0,0
3.71,46.3684044760206,397.325888032619,0,85.9256250560599,86.5,6.9944635068139e-37,259,0,259,172.42562505606,-123.865371719278,0,85.9256250560599,1,0,0
3.711,46.3667874097495,397.325888032619,0,85.9256250560599,86.5,6.6447403314732e-37,259,0,259,172.42562505606,-125.172746107911,0,85.9256250560599,1,0,0
3.712,46.3651708637701,397.325888032619,0,85.9256250560599,86.5,6.31250331489954e-37,259,0,259,172.42562505606,-126.480702640401,0,85.9256250560599,1,0,0
3.713,46.3635548379148,397.325888032619,0,85.9256250560599,86.5,5.99687814915457e-37,259,0,259,172.42562505606,-127.789241129444,0,85.9256250560599,1,0,0
3.714,46.3619393320164,397.325888032619,0,85.9256250560599,86.5,5.69703424169684e-37,259,0,259,172.42562505606,-129.098361387795,0,85.9256250560599,1,0,0
3.715,46.3603243459075,397.325888032619,0,85.9256250560599,86.5,5.412182529612e-37,259,0,259,172.42562505606,-130.408063228269,0,85.9256250560599,1,0,0
3.716,46.3587098794209,397.325888032619,0,85.9256250560599,86.5,5.1415734031314e-37,259,0,259,172.42562505606,-131.718346463742,0,85.9256250560599,1,0,0
3.717,46.3570959323895,397.325888032619,0,85.9256250560599,86.5,4.88449473297483e-37,259,0,259,172.42562505606,-133.02921090715,0,85.9256250560599,1,0,0
3.718,46.355482504646,397.325888032619,0,85.9256250560599,86.5,4.64026999632609e-37,259,0,259,172.42562505606,-134.34065637149,0,85.9256250560599,1,0,0
3.719,46.3538695960234,397.325888032619,0,85.9256250560599,86.5,4.40825649650978e-37,259,0,259,172.42562505606,-135.652682669818,0,85.9256250560599,1,0,0
3.72,46.3522572063546,397.325888032619,0,85.9256250560599,86.5,4.18784367168429e-37,259,0,259,172.42562505606,-136.965289615249,0,85.9256250560599,1,0,0
3.721,46.3506453354728,397.325888032619,0,85.9256250560599,86.5,3.97845148810008e-37,259,0,259,172.42562505606,-138.278477020962,0,85.9256250560599,1,0,0
3.722,46.3490339832109,397.325888032619,0,85.9256250560599,86.5,3.77952891369507e-37,259,0,259,172.42562505606,-139.592244700191,0,85.9256250560599,1,0,0
3.723,46.3474231494022,397.325888032619,0,85.9256250560599,86.5,3.59055246801032e-37,259,0,259,172.42562505606,-140.906592466236,0,85.9256250560599,1,0,0
3.724,46.3458128338797,397.325888032619,0,85.9256250560599,86.5,3.4110248446098e-37,259,0,259,172.42562505606,-142.221520132451,0,85.9256250560599,1,0,0
3.725,46.3442030364768,397.325888032619,0,85.9256250560599,86.5,3.24047360237931e-37,259,0,259,172.42562505606,-143.537027512254,0,85.9256250560599,1,0,0
3.726,46.3425937570267,397.325888032619,0,85.9256250560599,86.5,3.07844992226035e-37,259,0,259,172.42562505606,-144.853114419122,0,85.9256250560599,1,0,0
3.727,46.3409849953628,397.325888032619,0,85.9256250560599,86.5,2.92452742614733e-37,259,0,259,172.42562505606,-146.169780666593,0,85.9256250560599,1,0,0
3.728,46.3393767513185,397.325888032619,0,85.9256250560599,86.5,2.77830105483996e-37,259,0,259,172.42562505606,-147.487026068262,0,85.9256250560599,1,0,0
3.729,46.3377690247272,397.325888032619,0,85.9256250560599,86.5,2.63938600209797e-37,259,0,259,172.42562505606,-148.804850437788,0,85.9256250560599,1,0,0
3.73,46.3361618154225,397.325888032619,0,85.9256250560599,86.5,2.50741670199307e-37,259,0,259,172.42562505606,-150.123253588886,0,85.9256250560599,1,0,0
3.731,46.3345551232378,397.325888032619,0,85.9256250560599,86.5,2.38204586689342e-37,259,0,259,172.42562505606,-151.442235335334,0,85.9256250560599,1,0,0
3.732,46.332948948007,397.325888032619,0,85.9256250560599,86.5,2.26294357354874e-37,259,0,259,172.42562505606,-152.761795490968,0,85.9256250560599,1,0,0
3.733,46.3313432895634,397.325888032619,0,85.9256250560599,86.5,2.14979639487131e-37,259,0,259,172.42562505606,-154.081933869686,0,85.9256250560599,1,0,0
3.734,46.3297381477411,397.325888032619,0,85.9256250560599,86.5,2.04230657512774e-37,259,0,259,172.42562505606,-155.402650285443,0,85.9256250560599,1,0,0
3.735,46.3281335223736,397.325888032619,0,85.9256250560599,86.5,1.94019124637136e-37,259,0,259,172.42562505606,-156.723944552256,0,85.9256250560599,1,0,0
3.736,46.3265294132948,397.325888032619,0,85.9256250560599,86.5,1.84318168405279e-37,259,0,259,172.42562505606,-158.045816484202,0,85.9256250560599,1,0,0
3.737,46.3249258203387,397.325888032619,0,85.9256250560599,86.5,1.75102259985015e-37,259,0,259,172.42562505606,-159.368265895416,0,85.9256250560599,1,0,0
3.738,46.3233227433391,397.325888032619,0,85.9256250560599,86.5,1.66347146985764e-37,259,0,259,172.42562505606,-160.691292600094,0,85.9256250560599,1,0,0
3.739,46.32172018213,397.325888032619,0,85.9256250560599,86.5,1.58029789636476e-37,259,0,259,172.42562505606,-162.014896412492,0,85.9256250560599,1,0,0
3.74,46.3201181365456,397.325888032619,0,85.9256250560599,86.5,1.50128300154652e-37,259,0,259,172.42562505606,-163.339077146925,0,85.9256250560599,1,0,0
3.741,46.3185166064198,397.325888032619,0,85.9256250560599,86.5,1.42621885146919e-37,259,0,259,172.42562505606,-164.663834617768,0,85.9256250560599,1,0,0
3.742,46.3169155915868,397.325888032619,0,85.9256250560599,86.5,1.35490790889573e-37,259,0,259,172.42562505606,-165.989168639457,0,85.9256250560599,1,0,0
3.743,46.3153150918809,397.325888032619,0,85.9256250560599,86.5,1.28716251345095e-37,259,0,259,172.42562505606,-167.315079026486,0,85.9256250560599,1,0,0
3.744,46.3137151071363,397.325888032619,0,85.9256250560599,86.5,1.2228043877784e-37,259,0,259,172.42562505606,-168.641565593409,0,85.9256250560599,1,0,0
3.745,46.3121156371873,397.325888032619,0,85.9256250560599,86.5,1.16166416838948e-37,259,0,259,172.42562505606,-169.96862815484,0,85.9256250560599,1,0,0
3.746,46.3105166818683,397.325888032619,0,85.9256250560599,86.5,1.10358095997001e-37,259,0,259,172.42562505606,-171.296266525452,0,85.9256250560599,1,0,0
3.747,46.3089182410136,397.325888032619,0,85.9256250560599,86.5,1.04840191197151e-37,259,0,259,172.42562505606,-172.62448051998,0,85.9256250560599,1,0,0
3.748,46.3073203144578,397.325888032619,0,85.9256250560599,86.5,9.95981816372931e-38,259,0,259,172.42562505606,-173.953269953215,0,85.9256250560599,1,0,0
3.749,46.3057229020354,397.325888032619,0,85.9256250560599,86.5,9.46182725554284e-38,259,0,259,172.42562505606,-175.28263464001,0,85.9256250560599,1,0,0
3.75,46.3041260035809,397.325888032619,0,85.9256250560599,86.5,8.9887358927657e-38,259,0,259,172.42562505606,-176.612574395277,0,85.9256250560599,1,0,0
3.751,46.3025296189291,397.325888032619,0,85.9256250560599,86.5,8.53929909812741e-38,259,0,259,172.42562505606,-177.943089033988,0,85.9256250560599,1,0,0
3.752,46.3009337479145,397.325888032619,0,85.9256250560599,86.5,8.11233414322104e-38,259,0,259,172.42562505606,-179.274178371174,0,85.9256250560599,1,0,0
3.753,46.2993383903719,397.325888032619,0,85.9256250560599,86.5,7.70671743605999e-38,259,0,259,172.42562505606,179.394157778075,0,85.9256250560599,1,0,0
3.754,46.2977435461362,397.325888032619,0,85.9256250560599,86.5,7.32138156425699e-38,259,0,259,172.42562505606,178.061919598609,0,85.9256250560599,1,0,0
3.755,46.296149215042,397.325888032619,0,85.9256250560599,86.5,6.95531248604414e-38,259,0,259,172.42562505606,176.729107275218,0,85.9256250560599,1,0,0
3.756,46.2945553969245,397.325888032619,0,85.9256250560599,86.5,6.60754686174193e-38,259,0,259,172.42562505606,175.395720992634,0,85.9256250560599,1,0,0
3.757,46.2929620916184,397.325888032619,0,85.9256250560599,86.5,6.27716951865484e-38,259,0,259,172.42562505606,174.061760935526,0,85.9256250560599,1,0,0
3.758,46.2913692989588,397.325888032619,0,85.9256250560599,86.5,5.9633110427221e-38,259,0,259,172.42562505606,172.727227288509,0,85.9256250560599,1,0,0
3.759,46.2897770187807,397.325888032619,0,85.9256250560599,86.5,5.66514549058599e-38,259,0,259,172.42562505606,171.392120236134,0,85.9256250560599,1,0,0
3.76,46.2881852509194,397.325888032619,0,85.9256250560599,86.5,5.38188821605669e-38,259,0,259,172.42562505606,170.056439962895,0,85.9256250560599,1,0,0
3.761,46.2865939952098,397.325888032619,0,85.9256250560599,86.5,5.11279380525386e-38,259,0,259,172.42562505606,168.720186653226,0,85.9256250560599,1,0,0
3.762,46.2850032514873,397.325888032619,0,85.9256250560599,86.5,4.85715411499116e-38,259,0,259,172.42562505606,167.383360491502,0,85.9256250560599,1,0,0
3.763,46.2834130195871,397.325888032619,0,85.9256250560599,86.5,4.61429640924161e-38,259,0,259,172.42562505606,166.045961662037,0,85.9256250560599,1,0,0
3.764,46.2818232993445,397.325888032619,0,85.9256250560599,86.5,4.38358158877953e-38,259,0,259,172.42562505606,164.707990349089,0,85.9256250560599,1,0,0
3.765,46.2802340905949,397.325888032619,0,85.9256250560599,86.5,4.16440250934055e-38,259,0,259,172.42562505606,163.369446736853,0,85.9256250560599,1,0,0
3.766,46.2786453931737,397.325888032619,0,85.9256250560599,86.5,3.95618238387352e-38,259,0,259,172.42562505606,162.030331009467,0,85.9256250560599,1,0,0
3.767,46.2770572069164,397.325888032619,0,85.9256250560599,86.5,3.75837326467985e-38,259,0,259,172.42562505606,160.690643351009,0,85.9256250560599,1,0,0
3.768,46.2754695316586,397.325888032619,0,85.9256250560599,86.5,3.57045460144585e-38,259,0,259,172.42562505606,159.350383945499,0,85.9256250560599,1,0,0
3.769,46.2738823672358,397.325888032619,0,85.9256250560599,86.5,3.39193187137356e-38,259,0,259,172.42562505606,158.009552976896,0,85.9256250560599,1,0,0
3.77,46.2722957134837,397.325888032619,0,85.9256250560599,86.5,3.22233527780488e-38,259,0,259,172.42562505606,156.668150629101,0,85.9256250560599,1,0,0
3.771,46.2707095702379,397.325888032619,0,85.9256250560599,86.5,3.06121851391464e-38,259,0,259,172.42562505606,155.326177085955,0,85.9256250560599,1,0,0
3.772,46.2691239373342,397.325888032619,0,85.9256250560599,86.5,2.90815758821891e-38,259,0,259,172.42562505606,153.983632531241,0,85.9256250560599,1,0,0
3.773,46.2675388146085,397.325888032619,0,85.9256250560599,86.5,2.76274970880796e-38,259,0,259,172.42562505606,152.640517148681,0,85.9256250560599,1,0,0
3.774,46.2659542018964,397.325888032619,0,85.9256250560599,86.5,2.62461222336756e-38,259,0,259,172.42562505606,151.296831121941,0,85.9256250560599,1,0,0
3.775,46.264370099034,397.325888032619,0,85.9256250560599,86.5,2.49338161219919e-38,259,0,259,172.42562505606,149.952574634623,0,85.9256250560599,1,0,0
3.776,46.2627865058573,397.325888032619,0,85.9256250560599,86.5,2.36871253158923e-38,259,0,259,172.42562505606,148.607747870275,0,85.9256250560599,1,0,0
3.777,46.2612034222021,397.325888032619,0,85.9256250560599,86.5,2.25027690500976e-38,259,0,259,172.42562505606,147.262351012384,0,85.9256250560599,1,0,0
3.778,46.2596208479046,397.325888032619,0,85.9256250560599,86.5,2.13776305975928e-38,259,0,259,172.42562505606,145.916384244377,0,85.9256250560599,1,0,0
3.779,46.2580387828009,397.325888032619,0,85.9256250560599,86.5,2.03087490677131e-38,259,0,259,172.42562505606,144.569847749623,0,85.9256250560599,1,0,0
3.78,46.2564572267272,397.325888032619,0,85.9256250560599,86.5,1.92933116143275e-38,259,0,259,172.42562505606,143.222741711431,0,85.9256250560599,1,0,0
3.781,46.2548761795196,397.325888032619,0,85.9256250560599,86.5,1.83286460336111e-38,259,0,259,172.42562505606,141.875066313053,0,85.9256250560599,1,0,0
3.782,46.2532956410145,397.325888032619,0,85.9256250560599,86.5,1.74122137319305e-38,259,0,259,172.42562505606,140.52682173768,0,85.9256250560599,1,0,0
3.783,46.2517156110481,397.325888032619,0,85.9256250560599,86.5,1.6541603045334e-38,259,0,259,172.42562505606,139.178008168445,0,85.9256250560599,1,0,0
3.784,46.2501360894569,397.325888032619,0,85.9256250560599,86.5,1.57145228930673e-38,259,0,259,172.42562505606,137.828625788422,0,85.9256250560599,1,0,0
3.785,46.2485570760773,397.325888032619,0,85.9256250560599,86.5,1.49287967484139e-38,259,0,259,172.42562505606,136.478674780627,0,85.9256250560599,1,0,0
3.786,46.2469785707458,397.325888032619,0,85.9256250560599,86.5,1.41823569109932e-38,259,0,259,172.42562505606,135.128155328015,0,85.9256250560599,1,0,0
3.787,46.2454005732988,397.325888032619,0,85.9256250560599,86.5,1.34732390654436e-38,259,0,259,172.42562505606,133.777067613483,0,85.9256250560599,1,0,0
3.788,46.243823083573,397.325888032619,0,85.9256250560599,86.5,1.27995771121714e-38,259,0,259,172.42562505606,132.425411819871,0,85.9256250560599,1,0,0
3.789,46.2422461014051,397.325888032619,0,85.9256250560599,86.5,1.21595982565628e-38,259,0,259,172.42562505606,131.073188129957,0,85.9256250560599,1,0,0
3.79,46.2406696266317,397.325888032619,0,85.9256250560599,86.5,1.15516183437347e-38,259,0,259,172.42562505606,129.720396726463,0,85.9256250560599,1,0,0
3.791,46.2390936590895,397.325888032619,0,85.9256250560599,86.5,1.0974037426548e-38,259,0,259,172.42562505606,128.36703779205,0,85.9256250560599,1,0,0
3.792,46.2375181986154,397.325888032619,0,85.9256250560599,86.5,1.04253355552206e-38,259,0,259,172.42562505606,127.013111509323,0,85.9256250560599,1,0,0
3.793,46.2359432450462,397.325888032619,0,85.9256250560599,86.5,9.90406877745953e-39,259,0,259,172.42562505606,125.658618060824,0,85.9256250560599,1,0,0
3.794,46.2343687982189,397.325888032619,0,85.9256250560599,86.5,9.40886533858656e-39,259,0,259,172.42562505606,124.303557629041,0,85.9256250560599,1,0,0
3.795,46.2327948579703,397.325888032619,0,85.9256250560599,86.5,8.93842207165723e-39,259,0,259,172.42562505606,122.947930396399,0,85.9256250560599,1,0,0
3.796,46.2312214241375,397.325888032619,0,85.9256250560599,86.5,8.49150096807437e-39,259,0,259,172.42562505606,121.591736545269,0,85.9256250560599,1,0,0
3.797,46.2296484965575,397.325888032619,0,85.9256250560599,86.5,8.06692591967065e-39,259,0,259,172.42562505606,120.234976257958,0,85.9256250560599,1,0,0
3.798,46.2280760750675,397.325888032619,0,85.9256250560599,86.5,7.66357962368712e-39,259,0,259,172.42562505606,118.877649716719,0,85.9256250560599,1,0,0
3.799,46.2265041595046,397.325888032619,0,85.9256250560599,86.5,7.28040064250276e-39,259,0,259,172.42562505606,117.519757103743,0,85.9256250560599,1,0,0
3.8,46.2249327497061,397.325888032619,0,85.9256250560599,86.5,6.91638061037762e-39,259,0,259,172.42562505606,116.161298601165,0,85.9256250560599,1,0,0
3.801,46.2233618455091,397.325888032619,0,85.9256250560599,86.5,6.57056157985874e-39,259,0,259,172.42562505606,114.802274391059,0,85.9256250560599,1,0,0
3.802,46.2217914467511,397.325888032619,0,85.9256250560599,86.5,6.2420335008658e-39,259,0,259,172.42562505606,113.442684655442,0,85.9256250560599,1,0,0
3.803,46.2202215532694,397.325888032619,0,85.9256250560599,86.5,5.92993182582251e-39,259,0,259,172.42562505606,112.082529576272,0,85.9256250560599,1,0,0
3.804,46.2186521649014,397.325888032619,0,85.9256250560599,86.5,5.63343523453139e-39,259,0,259,172.42562505606,110.721809335449,0,85.9256250560599,1,0,0
3.805,46.2170832814847,397.325888032619,0,85.9256250560599,86.5,5.35176347280482e-39,259,0,259,172.42562505606,109.360524114814,0,85.9256250560599,1,0,0
3.806,46.2155149028566,397.325888032619,0,85.9256250560599,86.5,5.08417529916458e-39,259,0,259,172.42562505606,107.998674096148,0,85.9256250560599,1,0,0
3.807,46.213947028855,397.325888032619,0,85.9256250560599,86.5,4.82996653420635e-39,259,0,259,172.42562505606,106.636259461177,0,85.9256250560599,1,0,0
3.808,46.2123796593172,397.325888032619,0,85.9256250560599,86.5,4.58846820749603e-39,259,0,259,172.42562505606,105.273280391565,0,85.9256250560599,1,0,0
3.809,46.2108127940812,397.325888032619,0,85.9256250560599,86.5,4.35904479712123e-39,259,0,259,172.42562505606,103.909737068919,0,85.9256250560599,1,0,0
3.81,46.2092464329845,397.325888032619,0,85.9256250560599,86.5,4.14109255726517e-39,259,0,259,172.42562505606,102.545629674788,0,85.9256250560599,1,0,0
3.811,46.207680575865,397.325888032619,0,85.9256250560599,86.5,3.93403792940191e-39,259,0,259,172.42562505606,101.180958390663,0,85.9256250560599,1,0,0
3.812,46.2061152225605,397.325888032619,0,85.9256250560599,86.5,3.73733603293181e-39,259,0,259,172.42562505606,99.815723397974,0,85.9256250560599,1,0,0
3.813,46.204550372909,397.325888032619,0,85.9256250560599,86.5,3.55046923128522e-39,259,0,259,172.42562505606,98.4499248780958,0,85.9256250560599,1,0,0
3.814,46.2029860267484,397.325888032619,0,85.9256250560599,86.5,3.37294576972096e-39,259,0,259,172.42562505606,97.0835630123431,0,85.9256250560599,1,0,0
3.815,46.2014221839166,397.325888032619,0,85.9256250560599,86.5,3.20429848123491e-39,259,0,259,172.42562505606,95.7166379819725,0,85.9256250560599,1,0,0
3.816,46.1998588442518,397.325888032619,0,85.9256250560599,86.5,3.04408355717317e-39,259,0,259,172.42562505606,94.3491499681824,0,85.9256250560599,1,0,0
3.817,46.198296007592,397.325888032619,0,85.9256250560599,86.5,2.89187937931451e-39,259,0,259,172.42562505606,92.981099152113,0,85.9256250560599,1,0,0
3.818,46.1967336737754,397.325888032619,0,85.9256250560599,86.5,2.74728541034879e-39,259,0,259,172.42562505606,91.612485714846,0,85.9256250560599,1,0,0
3.819,46.1951718426402,397.325888032619,0,85.9256250560599,86.5,2.60992113983135e-39,259,0,259,172.42562505606,90.2433098374052,0,85.9256250560599,1,0,0
3.82,46.1936105140246,397.325888032619,0,85.9256250560599,86.5,2.47942508283978e-39,259,0,259,172.42562505606,88.8735717007556,0,85.9256250560599,1,0,0
3.821,46.1920496877671,397.325888032619,0,85.9256250560599,86.5,2.35545382869779e-39,259,0,259,172.42562505606,87.5032714858045,0,85.9256250560599,1,0,0
3.822,46.1904893637059,397.325888032619,0,85.9256250560599,86.5,2.2376811372629e-39,259,0,259,172.42562505606,86.1324093734005,0,85.9256250560599,1,0,0
3.823,46.1889295416795,397.325888032619,0,85.9256250560599,86.5,2.12579708039976e-39,259,0,259,172.42562505606,84.7609855443348,0,85.9256250560599,1,0,0
3.824,46.1873702215263,397.325888032619,0,85.9256250560599,86.5,2.01950722637977e-39,259,0,259,172.42562505606,83.3890001793393,0,85.9256250560599,1,0,0
3.825,46.1858114030849,397.325888032619,0,85.9256250560599,86.5,1.91853186506078e-39,259,0,259,172.42562505606,82.0164534590887,0,85.9256250560599,1,0,0
3.826,46.1842530861938,397.325888032619,0,85.9256250560599,86.5,1.82260527180774e-39,259,0,259,172.42562505606,80.6433455641994,0,85.9256250560599,1,0,0
3.827,46.1826952706917,397.325888032619,0,85.9256250560599,86.5,1.73147500821735e-39,259,0,259,172.42562505606,79.2696766752292,0,85.9256250560599,1,0,0
3.828,46.1811379564172,397.325888032619,0,85.9256250560599,86.5,1.64490125780649e-39,259,0,259,172.42562505606,77.8954469726783,0,85.9256250560599,1,0,0
3.829,46.1795811432091,397.325888032619,0,85.9256250560599,86.5,1.56265619491616e-39,259,0,259,172.42562505606,76.5206566369886,0,85.9256250560599,1,0,0
3.83,46.1780248309062,397.325888032619,0,85.9256250560599,86.5,1.48452338517035e-39,259,0,259,172.42562505606,75.1453058485438,0,85.9256250560599,1,0,0
3.831,46.1764690193472,397.325888032619,0,85.9256250560599,86.5,1.41029721591184e-39,259,0,259,172.42562505606,73.76939478767,0,85.9256250560599,1,0,0
3.832,46.1749137083711,397.325888032619,0,85.9256250560599,86.5,1.33978235511624e-39,259,0,259,172.42562505606,72.392923634635,0,85.9256250560599,1,0,0
3.833,46.1733588978168,397.325888032619,0,85.9256250560599,86.5,1.27279323736043e-39,259,0,259,172.42562505606,71.0158925696486,0,85.9256250560599,1,0,0
3.834,46.1718045875233,397.325888032619,0,85.9256250560599,86.5,1.20915357549241e-39,259,0,259,172.42562505606,69.6383017728626,0,85.9256250560599,1,0,0
3.835,46.1702507773296,397.325888032619,0,85.9256250560599,86.5,1.14869589671779e-39,259,0,259,172.42562505606,68.2601514243711,0,85.9256250560599,1,0,0
3.836,46.1686974670749,397.325888032619,0,85.9256250560599,86.5,1.0912611018819e-39,259,0,259,172.42562505606,66.8814417042097,0,85.9256250560599,1,0,0
3.837,46.1671446565982,397.325888032619,0,85.9256250560599,86.5,1.03669804678781e-39,259,0,259,172.42562505606,65.5021727923568,0,85.9256250560599,1,0,0
3.838,46.1655923457388,397.325888032619,0,85.9256250560599,86.5,9.84863144448415e-40,259,0,259,172.42562505606,64.1223448687322,0,85.9256250560599,1,0,0
3.839,46.1640405343359,397.325888032619,0,85.9256250560599,86.5,9.35619987225994e-40,259,0,259,172.42562505606,62.7419581131982,0,85.9256250560599,1,0,0
3.84,46.1624892222289,397.325888032619,0,85.9256250560599,86.5,8.88838987864694e-40,259,0,259,172.42562505606,61.3610127055591,0,85.9256250560599,1,0,0
3.841,46.160938409257,397.325888032619,0,85.9256250560599,86.5,8.4439703847146e-40,259,0,259,172.42562505606,59.9795088255616,0,85.9256250560599,1,0,0
3.842,46.1593880952597,397.325888032619,0,85.9256250560599,86.5,8.02177186547887e-40,259,0,259,172.42562505606,58.5974466528941,0,85.9256250560599,1,0,0
3.843,46.1578382800764,397.325888032619,0,85.9256250560599,86.5,7.62068327220492e-40,259,0,259,172.42562505606,57.2148263671876,0,85.9256250560599,1,0,0
3.844,46.1562889635466,397.325888032619,0,85.9256250560599,86.5,7.23964910859468e-40,259,0,259,172.42562505606,55.831648148015,0,85.9256250560599,1,0,0
3.845,46.15474014551,397.325888032619,0,85.9256250560599,86.5,6.87766665316494e-40,259,0,259,172.42562505606,54.4479121748917,0,85.9256250560599,1,0,0
3.846,46.153191825806,397.325888032619,0,85.9256250560599,86.5,6.5337833205067e-40,259,0,259,172.42562505606,53.0636186272753,0,85.9256250560599,1,0,0
3.847,46.1516440042744,397.325888032619,0,85.9256250560599,86.5,6.20709415448136e-40,259,0,259,172.42562505606,51.6787676845654,0,85.9256250560599,1,0,0
3.848,46.1500966807549,397.325888032619,0,85.9256250560599,86.5,5.89673944675729e-40,259,0,259,172.42562505606,50.2933595261042,0,85.9256250560599,1,0,0
3.849,46.1485498550872,397.325888032619,0,85.9256250560599,86.5,5.60190247441943e-40,259,0,259,172.42562505606,48.9073943311759,0,85.9256250560599,1,0,0
3.85,46.1470035271112,397.325888032619,0,85.9256250560599,86.5,5.32180735069846e-40,259,0,259,172.42562505606,47.5208722790073,0,85.9256250560599,1,0,0
3.851,46.1454576966667,397.325888032619,0,85.9256250560599,86.5,5.05571698316353e-40,259,0,259,172.42562505606,46.1337935487673,0,85.9256250560599,1,0,0
3.852,46.1439123635937,397.325888032619,0,85.9256250560599,86.5,4.80293113400536e-40,259,0,259,172.42562505606,44.7461583195673,0,85.9256250560599,1,0,0
3.853,46.142367527732,397.325888032619,0,85.9256250560599,86.5,4.56278457730509e-40,259,0,259,172.42562505606,43.357966770461,0,85.9256250560599,1,0,0
3.854,46.1408231889218,397.325888032619,0,85.9256250560599,86.5,4.33464534843984e-40,259,0,259,172.42562505606,41.9692190804445,0,85.9256250560599,1,0,0
3.855,46.1392793470031,397.325888032619,0,85.9256250560599,86.5,4.11791308101784e-40,259,0,259,172.42562505606,40.5799154284563,0,85.9256250560599,1,0,0
3.856,46.137736001816,397.325888032619,0,85.9256250560599,86.5,3.91201742696695e-40,259,0,259,172.42562505606,39.1900559933773,0,85.9256250560599,1,0,0
3.857,46.1361931532008,397.325888032619,0,85.9256250560599,86.5,3.7164165556186e-40,259,0,259,172.42562505606,37.7996409540312,0,85.9256250560599,1,0,0
3.858,46.1346508009976,397.325888032619,0,85.9256250560599,86.5,3.53059572783767e-40,259,0,259,172.42562505606,36.4086704891835,0,85.9256250560599,1,0,0
3.859,46.1331089450467,397.325888032619,0,85.9256250560599,86.5,3.35406594144579e-40,259,0,259,172.42562505606,35.0171447775426,0,85.9256250560599,1,0,0
3.86,46.1315675851884,397.325888032619,0,85.9256250560599,86.5,3.1863626443735e-40,259,0,259,172.42562505606,33.6250639977594,0,85.9256250560599,1,0,0
3.861,46.1300267212632,397.325888032619,0,85.9256250560599,86.5,3.02704451215483e-40,259,0,259,172.42562505606,32.2324283284272,0,85.9256250560599,1,0,0
3.862,46.1284863531114,397.325888032619,0,85.9256250560599,86.5,2.87569228654708e-40,259,0,259,172.42562505606,30.839237948082,0,85.9256250560599,1,0,0
3.863,46.1269464805736,397.325888032619,0,85.9256250560599,86.5,2.73190767221973e-40,259,0,259,172.42562505606,29.4454930352021,0,85.9256250560599,1,0,0
3.864,46.1254071034903,397.325888032619,0,85.9256250560599,86.5,2.59531228860874e-40,259,0,259,172.42562505606,28.0511937682087,0,85.9256250560599,1,0,0
3.865,46.1238682217021,397.325888032619,0,85.9256250560599,86.5,2.46554667417831e-40,259,0,259,172.42562505606,26.6563403254651,0,85.9256250560599,1,0,0
3.866,46.1223298350495,397.325888032619,0,85.9256250560599,86.5,2.34226934046939e-40,259,0,259,172.42562505606,25.2609328852779,0,85.9256250560599,1,0,0
3.867,46.1207919433734,397.325888032619,0,85.9256250560599,86.5,2.22515587344592e-40,259,0,259,172.42562505606,23.8649716258956,0,85.9256250560599,1,0,0
3.868,46.1192545465144,397.325888032619,0,85.9256250560599,86.5,2.11389807977363e-40,259,0,259,172.42562505606,22.4684567255101,0,85.9256250560599,1,0,0
3.869,46.1177176443133,397.325888032619,0,85.9256250560599,86.5,2.00820317578494e-40,259,0,259,172.42562505606,21.0713883622553,0,85.9256250560599,1,0,0
3.87,46.116181236611,397.325888032619,0,85.9256250560599,86.5,1.9077930169957e-40,259,0,259,172.42562505606,19.6737667142081,0,85.9256250560599,1,0,0
3.871,46.1146453232484,397.325888032619,0,85.9256250560599,86.5,1.81240336614591e-40,259,0,259,172.42562505606,18.275591959388,0,85.9256250560599,1,0,0
3.872,46.1131099040664,397.325888032619,0,85.9256250560599,86.5,1.72178319783862e-40,259,0,259,172.42562505606,16.8768642757575,0,85.9256250560599,1,0,0
3.873,46.111574978906,397.325888032619,0,85.9256250560599,86.5,1.63569403794669e-40,259,0,259,172.42562505606,15.4775838412213,0,85.9256250560599,1,0,0
3.874,46.1100405476083,397.325888032619,0,85.9256250560599,86.5,1.55390933604935e-40,259,0,259,172.42562505606,14.0777508336275,0,85.9256250560599,1,0,0
3.875,46.1085066100144,397.325888032619,0,85.9256250560599,86.5,1.47621386924688e-40,259,0,259,172.42562505606,12.6773654307665,0,85.9256250560599,1,0,0
3.876,46.1069731659653,397.325888032619,0,85.9256250560599,86.5,1.40240317578454e-40,259,0,259,172.42562505606,11.2764278103718,0,85.9256250560599,1,0,0
3.877,46.1054402153024,397.325888032619,0,85.9256250560599,86.5,1.33228301699531e-40,259,0,259,172.42562505606,9.87493815011927,0,85.9256250560599,1,0,0
3.878,46.1039077578669,397.325888032619,0,85.9256250560599,86.5,1.26566886614555e-40,259,0,259,172.42562505606,8.47289662762811,0,85.9256250560599,1,0,0
3.879,46.1023757935,397.325888032619,0,85.9256250560599,86.5,1.20238542283827e-40,259,0,259,172.42562505606,7.07030342046014,0,85.9256250560599,1,0,0
3.88,46.1008443220431,397.325888032619,0,85.9256250560599,86.5,1.14226615169636e-40,259,0,259,172.42562505606,5.66715870612005,0,85.9256250560599,1,0,0
3.881,46.0993133433377,397.325888032619,0,85.9256250560599,86.5,1.08515284411154e-40,259,0,259,172.42562505606,4.2634626620555,0,85.9256250560599,1,0,0
3.882,46.0977828572252,397.325888032619,0,85.9256250560599,86.5,1.03089520190596e-40,259,0,259,172.42562505606,2.85921546565718,0,85.9256250560599,1,0,0
3.883,46.0962528635471,397.325888032619,0,85.9256250560599,86.5,9.79350441810663e-41,259,0,259,172.42562505606,1.45441729425815,0,85.9256250560599,1,0,0
3.884,46.0947233621449,397.325888032619,0,85.9256250560599,86.5,9.3038291972013e-41,259,0,259,172.42562505606,0.0490683251351094,0,85.9256250560599,1,0,0
3.885,46.0931943528603,397.325888032619,0,85.9256250560599,86.5,8.83863773734124e-41,259,0,259,172.42562505606,-1.35683126449266,0,85.9256250560599,1,0,0
3.886,46.0916658355349,397.325888032619,0,85.9256250560599,86.5,8.39670585047417e-41,259,0,259,172.42562505606,-2.76328129746288,0,85.9256250560599,1,0,0
3.887,46.0901378100105,397.325888032619,0,85.9256250560599,86.5,7.97687055795047e-41,259,0,259,172.42562505606,-4.17028159667023,0,85.9256250560599,1,0,0
3.888,46.0886102761288,397.325888032619,0,85.9256250560599,86.5,7.57802703005294e-41,259,0,259,172.42562505606,-5.57783198506644,0,85.9256250560599,1,0,0
3.889,46.0870832337316,397.325888032619,0,85.9256250560599,86.5,7.1991256785503e-41,259,0,259,172.42562505606,-6.98593228566018,0,85.9256250560599,1,0,0
3.89,46.0855566826607,397.325888032619,0,85.9256250560599,86.5,6.83916939462278e-41,259,0,259,172.42562505606,-8.39458232151676,0,85.9256250560599,1,0,0
3.891,46.0840306227582,397.325888032619,0,85.9256250560599,86.5,6.49721092489164e-41,259,0,259,172.42562505606,-9.80378191575885,0,85.9256250560599,1,0,0
3.892,46.0825050538659,397.325888032619,0,85.9256250560599,86.5,6.17235037864706e-41,259,0,259,172.42562505606,-11.2135308915659,0,85.9256250560599,1,0,0
3.893,46.080979975826,397.325888032619,0,85.9256250560599,86.5,5.86373285971471e-41,259,0,259,172.42562505606,-12.6238290721743,0,85.9256250560599,1,0,0
3.894,46.0794553884803,397.325888032619,0,85.9256250560599,86.5,5.57054621672897e-41,259,0,259,172.42562505606,-14.034676280877,0,85.9256250560599,1,0,0
3.895,46.0779312916712,397.325888032619,0,85.9256250560599,86.5,5.29201890589252e-41,259,0,259,172.42562505606,-15.446072341024,0,85.9256250560599,1,0,0
3.896,46.0764076852406,397.325888032619,0,85.9256250560599,86.5,5.0274179605979e-41,259,0,259,172.42562505606,-16.8580170760224,0,85.9256250560599,1,0,0
3.897,46.074884569031,397.325888032619,0,85.9256250560599,86.5,4.776047062568e-41,259,0,259,172.42562505606,-18.2705103093358,0,85.9256250560599,1,0,0
3.898,46.0733619428845,397.325888032619,0,85.9256250560599,86.5,4.5372447094396e-41,259,0,259,172.42562505606,-19.6835518644847,0,85.9256250560599,1,0,0
3.899,46.0718398066434,397.325888032619,0,85.9256250560599,86.5,4.31038247396762e-41,259,0,259,172.42562505606,-21.0971415650464,0,85.9256250560599,1,0,0
3.9,46.0703181601501,397.325888032619,0,85.9256250560599,86.5,4.09486335026924e-41,259,0,259,172.42562505606,-22.5112792346548,0,85.9256250560599,1,0,0
3.901,46.0687970032471,397.325888032619,0,85.9256250560599,86.5,3.89012018275578e-41,259,0,259,172.42562505606,-23.9259646970009,0,85.9256250560599,1,0,0
3.902,46.0672763357768,397.325888032619,0,85.9256250560599,86.5,3.69561417361799e-41,259,0,259,172.42562505606,-25.3411977758319,0,85.9256250560599,1,0,0
3.903,46.0657561575818,397.325888032619,0,85.9256250560599,86.5,3.51083346493709e-41,259,0,259,172.42562505606,-26.7569782949522,0,85.9256250560599,1,0,0
3.904,46.0642364685046,397.325888032619,0,85.9256250560599,86.5,3.33529179169024e-41,259,0,259,172.42562505606,-28.1733060782228,0,85.9256250560599,1,0,0
3.905,46.0627172683878,397.325888032619,0,85.9256250560599,86.5,3.16852720210572e-41,259,0,259,172.42562505606,-29.590180949561,0,85.9256250560599,1,0,0
3.906,46.0611985570742,397.325888032619,0,85.9256250560599,86.5,3.01010084200044e-41,259,0,259,172.42562505606,-31.0076027329414,0,85.9256250560599,1,0,0
3.907,46.0596803344064,397.325888032619,0,85.9256250560599,86.5,2.85959579990042e-41,259,0,259,172.42562505606,-32.4255712523946,0,85.9256250560599,1,0,0
3.908,46.0581626002272,397.325888032619,0,85.9256250560599,86.5,2.7166160099054e-41,259,0,259,172.42562505606,-33.8440863320084,0,85.9256250560599,1,0,0
3.909,46.0566453543796,397.325888032619,0,85.9256250560599,86.5,2.58078520941013e-41,259,0,259,172.42562505606,-35.2631477959267,0,85.9256250560599,1,0,0
3.91,46.0551285967062,397.325888032619,0,85.9256250560599,86.5,2.45174594893962e-41,259,0,259,172.42562505606,-36.68275546835,0,85.9256250560599,1,0,0
3.911,46.0536123270501,397.325888032619,0,85.9256250560599,86.5,2.32915865149264e-41,259,0,259,172.42562505606,-38.1029091735358,0,85.9256250560599,1,0,0
3.912,46.0520965452543,397.325888032619,0,85.9256250560599,86.5,2.21270071891801e-41,259,0,259,172.42562505606,-39.5236087357977,0,85.9256250560599,1,0,0
3.913,46.0505812511618,397.325888032619,0,85.9256250560599,86.5,2.10206568297211e-41,259,0,259,172.42562505606,-40.9448539795061,0,85.9256250560599,1,0,0
3.914,46.0490664446156,397.325888032619,0,85.9256250560599,86.5,1.9969623988235e-41,259,0,259,172.42562505606,-42.3666447290878,0,85.9256250560599,1,0,0
3.915,46.0475521254589,397.325888032619,0,85.9256250560599,86.5,1.89711427888233e-41,259,0,259,172.42562505606,-43.7889808090262,0,85.9256250560599,1,0,0
3.916,46.0460382935348,397.325888032619,0,85.9256250560599,86.5,1.80225856493821e-41,259,0,259,172.42562505606,-45.211862043861,0,85.9256250560599,1,0,0
3.917,46.0445249486867,397.325888032619,0,85.9256250560599,86.5,1.7121456366913e-41,259,0,259,172.42562505606,-46.6352882581886,0,85.9256250560599,1,0,0
3.918,46.0430120907578,397.325888032619,0,85.9256250560599,86.5,1.62653835485673e-41,259,0,259,172.42562505606,-48.0592592766614,0,85.9256250560599,1,0,0
3.919,46.0414997195914,397.325888032619,0,85.9256250560599,86.5,1.5452114371139e-41,259,0,259,172.42562505606,-49.4837749239885,0,85.9256250560599,1,0,0
3.92,46.0399878350309,397.325888032619,0,85.9256250560599,86.5,1.4679508652582e-41,259,0,259,172.42562505606,-50.9088350249355,0,85.9256250560599,1,0,0
3.921,46.0384764369198,397.325888032619,0,85.9256250560599,86.5,1.39455332199529e-41,259,0,259,172.42562505606,-52.3344394043244,0,85.9256250560599,1,0,0
3.922,46.0369655251015,397.325888032619,0,85.9256250560599,86.5,1.32482565589553e-41,259,0,259,172.42562505606,-53.7605878870333,0,85.9256250560599,1,0,0
3.923,46.0354550994195,397.325888032619,0,85.9256250560599,86.5,1.25858437310075e-41,259,0,259,172.42562505606,-55.1872802979967,0,85.9256250560599,1,0,0
3.924,46.0339451597175,397.325888032619,0,85.9256250560599,86.5,1.19565515444571e-41,259,0,259,172.42562505606,-56.6145164622057,0,85.9256250560599,1,0,0
3.925,46.0324357058391,397.325888032619,0,85.9256250560599,86.5,1.13587239672343e-41,259,0,259,172.42562505606,-58.0422962047073,0,85.9256250560599,1,0,0
3.926,46.030926737628,397.325888032619,0,85.9256250560599,86.5,1.07907877688726e-41,259,0,259,172.42562505606,-59.4706193506052,0,85.9256250560599,1,0,0
3.927,46.0294182549278,397.325888032619,0,85.9256250560599,86.5,1.02512483804289e-41,259,0,259,172.42562505606,-60.8994857250592,0,85.9256250560599,1,0,0
3.928,46.0279102575825,397.325888032619,0,85.9256250560599,86.5,9.73868596140749e-42,259,0,259,172.42562505606,-62.3288951532851,0,85.9256250560599,1,0,0
3.929,46.0264027454358,397.325888032619,0,85.9256250560599,86.5,9.25175166333712e-42,259,0,259,172.42562505606,-63.7588474605555,0,85.9256250560599,1,0,0
3.93,46.0248957183316,397.325888032619,0,85.9256250560599,86.5,8.78916408017026e-42,259,0,259,172.42562505606,-65.1893424721987,0,85.9256250560599,1,0,0
3.931,46.0233891761139,397.325888032619,0,85.9256250560599,86.5,8.34970587616175e-42,259,0,259,172.42562505606,-66.6203800135993,0,85.9256250560599,1,0,0
3.932,46.0218831186266,397.325888032619,0,85.9256250560599,86.5,7.93222058235366e-42,259,0,259,172.42562505606,-68.0519599101983,0,85.9256250560599,1,0,0
3.933,46.0203775457137,397.325888032619,0,85.9256250560599,86.5,7.53560955323598e-42,259,0,259,172.42562505606,-69.4840819874926,0,85.9256250560599,1,0,0
3.934,46.0188724572195,397.325888032619,0,85.9256250560599,86.5,7.15882907557418e-42,259,0,259,172.42562505606,-70.9167460710357,0,85.9256250560599,1,0,0
3.935,46.017367852988,397.325888032619,0,85.9256250560599,86.5,6.80088762179547e-42,259,0,259,172.42562505606,-72.3499519864366,0,85.9256250560599,1,0,0
3.936,46.0158637328633,397.325888032619,0,85.9256250560599,86.5,6.46084324070569e-42,259,0,259,172.42562505606,-73.783699559361,0,85.9256250560599,1,0,0
3.937,46.0143600966898,397.325888032619,0,85.9256250560599,86.5,6.13780107867041e-42,259,0,259,172.42562505606,-75.2179886155302,0,85.9256250560599,1,0,0
3.938,46.0128569443117,397.325888032619,0,85.9256250560599,86.5,5.83091102473689e-42,259,0,259,172.42562505606,-76.6528189807219,0,85.9256250560599,1,0,0
3.939,46.0113542755734,397.325888032619,0,85.9256250560599,86.5,5.53936547350004e-42,259,0,259,172.42562505606,-78.0881904807696,0,85.9256250560599,1,0,0
3.94,46.0098520903192,397.325888032619,0,85.9256250560599,86.5,5.26239719982504e-42,259,0,259,172.42562505606,-79.5241029415631,0,85.9256250560599,1,0,0
3.941,46.0083503883937,397.325888032619,0,85.9256250560599,86.5,4.99927733983379e-42,259,0,259,172.42562505606,-80.9605561890482,0,85.9256250560599,1,0,0
3.942,46.0068491696411,397.325888032619,0,85.9256250560599,86.5,4.7493134728421e-42,259,0,259,172.42562505606,-82.3975500492265,0,85.9256250560599,1,0,0
3.943,46.0053484339063,397.325888032619,0,85.9256250560599,86.5,4.5118477992e-42,259,0,259,172.42562505606,-83.8350843481557,0,85.9256250560599,1,0,0
3.944,46.0038481810336,397.325888032619,0,85.9256250560599,86.5,4.28625540924e-42,259,0,259,172.42562505606,-85.2731589119494,0,85.9256250560599,1,0,0
3.945,46.0023484108677,397.325888032619,0,85.9256250560599,86.5,4.071942638778e-42,259,0,259,172.42562505606,-86.7117735667773,0,85.9256250560599,1,0,0
3.946,46.0008491232534,397.325888032619,0,85.9256250560599,86.5,3.8683455068391e-42,259,0,259,172.42562505606,-88.1509281388649,0,85.9256250560599,1,0,0
3.947,45.9993503180354,397.325888032619,0,85.9256250560599,86.5,3.67492823149714e-42,259,0,259,172.42562505606,-89.5906224544937,0,85.9256250560599,1,0,0
3.948,45.9978519950584,397.325888032619,0,85.9256250560599,86.5,3.49118181992228e-42,259,0,259,172.42562505606,-91.0308563400011,0,85.9256250560599,1,0,0
3.949,45.9963541541674,397.325888032619,0,85.9256250560599,86.5,3.31662272892617e-42,259,0,259,172.42562505606,-92.4716296217801,0,85.9256250560599,1,0,0
3.95,45.9948567952071,397.325888032619,0,85.9256250560599,86.5,3.15079159247986e-42,259,0,259,172.42562505606,-93.9129421262798,0,85.9256250560599,1,0,0
3.951,45.9933599180225,397.325888032619,0,85.9256250560599,86.5,2.99325201285587e-42,259,0,259,172.42562505606,-95.3547936800053,0,85.9256250560599,1,0,0
3.952,45.9918635224587,397.325888032619,0,85.9256250560599,86.5,2.84358941221307e-42,259,0,259,172.42562505606,-96.7971841095172,0,85.9256250560599,1,0,0
3.953,45.9903676083606,397.325888032619,0,85.9256250560599,86.5,2.70140994160242e-42,259,0,259,172.42562505606,-98.240113241432,0,85.9256250560599,1,0,0
3.954,45.9888721755733,397.325888032619,0,85.9256250560599,86.5,2.5663394445223e-42,259,0,259,172.42562505606,-99.6835809024222,0,85.9256250560599,1,0,0
3.955,45.9873772239421,397.325888032619,0,85.9256250560599,86.5,2.43802247229618e-42,259,0,259,172.42562505606,-101.127586919216,0,85.9256250560599,1,0,0
3.956,45.985882753312,397.325888032619,0,85.9256250560599,86.5,2.31612134868138e-42,259,0,259,172.42562505606,-102.572131118597,0,85.9256250560599,1,0,0
3.957,45.9843887635283,397.325888032619,0,85.9256250560599,86.5,2.20031528124731e-42,259,0,259,172.42562505606,-104.017213327405,0,85.9256250560599,1,0,0
3.958,45.9828952544363,397.325888032619,0,85.9256250560599,86.5,2.09029951718494e-42,259,0,259,172.42562505606,-105.462833372534,0,85.9256250560599,1,0,0
3.959,45.9814022258813,397.325888032619,0,85.9256250560599,86.5,1.98578454132569e-42,259,0,259,172.42562505606,-106.908991080937,0,85.9256250560599,1,0,0
3.96,45.9799096777088,397.325888032619,0,85.9256250560599,86.5,1.88649531425941e-42,259,0,259,172.42562505606,-108.35568627962,0,85.9256250560599,1,0,0
3.961,45.9784176097641,397.325888032619,0,85.9256250560599,86.5,1.79217054854644e-42,259,0,259,172.42562505606,-109.802918795645,0,85.9256250560599,1,0,0
3.962,45.9769260218928,397.325888032619,0,85.9256250560599,86.5,1.70256202111912e-42,259,0,259,172.42562505606,-111.25068845613,0,85.9256250560599,1,0,0
3.963,45.9754349139403,397.325888032619,0,85.9256250560599,86.5,1.61743392006316e-42,259,0,259,172.42562505606,-112.698995088248,0,85.9256250560599,1,0,0
3.964,45.9739442857523,397.325888032619,0,85.9256250560599,86.5,1.53656222406e-42,259,0,259,172.42562505606,-114.14783851923,0,85.9256250560599,1,0,0
3.965,45.9724541371744,397.325888032619,0,85.9256250560599,86.5,1.459734112857e-42,259,0,259,172.42562505606,-115.597218576359,0,85.9256250560599,1,0,0
3.966,45.9709644680522,397.325888032619,0,85.9256250560599,86.5,1.38674740721415e-42,259,0,259,172.42562505606,-117.047135086976,0,85.9256250560599,1,0,0
3.967,45.9694752782316,397.325888032619,0,85.9256250560599,86.5,1.31741003685344e-42,259,0,259,172.42562505606,-118.497587878477,0,85.9256250560599,1,0,0
3.968,45.9679865675583,397.325888032619,0,85.9256250560599,86.5,1.25153953501077e-42,259,0,259,172.42562505606,-119.948576778314,0,85.9256250560599,1,0,0
3.969,45.9664983358782,397.325888032619,0,85.9256250560599,86.5,1.18896255826023e-42,259,0,259,172.42562505606,-121.400101613993,0,85.9256250560599,1,0,0
3.97,45.965010583037,397.325888032619,0,85.9256250560599,86.5,1.12951443034722e-42,259,0,259,172.42562505606,-122.852162213077,0,85.9256250560599,1,0,0
3.971,45.9635233088808,397.325888032619,0,85.9256250560599,86.5,1.07303870882986e-42,259,0,259,172.42562505606,-124.304758403183,0,85.9256250560599,1,0,0
3.972,45.9620365132556,397.325888032619,0,85.9256250560599,86.5,1.01938677338837e-42,259,0,259,172.42562505606,-125.757890011986,0,85.9256250560599,1,0,0
3.973,45.9605501960073,397.325888032619,0,85.9256250560599,86.5,9.6841743471895e-43,259,0,259,172.42562505606,-127.211556867214,0,85.9256250560599,1,0,0
3.974,45.9590643569821,397.325888032619,0,85.9256250560599,86.5,9.19996562983002e-43,259,0,259,172.42562505606,-128.665758796652,0,85.9256250560599,1,0,0
3.975,45.957578996026,397.325888032619,0,85.9256250560599,86.5,8.73996734833852e-43,259,0,259,172.42562505606,-130.120495628138,0,85.9256250560599,1,0,0
3.976,45.9560941129854,397.325888032619,0,85.9256250560599,86.5,8.3029689809216e-43,259,0,259,172.42562505606,-131.575767189569,0,85.9256250560599,1,0,0
3.977,45.9546097077063,397.325888032619,0,85.9256250560599,86.5,7.88782053187552e-43,259,0,259,172.42562505606,-133.031573308894,0,85.9256250560599,1,0,0
3.978,45.9531257800351,397.325888032619,0,85.9256250560599,86.5,7.49342950528174e-43,259,0,259,172.42562505606,-134.48791381412,0,85.9256250560599,1,0,0
3.979,45.9516423298181,397.325888032619,0,85.9256250560599,86.5,7.11875803001765e-43,259,0,259,172.42562505606,-135.944788533307,0,85.9256250560599,1,0,0
3.98,45.9501593569017,397.325888032619,0,85.9256250560599,86.5,6.76282012851677e-43,259,0,259,172.42562505606,-137.402197294573,0,85.9256250560599,1,0,0
3.981,45.9486768611323,397.325888032619,0,85.9256250560599,86.5,6.42467912209093e-43,259,0,259,172.42562505606,-138.860139926088,0,85.9256250560599,1,0,0
3.982,45.9471948423564,397.325888032619,0,85.9256250560599,86.5,6.10344516598638e-43,259,0,259,172.42562505606,-140.31861625608,0,85.9256250560599,1,0,0
3.983,45.9457133004205,397.325888032619,0,85.9256250560599,86.5,5.79827290768707e-43,259,0,259,172.42562505606,-141.777626112832,0,85.9256250560599,1,0,0
3.984,45.9442322351712,397.325888032619,0,85.9256250560599,86.5,5.50835926230271e-43,259,0,259,172.42562505606,-143.237169324681,0,85.9256250560599,1,0,0
3.985,45.9427516464551,397.325888032619,0,85.9256250560599,86.5,5.23294129918758e-43,259,0,259,172.42562505606,-144.697245720019,0,85.9256250560599,1,0,0
3.986,45.9412715341189,397.325888032619,0,85.9256250560599,86.5,4.9712942342282e-43,259,0,259,172.42562505606,-146.157855127295,0,85.9256250560599,1,0,0
3.987,45.9397918980094,397.325888032619,0,85.9256250560599,86.5,4.72272952251679e-43,259,0,259,172.42562505606,-147.618997375013,0,85.9256250560599,1,0,0
3.988,45.9383127379732,397.325888032619,0,85.9256250560599,86.5,4.48659304639095e-43,259,0,259,172.42562505606,-149.080672291729,0,85.9256250560599,1,0,0
3.989,45.9368340538572,397.325888032619,0,85.9256250560599,86.5,4.2622633940714e-43,259,0,259,172.42562505606,-150.542879706059,0,85.9256250560599,1,0,0
3.99,45.9353558455084,397.325888032619,0,85.9256250560599,86.5,4.04915022436783e-43,259,0,259,172.42562505606,-152.00561944667,0,85.9256250560599,1,0,0
3.991,45.9338781127735,397.325888032619,0,85.9256250560599,86.5,3.84669271314944e-43,259,0,259,172.42562505606,-153.468891342287,0,85.9256250560599,1,0,0
3.992,45.9324008554997,397.325888032619,0,85.9256250560599,86.5,3.65435807749197e-43,259,0,259,172.42562505606,-154.932695221689,0,85.9256250560599,1,0,0
3.993,45.9309240735338,397.325888032619,0,85.9256250560599,86.5,3.47164017361737e-43,259,0,259,172.42562505606,-156.397030913709,0,85.9256250560599,1,0,0
3.994,45.929447766723,397.325888032619,0,85.9256250560599,86.5,3.2980581649365e-43,259,0,259,172.42562505606,-157.861898247237,0,85.9256250560599,1,0,0
3.995,45.9279719349144,397.325888032619,0,85.9256250560599,86.5,3.13315525668968e-43,259,0,259,172.42562505606,-159.327297051217,0,85.9256250560599,1,0,0
3.996,45.9264965779552,397.325888032619,0,85.9256250560599,86.5,2.97649749385519e-43,259,0,259,172.42562505606,-160.793227154647,0,85.9256250560599,1,0,0
3.997,45.9250216956925,397.325888032619,0,85.9256250560599,86.5,2.82767261916243e-43,259,0,259,172.42562505606,-162.259688386584,0,85.9256250560599,1,0,0
3.998,45.9235472879737,397.325888032619,0,85.9256250560599,86.5,2.68628898820431e-43,259,0,259,172.42562505606,-163.726680576134,0,85.9256250560599,1,0,0
3.999,45.922073354646,397.325888032619,0,85.9256250560599,86.5,2.5519745387941e-43,259,0,259,172.42562505606,-165.194203552464,0,85.9256250560599,1,0,0
4,45.9205998955569,397.325888032619,0,85.9256250560599,86.5,2.42437581185439e-43,259,0,259,172.42562505606,-166.662257144791,0,85.9256250560599,1,0,0
