datetime,hour,non_critical_load_kW,critical_load_kW,total_load_kW
1/1/2025 0:00,1,828.892,136.5,965.392
1/1/2025 1:00,2,741.488,136.5,877.988
1/1/2025 2:00,3,681.916,136.5,818.416
1/1/2025 3:00,4,656.147,136.5,792.647
1/1/2025 4:00,5,652.129,136.5,788.629
1/1/2025 5:00,6,621.574,186.5,808.074
1/1/2025 6:00,7,761.76,206.5,968.26
1/1/2025 7:00,8,850.95,233,1083.95
1/1/2025 8:00,9,900.243,243,1143.243
1/1/2025 9:00,10,941.307,223,1164.307
1/1/2025 10:00,11,730.839,223,953.839
1/1/2025 11:00,12,537.929,223,760.929
1/1/2025 12:00,13,503.115,213,716.115
1/1/2025 13:00,14,557.728,213,770.728
1/1/2025 14:00,15,516.229,223,739.229
1/1/2025 15:00,16,492.097,223,715.097
1/1/2025 16:00,17,494.156,259,753.156
1/1/2025 17:00,18,634.331,246.5,880.831
1/1/2025 18:00,19,768.51,236.5,1005.01
1/1/2025 19:00,20,819.788,206.5,1026.288
1/1/2025 20:00,21,820.662,176.5,997.162
1/1/2025 21:00,22,758.365,166.5,924.865
1/1/2025 22:00,23,590.123,156.5,746.623
1/1/2025 23:00,24,669.813,146.5,816.313
1/2/2025 0:00,25,705.89,136.5,842.39
1/2/2025 1:00,26,616.696,136.5,753.196
1/2/2025 2:00,27,612.582,136.5,749.082
1/2/2025 3:00,28,583.826,136.5,720.326
1/2/2025 4:00,29,583.68,136.5,720.18
1/2/2025 5:00,30,576.397,186.5,762.897
1/2/2025 6:00,31,677.622,206.5,884.122
1/2/2025 7:00,32,767.68,233,1000.68
1/2/2025 8:00,33,804.003,243,1047.003
1/2/2025 9:00,34,855.747,223,1078.747
1/2/2025 10:00,35,595.76,223,818.76
1/2/2025 11:00,36,455.327,223,678.327
1/2/2025 12:00,37,482.772,213,695.772
1/2/2025 13:00,38,510.813,213,723.813
1/2/2025 14:00,39,474.016,223,697.016
1/2/2025 15:00,40,459.691,223,682.691
1/2/2025 16:00,41,425.675,259,684.675
1/2/2025 17:00,42,601.866,246.5,848.366
1/2/2025 18:00,43,783.912,236.5,1020.412
1/2/2025 19:00,44,795.576,206.5,1002.076
1/2/2025 20:00,45,769.745,176.5,946.245
1/2/2025 21:00,46,660.074,166.5,826.574
1/2/2025 22:00,47,468.965,156.5,625.465
1/2/2025 23:00,48,551.561,146.5,698.061
1/3/2025 0:00,49,776.533,136.5,913.033
1/3/2025 1:00,50,729.811,136.5,866.311
1/3/2025 2:00,51,706.016,136.5,842.516
1/3/2025 3:00,52,696.776,136.5,833.276
1/3/2025 4:00,53,692.918,136.5,829.418
1/3/2025 5:00,54,650.837,186.5,837.337
1/3/2025 6:00,55,694.482,184,878.482
1/3/2025 7:00,56,757.686,201,958.686
1/3/2025 8:00,57,763.482,206.5,969.982
1/3/2025 9:00,58,791.072,186.5,977.572
1/3/2025 10:00,59,552.03,186.5,738.53
1/3/2025 11:00,60,425.259,186.5,611.759
1/3/2025 12:00,61,452.634,178,630.634
1/3/2025 13:00,62,490.808,178,668.808
1/3/2025 14:00,63,587.101,216.5,803.601
1/3/2025 15:00,64,516.362,216.5,732.862
1/3/2025 16:00,65,501.107,256.5,757.607
1/3/2025 17:00,66,666.65,246.5,913.15
1/3/2025 18:00,67,875.316,236.5,1111.816
1/3/2025 19:00,68,957.987,206.5,1164.487
1/3/2025 20:00,69,889.406,176.5,1065.906
1/3/2025 21:00,70,830.93,166.5,997.43
1/3/2025 22:00,71,615.911,156.5,772.411
1/3/2025 23:00,72,655.98,146.5,802.48
1/4/2025 0:00,73,769.199,136.5,905.699
1/4/2025 1:00,74,719.082,136.5,855.582
1/4/2025 2:00,75,708.382,136.5,844.882
1/4/2025 3:00,76,670.867,136.5,807.367
1/4/2025 4:00,77,657.728,136.5,794.228
1/4/2025 5:00,78,641.974,186.5,828.474
1/4/2025 6:00,79,786.73,206.5,993.23
1/4/2025 7:00,80,849.165,226.5,1075.665
1/4/2025 8:00,81,839.604,236.5,1076.104
1/4/2025 9:00,82,921.914,216.5,1138.414
1/4/2025 10:00,83,663.127,216.5,879.627
1/4/2025 11:00,84,539.882,216.5,756.382
1/4/2025 12:00,85,562.071,206.5,768.571
1/4/2025 13:00,86,563.282,206.5,769.782
1/4/2025 14:00,87,543.886,216.5,760.386
1/4/2025 15:00,88,553.716,216.5,770.216
1/4/2025 16:00,89,551.545,256.5,808.045
1/4/2025 17:00,90,723.609,246.5,970.109
1/4/2025 18:00,91,893.927,236.5,1130.427
1/4/2025 19:00,92,997.16,206.5,1203.66
1/4/2025 20:00,93,932.354,176.5,1108.854
1/4/2025 21:00,94,825.982,166.5,992.482
1/4/2025 22:00,95,618.632,156.5,775.132
1/4/2025 23:00,96,698.236,146.5,844.736
1/5/2025 0:00,97,699.029,136.5,835.529
1/5/2025 1:00,98,620.495,136.5,756.995
1/5/2025 2:00,99,558.457,136.5,694.957
1/5/2025 3:00,100,530.46,136.5,666.96
1/5/2025 4:00,101,524.45,136.5,660.95
1/5/2025 5:00,102,508.745,186.5,695.245
1/5/2025 6:00,103,663.544,206.5,870.044
1/5/2025 7:00,104,754.273,233,987.273
1/5/2025 8:00,105,747.919,243,990.919
1/5/2025 9:00,106,801.787,223,1024.787
1/5/2025 10:00,107,568.537,223,791.537
1/5/2025 11:00,108,433.517,223,656.517
1/5/2025 12:00,109,462.111,213,675.111
1/5/2025 13:00,110,486.356,213,699.356
1/5/2025 14:00,111,453.896,223,676.896
1/5/2025 15:00,112,450.546,223,673.546
1/5/2025 16:00,113,395.033,259,654.033
1/5/2025 17:00,114,568.164,246.5,814.664
1/5/2025 18:00,115,795.858,236.5,1032.358
1/5/2025 19:00,116,857.161,206.5,1063.661
1/5/2025 20:00,117,871.817,176.5,1048.317
1/5/2025 21:00,118,746.076,166.5,912.576
1/5/2025 22:00,119,563.967,156.5,720.467
1/5/2025 23:00,120,617.606,146.5,764.106
1/6/2025 0:00,121,756.651,136.5,893.151
1/6/2025 1:00,122,683.618,136.5,820.118
1/6/2025 2:00,123,661.779,136.5,798.279
1/6/2025 3:00,124,606.201,136.5,742.701
1/6/2025 4:00,125,602.917,136.5,739.417
1/6/2025 5:00,126,598.761,186.5,785.261
1/6/2025 6:00,127,701.986,206.5,908.486
1/6/2025 7:00,128,755.833,233,988.833
1/6/2025 8:00,129,804.952,243,1047.952
1/6/2025 9:00,130,832.761,223,1055.761
1/6/2025 10:00,131,628.665,223,851.665
1/6/2025 11:00,132,445.746,223,668.746
1/6/2025 12:00,133,471.844,213,684.844
1/6/2025 13:00,134,451.711,213,664.711
1/6/2025 14:00,135,422.595,223,645.595
1/6/2025 15:00,136,450.403,223,673.403
1/6/2025 16:00,137,445.301,259,704.301
1/6/2025 17:00,138,596.801,246.5,843.301
1/6/2025 18:00,139,715.041,236.5,951.541
1/6/2025 19:00,140,727.544,206.5,934.044
1/6/2025 20:00,141,756.518,176.5,933.018
1/6/2025 21:00,142,761.881,166.5,928.381
1/6/2025 22:00,143,585.545,156.5,742.045
1/6/2025 23:00,144,632.259,146.5,778.759
1/7/2025 0:00,145,807.319,136.5,943.819
1/7/2025 1:00,146,710.151,136.5,846.651
1/7/2025 2:00,147,677.81,136.5,814.31
1/7/2025 3:00,148,653.084,136.5,789.584
1/7/2025 4:00,149,630.696,136.5,767.196
1/7/2025 5:00,150,627.492,186.5,813.992
1/7/2025 6:00,151,741.426,206.5,947.926
1/7/2025 7:00,152,832.609,233,1065.609
1/7/2025 8:00,153,841.747,243,1084.747
1/7/2025 9:00,154,917.555,223,1140.555
1/7/2025 10:00,155,705.121,223,928.121
1/7/2025 11:00,156,513.635,223,736.635
1/7/2025 12:00,157,515.524,213,728.524
1/7/2025 13:00,158,563.21,213,776.21
1/7/2025 14:00,159,528.863,223,751.863
1/7/2025 15:00,160,528.962,223,751.962
1/7/2025 16:00,161,481.266,259,740.266
1/7/2025 17:00,162,700.893,246.5,947.393
1/7/2025 18:00,163,858.297,236.5,1094.797
1/7/2025 19:00,164,938.275,206.5,1144.775
1/7/2025 20:00,165,965.44,176.5,1141.94
1/7/2025 21:00,166,818.881,166.5,985.381
1/7/2025 22:00,167,595.064,156.5,751.564
1/7/2025 23:00,168,657.669,146.5,804.169
1/8/2025 0:00,169,774.462,136.5,910.962
1/8/2025 1:00,170,684.278,136.5,820.778
1/8/2025 2:00,171,677.448,136.5,813.948
1/8/2025 3:00,172,630.951,136.5,767.451
1/8/2025 4:00,173,637.77,136.5,774.27
1/8/2025 5:00,174,552.481,186.5,738.981
1/8/2025 6:00,175,650.778,206.5,857.278
1/8/2025 7:00,176,694.36,233,927.36
1/8/2025 8:00,177,741.294,243,984.294
1/8/2025 9:00,178,824.591,223,1047.591
1/8/2025 10:00,179,607.03,223,830.03
1/8/2025 11:00,180,471.815,223,694.815
1/8/2025 12:00,181,497.818,213,710.818
1/8/2025 13:00,182,519.79,213,732.79
1/8/2025 14:00,183,478.503,223,701.503
1/8/2025 15:00,184,477.667,223,700.667
1/8/2025 16:00,185,466.187,259,725.187
1/8/2025 17:00,186,655.129,246.5,901.629
1/8/2025 18:00,187,829.241,236.5,1065.741
1/8/2025 19:00,188,910.294,206.5,1116.794
1/8/2025 20:00,189,952.026,176.5,1128.526
1/8/2025 21:00,190,809.08,166.5,975.58
1/8/2025 22:00,191,594.686,156.5,751.186
1/8/2025 23:00,192,642.988,146.5,789.488
1/9/2025 0:00,193,747.97,136.5,884.47
1/9/2025 1:00,194,680.36,136.5,816.86
1/9/2025 2:00,195,642.396,136.5,778.896
1/9/2025 3:00,196,624.384,136.5,760.884
1/9/2025 4:00,197,619.258,136.5,755.758
1/9/2025 5:00,198,599.117,186.5,785.617
1/9/2025 6:00,199,687.074,206.5,893.574
1/9/2025 7:00,200,797.861,233,1030.861
1/9/2025 8:00,201,859.005,243,1102.005
1/9/2025 9:00,202,888.767,223,1111.767
1/9/2025 10:00,203,628.471,223,851.471
1/9/2025 11:00,204,501.115,223,724.115
1/9/2025 12:00,205,525.279,213,738.279
1/9/2025 13:00,206,503.755,213,716.755
1/9/2025 14:00,207,490.862,223,713.862
1/9/2025 15:00,208,478.371,223,701.371
1/9/2025 16:00,209,437.26,259,696.26
1/9/2025 17:00,210,633.269,246.5,879.769
1/9/2025 18:00,211,757.882,236.5,994.382
1/9/2025 19:00,212,902.246,206.5,1108.746
1/9/2025 20:00,213,927.49,176.5,1103.99
1/9/2025 21:00,214,794.36,166.5,960.86
1/9/2025 22:00,215,603.381,156.5,759.881
1/9/2025 23:00,216,613.379,146.5,759.879
1/10/2025 0:00,217,688.41,136.5,824.91
1/10/2025 1:00,218,657.694,136.5,794.194
1/10/2025 2:00,219,613.862,136.5,750.362
1/10/2025 3:00,220,613.613,136.5,750.113
1/10/2025 4:00,221,637.046,136.5,773.546
1/10/2025 5:00,222,571.505,186.5,758.005
1/10/2025 6:00,223,573.665,184,757.665
1/10/2025 7:00,224,657.043,201,858.043
1/10/2025 8:00,225,741.277,206.5,947.777
1/10/2025 9:00,226,736.339,186.5,922.839
1/10/2025 10:00,227,545.279,186.5,731.779
1/10/2025 11:00,228,454.75,186.5,641.25
1/10/2025 12:00,229,431.738,178,609.738
1/10/2025 13:00,230,422.941,178,600.941
1/10/2025 14:00,231,474.869,216.5,691.369
1/10/2025 15:00,232,452.122,216.5,668.622
1/10/2025 16:00,233,450.928,256.5,707.428
1/10/2025 17:00,234,638.738,246.5,885.238
1/10/2025 18:00,235,758.827,236.5,995.327
1/10/2025 19:00,236,875.91,206.5,1082.41
1/10/2025 20:00,237,855.472,176.5,1031.972
1/10/2025 21:00,238,796.176,166.5,962.676
1/10/2025 22:00,239,581.462,156.5,737.962
1/10/2025 23:00,240,612.116,146.5,758.616
1/11/2025 0:00,241,816.675,136.5,953.175
1/11/2025 1:00,242,782.293,136.5,918.793
1/11/2025 2:00,243,744.924,136.5,881.424
1/11/2025 3:00,244,656.289,136.5,792.789
1/11/2025 4:00,245,653.694,136.5,790.194
1/11/2025 5:00,246,606.285,186.5,792.785
1/11/2025 6:00,247,731.687,206.5,938.187
1/11/2025 7:00,248,779.308,226.5,1005.808
1/11/2025 8:00,249,856.432,236.5,1092.932
1/11/2025 9:00,250,871.047,216.5,1087.547
1/11/2025 10:00,251,615.17,216.5,831.67
1/11/2025 11:00,252,507.49,216.5,723.99
1/11/2025 12:00,253,539.311,206.5,745.811
1/11/2025 13:00,254,538.908,206.5,745.408
1/11/2025 14:00,255,553.342,216.5,769.842
1/11/2025 15:00,256,509.154,216.5,725.654
1/11/2025 16:00,257,480.448,256.5,736.948
1/11/2025 17:00,258,674.942,246.5,921.442
1/11/2025 18:00,259,834.46,236.5,1070.96
1/11/2025 19:00,260,939.344,206.5,1145.844
1/11/2025 20:00,261,908.771,176.5,1085.271
1/11/2025 21:00,262,792.587,166.5,959.087
1/11/2025 22:00,263,634.386,156.5,790.886
1/11/2025 23:00,264,675.687,146.5,822.187
1/12/2025 0:00,265,749.39,136.5,885.89
1/12/2025 1:00,266,768.715,136.5,905.215
1/12/2025 2:00,267,792.144,136.5,928.644
1/12/2025 3:00,268,715.834,136.5,852.334
1/12/2025 4:00,269,633.49,136.5,769.99
1/12/2025 5:00,270,612.842,186.5,799.342
1/12/2025 6:00,271,724.902,206.5,931.402
1/12/2025 7:00,272,807.643,233,1040.643
1/12/2025 8:00,273,824.374,243,1067.374
1/12/2025 9:00,274,909.811,223,1132.811
1/12/2025 10:00,275,684.142,223,907.142
1/12/2025 11:00,276,500.304,223,723.304
1/12/2025 12:00,277,550.673,213,763.673
1/12/2025 13:00,278,610.842,213,823.842
1/12/2025 14:00,279,573.852,223,796.852
1/12/2025 15:00,280,527.124,223,750.124
1/12/2025 16:00,281,494.883,259,753.883
1/12/2025 17:00,282,699.23,246.5,945.73
1/12/2025 18:00,283,811.134,236.5,1047.634
1/12/2025 19:00,284,918.593,206.5,1125.093
1/12/2025 20:00,285,905.501,176.5,1082.001
1/12/2025 21:00,286,861.183,166.5,1027.683
1/12/2025 22:00,287,641.618,156.5,798.118
1/12/2025 23:00,288,748.72,146.5,895.22
1/13/2025 0:00,289,798.794,136.5,935.294
1/13/2025 1:00,290,759.295,136.5,895.795
1/13/2025 2:00,291,720.531,136.5,857.031
1/13/2025 3:00,292,654.91,136.5,791.41
1/13/2025 4:00,293,637.281,136.5,773.781
1/13/2025 5:00,294,640.977,186.5,827.477
1/13/2025 6:00,295,732.508,206.5,939.008
1/13/2025 7:00,296,755.983,233,988.983
1/13/2025 8:00,297,813.872,243,1056.872
1/13/2025 9:00,298,842.271,223,1065.271
1/13/2025 10:00,299,619.642,223,842.642
1/13/2025 11:00,300,489.703,223,712.703
1/13/2025 12:00,301,483.609,213,696.609
1/13/2025 13:00,302,479.695,213,692.695
1/13/2025 14:00,303,493.828,223,716.828
1/13/2025 15:00,304,468.605,223,691.605
1/13/2025 16:00,305,400.276,259,659.276
1/13/2025 17:00,306,621.932,246.5,868.432
1/13/2025 18:00,307,806.378,236.5,1042.878
1/13/2025 19:00,308,874.061,206.5,1080.561
1/13/2025 20:00,309,838.708,176.5,1015.208
1/13/2025 21:00,310,784.111,166.5,950.611
1/13/2025 22:00,311,607.388,156.5,763.888
1/13/2025 23:00,312,732.53,146.5,879.03
1/14/2025 0:00,313,883.837,136.5,1020.337
1/14/2025 1:00,314,816.498,136.5,952.998
1/14/2025 2:00,315,754.571,136.5,891.071
1/14/2025 3:00,316,726.552,136.5,863.052
1/14/2025 4:00,317,701.751,136.5,838.251
1/14/2025 5:00,318,695.671,186.5,882.171
1/14/2025 6:00,319,779.071,206.5,985.571
1/14/2025 7:00,320,840.326,233,1073.326
1/14/2025 8:00,321,869.455,243,1112.455
1/14/2025 9:00,322,949.273,223,1172.273
1/14/2025 10:00,323,730.941,223,953.941
1/14/2025 11:00,324,547.024,223,770.024
1/14/2025 12:00,325,555.981,213,768.981
1/14/2025 13:00,326,576.689,213,789.689
1/14/2025 14:00,327,545.98,223,768.98
1/14/2025 15:00,328,540.637,223,763.637
1/14/2025 16:00,329,459.899,259,718.899
1/14/2025 17:00,330,640.163,246.5,886.663
1/14/2025 18:00,331,803.251,236.5,1039.751
1/14/2025 19:00,332,835.455,206.5,1041.955
1/14/2025 20:00,333,842.304,176.5,1018.804
1/14/2025 21:00,334,750.477,166.5,916.977
1/14/2025 22:00,335,587.942,156.5,744.442
1/14/2025 23:00,336,703.095,146.5,849.595
1/15/2025 0:00,337,794.541,136.5,931.041
1/15/2025 1:00,338,718.697,136.5,855.197
1/15/2025 2:00,339,691.018,136.5,827.518
1/15/2025 3:00,340,684.94,136.5,821.44
1/15/2025 4:00,341,631.547,136.5,768.047
1/15/2025 5:00,342,591.096,186.5,777.596
1/15/2025 6:00,343,724.373,206.5,930.873
1/15/2025 7:00,344,798.195,233,1031.195
1/15/2025 8:00,345,865.691,243,1108.691
1/15/2025 9:00,346,906.684,223,1129.684
1/15/2025 10:00,347,678.207,223,901.207
1/15/2025 11:00,348,498.959,223,721.959
1/15/2025 12:00,349,525.982,213,738.982
1/15/2025 13:00,350,536.822,213,749.822
1/15/2025 14:00,351,492.039,223,715.039
1/15/2025 15:00,352,447.505,223,670.505
1/15/2025 16:00,353,457.316,259,716.316
1/15/2025 17:00,354,641.434,246.5,887.934
1/15/2025 18:00,355,784.68,236.5,1021.18
1/15/2025 19:00,356,883.096,206.5,1089.596
1/15/2025 20:00,357,922.244,176.5,1098.744
1/15/2025 21:00,358,743.473,166.5,909.973
1/15/2025 22:00,359,545.562,156.5,702.062
1/15/2025 23:00,360,616.565,146.5,763.065
1/16/2025 0:00,361,757.268,136.5,893.768
1/16/2025 1:00,362,714.048,136.5,850.548
1/16/2025 2:00,363,691.622,136.5,828.122
1/16/2025 3:00,364,620.591,136.5,757.091
1/16/2025 4:00,365,577.356,136.5,713.856
1/16/2025 5:00,366,573.196,186.5,759.696
1/16/2025 6:00,367,680.995,206.5,887.495
1/16/2025 7:00,368,771.39,233,1004.39
1/16/2025 8:00,369,801.61,243,1044.61
1/16/2025 9:00,370,854.722,223,1077.722
1/16/2025 10:00,371,624.239,223,847.239
1/16/2025 11:00,372,497.969,223,720.969
1/16/2025 12:00,373,529.908,213,742.908
1/16/2025 13:00,374,497.032,213,710.032
1/16/2025 14:00,375,436.299,223,659.299
1/16/2025 15:00,376,454.51,223,677.51
1/16/2025 16:00,377,457.582,259,716.582
1/16/2025 17:00,378,605.065,246.5,851.565
1/16/2025 18:00,379,715.699,236.5,952.199
1/16/2025 19:00,380,825.145,206.5,1031.645
1/16/2025 20:00,381,861.653,176.5,1038.153
1/16/2025 21:00,382,806.296,166.5,972.796
1/16/2025 22:00,383,609.058,156.5,765.558
1/16/2025 23:00,384,655.674,146.5,802.174
1/17/2025 0:00,385,794.506,136.5,931.006
1/17/2025 1:00,386,747.195,136.5,883.695
1/17/2025 2:00,387,703.216,136.5,839.716
1/17/2025 3:00,388,645.906,136.5,782.406
1/17/2025 4:00,389,678.856,136.5,815.356
1/17/2025 5:00,390,685.198,186.5,871.698
1/17/2025 6:00,391,710.245,184,894.245
1/17/2025 7:00,392,739.543,201,940.543
1/17/2025 8:00,393,798.11,206.5,1004.61
1/17/2025 9:00,394,846.384,186.5,1032.884
1/17/2025 10:00,395,622.432,186.5,808.932
1/17/2025 11:00,396,503.905,186.5,690.405
1/17/2025 12:00,397,522.069,178,700.069
1/17/2025 13:00,398,534.173,178,712.173
1/17/2025 14:00,399,595.792,216.5,812.292
1/17/2025 15:00,400,559.676,216.5,776.176
1/17/2025 16:00,401,479.874,256.5,736.374
1/17/2025 17:00,402,674.558,246.5,921.058
1/17/2025 18:00,403,846.433,236.5,1082.933
1/17/2025 19:00,404,901.933,206.5,1108.433
1/17/2025 20:00,405,971.782,176.5,1148.282
1/17/2025 21:00,406,902.783,166.5,1069.283
1/17/2025 22:00,407,703.929,156.5,860.429
1/17/2025 23:00,408,729.668,146.5,876.168
1/18/2025 0:00,409,814.836,136.5,951.336
1/18/2025 1:00,410,737.614,136.5,874.114
1/18/2025 2:00,411,689.72,136.5,826.22
1/18/2025 3:00,412,618.485,136.5,754.985
1/18/2025 4:00,413,606.495,136.5,742.995
1/18/2025 5:00,414,580.604,186.5,767.104
1/18/2025 6:00,415,648.941,206.5,855.441
1/18/2025 7:00,416,736.786,226.5,963.286
1/18/2025 8:00,417,782.725,236.5,1019.225
1/18/2025 9:00,418,876.053,216.5,1092.553
1/18/2025 10:00,419,648.531,216.5,865.031
1/18/2025 11:00,420,491.823,216.5,708.323
1/18/2025 12:00,421,511.114,206.5,717.614
1/18/2025 13:00,422,516.971,206.5,723.471
1/18/2025 14:00,423,486.608,216.5,703.108
1/18/2025 15:00,424,440.142,216.5,656.642
1/18/2025 16:00,425,415.093,256.5,671.593
1/18/2025 17:00,426,573.458,246.5,819.958
1/18/2025 18:00,427,715.729,236.5,952.229
1/18/2025 19:00,428,834.548,206.5,1041.048
1/18/2025 20:00,429,847.871,176.5,1024.371
1/18/2025 21:00,430,700.802,166.5,867.302
1/18/2025 22:00,431,541.931,156.5,698.431
1/18/2025 23:00,432,640.811,146.5,787.311
1/19/2025 0:00,433,852.328,136.5,988.828
1/19/2025 1:00,434,810.882,136.5,947.382
1/19/2025 2:00,435,752.404,136.5,888.904
1/19/2025 3:00,436,681.593,136.5,818.093
1/19/2025 4:00,437,632.504,136.5,769.004
1/19/2025 5:00,438,626.799,186.5,813.299
1/19/2025 6:00,439,751.535,206.5,958.035
1/19/2025 7:00,440,869.95,233,1102.95
1/19/2025 8:00,441,933.964,243,1176.964
1/19/2025 9:00,442,952.79,223,1175.79
1/19/2025 10:00,443,656.599,223,879.599
1/19/2025 11:00,444,508.909,223,731.909
1/19/2025 12:00,445,542.814,213,755.814
1/19/2025 13:00,446,553.001,213,766.001
1/19/2025 14:00,447,520.746,223,743.746
1/19/2025 15:00,448,507.141,223,730.141
1/19/2025 16:00,449,473.944,259,732.944
1/19/2025 17:00,450,652.416,246.5,898.916
1/19/2025 18:00,451,841.151,236.5,1077.651
1/19/2025 19:00,452,916.97,206.5,1123.47
1/19/2025 20:00,453,922.53,176.5,1099.03
1/19/2025 21:00,454,821.92,166.5,988.42
1/19/2025 22:00,455,596.166,156.5,752.666
1/19/2025 23:00,456,665.642,146.5,812.142
1/20/2025 0:00,457,800.504,136.5,937.004
1/20/2025 1:00,458,711.375,136.5,847.875
1/20/2025 2:00,459,630.583,136.5,767.083
1/20/2025 3:00,460,576.737,136.5,713.237
1/20/2025 4:00,461,584.143,136.5,720.643
1/20/2025 5:00,462,576.24,186.5,762.74
1/20/2025 6:00,463,687.484,206.5,893.984
1/20/2025 7:00,464,806.574,233,1039.574
1/20/2025 8:00,465,758.756,243,1001.756
1/20/2025 9:00,466,843.745,223,1066.745
1/20/2025 10:00,467,661.431,223,884.431
1/20/2025 11:00,468,482.257,223,705.257
1/20/2025 12:00,469,501.163,213,714.163
1/20/2025 13:00,470,503.251,213,716.251
1/20/2025 14:00,471,472.628,223,695.628
1/20/2025 15:00,472,455.263,223,678.263
1/20/2025 16:00,473,470.543,259,729.543
1/20/2025 17:00,474,700.092,246.5,946.592
1/20/2025 18:00,475,837.539,236.5,1074.039
1/20/2025 19:00,476,970.008,206.5,1176.508
1/20/2025 20:00,477,928.554,176.5,1105.054
1/20/2025 21:00,478,848.901,166.5,1015.401
1/20/2025 22:00,479,618.348,156.5,774.848
1/20/2025 23:00,480,681.176,146.5,827.676
1/21/2025 0:00,481,798.878,136.5,935.378
1/21/2025 1:00,482,816.34,136.5,952.84
1/21/2025 2:00,483,758.714,136.5,895.214
1/21/2025 3:00,484,673.549,136.5,810.049
1/21/2025 4:00,485,659.04,136.5,795.54
1/21/2025 5:00,486,611.532,186.5,798.032
1/21/2025 6:00,487,699.678,206.5,906.178
1/21/2025 7:00,488,802.817,233,1035.817
1/21/2025 8:00,489,836.423,243,1079.423
1/21/2025 9:00,490,884.866,223,1107.866
1/21/2025 10:00,491,639.787,223,862.787
1/21/2025 11:00,492,499.174,223,722.174
1/21/2025 12:00,493,525.938,213,738.938
1/21/2025 13:00,494,491.091,213,704.091
1/21/2025 14:00,495,495.577,223,718.577
1/21/2025 15:00,496,453.301,223,676.301
1/21/2025 16:00,497,408.549,259,667.549
1/21/2025 17:00,498,603.048,246.5,849.548
1/21/2025 18:00,499,779.015,236.5,1015.515
1/21/2025 19:00,500,847.592,206.5,1054.092
1/21/2025 20:00,501,878.642,176.5,1055.142
1/21/2025 21:00,502,735.113,166.5,901.613
1/21/2025 22:00,503,555.103,156.5,711.603
1/21/2025 23:00,504,621.374,146.5,767.874
1/22/2025 0:00,505,732.122,136.5,868.622
1/22/2025 1:00,506,698.348,136.5,834.848
1/22/2025 2:00,507,640.445,136.5,776.945
1/22/2025 3:00,508,631.11,136.5,767.61
1/22/2025 4:00,509,607.848,136.5,744.348
1/22/2025 5:00,510,539.649,186.5,726.149
1/22/2025 6:00,511,604.848,206.5,811.348
1/22/2025 7:00,512,703.756,233,936.756
1/22/2025 8:00,513,757.157,243,1000.157
1/22/2025 9:00,514,814.761,223,1037.761
1/22/2025 10:00,515,598.249,223,821.249
1/22/2025 11:00,516,469.601,223,692.601
1/22/2025 12:00,517,511.87,213,724.87
1/22/2025 13:00,518,493.86,213,706.86
1/22/2025 14:00,519,453.147,223,676.147
1/22/2025 15:00,520,420.834,223,643.834
1/22/2025 16:00,521,417.564,259,676.564
1/22/2025 17:00,522,634.937,246.5,881.437
1/22/2025 18:00,523,777.408,236.5,1013.908
1/22/2025 19:00,524,782.408,206.5,988.908
1/22/2025 20:00,525,756.653,176.5,933.153
1/22/2025 21:00,526,675.759,166.5,842.259
1/22/2025 22:00,527,517.247,156.5,673.747
1/22/2025 23:00,528,594.016,146.5,740.516
1/23/2025 0:00,529,797.887,136.5,934.387
1/23/2025 1:00,530,748.248,136.5,884.748
1/23/2025 2:00,531,744.864,136.5,881.364
1/23/2025 3:00,532,683.914,136.5,820.414
1/23/2025 4:00,533,641.623,136.5,778.123
1/23/2025 5:00,534,638.671,186.5,825.171
1/23/2025 6:00,535,710.201,206.5,916.701
1/23/2025 7:00,536,818.944,233,1051.944
1/23/2025 8:00,537,873.855,243,1116.855
1/23/2025 9:00,538,919.726,223,1142.726
1/23/2025 10:00,539,716.996,223,939.996
1/23/2025 11:00,540,533.472,223,756.472
1/23/2025 12:00,541,600.183,213,813.183
1/23/2025 13:00,542,589.067,213,802.067
1/23/2025 14:00,543,527.984,223,750.984
1/23/2025 15:00,544,509.39,223,732.39
1/23/2025 16:00,545,465.438,259,724.438
1/23/2025 17:00,546,648.041,246.5,894.541
1/23/2025 18:00,547,844.979,236.5,1081.479
1/23/2025 19:00,548,954.579,206.5,1161.079
1/23/2025 20:00,549,919.896,176.5,1096.396
1/23/2025 21:00,550,842.723,166.5,1009.223
1/23/2025 22:00,551,656.873,156.5,813.373
1/23/2025 23:00,552,754.56,146.5,901.06
1/24/2025 0:00,553,823.68,136.5,960.18
1/24/2025 1:00,554,784.772,136.5,921.272
1/24/2025 2:00,555,675.638,136.5,812.138
1/24/2025 3:00,556,634.831,136.5,771.331
1/24/2025 4:00,557,596.285,136.5,732.785
1/24/2025 5:00,558,583.442,186.5,769.942
1/24/2025 6:00,559,595.321,184,779.321
1/24/2025 7:00,560,671.299,201,872.299
1/24/2025 8:00,561,769.168,206.5,975.668
1/24/2025 9:00,562,792.294,186.5,978.794
1/24/2025 10:00,563,583.349,186.5,769.849
1/24/2025 11:00,564,443.856,186.5,630.356
1/24/2025 12:00,565,462.635,178,640.635
1/24/2025 13:00,566,471.832,178,649.832
1/24/2025 14:00,567,534.402,216.5,750.902
1/24/2025 15:00,568,528.714,216.5,745.214
1/24/2025 16:00,569,523.86,256.5,780.36
1/24/2025 17:00,570,705.847,246.5,952.347
1/24/2025 18:00,571,890.051,236.5,1126.551
1/24/2025 19:00,572,917.132,206.5,1123.632
1/24/2025 20:00,573,905.833,176.5,1082.333
1/24/2025 21:00,574,824.755,166.5,991.255
1/24/2025 22:00,575,634.552,156.5,791.052
1/24/2025 23:00,576,673.151,146.5,819.651
1/25/2025 0:00,577,800.532,136.5,937.032
1/25/2025 1:00,578,745.709,136.5,882.209
1/25/2025 2:00,579,722.23,136.5,858.73
1/25/2025 3:00,580,671.436,136.5,807.936
1/25/2025 4:00,581,625.141,136.5,761.641
1/25/2025 5:00,582,602.482,186.5,788.982
1/25/2025 6:00,583,626.35,206.5,832.85
1/25/2025 7:00,584,739.921,226.5,966.421
1/25/2025 8:00,585,684.16,236.5,920.66
1/25/2025 9:00,586,715.692,216.5,932.192
1/25/2025 10:00,587,565.36,216.5,781.86
1/25/2025 11:00,588,460.456,216.5,676.956
1/25/2025 12:00,589,465.155,206.5,671.655
1/25/2025 13:00,590,475.433,206.5,681.933
1/25/2025 14:00,591,495.592,216.5,712.092
1/25/2025 15:00,592,459.324,216.5,675.824
1/25/2025 16:00,593,478.208,256.5,734.708
1/25/2025 17:00,594,646.876,246.5,893.376
1/25/2025 18:00,595,822.197,236.5,1058.697
1/25/2025 19:00,596,941.478,206.5,1147.978
1/25/2025 20:00,597,906.409,176.5,1082.909
1/25/2025 21:00,598,754.14,166.5,920.64
1/25/2025 22:00,599,565.73,156.5,722.23
1/25/2025 23:00,600,636.931,146.5,783.431
1/26/2025 0:00,601,726.866,136.5,863.366
1/26/2025 1:00,602,686.741,136.5,823.241
1/26/2025 2:00,603,643.902,136.5,780.402
1/26/2025 3:00,604,641.708,136.5,778.208
1/26/2025 4:00,605,617.293,136.5,753.793
1/26/2025 5:00,606,584.77,186.5,771.27
1/26/2025 6:00,607,687.789,206.5,894.289
1/26/2025 7:00,608,771.299,233,1004.299
1/26/2025 8:00,609,830.631,243,1073.631
1/26/2025 9:00,610,837.664,223,1060.664
1/26/2025 10:00,611,588.635,223,811.635
1/26/2025 11:00,612,485.934,223,708.934
1/26/2025 12:00,613,497.453,213,710.453
1/26/2025 13:00,614,482.039,213,695.039
1/26/2025 14:00,615,482.458,223,705.458
1/26/2025 15:00,616,471.855,223,694.855
1/26/2025 16:00,617,415.68,259,674.68
1/26/2025 17:00,618,613.227,246.5,859.727
1/26/2025 18:00,619,801.854,236.5,1038.354
1/26/2025 19:00,620,891.221,206.5,1097.721
1/26/2025 20:00,621,893.769,176.5,1070.269
1/26/2025 21:00,622,737.807,166.5,904.307
1/26/2025 22:00,623,568.084,156.5,724.584
1/26/2025 23:00,624,633.385,146.5,779.885
1/27/2025 0:00,625,778.768,136.5,915.268
1/27/2025 1:00,626,757.356,136.5,893.856
1/27/2025 2:00,627,750.117,136.5,886.617
1/27/2025 3:00,628,735.613,136.5,872.113
1/27/2025 4:00,629,712.218,136.5,848.718
1/27/2025 5:00,630,658.91,186.5,845.41
1/27/2025 6:00,631,765.208,206.5,971.708
1/27/2025 7:00,632,854.71,233,1087.71
1/27/2025 8:00,633,884.158,243,1127.158
1/27/2025 9:00,634,922.111,223,1145.111
1/27/2025 10:00,635,687.226,223,910.226
1/27/2025 11:00,636,522.127,223,745.127
1/27/2025 12:00,637,523.197,213,736.197
1/27/2025 13:00,638,529.274,213,742.274
1/27/2025 14:00,639,525.557,223,748.557
1/27/2025 15:00,640,498.089,223,721.089
1/27/2025 16:00,641,480.371,259,739.371
1/27/2025 17:00,642,686.592,246.5,933.092
1/27/2025 18:00,643,835.695,236.5,1072.195
1/27/2025 19:00,644,941.59,206.5,1148.09
1/27/2025 20:00,645,931.387,176.5,1107.887
1/27/2025 21:00,646,775.091,166.5,941.591
1/27/2025 22:00,647,621.082,156.5,777.582
1/27/2025 23:00,648,674.758,146.5,821.258
1/28/2025 0:00,649,749.418,136.5,885.918
1/28/2025 1:00,650,689.928,136.5,826.428
1/28/2025 2:00,651,648.465,136.5,784.965
1/28/2025 3:00,652,634.306,136.5,770.806
1/28/2025 4:00,653,615.307,136.5,751.807
1/28/2025 5:00,654,591.583,186.5,778.083
1/28/2025 6:00,655,722.791,206.5,929.291
1/28/2025 7:00,656,810.572,233,1043.572
1/28/2025 8:00,657,859.405,243,1102.405
1/28/2025 9:00,658,912.744,223,1135.744
1/28/2025 10:00,659,675.003,223,898.003
1/28/2025 11:00,660,471.327,223,694.327
1/28/2025 12:00,661,498.011,213,711.011
1/28/2025 13:00,662,474.124,213,687.124
1/28/2025 14:00,663,478.055,223,701.055
1/28/2025 15:00,664,468.367,223,691.367
1/28/2025 16:00,665,474.852,259,733.852
1/28/2025 17:00,666,693.377,246.5,939.877
1/28/2025 18:00,667,855.252,236.5,1091.752
1/28/2025 19:00,668,910.282,206.5,1116.782
1/28/2025 20:00,669,913.482,176.5,1089.982
1/28/2025 21:00,670,782.513,166.5,949.013
1/28/2025 22:00,671,591.028,156.5,747.528
1/28/2025 23:00,672,687.921,146.5,834.421
1/29/2025 0:00,673,793.389,136.5,929.889
1/29/2025 1:00,674,762.211,136.5,898.711
1/29/2025 2:00,675,731.563,136.5,868.063
1/29/2025 3:00,676,659.339,136.5,795.839
1/29/2025 4:00,677,658.406,136.5,794.906
1/29/2025 5:00,678,642.869,186.5,829.369
1/29/2025 6:00,679,745.432,206.5,951.932
1/29/2025 7:00,680,793.663,233,1026.663
1/29/2025 8:00,681,812.879,243,1055.879
1/29/2025 9:00,682,854.685,223,1077.685
1/29/2025 10:00,683,646.519,223,869.519
1/29/2025 11:00,684,481.719,223,704.719
1/29/2025 12:00,685,521.979,213,734.979
1/29/2025 13:00,686,509.277,213,722.277
1/29/2025 14:00,687,494.416,223,717.416
1/29/2025 15:00,688,480.81,223,703.81
1/29/2025 16:00,689,512.614,259,771.614
1/29/2025 17:00,690,655.26,246.5,901.76
1/29/2025 18:00,691,868.225,236.5,1104.725
1/29/2025 19:00,692,940.244,206.5,1146.744
1/29/2025 20:00,693,929.447,176.5,1105.947
1/29/2025 21:00,694,809.607,166.5,976.107
1/29/2025 22:00,695,614.145,156.5,770.645
1/29/2025 23:00,696,676.862,146.5,823.362
1/30/2025 0:00,697,841.287,136.5,977.787
1/30/2025 1:00,698,758.072,136.5,894.572
1/30/2025 2:00,699,741.056,136.5,877.556
1/30/2025 3:00,700,672.647,136.5,809.147
1/30/2025 4:00,701,643.646,136.5,780.146
1/30/2025 5:00,702,593.491,186.5,779.991
1/30/2025 6:00,703,721.408,206.5,927.908
1/30/2025 7:00,704,844.474,233,1077.474
1/30/2025 8:00,705,870.182,243,1113.182
1/30/2025 9:00,706,901.673,223,1124.673
1/30/2025 10:00,707,627.958,223,850.958
1/30/2025 11:00,708,488.671,223,711.671
1/30/2025 12:00,709,484.132,213,697.132
1/30/2025 13:00,710,494.213,213,707.213
1/30/2025 14:00,711,495.63,223,718.63
1/30/2025 15:00,712,507.307,223,730.307
1/30/2025 16:00,713,537.524,259,796.524
1/30/2025 17:00,714,694.463,246.5,940.963
1/30/2025 18:00,715,895.799,236.5,1132.299
1/30/2025 19:00,716,961.773,206.5,1168.273
1/30/2025 20:00,717,925.539,176.5,1102.039
1/30/2025 21:00,718,817.575,166.5,984.075
1/30/2025 22:00,719,611.192,156.5,767.692
1/30/2025 23:00,720,681.933,146.5,828.433
1/31/2025 0:00,721,873.161,136.5,1009.661
1/31/2025 1:00,722,778.929,136.5,915.429
1/31/2025 2:00,723,713.151,136.5,849.651
1/31/2025 3:00,724,715.036,136.5,851.536
1/31/2025 4:00,725,688.69,136.5,825.19
1/31/2025 5:00,726,657.917,186.5,844.417
1/31/2025 6:00,727,690.418,184,874.418
1/31/2025 7:00,728,800.54,201,1001.54
1/31/2025 8:00,729,846.224,206.5,1052.724
1/31/2025 9:00,730,866.362,186.5,1052.862
1/31/2025 10:00,731,673.946,186.5,860.446
1/31/2025 11:00,732,556.697,186.5,743.197
1/31/2025 12:00,733,571.309,178,749.309
1/31/2025 13:00,734,589.568,178,767.568
1/31/2025 14:00,735,671.525,216.5,888.025
1/31/2025 15:00,736,643.881,216.5,860.381
1/31/2025 16:00,737,606.375,256.5,862.875
1/31/2025 17:00,738,811.044,246.5,1057.544
1/31/2025 18:00,739,1011.646,236.5,1248.146
1/31/2025 19:00,740,1043.135,206.5,1249.635
1/31/2025 20:00,741,1056.106,176.5,1232.606
1/31/2025 21:00,742,884.144,166.5,1050.644
1/31/2025 22:00,743,666.328,156.5,822.828
1/31/2025 23:00,744,757.643,146.5,904.143
2/1/2025 0:00,745,870.031,136.5,1006.531
2/1/2025 1:00,746,842.36,136.5,978.86
2/1/2025 2:00,747,770.89,136.5,907.39
2/1/2025 3:00,748,693.665,136.5,830.165
2/1/2025 4:00,749,667.227,136.5,803.727
2/1/2025 5:00,750,649.478,186.5,835.978
2/1/2025 6:00,751,761.987,206.5,968.487
2/1/2025 7:00,752,880.136,226.5,1106.636
2/1/2025 8:00,753,897.644,236.5,1134.144
2/1/2025 9:00,754,937.692,216.5,1154.192
2/1/2025 10:00,755,640.574,216.5,857.074
2/1/2025 11:00,756,500.869,216.5,717.369
2/1/2025 12:00,757,524.685,206.5,731.185
2/1/2025 13:00,758,521.133,206.5,727.633
2/1/2025 14:00,759,501.27,216.5,717.77
2/1/2025 15:00,760,477.43,216.5,693.93
2/1/2025 16:00,761,445.623,256.5,702.123
2/1/2025 17:00,762,666.801,246.5,913.301
2/1/2025 18:00,763,829.59,236.5,1066.09
2/1/2025 19:00,764,899.959,206.5,1106.459
2/1/2025 20:00,765,826.878,176.5,1003.378
2/1/2025 21:00,766,729.219,166.5,895.719
2/1/2025 22:00,767,570.159,156.5,726.659
2/1/2025 23:00,768,656.295,146.5,802.795
2/2/2025 0:00,769,850.28,136.5,986.78
2/2/2025 1:00,770,786.757,136.5,923.257
2/2/2025 2:00,771,778.397,136.5,914.897
2/2/2025 3:00,772,727.239,136.5,863.739
2/2/2025 4:00,773,692.888,136.5,829.388
2/2/2025 5:00,774,660.361,186.5,846.861
2/2/2025 6:00,775,767.184,206.5,973.684
2/2/2025 7:00,776,894.592,233,1127.592
2/2/2025 8:00,777,840.368,243,1083.368
2/2/2025 9:00,778,836.002,223,1059.002
2/2/2025 10:00,779,605.673,223,828.673
2/2/2025 11:00,780,475.676,223,698.676
2/2/2025 12:00,781,525.458,213,738.458
2/2/2025 13:00,782,549.433,213,762.433
2/2/2025 14:00,783,516.229,223,739.229
2/2/2025 15:00,784,511.789,223,734.789
2/2/2025 16:00,785,498.396,259,757.396
2/2/2025 17:00,786,669.754,246.5,916.254
2/2/2025 18:00,787,855.358,236.5,1091.858
2/2/2025 19:00,788,932.633,206.5,1139.133
2/2/2025 20:00,789,892.657,176.5,1069.157
2/2/2025 21:00,790,809.002,166.5,975.502
2/2/2025 22:00,791,618.542,156.5,775.042
2/2/2025 23:00,792,704.741,146.5,851.241
2/3/2025 0:00,793,878.787,136.5,1015.287
2/3/2025 1:00,794,739.813,136.5,876.313
2/3/2025 2:00,795,680.306,136.5,816.806
2/3/2025 3:00,796,638.44,136.5,774.94
2/3/2025 4:00,797,629.168,136.5,765.668
2/3/2025 5:00,798,614.197,186.5,800.697
2/3/2025 6:00,799,690.681,206.5,897.181
2/3/2025 7:00,800,756.781,233,989.781
2/3/2025 8:00,801,797.338,243,1040.338
2/3/2025 9:00,802,951.729,223,1174.729
2/3/2025 10:00,803,716.624,223,939.624
2/3/2025 11:00,804,520.576,223,743.576
2/3/2025 12:00,805,529.227,213,742.227
2/3/2025 13:00,806,515.204,213,728.204
2/3/2025 14:00,807,462.631,223,685.631
2/3/2025 15:00,808,455.623,223,678.623
2/3/2025 16:00,809,419.945,259,678.945
2/3/2025 17:00,810,600.502,246.5,847.002
2/3/2025 18:00,811,726.617,236.5,963.117
2/3/2025 19:00,812,815.61,206.5,1022.11
2/3/2025 20:00,813,843.555,176.5,1020.055
2/3/2025 21:00,814,771.758,166.5,938.258
2/3/2025 22:00,815,607.841,156.5,764.341
2/3/2025 23:00,816,663.116,146.5,809.616
2/4/2025 0:00,817,890.574,136.5,1027.074
2/4/2025 1:00,818,809.853,136.5,946.353
2/4/2025 2:00,819,792.995,136.5,929.495
2/4/2025 3:00,820,750.457,136.5,886.957
2/4/2025 4:00,821,687.704,136.5,824.204
2/4/2025 5:00,822,667.817,186.5,854.317
2/4/2025 6:00,823,801.979,206.5,1008.479
2/4/2025 7:00,824,905.259,233,1138.259
2/4/2025 8:00,825,939.387,243,1182.387
2/4/2025 9:00,826,1038.441,223,1261.441
2/4/2025 10:00,827,757.499,223,980.499
2/4/2025 11:00,828,559.007,223,782.007
2/4/2025 12:00,829,593.377,213,806.377
2/4/2025 13:00,830,639.96,213,852.96
2/4/2025 14:00,831,637.137,223,860.137
2/4/2025 15:00,832,547.946,223,770.946
2/4/2025 16:00,833,492.732,259,751.732
2/4/2025 17:00,834,717.95,246.5,964.45
2/4/2025 18:00,835,847.375,236.5,1083.875
2/4/2025 19:00,836,896.897,206.5,1103.397
2/4/2025 20:00,837,894.6,176.5,1071.1
2/4/2025 21:00,838,821.858,166.5,988.358
2/4/2025 22:00,839,635.35,156.5,791.85
2/4/2025 23:00,840,715.914,146.5,862.414
2/5/2025 0:00,841,868.1,136.5,1004.6
2/5/2025 1:00,842,806.091,136.5,942.591
2/5/2025 2:00,843,756.904,136.5,893.404
2/5/2025 3:00,844,795.277,136.5,931.777
2/5/2025 4:00,845,761.224,136.5,897.724
2/5/2025 5:00,846,750.618,186.5,937.118
2/5/2025 6:00,847,841.022,206.5,1047.522
2/5/2025 7:00,848,913.395,233,1146.395
2/5/2025 8:00,849,933.262,243,1176.262
2/5/2025 9:00,850,897.1,223,1120.1
2/5/2025 10:00,851,634.095,223,857.095
2/5/2025 11:00,852,468.324,223,691.324
2/5/2025 12:00,853,475.241,213,688.241
2/5/2025 13:00,854,500.872,213,713.872
2/5/2025 14:00,855,544.908,223,767.908
2/5/2025 15:00,856,525.347,223,748.347
2/5/2025 16:00,857,533.31,259,792.31
2/5/2025 17:00,858,727.179,246.5,973.679
2/5/2025 18:00,859,920.368,236.5,1156.868
2/5/2025 19:00,860,964.075,206.5,1170.575
2/5/2025 20:00,861,973.729,176.5,1150.229
2/5/2025 21:00,862,879.695,166.5,1046.195
2/5/2025 22:00,863,655.362,156.5,811.862
2/5/2025 23:00,864,766.432,146.5,912.932
2/6/2025 0:00,865,897.974,136.5,1034.474
2/6/2025 1:00,866,814.416,136.5,950.916
2/6/2025 2:00,867,742.79,136.5,879.29
2/6/2025 3:00,868,686.503,136.5,823.003
2/6/2025 4:00,869,680.115,136.5,816.615
2/6/2025 5:00,870,672.865,186.5,859.365
2/6/2025 6:00,871,765.296,206.5,971.796
2/6/2025 7:00,872,853.012,233,1086.012
2/6/2025 8:00,873,921.163,243,1164.163
2/6/2025 9:00,874,985.666,223,1208.666
2/6/2025 10:00,875,742.573,223,965.573
2/6/2025 11:00,876,584.024,223,807.024
2/6/2025 12:00,877,567.025,213,780.025
2/6/2025 13:00,878,614.67,213,827.67
2/6/2025 14:00,879,563.45,223,786.45
2/6/2025 15:00,880,551.138,223,774.138
2/6/2025 16:00,881,511.383,259,770.383
2/6/2025 17:00,882,669.056,246.5,915.556
2/6/2025 18:00,883,782.404,236.5,1018.904
2/6/2025 19:00,884,887.043,206.5,1093.543
2/6/2025 20:00,885,849.336,176.5,1025.836
2/6/2025 21:00,886,809.8,166.5,976.3
2/6/2025 22:00,887,669.141,156.5,825.641
2/6/2025 23:00,888,728.492,146.5,874.992
2/7/2025 0:00,889,846.153,136.5,982.653
2/7/2025 1:00,890,768.597,136.5,905.097
2/7/2025 2:00,891,718.176,136.5,854.676
2/7/2025 3:00,892,709.235,136.5,845.735
2/7/2025 4:00,893,679.483,136.5,815.983
2/7/2025 5:00,894,695.303,186.5,881.803
2/7/2025 6:00,895,682.682,184,866.682
2/7/2025 7:00,896,776.81,201,977.81
2/7/2025 8:00,897,805.349,206.5,1011.849
2/7/2025 9:00,898,861.165,186.5,1047.665
2/7/2025 10:00,899,599.374,186.5,785.874
2/7/2025 11:00,900,457.829,186.5,644.329
2/7/2025 12:00,901,476.719,178,654.719
2/7/2025 13:00,902,472.456,178,650.456
2/7/2025 14:00,903,550.592,216.5,767.092
2/7/2025 15:00,904,534.776,216.5,751.276
2/7/2025 16:00,905,508.496,256.5,764.996
2/7/2025 17:00,906,713.697,246.5,960.197
2/7/2025 18:00,907,923.789,236.5,1160.289
2/7/2025 19:00,908,970.708,206.5,1177.208
2/7/2025 20:00,909,959.564,176.5,1136.064
2/7/2025 21:00,910,824.468,166.5,990.968
2/7/2025 22:00,911,641.4,156.5,797.9
2/7/2025 23:00,912,685.989,146.5,832.489
2/8/2025 0:00,913,859.76,136.5,996.26
2/8/2025 1:00,914,800.787,136.5,937.287
2/8/2025 2:00,915,743.169,136.5,879.669
2/8/2025 3:00,916,729.382,136.5,865.882
2/8/2025 4:00,917,638.357,136.5,774.857
2/8/2025 5:00,918,576.346,186.5,762.846
2/8/2025 6:00,919,725.051,206.5,931.551
2/8/2025 7:00,920,815.655,226.5,1042.155
2/8/2025 8:00,921,869.833,236.5,1106.333
2/8/2025 9:00,922,859.622,216.5,1076.122
2/8/2025 10:00,923,623.938,216.5,840.438
2/8/2025 11:00,924,520.74,216.5,737.24
2/8/2025 12:00,925,550.158,206.5,756.658
2/8/2025 13:00,926,552.304,206.5,758.804
2/8/2025 14:00,927,511.679,216.5,728.179
2/8/2025 15:00,928,475.366,216.5,691.866
2/8/2025 16:00,929,402.701,256.5,659.201
2/8/2025 17:00,930,590.275,246.5,836.775
2/8/2025 18:00,931,796.527,236.5,1033.027
2/8/2025 19:00,932,831.418,206.5,1037.918
2/8/2025 20:00,933,825.111,176.5,1001.611
2/8/2025 21:00,934,716.639,166.5,883.139
2/8/2025 22:00,935,546.189,156.5,702.689
2/8/2025 23:00,936,653.088,146.5,799.588
2/9/2025 0:00,937,793.289,136.5,929.789
2/9/2025 1:00,938,790.431,136.5,926.931
2/9/2025 2:00,939,782.008,136.5,918.508
2/9/2025 3:00,940,734.989,136.5,871.489
2/9/2025 4:00,941,649.73,136.5,786.23
2/9/2025 5:00,942,624.697,186.5,811.197
2/9/2025 6:00,943,793.45,206.5,999.95
2/9/2025 7:00,944,788.294,233,1021.294
2/9/2025 8:00,945,855.67,243,1098.67
2/9/2025 9:00,946,889.963,223,1112.963
2/9/2025 10:00,947,678.526,223,901.526
2/9/2025 11:00,948,505.703,223,728.703
2/9/2025 12:00,949,547.989,213,760.989
2/9/2025 13:00,950,576.031,213,789.031
2/9/2025 14:00,951,590.862,223,813.862
2/9/2025 15:00,952,539.928,223,762.928
2/9/2025 16:00,953,513.591,259,772.591
2/9/2025 17:00,954,654.922,246.5,901.422
2/9/2025 18:00,955,870.507,236.5,1107.007
2/9/2025 19:00,956,925.436,206.5,1131.936
2/9/2025 20:00,957,903.997,176.5,1080.497
2/9/2025 21:00,958,807.798,166.5,974.298
2/9/2025 22:00,959,587.072,156.5,743.572
2/9/2025 23:00,960,703.01,146.5,849.51
2/10/2025 0:00,961,890.299,136.5,1026.799
2/10/2025 1:00,962,837.696,136.5,974.196
2/10/2025 2:00,963,748.211,136.5,884.711
2/10/2025 3:00,964,719.491,136.5,855.991
2/10/2025 4:00,965,719.928,136.5,856.428
2/10/2025 5:00,966,646.586,186.5,833.086
2/10/2025 6:00,967,742.758,206.5,949.258
2/10/2025 7:00,968,872.339,233,1105.339
2/10/2025 8:00,969,930.546,243,1173.546
2/10/2025 9:00,970,991.721,223,1214.721
2/10/2025 10:00,971,754.427,223,977.427
2/10/2025 11:00,972,567.795,223,790.795
2/10/2025 12:00,973,591.919,213,804.919
2/10/2025 13:00,974,652.03,213,865.03
2/10/2025 14:00,975,590.237,223,813.237
2/10/2025 15:00,976,527.224,223,750.224
2/10/2025 16:00,977,507.592,259,766.592
2/10/2025 17:00,978,703.287,246.5,949.787
2/10/2025 18:00,979,851.814,236.5,1088.314
2/10/2025 19:00,980,905.494,206.5,1111.994
2/10/2025 20:00,981,984.794,176.5,1161.294
2/10/2025 21:00,982,861.374,166.5,1027.874
2/10/2025 22:00,983,630.734,156.5,787.234
2/10/2025 23:00,984,750.229,146.5,896.729
2/11/2025 0:00,985,897.097,136.5,1033.597
2/11/2025 1:00,986,827.624,136.5,964.124
2/11/2025 2:00,987,800.222,136.5,936.722
2/11/2025 3:00,988,721.084,136.5,857.584
2/11/2025 4:00,989,712.114,136.5,848.614
2/11/2025 5:00,990,738.542,186.5,925.042
2/11/2025 6:00,991,852.699,206.5,1059.199
2/11/2025 7:00,992,905.482,233,1138.482
2/11/2025 8:00,993,925.761,243,1168.761
2/11/2025 9:00,994,961.078,223,1184.078
2/11/2025 10:00,995,686.882,223,909.882
2/11/2025 11:00,996,520.8,223,743.8
2/11/2025 12:00,997,572.682,213,785.682
2/11/2025 13:00,998,542.783,213,755.783
2/11/2025 14:00,999,553.588,223,776.588
2/11/2025 15:00,1000,517.472,223,740.472
2/11/2025 16:00,1001,501.854,259,760.854
2/11/2025 17:00,1002,653.602,246.5,900.102
2/11/2025 18:00,1003,875.812,236.5,1112.312
2/11/2025 19:00,1004,998.729,206.5,1205.229
2/11/2025 20:00,1005,998.884,176.5,1175.384
2/11/2025 21:00,1006,821.112,166.5,987.612
2/11/2025 22:00,1007,655.509,156.5,812.009
2/11/2025 23:00,1008,755.077,146.5,901.577
2/12/2025 0:00,1009,823.671,136.5,960.171
2/12/2025 1:00,1010,780.424,136.5,916.924
2/12/2025 2:00,1011,755.79,136.5,892.29
2/12/2025 3:00,1012,731.487,136.5,867.987
2/12/2025 4:00,1013,702.645,136.5,839.145
2/12/2025 5:00,1014,679.903,186.5,866.403
2/12/2025 6:00,1015,828.357,206.5,1034.857
2/12/2025 7:00,1016,924.592,233,1157.592
2/12/2025 8:00,1017,845.086,243,1088.086
2/12/2025 9:00,1018,898.93,223,1121.93
2/12/2025 10:00,1019,652.014,223,875.014
2/12/2025 11:00,1020,471.062,223,694.062
2/12/2025 12:00,1021,518.459,213,731.459
2/12/2025 13:00,1022,570.673,213,783.673
2/12/2025 14:00,1023,521.883,223,744.883
2/12/2025 15:00,1024,507.671,223,730.671
2/12/2025 16:00,1025,459.317,259,718.317
2/12/2025 17:00,1026,616.007,246.5,862.507
2/12/2025 18:00,1027,837.818,236.5,1074.318
2/12/2025 19:00,1028,903.483,206.5,1109.983
2/12/2025 20:00,1029,915.764,176.5,1092.264
2/12/2025 21:00,1030,761.589,166.5,928.089
2/12/2025 22:00,1031,651.844,156.5,808.344
2/12/2025 23:00,1032,746.469,146.5,892.969
2/13/2025 0:00,1033,923.72,136.5,1060.22
2/13/2025 1:00,1034,872.937,136.5,1009.437
2/13/2025 2:00,1035,779.124,136.5,915.624
2/13/2025 3:00,1036,779.27,136.5,915.77
2/13/2025 4:00,1037,734.427,136.5,870.927
2/13/2025 5:00,1038,704.094,186.5,890.594
2/13/2025 6:00,1039,808.725,206.5,1015.225
2/13/2025 7:00,1040,875.017,233,1108.017
2/13/2025 8:00,1041,953.75,243,1196.75
2/13/2025 9:00,1042,1007.897,223,1230.897
2/13/2025 10:00,1043,744.432,223,967.432
2/13/2025 11:00,1044,572.545,223,795.545
2/13/2025 12:00,1045,608.585,213,821.585
2/13/2025 13:00,1046,605.958,213,818.958
2/13/2025 14:00,1047,636.765,223,859.765
2/13/2025 15:00,1048,548.046,223,771.046
2/13/2025 16:00,1049,546.83,259,805.83
2/13/2025 17:00,1050,747.283,246.5,993.783
2/13/2025 18:00,1051,879.081,236.5,1115.581
2/13/2025 19:00,1052,1046.292,206.5,1252.792
2/13/2025 20:00,1053,1040.591,176.5,1217.091
2/13/2025 21:00,1054,933.825,166.5,1100.325
2/13/2025 22:00,1055,717.169,156.5,873.669
2/13/2025 23:00,1056,786.088,146.5,932.588
2/14/2025 0:00,1057,906.968,136.5,1043.468
2/14/2025 1:00,1058,855.375,136.5,991.875
2/14/2025 2:00,1059,842.442,136.5,978.942
2/14/2025 3:00,1060,787.103,136.5,923.603
2/14/2025 4:00,1061,722.027,136.5,858.527
2/14/2025 5:00,1062,720.372,186.5,906.872
2/14/2025 6:00,1063,754.93,184,938.93
2/14/2025 7:00,1064,837.673,201,1038.673
2/14/2025 8:00,1065,885.956,206.5,1092.456
2/14/2025 9:00,1066,902.233,186.5,1088.733
2/14/2025 10:00,1067,627.53,186.5,814.03
2/14/2025 11:00,1068,475.955,186.5,662.455
2/14/2025 12:00,1069,476.592,178,654.592
2/14/2025 13:00,1070,512.384,178,690.384
2/14/2025 14:00,1071,584.248,216.5,800.748
2/14/2025 15:00,1072,550.674,216.5,767.174
2/14/2025 16:00,1073,456.986,256.5,713.486
2/14/2025 17:00,1074,616.642,246.5,863.142
2/14/2025 18:00,1075,870.376,236.5,1106.876
2/14/2025 19:00,1076,955.535,206.5,1162.035
2/14/2025 20:00,1077,979.863,176.5,1156.363
2/14/2025 21:00,1078,840.997,166.5,1007.497
2/14/2025 22:00,1079,715.012,156.5,871.512
2/14/2025 23:00,1080,764.212,146.5,910.712
2/15/2025 0:00,1081,912.637,136.5,1049.137
2/15/2025 1:00,1082,913.958,136.5,1050.458
2/15/2025 2:00,1083,879.771,136.5,1016.271
2/15/2025 3:00,1084,796.14,136.5,932.64
2/15/2025 4:00,1085,735.612,136.5,872.112
2/15/2025 5:00,1086,699.751,186.5,886.251
2/15/2025 6:00,1087,832.841,206.5,1039.341
2/15/2025 7:00,1088,910.797,226.5,1137.297
2/15/2025 8:00,1089,938.938,236.5,1175.438
2/15/2025 9:00,1090,1026.133,216.5,1242.633
2/15/2025 10:00,1091,727.995,216.5,944.495
2/15/2025 11:00,1092,611.833,216.5,828.333
2/15/2025 12:00,1093,618.366,206.5,824.866
2/15/2025 13:00,1094,658.959,206.5,865.459
2/15/2025 14:00,1095,619.817,216.5,836.317
2/15/2025 15:00,1096,591.173,216.5,807.673
2/15/2025 16:00,1097,521.283,256.5,777.783
2/15/2025 17:00,1098,662.705,246.5,909.205
2/15/2025 18:00,1099,866.662,236.5,1103.162
2/15/2025 19:00,1100,992.753,206.5,1199.253
2/15/2025 20:00,1101,974.554,176.5,1151.054
2/15/2025 21:00,1102,827.197,166.5,993.697
2/15/2025 22:00,1103,626.894,156.5,783.394
2/15/2025 23:00,1104,693.473,146.5,839.973
2/16/2025 0:00,1105,837.428,136.5,973.928
2/16/2025 1:00,1106,821.977,136.5,958.477
2/16/2025 2:00,1107,829.894,136.5,966.394
2/16/2025 3:00,1108,787.7,136.5,924.2
2/16/2025 4:00,1109,699.405,136.5,835.905
2/16/2025 5:00,1110,692.759,186.5,879.259
2/16/2025 6:00,1111,822.262,206.5,1028.762
2/16/2025 7:00,1112,986.546,233,1219.546
2/16/2025 8:00,1113,961.914,243,1204.914
2/16/2025 9:00,1114,1003.578,223,1226.578
2/16/2025 10:00,1115,783.449,223,1006.449
2/16/2025 11:00,1116,612.154,223,835.154
2/16/2025 12:00,1117,643.998,213,856.998
2/16/2025 13:00,1118,649.878,213,862.878
2/16/2025 14:00,1119,628.18,223,851.18
2/16/2025 15:00,1120,605.277,223,828.277
2/16/2025 16:00,1121,543.108,259,802.108
2/16/2025 17:00,1122,741.812,246.5,988.312
2/16/2025 18:00,1123,870.096,236.5,1106.596
2/16/2025 19:00,1124,989.82,206.5,1196.32
2/16/2025 20:00,1125,994.082,176.5,1170.582
2/16/2025 21:00,1126,873.194,166.5,1039.694
2/16/2025 22:00,1127,696.954,156.5,853.454
2/16/2025 23:00,1128,772.199,146.5,918.699
2/17/2025 0:00,1129,883.112,136.5,1019.612
2/17/2025 1:00,1130,830.422,136.5,966.922
2/17/2025 2:00,1131,768.994,136.5,905.494
2/17/2025 3:00,1132,758.007,136.5,894.507
2/17/2025 4:00,1133,706.746,136.5,843.246
2/17/2025 5:00,1134,716.82,186.5,903.32
2/17/2025 6:00,1135,804.312,206.5,1010.812
2/17/2025 7:00,1136,878.872,233,1111.872
2/17/2025 8:00,1137,917.815,243,1160.815
2/17/2025 9:00,1138,1031.424,223,1254.424
2/17/2025 10:00,1139,756.287,223,979.287
2/17/2025 11:00,1140,585.084,223,808.084
2/17/2025 12:00,1141,626.174,213,839.174
2/17/2025 13:00,1142,585.202,213,798.202
2/17/2025 14:00,1143,581.341,223,804.341
2/17/2025 15:00,1144,605.177,223,828.177
2/17/2025 16:00,1145,561.908,259,820.908
2/17/2025 17:00,1146,721.87,246.5,968.37
2/17/2025 18:00,1147,913,236.5,1149.5
2/17/2025 19:00,1148,1033.294,206.5,1239.794
2/17/2025 20:00,1149,944.16,176.5,1120.66
2/17/2025 21:00,1150,815.096,166.5,981.596
2/17/2025 22:00,1151,680.688,156.5,837.188
2/17/2025 23:00,1152,755.492,146.5,901.992
2/18/2025 0:00,1153,989.639,136.5,1126.139
2/18/2025 1:00,1154,906.145,136.5,1042.645
2/18/2025 2:00,1155,801.319,136.5,937.819
2/18/2025 3:00,1156,747.624,136.5,884.124
2/18/2025 4:00,1157,670.831,136.5,807.331
2/18/2025 5:00,1158,682.674,186.5,869.174
2/18/2025 6:00,1159,826.351,206.5,1032.851
2/18/2025 7:00,1160,913.316,233,1146.316
2/18/2025 8:00,1161,1016.65,243,1259.65
2/18/2025 9:00,1162,1106.38,223,1329.38
2/18/2025 10:00,1163,794.287,223,1017.287
2/18/2025 11:00,1164,575.26,223,798.26
2/18/2025 12:00,1165,639.933,213,852.933
2/18/2025 13:00,1166,674.657,213,887.657
2/18/2025 14:00,1167,659.882,223,882.882
2/18/2025 15:00,1168,642.48,223,865.48
2/18/2025 16:00,1169,565.583,259,824.583
2/18/2025 17:00,1170,786.438,246.5,1032.938
2/18/2025 18:00,1171,924.418,236.5,1160.918
2/18/2025 19:00,1172,1055.92,206.5,1262.42
2/18/2025 20:00,1173,985.234,176.5,1161.734
2/18/2025 21:00,1174,880.334,166.5,1046.834
2/18/2025 22:00,1175,771.751,156.5,928.251
2/18/2025 23:00,1176,840.804,146.5,987.304
2/19/2025 0:00,1177,979.261,136.5,1115.761
2/19/2025 1:00,1178,907.683,136.5,1044.183
2/19/2025 2:00,1179,845.635,136.5,982.135
2/19/2025 3:00,1180,836.029,136.5,972.529
2/19/2025 4:00,1181,779.517,136.5,916.017
2/19/2025 5:00,1182,700.797,186.5,887.297
2/19/2025 6:00,1183,810.966,206.5,1017.466
2/19/2025 7:00,1184,925.605,233,1158.605
2/19/2025 8:00,1185,988.338,243,1231.338
2/19/2025 9:00,1186,976.902,223,1199.902
2/19/2025 10:00,1187,710.118,223,933.118
2/19/2025 11:00,1188,564.288,223,787.288
2/19/2025 12:00,1189,602.279,213,815.279
2/19/2025 13:00,1190,596.617,213,809.617
2/19/2025 14:00,1191,583.635,223,806.635
2/19/2025 15:00,1192,551.06,223,774.06
2/19/2025 16:00,1193,549.705,259,808.705
2/19/2025 17:00,1194,730.657,246.5,977.157
2/19/2025 18:00,1195,902.123,236.5,1138.623
2/19/2025 19:00,1196,990.992,206.5,1197.492
2/19/2025 20:00,1197,1000.347,176.5,1176.847
2/19/2025 21:00,1198,884.212,166.5,1050.712
2/19/2025 22:00,1199,698.513,156.5,855.013
2/19/2025 23:00,1200,766.351,146.5,912.851
2/20/2025 0:00,1201,919.201,136.5,1055.701
2/20/2025 1:00,1202,840.401,136.5,976.901
2/20/2025 2:00,1203,822.373,136.5,958.873
2/20/2025 3:00,1204,813.622,136.5,950.122
2/20/2025 4:00,1205,737.98,136.5,874.48
2/20/2025 5:00,1206,730.3,186.5,916.8
2/20/2025 6:00,1207,858.016,206.5,1064.516
2/20/2025 7:00,1208,958.439,233,1191.439
2/20/2025 8:00,1209,1003.624,243,1246.624
2/20/2025 9:00,1210,998.759,223,1221.759
2/20/2025 10:00,1211,714.122,223,937.122
2/20/2025 11:00,1212,590.701,223,813.701
2/20/2025 12:00,1213,662.512,213,875.512
2/20/2025 13:00,1214,620.383,213,833.383
2/20/2025 14:00,1215,631.246,223,854.246
2/20/2025 15:00,1216,632.414,223,855.414
2/20/2025 16:00,1217,583.609,259,842.609
2/20/2025 17:00,1218,750.987,246.5,997.487
2/20/2025 18:00,1219,906.477,236.5,1142.977
2/20/2025 19:00,1220,1014.016,206.5,1220.516
2/20/2025 20:00,1221,964.165,176.5,1140.665
2/20/2025 21:00,1222,828.155,166.5,994.655
2/20/2025 22:00,1223,738.528,156.5,895.028
2/20/2025 23:00,1224,798.301,146.5,944.801
2/21/2025 0:00,1225,961.291,136.5,1097.791
2/21/2025 1:00,1226,867.407,136.5,1003.907
2/21/2025 2:00,1227,802.548,136.5,939.048
2/21/2025 3:00,1228,787.731,136.5,924.231
2/21/2025 4:00,1229,754.463,136.5,890.963
2/21/2025 5:00,1230,760.029,186.5,946.529
2/21/2025 6:00,1231,801.655,184,985.655
2/21/2025 7:00,1232,890.231,201,1091.231
2/21/2025 8:00,1233,937.061,206.5,1143.561
2/21/2025 9:00,1234,1028.561,186.5,1215.061
2/21/2025 10:00,1235,719.302,186.5,905.802
2/21/2025 11:00,1236,580.748,186.5,767.248
2/21/2025 12:00,1237,638.456,178,816.456
2/21/2025 13:00,1238,673.48,178,851.48
2/21/2025 14:00,1239,704.761,216.5,921.261
2/21/2025 15:00,1240,659.677,216.5,876.177
2/21/2025 16:00,1241,654.401,256.5,910.901
2/21/2025 17:00,1242,813.13,246.5,1059.63
2/21/2025 18:00,1243,1018.151,236.5,1254.651
2/21/2025 19:00,1244,1114.267,206.5,1320.767
2/21/2025 20:00,1245,1097.007,176.5,1273.507
2/21/2025 21:00,1246,1016.993,166.5,1183.493
2/21/2025 22:00,1247,833.375,156.5,989.875
2/21/2025 23:00,1248,874.697,146.5,1021.197
2/22/2025 0:00,1249,933.912,136.5,1070.412
2/22/2025 1:00,1250,845.523,136.5,982.023
2/22/2025 2:00,1251,817.342,136.5,953.842
2/22/2025 3:00,1252,851.559,136.5,988.059
2/22/2025 4:00,1253,739.558,136.5,876.058
2/22/2025 5:00,1254,721.89,186.5,908.39
2/22/2025 6:00,1255,817.921,206.5,1024.421
2/22/2025 7:00,1256,922.347,226.5,1148.847
2/22/2025 8:00,1257,961.398,236.5,1197.898
2/22/2025 9:00,1258,1016.002,216.5,1232.502
2/22/2025 10:00,1259,776.225,216.5,992.725
2/22/2025 11:00,1260,619.644,216.5,836.144
2/22/2025 12:00,1261,671.833,206.5,878.333
2/22/2025 13:00,1262,613.476,206.5,819.976
2/22/2025 14:00,1263,647.033,216.5,863.533
2/22/2025 15:00,1264,609.447,216.5,825.947
2/22/2025 16:00,1265,579.285,256.5,835.785
2/22/2025 17:00,1266,664.764,246.5,911.264
2/22/2025 18:00,1267,828.721,236.5,1065.221
2/22/2025 19:00,1268,954.474,206.5,1160.974
2/22/2025 20:00,1269,967.148,176.5,1143.648
2/22/2025 21:00,1270,902.1,166.5,1068.6
2/22/2025 22:00,1271,781.299,156.5,937.799
2/22/2025 23:00,1272,787.748,146.5,934.248
2/23/2025 0:00,1273,989.33,136.5,1125.83
2/23/2025 1:00,1274,913.766,136.5,1050.266
2/23/2025 2:00,1275,852.426,136.5,988.926
2/23/2025 3:00,1276,770.428,136.5,906.928
2/23/2025 4:00,1277,766.311,136.5,902.811
2/23/2025 5:00,1278,680.893,186.5,867.393
2/23/2025 6:00,1279,850.124,206.5,1056.624
2/23/2025 7:00,1280,887.521,233,1120.521
2/23/2025 8:00,1281,958.496,243,1201.496
2/23/2025 9:00,1282,1017.077,223,1240.077
2/23/2025 10:00,1283,794.897,223,1017.897
2/23/2025 11:00,1284,633.097,223,856.097
2/23/2025 12:00,1285,649.926,213,862.926
2/23/2025 13:00,1286,659.603,213,872.603
2/23/2025 14:00,1287,682.997,223,905.997
2/23/2025 15:00,1288,648.793,223,871.793
2/23/2025 16:00,1289,587.472,259,846.472
2/23/2025 17:00,1290,721.179,246.5,967.679
2/23/2025 18:00,1291,854.873,236.5,1091.373
2/23/2025 19:00,1292,999.734,206.5,1206.234
2/23/2025 20:00,1293,952.857,176.5,1129.357
2/23/2025 21:00,1294,925.597,166.5,1092.097
2/23/2025 22:00,1295,779.807,156.5,936.307
2/23/2025 23:00,1296,921.541,146.5,1068.041
2/24/2025 0:00,1297,979.257,136.5,1115.757
2/24/2025 1:00,1298,901.855,136.5,1038.355
2/24/2025 2:00,1299,899.881,136.5,1036.381
2/24/2025 3:00,1300,867.524,136.5,1004.024
2/24/2025 4:00,1301,788.371,136.5,924.871
2/24/2025 5:00,1302,762.7,186.5,949.2
2/24/2025 6:00,1303,883.867,206.5,1090.367
2/24/2025 7:00,1304,966.9,233,1199.9
2/24/2025 8:00,1305,978.12,243,1221.12
2/24/2025 9:00,1306,1026.702,223,1249.702
2/24/2025 10:00,1307,717.482,223,940.482
2/24/2025 11:00,1308,598.556,223,821.556
2/24/2025 12:00,1309,654.711,213,867.711
2/24/2025 13:00,1310,667.093,213,880.093
2/24/2025 14:00,1311,611.575,223,834.575
2/24/2025 15:00,1312,616.06,223,839.06
2/24/2025 16:00,1313,583.736,259,842.736
2/24/2025 17:00,1314,702.587,246.5,949.087
2/24/2025 18:00,1315,880.82,236.5,1117.32
2/24/2025 19:00,1316,946.897,206.5,1153.397
2/24/2025 20:00,1317,943.865,176.5,1120.365
2/24/2025 21:00,1318,876.484,166.5,1042.984
2/24/2025 22:00,1319,781.189,156.5,937.689
2/24/2025 23:00,1320,832.062,146.5,978.562
2/25/2025 0:00,1321,970.834,136.5,1107.334
2/25/2025 1:00,1322,880.784,136.5,1017.284
2/25/2025 2:00,1323,840.363,136.5,976.863
2/25/2025 3:00,1324,793.863,136.5,930.363
2/25/2025 4:00,1325,783.79,136.5,920.29
2/25/2025 5:00,1326,736.488,186.5,922.988
2/25/2025 6:00,1327,813.723,206.5,1020.223
2/25/2025 7:00,1328,860.922,233,1093.922
2/25/2025 8:00,1329,913.775,243,1156.775
2/25/2025 9:00,1330,941.669,223,1164.669
2/25/2025 10:00,1331,730.743,223,953.743
2/25/2025 11:00,1332,587.716,223,810.716
2/25/2025 12:00,1333,692.695,213,905.695
2/25/2025 13:00,1334,648.823,213,861.823
2/25/2025 14:00,1335,643.304,223,866.304
2/25/2025 15:00,1336,580.452,223,803.452
2/25/2025 16:00,1337,539.179,259,798.179
2/25/2025 17:00,1338,692.955,246.5,939.455
2/25/2025 18:00,1339,804.455,236.5,1040.955
2/25/2025 19:00,1340,954.016,206.5,1160.516
2/25/2025 20:00,1341,1043.794,176.5,1220.294
2/25/2025 21:00,1342,930.387,166.5,1096.887
2/25/2025 22:00,1343,778.774,156.5,935.274
2/25/2025 23:00,1344,874.646,146.5,1021.146
2/26/2025 0:00,1345,990.521,136.5,1127.021
2/26/2025 1:00,1346,894.785,136.5,1031.285
2/26/2025 2:00,1347,781.405,136.5,917.905
2/26/2025 3:00,1348,784.934,136.5,921.434
2/26/2025 4:00,1349,756.972,136.5,893.472
2/26/2025 5:00,1350,711.113,186.5,897.613
2/26/2025 6:00,1351,852.68,206.5,1059.18
2/26/2025 7:00,1352,918.432,233,1151.432
2/26/2025 8:00,1353,955.328,243,1198.328
2/26/2025 9:00,1354,1039.522,223,1262.522
2/26/2025 10:00,1355,730.728,223,953.728
2/26/2025 11:00,1356,626.367,223,849.367
2/26/2025 12:00,1357,625.108,213,838.108
2/26/2025 13:00,1358,637.493,213,850.493
2/26/2025 14:00,1359,682.684,223,905.684
2/26/2025 15:00,1360,660.35,223,883.35
2/26/2025 16:00,1361,604.244,259,863.244
2/26/2025 17:00,1362,714.027,246.5,960.527
2/26/2025 18:00,1363,882.052,236.5,1118.552
2/26/2025 19:00,1364,1003.104,206.5,1209.604
2/26/2025 20:00,1365,1013.483,176.5,1189.983
2/26/2025 21:00,1366,928.102,166.5,1094.602
2/26/2025 22:00,1367,770.742,156.5,927.242
2/26/2025 23:00,1368,838.285,146.5,984.785
2/27/2025 0:00,1369,999.603,136.5,1136.103
2/27/2025 1:00,1370,931.943,136.5,1068.443
2/27/2025 2:00,1371,924.299,136.5,1060.799
2/27/2025 3:00,1372,838.26,136.5,974.76
2/27/2025 4:00,1373,812.784,136.5,949.284
2/27/2025 5:00,1374,777.169,186.5,963.669
2/27/2025 6:00,1375,930.808,206.5,1137.308
2/27/2025 7:00,1376,1011.175,233,1244.175
2/27/2025 8:00,1377,1126.237,243,1369.237
2/27/2025 9:00,1378,1180.23,223,1403.23
2/27/2025 10:00,1379,824.609,223,1047.609
2/27/2025 11:00,1380,691.666,223,914.666
2/27/2025 12:00,1381,705.642,213,918.642
2/27/2025 13:00,1382,714.424,213,927.424
2/27/2025 14:00,1383,714.624,223,937.624
2/27/2025 15:00,1384,663.719,223,886.719
2/27/2025 16:00,1385,652.144,259,911.144
2/27/2025 17:00,1386,779.597,246.5,1026.097
2/27/2025 18:00,1387,958.325,236.5,1194.825
2/27/2025 19:00,1388,1061.504,206.5,1268.004
2/27/2025 20:00,1389,1061.548,176.5,1238.048
2/27/2025 21:00,1390,1027.913,166.5,1194.413
2/27/2025 22:00,1391,868.203,156.5,1024.703
2/27/2025 23:00,1392,989.591,146.5,1136.091
2/28/2025 0:00,1393,1073.82,136.5,1210.32
2/28/2025 1:00,1394,922.44,136.5,1058.94
2/28/2025 2:00,1395,857.817,136.5,994.317
2/28/2025 3:00,1396,775.194,136.5,911.694
2/28/2025 4:00,1397,729.104,136.5,865.604
2/28/2025 5:00,1398,699.156,186.5,885.656
2/28/2025 6:00,1399,705.332,184,889.332
2/28/2025 7:00,1400,764.754,201,965.754
2/28/2025 8:00,1401,824.282,206.5,1030.782
2/28/2025 9:00,1402,846.269,186.5,1032.769
2/28/2025 10:00,1403,667.579,186.5,854.079
2/28/2025 11:00,1404,526.301,186.5,712.801
2/28/2025 12:00,1405,629.219,178,807.219
2/28/2025 13:00,1406,615.985,178,793.985
2/28/2025 14:00,1407,691.711,216.5,908.211
2/28/2025 15:00,1408,614.122,216.5,830.622
2/28/2025 16:00,1409,618.466,256.5,874.966
2/28/2025 17:00,1410,779.138,246.5,1025.638
2/28/2025 18:00,1411,973.475,236.5,1209.975
2/28/2025 19:00,1412,1022.874,206.5,1229.374
2/28/2025 20:00,1413,1043.377,176.5,1219.877
2/28/2025 21:00,1414,924.777,166.5,1091.277
2/28/2025 22:00,1415,826.008,156.5,982.508
2/28/2025 23:00,1416,875.803,146.5,1022.303
3/1/2025 0:00,1417,1118.322,136.5,1254.822
3/1/2025 1:00,1418,946.926,136.5,1083.426
3/1/2025 2:00,1419,885.571,136.5,1022.071
3/1/2025 3:00,1420,888.216,136.5,1024.716
3/1/2025 4:00,1421,892.814,136.5,1029.314
3/1/2025 5:00,1422,893.241,186.5,1079.741
3/1/2025 6:00,1423,962.556,206.5,1169.056
3/1/2025 7:00,1424,1072.19,226.5,1298.69
3/1/2025 8:00,1425,1159.096,236.5,1395.596
3/1/2025 9:00,1426,1110.306,216.5,1326.806
3/1/2025 10:00,1427,831.369,216.5,1047.869
3/1/2025 11:00,1428,685.283,216.5,901.783
3/1/2025 12:00,1429,717.745,206.5,924.245
3/1/2025 13:00,1430,689.66,206.5,896.16
3/1/2025 14:00,1431,686.051,216.5,902.551
3/1/2025 15:00,1432,653.254,216.5,869.754
3/1/2025 16:00,1433,614.135,256.5,870.635
3/1/2025 17:00,1434,744.344,246.5,990.844
3/1/2025 18:00,1435,947.051,236.5,1183.551
3/1/2025 19:00,1436,1079.835,206.5,1286.335
3/1/2025 20:00,1437,1112.672,176.5,1289.172
3/1/2025 21:00,1438,1015.902,166.5,1182.402
3/1/2025 22:00,1439,846.329,156.5,1002.829
3/1/2025 23:00,1440,939.692,146.5,1086.192
3/2/2025 0:00,1441,926.648,136.5,1063.148
3/2/2025 1:00,1442,896.248,136.5,1032.748
3/2/2025 2:00,1443,851.116,136.5,987.616
3/2/2025 3:00,1444,815.338,136.5,951.838
3/2/2025 4:00,1445,807.425,136.5,943.925
3/2/2025 5:00,1446,720.047,186.5,906.547
3/2/2025 6:00,1447,797.399,206.5,1003.899
3/2/2025 7:00,1448,910.498,233,1143.498
3/2/2025 8:00,1449,968.99,243,1211.99
3/2/2025 9:00,1450,1032.529,223,1255.529
3/2/2025 10:00,1451,752.603,223,975.603
3/2/2025 11:00,1452,634.121,223,857.121
3/2/2025 12:00,1453,695.241,213,908.241
3/2/2025 13:00,1454,715.016,213,928.016
3/2/2025 14:00,1455,680.4,223,903.4
3/2/2025 15:00,1456,582.547,223,805.547
3/2/2025 16:00,1457,571.535,259,830.535
3/2/2025 17:00,1458,727.368,246.5,973.868
3/2/2025 18:00,1459,921.66,236.5,1158.16
3/2/2025 19:00,1460,994.378,206.5,1200.878
3/2/2025 20:00,1461,1030.501,176.5,1207.001
3/2/2025 21:00,1462,978.121,166.5,1144.621
3/2/2025 22:00,1463,866.057,156.5,1022.557
3/2/2025 23:00,1464,887.74,146.5,1034.24
3/3/2025 0:00,1465,1101.325,136.5,1237.825
3/3/2025 1:00,1466,1041.558,136.5,1178.058
3/3/2025 2:00,1467,970.043,136.5,1106.543
3/3/2025 3:00,1468,883.04,136.5,1019.54
3/3/2025 4:00,1469,864.446,136.5,1000.946
3/3/2025 5:00,1470,857.977,186.5,1044.477
3/3/2025 6:00,1471,996.61,206.5,1203.11
3/3/2025 7:00,1472,1079.536,233,1312.536
3/3/2025 8:00,1473,1106.552,243,1349.552
3/3/2025 9:00,1474,1211.949,223,1434.949
3/3/2025 10:00,1475,861.239,223,1084.239
3/3/2025 11:00,1476,696.065,223,919.065
3/3/2025 12:00,1477,747.277,213,960.277
3/3/2025 13:00,1478,796.275,213,1009.275
3/3/2025 14:00,1479,730.808,223,953.808
3/3/2025 15:00,1480,661.253,223,884.253
3/3/2025 16:00,1481,576.605,259,835.605
3/3/2025 17:00,1482,721.94,246.5,968.44
3/3/2025 18:00,1483,896.173,236.5,1132.673
3/3/2025 19:00,1484,1038.855,206.5,1245.355
3/3/2025 20:00,1485,1103.293,176.5,1279.793
3/3/2025 21:00,1486,1016.352,166.5,1182.852
3/3/2025 22:00,1487,899.645,156.5,1056.145
3/3/2025 23:00,1488,961.674,146.5,1108.174
3/4/2025 0:00,1489,1133.382,136.5,1269.882
3/4/2025 1:00,1490,1058.736,136.5,1195.236
3/4/2025 2:00,1491,963.554,136.5,1100.054
3/4/2025 3:00,1492,914.894,136.5,1051.394
3/4/2025 4:00,1493,908.666,136.5,1045.166
3/4/2025 5:00,1494,887.148,186.5,1073.648
3/4/2025 6:00,1495,973.348,206.5,1179.848
3/4/2025 7:00,1496,1090.303,233,1323.303
3/4/2025 8:00,1497,1090.22,243,1333.22
3/4/2025 9:00,1498,1209.973,223,1432.973
3/4/2025 10:00,1499,928.101,223,1151.101
3/4/2025 11:00,1500,759.587,223,982.587
3/4/2025 12:00,1501,796.785,213,1009.785
3/4/2025 13:00,1502,801.509,213,1014.509
3/4/2025 14:00,1503,801.817,223,1024.817
3/4/2025 15:00,1504,732.717,223,955.717
3/4/2025 16:00,1505,684.795,259,943.795
3/4/2025 17:00,1506,828.313,246.5,1074.813
3/4/2025 18:00,1507,998.979,236.5,1235.479
3/4/2025 19:00,1508,1105.19,206.5,1311.69
3/4/2025 20:00,1509,1081.484,176.5,1257.984
3/4/2025 21:00,1510,996.037,166.5,1162.537
3/4/2025 22:00,1511,830.514,156.5,987.014
3/4/2025 23:00,1512,958.878,146.5,1105.378
3/5/2025 0:00,1513,1186.173,136.5,1322.673
3/5/2025 1:00,1514,1130.348,136.5,1266.848
3/5/2025 2:00,1515,981.57,136.5,1118.07
3/5/2025 3:00,1516,961.018,136.5,1097.518
3/5/2025 4:00,1517,954.992,136.5,1091.492
3/5/2025 5:00,1518,897.512,186.5,1084.012
3/5/2025 6:00,1519,1041.943,206.5,1248.443
3/5/2025 7:00,1520,1042.772,233,1275.772
3/5/2025 8:00,1521,1124.196,243,1367.196
3/5/2025 9:00,1522,1140.794,223,1363.794
3/5/2025 10:00,1523,877.638,223,1100.638
3/5/2025 11:00,1524,689.855,223,912.855
3/5/2025 12:00,1525,772.218,213,985.218
3/5/2025 13:00,1526,830.629,213,1043.629
3/5/2025 14:00,1527,784.452,223,1007.452
3/5/2025 15:00,1528,708.705,223,931.705
3/5/2025 16:00,1529,612.74,259,871.74
3/5/2025 17:00,1530,753.04,246.5,999.54
3/5/2025 18:00,1531,953.867,236.5,1190.367
3/5/2025 19:00,1532,1049.522,206.5,1256.022
3/5/2025 20:00,1533,1120.902,176.5,1297.402
3/5/2025 21:00,1534,1049.225,166.5,1215.725
3/5/2025 22:00,1535,889.804,156.5,1046.304
3/5/2025 23:00,1536,962.947,146.5,1109.447
3/6/2025 0:00,1537,1138.025,136.5,1274.525
3/6/2025 1:00,1538,1072.255,136.5,1208.755
3/6/2025 2:00,1539,995.326,136.5,1131.826
3/6/2025 3:00,1540,963.079,136.5,1099.579
3/6/2025 4:00,1541,876.985,136.5,1013.485
3/6/2025 5:00,1542,862.618,186.5,1049.118
3/6/2025 6:00,1543,1016.444,206.5,1222.944
3/6/2025 7:00,1544,1083.51,233,1316.51
3/6/2025 8:00,1545,1154.338,243,1397.338
3/6/2025 9:00,1546,1168.621,223,1391.621
3/6/2025 10:00,1547,896.646,223,1119.646
3/6/2025 11:00,1548,752.598,223,975.598
3/6/2025 12:00,1549,707.935,213,920.935
3/6/2025 13:00,1550,791.059,213,1004.059
3/6/2025 14:00,1551,691.279,223,914.279
3/6/2025 15:00,1552,666.446,223,889.446
3/6/2025 16:00,1553,671.647,259,930.647
3/6/2025 17:00,1554,793.006,246.5,1039.506
3/6/2025 18:00,1555,948.493,236.5,1184.993
3/6/2025 19:00,1556,1059.931,206.5,1266.431
3/6/2025 20:00,1557,1144.687,176.5,1321.187
3/6/2025 21:00,1558,1003.983,166.5,1170.483
3/6/2025 22:00,1559,925.962,156.5,1082.462
3/6/2025 23:00,1560,999.834,146.5,1146.334
3/7/2025 0:00,1561,1070.617,136.5,1207.117
3/7/2025 1:00,1562,988.982,136.5,1125.482
3/7/2025 2:00,1563,915.17,136.5,1051.67
3/7/2025 3:00,1564,919.096,136.5,1055.596
3/7/2025 4:00,1565,903.589,136.5,1040.089
3/7/2025 5:00,1566,821.781,186.5,1008.281
3/7/2025 6:00,1567,846.588,184,1030.588
3/7/2025 7:00,1568,911.248,201,1112.248
3/7/2025 8:00,1569,1020.189,206.5,1226.689
3/7/2025 9:00,1570,1012.312,186.5,1198.812
3/7/2025 10:00,1571,811.088,186.5,997.588
3/7/2025 11:00,1572,656.315,186.5,842.815
3/7/2025 12:00,1573,660.335,178,838.335
3/7/2025 13:00,1574,668.94,178,846.94
3/7/2025 14:00,1575,751.613,216.5,968.113
3/7/2025 15:00,1576,688.052,216.5,904.552
3/7/2025 16:00,1577,662.001,256.5,918.501
3/7/2025 17:00,1578,768.033,246.5,1014.533
3/7/2025 18:00,1579,924.97,236.5,1161.47
3/7/2025 19:00,1580,1083.407,206.5,1289.907
3/7/2025 20:00,1581,1060.266,176.5,1236.766
3/7/2025 21:00,1582,1004.866,166.5,1171.366
3/7/2025 22:00,1583,863.508,156.5,1020.008
3/7/2025 23:00,1584,905.488,146.5,1051.988
3/8/2025 0:00,1585,1072.777,136.5,1209.277
3/8/2025 1:00,1586,988.305,136.5,1124.805
3/8/2025 2:00,1587,932.576,136.5,1069.076
3/8/2025 3:00,1588,830.023,136.5,966.523
3/8/2025 4:00,1589,792.09,136.5,928.59
3/8/2025 5:00,1590,790.276,186.5,976.776
3/8/2025 6:00,1591,897.16,206.5,1103.66
3/8/2025 7:00,1592,1032.004,226.5,1258.504
3/8/2025 8:00,1593,1029.566,236.5,1266.066
3/8/2025 9:00,1594,1067.005,216.5,1283.505
3/8/2025 10:00,1595,783.485,216.5,999.985
3/8/2025 11:00,1596,653.13,216.5,869.63
3/8/2025 12:00,1597,682.068,206.5,888.568
3/8/2025 13:00,1598,703.198,206.5,909.698
3/8/2025 14:00,1599,689.678,216.5,906.178
3/8/2025 15:00,1600,636.598,216.5,853.098
3/8/2025 16:00,1601,609.368,256.5,865.868
3/8/2025 17:00,1602,742.494,246.5,988.994
3/8/2025 18:00,1603,941.326,236.5,1177.826
3/8/2025 19:00,1604,1047.227,206.5,1253.727
3/8/2025 20:00,1605,1092.008,176.5,1268.508
3/8/2025 21:00,1606,998.864,166.5,1165.364
3/8/2025 22:00,1607,841.493,156.5,997.993
3/8/2025 23:00,1608,922.996,146.5,1069.496
3/9/2025 0:00,1609,1118.364,136.5,1254.864
3/9/2025 1:00,1610,970.713,136.5,1107.213
3/9/2025 2:00,1611,940.294,136.5,1076.794
3/9/2025 3:00,1612,832.762,136.5,969.262
3/9/2025 4:00,1613,819.404,136.5,955.904
3/9/2025 5:00,1614,848.036,186.5,1034.536
3/9/2025 6:00,1615,989.659,206.5,1196.159
3/9/2025 7:00,1616,1060.95,233,1293.95
3/9/2025 8:00,1617,1070.865,243,1313.865
3/9/2025 9:00,1618,1119.282,223,1342.282
3/9/2025 10:00,1619,822.803,223,1045.803
3/9/2025 11:00,1620,654.515,223,877.515
3/9/2025 12:00,1621,697.791,213,910.791
3/9/2025 13:00,1622,731.144,213,944.144
3/9/2025 14:00,1623,697.592,223,920.592
3/9/2025 15:00,1624,643.339,223,866.339
3/9/2025 16:00,1625,574.161,259,833.161
3/9/2025 17:00,1626,727.701,246.5,974.201
3/9/2025 18:00,1627,945.539,236.5,1182.039
3/9/2025 19:00,1628,1077.482,206.5,1283.982
3/9/2025 20:00,1629,1119.753,176.5,1296.253
3/9/2025 21:00,1630,1030.485,166.5,1196.985
3/9/2025 22:00,1631,886.131,156.5,1042.631
3/9/2025 23:00,1632,959.808,146.5,1106.308
3/10/2025 0:00,1633,1162.434,136.5,1298.934
3/10/2025 1:00,1634,1051.739,136.5,1188.239
3/10/2025 2:00,1635,1064.991,136.5,1201.491
3/10/2025 3:00,1636,974.011,136.5,1110.511
3/10/2025 4:00,1637,901.84,136.5,1038.34
3/10/2025 5:00,1638,894.513,186.5,1081.013
3/10/2025 6:00,1639,1047.414,206.5,1253.914
3/10/2025 7:00,1640,1072.359,233,1305.359
3/10/2025 8:00,1641,1180.614,243,1423.614
3/10/2025 9:00,1642,1218.107,223,1441.107
3/10/2025 10:00,1643,872.791,223,1095.791
3/10/2025 11:00,1644,763.487,223,986.487
3/10/2025 12:00,1645,820.94,213,1033.94
3/10/2025 13:00,1646,793.362,213,1006.362
3/10/2025 14:00,1647,837.828,223,1060.828
3/10/2025 15:00,1648,790.2,223,1013.2
3/10/2025 16:00,1649,720.697,259,979.697
3/10/2025 17:00,1650,887.416,246.5,1133.916
3/10/2025 18:00,1651,1078.581,236.5,1315.081
3/10/2025 19:00,1652,1191.347,206.5,1397.847
3/10/2025 20:00,1653,1163.614,176.5,1340.114
3/10/2025 21:00,1654,1110.716,166.5,1277.216
3/10/2025 22:00,1655,968.992,156.5,1125.492
3/10/2025 23:00,1656,1034.193,146.5,1180.693
3/11/2025 0:00,1657,1099.833,136.5,1236.333
3/11/2025 1:00,1658,1026.747,136.5,1163.247
3/11/2025 2:00,1659,963.604,136.5,1100.104
3/11/2025 3:00,1660,878.421,136.5,1014.921
3/11/2025 4:00,1661,812.464,136.5,948.964
3/11/2025 5:00,1662,831.25,186.5,1017.75
3/11/2025 6:00,1663,892.421,206.5,1098.921
3/11/2025 7:00,1664,1017.399,233,1250.399
3/11/2025 8:00,1665,1066.049,243,1309.049
3/11/2025 9:00,1666,1188.005,223,1411.005
3/11/2025 10:00,1667,869.974,223,1092.974
3/11/2025 11:00,1668,742.399,223,965.399
3/11/2025 12:00,1669,771.946,213,984.946
3/11/2025 13:00,1670,796.899,213,1009.899
3/11/2025 14:00,1671,802.48,223,1025.48
3/11/2025 15:00,1672,731.076,223,954.076
3/11/2025 16:00,1673,703.655,259,962.655
3/11/2025 17:00,1674,778.828,246.5,1025.328
3/11/2025 18:00,1675,992.155,236.5,1228.655
3/11/2025 19:00,1676,1159.422,206.5,1365.922
3/11/2025 20:00,1677,1183.746,176.5,1360.246
3/11/2025 21:00,1678,1162.227,166.5,1328.727
3/11/2025 22:00,1679,956.668,156.5,1113.168
3/11/2025 23:00,1680,968.525,146.5,1115.025
3/12/2025 0:00,1681,1041.876,136.5,1178.376
3/12/2025 1:00,1682,1001.303,136.5,1137.803
3/12/2025 2:00,1683,956.602,136.5,1093.102
3/12/2025 3:00,1684,908.982,136.5,1045.482
3/12/2025 4:00,1685,831.044,136.5,967.544
3/12/2025 5:00,1686,838.59,186.5,1025.09
3/12/2025 6:00,1687,935.557,206.5,1142.057
3/12/2025 7:00,1688,1067.209,233,1300.209
3/12/2025 8:00,1689,1212.66,243,1455.66
3/12/2025 9:00,1690,1225.508,223,1448.508
3/12/2025 10:00,1691,915.929,223,1138.929
3/12/2025 11:00,1692,734.391,223,957.391
3/12/2025 12:00,1693,724.448,213,937.448
3/12/2025 13:00,1694,743.334,213,956.334
3/12/2025 14:00,1695,715.073,223,938.073
3/12/2025 15:00,1696,650.007,223,873.007
3/12/2025 16:00,1697,667.289,259,926.289
3/12/2025 17:00,1698,773.684,246.5,1020.184
3/12/2025 18:00,1699,979.235,236.5,1215.735
3/12/2025 19:00,1700,1094.956,206.5,1301.456
3/12/2025 20:00,1701,1105.797,176.5,1282.297
3/12/2025 21:00,1702,1080.691,166.5,1247.191
3/12/2025 22:00,1703,942.652,156.5,1099.152
3/12/2025 23:00,1704,1012.794,146.5,1159.294
3/13/2025 0:00,1705,1140.926,136.5,1277.426
3/13/2025 1:00,1706,1034.474,136.5,1170.974
3/13/2025 2:00,1707,925.303,136.5,1061.803
3/13/2025 3:00,1708,838.415,136.5,974.915
3/13/2025 4:00,1709,824.019,136.5,960.519
3/13/2025 5:00,1710,823.01,186.5,1009.51
3/13/2025 6:00,1711,933.769,206.5,1140.269
3/13/2025 7:00,1712,1033.028,233,1266.028
3/13/2025 8:00,1713,1094.526,243,1337.526
3/13/2025 9:00,1714,1065.337,223,1288.337
3/13/2025 10:00,1715,805.867,223,1028.867
3/13/2025 11:00,1716,716.357,223,939.357
3/13/2025 12:00,1717,789.021,213,1002.021
3/13/2025 13:00,1718,779.541,213,992.541
3/13/2025 14:00,1719,786.585,223,1009.585
3/13/2025 15:00,1720,770.392,223,993.392
3/13/2025 16:00,1721,723.436,259,982.436
3/13/2025 17:00,1722,802.533,246.5,1049.033
3/13/2025 18:00,1723,981.063,236.5,1217.563
3/13/2025 19:00,1724,1098.354,206.5,1304.854
3/13/2025 20:00,1725,1147.099,176.5,1323.599
3/13/2025 21:00,1726,1095.239,166.5,1261.739
3/13/2025 22:00,1727,993.991,156.5,1150.491
3/13/2025 23:00,1728,1043.575,146.5,1190.075
3/14/2025 0:00,1729,1201.696,136.5,1338.196
3/14/2025 1:00,1730,1092.617,136.5,1229.117
3/14/2025 2:00,1731,1037.374,136.5,1173.874
3/14/2025 3:00,1732,998.832,136.5,1135.332
3/14/2025 4:00,1733,907.722,136.5,1044.222
3/14/2025 5:00,1734,825.788,186.5,1012.288
3/14/2025 6:00,1735,918.749,184,1102.749
3/14/2025 7:00,1736,996.878,201,1197.878
3/14/2025 8:00,1737,970.264,206.5,1176.764
3/14/2025 9:00,1738,1006.832,186.5,1193.332
3/14/2025 10:00,1739,804.795,186.5,991.295
3/14/2025 11:00,1740,678.779,186.5,865.279
3/14/2025 12:00,1741,714.528,178,892.528
3/14/2025 13:00,1742,779.474,178,957.474
3/14/2025 14:00,1743,848.733,216.5,1065.233
3/14/2025 15:00,1744,775.399,216.5,991.899
3/14/2025 16:00,1745,727.179,256.5,983.679
3/14/2025 17:00,1746,832.538,246.5,1079.038
3/14/2025 18:00,1747,1073.664,236.5,1310.164
3/14/2025 19:00,1748,1251.637,206.5,1458.137
3/14/2025 20:00,1749,1260.288,176.5,1436.788
3/14/2025 21:00,1750,1203.709,166.5,1370.209
3/14/2025 22:00,1751,1055.765,156.5,1212.265
3/14/2025 23:00,1752,1063.179,146.5,1209.679
3/15/2025 0:00,1753,1265.337,136.5,1401.837
3/15/2025 1:00,1754,1167.609,136.5,1304.109
3/15/2025 2:00,1755,1113.815,136.5,1250.315
3/15/2025 3:00,1756,1065.7,136.5,1202.2
3/15/2025 4:00,1757,1001.551,136.5,1138.051
3/15/2025 5:00,1758,942.67,186.5,1129.17
3/15/2025 6:00,1759,1110.032,206.5,1316.532
3/15/2025 7:00,1760,1202.05,226.5,1428.55
3/15/2025 8:00,1761,1258.318,236.5,1494.818
3/15/2025 9:00,1762,1382.079,216.5,1598.579
3/15/2025 10:00,1763,1010.847,216.5,1227.347
3/15/2025 11:00,1764,867.429,216.5,1083.929
3/15/2025 12:00,1765,946.625,206.5,1153.125
3/15/2025 13:00,1766,953.919,206.5,1160.419
3/15/2025 14:00,1767,1003.787,216.5,1220.287
3/15/2025 15:00,1768,890.975,216.5,1107.475
3/15/2025 16:00,1769,812.529,256.5,1069.029
3/15/2025 17:00,1770,860.874,246.5,1107.374
3/15/2025 18:00,1771,1080.019,236.5,1316.519
3/15/2025 19:00,1772,1250.106,206.5,1456.606
3/15/2025 20:00,1773,1307.908,176.5,1484.408
3/15/2025 21:00,1774,1247.111,166.5,1413.611
3/15/2025 22:00,1775,1157.584,156.5,1314.084
3/15/2025 23:00,1776,1181.996,146.5,1328.496
3/16/2025 0:00,1777,1268.686,136.5,1405.186
3/16/2025 1:00,1778,1263.24,136.5,1399.74
3/16/2025 2:00,1779,1154.521,136.5,1291.021
3/16/2025 3:00,1780,1046.747,136.5,1183.247
3/16/2025 4:00,1781,966.816,136.5,1103.316
3/16/2025 5:00,1782,917.034,186.5,1103.534
3/16/2025 6:00,1783,1126.121,206.5,1332.621
3/16/2025 7:00,1784,1191.201,233,1424.201
3/16/2025 8:00,1785,1245.54,243,1488.54
3/16/2025 9:00,1786,1290.707,223,1513.707
3/16/2025 10:00,1787,1016.467,223,1239.467
3/16/2025 11:00,1788,839.132,223,1062.132
3/16/2025 12:00,1789,867.362,213,1080.362
3/16/2025 13:00,1790,916.283,213,1129.283
3/16/2025 14:00,1791,932.085,223,1155.085
3/16/2025 15:00,1792,877.572,223,1100.572
3/16/2025 16:00,1793,777.808,259,1036.808
3/16/2025 17:00,1794,887.13,246.5,1133.63
3/16/2025 18:00,1795,1073.812,236.5,1310.312
3/16/2025 19:00,1796,1216.026,206.5,1422.526
3/16/2025 20:00,1797,1215.594,176.5,1392.094
3/16/2025 21:00,1798,1239.402,166.5,1405.902
3/16/2025 22:00,1799,1141.921,156.5,1298.421
3/16/2025 23:00,1800,1199.532,146.5,1346.032
3/17/2025 0:00,1801,1386.459,136.5,1522.959
3/17/2025 1:00,1802,1353.259,136.5,1489.759
3/17/2025 2:00,1803,1144.325,136.5,1280.825
3/17/2025 3:00,1804,1054.734,136.5,1191.234
3/17/2025 4:00,1805,987.349,136.5,1123.849
3/17/2025 5:00,1806,946.22,186.5,1132.72
3/17/2025 6:00,1807,1085.861,206.5,1292.361
3/17/2025 7:00,1808,1184.918,233,1417.918
3/17/2025 8:00,1809,1201.1,243,1444.1
3/17/2025 9:00,1810,1300.004,223,1523.004
3/17/2025 10:00,1811,1014.276,223,1237.276
3/17/2025 11:00,1812,896.534,223,1119.534
3/17/2025 12:00,1813,971.751,213,1184.751
3/17/2025 13:00,1814,1010.415,213,1223.415
3/17/2025 14:00,1815,972.899,223,1195.899
3/17/2025 15:00,1816,974.766,223,1197.766
3/17/2025 16:00,1817,880.039,259,1139.039
3/17/2025 17:00,1818,879.152,246.5,1125.652
3/17/2025 18:00,1819,1073.838,236.5,1310.338
3/17/2025 19:00,1820,1182.798,206.5,1389.298
3/17/2025 20:00,1821,1255.514,176.5,1432.014
3/17/2025 21:00,1822,1226.258,166.5,1392.758
3/17/2025 22:00,1823,1116.169,156.5,1272.669
3/17/2025 23:00,1824,1256.248,146.5,1402.748
3/18/2025 0:00,1825,1298.109,136.5,1434.609
3/18/2025 1:00,1826,1198.496,136.5,1334.996
3/18/2025 2:00,1827,1065.433,136.5,1201.933
3/18/2025 3:00,1828,981.21,136.5,1117.71
3/18/2025 4:00,1829,946.676,136.5,1083.176
3/18/2025 5:00,1830,935.157,186.5,1121.657
3/18/2025 6:00,1831,1027.236,206.5,1233.736
3/18/2025 7:00,1832,1126.437,233,1359.437
3/18/2025 8:00,1833,1191.926,243,1434.926
3/18/2025 9:00,1834,1243.007,223,1466.007
3/18/2025 10:00,1835,935.66,223,1158.66
3/18/2025 11:00,1836,804.318,223,1027.318
3/18/2025 12:00,1837,871.662,213,1084.662
3/18/2025 13:00,1838,911.214,213,1124.214
3/18/2025 14:00,1839,926.177,223,1149.177
3/18/2025 15:00,1840,893.736,223,1116.736
3/18/2025 16:00,1841,797.998,259,1056.998
3/18/2025 17:00,1842,853.438,246.5,1099.938
3/18/2025 18:00,1843,1087.641,236.5,1324.141
3/18/2025 19:00,1844,1266.33,206.5,1472.83
3/18/2025 20:00,1845,1261.365,176.5,1437.865
3/18/2025 21:00,1846,1242.099,166.5,1408.599
3/18/2025 22:00,1847,1157.187,156.5,1313.687
3/18/2025 23:00,1848,1228.354,146.5,1374.854
3/19/2025 0:00,1849,1411.545,136.5,1548.045
3/19/2025 1:00,1850,1216.051,136.5,1352.551
3/19/2025 2:00,1851,1121.862,136.5,1258.362
3/19/2025 3:00,1852,1060.289,136.5,1196.789
3/19/2025 4:00,1853,1000.224,136.5,1136.724
3/19/2025 5:00,1854,953.62,186.5,1140.12
3/19/2025 6:00,1855,1067.458,206.5,1273.958
3/19/2025 7:00,1856,1179.629,233,1412.629
3/19/2025 8:00,1857,1207.787,243,1450.787
3/19/2025 9:00,1858,1282.587,223,1505.587
3/19/2025 10:00,1859,968.967,223,1191.967
3/19/2025 11:00,1860,817.397,223,1040.397
3/19/2025 12:00,1861,906.849,213,1119.849
3/19/2025 13:00,1862,948.76,213,1161.76
3/19/2025 14:00,1863,962.393,223,1185.393
3/19/2025 15:00,1864,963.825,223,1186.825
3/19/2025 16:00,1865,868.23,259,1127.23
3/19/2025 17:00,1866,939.749,246.5,1186.249
3/19/2025 18:00,1867,1105.433,236.5,1341.933
3/19/2025 19:00,1868,1214.9,206.5,1421.4
3/19/2025 20:00,1869,1332.816,176.5,1509.316
3/19/2025 21:00,1870,1231.135,166.5,1397.635
3/19/2025 22:00,1871,1093.34,156.5,1249.84
3/19/2025 23:00,1872,1154.059,146.5,1300.559
3/20/2025 0:00,1873,1295.362,136.5,1431.862
3/20/2025 1:00,1874,1162.654,136.5,1299.154
3/20/2025 2:00,1875,1092.076,136.5,1228.576
3/20/2025 3:00,1876,1097.329,136.5,1233.829
3/20/2025 4:00,1877,1008.624,136.5,1145.124
3/20/2025 5:00,1878,944.157,186.5,1130.657
3/20/2025 6:00,1879,1168.54,206.5,1375.04
3/20/2025 7:00,1880,1276.336,233,1509.336
3/20/2025 8:00,1881,1287.998,243,1530.998
3/20/2025 9:00,1882,1271.053,223,1494.053
3/20/2025 10:00,1883,977.352,223,1200.352
3/20/2025 11:00,1884,866.927,223,1089.927
3/20/2025 12:00,1885,982.177,213,1195.177
3/20/2025 13:00,1886,966.426,213,1179.426
3/20/2025 14:00,1887,963.124,223,1186.124
3/20/2025 15:00,1888,927.643,223,1150.643
3/20/2025 16:00,1889,774.143,259,1033.143
3/20/2025 17:00,1890,907.729,246.5,1154.229
3/20/2025 18:00,1891,1090.662,236.5,1327.162
3/20/2025 19:00,1892,1289.191,206.5,1495.691
3/20/2025 20:00,1893,1335.833,176.5,1512.333
3/20/2025 21:00,1894,1331.562,166.5,1498.062
3/20/2025 22:00,1895,1224.678,156.5,1381.178
3/20/2025 23:00,1896,1156.054,146.5,1302.554
3/21/2025 0:00,1897,1157.635,136.5,1294.135
3/21/2025 1:00,1898,1093.642,136.5,1230.142
3/21/2025 2:00,1899,1027.619,136.5,1164.119
3/21/2025 3:00,1900,1003.491,136.5,1139.991
3/21/2025 4:00,1901,979.38,136.5,1115.88
3/21/2025 5:00,1902,965.281,186.5,1151.781
3/21/2025 6:00,1903,971.077,184,1155.077
3/21/2025 7:00,1904,978.405,201,1179.405
3/21/2025 8:00,1905,1025.147,206.5,1231.647
3/21/2025 9:00,1906,1104.917,186.5,1291.417
3/21/2025 10:00,1907,820.041,186.5,1006.541
3/21/2025 11:00,1908,734.542,186.5,921.042
3/21/2025 12:00,1909,811.134,178,989.134
3/21/2025 13:00,1910,827.483,178,1005.483
3/21/2025 14:00,1911,841.44,216.5,1057.94
3/21/2025 15:00,1912,778.966,216.5,995.466
3/21/2025 16:00,1913,800.963,256.5,1057.463
3/21/2025 17:00,1914,862.754,246.5,1109.254
3/21/2025 18:00,1915,1024.867,236.5,1261.367
3/21/2025 19:00,1916,1265.284,206.5,1471.784
3/21/2025 20:00,1917,1292.14,176.5,1468.64
3/21/2025 21:00,1918,1282.414,166.5,1448.914
3/21/2025 22:00,1919,1156.977,156.5,1313.477
3/21/2025 23:00,1920,1163.04,146.5,1309.54
3/22/2025 0:00,1921,1254.577,136.5,1391.077
3/22/2025 1:00,1922,1167.107,136.5,1303.607
3/22/2025 2:00,1923,1154.141,136.5,1290.641
3/22/2025 3:00,1924,1090.976,136.5,1227.476
3/22/2025 4:00,1925,955.202,136.5,1091.702
3/22/2025 5:00,1926,945.117,186.5,1131.617
3/22/2025 6:00,1927,1138.923,206.5,1345.423
3/22/2025 7:00,1928,1259.552,226.5,1486.052
3/22/2025 8:00,1929,1255.711,236.5,1492.211
3/22/2025 9:00,1930,1321.874,216.5,1538.374
3/22/2025 10:00,1931,1016.704,216.5,1233.204
3/22/2025 11:00,1932,916.87,216.5,1133.37
3/22/2025 12:00,1933,904.41,206.5,1110.91
3/22/2025 13:00,1934,893.756,206.5,1100.256
3/22/2025 14:00,1935,866.006,216.5,1082.506
3/22/2025 15:00,1936,796.796,216.5,1013.296
3/22/2025 16:00,1937,711.819,256.5,968.319
3/22/2025 17:00,1938,733.939,246.5,980.439
3/22/2025 18:00,1939,974.447,236.5,1210.947
3/22/2025 19:00,1940,1169.475,206.5,1375.975
3/22/2025 20:00,1941,1187.847,176.5,1364.347
3/22/2025 21:00,1942,1220.155,166.5,1386.655
3/22/2025 22:00,1943,1071.45,156.5,1227.95
3/22/2025 23:00,1944,1166.284,146.5,1312.784
3/23/2025 0:00,1945,1210.569,136.5,1347.069
3/23/2025 1:00,1946,1125.143,136.5,1261.643
3/23/2025 2:00,1947,1041.267,136.5,1177.767
3/23/2025 3:00,1948,1018.597,136.5,1155.097
3/23/2025 4:00,1949,946.833,136.5,1083.333
3/23/2025 5:00,1950,922.28,186.5,1108.78
3/23/2025 6:00,1951,1072.189,206.5,1278.689
3/23/2025 7:00,1952,1125.81,233,1358.81
3/23/2025 8:00,1953,1179.668,243,1422.668
3/23/2025 9:00,1954,1308.637,223,1531.637
3/23/2025 10:00,1955,953.447,223,1176.447
3/23/2025 11:00,1956,805.385,223,1028.385
3/23/2025 12:00,1957,881.881,213,1094.881
3/23/2025 13:00,1958,916.373,213,1129.373
3/23/2025 14:00,1959,874.967,223,1097.967
3/23/2025 15:00,1960,733.394,223,956.394
3/23/2025 16:00,1961,704.285,259,963.285
3/23/2025 17:00,1962,734.549,246.5,981.049
3/23/2025 18:00,1963,1013.553,236.5,1250.053
3/23/2025 19:00,1964,1163.715,206.5,1370.215
3/23/2025 20:00,1965,1220.726,176.5,1397.226
3/23/2025 21:00,1966,1110.081,166.5,1276.581
3/23/2025 22:00,1967,943.352,156.5,1099.852
3/23/2025 23:00,1968,1027.999,146.5,1174.499
3/24/2025 0:00,1969,1147.906,136.5,1284.406
3/24/2025 1:00,1970,1046.706,136.5,1183.206
3/24/2025 2:00,1971,992.923,136.5,1129.423
3/24/2025 3:00,1972,1037.297,136.5,1173.797
3/24/2025 4:00,1973,983.616,136.5,1120.116
3/24/2025 5:00,1974,964.549,186.5,1151.049
3/24/2025 6:00,1975,1121.078,206.5,1327.578
3/24/2025 7:00,1976,1230.227,233,1463.227
3/24/2025 8:00,1977,1223.919,243,1466.919
3/24/2025 9:00,1978,1162.096,223,1385.096
3/24/2025 10:00,1979,887.213,223,1110.213
3/24/2025 11:00,1980,781.156,223,1004.156
3/24/2025 12:00,1981,800.231,213,1013.231
3/24/2025 13:00,1982,826.4,213,1039.4
3/24/2025 14:00,1983,800.03,223,1023.03
3/24/2025 15:00,1984,803.486,223,1026.486
3/24/2025 16:00,1985,753.629,259,1012.629
3/24/2025 17:00,1986,858.896,246.5,1105.396
3/24/2025 18:00,1987,1074.754,236.5,1311.254
3/24/2025 19:00,1988,1197.357,206.5,1403.857
3/24/2025 20:00,1989,1210.958,176.5,1387.458
3/24/2025 21:00,1990,1093.848,166.5,1260.348
3/24/2025 22:00,1991,911.11,156.5,1067.61
3/24/2025 23:00,1992,1006.02,146.5,1152.52
3/25/2025 0:00,1993,1154.119,136.5,1290.619
3/25/2025 1:00,1994,1112.239,136.5,1248.739
3/25/2025 2:00,1995,1081.777,136.5,1218.277
3/25/2025 3:00,1996,1053.214,136.5,1189.714
3/25/2025 4:00,1997,938.837,136.5,1075.337
3/25/2025 5:00,1998,895.471,186.5,1081.971
3/25/2025 6:00,1999,1062.791,206.5,1269.291
3/25/2025 7:00,2000,1236.241,233,1469.241
3/25/2025 8:00,2001,1298.734,243,1541.734
3/25/2025 9:00,2002,1341.81,223,1564.81
3/25/2025 10:00,2003,969.549,223,1192.549
3/25/2025 11:00,2004,779.633,223,1002.633
3/25/2025 12:00,2005,855.618,213,1068.618
3/25/2025 13:00,2006,835.375,213,1048.375
3/25/2025 14:00,2007,822.778,223,1045.778
3/25/2025 15:00,2008,772.756,223,995.756
3/25/2025 16:00,2009,762.017,259,1021.017
3/25/2025 17:00,2010,833.179,246.5,1079.679
3/25/2025 18:00,2011,947.883,236.5,1184.383
3/25/2025 19:00,2012,1139.244,206.5,1345.744
3/25/2025 20:00,2013,1144.863,176.5,1321.363
3/25/2025 21:00,2014,1106.506,166.5,1273.006
3/25/2025 22:00,2015,993.492,156.5,1149.992
3/25/2025 23:00,2016,1045.616,146.5,1192.116
3/26/2025 0:00,2017,1189.13,136.5,1325.63
3/26/2025 1:00,2018,1032.533,136.5,1169.033
3/26/2025 2:00,2019,963.803,136.5,1100.303
3/26/2025 3:00,2020,954.349,136.5,1090.849
3/26/2025 4:00,2021,890.423,136.5,1026.923
3/26/2025 5:00,2022,823.779,186.5,1010.279
3/26/2025 6:00,2023,1016.787,206.5,1223.287
3/26/2025 7:00,2024,1144.152,233,1377.152
3/26/2025 8:00,2025,1172.893,243,1415.893
3/26/2025 9:00,2026,1132.16,223,1355.16
3/26/2025 10:00,2027,906.955,223,1129.955
3/26/2025 11:00,2028,731.034,223,954.034
3/26/2025 12:00,2029,814.631,213,1027.631
3/26/2025 13:00,2030,819.857,213,1032.857
3/26/2025 14:00,2031,789.31,223,1012.31
3/26/2025 15:00,2032,745.695,223,968.695
3/26/2025 16:00,2033,694.335,259,953.335
3/26/2025 17:00,2034,767.077,246.5,1013.577
3/26/2025 18:00,2035,1005.65,236.5,1242.15
3/26/2025 19:00,2036,1139.151,206.5,1345.651
3/26/2025 20:00,2037,1211.037,176.5,1387.537
3/26/2025 21:00,2038,1159.404,166.5,1325.904
3/26/2025 22:00,2039,1016.449,156.5,1172.949
3/26/2025 23:00,2040,1036.782,146.5,1183.282
3/27/2025 0:00,2041,1196.967,136.5,1333.467
3/27/2025 1:00,2042,1143.764,136.5,1280.264
3/27/2025 2:00,2043,1070.72,136.5,1207.22
3/27/2025 3:00,2044,952.279,136.5,1088.779
3/27/2025 4:00,2045,926.509,136.5,1063.009
3/27/2025 5:00,2046,902.56,186.5,1089.06
3/27/2025 6:00,2047,1152.796,206.5,1359.296
3/27/2025 7:00,2048,1163.574,233,1396.574
3/27/2025 8:00,2049,1172.289,243,1415.289
3/27/2025 9:00,2050,1310.12,223,1533.12
3/27/2025 10:00,2051,1060.169,223,1283.169
3/27/2025 11:00,2052,876.295,223,1099.295
3/27/2025 12:00,2053,915.551,213,1128.551
3/27/2025 13:00,2054,970.483,213,1183.483
3/27/2025 14:00,2055,877.784,223,1100.784
3/27/2025 15:00,2056,787.516,223,1010.516
3/27/2025 16:00,2057,750.342,259,1009.342
3/27/2025 17:00,2058,905.441,246.5,1151.941
3/27/2025 18:00,2059,1109.199,236.5,1345.699
3/27/2025 19:00,2060,1278.509,206.5,1485.009
3/27/2025 20:00,2061,1354.064,176.5,1530.564
3/27/2025 21:00,2062,1367.875,166.5,1534.375
3/27/2025 22:00,2063,1182.473,156.5,1338.973
3/27/2025 23:00,2064,1212.309,146.5,1358.809
3/28/2025 0:00,2065,1364.955,136.5,1501.455
3/28/2025 1:00,2066,1160.893,136.5,1297.393
3/28/2025 2:00,2067,1121.57,136.5,1258.07
3/28/2025 3:00,2068,1021.13,136.5,1157.63
3/28/2025 4:00,2069,979.459,136.5,1115.959
3/28/2025 5:00,2070,949.728,186.5,1136.228
3/28/2025 6:00,2071,950.362,184,1134.362
3/28/2025 7:00,2072,1006.263,201,1207.263
3/28/2025 8:00,2073,1082.11,206.5,1288.61
3/28/2025 9:00,2074,1175.385,186.5,1361.885
3/28/2025 10:00,2075,900.075,186.5,1086.575
3/28/2025 11:00,2076,783.518,186.5,970.018
3/28/2025 12:00,2077,852.011,178,1030.011
3/28/2025 13:00,2078,838.247,178,1016.247
3/28/2025 14:00,2079,997.577,216.5,1214.077
3/28/2025 15:00,2080,952.209,216.5,1168.709
3/28/2025 16:00,2081,941.376,256.5,1197.876
3/28/2025 17:00,2082,955.068,246.5,1201.568
3/28/2025 18:00,2083,1163.448,236.5,1399.948
3/28/2025 19:00,2084,1359.187,206.5,1565.687
3/28/2025 20:00,2085,1406.074,176.5,1582.574
3/28/2025 21:00,2086,1309.552,166.5,1476.052
3/28/2025 22:00,2087,1185.157,156.5,1341.657
3/28/2025 23:00,2088,1199.678,146.5,1346.178
3/29/2025 0:00,2089,1297.907,136.5,1434.407
3/29/2025 1:00,2090,1181.697,136.5,1318.197
3/29/2025 2:00,2091,1115.408,136.5,1251.908
3/29/2025 3:00,2092,1101.789,136.5,1238.289
3/29/2025 4:00,2093,1016.03,136.5,1152.53
3/29/2025 5:00,2094,931.895,186.5,1118.395
3/29/2025 6:00,2095,1046.882,206.5,1253.382
3/29/2025 7:00,2096,1125.899,226.5,1352.399
3/29/2025 8:00,2097,1163.329,236.5,1399.829
3/29/2025 9:00,2098,1240.69,216.5,1457.19
3/29/2025 10:00,2099,947.044,216.5,1163.544
3/29/2025 11:00,2100,834.107,216.5,1050.607
3/29/2025 12:00,2101,897.278,206.5,1103.778
3/29/2025 13:00,2102,935.677,206.5,1142.177
3/29/2025 14:00,2103,994.754,216.5,1211.254
3/29/2025 15:00,2104,944.897,216.5,1161.397
3/29/2025 16:00,2105,853.141,256.5,1109.641
3/29/2025 17:00,2106,890.603,246.5,1137.103
3/29/2025 18:00,2107,1115.542,236.5,1352.042
3/29/2025 19:00,2108,1306.597,206.5,1513.097
3/29/2025 20:00,2109,1362.919,176.5,1539.419
3/29/2025 21:00,2110,1270.319,166.5,1436.819
3/29/2025 22:00,2111,1185.213,156.5,1341.713
3/29/2025 23:00,2112,1144.631,146.5,1291.131
3/30/2025 0:00,2113,1313.567,136.5,1450.067
3/30/2025 1:00,2114,1250.582,136.5,1387.082
3/30/2025 2:00,2115,1153.516,136.5,1290.016
3/30/2025 3:00,2116,1166.867,136.5,1303.367
3/30/2025 4:00,2117,1055.072,136.5,1191.572
3/30/2025 5:00,2118,1038.133,186.5,1224.633
3/30/2025 6:00,2119,1209.03,206.5,1415.53
3/30/2025 7:00,2120,1288.36,233,1521.36
3/30/2025 8:00,2121,1330.075,243,1573.075
3/30/2025 9:00,2122,1385.675,223,1608.675
3/30/2025 10:00,2123,1108.568,223,1331.568
3/30/2025 11:00,2124,1006.397,223,1229.397
3/30/2025 12:00,2125,1048.708,213,1261.708
3/30/2025 13:00,2126,1090.62,213,1303.62
3/30/2025 14:00,2127,1034.291,223,1257.291
3/30/2025 15:00,2128,987.339,223,1210.339
3/30/2025 16:00,2129,870.551,259,1129.551
3/30/2025 17:00,2130,970.594,246.5,1217.094
3/30/2025 18:00,2131,1284.066,236.5,1520.566
3/30/2025 19:00,2132,1414.597,206.5,1621.097
3/30/2025 20:00,2133,1320.871,176.5,1497.371
3/30/2025 21:00,2134,1277.906,166.5,1444.406
3/30/2025 22:00,2135,1255.645,156.5,1412.145
3/30/2025 23:00,2136,1305.072,146.5,1451.572
3/31/2025 0:00,2137,1401.442,136.5,1537.942
3/31/2025 1:00,2138,1311.859,136.5,1448.359
3/31/2025 2:00,2139,1218.807,136.5,1355.307
3/31/2025 3:00,2140,1185.362,136.5,1321.862
3/31/2025 4:00,2141,1129.503,136.5,1266.003
3/31/2025 5:00,2142,1131.983,186.5,1318.483
3/31/2025 6:00,2143,1293.013,206.5,1499.513
3/31/2025 7:00,2144,1389.265,233,1622.265
3/31/2025 8:00,2145,1386.082,243,1629.082
3/31/2025 9:00,2146,1389.225,223,1612.225
3/31/2025 10:00,2147,1146.119,223,1369.119
3/31/2025 11:00,2148,991.43,223,1214.43
3/31/2025 12:00,2149,1071.608,213,1284.608
3/31/2025 13:00,2150,1083.068,213,1296.068
3/31/2025 14:00,2151,1037.446,223,1260.446
3/31/2025 15:00,2152,966.317,223,1189.317
3/31/2025 16:00,2153,933.045,259,1192.045
3/31/2025 17:00,2154,991.078,246.5,1237.578
3/31/2025 18:00,2155,1140.871,236.5,1377.371
3/31/2025 19:00,2156,1319.191,206.5,1525.691
3/31/2025 20:00,2157,1445.423,176.5,1621.923
3/31/2025 21:00,2158,1368.96,166.5,1535.46
3/31/2025 22:00,2159,1190.61,156.5,1347.11
3/31/2025 23:00,2160,1323.244,146.5,1469.744
4/1/2025 0:00,2161,1316.185,136.5,1452.685
4/1/2025 1:00,2162,1175.528,136.5,1312.028
4/1/2025 2:00,2163,1066.362,136.5,1202.862
4/1/2025 3:00,2164,1046.192,136.5,1182.692
4/1/2025 4:00,2165,957.793,136.5,1094.293
4/1/2025 5:00,2166,970.255,186.5,1156.755
4/1/2025 6:00,2167,1153.741,206.5,1360.241
4/1/2025 7:00,2168,1232.05,233,1465.05
4/1/2025 8:00,2169,1269.007,243,1512.007
4/1/2025 9:00,2170,1297.235,223,1520.235
4/1/2025 10:00,2171,1088.976,223,1311.976
4/1/2025 11:00,2172,949.85,223,1172.85
4/1/2025 12:00,2173,961.148,213,1174.148
4/1/2025 13:00,2174,1034.94,213,1247.94
4/1/2025 14:00,2175,1054.62,223,1277.62
4/1/2025 15:00,2176,994.199,223,1217.199
4/1/2025 16:00,2177,917.528,259,1176.528
4/1/2025 17:00,2178,955.348,246.5,1201.848
4/1/2025 18:00,2179,1220.578,236.5,1457.078
4/1/2025 19:00,2180,1382.477,206.5,1588.977
4/1/2025 20:00,2181,1383.986,176.5,1560.486
4/1/2025 21:00,2182,1331.06,166.5,1497.56
4/1/2025 22:00,2183,1325.035,156.5,1481.535
4/1/2025 23:00,2184,1203.616,146.5,1350.116
4/2/2025 0:00,2185,1232.372,136.5,1368.872
4/2/2025 1:00,2186,1058.336,136.5,1194.836
4/2/2025 2:00,2187,997.377,136.5,1133.877
4/2/2025 3:00,2188,945.256,136.5,1081.756
4/2/2025 4:00,2189,842.57,136.5,979.07
4/2/2025 5:00,2190,862.669,186.5,1049.169
4/2/2025 6:00,2191,1029.975,206.5,1236.475
4/2/2025 7:00,2192,1043.105,233,1276.105
4/2/2025 8:00,2193,1163.671,243,1406.671
4/2/2025 9:00,2194,1285.182,223,1508.182
4/2/2025 10:00,2195,1085.501,223,1308.501
4/2/2025 11:00,2196,978.598,223,1201.598
4/2/2025 12:00,2197,1026.579,213,1239.579
4/2/2025 13:00,2198,1088.212,213,1301.212
4/2/2025 14:00,2199,1111.994,223,1334.994
4/2/2025 15:00,2200,1036.715,223,1259.715
4/2/2025 16:00,2201,886.025,259,1145.025
4/2/2025 17:00,2202,938.856,246.5,1185.356
4/2/2025 18:00,2203,1178.936,236.5,1415.436
4/2/2025 19:00,2204,1261.828,206.5,1468.328
4/2/2025 20:00,2205,1338.379,176.5,1514.879
4/2/2025 21:00,2206,1401.397,166.5,1567.897
4/2/2025 22:00,2207,1296.246,156.5,1452.746
4/2/2025 23:00,2208,1299.208,146.5,1445.708
4/3/2025 0:00,2209,1297.432,136.5,1433.932
4/3/2025 1:00,2210,1150.83,136.5,1287.33
4/3/2025 2:00,2211,1064.616,136.5,1201.116
4/3/2025 3:00,2212,970.782,136.5,1107.282
4/3/2025 4:00,2213,889.971,136.5,1026.471
4/3/2025 5:00,2214,918.329,186.5,1104.829
4/3/2025 6:00,2215,1133.012,206.5,1339.512
4/3/2025 7:00,2216,1151.497,233,1384.497
4/3/2025 8:00,2217,1234.925,243,1477.925
4/3/2025 9:00,2218,1262.285,223,1485.285
4/3/2025 10:00,2219,1033.163,223,1256.163
4/3/2025 11:00,2220,955.078,223,1178.078
4/3/2025 12:00,2221,1046.346,213,1259.346
4/3/2025 13:00,2222,1056.902,213,1269.902
4/3/2025 14:00,2223,1084.914,223,1307.914
4/3/2025 15:00,2224,993.909,223,1216.909
4/3/2025 16:00,2225,911.437,259,1170.437
4/3/2025 17:00,2226,914.268,246.5,1160.768
4/3/2025 18:00,2227,1227.849,236.5,1464.349
4/3/2025 19:00,2228,1393.892,206.5,1600.392
4/3/2025 20:00,2229,1428.65,176.5,1605.15
4/3/2025 21:00,2230,1290.189,166.5,1456.689
4/3/2025 22:00,2231,1181.684,156.5,1338.184
4/3/2025 23:00,2232,1222.374,146.5,1368.874
4/4/2025 0:00,2233,1328.045,136.5,1464.545
4/4/2025 1:00,2234,1122.515,136.5,1259.015
4/4/2025 2:00,2235,1094.845,136.5,1231.345
4/4/2025 3:00,2236,1018.512,136.5,1155.012
4/4/2025 4:00,2237,1011.8,136.5,1148.3
4/4/2025 5:00,2238,971.275,186.5,1157.775
4/4/2025 6:00,2239,1014.158,184,1198.158
4/4/2025 7:00,2240,1130.172,201,1331.172
4/4/2025 8:00,2241,1117.84,206.5,1324.34
4/4/2025 9:00,2242,1123.61,186.5,1310.11
4/4/2025 10:00,2243,928.734,186.5,1115.234
4/4/2025 11:00,2244,896.126,186.5,1082.626
4/4/2025 12:00,2245,912.897,178,1090.897
4/4/2025 13:00,2246,898.335,178,1076.335
4/4/2025 14:00,2247,1104.859,216.5,1321.359
4/4/2025 15:00,2248,1014.306,216.5,1230.806
4/4/2025 16:00,2249,921.779,256.5,1178.279
4/4/2025 17:00,2250,902.186,246.5,1148.686
4/4/2025 18:00,2251,1158.751,236.5,1395.251
4/4/2025 19:00,2252,1381.935,206.5,1588.435
4/4/2025 20:00,2253,1490.577,176.5,1667.077
4/4/2025 21:00,2254,1420.549,166.5,1587.049
4/4/2025 22:00,2255,1429.211,156.5,1585.711
4/4/2025 23:00,2256,1286.731,146.5,1433.231
4/5/2025 0:00,2257,1188.578,136.5,1325.078
4/5/2025 1:00,2258,1140.216,136.5,1276.716
4/5/2025 2:00,2259,1044.423,136.5,1180.923
4/5/2025 3:00,2260,961.319,136.5,1097.819
4/5/2025 4:00,2261,901.365,136.5,1037.865
4/5/2025 5:00,2262,919.524,186.5,1106.024
4/5/2025 6:00,2263,1128.72,206.5,1335.22
4/5/2025 7:00,2264,1150.118,226.5,1376.618
4/5/2025 8:00,2265,1182.216,236.5,1418.716
4/5/2025 9:00,2266,1210.254,216.5,1426.754
4/5/2025 10:00,2267,954.328,216.5,1170.828
4/5/2025 11:00,2268,893.34,216.5,1109.84
4/5/2025 12:00,2269,968.88,206.5,1175.38
4/5/2025 13:00,2270,1041.144,206.5,1247.644
4/5/2025 14:00,2271,1063.651,216.5,1280.151
4/5/2025 15:00,2272,954.201,216.5,1170.701
4/5/2025 16:00,2273,847.902,256.5,1104.402
4/5/2025 17:00,2274,894.894,246.5,1141.394
4/5/2025 18:00,2275,1103.101,236.5,1339.601
4/5/2025 19:00,2276,1308.255,206.5,1514.755
4/5/2025 20:00,2277,1335.254,176.5,1511.754
4/5/2025 21:00,2278,1264.532,166.5,1431.032
4/5/2025 22:00,2279,1174.03,156.5,1330.53
4/5/2025 23:00,2280,1219.37,146.5,1365.87
4/6/2025 0:00,2281,1235.422,136.5,1371.922
4/6/2025 1:00,2282,1175.706,136.5,1312.206
4/6/2025 2:00,2283,1044.856,136.5,1181.356
4/6/2025 3:00,2284,993.101,136.5,1129.601
4/6/2025 4:00,2285,1001.757,136.5,1138.257
4/6/2025 5:00,2286,910.897,186.5,1097.397
4/6/2025 6:00,2287,1005.587,206.5,1212.087
4/6/2025 7:00,2288,1152.398,233,1385.398
4/6/2025 8:00,2289,1155.1,243,1398.1
4/6/2025 9:00,2290,1210.027,223,1433.027
4/6/2025 10:00,2291,975.411,223,1198.411
4/6/2025 11:00,2292,923.475,223,1146.475
4/6/2025 12:00,2293,963.11,213,1176.11
4/6/2025 13:00,2294,999.871,213,1212.871
4/6/2025 14:00,2295,1020.975,223,1243.975
4/6/2025 15:00,2296,914.817,223,1137.817
4/6/2025 16:00,2297,820.847,259,1079.847
4/6/2025 17:00,2298,857.387,246.5,1103.887
4/6/2025 18:00,2299,1039.349,236.5,1275.849
4/6/2025 19:00,2300,1228.523,206.5,1435.023
4/6/2025 20:00,2301,1302.46,176.5,1478.96
4/6/2025 21:00,2302,1275.472,166.5,1441.972
4/6/2025 22:00,2303,1213.354,156.5,1369.854
4/6/2025 23:00,2304,1191.269,146.5,1337.769
4/7/2025 0:00,2305,1160.024,136.5,1296.524
4/7/2025 1:00,2306,1089.721,136.5,1226.221
4/7/2025 2:00,2307,1052.961,136.5,1189.461
4/7/2025 3:00,2308,964.836,136.5,1101.336
4/7/2025 4:00,2309,919.487,136.5,1055.987
4/7/2025 5:00,2310,878.447,186.5,1064.947
4/7/2025 6:00,2311,1054.84,206.5,1261.34
4/7/2025 7:00,2312,1186.342,233,1419.342
4/7/2025 8:00,2313,1221.647,243,1464.647
4/7/2025 9:00,2314,1169.378,223,1392.378
4/7/2025 10:00,2315,979.009,223,1202.009
4/7/2025 11:00,2316,941.592,223,1164.592
4/7/2025 12:00,2317,986.123,213,1199.123
4/7/2025 13:00,2318,1041.742,213,1254.742
4/7/2025 14:00,2319,991.523,223,1214.523
4/7/2025 15:00,2320,871.837,223,1094.837
4/7/2025 16:00,2321,814.191,259,1073.191
4/7/2025 17:00,2322,808.572,246.5,1055.072
4/7/2025 18:00,2323,1042.318,236.5,1278.818
4/7/2025 19:00,2324,1290.627,206.5,1497.127
4/7/2025 20:00,2325,1239.463,176.5,1415.963
4/7/2025 21:00,2326,1184.785,166.5,1351.285
4/7/2025 22:00,2327,1108.682,156.5,1265.182
4/7/2025 23:00,2328,1116.676,146.5,1263.176
4/8/2025 0:00,2329,1119.603,136.5,1256.103
4/8/2025 1:00,2330,1082.684,136.5,1219.184
4/8/2025 2:00,2331,1025.039,136.5,1161.539
4/8/2025 3:00,2332,970.453,136.5,1106.953
4/8/2025 4:00,2333,905.907,136.5,1042.407
4/8/2025 5:00,2334,882.394,186.5,1068.894
4/8/2025 6:00,2335,1004.828,206.5,1211.328
4/8/2025 7:00,2336,1118.758,233,1351.758
4/8/2025 8:00,2337,1107.393,243,1350.393
4/8/2025 9:00,2338,1198.407,223,1421.407
4/8/2025 10:00,2339,1006.346,223,1229.346
4/8/2025 11:00,2340,907.216,223,1130.216
4/8/2025 12:00,2341,951.733,213,1164.733
4/8/2025 13:00,2342,985.64,213,1198.64
4/8/2025 14:00,2343,870.636,223,1093.636
4/8/2025 15:00,2344,850.044,223,1073.044
4/8/2025 16:00,2345,785.58,259,1044.58
4/8/2025 17:00,2346,849.878,246.5,1096.378
4/8/2025 18:00,2347,1101.041,236.5,1337.541
4/8/2025 19:00,2348,1259.138,206.5,1465.638
4/8/2025 20:00,2349,1240.772,176.5,1417.272
4/8/2025 21:00,2350,1213.911,166.5,1380.411
4/8/2025 22:00,2351,1140.584,156.5,1297.084
4/8/2025 23:00,2352,1130.752,146.5,1277.252
4/9/2025 0:00,2353,1276.901,136.5,1413.401
4/9/2025 1:00,2354,1197.669,136.5,1334.169
4/9/2025 2:00,2355,1055.715,136.5,1192.215
4/9/2025 3:00,2356,1012.483,136.5,1148.983
4/9/2025 4:00,2357,998.012,136.5,1134.512
4/9/2025 5:00,2358,903.554,186.5,1090.054
4/9/2025 6:00,2359,1095.604,206.5,1302.104
4/9/2025 7:00,2360,1161.291,233,1394.291
4/9/2025 8:00,2361,1204.279,243,1447.279
4/9/2025 9:00,2362,1227.563,223,1450.563
4/9/2025 10:00,2363,1013.407,223,1236.407
4/9/2025 11:00,2364,1006.503,223,1229.503
4/9/2025 12:00,2365,1014.185,213,1227.185
4/9/2025 13:00,2366,1007.517,213,1220.517
4/9/2025 14:00,2367,973.181,223,1196.181
4/9/2025 15:00,2368,995.195,223,1218.195
4/9/2025 16:00,2369,891.381,259,1150.381
4/9/2025 17:00,2370,945.01,246.5,1191.51
4/9/2025 18:00,2371,1165.689,236.5,1402.189
4/9/2025 19:00,2372,1309.485,206.5,1515.985
4/9/2025 20:00,2373,1355.757,176.5,1532.257
4/9/2025 21:00,2374,1443.997,166.5,1610.497
4/9/2025 22:00,2375,1375.464,156.5,1531.964
4/9/2025 23:00,2376,1270.886,146.5,1417.386
4/10/2025 0:00,2377,1297.542,136.5,1434.042
4/10/2025 1:00,2378,1130.346,136.5,1266.846
4/10/2025 2:00,2379,986.097,136.5,1122.597
4/10/2025 3:00,2380,992.376,136.5,1128.876
4/10/2025 4:00,2381,973.036,136.5,1109.536
4/10/2025 5:00,2382,968.77,186.5,1155.27
4/10/2025 6:00,2383,1108.345,206.5,1314.845
4/10/2025 7:00,2384,1173.298,233,1406.298
4/10/2025 8:00,2385,1245.467,243,1488.467
4/10/2025 9:00,2386,1295.092,223,1518.092
4/10/2025 10:00,2387,1034.858,223,1257.858
4/10/2025 11:00,2388,902.176,223,1125.176
4/10/2025 12:00,2389,996.251,213,1209.251
4/10/2025 13:00,2390,1075.81,213,1288.81
4/10/2025 14:00,2391,1016.478,223,1239.478
4/10/2025 15:00,2392,977.584,223,1200.584
4/10/2025 16:00,2393,899.66,259,1158.66
4/10/2025 17:00,2394,952.839,246.5,1199.339
4/10/2025 18:00,2395,1209.535,236.5,1446.035
4/10/2025 19:00,2396,1341.609,206.5,1548.109
4/10/2025 20:00,2397,1306.045,176.5,1482.545
4/10/2025 21:00,2398,1282.85,166.5,1449.35
4/10/2025 22:00,2399,1274.859,156.5,1431.359
4/10/2025 23:00,2400,1217.251,146.5,1363.751
4/11/2025 0:00,2401,1174.241,136.5,1310.741
4/11/2025 1:00,2402,1016.502,136.5,1153.002
4/11/2025 2:00,2403,1030.458,136.5,1166.958
4/11/2025 3:00,2404,999.397,136.5,1135.897
4/11/2025 4:00,2405,955.324,136.5,1091.824
4/11/2025 5:00,2406,945.238,186.5,1131.738
4/11/2025 6:00,2407,982.675,184,1166.675
4/11/2025 7:00,2408,1032.813,201,1233.813
4/11/2025 8:00,2409,1059.196,206.5,1265.696
4/11/2025 9:00,2410,1083.371,186.5,1269.871
4/11/2025 10:00,2411,966.989,186.5,1153.489
4/11/2025 11:00,2412,873.76,186.5,1060.26
4/11/2025 12:00,2413,894.989,178,1072.989
4/11/2025 13:00,2414,924.621,178,1102.621
4/11/2025 14:00,2415,1016.177,216.5,1232.677
4/11/2025 15:00,2416,1004.092,216.5,1220.592
4/11/2025 16:00,2417,880.57,256.5,1137.07
4/11/2025 17:00,2418,949.779,246.5,1196.279
4/11/2025 18:00,2419,1236.326,236.5,1472.826
4/11/2025 19:00,2420,1411.506,206.5,1618.006
4/11/2025 20:00,2421,1427.028,176.5,1603.528
4/11/2025 21:00,2422,1370.664,166.5,1537.164
4/11/2025 22:00,2423,1265.05,156.5,1421.55
4/11/2025 23:00,2424,1166.377,146.5,1312.877
4/12/2025 0:00,2425,1286.809,136.5,1423.309
4/12/2025 1:00,2426,1237.432,136.5,1373.932
4/12/2025 2:00,2427,1127.139,136.5,1263.639
4/12/2025 3:00,2428,1035.029,136.5,1171.529
4/12/2025 4:00,2429,967.221,136.5,1103.721
4/12/2025 5:00,2430,991.574,186.5,1178.074
4/12/2025 6:00,2431,1193.837,206.5,1400.337
4/12/2025 7:00,2432,1298.075,226.5,1524.575
4/12/2025 8:00,2433,1315.534,236.5,1552.034
4/12/2025 9:00,2434,1363.487,216.5,1579.987
4/12/2025 10:00,2435,1076.434,216.5,1292.934
4/12/2025 11:00,2436,979.99,216.5,1196.49
4/12/2025 12:00,2437,1089.081,206.5,1295.581
4/12/2025 13:00,2438,1140.228,206.5,1346.728
4/12/2025 14:00,2439,1074.721,216.5,1291.221
4/12/2025 15:00,2440,974.209,216.5,1190.709
4/12/2025 16:00,2441,905.848,256.5,1162.348
4/12/2025 17:00,2442,1025.696,246.5,1272.196
4/12/2025 18:00,2443,1188.038,236.5,1424.538
4/12/2025 19:00,2444,1399.218,206.5,1605.718
4/12/2025 20:00,2445,1375.509,176.5,1552.009
4/12/2025 21:00,2446,1335.86,166.5,1502.36
4/12/2025 22:00,2447,1256.239,156.5,1412.739
4/12/2025 23:00,2448,1235.467,146.5,1381.967
4/13/2025 0:00,2449,1163.381,136.5,1299.881
4/13/2025 1:00,2450,1074.951,136.5,1211.451
4/13/2025 2:00,2451,987.029,136.5,1123.529
4/13/2025 3:00,2452,901.71,136.5,1038.21
4/13/2025 4:00,2453,899.346,136.5,1035.846
4/13/2025 5:00,2454,903.757,186.5,1090.257
4/13/2025 6:00,2455,1097.531,206.5,1304.031
4/13/2025 7:00,2456,1102.902,233,1335.902
4/13/2025 8:00,2457,1171.952,243,1414.952
4/13/2025 9:00,2458,1250.864,223,1473.864
4/13/2025 10:00,2459,972.629,223,1195.629
4/13/2025 11:00,2460,898.257,223,1121.257
4/13/2025 12:00,2461,964.526,213,1177.526
4/13/2025 13:00,2462,1061.453,213,1274.453
4/13/2025 14:00,2463,1097.652,223,1320.652
4/13/2025 15:00,2464,929.167,223,1152.167
4/13/2025 16:00,2465,929.242,259,1188.242
4/13/2025 17:00,2466,923.352,246.5,1169.852
4/13/2025 18:00,2467,1182.568,236.5,1419.068
4/13/2025 19:00,2468,1378.603,206.5,1585.103
4/13/2025 20:00,2469,1337.111,176.5,1513.611
4/13/2025 21:00,2470,1316.845,166.5,1483.345
4/13/2025 22:00,2471,1212.084,156.5,1368.584
4/13/2025 23:00,2472,1207.226,146.5,1353.726
4/14/2025 0:00,2473,1275.074,136.5,1411.574
4/14/2025 1:00,2474,1195.274,136.5,1331.774
4/14/2025 2:00,2475,1089.035,136.5,1225.535
4/14/2025 3:00,2476,1013.751,136.5,1150.251
4/14/2025 4:00,2477,987.223,136.5,1123.723
4/14/2025 5:00,2478,966.369,186.5,1152.869
4/14/2025 6:00,2479,1153.373,206.5,1359.873
4/14/2025 7:00,2480,1190.897,233,1423.897
4/14/2025 8:00,2481,1188.949,243,1431.949
4/14/2025 9:00,2482,1227.312,223,1450.312
4/14/2025 10:00,2483,987.428,223,1210.428
4/14/2025 11:00,2484,941.922,223,1164.922
4/14/2025 12:00,2485,1041.468,213,1254.468
4/14/2025 13:00,2486,1050.175,213,1263.175
4/14/2025 14:00,2487,1085.779,223,1308.779
4/14/2025 15:00,2488,1036.763,223,1259.763
4/14/2025 16:00,2489,932.614,259,1191.614
4/14/2025 17:00,2490,948.416,246.5,1194.916
4/14/2025 18:00,2491,1243.857,236.5,1480.357
4/14/2025 19:00,2492,1391.04,206.5,1597.54
4/14/2025 20:00,2493,1410.402,176.5,1586.902
4/14/2025 21:00,2494,1336.783,166.5,1503.283
4/14/2025 22:00,2495,1198.799,156.5,1355.299
4/14/2025 23:00,2496,1136.027,146.5,1282.527
4/15/2025 0:00,2497,1107.714,136.5,1244.214
4/15/2025 1:00,2498,989.362,136.5,1125.862
4/15/2025 2:00,2499,1026.999,136.5,1163.499
4/15/2025 3:00,2500,912.027,136.5,1048.527
4/15/2025 4:00,2501,822.719,136.5,959.219
4/15/2025 5:00,2502,824.086,186.5,1010.586
4/15/2025 6:00,2503,1033.604,206.5,1240.104
4/15/2025 7:00,2504,1095.912,233,1328.912
4/15/2025 8:00,2505,1147.457,243,1390.457
4/15/2025 9:00,2506,1103.85,223,1326.85
4/15/2025 10:00,2507,880.497,223,1103.497
4/15/2025 11:00,2508,779.316,223,1002.316
4/15/2025 12:00,2509,799.904,213,1012.904
4/15/2025 13:00,2510,865.659,213,1078.659
4/15/2025 14:00,2511,804.773,223,1027.773
4/15/2025 15:00,2512,748.102,223,971.102
4/15/2025 16:00,2513,702.575,259,961.575
4/15/2025 17:00,2514,772.559,246.5,1019.059
4/15/2025 18:00,2515,1022.234,236.5,1258.734
4/15/2025 19:00,2516,1205.784,206.5,1412.284
4/15/2025 20:00,2517,1275.573,176.5,1452.073
4/15/2025 21:00,2518,1246.982,166.5,1413.482
4/15/2025 22:00,2519,1168.165,156.5,1324.665
4/15/2025 23:00,2520,1127.85,146.5,1274.35
4/16/2025 0:00,2521,1206.566,136.5,1343.066
4/16/2025 1:00,2522,1103.283,136.5,1239.783
4/16/2025 2:00,2523,1013.702,136.5,1150.202
4/16/2025 3:00,2524,938.636,136.5,1075.136
4/16/2025 4:00,2525,876.993,136.5,1013.493
4/16/2025 5:00,2526,831.458,186.5,1017.958
4/16/2025 6:00,2527,1016.917,206.5,1223.417
4/16/2025 7:00,2528,1096.089,233,1329.089
4/16/2025 8:00,2529,1116.566,243,1359.566
4/16/2025 9:00,2530,1148.941,223,1371.941
4/16/2025 10:00,2531,899.744,223,1122.744
4/16/2025 11:00,2532,867.736,223,1090.736
4/16/2025 12:00,2533,933,213,1146
4/16/2025 13:00,2534,929.942,213,1142.942
4/16/2025 14:00,2535,958.427,223,1181.427
4/16/2025 15:00,2536,872.248,223,1095.248
4/16/2025 16:00,2537,761.223,259,1020.223
4/16/2025 17:00,2538,882.663,246.5,1129.163
4/16/2025 18:00,2539,1082.458,236.5,1318.958
4/16/2025 19:00,2540,1234.725,206.5,1441.225
4/16/2025 20:00,2541,1277.001,176.5,1453.501
4/16/2025 21:00,2542,1283.201,166.5,1449.701
4/16/2025 22:00,2543,1164.905,156.5,1321.405
4/16/2025 23:00,2544,1098.506,146.5,1245.006
4/17/2025 0:00,2545,1083.698,136.5,1220.198
4/17/2025 1:00,2546,972.193,136.5,1108.693
4/17/2025 2:00,2547,965.589,136.5,1102.089
4/17/2025 3:00,2548,896.103,136.5,1032.603
4/17/2025 4:00,2549,776.308,136.5,912.808
4/17/2025 5:00,2550,778.763,186.5,965.263
4/17/2025 6:00,2551,998.679,206.5,1205.179
4/17/2025 7:00,2552,1114.862,233,1347.862
4/17/2025 8:00,2553,1192.385,243,1435.385
4/17/2025 9:00,2554,1149.687,223,1372.687
4/17/2025 10:00,2555,937.502,223,1160.502
4/17/2025 11:00,2556,801.167,223,1024.167
4/17/2025 12:00,2557,861.029,213,1074.029
4/17/2025 13:00,2558,840.822,213,1053.822
4/17/2025 14:00,2559,822.366,223,1045.366
4/17/2025 15:00,2560,762.083,223,985.083
4/17/2025 16:00,2561,739.279,259,998.279
4/17/2025 17:00,2562,844.582,246.5,1091.082
4/17/2025 18:00,2563,1055.378,236.5,1291.878
4/17/2025 19:00,2564,1141.793,206.5,1348.293
4/17/2025 20:00,2565,1167.974,176.5,1344.474
4/17/2025 21:00,2566,1102.007,166.5,1268.507
4/17/2025 22:00,2567,1044.414,156.5,1200.914
4/17/2025 23:00,2568,1078.387,146.5,1224.887
4/18/2025 0:00,2569,1159.313,136.5,1295.813
4/18/2025 1:00,2570,1010.43,136.5,1146.93
4/18/2025 2:00,2571,851.513,136.5,988.013
4/18/2025 3:00,2572,784.366,136.5,920.866
4/18/2025 4:00,2573,818.234,136.5,954.734
4/18/2025 5:00,2574,788.203,186.5,974.703
4/18/2025 6:00,2575,809.509,184,993.509
4/18/2025 7:00,2576,950.969,201,1151.969
4/18/2025 8:00,2577,1024.132,206.5,1230.632
4/18/2025 9:00,2578,1044.691,186.5,1231.191
4/18/2025 10:00,2579,816.067,186.5,1002.567
4/18/2025 11:00,2580,721.513,186.5,908.013
4/18/2025 12:00,2581,774.296,178,952.296
4/18/2025 13:00,2582,836.685,178,1014.685
4/18/2025 14:00,2583,950.708,216.5,1167.208
4/18/2025 15:00,2584,893.575,216.5,1110.075
4/18/2025 16:00,2585,838.345,256.5,1094.845
4/18/2025 17:00,2586,865.855,246.5,1112.355
4/18/2025 18:00,2587,1124.605,236.5,1361.105
4/18/2025 19:00,2588,1254.8,206.5,1461.3
4/18/2025 20:00,2589,1169.359,176.5,1345.859
4/18/2025 21:00,2590,1069.43,166.5,1235.93
4/18/2025 22:00,2591,976.074,156.5,1132.574
4/18/2025 23:00,2592,997.034,146.5,1143.534
4/19/2025 0:00,2593,1100.911,136.5,1237.411
4/19/2025 1:00,2594,1022.317,136.5,1158.817
4/19/2025 2:00,2595,1016.334,136.5,1152.834
4/19/2025 3:00,2596,903.001,136.5,1039.501
4/19/2025 4:00,2597,857.861,136.5,994.361
4/19/2025 5:00,2598,845.08,186.5,1031.58
4/19/2025 6:00,2599,973.843,206.5,1180.343
4/19/2025 7:00,2600,1072.835,226.5,1299.335
4/19/2025 8:00,2601,1060.797,236.5,1297.297
4/19/2025 9:00,2602,1175.912,216.5,1392.412
4/19/2025 10:00,2603,911.062,216.5,1127.562
4/19/2025 11:00,2604,874.68,216.5,1091.18
4/19/2025 12:00,2605,907.149,206.5,1113.649
4/19/2025 13:00,2606,951.186,206.5,1157.686
4/19/2025 14:00,2607,915.034,216.5,1131.534
4/19/2025 15:00,2608,844.775,216.5,1061.275
4/19/2025 16:00,2609,754.706,256.5,1011.206
4/19/2025 17:00,2610,858.346,246.5,1104.846
4/19/2025 18:00,2611,1100.778,236.5,1337.278
4/19/2025 19:00,2612,1213.597,206.5,1420.097
4/19/2025 20:00,2613,1237.891,176.5,1414.391
4/19/2025 21:00,2614,1158.54,166.5,1325.04
4/19/2025 22:00,2615,1126.488,156.5,1282.988
4/19/2025 23:00,2616,1101.662,146.5,1248.162
4/20/2025 0:00,2617,1077.471,136.5,1213.971
4/20/2025 1:00,2618,952.343,136.5,1088.843
4/20/2025 2:00,2619,880.381,136.5,1016.881
4/20/2025 3:00,2620,787.665,136.5,924.165
4/20/2025 4:00,2621,742.492,136.5,878.992
4/20/2025 5:00,2622,731.156,186.5,917.656
4/20/2025 6:00,2623,923.028,206.5,1129.528
4/20/2025 7:00,2624,988.514,233,1221.514
4/20/2025 8:00,2625,1064.786,243,1307.786
4/20/2025 9:00,2626,1105.446,223,1328.446
4/20/2025 10:00,2627,906.819,223,1129.819
4/20/2025 11:00,2628,773.706,223,996.706
4/20/2025 12:00,2629,876.628,213,1089.628
4/20/2025 13:00,2630,846.473,213,1059.473
4/20/2025 14:00,2631,793.392,223,1016.392
4/20/2025 15:00,2632,705.749,223,928.749
4/20/2025 16:00,2633,720.196,259,979.196
4/20/2025 17:00,2634,816.659,246.5,1063.159
4/20/2025 18:00,2635,986.345,236.5,1222.845
4/20/2025 19:00,2636,1163.732,206.5,1370.232
4/20/2025 20:00,2637,1184.973,176.5,1361.473
4/20/2025 21:00,2638,1172.933,166.5,1339.433
4/20/2025 22:00,2639,961.465,156.5,1117.965
4/20/2025 23:00,2640,951.853,146.5,1098.353
4/21/2025 0:00,2641,1128.073,136.5,1264.573
4/21/2025 1:00,2642,969.944,136.5,1106.444
4/21/2025 2:00,2643,963.524,136.5,1100.024
4/21/2025 3:00,2644,908.481,136.5,1044.981
4/21/2025 4:00,2645,887.431,136.5,1023.931
4/21/2025 5:00,2646,929.573,186.5,1116.073
4/21/2025 6:00,2647,1052.411,206.5,1258.911
4/21/2025 7:00,2648,1104.246,233,1337.246
4/21/2025 8:00,2649,1149.722,243,1392.722
4/21/2025 9:00,2650,1232.91,223,1455.91
4/21/2025 10:00,2651,954.032,223,1177.032
4/21/2025 11:00,2652,832.647,223,1055.647
4/21/2025 12:00,2653,929.951,213,1142.951
4/21/2025 13:00,2654,958.013,213,1171.013
4/21/2025 14:00,2655,867.943,223,1090.943
4/21/2025 15:00,2656,791.667,223,1014.667
4/21/2025 16:00,2657,797.589,259,1056.589
4/21/2025 17:00,2658,895.924,246.5,1142.424
4/21/2025 18:00,2659,1080.479,236.5,1316.979
4/21/2025 19:00,2660,1234.597,206.5,1441.097
4/21/2025 20:00,2661,1265.728,176.5,1442.228
4/21/2025 21:00,2662,1242.512,166.5,1409.012
4/21/2025 22:00,2663,1064.656,156.5,1221.156
4/21/2025 23:00,2664,1045.5,146.5,1192
4/22/2025 0:00,2665,1131.921,136.5,1268.421
4/22/2025 1:00,2666,1036.985,136.5,1173.485
4/22/2025 2:00,2667,987.061,136.5,1123.561
4/22/2025 3:00,2668,894.136,136.5,1030.636
4/22/2025 4:00,2669,869.029,136.5,1005.529
4/22/2025 5:00,2670,881.061,186.5,1067.561
4/22/2025 6:00,2671,1049.673,206.5,1256.173
4/22/2025 7:00,2672,1124.486,233,1357.486
4/22/2025 8:00,2673,1154.577,243,1397.577
4/22/2025 9:00,2674,1162.674,223,1385.674
4/22/2025 10:00,2675,938.424,223,1161.424
4/22/2025 11:00,2676,887.049,223,1110.049
4/22/2025 12:00,2677,929.623,213,1142.623
4/22/2025 13:00,2678,919.107,213,1132.107
4/22/2025 14:00,2679,899.156,223,1122.156
4/22/2025 15:00,2680,856.181,223,1079.181
4/22/2025 16:00,2681,780.001,259,1039.001
4/22/2025 17:00,2682,884.132,246.5,1130.632
4/22/2025 18:00,2683,1122.186,236.5,1358.686
4/22/2025 19:00,2684,1309.232,206.5,1515.732
4/22/2025 20:00,2685,1372.721,176.5,1549.221
4/22/2025 21:00,2686,1319.567,166.5,1486.067
4/22/2025 22:00,2687,1129.636,156.5,1286.136
4/22/2025 23:00,2688,1083.565,146.5,1230.065
4/23/2025 0:00,2689,1130.071,136.5,1266.571
4/23/2025 1:00,2690,1019.576,136.5,1156.076
4/23/2025 2:00,2691,918.232,136.5,1054.732
4/23/2025 3:00,2692,875.378,136.5,1011.878
4/23/2025 4:00,2693,829.799,136.5,966.299
4/23/2025 5:00,2694,799.87,186.5,986.37
4/23/2025 6:00,2695,960.19,206.5,1166.69
4/23/2025 7:00,2696,1097.95,233,1330.95
4/23/2025 8:00,2697,1142.429,243,1385.429
4/23/2025 9:00,2698,1281.762,223,1504.762
4/23/2025 10:00,2699,1004.78,223,1227.78
4/23/2025 11:00,2700,878.119,223,1101.119
4/23/2025 12:00,2701,928.799,213,1141.799
4/23/2025 13:00,2702,956.554,213,1169.554
4/23/2025 14:00,2703,953.157,223,1176.157
4/23/2025 15:00,2704,944.762,223,1167.762
4/23/2025 16:00,2705,813.1,259,1072.1
4/23/2025 17:00,2706,902.475,246.5,1148.975
4/23/2025 18:00,2707,1115.831,236.5,1352.331
4/23/2025 19:00,2708,1198.263,206.5,1404.763
4/23/2025 20:00,2709,1275.024,176.5,1451.524
4/23/2025 21:00,2710,1276.133,166.5,1442.633
4/23/2025 22:00,2711,1118.901,156.5,1275.401
4/23/2025 23:00,2712,1106.115,146.5,1252.615
4/24/2025 0:00,2713,1067.588,136.5,1204.088
4/24/2025 1:00,2714,951.088,136.5,1087.588
4/24/2025 2:00,2715,941.187,136.5,1077.687
4/24/2025 3:00,2716,881.735,136.5,1018.235
4/24/2025 4:00,2717,808.901,136.5,945.401
4/24/2025 5:00,2718,806.592,186.5,993.092
4/24/2025 6:00,2719,950.783,206.5,1157.283
4/24/2025 7:00,2720,1019.793,233,1252.793
4/24/2025 8:00,2721,1104.122,243,1347.122
4/24/2025 9:00,2722,1102.472,223,1325.472
4/24/2025 10:00,2723,874.27,223,1097.27
4/24/2025 11:00,2724,818.106,223,1041.106
4/24/2025 12:00,2725,919.05,213,1132.05
4/24/2025 13:00,2726,979.129,213,1192.129
4/24/2025 14:00,2727,927.208,223,1150.208
4/24/2025 15:00,2728,889.141,223,1112.141
4/24/2025 16:00,2729,776.674,259,1035.674
4/24/2025 17:00,2730,894.152,246.5,1140.652
4/24/2025 18:00,2731,1049.841,236.5,1286.341
4/24/2025 19:00,2732,1266.877,206.5,1473.377
4/24/2025 20:00,2733,1250.029,176.5,1426.529
4/24/2025 21:00,2734,1287.9,166.5,1454.4
4/24/2025 22:00,2735,1182.849,156.5,1339.349
4/24/2025 23:00,2736,1100.66,146.5,1247.16
4/25/2025 0:00,2737,1195.293,136.5,1331.793
4/25/2025 1:00,2738,1121.835,136.5,1258.335
4/25/2025 2:00,2739,1068.137,136.5,1204.637
4/25/2025 3:00,2740,993.187,136.5,1129.687
4/25/2025 4:00,2741,931.255,136.5,1067.755
4/25/2025 5:00,2742,925.415,186.5,1111.915
4/25/2025 6:00,2743,956.967,184,1140.967
4/25/2025 7:00,2744,982.119,201,1183.119
4/25/2025 8:00,2745,1006.576,206.5,1213.076
4/25/2025 9:00,2746,1078.01,186.5,1264.51
4/25/2025 10:00,2747,919.425,186.5,1105.925
4/25/2025 11:00,2748,875.088,186.5,1061.588
4/25/2025 12:00,2749,931.804,178,1109.804
4/25/2025 13:00,2750,940.286,178,1118.286
4/25/2025 14:00,2751,1088.302,216.5,1304.802
4/25/2025 15:00,2752,970.416,216.5,1186.916
4/25/2025 16:00,2753,878.819,256.5,1135.319
4/25/2025 17:00,2754,911.55,246.5,1158.05
4/25/2025 18:00,2755,1117.057,236.5,1353.557
4/25/2025 19:00,2756,1330.692,206.5,1537.192
4/25/2025 20:00,2757,1382.64,176.5,1559.14
4/25/2025 21:00,2758,1371.204,166.5,1537.704
4/25/2025 22:00,2759,1281.284,156.5,1437.784
4/25/2025 23:00,2760,1207.351,146.5,1353.851
4/26/2025 0:00,2761,1217.344,136.5,1353.844
4/26/2025 1:00,2762,1091.814,136.5,1228.314
4/26/2025 2:00,2763,1017.577,136.5,1154.077
4/26/2025 3:00,2764,932.605,136.5,1069.105
4/26/2025 4:00,2765,895.418,136.5,1031.918
4/26/2025 5:00,2766,888.941,186.5,1075.441
4/26/2025 6:00,2767,1020.881,206.5,1227.381
4/26/2025 7:00,2768,1111.309,226.5,1337.809
4/26/2025 8:00,2769,1130.806,236.5,1367.306
4/26/2025 9:00,2770,1149.959,216.5,1366.459
4/26/2025 10:00,2771,904.771,216.5,1121.271
4/26/2025 11:00,2772,883.28,216.5,1099.78
4/26/2025 12:00,2773,977.489,206.5,1183.989
4/26/2025 13:00,2774,1006.103,206.5,1212.603
4/26/2025 14:00,2775,1046.167,216.5,1262.667
4/26/2025 15:00,2776,934.775,216.5,1151.275
4/26/2025 16:00,2777,930.051,256.5,1186.551
4/26/2025 17:00,2778,935.912,246.5,1182.412
4/26/2025 18:00,2779,1161.755,236.5,1398.255
4/26/2025 19:00,2780,1290.823,206.5,1497.323
4/26/2025 20:00,2781,1328.697,176.5,1505.197
4/26/2025 21:00,2782,1308.083,166.5,1474.583
4/26/2025 22:00,2783,1185.927,156.5,1342.427
4/26/2025 23:00,2784,1224.278,146.5,1370.778
4/27/2025 0:00,2785,1252.71,136.5,1389.21
4/27/2025 1:00,2786,1129.28,136.5,1265.78
4/27/2025 2:00,2787,1001.874,136.5,1138.374
4/27/2025 3:00,2788,965.136,136.5,1101.636
4/27/2025 4:00,2789,905.349,136.5,1041.849
4/27/2025 5:00,2790,862.477,186.5,1048.977
4/27/2025 6:00,2791,1004.923,206.5,1211.423
4/27/2025 7:00,2792,1206.672,233,1439.672
4/27/2025 8:00,2793,1211.375,243,1454.375
4/27/2025 9:00,2794,1183.689,223,1406.689
4/27/2025 10:00,2795,942.73,223,1165.73
4/27/2025 11:00,2796,867.025,223,1090.025
4/27/2025 12:00,2797,956.584,213,1169.584
4/27/2025 13:00,2798,1001.055,213,1214.055
4/27/2025 14:00,2799,1005.598,223,1228.598
4/27/2025 15:00,2800,903.906,223,1126.906
4/27/2025 16:00,2801,841.242,259,1100.242
4/27/2025 17:00,2802,879.61,246.5,1126.11
4/27/2025 18:00,2803,1086.493,236.5,1322.993
4/27/2025 19:00,2804,1225.951,206.5,1432.451
4/27/2025 20:00,2805,1229.781,176.5,1406.281
4/27/2025 21:00,2806,1263.424,166.5,1429.924
4/27/2025 22:00,2807,1188.789,156.5,1345.289
4/27/2025 23:00,2808,1202.582,146.5,1349.082
4/28/2025 0:00,2809,1166.791,136.5,1303.291
4/28/2025 1:00,2810,1079.832,136.5,1216.332
4/28/2025 2:00,2811,931.314,136.5,1067.814
4/28/2025 3:00,2812,920.191,136.5,1056.691
4/28/2025 4:00,2813,873.479,136.5,1009.979
4/28/2025 5:00,2814,864.301,186.5,1050.801
4/28/2025 6:00,2815,1027.512,206.5,1234.012
4/28/2025 7:00,2816,1060.841,233,1293.841
4/28/2025 8:00,2817,1053.135,243,1296.135
4/28/2025 9:00,2818,1098.992,223,1321.992
4/28/2025 10:00,2819,921.171,223,1144.171
4/28/2025 11:00,2820,852.785,223,1075.785
4/28/2025 12:00,2821,861.688,213,1074.688
4/28/2025 13:00,2822,868.329,213,1081.329
4/28/2025 14:00,2823,854.668,223,1077.668
4/28/2025 15:00,2824,807.471,223,1030.471
4/28/2025 16:00,2825,716.866,259,975.866
4/28/2025 17:00,2826,778.538,246.5,1025.038
4/28/2025 18:00,2827,989.23,236.5,1225.73
4/28/2025 19:00,2828,1179.811,206.5,1386.311
4/28/2025 20:00,2829,1178.652,176.5,1355.152
4/28/2025 21:00,2830,1155.03,166.5,1321.53
4/28/2025 22:00,2831,1103.167,156.5,1259.667
4/28/2025 23:00,2832,1047.544,146.5,1194.044
4/29/2025 0:00,2833,1135.751,136.5,1272.251
4/29/2025 1:00,2834,1086.655,136.5,1223.155
4/29/2025 2:00,2835,991.756,136.5,1128.256
4/29/2025 3:00,2836,923.492,136.5,1059.992
4/29/2025 4:00,2837,918.303,136.5,1054.803
4/29/2025 5:00,2838,877.634,186.5,1064.134
4/29/2025 6:00,2839,1077.906,206.5,1284.406
4/29/2025 7:00,2840,1167.607,233,1400.607
4/29/2025 8:00,2841,1184.484,243,1427.484
4/29/2025 9:00,2842,1247.997,223,1470.997
4/29/2025 10:00,2843,998.474,223,1221.474
4/29/2025 11:00,2844,910.257,223,1133.257
4/29/2025 12:00,2845,930.427,213,1143.427
4/29/2025 13:00,2846,952.177,213,1165.177
4/29/2025 14:00,2847,933.489,223,1156.489
4/29/2025 15:00,2848,895.163,223,1118.163
4/29/2025 16:00,2849,789.907,259,1048.907
4/29/2025 17:00,2850,932.401,246.5,1178.901
4/29/2025 18:00,2851,1167.728,236.5,1404.228
4/29/2025 19:00,2852,1252.883,206.5,1459.383
4/29/2025 20:00,2853,1337.488,176.5,1513.988
4/29/2025 21:00,2854,1349.107,166.5,1515.607
4/29/2025 22:00,2855,1202.49,156.5,1358.99
4/29/2025 23:00,2856,1218.629,146.5,1365.129
4/30/2025 0:00,2857,1139.788,136.5,1276.288
4/30/2025 1:00,2858,964.48,136.5,1100.98
4/30/2025 2:00,2859,848.135,136.5,984.635
4/30/2025 3:00,2860,834.822,136.5,971.322
4/30/2025 4:00,2861,786.537,136.5,923.037
4/30/2025 5:00,2862,749.184,186.5,935.684
4/30/2025 6:00,2863,909.634,206.5,1116.134
4/30/2025 7:00,2864,1023.249,233,1256.249
4/30/2025 8:00,2865,1012.351,243,1255.351
4/30/2025 9:00,2866,1063.317,223,1286.317
4/30/2025 10:00,2867,908.777,223,1131.777
4/30/2025 11:00,2868,766.248,223,989.248
4/30/2025 12:00,2869,851.612,213,1064.612
4/30/2025 13:00,2870,853.713,213,1066.713
4/30/2025 14:00,2871,859.756,223,1082.756
4/30/2025 15:00,2872,831.195,223,1054.195
4/30/2025 16:00,2873,774.072,259,1033.072
4/30/2025 17:00,2874,882.758,246.5,1129.258
4/30/2025 18:00,2875,1031.756,236.5,1268.256
4/30/2025 19:00,2876,1221.492,206.5,1427.992
4/30/2025 20:00,2877,1190.083,176.5,1366.583
4/30/2025 21:00,2878,1142.697,166.5,1309.197
4/30/2025 22:00,2879,1026.311,156.5,1182.811
4/30/2025 23:00,2880,1041.143,146.5,1187.643
5/1/2025 0:00,2881,670.704,136.5,807.204
5/1/2025 1:00,2882,560.288,136.5,696.788
5/1/2025 2:00,2883,476.17,136.5,612.67
5/1/2025 3:00,2884,460.278,136.5,596.778
5/1/2025 4:00,2885,422.991,136.5,559.491
5/1/2025 5:00,2886,414.139,186.5,600.639
5/1/2025 6:00,2887,541.456,206.5,747.956
5/1/2025 7:00,2888,572.542,233,805.542
5/1/2025 8:00,2889,644.153,243,887.153
5/1/2025 9:00,2890,675.393,223,898.393
5/1/2025 10:00,2891,710.581,223,933.581
5/1/2025 11:00,2892,753.84,223,976.84
5/1/2025 12:00,2893,860.471,213,1073.471
5/1/2025 13:00,2894,840.733,213,1053.733
5/1/2025 14:00,2895,818.746,223,1041.746
5/1/2025 15:00,2896,771.846,223,994.846
5/1/2025 16:00,2897,679.728,259,938.728
5/1/2025 17:00,2898,789.372,246.5,1035.872
5/1/2025 18:00,2899,1054.008,236.5,1290.508
5/1/2025 19:00,2900,1161.825,206.5,1368.325
5/1/2025 20:00,2901,1193.64,176.5,1370.14
5/1/2025 21:00,2902,1026.949,166.5,1193.449
5/1/2025 22:00,2903,951.233,156.5,1107.733
5/1/2025 23:00,2904,766.668,146.5,913.168
5/2/2025 0:00,2905,657.214,136.5,793.714
5/2/2025 1:00,2906,607.589,136.5,744.089
5/2/2025 2:00,2907,533.64,136.5,670.14
5/2/2025 3:00,2908,486.42,136.5,622.92
5/2/2025 4:00,2909,439.651,136.5,576.151
5/2/2025 5:00,2910,383.705,186.5,570.205
5/2/2025 6:00,2911,446.875,184,630.875
5/2/2025 7:00,2912,555.356,201,756.356
5/2/2025 8:00,2913,550.143,206.5,756.643
5/2/2025 9:00,2914,596.151,186.5,782.651
5/2/2025 10:00,2915,629.5,186.5,816
5/2/2025 11:00,2916,750.178,186.5,936.678
5/2/2025 12:00,2917,812.084,178,990.084
5/2/2025 13:00,2918,804.481,178,982.481
5/2/2025 14:00,2919,963.042,216.5,1179.542
5/2/2025 15:00,2920,861.206,216.5,1077.706
5/2/2025 16:00,2921,821.375,256.5,1077.875
5/2/2025 17:00,2922,857.921,246.5,1104.421
5/2/2025 18:00,2923,1140.566,236.5,1377.066
5/2/2025 19:00,2924,1268.946,206.5,1475.446
5/2/2025 20:00,2925,1246.965,176.5,1423.465
5/2/2025 21:00,2926,1195.206,166.5,1361.706
5/2/2025 22:00,2927,1094.643,156.5,1251.143
5/2/2025 23:00,2928,829.239,146.5,975.739
5/3/2025 0:00,2929,691.879,136.5,828.379
5/3/2025 1:00,2930,588.832,136.5,725.332
5/3/2025 2:00,2931,539.947,136.5,676.447
5/3/2025 3:00,2932,499.288,136.5,635.788
5/3/2025 4:00,2933,450.634,136.5,587.134
5/3/2025 5:00,2934,414.814,186.5,601.314
5/3/2025 6:00,2935,559.533,206.5,766.033
5/3/2025 7:00,2936,654.152,226.5,880.652
5/3/2025 8:00,2937,745.181,236.5,981.681
5/3/2025 9:00,2938,780.167,216.5,996.667
5/3/2025 10:00,2939,808.239,216.5,1024.739
5/3/2025 11:00,2940,942.247,216.5,1158.747
5/3/2025 12:00,2941,960.608,206.5,1167.108
5/3/2025 13:00,2942,960.251,206.5,1166.751
5/3/2025 14:00,2943,938.659,216.5,1155.159
5/3/2025 15:00,2944,822.891,216.5,1039.391
5/3/2025 16:00,2945,739.406,256.5,995.906
5/3/2025 17:00,2946,817.898,246.5,1064.398
5/3/2025 18:00,2947,1074.12,236.5,1310.62
5/3/2025 19:00,2948,1212.461,206.5,1418.961
5/3/2025 20:00,2949,1239.118,176.5,1415.618
5/3/2025 21:00,2950,1218.452,166.5,1384.952
5/3/2025 22:00,2951,1104.66,156.5,1261.16
5/3/2025 23:00,2952,861.903,146.5,1008.403
5/4/2025 0:00,2953,711.28,136.5,847.78
5/4/2025 1:00,2954,646.991,136.5,783.491
5/4/2025 2:00,2955,584.93,136.5,721.43
5/4/2025 3:00,2956,495.233,136.5,631.733
5/4/2025 4:00,2957,452.306,136.5,588.806
5/4/2025 5:00,2958,435.36,186.5,621.86
5/4/2025 6:00,2959,600.952,206.5,807.452
5/4/2025 7:00,2960,699.245,233,932.245
5/4/2025 8:00,2961,738.598,243,981.598
5/4/2025 9:00,2962,791.127,223,1014.127
5/4/2025 10:00,2963,806.91,223,1029.91
5/4/2025 11:00,2964,846.001,223,1069.001
5/4/2025 12:00,2965,894.643,213,1107.643
5/4/2025 13:00,2966,924.236,213,1137.236
5/4/2025 14:00,2967,912.396,223,1135.396
5/4/2025 15:00,2968,797.556,223,1020.556
5/4/2025 16:00,2969,747.609,259,1006.609
5/4/2025 17:00,2970,868.268,246.5,1114.768
5/4/2025 18:00,2971,1086.892,236.5,1323.392
5/4/2025 19:00,2972,1239.563,206.5,1446.063
5/4/2025 20:00,2973,1291.954,176.5,1468.454
5/4/2025 21:00,2974,1182.424,166.5,1348.924
5/4/2025 22:00,2975,1011.566,156.5,1168.066
5/4/2025 23:00,2976,824.08,146.5,970.58
5/5/2025 0:00,2977,700.934,136.5,837.434
5/5/2025 1:00,2978,649.725,136.5,786.225
5/5/2025 2:00,2979,583.17,136.5,719.67
5/5/2025 3:00,2980,494.3,136.5,630.8
5/5/2025 4:00,2981,450.433,136.5,586.933
5/5/2025 5:00,2982,432.755,186.5,619.255
5/5/2025 6:00,2983,581.174,206.5,787.674
5/5/2025 7:00,2984,670.84,233,903.84
5/5/2025 8:00,2985,682.636,243,925.636
5/5/2025 9:00,2986,736.46,223,959.46
5/5/2025 10:00,2987,777.803,223,1000.803
5/5/2025 11:00,2988,868.346,223,1091.346
5/5/2025 12:00,2989,886.018,213,1099.018
5/5/2025 13:00,2990,901.469,213,1114.469
5/5/2025 14:00,2991,807.483,223,1030.483
5/5/2025 15:00,2992,771.579,223,994.579
5/5/2025 16:00,2993,722.657,259,981.657
5/5/2025 17:00,2994,808.084,246.5,1054.584
5/5/2025 18:00,2995,1052.75,236.5,1289.25
5/5/2025 19:00,2996,1217.034,206.5,1423.534
5/5/2025 20:00,2997,1156.59,176.5,1333.09
5/5/2025 21:00,2998,1150.364,166.5,1316.864
5/5/2025 22:00,2999,1015.962,156.5,1172.462
5/5/2025 23:00,3000,846.351,146.5,992.851
5/6/2025 0:00,3001,667.731,136.5,804.231
5/6/2025 1:00,3002,595.413,136.5,731.913
5/6/2025 2:00,3003,531.861,136.5,668.361
5/6/2025 3:00,3004,498.221,136.5,634.721
5/6/2025 4:00,3005,458.327,136.5,594.827
5/6/2025 5:00,3006,427.904,186.5,614.404
5/6/2025 6:00,3007,537.906,206.5,744.406
5/6/2025 7:00,3008,587.993,233,820.993
5/6/2025 8:00,3009,636.915,243,879.915
5/6/2025 9:00,3010,703.964,223,926.964
5/6/2025 10:00,3011,726.128,223,949.128
5/6/2025 11:00,3012,827.701,223,1050.701
5/6/2025 12:00,3013,876.464,213,1089.464
5/6/2025 13:00,3014,874.231,213,1087.231
5/6/2025 14:00,3015,868.264,223,1091.264
5/6/2025 15:00,3016,830.225,223,1053.225
5/6/2025 16:00,3017,779.207,259,1038.207
5/6/2025 17:00,3018,929.791,246.5,1176.291
5/6/2025 18:00,3019,1102.357,236.5,1338.857
5/6/2025 19:00,3020,1245.155,206.5,1451.655
5/6/2025 20:00,3021,1280.999,176.5,1457.499
5/6/2025 21:00,3022,1211.331,166.5,1377.831
5/6/2025 22:00,3023,1067.26,156.5,1223.76
5/6/2025 23:00,3024,813.057,146.5,959.557
5/7/2025 0:00,3025,716.759,136.5,853.259
5/7/2025 1:00,3026,613.91,136.5,750.41
5/7/2025 2:00,3027,527.55,136.5,664.05
5/7/2025 3:00,3028,489.764,136.5,626.264
5/7/2025 4:00,3029,446.293,136.5,582.793
5/7/2025 5:00,3030,449.896,186.5,636.396
5/7/2025 6:00,3031,620.957,206.5,827.457
5/7/2025 7:00,3032,676.606,233,909.606
5/7/2025 8:00,3033,722.011,243,965.011
5/7/2025 9:00,3034,723.935,223,946.935
5/7/2025 10:00,3035,762.51,223,985.51
5/7/2025 11:00,3036,868.816,223,1091.816
5/7/2025 12:00,3037,963.878,213,1176.878
5/7/2025 13:00,3038,960.1,213,1173.1
5/7/2025 14:00,3039,990.374,223,1213.374
5/7/2025 15:00,3040,867.454,223,1090.454
5/7/2025 16:00,3041,774.531,259,1033.531
5/7/2025 17:00,3042,910.948,246.5,1157.448
5/7/2025 18:00,3043,1209.31,236.5,1445.81
5/7/2025 19:00,3044,1371.506,206.5,1578.006
5/7/2025 20:00,3045,1368.506,176.5,1545.006
5/7/2025 21:00,3046,1202.965,166.5,1369.465
5/7/2025 22:00,3047,1036.003,156.5,1192.503
5/7/2025 23:00,3048,870.255,146.5,1016.755
5/8/2025 0:00,3049,685.352,136.5,821.852
5/8/2025 1:00,3050,582.762,136.5,719.262
5/8/2025 2:00,3051,533.742,136.5,670.242
5/8/2025 3:00,3052,499.394,136.5,635.894
5/8/2025 4:00,3053,475.04,136.5,611.54
5/8/2025 5:00,3054,446.316,186.5,632.816
5/8/2025 6:00,3055,614.367,206.5,820.867
5/8/2025 7:00,3056,672.962,233,905.962
5/8/2025 8:00,3057,700.008,243,943.008
5/8/2025 9:00,3058,769.436,223,992.436
5/8/2025 10:00,3059,752.31,223,975.31
5/8/2025 11:00,3060,913.151,223,1136.151
5/8/2025 12:00,3061,953.386,213,1166.386
5/8/2025 13:00,3062,965.993,213,1178.993
5/8/2025 14:00,3063,952.086,223,1175.086
5/8/2025 15:00,3064,927.537,223,1150.537
5/8/2025 16:00,3065,843.34,259,1102.34
5/8/2025 17:00,3066,832.559,246.5,1079.059
5/8/2025 18:00,3067,1098.483,236.5,1334.983
5/8/2025 19:00,3068,1225.811,206.5,1432.311
5/8/2025 20:00,3069,1251.564,176.5,1428.064
5/8/2025 21:00,3070,1150.663,166.5,1317.163
5/8/2025 22:00,3071,1090.952,156.5,1247.452
5/8/2025 23:00,3072,857.888,146.5,1004.388
5/9/2025 0:00,3073,771.203,136.5,907.703
5/9/2025 1:00,3074,666.627,136.5,803.127
5/9/2025 2:00,3075,637.761,136.5,774.261
5/9/2025 3:00,3076,613.525,136.5,750.025
5/9/2025 4:00,3077,539.225,136.5,675.725
5/9/2025 5:00,3078,501.197,186.5,687.697
5/9/2025 6:00,3079,560.76,184,744.76
5/9/2025 7:00,3080,655.344,201,856.344
5/9/2025 8:00,3081,674.488,206.5,880.988
5/9/2025 9:00,3082,701.618,186.5,888.118
5/9/2025 10:00,3083,751.329,186.5,937.829
5/9/2025 11:00,3084,798.361,186.5,984.861
5/9/2025 12:00,3085,853.596,178,1031.596
5/9/2025 13:00,3086,829.819,178,1007.819
5/9/2025 14:00,3087,1002.886,216.5,1219.386
5/9/2025 15:00,3088,1002.915,216.5,1219.415
5/9/2025 16:00,3089,918.011,256.5,1174.511
5/9/2025 17:00,3090,999.878,246.5,1246.378
5/9/2025 18:00,3091,1186.31,236.5,1422.81
5/9/2025 19:00,3092,1361.853,206.5,1568.353
5/9/2025 20:00,3093,1341.249,176.5,1517.749
5/9/2025 21:00,3094,1300.413,166.5,1466.913
5/9/2025 22:00,3095,1248.138,156.5,1404.638
5/9/2025 23:00,3096,963.534,146.5,1110.034
5/10/2025 0:00,3097,775.247,136.5,911.747
5/10/2025 1:00,3098,652.858,136.5,789.358
5/10/2025 2:00,3099,567.047,136.5,703.547
5/10/2025 3:00,3100,552.33,136.5,688.83
5/10/2025 4:00,3101,550.554,136.5,687.054
5/10/2025 5:00,3102,540.712,186.5,727.212
5/10/2025 6:00,3103,638.246,206.5,844.746
5/10/2025 7:00,3104,760.729,226.5,987.229
5/10/2025 8:00,3105,816.956,236.5,1053.456
5/10/2025 9:00,3106,786.125,216.5,1002.625
5/10/2025 10:00,3107,808.668,216.5,1025.168
5/10/2025 11:00,3108,934.572,216.5,1151.072
5/10/2025 12:00,3109,1011.771,206.5,1218.271
5/10/2025 13:00,3110,980.798,206.5,1187.298
5/10/2025 14:00,3111,1004.253,216.5,1220.753
5/10/2025 15:00,3112,861.731,216.5,1078.231
5/10/2025 16:00,3113,797.097,256.5,1053.597
5/10/2025 17:00,3114,892.239,246.5,1138.739
5/10/2025 18:00,3115,1130.349,236.5,1366.849
5/10/2025 19:00,3116,1281.804,206.5,1488.304
5/10/2025 20:00,3117,1363.555,176.5,1540.055
5/10/2025 21:00,3118,1359.934,166.5,1526.434
5/10/2025 22:00,3119,1307.26,156.5,1463.76
5/10/2025 23:00,3120,1056.466,146.5,1202.966
5/11/2025 0:00,3121,939.459,136.5,1075.959
5/11/2025 1:00,3122,812.072,136.5,948.572
5/11/2025 2:00,3123,708.898,136.5,845.398
5/11/2025 3:00,3124,642.73,136.5,779.23
5/11/2025 4:00,3125,573.458,136.5,709.958
5/11/2025 5:00,3126,519.383,186.5,705.883
5/11/2025 6:00,3127,664.703,206.5,871.203
5/11/2025 7:00,3128,744.957,233,977.957
5/11/2025 8:00,3129,806.726,243,1049.726
5/11/2025 9:00,3130,903.641,223,1126.641
5/11/2025 10:00,3131,914.261,223,1137.261
5/11/2025 11:00,3132,1033.645,223,1256.645
5/11/2025 12:00,3133,1128.308,213,1341.308
5/11/2025 13:00,3134,1122.314,213,1335.314
5/11/2025 14:00,3135,1124.334,223,1347.334
5/11/2025 15:00,3136,1020.536,223,1243.536
5/11/2025 16:00,3137,970.126,259,1229.126
5/11/2025 17:00,3138,1003.254,246.5,1249.754
5/11/2025 18:00,3139,1175.645,236.5,1412.145
5/11/2025 19:00,3140,1373.341,206.5,1579.841
5/11/2025 20:00,3141,1489.073,176.5,1665.573
5/11/2025 21:00,3142,1421.414,166.5,1587.914
5/11/2025 22:00,3143,1352.596,156.5,1509.096
5/11/2025 23:00,3144,1100.182,146.5,1246.682
5/12/2025 0:00,3145,806.469,136.5,942.969
5/12/2025 1:00,3146,716.06,136.5,852.56
5/12/2025 2:00,3147,602.925,136.5,739.425
5/12/2025 3:00,3148,552.347,136.5,688.847
5/12/2025 4:00,3149,533.794,136.5,670.294
5/12/2025 5:00,3150,512.076,186.5,698.576
5/12/2025 6:00,3151,657.806,206.5,864.306
5/12/2025 7:00,3152,740.736,233,973.736
5/12/2025 8:00,3153,773.565,243,1016.565
5/12/2025 9:00,3154,816.333,223,1039.333
5/12/2025 10:00,3155,859.675,223,1082.675
5/12/2025 11:00,3156,914,223,1137
5/12/2025 12:00,3157,987.941,213,1200.941
5/12/2025 13:00,3158,1006.905,213,1219.905
5/12/2025 14:00,3159,949.075,223,1172.075
5/12/2025 15:00,3160,874.435,223,1097.435
5/12/2025 16:00,3161,868.206,259,1127.206
5/12/2025 17:00,3162,911.145,246.5,1157.645
5/12/2025 18:00,3163,1079.807,236.5,1316.307
5/12/2025 19:00,3164,1204.321,206.5,1410.821
5/12/2025 20:00,3165,1274.303,176.5,1450.803
5/12/2025 21:00,3166,1337.318,166.5,1503.818
5/12/2025 22:00,3167,1244.977,156.5,1401.477
5/12/2025 23:00,3168,1045.279,146.5,1191.779
5/13/2025 0:00,3169,912.834,136.5,1049.334
5/13/2025 1:00,3170,794.423,136.5,930.923
5/13/2025 2:00,3171,664.85,136.5,801.35
5/13/2025 3:00,3172,638.727,136.5,775.227
5/13/2025 4:00,3173,571.83,136.5,708.33
5/13/2025 5:00,3174,565.098,186.5,751.598
5/13/2025 6:00,3175,706.969,206.5,913.469
5/13/2025 7:00,3176,793.68,233,1026.68
5/13/2025 8:00,3177,848.026,243,1091.026
5/13/2025 9:00,3178,885.75,223,1108.75
5/13/2025 10:00,3179,925.245,223,1148.245
5/13/2025 11:00,3180,1001.501,223,1224.501
5/13/2025 12:00,3181,1049.408,213,1262.408
5/13/2025 13:00,3182,1149.652,213,1362.652
5/13/2025 14:00,3183,1163.584,223,1386.584
5/13/2025 15:00,3184,1030.854,223,1253.854
5/13/2025 16:00,3185,959.597,259,1218.597
5/13/2025 17:00,3186,967.741,246.5,1214.241
5/13/2025 18:00,3187,1162.77,236.5,1399.27
5/13/2025 19:00,3188,1416.108,206.5,1622.608
5/13/2025 20:00,3189,1370.061,176.5,1546.561
5/13/2025 21:00,3190,1407.123,166.5,1573.623
5/13/2025 22:00,3191,1312.085,156.5,1468.585
5/13/2025 23:00,3192,1056.129,146.5,1202.629
5/14/2025 0:00,3193,844.36,136.5,980.86
5/14/2025 1:00,3194,746.848,136.5,883.348
5/14/2025 2:00,3195,639.551,136.5,776.051
5/14/2025 3:00,3196,607.73,136.5,744.23
5/14/2025 4:00,3197,553.096,136.5,689.596
5/14/2025 5:00,3198,498.826,186.5,685.326
5/14/2025 6:00,3199,660.659,206.5,867.159
5/14/2025 7:00,3200,781.783,233,1014.783
5/14/2025 8:00,3201,864.228,243,1107.228
5/14/2025 9:00,3202,906.465,223,1129.465
5/14/2025 10:00,3203,870.458,223,1093.458
5/14/2025 11:00,3204,973.921,223,1196.921
5/14/2025 12:00,3205,1067.384,213,1280.384
5/14/2025 13:00,3206,1106.803,213,1319.803
5/14/2025 14:00,3207,1107.026,223,1330.026
5/14/2025 15:00,3208,1020.456,223,1243.456
5/14/2025 16:00,3209,914.15,259,1173.15
5/14/2025 17:00,3210,927.955,246.5,1174.455
5/14/2025 18:00,3211,1086.398,236.5,1322.898
5/14/2025 19:00,3212,1308.819,206.5,1515.319
5/14/2025 20:00,3213,1369.116,176.5,1545.616
5/14/2025 21:00,3214,1365.618,166.5,1532.118
5/14/2025 22:00,3215,1222.168,156.5,1378.668
5/14/2025 23:00,3216,1022.676,146.5,1169.176
5/15/2025 0:00,3217,843.003,136.5,979.503
5/15/2025 1:00,3218,715.424,136.5,851.924
5/15/2025 2:00,3219,623.485,136.5,759.985
5/15/2025 3:00,3220,574.502,136.5,711.002
5/15/2025 4:00,3221,556.281,136.5,692.781
5/15/2025 5:00,3222,491.732,186.5,678.232
5/15/2025 6:00,3223,646.129,206.5,852.629
5/15/2025 7:00,3224,690.517,233,923.517
5/15/2025 8:00,3225,718.905,243,961.905
5/15/2025 9:00,3226,771.324,223,994.324
5/15/2025 10:00,3227,842.503,223,1065.503
5/15/2025 11:00,3228,972.993,223,1195.993
5/15/2025 12:00,3229,1025.764,213,1238.764
5/15/2025 13:00,3230,1015.125,213,1228.125
5/15/2025 14:00,3231,1083.811,223,1306.811
5/15/2025 15:00,3232,955.644,223,1178.644
5/15/2025 16:00,3233,837.32,259,1096.32
5/15/2025 17:00,3234,819.527,246.5,1066.027
5/15/2025 18:00,3235,1109.387,236.5,1345.887
5/15/2025 19:00,3236,1317.906,206.5,1524.406
5/15/2025 20:00,3237,1437.662,176.5,1614.162
5/15/2025 21:00,3238,1291.664,166.5,1458.164
5/15/2025 22:00,3239,1262.801,156.5,1419.301
5/15/2025 23:00,3240,998.956,146.5,1145.456
5/16/2025 0:00,3241,845.018,136.5,981.518
5/16/2025 1:00,3242,680.826,136.5,817.326
5/16/2025 2:00,3243,643.384,136.5,779.884
5/16/2025 3:00,3244,600.472,136.5,736.972
5/16/2025 4:00,3245,536.499,136.5,672.999
5/16/2025 5:00,3246,516.821,186.5,703.321
5/16/2025 6:00,3247,568.36,184,752.36
5/16/2025 7:00,3248,624.575,201,825.575
5/16/2025 8:00,3249,656.808,206.5,863.308
5/16/2025 9:00,3250,659.079,186.5,845.579
5/16/2025 10:00,3251,727.699,186.5,914.199
5/16/2025 11:00,3252,841.472,186.5,1027.972
5/16/2025 12:00,3253,869.975,178,1047.975
5/16/2025 13:00,3254,907.475,178,1085.475
5/16/2025 14:00,3255,1033.97,216.5,1250.47
5/16/2025 15:00,3256,975.04,216.5,1191.54
5/16/2025 16:00,3257,863.444,256.5,1119.944
5/16/2025 17:00,3258,881.346,246.5,1127.846
5/16/2025 18:00,3259,1181.648,236.5,1418.148
5/16/2025 19:00,3260,1354.301,206.5,1560.801
5/16/2025 20:00,3261,1479.624,176.5,1656.124
5/16/2025 21:00,3262,1407.44,166.5,1573.94
5/16/2025 22:00,3263,1261.891,156.5,1418.391
5/16/2025 23:00,3264,1019.695,146.5,1166.195
5/17/2025 0:00,3265,869.881,136.5,1006.381
5/17/2025 1:00,3266,762.516,136.5,899.016
5/17/2025 2:00,3267,692.54,136.5,829.04
5/17/2025 3:00,3268,606.624,136.5,743.124
5/17/2025 4:00,3269,546.652,136.5,683.152
5/17/2025 5:00,3270,516.035,186.5,702.535
5/17/2025 6:00,3271,644.611,206.5,851.111
5/17/2025 7:00,3272,731.621,226.5,958.121
5/17/2025 8:00,3273,825.079,236.5,1061.579
5/17/2025 9:00,3274,857.586,216.5,1074.086
5/17/2025 10:00,3275,834.211,216.5,1050.711
5/17/2025 11:00,3276,877.204,216.5,1093.704
5/17/2025 12:00,3277,1029.161,206.5,1235.661
5/17/2025 13:00,3278,1048.772,206.5,1255.272
5/17/2025 14:00,3279,1014.725,216.5,1231.225
5/17/2025 15:00,3280,943.307,216.5,1159.807
5/17/2025 16:00,3281,818.957,256.5,1075.457
5/17/2025 17:00,3282,939.75,246.5,1186.25
5/17/2025 18:00,3283,1169.178,236.5,1405.678
5/17/2025 19:00,3284,1411.736,206.5,1618.236
5/17/2025 20:00,3285,1425.806,176.5,1602.306
5/17/2025 21:00,3286,1434.117,166.5,1600.617
5/17/2025 22:00,3287,1317.101,156.5,1473.601
5/17/2025 23:00,3288,1072.91,146.5,1219.41
5/18/2025 0:00,3289,879.236,136.5,1015.736
5/18/2025 1:00,3290,764.631,136.5,901.131
5/18/2025 2:00,3291,674.473,136.5,810.973
5/18/2025 3:00,3292,604.742,136.5,741.242
5/18/2025 4:00,3293,585.569,136.5,722.069
5/18/2025 5:00,3294,525.373,186.5,711.873
5/18/2025 6:00,3295,685.074,206.5,891.574
5/18/2025 7:00,3296,762.16,233,995.16
5/18/2025 8:00,3297,815.844,243,1058.844
5/18/2025 9:00,3298,843.593,223,1066.593
5/18/2025 10:00,3299,882.022,223,1105.022
5/18/2025 11:00,3300,957.822,223,1180.822
5/18/2025 12:00,3301,968.862,213,1181.862
5/18/2025 13:00,3302,1019.385,213,1232.385
5/18/2025 14:00,3303,983.85,223,1206.85
5/18/2025 15:00,3304,879.977,223,1102.977
5/18/2025 16:00,3305,844.247,259,1103.247
5/18/2025 17:00,3306,940.61,246.5,1187.11
5/18/2025 18:00,3307,1202.071,236.5,1438.571
5/18/2025 19:00,3308,1400.511,206.5,1607.011
5/18/2025 20:00,3309,1331.721,176.5,1508.221
5/18/2025 21:00,3310,1256.844,166.5,1423.344
5/18/2025 22:00,3311,1282.078,156.5,1438.578
5/18/2025 23:00,3312,990.357,146.5,1136.857
5/19/2025 0:00,3313,880.524,136.5,1017.024
5/19/2025 1:00,3314,747.705,136.5,884.205
5/19/2025 2:00,3315,673.5,136.5,810
5/19/2025 3:00,3316,608.478,136.5,744.978
5/19/2025 4:00,3317,573.815,136.5,710.315
5/19/2025 5:00,3318,552.265,186.5,738.765
5/19/2025 6:00,3319,709.506,206.5,916.006
5/19/2025 7:00,3320,765.152,233,998.152
5/19/2025 8:00,3321,833.156,243,1076.156
5/19/2025 9:00,3322,848.218,223,1071.218
5/19/2025 10:00,3323,909.118,223,1132.118
5/19/2025 11:00,3324,1096.551,223,1319.551
5/19/2025 12:00,3325,1185.624,213,1398.624
5/19/2025 13:00,3326,1202.754,213,1415.754
5/19/2025 14:00,3327,1153.583,223,1376.583
5/19/2025 15:00,3328,987.469,223,1210.469
5/19/2025 16:00,3329,877.629,259,1136.629
5/19/2025 17:00,3330,1013.632,246.5,1260.132
5/19/2025 18:00,3331,1224.998,236.5,1461.498
5/19/2025 19:00,3332,1385.813,206.5,1592.313
5/19/2025 20:00,3333,1431.445,176.5,1607.945
5/19/2025 21:00,3334,1353.093,166.5,1519.593
5/19/2025 22:00,3335,1229.053,156.5,1385.553
5/19/2025 23:00,3336,1018.337,146.5,1164.837
5/20/2025 0:00,3337,854.29,136.5,990.79
5/20/2025 1:00,3338,742.83,136.5,879.33
5/20/2025 2:00,3339,660.2,136.5,796.7
5/20/2025 3:00,3340,635.872,136.5,772.372
5/20/2025 4:00,3341,581.495,136.5,717.995
5/20/2025 5:00,3342,559.37,186.5,745.87
5/20/2025 6:00,3343,754.76,206.5,961.26
5/20/2025 7:00,3344,835.683,233,1068.683
5/20/2025 8:00,3345,874.321,243,1117.321
5/20/2025 9:00,3346,942.409,223,1165.409
5/20/2025 10:00,3347,990.534,223,1213.534
5/20/2025 11:00,3348,1065.117,223,1288.117
5/20/2025 12:00,3349,1134.22,213,1347.22
5/20/2025 13:00,3350,1129.472,213,1342.472
5/20/2025 14:00,3351,1095.619,223,1318.619
5/20/2025 15:00,3352,1068.76,223,1291.76
5/20/2025 16:00,3353,1001.846,259,1260.846
5/20/2025 17:00,3354,1080.1,246.5,1326.6
5/20/2025 18:00,3355,1338.477,236.5,1574.977
5/20/2025 19:00,3356,1517.258,206.5,1723.758
5/20/2025 20:00,3357,1573.5,176.5,1750
5/20/2025 21:00,3358,1547.722,166.5,1714.222
5/20/2025 22:00,3359,1446.258,156.5,1602.758
5/20/2025 23:00,3360,1137.924,146.5,1284.424
5/21/2025 0:00,3361,848.176,136.5,984.676
5/21/2025 1:00,3362,725.687,136.5,862.187
5/21/2025 2:00,3363,648.114,136.5,784.614
5/21/2025 3:00,3364,589.78,136.5,726.28
5/21/2025 4:00,3365,534.607,136.5,671.107
5/21/2025 5:00,3366,488.003,186.5,674.503
5/21/2025 6:00,3367,662,206.5,868.5
5/21/2025 7:00,3368,813.058,233,1046.058
5/21/2025 8:00,3369,811.602,243,1054.602
5/21/2025 9:00,3370,842.684,223,1065.684
5/21/2025 10:00,3371,843.963,223,1066.963
5/21/2025 11:00,3372,906.487,223,1129.487
5/21/2025 12:00,3373,1028.713,213,1241.713
5/21/2025 13:00,3374,1014.608,213,1227.608
5/21/2025 14:00,3375,986.382,223,1209.382
5/21/2025 15:00,3376,872.291,223,1095.291
5/21/2025 16:00,3377,797.223,259,1056.223
5/21/2025 17:00,3378,828.084,246.5,1074.584
5/21/2025 18:00,3379,1109.152,236.5,1345.652
5/21/2025 19:00,3380,1417.234,206.5,1623.734
5/21/2025 20:00,3381,1392.752,176.5,1569.252
5/21/2025 21:00,3382,1258.815,166.5,1425.315
5/21/2025 22:00,3383,1213.858,156.5,1370.358
5/21/2025 23:00,3384,950.682,146.5,1097.182
5/22/2025 0:00,3385,748.849,136.5,885.349
5/22/2025 1:00,3386,636.675,136.5,773.175
5/22/2025 2:00,3387,551.175,136.5,687.675
5/22/2025 3:00,3388,505.501,136.5,642.001
5/22/2025 4:00,3389,477.008,136.5,613.508
5/22/2025 5:00,3390,442.755,186.5,629.255
5/22/2025 6:00,3391,574.711,206.5,781.211
5/22/2025 7:00,3392,643.65,233,876.65
5/22/2025 8:00,3393,653.128,243,896.128
5/22/2025 9:00,3394,724.932,223,947.932
5/22/2025 10:00,3395,705.01,223,928.01
5/22/2025 11:00,3396,786.204,223,1009.204
5/22/2025 12:00,3397,889.085,213,1102.085
5/22/2025 13:00,3398,927.325,213,1140.325
5/22/2025 14:00,3399,934.34,223,1157.34
5/22/2025 15:00,3400,860.526,223,1083.526
5/22/2025 16:00,3401,819.081,259,1078.081
5/22/2025 17:00,3402,900.541,246.5,1147.041
5/22/2025 18:00,3403,1115.46,236.5,1351.96
5/22/2025 19:00,3404,1293.454,206.5,1499.954
5/22/2025 20:00,3405,1322.845,176.5,1499.345
5/22/2025 21:00,3406,1228.078,166.5,1394.578
5/22/2025 22:00,3407,1069.302,156.5,1225.802
5/22/2025 23:00,3408,881.717,146.5,1028.217
5/23/2025 0:00,3409,666.014,136.5,802.514
5/23/2025 1:00,3410,596.787,136.5,733.287
5/23/2025 2:00,3411,502.982,136.5,639.482
5/23/2025 3:00,3412,445.242,136.5,581.742
5/23/2025 4:00,3413,418.548,136.5,555.048
5/23/2025 5:00,3414,389.928,186.5,576.428
5/23/2025 6:00,3415,423.3,184,607.3
5/23/2025 7:00,3416,506.825,201,707.825
5/23/2025 8:00,3417,507.98,206.5,714.48
5/23/2025 9:00,3418,547.043,186.5,733.543
5/23/2025 10:00,3419,619.355,186.5,805.855
5/23/2025 11:00,3420,723.968,186.5,910.468
5/23/2025 12:00,3421,722.934,178,900.934
5/23/2025 13:00,3422,735.74,178,913.74
5/23/2025 14:00,3423,850.485,216.5,1066.985
5/23/2025 15:00,3424,847.808,216.5,1064.308
5/23/2025 16:00,3425,741.773,256.5,998.273
5/23/2025 17:00,3426,793.939,246.5,1040.439
5/23/2025 18:00,3427,1070.887,236.5,1307.387
5/23/2025 19:00,3428,1189.161,206.5,1395.661
5/23/2025 20:00,3429,1235.909,176.5,1412.409
5/23/2025 21:00,3430,1114.335,166.5,1280.835
5/23/2025 22:00,3431,1020.025,156.5,1176.525
5/23/2025 23:00,3432,745.719,146.5,892.219
5/24/2025 0:00,3433,690.252,136.5,826.752
5/24/2025 1:00,3434,639.382,136.5,775.882
5/24/2025 2:00,3435,572.511,136.5,709.011
5/24/2025 3:00,3436,521.713,136.5,658.213
5/24/2025 4:00,3437,466.548,136.5,603.048
5/24/2025 5:00,3438,443.905,186.5,630.405
5/24/2025 6:00,3439,603.974,206.5,810.474
5/24/2025 7:00,3440,713.728,226.5,940.228
5/24/2025 8:00,3441,674.215,236.5,910.715
5/24/2025 9:00,3442,707.872,216.5,924.372
5/24/2025 10:00,3443,760.995,216.5,977.495
5/24/2025 11:00,3444,842.793,216.5,1059.293
5/24/2025 12:00,3445,923.819,206.5,1130.319
5/24/2025 13:00,3446,958.673,206.5,1165.173
5/24/2025 14:00,3447,934.175,216.5,1150.675
5/24/2025 15:00,3448,857.549,216.5,1074.049
5/24/2025 16:00,3449,783.723,256.5,1040.223
5/24/2025 17:00,3450,902.094,246.5,1148.594
5/24/2025 18:00,3451,1102.107,236.5,1338.607
5/24/2025 19:00,3452,1263.937,206.5,1470.437
5/24/2025 20:00,3453,1301.773,176.5,1478.273
5/24/2025 21:00,3454,1312.848,166.5,1479.348
5/24/2025 22:00,3455,1162.399,156.5,1318.899
5/24/2025 23:00,3456,954.978,146.5,1101.478
5/25/2025 0:00,3457,781.815,136.5,918.315
5/25/2025 1:00,3458,660.967,136.5,797.467
5/25/2025 2:00,3459,574.561,136.5,711.061
5/25/2025 3:00,3460,517.318,136.5,653.818
5/25/2025 4:00,3461,467.427,136.5,603.927
5/25/2025 5:00,3462,458.065,186.5,644.565
5/25/2025 6:00,3463,604.937,206.5,811.437
5/25/2025 7:00,3464,677.523,233,910.523
5/25/2025 8:00,3465,680.682,243,923.682
5/25/2025 9:00,3466,706.609,223,929.609
5/25/2025 10:00,3467,808.261,223,1031.261
5/25/2025 11:00,3468,863.491,223,1086.491
5/25/2025 12:00,3469,891.31,213,1104.31
5/25/2025 13:00,3470,968.878,213,1181.878
5/25/2025 14:00,3471,952.066,223,1175.066
5/25/2025 15:00,3472,893.417,223,1116.417
5/25/2025 16:00,3473,801.685,259,1060.685
5/25/2025 17:00,3474,853.538,246.5,1100.038
5/25/2025 18:00,3475,1062.485,236.5,1298.985
5/25/2025 19:00,3476,1167.117,206.5,1373.617
5/25/2025 20:00,3477,1216.291,176.5,1392.791
5/25/2025 21:00,3478,1199.194,166.5,1365.694
5/25/2025 22:00,3479,1172.696,156.5,1329.196
5/25/2025 23:00,3480,925.131,146.5,1071.631
5/26/2025 0:00,3481,730.952,136.5,867.452
5/26/2025 1:00,3482,648.125,136.5,784.625
5/26/2025 2:00,3483,643.557,136.5,780.057
5/26/2025 3:00,3484,592.74,136.5,729.24
5/26/2025 4:00,3485,510.73,136.5,647.23
5/26/2025 5:00,3486,492.61,186.5,679.11
5/26/2025 6:00,3487,622.339,206.5,828.839
5/26/2025 7:00,3488,661.297,233,894.297
5/26/2025 8:00,3489,706.764,243,949.764
5/26/2025 9:00,3490,768.389,223,991.389
5/26/2025 10:00,3491,745.799,223,968.799
5/26/2025 11:00,3492,812.022,223,1035.022
5/26/2025 12:00,3493,905.341,213,1118.341
5/26/2025 13:00,3494,937.319,213,1150.319
5/26/2025 14:00,3495,959.143,223,1182.143
5/26/2025 15:00,3496,858.972,223,1081.972
5/26/2025 16:00,3497,824.483,259,1083.483
5/26/2025 17:00,3498,848.105,246.5,1094.605
5/26/2025 18:00,3499,1147.152,236.5,1383.652
5/26/2025 19:00,3500,1229.93,206.5,1436.43
5/26/2025 20:00,3501,1234.909,176.5,1411.409
5/26/2025 21:00,3502,1242.217,166.5,1408.717
5/26/2025 22:00,3503,1223.975,156.5,1380.475
5/26/2025 23:00,3504,979.691,146.5,1126.191
5/27/2025 0:00,3505,826.698,136.5,963.198
5/27/2025 1:00,3506,708.066,136.5,844.566
5/27/2025 2:00,3507,601.306,136.5,737.806
5/27/2025 3:00,3508,547.768,136.5,684.268
5/27/2025 4:00,3509,482.903,136.5,619.403
5/27/2025 5:00,3510,443.993,186.5,630.493
5/27/2025 6:00,3511,618.661,206.5,825.161
5/27/2025 7:00,3512,669.095,233,902.095
5/27/2025 8:00,3513,735.812,243,978.812
5/27/2025 9:00,3514,750.807,223,973.807
5/27/2025 10:00,3515,804.709,223,1027.709
5/27/2025 11:00,3516,878.697,223,1101.697
5/27/2025 12:00,3517,1003.697,213,1216.697
5/27/2025 13:00,3518,1031.196,213,1244.196
5/27/2025 14:00,3519,1054.287,223,1277.287
5/27/2025 15:00,3520,933.866,223,1156.866
5/27/2025 16:00,3521,852.003,259,1111.003
5/27/2025 17:00,3522,868.958,246.5,1115.458
5/27/2025 18:00,3523,1086.121,236.5,1322.621
5/27/2025 19:00,3524,1259.023,206.5,1465.523
5/27/2025 20:00,3525,1275.533,176.5,1452.033
5/27/2025 21:00,3526,1209.117,166.5,1375.617
5/27/2025 22:00,3527,1102.767,156.5,1259.267
5/27/2025 23:00,3528,845.721,146.5,992.221
5/28/2025 0:00,3529,688.672,136.5,825.172
5/28/2025 1:00,3530,643.186,136.5,779.686
5/28/2025 2:00,3531,549.872,136.5,686.372
5/28/2025 3:00,3532,496.772,136.5,633.272
5/28/2025 4:00,3533,505.875,136.5,642.375
5/28/2025 5:00,3534,467.069,186.5,653.569
5/28/2025 6:00,3535,629.957,206.5,836.457
5/28/2025 7:00,3536,722.084,233,955.084
5/28/2025 8:00,3537,776.018,243,1019.018
5/28/2025 9:00,3538,765.904,223,988.904
5/28/2025 10:00,3539,794.966,223,1017.966
5/28/2025 11:00,3540,830.159,223,1053.159
5/28/2025 12:00,3541,1000.69,213,1213.69
5/28/2025 13:00,3542,956.557,213,1169.557
5/28/2025 14:00,3543,922.749,223,1145.749
5/28/2025 15:00,3544,845.904,223,1068.904
5/28/2025 16:00,3545,750.35,259,1009.35
5/28/2025 17:00,3546,889.36,246.5,1135.86
5/28/2025 18:00,3547,1211.651,236.5,1448.151
5/28/2025 19:00,3548,1328.296,206.5,1534.796
5/28/2025 20:00,3549,1286.588,176.5,1463.088
5/28/2025 21:00,3550,1164.516,166.5,1331.016
5/28/2025 22:00,3551,1107.203,156.5,1263.703
5/28/2025 23:00,3552,903.218,146.5,1049.718
5/29/2025 0:00,3553,770.427,136.5,906.927
5/29/2025 1:00,3554,690.303,136.5,826.803
5/29/2025 2:00,3555,629.482,136.5,765.982
5/29/2025 3:00,3556,585.41,136.5,721.91
5/29/2025 4:00,3557,526.39,136.5,662.89
5/29/2025 5:00,3558,480.651,186.5,667.151
5/29/2025 6:00,3559,662.515,206.5,869.015
5/29/2025 7:00,3560,742.707,233,975.707
5/29/2025 8:00,3561,812.98,243,1055.98
5/29/2025 9:00,3562,874.109,223,1097.109
5/29/2025 10:00,3563,841.356,223,1064.356
5/29/2025 11:00,3564,881.77,223,1104.77
5/29/2025 12:00,3565,942.544,213,1155.544
5/29/2025 13:00,3566,957.336,213,1170.336
5/29/2025 14:00,3567,1004.953,223,1227.953
5/29/2025 15:00,3568,956.585,223,1179.585
5/29/2025 16:00,3569,915.903,259,1174.903
5/29/2025 17:00,3570,985.778,246.5,1232.278
5/29/2025 18:00,3571,1217.501,236.5,1454.001
5/29/2025 19:00,3572,1432.107,206.5,1638.607
5/29/2025 20:00,3573,1451.727,176.5,1628.227
5/29/2025 21:00,3574,1377.35,166.5,1543.85
5/29/2025 22:00,3575,1312.142,156.5,1468.642
5/29/2025 23:00,3576,1033.986,146.5,1180.486
5/30/2025 0:00,3577,794.736,136.5,931.236
5/30/2025 1:00,3578,667.373,136.5,803.873
5/30/2025 2:00,3579,613.369,136.5,749.869
5/30/2025 3:00,3580,585.342,136.5,721.842
5/30/2025 4:00,3581,522.842,136.5,659.342
5/30/2025 5:00,3582,516.595,186.5,703.095
5/30/2025 6:00,3583,538.901,184,722.901
5/30/2025 7:00,3584,616.797,201,817.797
5/30/2025 8:00,3585,661.091,206.5,867.591
5/30/2025 9:00,3586,689.076,186.5,875.576
5/30/2025 10:00,3587,785.306,186.5,971.806
5/30/2025 11:00,3588,835.788,186.5,1022.288
5/30/2025 12:00,3589,868.001,178,1046.001
5/30/2025 13:00,3590,890.016,178,1068.016
5/30/2025 14:00,3591,951.462,216.5,1167.962
5/30/2025 15:00,3592,887.159,216.5,1103.659
5/30/2025 16:00,3593,865.303,256.5,1121.803
5/30/2025 17:00,3594,910.974,246.5,1157.474
5/30/2025 18:00,3595,1132.025,236.5,1368.525
5/30/2025 19:00,3596,1381.28,206.5,1587.78
5/30/2025 20:00,3597,1461.724,176.5,1638.224
5/30/2025 21:00,3598,1404.352,166.5,1570.852
5/30/2025 22:00,3599,1251.9,156.5,1408.4
5/30/2025 23:00,3600,954.499,146.5,1100.999
5/31/2025 0:00,3601,756.263,136.5,892.763
5/31/2025 1:00,3602,641.578,136.5,778.078
5/31/2025 2:00,3603,560.558,136.5,697.058
5/31/2025 3:00,3604,517.395,136.5,653.895
5/31/2025 4:00,3605,465.492,136.5,601.992
5/31/2025 5:00,3606,424.334,186.5,610.834
5/31/2025 6:00,3607,594.946,206.5,801.446
5/31/2025 7:00,3608,693.777,226.5,920.277
5/31/2025 8:00,3609,789.933,236.5,1026.433
5/31/2025 9:00,3610,789.486,216.5,1005.986
5/31/2025 10:00,3611,822.506,216.5,1039.006
5/31/2025 11:00,3612,906.574,216.5,1123.074
5/31/2025 12:00,3613,954.313,206.5,1160.813
5/31/2025 13:00,3614,1005.252,206.5,1211.752
5/31/2025 14:00,3615,1011.253,216.5,1227.753
5/31/2025 15:00,3616,937.611,216.5,1154.111
5/31/2025 16:00,3617,835.497,256.5,1091.997
5/31/2025 17:00,3618,879.569,246.5,1126.069
5/31/2025 18:00,3619,1065.544,236.5,1302.044
5/31/2025 19:00,3620,1217.676,206.5,1424.176
5/31/2025 20:00,3621,1250.153,176.5,1426.653
5/31/2025 21:00,3622,1189.105,166.5,1355.605
5/31/2025 22:00,3623,1146.976,156.5,1303.476
5/31/2025 23:00,3624,970.377,146.5,1116.877
6/1/2025 0:00,3625,743.38,136.5,879.88
6/1/2025 1:00,3626,656.566,136.5,793.066
6/1/2025 2:00,3627,562.249,136.5,698.749
6/1/2025 3:00,3628,518.305,136.5,654.805
6/1/2025 4:00,3629,466.416,136.5,602.916
6/1/2025 5:00,3630,459.222,186.5,645.722
6/1/2025 6:00,3631,591.781,206.5,798.281
6/1/2025 7:00,3632,695.231,233,928.231
6/1/2025 8:00,3633,722.442,243,965.442
6/1/2025 9:00,3634,747.926,223,970.926
6/1/2025 10:00,3635,743.034,223,966.034
6/1/2025 11:00,3636,845.151,223,1068.151
6/1/2025 12:00,3637,945.402,213,1158.402
6/1/2025 13:00,3638,974.794,213,1187.794
6/1/2025 14:00,3639,1033.819,223,1256.819
6/1/2025 15:00,3640,976.501,223,1199.501
6/1/2025 16:00,3641,850.581,259,1109.581
6/1/2025 17:00,3642,881.001,246.5,1127.501
6/1/2025 18:00,3643,1112.003,236.5,1348.503
6/1/2025 19:00,3644,1231.617,206.5,1438.117
6/1/2025 20:00,3645,1318.148,176.5,1494.648
6/1/2025 21:00,3646,1275.816,166.5,1442.316
6/1/2025 22:00,3647,1178.212,156.5,1334.712
6/1/2025 23:00,3648,959.491,146.5,1105.991
6/2/2025 0:00,3649,795.273,136.5,931.773
6/2/2025 1:00,3650,673.711,136.5,810.211
6/2/2025 2:00,3651,583.532,136.5,720.032
6/2/2025 3:00,3652,558.227,136.5,694.727
6/2/2025 4:00,3653,511.978,136.5,648.478
6/2/2025 5:00,3654,463.997,186.5,650.497
6/2/2025 6:00,3655,603.257,206.5,809.757
6/2/2025 7:00,3656,672.022,233,905.022
6/2/2025 8:00,3657,714.617,243,957.617
6/2/2025 9:00,3658,713.971,223,936.971
6/2/2025 10:00,3659,704.667,223,927.667
6/2/2025 11:00,3660,774.624,223,997.624
6/2/2025 12:00,3661,829.468,213,1042.468
6/2/2025 13:00,3662,861.709,213,1074.709
6/2/2025 14:00,3663,899.099,223,1122.099
6/2/2025 15:00,3664,838.011,223,1061.011
6/2/2025 16:00,3665,775.111,259,1034.111
6/2/2025 17:00,3666,793.861,246.5,1040.361
6/2/2025 18:00,3667,1001.321,236.5,1237.821
6/2/2025 19:00,3668,1202.552,206.5,1409.052
6/2/2025 20:00,3669,1261.315,176.5,1437.815
6/2/2025 21:00,3670,1185.841,166.5,1352.341
6/2/2025 22:00,3671,1112.155,156.5,1268.655
6/2/2025 23:00,3672,961.769,146.5,1108.269
6/3/2025 0:00,3673,793.567,136.5,930.067
6/3/2025 1:00,3674,663.013,136.5,799.513
6/3/2025 2:00,3675,585.562,136.5,722.062
6/3/2025 3:00,3676,540.554,136.5,677.054
6/3/2025 4:00,3677,490.196,136.5,626.696
6/3/2025 5:00,3678,464.224,186.5,650.724
6/3/2025 6:00,3679,580.194,206.5,786.694
6/3/2025 7:00,3680,639.475,233,872.475
6/3/2025 8:00,3681,693.862,243,936.862
6/3/2025 9:00,3682,748.142,223,971.142
6/3/2025 10:00,3683,767.246,223,990.246
6/3/2025 11:00,3684,850.679,223,1073.679
6/3/2025 12:00,3685,924.777,213,1137.777
6/3/2025 13:00,3686,986.922,213,1199.922
6/3/2025 14:00,3687,965.168,223,1188.168
6/3/2025 15:00,3688,908.719,223,1131.719
6/3/2025 16:00,3689,809.366,259,1068.366
6/3/2025 17:00,3690,893.953,246.5,1140.453
6/3/2025 18:00,3691,1125.225,236.5,1361.725
6/3/2025 19:00,3692,1318.612,206.5,1525.112
6/3/2025 20:00,3693,1357.843,176.5,1534.343
6/3/2025 21:00,3694,1311.827,166.5,1478.327
6/3/2025 22:00,3695,1184.495,156.5,1340.995
6/3/2025 23:00,3696,950.876,146.5,1097.376
6/4/2025 0:00,3697,787.927,136.5,924.427
6/4/2025 1:00,3698,657.876,136.5,794.376
6/4/2025 2:00,3699,570.655,136.5,707.155
6/4/2025 3:00,3700,530.628,136.5,667.128
6/4/2025 4:00,3701,492.378,136.5,628.878
6/4/2025 5:00,3702,448.634,186.5,635.134
6/4/2025 6:00,3703,598.355,206.5,804.855
6/4/2025 7:00,3704,673.672,233,906.672
6/4/2025 8:00,3705,657.002,243,900.002
6/4/2025 9:00,3706,722.284,223,945.284
6/4/2025 10:00,3707,761.888,223,984.888
6/4/2025 11:00,3708,844.082,223,1067.082
6/4/2025 12:00,3709,961.144,213,1174.144
6/4/2025 13:00,3710,934.365,213,1147.365
6/4/2025 14:00,3711,905.003,223,1128.003
6/4/2025 15:00,3712,776.85,223,999.85
6/4/2025 16:00,3713,734.209,259,993.209
6/4/2025 17:00,3714,822.095,246.5,1068.595
6/4/2025 18:00,3715,1041.006,236.5,1277.506
6/4/2025 19:00,3716,1271.255,206.5,1477.755
6/4/2025 20:00,3717,1333.25,176.5,1509.75
6/4/2025 21:00,3718,1270.576,166.5,1437.076
6/4/2025 22:00,3719,1139.853,156.5,1296.353
6/4/2025 23:00,3720,946.847,146.5,1093.347
6/5/2025 0:00,3721,821.24,136.5,957.74
6/5/2025 1:00,3722,690.788,136.5,827.288
6/5/2025 2:00,3723,582.355,136.5,718.855
6/5/2025 3:00,3724,541.372,136.5,677.872
6/5/2025 4:00,3725,521.053,136.5,657.553
6/5/2025 5:00,3726,543.729,186.5,730.229
6/5/2025 6:00,3727,694.7,206.5,901.2
6/5/2025 7:00,3728,744.139,233,977.139
6/5/2025 8:00,3729,753.638,243,996.638
6/5/2025 9:00,3730,831.288,223,1054.288
6/5/2025 10:00,3731,805.833,223,1028.833
6/5/2025 11:00,3732,923.902,223,1146.902
6/5/2025 12:00,3733,1022.489,213,1235.489
6/5/2025 13:00,3734,1058.85,213,1271.85
6/5/2025 14:00,3735,1029.256,223,1252.256
6/5/2025 15:00,3736,977.891,223,1200.891
6/5/2025 16:00,3737,900.323,259,1159.323
6/5/2025 17:00,3738,947.619,246.5,1194.119
6/5/2025 18:00,3739,1263.858,236.5,1500.358
6/5/2025 19:00,3740,1394.567,206.5,1601.067
6/5/2025 20:00,3741,1444.806,176.5,1621.306
6/5/2025 21:00,3742,1262.752,166.5,1429.252
6/5/2025 22:00,3743,1229.778,156.5,1386.278
6/5/2025 23:00,3744,1033.633,146.5,1180.133
6/6/2025 0:00,3745,782.615,136.5,919.115
6/6/2025 1:00,3746,685.324,136.5,821.824
6/6/2025 2:00,3747,612.589,136.5,749.089
6/6/2025 3:00,3748,540.265,136.5,676.765
6/6/2025 4:00,3749,502.234,136.5,638.734
6/6/2025 5:00,3750,457.021,186.5,643.521
6/6/2025 6:00,3751,522.062,184,706.062
6/6/2025 7:00,3752,627.015,201,828.015
6/6/2025 8:00,3753,685.99,206.5,892.49
6/6/2025 9:00,3754,698.114,186.5,884.614
6/6/2025 10:00,3755,701.062,186.5,887.562
6/6/2025 11:00,3756,756.07,186.5,942.57
6/6/2025 12:00,3757,841.615,178,1019.615
6/6/2025 13:00,3758,833.416,178,1011.416
6/6/2025 14:00,3759,983.43,216.5,1199.93
6/6/2025 15:00,3760,945.396,216.5,1161.896
6/6/2025 16:00,3761,856.587,256.5,1113.087
6/6/2025 17:00,3762,959.465,246.5,1205.965
6/6/2025 18:00,3763,1180.02,236.5,1416.52
6/6/2025 19:00,3764,1332.74,206.5,1539.24
6/6/2025 20:00,3765,1316.57,176.5,1493.07
6/6/2025 21:00,3766,1326.087,166.5,1492.587
6/6/2025 22:00,3767,1177.59,156.5,1334.09
6/6/2025 23:00,3768,925.329,146.5,1071.829
6/7/2025 0:00,3769,796.034,136.5,932.534
6/7/2025 1:00,3770,668.647,136.5,805.147
6/7/2025 2:00,3771,591.41,136.5,727.91
6/7/2025 3:00,3772,581.12,136.5,717.62
6/7/2025 4:00,3773,530.061,136.5,666.561
6/7/2025 5:00,3774,481.203,186.5,667.703
6/7/2025 6:00,3775,649.206,206.5,855.706
6/7/2025 7:00,3776,731.359,226.5,957.859
6/7/2025 8:00,3777,878.805,236.5,1115.305
6/7/2025 9:00,3778,883.059,216.5,1099.559
6/7/2025 10:00,3779,871.78,216.5,1088.28
6/7/2025 11:00,3780,986.389,216.5,1202.889
6/7/2025 12:00,3781,961.238,206.5,1167.738
6/7/2025 13:00,3782,999.679,206.5,1206.179
6/7/2025 14:00,3783,1063.216,216.5,1279.716
6/7/2025 15:00,3784,965.03,216.5,1181.53
6/7/2025 16:00,3785,817.616,256.5,1074.116
6/7/2025 17:00,3786,887.44,246.5,1133.94
6/7/2025 18:00,3787,1202.103,236.5,1438.603
6/7/2025 19:00,3788,1377.183,206.5,1583.683
6/7/2025 20:00,3789,1352.765,176.5,1529.265
6/7/2025 21:00,3790,1279.355,166.5,1445.855
6/7/2025 22:00,3791,1165.979,156.5,1322.479
6/7/2025 23:00,3792,962.773,146.5,1109.273
6/8/2025 0:00,3793,818.881,136.5,955.381
6/8/2025 1:00,3794,726.499,136.5,862.999
6/8/2025 2:00,3795,641.571,136.5,778.071
6/8/2025 3:00,3796,551.521,136.5,688.021
6/8/2025 4:00,3797,481.404,136.5,617.904
6/8/2025 5:00,3798,476.505,186.5,663.005
6/8/2025 6:00,3799,599.226,206.5,805.726
6/8/2025 7:00,3800,679.18,233,912.18
6/8/2025 8:00,3801,740.268,243,983.268
6/8/2025 9:00,3802,756.908,223,979.908
6/8/2025 10:00,3803,767.372,223,990.372
6/8/2025 11:00,3804,864.858,223,1087.858
6/8/2025 12:00,3805,961.213,213,1174.213
6/8/2025 13:00,3806,1028.239,213,1241.239
6/8/2025 14:00,3807,1027.406,223,1250.406
6/8/2025 15:00,3808,944.112,223,1167.112
6/8/2025 16:00,3809,831.249,259,1090.249
6/8/2025 17:00,3810,854.909,246.5,1101.409
6/8/2025 18:00,3811,1071.508,236.5,1308.008
6/8/2025 19:00,3812,1276.179,206.5,1482.679
6/8/2025 20:00,3813,1329.437,176.5,1505.937
6/8/2025 21:00,3814,1200.146,166.5,1366.646
6/8/2025 22:00,3815,1116.634,156.5,1273.134
6/8/2025 23:00,3816,961.797,146.5,1108.297
6/9/2025 0:00,3817,777.847,136.5,914.347
6/9/2025 1:00,3818,641.967,136.5,778.467
6/9/2025 2:00,3819,631.338,136.5,767.838
6/9/2025 3:00,3820,568.278,136.5,704.778
6/9/2025 4:00,3821,518.749,136.5,655.249
6/9/2025 5:00,3822,493.067,186.5,679.567
6/9/2025 6:00,3823,630.14,206.5,836.64
6/9/2025 7:00,3824,679.772,233,912.772
6/9/2025 8:00,3825,784.939,243,1027.939
6/9/2025 9:00,3826,839.72,223,1062.72
6/9/2025 10:00,3827,866.045,223,1089.045
6/9/2025 11:00,3828,943.444,223,1166.444
6/9/2025 12:00,3829,952.876,213,1165.876
6/9/2025 13:00,3830,1022.567,213,1235.567
6/9/2025 14:00,3831,966.673,223,1189.673
6/9/2025 15:00,3832,908.961,223,1131.961
6/9/2025 16:00,3833,775.479,259,1034.479
6/9/2025 17:00,3834,777.532,246.5,1024.032
6/9/2025 18:00,3835,1036.98,236.5,1273.48
6/9/2025 19:00,3836,1190.931,206.5,1397.431
6/9/2025 20:00,3837,1169.593,176.5,1346.093
6/9/2025 21:00,3838,1208.286,166.5,1374.786
6/9/2025 22:00,3839,1228.571,156.5,1385.071
6/9/2025 23:00,3840,1017.241,146.5,1163.741
6/10/2025 0:00,3841,782.219,136.5,918.719
6/10/2025 1:00,3842,670.702,136.5,807.202
6/10/2025 2:00,3843,609.561,136.5,746.061
6/10/2025 3:00,3844,572.224,136.5,708.724
6/10/2025 4:00,3845,502.404,136.5,638.904
6/10/2025 5:00,3846,470.862,186.5,657.362
6/10/2025 6:00,3847,623.398,206.5,829.898
6/10/2025 7:00,3848,704.497,233,937.497
6/10/2025 8:00,3849,731.406,243,974.406
6/10/2025 9:00,3850,768.446,223,991.446
6/10/2025 10:00,3851,832.433,223,1055.433
6/10/2025 11:00,3852,932.913,223,1155.913
6/10/2025 12:00,3853,986.493,213,1199.493
6/10/2025 13:00,3854,1048.813,213,1261.813
6/10/2025 14:00,3855,988.688,223,1211.688
6/10/2025 15:00,3856,956.897,223,1179.897
6/10/2025 16:00,3857,865.686,259,1124.686
6/10/2025 17:00,3858,1007.843,246.5,1254.343
6/10/2025 18:00,3859,1138.769,236.5,1375.269
6/10/2025 19:00,3860,1255.437,206.5,1461.937
6/10/2025 20:00,3861,1301.039,176.5,1477.539
6/10/2025 21:00,3862,1266.772,166.5,1433.272
6/10/2025 22:00,3863,1235.779,156.5,1392.279
6/10/2025 23:00,3864,945.196,146.5,1091.696
6/11/2025 0:00,3865,797.152,136.5,933.652
6/11/2025 1:00,3866,707.947,136.5,844.447
6/11/2025 2:00,3867,628.524,136.5,765.024
6/11/2025 3:00,3868,544.31,136.5,680.81
6/11/2025 4:00,3869,520.745,136.5,657.245
6/11/2025 5:00,3870,507.051,186.5,693.551
6/11/2025 6:00,3871,660.638,206.5,867.138
6/11/2025 7:00,3872,723.503,233,956.503
6/11/2025 8:00,3873,756.796,243,999.796
6/11/2025 9:00,3874,788.621,223,1011.621
6/11/2025 10:00,3875,826.862,223,1049.862
6/11/2025 11:00,3876,895.682,223,1118.682
6/11/2025 12:00,3877,922.945,213,1135.945
6/11/2025 13:00,3878,919.942,213,1132.942
6/11/2025 14:00,3879,902.997,223,1125.997
6/11/2025 15:00,3880,867.192,223,1090.192
6/11/2025 16:00,3881,800.057,259,1059.057
6/11/2025 17:00,3882,872.315,246.5,1118.815
6/11/2025 18:00,3883,1112.357,236.5,1348.857
6/11/2025 19:00,3884,1245.508,206.5,1452.008
6/11/2025 20:00,3885,1344.628,176.5,1521.128
6/11/2025 21:00,3886,1269.462,166.5,1435.962
6/11/2025 22:00,3887,1150.981,156.5,1307.481
6/11/2025 23:00,3888,942.549,146.5,1089.049
6/12/2025 0:00,3889,805.207,136.5,941.707
6/12/2025 1:00,3890,697.51,136.5,834.01
6/12/2025 2:00,3891,659.755,136.5,796.255
6/12/2025 3:00,3892,570.323,136.5,706.823
6/12/2025 4:00,3893,557.177,136.5,693.677
6/12/2025 5:00,3894,564.455,186.5,750.955
6/12/2025 6:00,3895,713.909,206.5,920.409
6/12/2025 7:00,3896,801.769,233,1034.769
6/12/2025 8:00,3897,875.806,243,1118.806
6/12/2025 9:00,3898,891.337,223,1114.337
6/12/2025 10:00,3899,942.731,223,1165.731
6/12/2025 11:00,3900,990.734,223,1213.734
6/12/2025 12:00,3901,1040.054,213,1253.054
6/12/2025 13:00,3902,1045.67,213,1258.67
6/12/2025 14:00,3903,1064.335,223,1287.335
6/12/2025 15:00,3904,1038.877,223,1261.877
6/12/2025 16:00,3905,940.143,259,1199.143
6/12/2025 17:00,3906,962.411,246.5,1208.911
6/12/2025 18:00,3907,1170.277,236.5,1406.777
6/12/2025 19:00,3908,1391.051,206.5,1597.551
6/12/2025 20:00,3909,1518.449,176.5,1694.949
6/12/2025 21:00,3910,1455.411,166.5,1621.911
6/12/2025 22:00,3911,1302.046,156.5,1458.546
6/12/2025 23:00,3912,1070.032,146.5,1216.532
6/13/2025 0:00,3913,783.82,136.5,920.32
6/13/2025 1:00,3914,669.226,136.5,805.726
6/13/2025 2:00,3915,576.043,136.5,712.543
6/13/2025 3:00,3916,565.379,136.5,701.879
6/13/2025 4:00,3917,463.572,136.5,600.072
6/13/2025 5:00,3918,466.401,186.5,652.901
6/13/2025 6:00,3919,533.975,184,717.975
6/13/2025 7:00,3920,599.177,201,800.177
6/13/2025 8:00,3921,687.209,206.5,893.709
6/13/2025 9:00,3922,699.712,186.5,886.212
6/13/2025 10:00,3923,704.221,186.5,890.721
6/13/2025 11:00,3924,777.127,186.5,963.627
6/13/2025 12:00,3925,851.069,178,1029.069
6/13/2025 13:00,3926,860.238,178,1038.238
6/13/2025 14:00,3927,941.261,216.5,1157.761
6/13/2025 15:00,3928,871.456,216.5,1087.956
6/13/2025 16:00,3929,856.607,256.5,1113.107
6/13/2025 17:00,3930,911.274,246.5,1157.774
6/13/2025 18:00,3931,1170.993,236.5,1407.493
6/13/2025 19:00,3932,1325.712,206.5,1532.212
6/13/2025 20:00,3933,1328.407,176.5,1504.907
6/13/2025 21:00,3934,1370.885,166.5,1537.385
6/13/2025 22:00,3935,1246.165,156.5,1402.665
6/13/2025 23:00,3936,942.866,146.5,1089.366
6/14/2025 0:00,3937,845.026,136.5,981.526
6/14/2025 1:00,3938,708.465,136.5,844.965
6/14/2025 2:00,3939,618.646,136.5,755.146
6/14/2025 3:00,3940,574.274,136.5,710.774
6/14/2025 4:00,3941,527.253,136.5,663.753
6/14/2025 5:00,3942,509.091,186.5,695.591
6/14/2025 6:00,3943,721.136,206.5,927.636
6/14/2025 7:00,3944,797.908,226.5,1024.408
6/14/2025 8:00,3945,753.651,236.5,990.151
6/14/2025 9:00,3946,813.774,216.5,1030.274
6/14/2025 10:00,3947,847.5,216.5,1064
6/14/2025 11:00,3948,933.242,216.5,1149.742
6/14/2025 12:00,3949,1008.105,206.5,1214.605
6/14/2025 13:00,3950,1032.208,206.5,1238.708
6/14/2025 14:00,3951,1019.444,216.5,1235.944
6/14/2025 15:00,3952,971.587,216.5,1188.087
6/14/2025 16:00,3953,864.077,256.5,1120.577
6/14/2025 17:00,3954,896.222,246.5,1142.722
6/14/2025 18:00,3955,1277.927,236.5,1514.427
6/14/2025 19:00,3956,1385.8,206.5,1592.3
6/14/2025 20:00,3957,1407.982,176.5,1584.482
6/14/2025 21:00,3958,1287.02,166.5,1453.52
6/14/2025 22:00,3959,1212.483,156.5,1368.983
6/14/2025 23:00,3960,953.244,146.5,1099.744
6/15/2025 0:00,3961,704.725,136.5,841.225
6/15/2025 1:00,3962,646.016,136.5,782.516
6/15/2025 2:00,3963,581.534,136.5,718.034
6/15/2025 3:00,3964,539.598,136.5,676.098
6/15/2025 4:00,3965,454.278,136.5,590.778
6/15/2025 5:00,3966,468.957,186.5,655.457
6/15/2025 6:00,3967,581.56,206.5,788.06
6/15/2025 7:00,3968,696.143,233,929.143
6/15/2025 8:00,3969,752.044,243,995.044
6/15/2025 9:00,3970,794.726,223,1017.726
6/15/2025 10:00,3971,777.481,223,1000.481
6/15/2025 11:00,3972,855.612,223,1078.612
6/15/2025 12:00,3973,898.027,213,1111.027
6/15/2025 13:00,3974,928.542,213,1141.542
6/15/2025 14:00,3975,912.335,223,1135.335
6/15/2025 15:00,3976,791.013,223,1014.013
6/15/2025 16:00,3977,780.941,259,1039.941
6/15/2025 17:00,3978,846.556,246.5,1093.056
6/15/2025 18:00,3979,1046.191,236.5,1282.691
6/15/2025 19:00,3980,1191.576,206.5,1398.076
6/15/2025 20:00,3981,1250.96,176.5,1427.46
6/15/2025 21:00,3982,1174.636,166.5,1341.136
6/15/2025 22:00,3983,1013.386,156.5,1169.886
6/15/2025 23:00,3984,858.643,146.5,1005.143
6/16/2025 0:00,3985,785.488,136.5,921.988
6/16/2025 1:00,3986,681.844,136.5,818.344
6/16/2025 2:00,3987,585.662,136.5,722.162
6/16/2025 3:00,3988,550.263,136.5,686.763
6/16/2025 4:00,3989,480.443,136.5,616.943
6/16/2025 5:00,3990,448.915,186.5,635.415
6/16/2025 6:00,3991,597.367,206.5,803.867
6/16/2025 7:00,3992,715.605,233,948.605
6/16/2025 8:00,3993,752.314,243,995.314
6/16/2025 9:00,3994,792.445,223,1015.445
6/16/2025 10:00,3995,888.823,223,1111.823
6/16/2025 11:00,3996,963.396,223,1186.396
6/16/2025 12:00,3997,1022.905,213,1235.905
6/16/2025 13:00,3998,1022.325,213,1235.325
6/16/2025 14:00,3999,986.723,223,1209.723
6/16/2025 15:00,4000,853.919,223,1076.919
6/16/2025 16:00,4001,844.453,259,1103.453
6/16/2025 17:00,4002,939.127,246.5,1185.627
6/16/2025 18:00,4003,1160.997,236.5,1397.497
6/16/2025 19:00,4004,1324.74,206.5,1531.24
6/16/2025 20:00,4005,1388.778,176.5,1565.278
6/16/2025 21:00,4006,1260.511,166.5,1427.011
6/16/2025 22:00,4007,1151.389,156.5,1307.889
6/16/2025 23:00,4008,905.557,146.5,1052.057
6/17/2025 0:00,4009,782.187,136.5,918.687
6/17/2025 1:00,4010,695.827,136.5,832.327
6/17/2025 2:00,4011,563.33,136.5,699.83
6/17/2025 3:00,4012,498.455,136.5,634.955
6/17/2025 4:00,4013,469.086,136.5,605.586
6/17/2025 5:00,4014,445.274,186.5,631.774
6/17/2025 6:00,4015,572.106,206.5,778.606
6/17/2025 7:00,4016,717.298,233,950.298
6/17/2025 8:00,4017,761.966,243,1004.966
6/17/2025 9:00,4018,814.449,223,1037.449
6/17/2025 10:00,4019,810.058,223,1033.058
6/17/2025 11:00,4020,911.426,223,1134.426
6/17/2025 12:00,4021,952.342,213,1165.342
6/17/2025 13:00,4022,968.828,213,1181.828
6/17/2025 14:00,4023,982.902,223,1205.902
6/17/2025 15:00,4024,858.867,223,1081.867
6/17/2025 16:00,4025,854.598,259,1113.598
6/17/2025 17:00,4026,925.692,246.5,1172.192
6/17/2025 18:00,4027,1194.902,236.5,1431.402
6/17/2025 19:00,4028,1290.085,206.5,1496.585
6/17/2025 20:00,4029,1279.118,176.5,1455.618
6/17/2025 21:00,4030,1198.784,166.5,1365.284
6/17/2025 22:00,4031,1133.058,156.5,1289.558
6/17/2025 23:00,4032,921.892,146.5,1068.392
6/18/2025 0:00,4033,718.243,136.5,854.743
6/18/2025 1:00,4034,608.334,136.5,744.834
6/18/2025 2:00,4035,526.863,136.5,663.363
6/18/2025 3:00,4036,497.555,136.5,634.055
6/18/2025 4:00,4037,454.655,136.5,591.155
6/18/2025 5:00,4038,424.307,186.5,610.807
6/18/2025 6:00,4039,613.065,206.5,819.565
6/18/2025 7:00,4040,679.592,233,912.592
6/18/2025 8:00,4041,752.419,243,995.419
6/18/2025 9:00,4042,767.359,223,990.359
6/18/2025 10:00,4043,796.424,223,1019.424
6/18/2025 11:00,4044,863.529,223,1086.529
6/18/2025 12:00,4045,865.138,213,1078.138
6/18/2025 13:00,4046,957.388,213,1170.388
6/18/2025 14:00,4047,935.303,223,1158.303
6/18/2025 15:00,4048,894.169,223,1117.169
6/18/2025 16:00,4049,789.399,259,1048.399
6/18/2025 17:00,4050,862.338,246.5,1108.838
6/18/2025 18:00,4051,1050.799,236.5,1287.299
6/18/2025 19:00,4052,1275.672,206.5,1482.172
6/18/2025 20:00,4053,1305.165,176.5,1481.665
6/18/2025 21:00,4054,1257.669,166.5,1424.169
6/18/2025 22:00,4055,1186.888,156.5,1343.388
6/18/2025 23:00,4056,966.756,146.5,1113.256
6/19/2025 0:00,4057,791.378,136.5,927.878
6/19/2025 1:00,4058,638.679,136.5,775.179
6/19/2025 2:00,4059,555.52,136.5,692.02
6/19/2025 3:00,4060,496.091,136.5,632.591
6/19/2025 4:00,4061,475.421,136.5,611.921
6/19/2025 5:00,4062,453.533,186.5,640.033
6/19/2025 6:00,4063,568.067,206.5,774.567
6/19/2025 7:00,4064,647.512,233,880.512
6/19/2025 8:00,4065,657.166,243,900.166
6/19/2025 9:00,4066,723.354,223,946.354
6/19/2025 10:00,4067,715.622,223,938.622
6/19/2025 11:00,4068,830.566,223,1053.566
6/19/2025 12:00,4069,912.806,213,1125.806
6/19/2025 13:00,4070,1004.222,213,1217.222
6/19/2025 14:00,4071,997.312,223,1220.312
6/19/2025 15:00,4072,893.585,223,1116.585
6/19/2025 16:00,4073,838.297,259,1097.297
6/19/2025 17:00,4074,855.62,246.5,1102.12
6/19/2025 18:00,4075,1044.084,236.5,1280.584
6/19/2025 19:00,4076,1235.067,206.5,1441.567
6/19/2025 20:00,4077,1179.425,176.5,1355.925
6/19/2025 21:00,4078,1170.222,166.5,1336.722
6/19/2025 22:00,4079,1051.867,156.5,1208.367
6/19/2025 23:00,4080,869.148,146.5,1015.648
6/20/2025 0:00,4081,691.2,136.5,827.7
6/20/2025 1:00,4082,624.689,136.5,761.189
6/20/2025 2:00,4083,560.591,136.5,697.091
6/20/2025 3:00,4084,543.266,136.5,679.766
6/20/2025 4:00,4085,487.483,136.5,623.983
6/20/2025 5:00,4086,441.992,186.5,628.492
6/20/2025 6:00,4087,511.882,184,695.882
6/20/2025 7:00,4088,554.102,201,755.102
6/20/2025 8:00,4089,615.735,206.5,822.235
6/20/2025 9:00,4090,677.632,186.5,864.132
6/20/2025 10:00,4091,760.467,186.5,946.967
6/20/2025 11:00,4092,784.86,186.5,971.36
6/20/2025 12:00,4093,819.829,178,997.829
6/20/2025 13:00,4094,821.997,178,999.997
6/20/2025 14:00,4095,957.478,216.5,1173.978
6/20/2025 15:00,4096,905.839,216.5,1122.339
6/20/2025 16:00,4097,822.284,256.5,1078.784
6/20/2025 17:00,4098,924.161,246.5,1170.661
6/20/2025 18:00,4099,1126.412,236.5,1362.912
6/20/2025 19:00,4100,1332.248,206.5,1538.748
6/20/2025 20:00,4101,1365.583,176.5,1542.083
6/20/2025 21:00,4102,1295.21,166.5,1461.71
6/20/2025 22:00,4103,1165.726,156.5,1322.226
6/20/2025 23:00,4104,971.343,146.5,1117.843
6/21/2025 0:00,4105,782.475,136.5,918.975
6/21/2025 1:00,4106,682.259,136.5,818.759
6/21/2025 2:00,4107,586.184,136.5,722.684
6/21/2025 3:00,4108,575.567,136.5,712.067
6/21/2025 4:00,4109,530.634,136.5,667.134
6/21/2025 5:00,4110,479.443,186.5,665.943
6/21/2025 6:00,4111,641.52,206.5,848.02
6/21/2025 7:00,4112,725.451,226.5,951.951
6/21/2025 8:00,4113,745.92,236.5,982.42
6/21/2025 9:00,4114,802.885,216.5,1019.385
6/21/2025 10:00,4115,832.661,216.5,1049.161
6/21/2025 11:00,4116,906.287,216.5,1122.787
6/21/2025 12:00,4117,956.98,206.5,1163.48
6/21/2025 13:00,4118,992.538,206.5,1199.038
6/21/2025 14:00,4119,980.452,216.5,1196.952
6/21/2025 15:00,4120,909.31,216.5,1125.81
6/21/2025 16:00,4121,807.544,256.5,1064.044
6/21/2025 17:00,4122,939.402,246.5,1185.902
6/21/2025 18:00,4123,1123.16,236.5,1359.66
6/21/2025 19:00,4124,1307.898,206.5,1514.398
6/21/2025 20:00,4125,1315.596,176.5,1492.096
6/21/2025 21:00,4126,1340.176,166.5,1506.676
6/21/2025 22:00,4127,1165.831,156.5,1322.331
6/21/2025 23:00,4128,912.547,146.5,1059.047
6/22/2025 0:00,4129,684.914,136.5,821.414
6/22/2025 1:00,4130,614.104,136.5,750.604
6/22/2025 2:00,4131,522.886,136.5,659.386
6/22/2025 3:00,4132,482.144,136.5,618.644
6/22/2025 4:00,4133,412.546,136.5,549.046
6/22/2025 5:00,4134,409.912,186.5,596.412
6/22/2025 6:00,4135,549.04,206.5,755.54
6/22/2025 7:00,4136,594.391,233,827.391
6/22/2025 8:00,4137,685.616,243,928.616
6/22/2025 9:00,4138,698.183,223,921.183
6/22/2025 10:00,4139,762.123,223,985.123
6/22/2025 11:00,4140,813.575,223,1036.575
6/22/2025 12:00,4141,931.286,213,1144.286
6/22/2025 13:00,4142,966.394,213,1179.394
6/22/2025 14:00,4143,903.368,223,1126.368
6/22/2025 15:00,4144,816.321,223,1039.321
6/22/2025 16:00,4145,777.783,259,1036.783
6/22/2025 17:00,4146,846.092,246.5,1092.592
6/22/2025 18:00,4147,1057.15,236.5,1293.65
6/22/2025 19:00,4148,1270.277,206.5,1476.777
6/22/2025 20:00,4149,1247.554,176.5,1424.054
6/22/2025 21:00,4150,1202.459,166.5,1368.959
6/22/2025 22:00,4151,1129.359,156.5,1285.859
6/22/2025 23:00,4152,918.881,146.5,1065.381
6/23/2025 0:00,4153,702.654,136.5,839.154
6/23/2025 1:00,4154,599.124,136.5,735.624
6/23/2025 2:00,4155,498.457,136.5,634.957
6/23/2025 3:00,4156,448.878,136.5,585.378
6/23/2025 4:00,4157,427.237,136.5,563.737
6/23/2025 5:00,4158,403.283,186.5,589.783
6/23/2025 6:00,4159,545.426,206.5,751.926
6/23/2025 7:00,4160,642.587,233,875.587
6/23/2025 8:00,4161,642.654,243,885.654
6/23/2025 9:00,4162,687.604,223,910.604
6/23/2025 10:00,4163,723.93,223,946.93
6/23/2025 11:00,4164,774.076,223,997.076
6/23/2025 12:00,4165,883.02,213,1096.02
6/23/2025 13:00,4166,924.276,213,1137.276
6/23/2025 14:00,4167,903.449,223,1126.449
6/23/2025 15:00,4168,882.635,223,1105.635
6/23/2025 16:00,4169,740.105,259,999.105
6/23/2025 17:00,4170,815.589,246.5,1062.089
6/23/2025 18:00,4171,1036.708,236.5,1273.208
6/23/2025 19:00,4172,1147.269,206.5,1353.769
6/23/2025 20:00,4173,1196.082,176.5,1372.582
6/23/2025 21:00,4174,1107.089,166.5,1273.589
6/23/2025 22:00,4175,1046.985,156.5,1203.485
6/23/2025 23:00,4176,869.128,146.5,1015.628
6/24/2025 0:00,4177,721.93,136.5,858.43
6/24/2025 1:00,4178,580.293,136.5,716.793
6/24/2025 2:00,4179,506.63,136.5,643.13
6/24/2025 3:00,4180,486.537,136.5,623.037
6/24/2025 4:00,4181,446.842,136.5,583.342
6/24/2025 5:00,4182,374.255,186.5,560.755
6/24/2025 6:00,4183,553.17,206.5,759.67
6/24/2025 7:00,4184,629.139,233,862.139
6/24/2025 8:00,4185,647.475,243,890.475
6/24/2025 9:00,4186,727.925,223,950.925
6/24/2025 10:00,4187,728.97,223,951.97
6/24/2025 11:00,4188,783.276,223,1006.276
6/24/2025 12:00,4189,862.045,213,1075.045
6/24/2025 13:00,4190,945.611,213,1158.611
6/24/2025 14:00,4191,965.524,223,1188.524
6/24/2025 15:00,4192,880.08,223,1103.08
6/24/2025 16:00,4193,799.276,259,1058.276
6/24/2025 17:00,4194,877.429,246.5,1123.929
6/24/2025 18:00,4195,1025.132,236.5,1261.632
6/24/2025 19:00,4196,1207.751,206.5,1414.251
6/24/2025 20:00,4197,1197.16,176.5,1373.66
6/24/2025 21:00,4198,1169.875,166.5,1336.375
6/24/2025 22:00,4199,1060.445,156.5,1216.945
6/24/2025 23:00,4200,866.993,146.5,1013.493
6/25/2025 0:00,4201,748.964,136.5,885.464
6/25/2025 1:00,4202,580.322,136.5,716.822
6/25/2025 2:00,4203,542.246,136.5,678.746
6/25/2025 3:00,4204,520.546,136.5,657.046
6/25/2025 4:00,4205,484.924,136.5,621.424
6/25/2025 5:00,4206,455.283,186.5,641.783
6/25/2025 6:00,4207,641.116,206.5,847.616
6/25/2025 7:00,4208,711.612,233,944.612
6/25/2025 8:00,4209,752.588,243,995.588
6/25/2025 9:00,4210,815.276,223,1038.276
6/25/2025 10:00,4211,832.368,223,1055.368
6/25/2025 11:00,4212,862.679,223,1085.679
6/25/2025 12:00,4213,842.843,213,1055.843
6/25/2025 13:00,4214,883.156,213,1096.156
6/25/2025 14:00,4215,923.11,223,1146.11
6/25/2025 15:00,4216,855.498,223,1078.498
6/25/2025 16:00,4217,817.726,259,1076.726
6/25/2025 17:00,4218,896.472,246.5,1142.972
6/25/2025 18:00,4219,1162.831,236.5,1399.331
6/25/2025 19:00,4220,1289.333,206.5,1495.833
6/25/2025 20:00,4221,1324.225,176.5,1500.725
6/25/2025 21:00,4222,1277.212,166.5,1443.712
6/25/2025 22:00,4223,1203.967,156.5,1360.467
6/25/2025 23:00,4224,890.049,146.5,1036.549
6/26/2025 0:00,4225,756.61,136.5,893.11
6/26/2025 1:00,4226,685.958,136.5,822.458
6/26/2025 2:00,4227,641.428,136.5,777.928
6/26/2025 3:00,4228,579.375,136.5,715.875
6/26/2025 4:00,4229,514.774,136.5,651.274
6/26/2025 5:00,4230,501.372,186.5,687.872
6/26/2025 6:00,4231,672.933,206.5,879.433
6/26/2025 7:00,4232,731.994,233,964.994
6/26/2025 8:00,4233,780.581,243,1023.581
6/26/2025 9:00,4234,855.948,223,1078.948
6/26/2025 10:00,4235,923.606,223,1146.606
6/26/2025 11:00,4236,992.531,223,1215.531
6/26/2025 12:00,4237,1024.204,213,1237.204
6/26/2025 13:00,4238,1028.488,213,1241.488
6/26/2025 14:00,4239,1024.092,223,1247.092
6/26/2025 15:00,4240,939.687,223,1162.687
6/26/2025 16:00,4241,868.317,259,1127.317
6/26/2025 17:00,4242,913.943,246.5,1160.443
6/26/2025 18:00,4243,1204.351,236.5,1440.851
6/26/2025 19:00,4244,1305.787,206.5,1512.287
6/26/2025 20:00,4245,1322.008,176.5,1498.508
6/26/2025 21:00,4246,1282.927,166.5,1449.427
6/26/2025 22:00,4247,1245.773,156.5,1402.273
6/26/2025 23:00,4248,965.544,146.5,1112.044
6/27/2025 0:00,4249,727.703,136.5,864.203
6/27/2025 1:00,4250,623.595,136.5,760.095
6/27/2025 2:00,4251,594.581,136.5,731.081
6/27/2025 3:00,4252,482.904,136.5,619.404
6/27/2025 4:00,4253,437.037,136.5,573.537
6/27/2025 5:00,4254,476.043,186.5,662.543
6/27/2025 6:00,4255,553.655,184,737.655
6/27/2025 7:00,4256,591.149,201,792.149
6/27/2025 8:00,4257,632.115,206.5,838.615
6/27/2025 9:00,4258,678.436,186.5,864.936
6/27/2025 10:00,4259,723.543,186.5,910.043
6/27/2025 11:00,4260,831.051,186.5,1017.551
6/27/2025 12:00,4261,869.439,178,1047.439
6/27/2025 13:00,4262,855.748,178,1033.748
6/27/2025 14:00,4263,1002.842,216.5,1219.342
6/27/2025 15:00,4264,900.603,216.5,1117.103
6/27/2025 16:00,4265,794.476,256.5,1050.976
6/27/2025 17:00,4266,827.612,246.5,1074.112
6/27/2025 18:00,4267,1028.579,236.5,1265.079
6/27/2025 19:00,4268,1193.299,206.5,1399.799
6/27/2025 20:00,4269,1214.577,176.5,1391.077
6/27/2025 21:00,4270,1223.546,166.5,1390.046
6/27/2025 22:00,4271,1087.87,156.5,1244.37
6/27/2025 23:00,4272,767.635,146.5,914.135
6/28/2025 0:00,4273,607.341,136.5,743.841
6/28/2025 1:00,4274,547.596,136.5,684.096
6/28/2025 2:00,4275,495.211,136.5,631.711
6/28/2025 3:00,4276,495.56,136.5,632.06
6/28/2025 4:00,4277,440.578,136.5,577.078
6/28/2025 5:00,4278,432.838,186.5,619.338
6/28/2025 6:00,4279,570.575,206.5,777.075
6/28/2025 7:00,4280,646.913,226.5,873.413
6/28/2025 8:00,4281,664.004,236.5,900.504
6/28/2025 9:00,4282,704.235,216.5,920.735
6/28/2025 10:00,4283,713.649,216.5,930.149
6/28/2025 11:00,4284,796.265,216.5,1012.765
6/28/2025 12:00,4285,848.53,206.5,1055.03
6/28/2025 13:00,4286,848.524,206.5,1055.024
6/28/2025 14:00,4287,883.101,216.5,1099.601
6/28/2025 15:00,4288,835.262,216.5,1051.762
6/28/2025 16:00,4289,746.208,256.5,1002.708
6/28/2025 17:00,4290,836.948,246.5,1083.448
6/28/2025 18:00,4291,1058.887,236.5,1295.387
6/28/2025 19:00,4292,1174.637,206.5,1381.137
6/28/2025 20:00,4293,1214.508,176.5,1391.008
6/28/2025 21:00,4294,1141.665,166.5,1308.165
6/28/2025 22:00,4295,1007.302,156.5,1163.802
6/28/2025 23:00,4296,776.167,146.5,922.667
6/29/2025 0:00,4297,657.54,136.5,794.04
6/29/2025 1:00,4298,599.841,136.5,736.341
6/29/2025 2:00,4299,524.802,136.5,661.302
6/29/2025 3:00,4300,533.52,136.5,670.02
6/29/2025 4:00,4301,489.811,136.5,626.311
6/29/2025 5:00,4302,474.097,186.5,660.597
6/29/2025 6:00,4303,623.697,206.5,830.197
6/29/2025 7:00,4304,729.201,233,962.201
6/29/2025 8:00,4305,719.075,243,962.075
6/29/2025 9:00,4306,682.677,223,905.677
6/29/2025 10:00,4307,715.747,223,938.747
6/29/2025 11:00,4308,816.682,223,1039.682
6/29/2025 12:00,4309,880.858,213,1093.858
6/29/2025 13:00,4310,914.67,213,1127.67
6/29/2025 14:00,4311,941.746,223,1164.746
6/29/2025 15:00,4312,874.663,223,1097.663
6/29/2025 16:00,4313,817.354,259,1076.354
6/29/2025 17:00,4314,862.404,246.5,1108.904
6/29/2025 18:00,4315,1036.415,236.5,1272.915
6/29/2025 19:00,4316,1269.017,206.5,1475.517
6/29/2025 20:00,4317,1278.965,176.5,1455.465
6/29/2025 21:00,4318,1183.719,166.5,1350.219
6/29/2025 22:00,4319,1044.937,156.5,1201.437
6/29/2025 23:00,4320,825.921,146.5,972.421
6/30/2025 0:00,4321,708.178,136.5,844.678
6/30/2025 1:00,4322,600.284,136.5,736.784
6/30/2025 2:00,4323,520.992,136.5,657.492
6/30/2025 3:00,4324,493.561,136.5,630.061
6/30/2025 4:00,4325,453.021,136.5,589.521
6/30/2025 5:00,4326,459.978,186.5,646.478
6/30/2025 6:00,4327,616.623,206.5,823.123
6/30/2025 7:00,4328,700.335,233,933.335
6/30/2025 8:00,4329,718.584,243,961.584
6/30/2025 9:00,4330,767.063,223,990.063
6/30/2025 10:00,4331,809.288,223,1032.288
6/30/2025 11:00,4332,902.547,223,1125.547
6/30/2025 12:00,4333,947.494,213,1160.494
6/30/2025 13:00,4334,1004.371,213,1217.371
6/30/2025 14:00,4335,974.223,223,1197.223
6/30/2025 15:00,4336,926.699,223,1149.699
6/30/2025 16:00,4337,827.576,259,1086.576
6/30/2025 17:00,4338,857.835,246.5,1104.335
6/30/2025 18:00,4339,1108.894,236.5,1345.394
6/30/2025 19:00,4340,1307.683,206.5,1514.183
6/30/2025 20:00,4341,1349.231,176.5,1525.731
6/30/2025 21:00,4342,1291.518,166.5,1458.018
6/30/2025 22:00,4343,1136.906,156.5,1293.406
6/30/2025 23:00,4344,884.756,146.5,1031.256
7/1/2025 0:00,4345,721.257,136.5,857.757
7/1/2025 1:00,4346,636.278,136.5,772.778
7/1/2025 2:00,4347,551.612,136.5,688.112
7/1/2025 3:00,4348,527.666,136.5,664.166
7/1/2025 4:00,4349,460.013,136.5,596.513
7/1/2025 5:00,4350,425.591,186.5,612.091
7/1/2025 6:00,4351,610.932,206.5,817.432
7/1/2025 7:00,4352,699.574,233,932.574
7/1/2025 8:00,4353,716.39,243,959.39
7/1/2025 9:00,4354,764.209,223,987.209
7/1/2025 10:00,4355,787.805,223,1010.805
7/1/2025 11:00,4356,768.905,223,991.905
7/1/2025 12:00,4357,824.376,213,1037.376
7/1/2025 13:00,4358,876.225,213,1089.225
7/1/2025 14:00,4359,871.705,223,1094.705
7/1/2025 15:00,4360,836.601,223,1059.601
7/1/2025 16:00,4361,809.692,259,1068.692
7/1/2025 17:00,4362,876.349,246.5,1122.849
7/1/2025 18:00,4363,1051.751,236.5,1288.251
7/1/2025 19:00,4364,1232.538,206.5,1439.038
7/1/2025 20:00,4365,1246.61,176.5,1423.11
7/1/2025 21:00,4366,1192.792,166.5,1359.292
7/1/2025 22:00,4367,1073.965,156.5,1230.465
7/1/2025 23:00,4368,933.111,146.5,1079.611
7/2/2025 0:00,4369,689.526,136.5,826.026
7/2/2025 1:00,4370,600.344,136.5,736.844
7/2/2025 2:00,4371,541.942,136.5,678.442
7/2/2025 3:00,4372,486.573,136.5,623.073
7/2/2025 4:00,4373,466.933,136.5,603.433
7/2/2025 5:00,4374,453.757,186.5,640.257
7/2/2025 6:00,4375,591.885,206.5,798.385
7/2/2025 7:00,4376,653.764,233,886.764
7/2/2025 8:00,4377,690.649,243,933.649
7/2/2025 9:00,4378,733.973,223,956.973
7/2/2025 10:00,4379,758.84,223,981.84
7/2/2025 11:00,4380,826.233,223,1049.233
7/2/2025 12:00,4381,895.149,213,1108.149
7/2/2025 13:00,4382,943.375,213,1156.375
7/2/2025 14:00,4383,881.547,223,1104.547
7/2/2025 15:00,4384,799.247,223,1022.247
7/2/2025 16:00,4385,697.698,259,956.698
7/2/2025 17:00,4386,831.196,246.5,1077.696
7/2/2025 18:00,4387,1062.049,236.5,1298.549
7/2/2025 19:00,4388,1241.056,206.5,1447.556
7/2/2025 20:00,4389,1201.543,176.5,1378.043
7/2/2025 21:00,4390,1241.396,166.5,1407.896
7/2/2025 22:00,4391,1092.249,156.5,1248.749
7/2/2025 23:00,4392,880.472,146.5,1026.972
7/3/2025 0:00,4393,811.671,136.5,948.171
7/3/2025 1:00,4394,675.149,136.5,811.649
7/3/2025 2:00,4395,593.253,136.5,729.753
7/3/2025 3:00,4396,554.322,136.5,690.822
7/3/2025 4:00,4397,562.159,136.5,698.659
7/3/2025 5:00,4398,524.095,186.5,710.595
7/3/2025 6:00,4399,710.589,206.5,917.089
7/3/2025 7:00,4400,801.189,233,1034.189
7/3/2025 8:00,4401,826.49,243,1069.49
7/3/2025 9:00,4402,820.461,223,1043.461
7/3/2025 10:00,4403,877.133,223,1100.133
7/3/2025 11:00,4404,892.466,223,1115.466
7/3/2025 12:00,4405,1018.982,213,1231.982
7/3/2025 13:00,4406,1037.53,213,1250.53
7/3/2025 14:00,4407,921.37,223,1144.37
7/3/2025 15:00,4408,876.04,223,1099.04
7/3/2025 16:00,4409,846.243,259,1105.243
7/3/2025 17:00,4410,919.824,246.5,1166.324
7/3/2025 18:00,4411,1183.062,236.5,1419.562
7/3/2025 19:00,4412,1305.959,206.5,1512.459
7/3/2025 20:00,4413,1285.419,176.5,1461.919
7/3/2025 21:00,4414,1260.169,166.5,1426.669
7/3/2025 22:00,4415,1169.015,156.5,1325.515
7/3/2025 23:00,4416,935.838,146.5,1082.338
7/4/2025 0:00,4417,781.759,136.5,918.259
7/4/2025 1:00,4418,654.085,136.5,790.585
7/4/2025 2:00,4419,591.965,136.5,728.465
7/4/2025 3:00,4420,543.827,136.5,680.327
7/4/2025 4:00,4421,467.446,136.5,603.946
7/4/2025 5:00,4422,427.251,186.5,613.751
7/4/2025 6:00,4423,516.779,184,700.779
7/4/2025 7:00,4424,646.098,201,847.098
7/4/2025 8:00,4425,690.706,206.5,897.206
7/4/2025 9:00,4426,677.284,186.5,863.784
7/4/2025 10:00,4427,629.035,186.5,815.535
7/4/2025 11:00,4428,750.112,186.5,936.612
7/4/2025 12:00,4429,815.824,178,993.824
7/4/2025 13:00,4430,884.207,178,1062.207
7/4/2025 14:00,4431,978.276,216.5,1194.776
7/4/2025 15:00,4432,932.333,216.5,1148.833
7/4/2025 16:00,4433,882.247,256.5,1138.747
7/4/2025 17:00,4434,932.11,246.5,1178.61
7/4/2025 18:00,4435,1159.988,236.5,1396.488
7/4/2025 19:00,4436,1334.456,206.5,1540.956
7/4/2025 20:00,4437,1389.063,176.5,1565.563
7/4/2025 21:00,4438,1327.051,166.5,1493.551
7/4/2025 22:00,4439,1247.332,156.5,1403.832
7/4/2025 23:00,4440,935.077,146.5,1081.577
7/5/2025 0:00,4441,768.812,136.5,905.312
7/5/2025 1:00,4442,728.666,136.5,865.166
7/5/2025 2:00,4443,625.881,136.5,762.381
7/5/2025 3:00,4444,562.047,136.5,698.547
7/5/2025 4:00,4445,515.876,136.5,652.376
7/5/2025 5:00,4446,495.259,186.5,681.759
7/5/2025 6:00,4447,645.243,206.5,851.743
7/5/2025 7:00,4448,736.149,226.5,962.649
7/5/2025 8:00,4449,782.615,236.5,1019.115
7/5/2025 9:00,4450,825.238,216.5,1041.738
7/5/2025 10:00,4451,779.914,216.5,996.414
7/5/2025 11:00,4452,945.299,216.5,1161.799
7/5/2025 12:00,4453,996.532,206.5,1203.032
7/5/2025 13:00,4454,1041.973,206.5,1248.473
7/5/2025 14:00,4455,972.957,216.5,1189.457
7/5/2025 15:00,4456,905.886,216.5,1122.386
7/5/2025 16:00,4457,821.888,256.5,1078.388
7/5/2025 17:00,4458,963.411,246.5,1209.911
7/5/2025 18:00,4459,1181.131,236.5,1417.631
7/5/2025 19:00,4460,1386.858,206.5,1593.358
7/5/2025 20:00,4461,1372.371,176.5,1548.871
7/5/2025 21:00,4462,1303.604,166.5,1470.104
7/5/2025 22:00,4463,1190.84,156.5,1347.34
7/5/2025 23:00,4464,1006.524,146.5,1153.024
7/6/2025 0:00,4465,694.076,136.5,830.576
7/6/2025 1:00,4466,586.426,136.5,722.926
7/6/2025 2:00,4467,499.385,136.5,635.885
7/6/2025 3:00,4468,460.209,136.5,596.709
7/6/2025 4:00,4469,425.856,136.5,562.356
7/6/2025 5:00,4470,387.97,186.5,574.47
7/6/2025 6:00,4471,531.037,206.5,737.537
7/6/2025 7:00,4472,573.893,233,806.893
7/6/2025 8:00,4473,621.441,243,864.441
7/6/2025 9:00,4474,733.87,223,956.87
7/6/2025 10:00,4475,779.148,223,1002.148
7/6/2025 11:00,4476,856.923,223,1079.923
7/6/2025 12:00,4477,880.258,213,1093.258
7/6/2025 13:00,4478,865.876,213,1078.876
7/6/2025 14:00,4479,844.135,223,1067.135
7/6/2025 15:00,4480,815.374,223,1038.374
7/6/2025 16:00,4481,792.167,259,1051.167
7/6/2025 17:00,4482,904.32,246.5,1150.82
7/6/2025 18:00,4483,1138.747,236.5,1375.247
7/6/2025 19:00,4484,1249.159,206.5,1455.659
7/6/2025 20:00,4485,1275.339,176.5,1451.839
7/6/2025 21:00,4486,1208.119,166.5,1374.619
7/6/2025 22:00,4487,1092.959,156.5,1249.459
7/6/2025 23:00,4488,941.738,146.5,1088.238
7/7/2025 0:00,4489,643.191,136.5,779.691
7/7/2025 1:00,4490,559.448,136.5,695.948
7/7/2025 2:00,4491,524.416,136.5,660.916
7/7/2025 3:00,4492,448.46,136.5,584.96
7/7/2025 4:00,4493,404.219,136.5,540.719
7/7/2025 5:00,4494,375.358,186.5,561.858
7/7/2025 6:00,4495,509.396,206.5,715.896
7/7/2025 7:00,4496,546.797,233,779.797
7/7/2025 8:00,4497,619.055,243,862.055
7/7/2025 9:00,4498,687.658,223,910.658
7/7/2025 10:00,4499,723.341,223,946.341
7/7/2025 11:00,4500,757.371,223,980.371
7/7/2025 12:00,4501,818.211,213,1031.211
7/7/2025 13:00,4502,815.936,213,1028.936
7/7/2025 14:00,4503,806.087,223,1029.087
7/7/2025 15:00,4504,825.087,223,1048.087
7/7/2025 16:00,4505,744.192,259,1003.192
7/7/2025 17:00,4506,781.944,246.5,1028.444
7/7/2025 18:00,4507,996.952,236.5,1233.452
7/7/2025 19:00,4508,1092.026,206.5,1298.526
7/7/2025 20:00,4509,1091.523,176.5,1268.023
7/7/2025 21:00,4510,1034.096,166.5,1200.596
7/7/2025 22:00,4511,946.914,156.5,1103.414
7/7/2025 23:00,4512,801.415,146.5,947.915
7/8/2025 0:00,4513,648.99,136.5,785.49
7/8/2025 1:00,4514,570.804,136.5,707.304
7/8/2025 2:00,4515,481.917,136.5,618.417
7/8/2025 3:00,4516,434.722,136.5,571.222
7/8/2025 4:00,4517,405.703,136.5,542.203
7/8/2025 5:00,4518,369.406,186.5,555.906
7/8/2025 6:00,4519,497.221,206.5,703.721
7/8/2025 7:00,4520,580.375,233,813.375
7/8/2025 8:00,4521,609.69,243,852.69
7/8/2025 9:00,4522,662.929,223,885.929
7/8/2025 10:00,4523,728.909,223,951.909
7/8/2025 11:00,4524,771.651,223,994.651
7/8/2025 12:00,4525,849.266,213,1062.266
7/8/2025 13:00,4526,869.359,213,1082.359
7/8/2025 14:00,4527,794.302,223,1017.302
7/8/2025 15:00,4528,716.482,223,939.482
7/8/2025 16:00,4529,648.14,259,907.14
7/8/2025 17:00,4530,727.407,246.5,973.907
7/8/2025 18:00,4531,940.36,236.5,1176.86
7/8/2025 19:00,4532,1120.255,206.5,1326.755
7/8/2025 20:00,4533,1191.588,176.5,1368.088
7/8/2025 21:00,4534,1127.991,166.5,1294.491
7/8/2025 22:00,4535,982.941,156.5,1139.441
7/8/2025 23:00,4536,727.886,146.5,874.386
7/9/2025 0:00,4537,699.629,136.5,836.129
7/9/2025 1:00,4538,620.284,136.5,756.784
7/9/2025 2:00,4539,562.06,136.5,698.56
7/9/2025 3:00,4540,555.596,136.5,692.096
7/9/2025 4:00,4541,516.529,136.5,653.029
7/9/2025 5:00,4542,490.156,186.5,676.656
7/9/2025 6:00,4543,606.343,206.5,812.843
7/9/2025 7:00,4544,670.306,233,903.306
7/9/2025 8:00,4545,714.564,243,957.564
7/9/2025 9:00,4546,742.567,223,965.567
7/9/2025 10:00,4547,794.852,223,1017.852
7/9/2025 11:00,4548,875.869,223,1098.869
7/9/2025 12:00,4549,891.982,213,1104.982
7/9/2025 13:00,4550,967.762,213,1180.762
7/9/2025 14:00,4551,948.83,223,1171.83
7/9/2025 15:00,4552,827.818,223,1050.818
7/9/2025 16:00,4553,781.028,259,1040.028
7/9/2025 17:00,4554,902.964,246.5,1149.464
7/9/2025 18:00,4555,1167.705,236.5,1404.205
7/9/2025 19:00,4556,1295.757,206.5,1502.257
7/9/2025 20:00,4557,1347.726,176.5,1524.226
7/9/2025 21:00,4558,1272.045,166.5,1438.545
7/9/2025 22:00,4559,1076.841,156.5,1233.341
7/9/2025 23:00,4560,829.757,146.5,976.257
7/10/2025 0:00,4561,716.526,136.5,853.026
7/10/2025 1:00,4562,651.927,136.5,788.427
7/10/2025 2:00,4563,579.332,136.5,715.832
7/10/2025 3:00,4564,550.455,136.5,686.955
7/10/2025 4:00,4565,507.714,136.5,644.214
7/10/2025 5:00,4566,480.248,186.5,666.748
7/10/2025 6:00,4567,597.401,206.5,803.901
7/10/2025 7:00,4568,720.566,233,953.566
7/10/2025 8:00,4569,761.268,243,1004.268
7/10/2025 9:00,4570,779.584,223,1002.584
7/10/2025 10:00,4571,780.666,223,1003.666
7/10/2025 11:00,4572,859.439,223,1082.439
7/10/2025 12:00,4573,858.86,213,1071.86
7/10/2025 13:00,4574,926.302,213,1139.302
7/10/2025 14:00,4575,884.731,223,1107.731
7/10/2025 15:00,4576,853.733,223,1076.733
7/10/2025 16:00,4577,779.351,259,1038.351
7/10/2025 17:00,4578,884.749,246.5,1131.249
7/10/2025 18:00,4579,1084.168,236.5,1320.668
7/10/2025 19:00,4580,1244.745,206.5,1451.245
7/10/2025 20:00,4581,1358.032,176.5,1534.532
7/10/2025 21:00,4582,1320.475,166.5,1486.975
7/10/2025 22:00,4583,1155.128,156.5,1311.628
7/10/2025 23:00,4584,904.171,146.5,1050.671
7/11/2025 0:00,4585,705.506,136.5,842.006
7/11/2025 1:00,4586,626.526,136.5,763.026
7/11/2025 2:00,4587,527.727,136.5,664.227
7/11/2025 3:00,4588,478.369,136.5,614.869
7/11/2025 4:00,4589,405.753,136.5,542.253
7/11/2025 5:00,4590,409.081,186.5,595.581
7/11/2025 6:00,4591,518.841,184,702.841
7/11/2025 7:00,4592,577.925,201,778.925
7/11/2025 8:00,4593,557.577,206.5,764.077
7/11/2025 9:00,4594,625.668,186.5,812.168
7/11/2025 10:00,4595,627.952,186.5,814.452
7/11/2025 11:00,4596,677.031,186.5,863.531
7/11/2025 12:00,4597,752.293,178,930.293
7/11/2025 13:00,4598,780.987,178,958.987
7/11/2025 14:00,4599,877.06,216.5,1093.56
7/11/2025 15:00,4600,805.556,216.5,1022.056
7/11/2025 16:00,4601,752.882,256.5,1009.382
7/11/2025 17:00,4602,837.723,246.5,1084.223
7/11/2025 18:00,4603,1030.887,236.5,1267.387
7/11/2025 19:00,4604,1187.221,206.5,1393.721
7/11/2025 20:00,4605,1242.066,176.5,1418.566
7/11/2025 21:00,4606,1179.92,166.5,1346.42
7/11/2025 22:00,4607,1011.488,156.5,1167.988
7/11/2025 23:00,4608,820.776,146.5,967.276
7/12/2025 0:00,4609,633.264,136.5,769.764
7/12/2025 1:00,4610,563.375,136.5,699.875
7/12/2025 2:00,4611,504.648,136.5,641.148
7/12/2025 3:00,4612,477.538,136.5,614.038
7/12/2025 4:00,4613,451.361,136.5,587.861
7/12/2025 5:00,4614,444.883,186.5,631.383
7/12/2025 6:00,4615,565.097,206.5,771.597
7/12/2025 7:00,4616,659.053,226.5,885.553
7/12/2025 8:00,4617,699.288,236.5,935.788
7/12/2025 9:00,4618,681.671,216.5,898.171
7/12/2025 10:00,4619,773.674,216.5,990.174
7/12/2025 11:00,4620,788.658,216.5,1005.158
7/12/2025 12:00,4621,865.674,206.5,1072.174
7/12/2025 13:00,4622,902.44,206.5,1108.94
7/12/2025 14:00,4623,894.724,216.5,1111.224
7/12/2025 15:00,4624,815.158,216.5,1031.658
7/12/2025 16:00,4625,771.292,256.5,1027.792
7/12/2025 17:00,4626,795.746,246.5,1042.246
7/12/2025 18:00,4627,1028.638,236.5,1265.138
7/12/2025 19:00,4628,1167.441,206.5,1373.941
7/12/2025 20:00,4629,1180.507,176.5,1357.007
7/12/2025 21:00,4630,1165.185,166.5,1331.685
7/12/2025 22:00,4631,1096.601,156.5,1253.101
7/12/2025 23:00,4632,858.874,146.5,1005.374
7/13/2025 0:00,4633,812.965,136.5,949.465
7/13/2025 1:00,4634,701.808,136.5,838.308
7/13/2025 2:00,4635,601.607,136.5,738.107
7/13/2025 3:00,4636,551.243,136.5,687.743
7/13/2025 4:00,4637,502.325,136.5,638.825
7/13/2025 5:00,4638,468.797,186.5,655.297
7/13/2025 6:00,4639,641.467,206.5,847.967
7/13/2025 7:00,4640,730.341,233,963.341
7/13/2025 8:00,4641,727.317,243,970.317
7/13/2025 9:00,4642,742.576,223,965.576
7/13/2025 10:00,4643,812.368,223,1035.368
7/13/2025 11:00,4644,875.443,223,1098.443
7/13/2025 12:00,4645,965.848,213,1178.848
7/13/2025 13:00,4646,1028.011,213,1241.011
7/13/2025 14:00,4647,965.843,223,1188.843
7/13/2025 15:00,4648,868.495,223,1091.495
7/13/2025 16:00,4649,878.226,259,1137.226
7/13/2025 17:00,4650,966.752,246.5,1213.252
7/13/2025 18:00,4651,1175.381,236.5,1411.881
7/13/2025 19:00,4652,1301.161,206.5,1507.661
7/13/2025 20:00,4653,1321.38,176.5,1497.88
7/13/2025 21:00,4654,1235.968,166.5,1402.468
7/13/2025 22:00,4655,1188.895,156.5,1345.395
7/13/2025 23:00,4656,933.266,146.5,1079.766
7/14/2025 0:00,4657,674.774,136.5,811.274
7/14/2025 1:00,4658,574.133,136.5,710.633
7/14/2025 2:00,4659,491.584,136.5,628.084
7/14/2025 3:00,4660,449.106,136.5,585.606
7/14/2025 4:00,4661,373.766,136.5,510.266
7/14/2025 5:00,4662,364.101,186.5,550.601
7/14/2025 6:00,4663,503.246,206.5,709.746
7/14/2025 7:00,4664,601.913,233,834.913
7/14/2025 8:00,4665,592.889,243,835.889
7/14/2025 9:00,4666,686.082,223,909.082
7/14/2025 10:00,4667,732.526,223,955.526
7/14/2025 11:00,4668,826.117,223,1049.117
7/14/2025 12:00,4669,858.838,213,1071.838
7/14/2025 13:00,4670,901.331,213,1114.331
7/14/2025 14:00,4671,824.061,223,1047.061
7/14/2025 15:00,4672,795.477,223,1018.477
7/14/2025 16:00,4673,704.353,259,963.353
7/14/2025 17:00,4674,744.515,246.5,991.015
7/14/2025 18:00,4675,926.198,236.5,1162.698
7/14/2025 19:00,4676,1100.714,206.5,1307.214
7/14/2025 20:00,4677,1113.41,176.5,1289.91
7/14/2025 21:00,4678,1100.974,166.5,1267.474
7/14/2025 22:00,4679,939.499,156.5,1095.999
7/14/2025 23:00,4680,715.857,146.5,862.357
7/15/2025 0:00,4681,658.127,136.5,794.627
7/15/2025 1:00,4682,596.42,136.5,732.92
7/15/2025 2:00,4683,507.078,136.5,643.578
7/15/2025 3:00,4684,468.734,136.5,605.234
7/15/2025 4:00,4685,446.934,136.5,583.434
7/15/2025 5:00,4686,422.423,186.5,608.923
7/15/2025 6:00,4687,558.463,206.5,764.963
7/15/2025 7:00,4688,650.757,233,883.757
7/15/2025 8:00,4689,657.464,243,900.464
7/15/2025 9:00,4690,701.322,223,924.322
7/15/2025 10:00,4691,724.293,223,947.293
7/15/2025 11:00,4692,782.391,223,1005.391
7/15/2025 12:00,4693,827.258,213,1040.258
7/15/2025 13:00,4694,859.007,213,1072.007
7/15/2025 14:00,4695,851.022,223,1074.022
7/15/2025 15:00,4696,764.926,223,987.926
7/15/2025 16:00,4697,736.137,259,995.137
7/15/2025 17:00,4698,788.864,246.5,1035.364
7/15/2025 18:00,4699,995.963,236.5,1232.463
7/15/2025 19:00,4700,1141.865,206.5,1348.365
7/15/2025 20:00,4701,1191.318,176.5,1367.818
7/15/2025 21:00,4702,1059.832,166.5,1226.332
7/15/2025 22:00,4703,1015.723,156.5,1172.223
7/15/2025 23:00,4704,798.218,146.5,944.718
7/16/2025 0:00,4705,760.484,136.5,896.984
7/16/2025 1:00,4706,645.918,136.5,782.418
7/16/2025 2:00,4707,575.055,136.5,711.555
7/16/2025 3:00,4708,564.639,136.5,701.139
7/16/2025 4:00,4709,497.936,136.5,634.436
7/16/2025 5:00,4710,489.929,186.5,676.429
7/16/2025 6:00,4711,632.023,206.5,838.523
7/16/2025 7:00,4712,711.64,233,944.64
7/16/2025 8:00,4713,745.703,243,988.703
7/16/2025 9:00,4714,808.887,223,1031.887
7/16/2025 10:00,4715,801.1,223,1024.1
7/16/2025 11:00,4716,842.41,223,1065.41
7/16/2025 12:00,4717,891.053,213,1104.053
7/16/2025 13:00,4718,934.945,213,1147.945
7/16/2025 14:00,4719,924.098,223,1147.098
7/16/2025 15:00,4720,893.057,223,1116.057
7/16/2025 16:00,4721,859.608,259,1118.608
7/16/2025 17:00,4722,894.654,246.5,1141.154
7/16/2025 18:00,4723,1089.165,236.5,1325.665
7/16/2025 19:00,4724,1197.599,206.5,1404.099
7/16/2025 20:00,4725,1340.883,176.5,1517.383
7/16/2025 21:00,4726,1281.456,166.5,1447.956
7/16/2025 22:00,4727,1167.688,156.5,1324.188
7/16/2025 23:00,4728,884.66,146.5,1031.16
7/17/2025 0:00,4729,708.299,136.5,844.799
7/17/2025 1:00,4730,631.054,136.5,767.554
7/17/2025 2:00,4731,554.653,136.5,691.153
7/17/2025 3:00,4732,529.136,136.5,665.636
7/17/2025 4:00,4733,516.388,136.5,652.888
7/17/2025 5:00,4734,453.5,186.5,640
7/17/2025 6:00,4735,570.515,206.5,777.015
7/17/2025 7:00,4736,624.795,233,857.795
7/17/2025 8:00,4737,719.744,243,962.744
7/17/2025 9:00,4738,784.937,223,1007.937
7/17/2025 10:00,4739,789.608,223,1012.608
7/17/2025 11:00,4740,854.219,223,1077.219
7/17/2025 12:00,4741,880.029,213,1093.029
7/17/2025 13:00,4742,940.028,213,1153.028
7/17/2025 14:00,4743,908.598,223,1131.598
7/17/2025 15:00,4744,840.023,223,1063.023
7/17/2025 16:00,4745,792.375,259,1051.375
7/17/2025 17:00,4746,858.815,246.5,1105.315
7/17/2025 18:00,4747,1064.619,236.5,1301.119
7/17/2025 19:00,4748,1223.875,206.5,1430.375
7/17/2025 20:00,4749,1284.277,176.5,1460.777
7/17/2025 21:00,4750,1285.858,166.5,1452.358
7/17/2025 22:00,4751,1162.015,156.5,1318.515
7/17/2025 23:00,4752,935.146,146.5,1081.646
7/18/2025 0:00,4753,766.243,136.5,902.743
7/18/2025 1:00,4754,642.796,136.5,779.296
7/18/2025 2:00,4755,586.687,136.5,723.187
7/18/2025 3:00,4756,537.167,136.5,673.667
7/18/2025 4:00,4757,461.446,136.5,597.946
7/18/2025 5:00,4758,436.814,186.5,623.314
7/18/2025 6:00,4759,515.326,184,699.326
7/18/2025 7:00,4760,580.085,201,781.085
7/18/2025 8:00,4761,663.654,206.5,870.154
7/18/2025 9:00,4762,709.693,186.5,896.193
7/18/2025 10:00,4763,758.004,186.5,944.504
7/18/2025 11:00,4764,812.161,186.5,998.661
7/18/2025 12:00,4765,851.524,178,1029.524
7/18/2025 13:00,4766,835.561,178,1013.561
7/18/2025 14:00,4767,965.587,216.5,1182.087
7/18/2025 15:00,4768,904.699,216.5,1121.199
7/18/2025 16:00,4769,787.548,256.5,1044.048
7/18/2025 17:00,4770,860.738,246.5,1107.238
7/18/2025 18:00,4771,1102.018,236.5,1338.518
7/18/2025 19:00,4772,1300.801,206.5,1507.301
7/18/2025 20:00,4773,1352.465,176.5,1528.965
7/18/2025 21:00,4774,1270.007,166.5,1436.507
7/18/2025 22:00,4775,1183.801,156.5,1340.301
7/18/2025 23:00,4776,904.737,146.5,1051.237
7/19/2025 0:00,4777,667.866,136.5,804.366
7/19/2025 1:00,4778,594.588,136.5,731.088
7/19/2025 2:00,4779,568.198,136.5,704.698
7/19/2025 3:00,4780,491.071,136.5,627.571
7/19/2025 4:00,4781,462.34,136.5,598.84
7/19/2025 5:00,4782,472.004,186.5,658.504
7/19/2025 6:00,4783,597.024,206.5,803.524
7/19/2025 7:00,4784,678.695,226.5,905.195
7/19/2025 8:00,4785,684.644,236.5,921.144
7/19/2025 9:00,4786,778.676,216.5,995.176
7/19/2025 10:00,4787,792.956,216.5,1009.456
7/19/2025 11:00,4788,863.495,216.5,1079.995
7/19/2025 12:00,4789,963.022,206.5,1169.522
7/19/2025 13:00,4790,990.901,206.5,1197.401
7/19/2025 14:00,4791,930.078,216.5,1146.578
7/19/2025 15:00,4792,846.837,216.5,1063.337
7/19/2025 16:00,4793,794.694,256.5,1051.194
7/19/2025 17:00,4794,844.189,246.5,1090.689
7/19/2025 18:00,4795,1001.102,236.5,1237.602
7/19/2025 19:00,4796,1190.739,206.5,1397.239
7/19/2025 20:00,4797,1181.645,176.5,1358.145
7/19/2025 21:00,4798,1239.27,166.5,1405.77
7/19/2025 22:00,4799,1136.659,156.5,1293.159
7/19/2025 23:00,4800,881.952,146.5,1028.452
7/20/2025 0:00,4801,763.033,136.5,899.533
7/20/2025 1:00,4802,629.667,136.5,766.167
7/20/2025 2:00,4803,557.944,136.5,694.444
7/20/2025 3:00,4804,553.511,136.5,690.011
7/20/2025 4:00,4805,551.405,136.5,687.905
7/20/2025 5:00,4806,526.634,186.5,713.134
7/20/2025 6:00,4807,671.046,206.5,877.546
7/20/2025 7:00,4808,727.403,233,960.403
7/20/2025 8:00,4809,740.084,243,983.084
7/20/2025 9:00,4810,857.271,223,1080.271
7/20/2025 10:00,4811,860.006,223,1083.006
7/20/2025 11:00,4812,1002.141,223,1225.141
7/20/2025 12:00,4813,1083.05,213,1296.05
7/20/2025 13:00,4814,1009.285,213,1222.285
7/20/2025 14:00,4815,975.736,223,1198.736
7/20/2025 15:00,4816,895.874,223,1118.874
7/20/2025 16:00,4817,831.644,259,1090.644
7/20/2025 17:00,4818,903.307,246.5,1149.807
7/20/2025 18:00,4819,1256.797,236.5,1493.297
7/20/2025 19:00,4820,1342.255,206.5,1548.755
7/20/2025 20:00,4821,1373.044,176.5,1549.544
7/20/2025 21:00,4822,1343.329,166.5,1509.829
7/20/2025 22:00,4823,1225.035,156.5,1381.535
7/20/2025 23:00,4824,982.494,146.5,1128.994
7/21/2025 0:00,4825,829.635,136.5,966.135
7/21/2025 1:00,4826,732.847,136.5,869.347
7/21/2025 2:00,4827,667.879,136.5,804.379
7/21/2025 3:00,4828,619.328,136.5,755.828
7/21/2025 4:00,4829,573.395,136.5,709.895
7/21/2025 5:00,4830,571.807,186.5,758.307
7/21/2025 6:00,4831,752.316,206.5,958.816
7/21/2025 7:00,4832,817.687,233,1050.687
7/21/2025 8:00,4833,812.017,243,1055.017
7/21/2025 9:00,4834,845.083,223,1068.083
7/21/2025 10:00,4835,875.604,223,1098.604
7/21/2025 11:00,4836,978.504,223,1201.504
7/21/2025 12:00,4837,1031.477,213,1244.477
7/21/2025 13:00,4838,1033.849,213,1246.849
7/21/2025 14:00,4839,999.502,223,1222.502
7/21/2025 15:00,4840,900.987,223,1123.987
7/21/2025 16:00,4841,854.207,259,1113.207
7/21/2025 17:00,4842,889.565,246.5,1136.065
7/21/2025 18:00,4843,1115.042,236.5,1351.542
7/21/2025 19:00,4844,1312.834,206.5,1519.334
7/21/2025 20:00,4845,1318.942,176.5,1495.442
7/21/2025 21:00,4846,1338.663,166.5,1505.163
7/21/2025 22:00,4847,1290.272,156.5,1446.772
7/21/2025 23:00,4848,1020.619,146.5,1167.119
7/22/2025 0:00,4849,800.242,136.5,936.742
7/22/2025 1:00,4850,716.134,136.5,852.634
7/22/2025 2:00,4851,620.599,136.5,757.099
7/22/2025 3:00,4852,560.222,136.5,696.722
7/22/2025 4:00,4853,542.96,136.5,679.46
7/22/2025 5:00,4854,531.495,186.5,717.995
7/22/2025 6:00,4855,699.931,206.5,906.431
7/22/2025 7:00,4856,791.24,233,1024.24
7/22/2025 8:00,4857,756.842,243,999.842
7/22/2025 9:00,4858,854.901,223,1077.901
7/22/2025 10:00,4859,884.212,223,1107.212
7/22/2025 11:00,4860,993.014,223,1216.014
7/22/2025 12:00,4861,1054.745,213,1267.745
7/22/2025 13:00,4862,1066.833,213,1279.833
7/22/2025 14:00,4863,1036.13,223,1259.13
7/22/2025 15:00,4864,974.395,223,1197.395
7/22/2025 16:00,4865,876.218,259,1135.218
7/22/2025 17:00,4866,959.474,246.5,1205.974
7/22/2025 18:00,4867,1118.864,236.5,1355.364
7/22/2025 19:00,4868,1285.388,206.5,1491.888
7/22/2025 20:00,4869,1431.378,176.5,1607.878
7/22/2025 21:00,4870,1339.817,166.5,1506.317
7/22/2025 22:00,4871,1236.396,156.5,1392.896
7/22/2025 23:00,4872,969.377,146.5,1115.877
7/23/2025 0:00,4873,881.276,136.5,1017.776
7/23/2025 1:00,4874,749.963,136.5,886.463
7/23/2025 2:00,4875,671.068,136.5,807.568
7/23/2025 3:00,4876,643.903,136.5,780.403
7/23/2025 4:00,4877,570.131,136.5,706.631
7/23/2025 5:00,4878,565.567,186.5,752.067
7/23/2025 6:00,4879,754.594,206.5,961.094
7/23/2025 7:00,4880,855.217,233,1088.217
7/23/2025 8:00,4881,883.897,243,1126.897
7/23/2025 9:00,4882,1021.828,223,1244.828
7/23/2025 10:00,4883,1034.343,223,1257.343
7/23/2025 11:00,4884,1098.03,223,1321.03
7/23/2025 12:00,4885,1106.538,213,1319.538
7/23/2025 13:00,4886,1125.199,213,1338.199
7/23/2025 14:00,4887,1169.219,223,1392.219
7/23/2025 15:00,4888,1128.208,223,1351.208
7/23/2025 16:00,4889,1051.321,259,1310.321
7/23/2025 17:00,4890,1078.938,246.5,1325.438
7/23/2025 18:00,4891,1241.971,236.5,1478.471
7/23/2025 19:00,4892,1448.969,206.5,1655.469
7/23/2025 20:00,4893,1416.31,176.5,1592.81
7/23/2025 21:00,4894,1331.353,166.5,1497.853
7/23/2025 22:00,4895,1298.853,156.5,1455.353
7/23/2025 23:00,4896,1081.245,146.5,1227.745
7/24/2025 0:00,4897,764.997,136.5,901.497
7/24/2025 1:00,4898,667.58,136.5,804.08
7/24/2025 2:00,4899,595.581,136.5,732.081
7/24/2025 3:00,4900,520.114,136.5,656.614
7/24/2025 4:00,4901,473.729,136.5,610.229
7/24/2025 5:00,4902,420.315,186.5,606.815
7/24/2025 6:00,4903,526.166,206.5,732.666
7/24/2025 7:00,4904,634.783,233,867.783
7/24/2025 8:00,4905,661.904,243,904.904
7/24/2025 9:00,4906,744.454,223,967.454
7/24/2025 10:00,4907,799.704,223,1022.704
7/24/2025 11:00,4908,846.898,223,1069.898
7/24/2025 12:00,4909,928.098,213,1141.098
7/24/2025 13:00,4910,924.319,213,1137.319
7/24/2025 14:00,4911,858.714,223,1081.714
7/24/2025 15:00,4912,826.083,223,1049.083
7/24/2025 16:00,4913,748.603,259,1007.603
7/24/2025 17:00,4914,795.554,246.5,1042.054
7/24/2025 18:00,4915,1091.244,236.5,1327.744
7/24/2025 19:00,4916,1177.321,206.5,1383.821
7/24/2025 20:00,4917,1239.096,176.5,1415.596
7/24/2025 21:00,4918,1166.991,166.5,1333.491
7/24/2025 22:00,4919,1138.613,156.5,1295.113
7/24/2025 23:00,4920,922.232,146.5,1068.732
7/25/2025 0:00,4921,818.298,136.5,954.798
7/25/2025 1:00,4922,683.1,136.5,819.6
7/25/2025 2:00,4923,595.706,136.5,732.206
7/25/2025 3:00,4924,575.209,136.5,711.709
7/25/2025 4:00,4925,556.533,136.5,693.033
7/25/2025 5:00,4926,526.265,186.5,712.765
7/25/2025 6:00,4927,572.583,184,756.583
7/25/2025 7:00,4928,652.855,201,853.855
7/25/2025 8:00,4929,751.918,206.5,958.418
7/25/2025 9:00,4930,770.991,186.5,957.491
7/25/2025 10:00,4931,816.357,186.5,1002.857
7/25/2025 11:00,4932,842.957,186.5,1029.457
7/25/2025 12:00,4933,890.862,178,1068.862
7/25/2025 13:00,4934,929.597,178,1107.597
7/25/2025 14:00,4935,1073.278,216.5,1289.778
7/25/2025 15:00,4936,962.184,216.5,1178.684
7/25/2025 16:00,4937,855.097,256.5,1111.597
7/25/2025 17:00,4938,956.881,246.5,1203.381
7/25/2025 18:00,4939,1252.145,236.5,1488.645
7/25/2025 19:00,4940,1478.4,206.5,1684.9
7/25/2025 20:00,4941,1550.27,176.5,1726.77
7/25/2025 21:00,4942,1450.552,166.5,1617.052
7/25/2025 22:00,4943,1300.089,156.5,1456.589
7/25/2025 23:00,4944,1038.712,146.5,1185.212
7/26/2025 0:00,4945,815.045,136.5,951.545
7/26/2025 1:00,4946,669.206,136.5,805.706
7/26/2025 2:00,4947,572.232,136.5,708.732
7/26/2025 3:00,4948,542.619,136.5,679.119
7/26/2025 4:00,4949,492.048,136.5,628.548
7/26/2025 5:00,4950,466.454,186.5,652.954
7/26/2025 6:00,4951,642.43,206.5,848.93
7/26/2025 7:00,4952,733.357,226.5,959.857
7/26/2025 8:00,4953,797.509,236.5,1034.009
7/26/2025 9:00,4954,751.949,216.5,968.449
7/26/2025 10:00,4955,791.287,216.5,1007.787
7/26/2025 11:00,4956,892.303,216.5,1108.803
7/26/2025 12:00,4957,897.626,206.5,1104.126
7/26/2025 13:00,4958,916.485,206.5,1122.985
7/26/2025 14:00,4959,897.067,216.5,1113.567
7/26/2025 15:00,4960,856.242,216.5,1072.742
7/26/2025 16:00,4961,838.711,256.5,1095.211
7/26/2025 17:00,4962,945.689,246.5,1192.189
7/26/2025 18:00,4963,1124.436,236.5,1360.936
7/26/2025 19:00,4964,1303.587,206.5,1510.087
7/26/2025 20:00,4965,1342.568,176.5,1519.068
7/26/2025 21:00,4966,1297.798,166.5,1464.298
7/26/2025 22:00,4967,1202.834,156.5,1359.334
7/26/2025 23:00,4968,965.039,146.5,1111.539
7/27/2025 0:00,4969,799.097,136.5,935.597
7/27/2025 1:00,4970,700.006,136.5,836.506
7/27/2025 2:00,4971,581.202,136.5,717.702
7/27/2025 3:00,4972,545.874,136.5,682.374
7/27/2025 4:00,4973,506.334,136.5,642.834
7/27/2025 5:00,4974,474.868,186.5,661.368
7/27/2025 6:00,4975,641.203,206.5,847.703
7/27/2025 7:00,4976,701.859,233,934.859
7/27/2025 8:00,4977,733.77,243,976.77
7/27/2025 9:00,4978,771.411,223,994.411
7/27/2025 10:00,4979,730.52,223,953.52
7/27/2025 11:00,4980,820.299,223,1043.299
7/27/2025 12:00,4981,871.952,213,1084.952
7/27/2025 13:00,4982,874.589,213,1087.589
7/27/2025 14:00,4983,938.234,223,1161.234
7/27/2025 15:00,4984,886.187,223,1109.187
7/27/2025 16:00,4985,801.618,259,1060.618
7/27/2025 17:00,4986,838.973,246.5,1085.473
7/27/2025 18:00,4987,1068.927,236.5,1305.427
7/27/2025 19:00,4988,1271.548,206.5,1478.048
7/27/2025 20:00,4989,1251.053,176.5,1427.553
7/27/2025 21:00,4990,1213.593,166.5,1380.093
7/27/2025 22:00,4991,1156.697,156.5,1313.197
7/27/2025 23:00,4992,862.275,146.5,1008.775
7/28/2025 0:00,4993,708.53,136.5,845.03
7/28/2025 1:00,4994,614.149,136.5,750.649
7/28/2025 2:00,4995,550.909,136.5,687.409
7/28/2025 3:00,4996,501.214,136.5,637.714
7/28/2025 4:00,4997,465.596,136.5,602.096
7/28/2025 5:00,4998,476.761,186.5,663.261
7/28/2025 6:00,4999,606.495,206.5,812.995
7/28/2025 7:00,5000,680.065,233,913.065
7/28/2025 8:00,5001,767.571,243,1010.571
7/28/2025 9:00,5002,771.584,223,994.584
7/28/2025 10:00,5003,839.259,223,1062.259
7/28/2025 11:00,5004,889.466,223,1112.466
7/28/2025 12:00,5005,990.856,213,1203.856
7/28/2025 13:00,5006,1007.939,213,1220.939
7/28/2025 14:00,5007,976.774,223,1199.774
7/28/2025 15:00,5008,887.517,223,1110.517
7/28/2025 16:00,5009,783.606,259,1042.606
7/28/2025 17:00,5010,853.513,246.5,1100.013
7/28/2025 18:00,5011,1102.331,236.5,1338.831
7/28/2025 19:00,5012,1249.841,206.5,1456.341
7/28/2025 20:00,5013,1256.625,176.5,1433.125
7/28/2025 21:00,5014,1201.481,166.5,1367.981
7/28/2025 22:00,5015,1143.944,156.5,1300.444
7/28/2025 23:00,5016,946.049,146.5,1092.549
7/29/2025 0:00,5017,731.248,136.5,867.748
7/29/2025 1:00,5018,618.347,136.5,754.847
7/29/2025 2:00,5019,561.198,136.5,697.698
7/29/2025 3:00,5020,542.163,136.5,678.663
7/29/2025 4:00,5021,504.036,136.5,640.536
7/29/2025 5:00,5022,441.067,186.5,627.567
7/29/2025 6:00,5023,579.263,206.5,785.763
7/29/2025 7:00,5024,630.307,233,863.307
7/29/2025 8:00,5025,673.671,243,916.671
7/29/2025 9:00,5026,773.322,223,996.322
7/29/2025 10:00,5027,746.867,223,969.867
7/29/2025 11:00,5028,777.554,223,1000.554
7/29/2025 12:00,5029,832.957,213,1045.957
7/29/2025 13:00,5030,892.71,213,1105.71
7/29/2025 14:00,5031,914.276,223,1137.276
7/29/2025 15:00,5032,866.091,223,1089.091
7/29/2025 16:00,5033,825.91,259,1084.91
7/29/2025 17:00,5034,831.125,246.5,1077.625
7/29/2025 18:00,5035,1100.137,236.5,1336.637
7/29/2025 19:00,5036,1235.526,206.5,1442.026
7/29/2025 20:00,5037,1290.386,176.5,1466.886
7/29/2025 21:00,5038,1173.388,166.5,1339.888
7/29/2025 22:00,5039,1080.931,156.5,1237.431
7/29/2025 23:00,5040,879.735,146.5,1026.235
7/30/2025 0:00,5041,777.363,136.5,913.863
7/30/2025 1:00,5042,631.735,136.5,768.235
7/30/2025 2:00,5043,570.784,136.5,707.284
7/30/2025 3:00,5044,506.176,136.5,642.676
7/30/2025 4:00,5045,480.904,136.5,617.404
7/30/2025 5:00,5046,472.447,186.5,658.947
7/30/2025 6:00,5047,650.624,206.5,857.124
7/30/2025 7:00,5048,701.753,233,934.753
7/30/2025 8:00,5049,766.555,243,1009.555
7/30/2025 9:00,5050,839.847,223,1062.847
7/30/2025 10:00,5051,794.609,223,1017.609
7/30/2025 11:00,5052,891.568,223,1114.568
7/30/2025 12:00,5053,977.693,213,1190.693
7/30/2025 13:00,5054,979.11,213,1192.11
7/30/2025 14:00,5055,920.107,223,1143.107
7/30/2025 15:00,5056,901.529,223,1124.529
7/30/2025 16:00,5057,790.277,259,1049.277
7/30/2025 17:00,5058,881.545,246.5,1128.045
7/30/2025 18:00,5059,1111.452,236.5,1347.952
7/30/2025 19:00,5060,1308.716,206.5,1515.216
7/30/2025 20:00,5061,1298.441,176.5,1474.941
7/30/2025 21:00,5062,1220.264,166.5,1386.764
7/30/2025 22:00,5063,1122.279,156.5,1278.779
7/30/2025 23:00,5064,936.204,146.5,1082.704
7/31/2025 0:00,5065,724.351,136.5,860.851
7/31/2025 1:00,5066,577.275,136.5,713.775
7/31/2025 2:00,5067,518.102,136.5,654.602
7/31/2025 3:00,5068,452.186,136.5,588.686
7/31/2025 4:00,5069,433.685,136.5,570.185
7/31/2025 5:00,5070,387.303,186.5,573.803
7/31/2025 6:00,5071,509.406,206.5,715.906
7/31/2025 7:00,5072,570.899,233,803.899
7/31/2025 8:00,5073,617.76,243,860.76
7/31/2025 9:00,5074,678.26,223,901.26
7/31/2025 10:00,5075,717.188,223,940.188
7/31/2025 11:00,5076,779.005,223,1002.005
7/31/2025 12:00,5077,790.418,213,1003.418
7/31/2025 13:00,5078,849.283,213,1062.283
7/31/2025 14:00,5079,835.518,223,1058.518
7/31/2025 15:00,5080,813.759,223,1036.759
7/31/2025 16:00,5081,715.098,259,974.098
7/31/2025 17:00,5082,749.28,246.5,995.78
7/31/2025 18:00,5083,965.751,236.5,1202.251
7/31/2025 19:00,5084,1175.002,206.5,1381.502
7/31/2025 20:00,5085,1194.07,176.5,1370.57
7/31/2025 21:00,5086,1124.946,166.5,1291.446
7/31/2025 22:00,5087,984.604,156.5,1141.104
7/31/2025 23:00,5088,844.112,146.5,990.612
8/1/2025 0:00,5089,732.321,136.5,868.821
8/1/2025 1:00,5090,623.274,136.5,759.774
8/1/2025 2:00,5091,573.235,136.5,709.735
8/1/2025 3:00,5092,490.11,136.5,626.61
8/1/2025 4:00,5093,482.062,136.5,618.562
8/1/2025 5:00,5094,466.385,186.5,652.885
8/1/2025 6:00,5095,554.369,184,738.369
8/1/2025 7:00,5096,630.391,201,831.391
8/1/2025 8:00,5097,654.58,206.5,861.08
8/1/2025 9:00,5098,664.623,186.5,851.123
8/1/2025 10:00,5099,690.289,186.5,876.789
8/1/2025 11:00,5100,733.309,186.5,919.809
8/1/2025 12:00,5101,812.288,178,990.288
8/1/2025 13:00,5102,861.594,178,1039.594
8/1/2025 14:00,5103,1032.345,216.5,1248.845
8/1/2025 15:00,5104,952.926,216.5,1169.426
8/1/2025 16:00,5105,886.478,256.5,1142.978
8/1/2025 17:00,5106,932.103,246.5,1178.603
8/1/2025 18:00,5107,1146.431,236.5,1382.931
8/1/2025 19:00,5108,1331.341,206.5,1537.841
8/1/2025 20:00,5109,1332.234,176.5,1508.734
8/1/2025 21:00,5110,1291.801,166.5,1458.301
8/1/2025 22:00,5111,1134.24,156.5,1290.74
8/1/2025 23:00,5112,858.444,146.5,1004.944
8/2/2025 0:00,5113,715.239,136.5,851.739
8/2/2025 1:00,5114,643.534,136.5,780.034
8/2/2025 2:00,5115,547.149,136.5,683.649
8/2/2025 3:00,5116,517.815,136.5,654.315
8/2/2025 4:00,5117,460.733,136.5,597.233
8/2/2025 5:00,5118,436.614,186.5,623.114
8/2/2025 6:00,5119,613.562,206.5,820.062
8/2/2025 7:00,5120,703.493,226.5,929.993
8/2/2025 8:00,5121,750.273,236.5,986.773
8/2/2025 9:00,5122,818.166,216.5,1034.666
8/2/2025 10:00,5123,791.694,216.5,1008.194
8/2/2025 11:00,5124,822.303,216.5,1038.803
8/2/2025 12:00,5125,860.967,206.5,1067.467
8/2/2025 13:00,5126,888.548,206.5,1095.048
8/2/2025 14:00,5127,812.521,216.5,1029.021
8/2/2025 15:00,5128,784.993,216.5,1001.493
8/2/2025 16:00,5129,719.779,256.5,976.279
8/2/2025 17:00,5130,834.622,246.5,1081.122
8/2/2025 18:00,5131,1078.391,236.5,1314.891
8/2/2025 19:00,5132,1207.747,206.5,1414.247
8/2/2025 20:00,5133,1266.223,176.5,1442.723
8/2/2025 21:00,5134,1239.571,166.5,1406.071
8/2/2025 22:00,5135,1089.498,156.5,1245.998
8/2/2025 23:00,5136,861.982,146.5,1008.482
8/3/2025 0:00,5137,670.51,136.5,807.01
8/3/2025 1:00,5138,580.842,136.5,717.342
8/3/2025 2:00,5139,522.071,136.5,658.571
8/3/2025 3:00,5140,496.967,136.5,633.467
8/3/2025 4:00,5141,445.62,136.5,582.12
8/3/2025 5:00,5142,421.429,186.5,607.929
8/3/2025 6:00,5143,546.387,206.5,752.887
8/3/2025 7:00,5144,640.086,233,873.086
8/3/2025 8:00,5145,702.955,243,945.955
8/3/2025 9:00,5146,762.365,223,985.365
8/3/2025 10:00,5147,785.54,223,1008.54
8/3/2025 11:00,5148,809.91,223,1032.91
8/3/2025 12:00,5149,865.811,213,1078.811
8/3/2025 13:00,5150,896.148,213,1109.148
8/3/2025 14:00,5151,889.102,223,1112.102
8/3/2025 15:00,5152,845.831,223,1068.831
8/3/2025 16:00,5153,826.225,259,1085.225
8/3/2025 17:00,5154,914.154,246.5,1160.654
8/3/2025 18:00,5155,1080.996,236.5,1317.496
8/3/2025 19:00,5156,1270.534,206.5,1477.034
8/3/2025 20:00,5157,1314.357,176.5,1490.857
8/3/2025 21:00,5158,1215.268,166.5,1381.768
8/3/2025 22:00,5159,1145.326,156.5,1301.826
8/3/2025 23:00,5160,906.298,146.5,1052.798
8/4/2025 0:00,5161,748.444,136.5,884.944
8/4/2025 1:00,5162,673.759,136.5,810.259
8/4/2025 2:00,5163,607.366,136.5,743.866
8/4/2025 3:00,5164,552.687,136.5,689.187
8/4/2025 4:00,5165,505.589,136.5,642.089
8/4/2025 5:00,5166,467.848,186.5,654.348
8/4/2025 6:00,5167,641.577,206.5,848.077
8/4/2025 7:00,5168,718.212,233,951.212
8/4/2025 8:00,5169,766.127,243,1009.127
8/4/2025 9:00,5170,821.576,223,1044.576
8/4/2025 10:00,5171,808.109,223,1031.109
8/4/2025 11:00,5172,865.883,223,1088.883
8/4/2025 12:00,5173,870.009,213,1083.009
8/4/2025 13:00,5174,956.105,213,1169.105
8/4/2025 14:00,5175,920.705,223,1143.705
8/4/2025 15:00,5176,889.002,223,1112.002
8/4/2025 16:00,5177,842.572,259,1101.572
8/4/2025 17:00,5178,943.938,246.5,1190.438
8/4/2025 18:00,5179,1120.482,236.5,1356.982
8/4/2025 19:00,5180,1296.532,206.5,1503.032
8/4/2025 20:00,5181,1407.882,176.5,1584.382
8/4/2025 21:00,5182,1403.572,166.5,1570.072
8/4/2025 22:00,5183,1282.18,156.5,1438.68
8/4/2025 23:00,5184,1010.915,146.5,1157.415
8/5/2025 0:00,5185,772.561,136.5,909.061
8/5/2025 1:00,5186,688.623,136.5,825.123
8/5/2025 2:00,5187,603.718,136.5,740.218
8/5/2025 3:00,5188,562.915,136.5,699.415
8/5/2025 4:00,5189,497.119,136.5,633.619
8/5/2025 5:00,5190,469.664,186.5,656.164
8/5/2025 6:00,5191,627.602,206.5,834.102
8/5/2025 7:00,5192,711.213,233,944.213
8/5/2025 8:00,5193,765.356,243,1008.356
8/5/2025 9:00,5194,787.772,223,1010.772
8/5/2025 10:00,5195,776.287,223,999.287
8/5/2025 11:00,5196,920.976,223,1143.976
8/5/2025 12:00,5197,1057.996,213,1270.996
8/5/2025 13:00,5198,1061.104,213,1274.104
8/5/2025 14:00,5199,973.691,223,1196.691
8/5/2025 15:00,5200,883.439,223,1106.439
8/5/2025 16:00,5201,837.119,259,1096.119
8/5/2025 17:00,5202,956.27,246.5,1202.77
8/5/2025 18:00,5203,1120.989,236.5,1357.489
8/5/2025 19:00,5204,1285.703,206.5,1492.203
8/5/2025 20:00,5205,1327.754,176.5,1504.254
8/5/2025 21:00,5206,1313.4,166.5,1479.9
8/5/2025 22:00,5207,1175.804,156.5,1332.304
8/5/2025 23:00,5208,894.079,146.5,1040.579
8/6/2025 0:00,5209,774.27,136.5,910.77
8/6/2025 1:00,5210,703.66,136.5,840.16
8/6/2025 2:00,5211,617.566,136.5,754.066
8/6/2025 3:00,5212,571.008,136.5,707.508
8/6/2025 4:00,5213,507.918,136.5,644.418
8/6/2025 5:00,5214,467.256,186.5,653.756
8/6/2025 6:00,5215,652.025,206.5,858.525
8/6/2025 7:00,5216,738.73,233,971.73
8/6/2025 8:00,5217,790.093,243,1033.093
8/6/2025 9:00,5218,872.212,223,1095.212
8/6/2025 10:00,5219,843.609,223,1066.609
8/6/2025 11:00,5220,900.465,223,1123.465
8/6/2025 12:00,5221,972.554,213,1185.554
8/6/2025 13:00,5222,980.782,213,1193.782
8/6/2025 14:00,5223,1005.534,223,1228.534
8/6/2025 15:00,5224,927.937,223,1150.937
8/6/2025 16:00,5225,823.745,259,1082.745
8/6/2025 17:00,5226,919.672,246.5,1166.172
8/6/2025 18:00,5227,1161.884,236.5,1398.384
8/6/2025 19:00,5228,1370.66,206.5,1577.16
8/6/2025 20:00,5229,1398.243,176.5,1574.743
8/6/2025 21:00,5230,1345.085,166.5,1511.585
8/6/2025 22:00,5231,1221.411,156.5,1377.911
8/6/2025 23:00,5232,963.99,146.5,1110.49
8/7/2025 0:00,5233,694.001,136.5,830.501
8/7/2025 1:00,5234,614.263,136.5,750.763
8/7/2025 2:00,5235,540.309,136.5,676.809
8/7/2025 3:00,5236,528.128,136.5,664.628
8/7/2025 4:00,5237,495.268,136.5,631.768
8/7/2025 5:00,5238,465.804,186.5,652.304
8/7/2025 6:00,5239,608.067,206.5,814.567
8/7/2025 7:00,5240,667.757,233,900.757
8/7/2025 8:00,5241,666.767,243,909.767
8/7/2025 9:00,5242,714.031,223,937.031
8/7/2025 10:00,5243,749.533,223,972.533
8/7/2025 11:00,5244,829.037,223,1052.037
8/7/2025 12:00,5245,899.45,213,1112.45
8/7/2025 13:00,5246,947.378,213,1160.378
8/7/2025 14:00,5247,897.141,223,1120.141
8/7/2025 15:00,5248,816.461,223,1039.461
8/7/2025 16:00,5249,800.916,259,1059.916
8/7/2025 17:00,5250,898.697,246.5,1145.197
8/7/2025 18:00,5251,1085.314,236.5,1321.814
8/7/2025 19:00,5252,1228.23,206.5,1434.73
8/7/2025 20:00,5253,1245.033,176.5,1421.533
8/7/2025 21:00,5254,1191.522,166.5,1358.022
8/7/2025 22:00,5255,1093.804,156.5,1250.304
8/7/2025 23:00,5256,945.028,146.5,1091.528
8/8/2025 0:00,5257,684.072,136.5,820.572
8/8/2025 1:00,5258,594.238,136.5,730.738
8/8/2025 2:00,5259,485.582,136.5,622.082
8/8/2025 3:00,5260,438.773,136.5,575.273
8/8/2025 4:00,5261,424.618,136.5,561.118
8/8/2025 5:00,5262,399.94,186.5,586.44
8/8/2025 6:00,5263,383.86,184,567.86
8/8/2025 7:00,5264,488.553,201,689.553
8/8/2025 8:00,5265,581.247,206.5,787.747
8/8/2025 9:00,5266,569.955,186.5,756.455
8/8/2025 10:00,5267,639.826,186.5,826.326
8/8/2025 11:00,5268,620.189,186.5,806.689
8/8/2025 12:00,5269,710.748,178,888.748
8/8/2025 13:00,5270,734.88,178,912.88
8/8/2025 14:00,5271,772.93,216.5,989.43
8/8/2025 15:00,5272,764.407,216.5,980.907
8/8/2025 16:00,5273,744.904,256.5,1001.404
8/8/2025 17:00,5274,846.907,246.5,1093.407
8/8/2025 18:00,5275,1085.493,236.5,1321.993
8/8/2025 19:00,5276,1201.301,206.5,1407.801
8/8/2025 20:00,5277,1143.335,176.5,1319.835
8/8/2025 21:00,5278,1136.882,166.5,1303.382
8/8/2025 22:00,5279,1076.534,156.5,1233.034
8/8/2025 23:00,5280,839.666,146.5,986.166
8/9/2025 0:00,5281,650.605,136.5,787.105
8/9/2025 1:00,5282,541.047,136.5,677.547
8/9/2025 2:00,5283,479.764,136.5,616.264
8/9/2025 3:00,5284,424.03,136.5,560.53
8/9/2025 4:00,5285,404.798,136.5,541.298
8/9/2025 5:00,5286,394.944,186.5,581.444
8/9/2025 6:00,5287,503.459,206.5,709.959
8/9/2025 7:00,5288,613.546,226.5,840.046
8/9/2025 8:00,5289,671.925,236.5,908.425
8/9/2025 9:00,5290,687.469,216.5,903.969
8/9/2025 10:00,5291,710.872,216.5,927.372
8/9/2025 11:00,5292,722.279,216.5,938.779
8/9/2025 12:00,5293,787.465,206.5,993.965
8/9/2025 13:00,5294,829.099,206.5,1035.599
8/9/2025 14:00,5295,833.104,216.5,1049.604
8/9/2025 15:00,5296,794.673,216.5,1011.173
8/9/2025 16:00,5297,733.928,256.5,990.428
8/9/2025 17:00,5298,813.926,246.5,1060.426
8/9/2025 18:00,5299,1046.492,236.5,1282.992
8/9/2025 19:00,5300,1229.193,206.5,1435.693
8/9/2025 20:00,5301,1227.09,176.5,1403.59
8/9/2025 21:00,5302,1168.956,166.5,1335.456
8/9/2025 22:00,5303,1029.087,156.5,1185.587
8/9/2025 23:00,5304,802.084,146.5,948.584
8/10/2025 0:00,5305,715.198,136.5,851.698
8/10/2025 1:00,5306,608.97,136.5,745.47
8/10/2025 2:00,5307,553.195,136.5,689.695
8/10/2025 3:00,5308,505.963,136.5,642.463
8/10/2025 4:00,5309,455.934,136.5,592.434
8/10/2025 5:00,5310,425.665,186.5,612.165
8/10/2025 6:00,5311,559.821,206.5,766.321
8/10/2025 7:00,5312,598.701,233,831.701
8/10/2025 8:00,5313,669.976,243,912.976
8/10/2025 9:00,5314,731.444,223,954.444
8/10/2025 10:00,5315,784.888,223,1007.888
8/10/2025 11:00,5316,831.224,223,1054.224
8/10/2025 12:00,5317,949.124,213,1162.124
8/10/2025 13:00,5318,938.468,213,1151.468
8/10/2025 14:00,5319,888.448,223,1111.448
8/10/2025 15:00,5320,805.044,223,1028.044
8/10/2025 16:00,5321,703.603,259,962.603
8/10/2025 17:00,5322,867.445,246.5,1113.945
8/10/2025 18:00,5323,1135.592,236.5,1372.092
8/10/2025 19:00,5324,1295.518,206.5,1502.018
8/10/2025 20:00,5325,1256.877,176.5,1433.377
8/10/2025 21:00,5326,1271.655,166.5,1438.155
8/10/2025 22:00,5327,1108.219,156.5,1264.719
8/10/2025 23:00,5328,871.672,146.5,1018.172
8/11/2025 0:00,5329,786.583,136.5,923.083
8/11/2025 1:00,5330,686.47,136.5,822.97
8/11/2025 2:00,5331,644.553,136.5,781.053
8/11/2025 3:00,5332,572.529,136.5,709.029
8/11/2025 4:00,5333,500.719,136.5,637.219
8/11/2025 5:00,5334,457.484,186.5,643.984
8/11/2025 6:00,5335,563.512,206.5,770.012
8/11/2025 7:00,5336,645.746,233,878.746
8/11/2025 8:00,5337,732.781,243,975.781
8/11/2025 9:00,5338,792.761,223,1015.761
8/11/2025 10:00,5339,810.883,223,1033.883
8/11/2025 11:00,5340,848.886,223,1071.886
8/11/2025 12:00,5341,924.293,213,1137.293
8/11/2025 13:00,5342,986.505,213,1199.505
8/11/2025 14:00,5343,977.787,223,1200.787
8/11/2025 15:00,5344,905.832,223,1128.832
8/11/2025 16:00,5345,800.131,259,1059.131
8/11/2025 17:00,5346,909.088,246.5,1155.588
8/11/2025 18:00,5347,1003.6,236.5,1240.1
8/11/2025 19:00,5348,1216.48,206.5,1422.98
8/11/2025 20:00,5349,1373.628,176.5,1550.128
8/11/2025 21:00,5350,1228.017,166.5,1394.517
8/11/2025 22:00,5351,1117.831,156.5,1274.331
8/11/2025 23:00,5352,902.919,146.5,1049.419
8/12/2025 0:00,5353,709.313,136.5,845.813
8/12/2025 1:00,5354,644.635,136.5,781.135
8/12/2025 2:00,5355,577.596,136.5,714.096
8/12/2025 3:00,5356,526.483,136.5,662.983
8/12/2025 4:00,5357,489.372,136.5,625.872
8/12/2025 5:00,5358,454.739,186.5,641.239
8/12/2025 6:00,5359,668.022,206.5,874.522
8/12/2025 7:00,5360,714.833,233,947.833
8/12/2025 8:00,5361,737.197,243,980.197
8/12/2025 9:00,5362,717.903,223,940.903
8/12/2025 10:00,5363,735.352,223,958.352
8/12/2025 11:00,5364,854.124,223,1077.124
8/12/2025 12:00,5365,864.773,213,1077.773
8/12/2025 13:00,5366,832.274,213,1045.274
8/12/2025 14:00,5367,858.715,223,1081.715
8/12/2025 15:00,5368,861.515,223,1084.515
8/12/2025 16:00,5369,785.247,259,1044.247
8/12/2025 17:00,5370,837.722,246.5,1084.222
8/12/2025 18:00,5371,984.162,236.5,1220.662
8/12/2025 19:00,5372,1186.222,206.5,1392.722
8/12/2025 20:00,5373,1254.075,176.5,1430.575
8/12/2025 21:00,5374,1135.881,166.5,1302.381
8/12/2025 22:00,5375,1108.755,156.5,1265.255
8/12/2025 23:00,5376,911.573,146.5,1058.073
8/13/2025 0:00,5377,788.096,136.5,924.596
8/13/2025 1:00,5378,685.054,136.5,821.554
8/13/2025 2:00,5379,611.058,136.5,747.558
8/13/2025 3:00,5380,558.716,136.5,695.216
8/13/2025 4:00,5381,515.398,136.5,651.898
8/13/2025 5:00,5382,443.786,186.5,630.286
8/13/2025 6:00,5383,560.737,206.5,767.237
8/13/2025 7:00,5384,631.177,233,864.177
8/13/2025 8:00,5385,687.3,243,930.3
8/13/2025 9:00,5386,757.804,223,980.804
8/13/2025 10:00,5387,797.455,223,1020.455
8/13/2025 11:00,5388,906.072,223,1129.072
8/13/2025 12:00,5389,989.943,213,1202.943
8/13/2025 13:00,5390,962.322,213,1175.322
8/13/2025 14:00,5391,956.038,223,1179.038
8/13/2025 15:00,5392,860.447,223,1083.447
8/13/2025 16:00,5393,791.623,259,1050.623
8/13/2025 17:00,5394,884.238,246.5,1130.738
8/13/2025 18:00,5395,974.63,236.5,1211.13
8/13/2025 19:00,5396,1281.773,206.5,1488.273
8/13/2025 20:00,5397,1326.305,176.5,1502.805
8/13/2025 21:00,5398,1237.246,166.5,1403.746
8/13/2025 22:00,5399,1203.494,156.5,1359.994
8/13/2025 23:00,5400,934.041,146.5,1080.541
8/14/2025 0:00,5401,755.959,136.5,892.459
8/14/2025 1:00,5402,642.093,136.5,778.593
8/14/2025 2:00,5403,606.699,136.5,743.199
8/14/2025 3:00,5404,542.673,136.5,679.173
8/14/2025 4:00,5405,492.305,136.5,628.805
8/14/2025 5:00,5406,484.427,186.5,670.927
8/14/2025 6:00,5407,638.893,206.5,845.393
8/14/2025 7:00,5408,701.017,233,934.017
8/14/2025 8:00,5409,765.203,243,1008.203
8/14/2025 9:00,5410,866.756,223,1089.756
8/14/2025 10:00,5411,863.233,223,1086.233
8/14/2025 11:00,5412,914.849,223,1137.849
8/14/2025 12:00,5413,960.948,213,1173.948
8/14/2025 13:00,5414,1016.249,213,1229.249
8/14/2025 14:00,5415,957.976,223,1180.976
8/14/2025 15:00,5416,878.195,223,1101.195
8/14/2025 16:00,5417,760.058,259,1019.058
8/14/2025 17:00,5418,817.534,246.5,1064.034
8/14/2025 18:00,5419,1037.662,236.5,1274.162
8/14/2025 19:00,5420,1217.99,206.5,1424.49
8/14/2025 20:00,5421,1337.394,176.5,1513.894
8/14/2025 21:00,5422,1286.664,166.5,1453.164
8/14/2025 22:00,5423,1119.894,156.5,1276.394
8/14/2025 23:00,5424,878.956,146.5,1025.456
8/15/2025 0:00,5425,827.315,136.5,963.815
8/15/2025 1:00,5426,741.43,136.5,877.93
8/15/2025 2:00,5427,648.543,136.5,785.043
8/15/2025 3:00,5428,578.039,136.5,714.539
8/15/2025 4:00,5429,549.073,136.5,685.573
8/15/2025 5:00,5430,496.913,186.5,683.413
8/15/2025 6:00,5431,587.52,184,771.52
8/15/2025 7:00,5432,723.762,201,924.762
8/15/2025 8:00,5433,751.256,206.5,957.756
8/15/2025 9:00,5434,758.444,186.5,944.944
8/15/2025 10:00,5435,792.752,186.5,979.252
8/15/2025 11:00,5436,841.865,186.5,1028.365
8/15/2025 12:00,5437,854.298,178,1032.298
8/15/2025 13:00,5438,917.977,178,1095.977
8/15/2025 14:00,5439,1098.874,216.5,1315.374
8/15/2025 15:00,5440,1004.143,216.5,1220.643
8/15/2025 16:00,5441,911.572,256.5,1168.072
8/15/2025 17:00,5442,970.876,246.5,1217.376
8/15/2025 18:00,5443,1236.128,236.5,1472.628
8/15/2025 19:00,5444,1393.907,206.5,1600.407
8/15/2025 20:00,5445,1389.124,176.5,1565.624
8/15/2025 21:00,5446,1442.905,166.5,1609.405
8/15/2025 22:00,5447,1310.688,156.5,1467.188
8/15/2025 23:00,5448,1017.681,146.5,1164.181
8/16/2025 0:00,5449,837.326,136.5,973.826
8/16/2025 1:00,5450,734.292,136.5,870.792
8/16/2025 2:00,5451,631.571,136.5,768.071
8/16/2025 3:00,5452,580.345,136.5,716.845
8/16/2025 4:00,5453,520.813,136.5,657.313
8/16/2025 5:00,5454,504.379,186.5,690.879
8/16/2025 6:00,5455,668.974,206.5,875.474
8/16/2025 7:00,5456,741.804,226.5,968.304
8/16/2025 8:00,5457,747.842,236.5,984.342
8/16/2025 9:00,5458,802.565,216.5,1019.065
8/16/2025 10:00,5459,831.298,216.5,1047.798
8/16/2025 11:00,5460,852.662,216.5,1069.162
8/16/2025 12:00,5461,958.416,206.5,1164.916
8/16/2025 13:00,5462,1029.979,206.5,1236.479
8/16/2025 14:00,5463,1101.164,216.5,1317.664
8/16/2025 15:00,5464,979.878,216.5,1196.378
8/16/2025 16:00,5465,869.255,256.5,1125.755
8/16/2025 17:00,5466,911.18,246.5,1157.68
8/16/2025 18:00,5467,1177.62,236.5,1414.12
8/16/2025 19:00,5468,1358.987,206.5,1565.487
8/16/2025 20:00,5469,1347.643,176.5,1524.143
8/16/2025 21:00,5470,1297.825,166.5,1464.325
8/16/2025 22:00,5471,1112.649,156.5,1269.149
8/16/2025 23:00,5472,952.333,146.5,1098.833
8/17/2025 0:00,5473,663.543,136.5,800.043
8/17/2025 1:00,5474,584.702,136.5,721.202
8/17/2025 2:00,5475,497.586,136.5,634.086
8/17/2025 3:00,5476,457.503,136.5,594.003
8/17/2025 4:00,5477,423.05,136.5,559.55
8/17/2025 5:00,5478,403.949,186.5,590.449
8/17/2025 6:00,5479,556.389,206.5,762.889
8/17/2025 7:00,5480,662.604,233,895.604
8/17/2025 8:00,5481,707.964,243,950.964
8/17/2025 9:00,5482,762.631,223,985.631
8/17/2025 10:00,5483,807.804,223,1030.804
8/17/2025 11:00,5484,867.426,223,1090.426
8/17/2025 12:00,5485,898.11,213,1111.11
8/17/2025 13:00,5486,939.017,213,1152.017
8/17/2025 14:00,5487,939.037,223,1162.037
8/17/2025 15:00,5488,871.031,223,1094.031
8/17/2025 16:00,5489,737.632,259,996.632
8/17/2025 17:00,5490,794.892,246.5,1041.392
8/17/2025 18:00,5491,1003.298,236.5,1239.798
8/17/2025 19:00,5492,1196.795,206.5,1403.295
8/17/2025 20:00,5493,1216.598,176.5,1393.098
8/17/2025 21:00,5494,1206.243,166.5,1372.743
8/17/2025 22:00,5495,1122.612,156.5,1279.112
8/17/2025 23:00,5496,911.369,146.5,1057.869
8/18/2025 0:00,5497,790.975,136.5,927.475
8/18/2025 1:00,5498,642.757,136.5,779.257
8/18/2025 2:00,5499,577.443,136.5,713.943
8/18/2025 3:00,5500,511.968,136.5,648.468
8/18/2025 4:00,5501,439.19,136.5,575.69
8/18/2025 5:00,5502,418.874,186.5,605.374
8/18/2025 6:00,5503,599.611,206.5,806.111
8/18/2025 7:00,5504,680.687,233,913.687
8/18/2025 8:00,5505,769.102,243,1012.102
8/18/2025 9:00,5506,793.335,223,1016.335
8/18/2025 10:00,5507,871.755,223,1094.755
8/18/2025 11:00,5508,913.769,223,1136.769
8/18/2025 12:00,5509,946.692,213,1159.692
8/18/2025 13:00,5510,912.388,213,1125.388
8/18/2025 14:00,5511,943.585,223,1166.585
8/18/2025 15:00,5512,854.738,223,1077.738
8/18/2025 16:00,5513,765.576,259,1024.576
8/18/2025 17:00,5514,890.724,246.5,1137.224
8/18/2025 18:00,5515,1143.058,236.5,1379.558
8/18/2025 19:00,5516,1325.569,206.5,1532.069
8/18/2025 20:00,5517,1300.332,176.5,1476.832
8/18/2025 21:00,5518,1230.975,166.5,1397.475
8/18/2025 22:00,5519,1111.83,156.5,1268.33
8/18/2025 23:00,5520,912.47,146.5,1058.97
8/19/2025 0:00,5521,723.089,136.5,859.589
8/19/2025 1:00,5522,619.293,136.5,755.793
8/19/2025 2:00,5523,576.308,136.5,712.808
8/19/2025 3:00,5524,523.234,136.5,659.734
8/19/2025 4:00,5525,456.021,136.5,592.521
8/19/2025 5:00,5526,434.191,186.5,620.691
8/19/2025 6:00,5527,599.712,206.5,806.212
8/19/2025 7:00,5528,697.822,233,930.822
8/19/2025 8:00,5529,734.074,243,977.074
8/19/2025 9:00,5530,745.458,223,968.458
8/19/2025 10:00,5531,743.031,223,966.031
8/19/2025 11:00,5532,817.6,223,1040.6
8/19/2025 12:00,5533,910.803,213,1123.803
8/19/2025 13:00,5534,919.534,213,1132.534
8/19/2025 14:00,5535,898.923,223,1121.923
8/19/2025 15:00,5536,821.855,223,1044.855
8/19/2025 16:00,5537,733.295,259,992.295
8/19/2025 17:00,5538,802.015,246.5,1048.515
8/19/2025 18:00,5539,1011.918,236.5,1248.418
8/19/2025 19:00,5540,1227.23,206.5,1433.73
8/19/2025 20:00,5541,1214.629,176.5,1391.129
8/19/2025 21:00,5542,1153.409,166.5,1319.909
8/19/2025 22:00,5543,1010.486,156.5,1166.986
8/19/2025 23:00,5544,834.772,146.5,981.272
8/20/2025 0:00,5545,737.072,136.5,873.572
8/20/2025 1:00,5546,663.164,136.5,799.664
8/20/2025 2:00,5547,574.739,136.5,711.239
8/20/2025 3:00,5548,524.414,136.5,660.914
8/20/2025 4:00,5549,465.111,136.5,601.611
8/20/2025 5:00,5550,442.459,186.5,628.959
8/20/2025 6:00,5551,585.497,206.5,791.997
8/20/2025 7:00,5552,651.895,233,884.895
8/20/2025 8:00,5553,689.688,243,932.688
8/20/2025 9:00,5554,741.916,223,964.916
8/20/2025 10:00,5555,750.947,223,973.947
8/20/2025 11:00,5556,811.399,223,1034.399
8/20/2025 12:00,5557,922.633,213,1135.633
8/20/2025 13:00,5558,1014.472,213,1227.472
8/20/2025 14:00,5559,916.25,223,1139.25
8/20/2025 15:00,5560,805.338,223,1028.338
8/20/2025 16:00,5561,718.312,259,977.312
8/20/2025 17:00,5562,810.081,246.5,1056.581
8/20/2025 18:00,5563,1063.107,236.5,1299.607
8/20/2025 19:00,5564,1235.235,206.5,1441.735
8/20/2025 20:00,5565,1253.695,176.5,1430.195
8/20/2025 21:00,5566,1210.466,166.5,1376.966
8/20/2025 22:00,5567,1059.997,156.5,1216.497
8/20/2025 23:00,5568,843.725,146.5,990.225
8/21/2025 0:00,5569,719.442,136.5,855.942
8/21/2025 1:00,5570,593.404,136.5,729.904
8/21/2025 2:00,5571,518.286,136.5,654.786
8/21/2025 3:00,5572,469.477,136.5,605.977
8/21/2025 4:00,5573,457.873,136.5,594.373
8/21/2025 5:00,5574,441.056,186.5,627.556
8/21/2025 6:00,5575,601.659,206.5,808.159
8/21/2025 7:00,5576,625.789,233,858.789
8/21/2025 8:00,5577,641.627,243,884.627
8/21/2025 9:00,5578,731.178,223,954.178
8/21/2025 10:00,5579,686.228,223,909.228
8/21/2025 11:00,5580,828.064,223,1051.064
8/21/2025 12:00,5581,835.183,213,1048.183
8/21/2025 13:00,5582,915.543,213,1128.543
8/21/2025 14:00,5583,881.148,223,1104.148
8/21/2025 15:00,5584,870.056,223,1093.056
8/21/2025 16:00,5585,895.811,259,1154.811
8/21/2025 17:00,5586,869.764,246.5,1116.264
8/21/2025 18:00,5587,1117.24,236.5,1353.74
8/21/2025 19:00,5588,1190.173,206.5,1396.673
8/21/2025 20:00,5589,1256.524,176.5,1433.024
8/21/2025 21:00,5590,1200.634,166.5,1367.134
8/21/2025 22:00,5591,1098.051,156.5,1254.551
8/21/2025 23:00,5592,854.963,146.5,1001.463
8/22/2025 0:00,5593,741.425,136.5,877.925
8/22/2025 1:00,5594,612.475,136.5,748.975
8/22/2025 2:00,5595,581.772,136.5,718.272
8/22/2025 3:00,5596,521.808,136.5,658.308
8/22/2025 4:00,5597,453.002,136.5,589.502
8/22/2025 5:00,5598,467.275,186.5,653.775
8/22/2025 6:00,5599,537.029,184,721.029
8/22/2025 7:00,5600,655.046,201,856.046
8/22/2025 8:00,5601,708.809,206.5,915.309
8/22/2025 9:00,5602,708.525,186.5,895.025
8/22/2025 10:00,5603,723.35,186.5,909.85
8/22/2025 11:00,5604,786.383,186.5,972.883
8/22/2025 12:00,5605,877.392,178,1055.392
8/22/2025 13:00,5606,893.04,178,1071.04
8/22/2025 14:00,5607,1011.076,216.5,1227.576
8/22/2025 15:00,5608,926.458,216.5,1142.958
8/22/2025 16:00,5609,847.717,256.5,1104.217
8/22/2025 17:00,5610,983.226,246.5,1229.726
8/22/2025 18:00,5611,1214.766,236.5,1451.266
8/22/2025 19:00,5612,1346.226,206.5,1552.726
8/22/2025 20:00,5613,1340.409,176.5,1516.909
8/22/2025 21:00,5614,1262.623,166.5,1429.123
8/22/2025 22:00,5615,1095.634,156.5,1252.134
8/22/2025 23:00,5616,842.208,146.5,988.708
8/23/2025 0:00,5617,673.226,136.5,809.726
8/23/2025 1:00,5618,578.525,136.5,715.025
8/23/2025 2:00,5619,527.852,136.5,664.352
8/23/2025 3:00,5620,434.493,136.5,570.993
8/23/2025 4:00,5621,417.928,136.5,554.428
8/23/2025 5:00,5622,392.266,186.5,578.766
8/23/2025 6:00,5623,519.669,206.5,726.169
8/23/2025 7:00,5624,606.724,226.5,833.224
8/23/2025 8:00,5625,636.032,236.5,872.532
8/23/2025 9:00,5626,621.788,216.5,838.288
8/23/2025 10:00,5627,695.974,216.5,912.474
8/23/2025 11:00,5628,772.978,216.5,989.478
8/23/2025 12:00,5629,817.307,206.5,1023.807
8/23/2025 13:00,5630,815,206.5,1021.5
8/23/2025 14:00,5631,772.644,216.5,989.144
8/23/2025 15:00,5632,752.412,216.5,968.912
8/23/2025 16:00,5633,743.399,256.5,999.899
8/23/2025 17:00,5634,825.475,246.5,1071.975
8/23/2025 18:00,5635,987.889,236.5,1224.389
8/23/2025 19:00,5636,1154.107,206.5,1360.607
8/23/2025 20:00,5637,1179.072,176.5,1355.572
8/23/2025 21:00,5638,1159.237,166.5,1325.737
8/23/2025 22:00,5639,1051.723,156.5,1208.223
8/23/2025 23:00,5640,747.784,146.5,894.284
8/24/2025 0:00,5641,640.622,136.5,777.122
8/24/2025 1:00,5642,543.524,136.5,680.024
8/24/2025 2:00,5643,467.973,136.5,604.473
8/24/2025 3:00,5644,439.568,136.5,576.068
8/24/2025 4:00,5645,417.162,136.5,553.662
8/24/2025 5:00,5646,366.013,186.5,552.513
8/24/2025 6:00,5647,523.818,206.5,730.318
8/24/2025 7:00,5648,616.265,233,849.265
8/24/2025 8:00,5649,652.621,243,895.621
8/24/2025 9:00,5650,671.445,223,894.445
8/24/2025 10:00,5651,676.809,223,899.809
8/24/2025 11:00,5652,784.071,223,1007.071
8/24/2025 12:00,5653,789.059,213,1002.059
8/24/2025 13:00,5654,860.536,213,1073.536
8/24/2025 14:00,5655,839.837,223,1062.837
8/24/2025 15:00,5656,782.186,223,1005.186
8/24/2025 16:00,5657,672.663,259,931.663
8/24/2025 17:00,5658,776.91,246.5,1023.41
8/24/2025 18:00,5659,1015.683,236.5,1252.183
8/24/2025 19:00,5660,1109.438,206.5,1315.938
8/24/2025 20:00,5661,1172.441,176.5,1348.941
8/24/2025 21:00,5662,1123.926,166.5,1290.426
8/24/2025 22:00,5663,986.561,156.5,1143.061
8/24/2025 23:00,5664,819.216,146.5,965.716
8/25/2025 0:00,5665,577.043,136.5,713.543
8/25/2025 1:00,5666,521.579,136.5,658.079
8/25/2025 2:00,5667,497.225,136.5,633.725
8/25/2025 3:00,5668,470.536,136.5,607.036
8/25/2025 4:00,5669,421.925,136.5,558.425
8/25/2025 5:00,5670,379.094,186.5,565.594
8/25/2025 6:00,5671,489.954,206.5,696.454
8/25/2025 7:00,5672,549.2,233,782.2
8/25/2025 8:00,5673,602.233,243,845.233
8/25/2025 9:00,5674,622.906,223,845.906
8/25/2025 10:00,5675,671.681,223,894.681
8/25/2025 11:00,5676,788.34,223,1011.34
8/25/2025 12:00,5677,812.932,213,1025.932
8/25/2025 13:00,5678,780.48,213,993.48
8/25/2025 14:00,5679,735.54,223,958.54
8/25/2025 15:00,5680,724.824,223,947.824
8/25/2025 16:00,5681,663.474,259,922.474
8/25/2025 17:00,5682,773.89,246.5,1020.39
8/25/2025 18:00,5683,944.18,236.5,1180.68
8/25/2025 19:00,5684,1115.587,206.5,1322.087
8/25/2025 20:00,5685,1120.577,176.5,1297.077
8/25/2025 21:00,5686,1037.934,166.5,1204.434
8/25/2025 22:00,5687,926.52,156.5,1083.02
8/25/2025 23:00,5688,715.675,146.5,862.175
8/26/2025 0:00,5689,747.931,136.5,884.431
8/26/2025 1:00,5690,640.28,136.5,776.78
8/26/2025 2:00,5691,578.975,136.5,715.475
8/26/2025 3:00,5692,513.659,136.5,650.159
8/26/2025 4:00,5693,450.167,136.5,586.667
8/26/2025 5:00,5694,426.438,186.5,612.938
8/26/2025 6:00,5695,600.008,206.5,806.508
8/26/2025 7:00,5696,655.815,233,888.815
8/26/2025 8:00,5697,674.549,243,917.549
8/26/2025 9:00,5698,734.524,223,957.524
8/26/2025 10:00,5699,779.066,223,1002.066
8/26/2025 11:00,5700,899.076,223,1122.076
8/26/2025 12:00,5701,947.669,213,1160.669
8/26/2025 13:00,5702,975.893,213,1188.893
8/26/2025 14:00,5703,968.28,223,1191.28
8/26/2025 15:00,5704,848.346,223,1071.346
8/26/2025 16:00,5705,752.694,259,1011.694
8/26/2025 17:00,5706,809.173,246.5,1055.673
8/26/2025 18:00,5707,991.529,236.5,1228.029
8/26/2025 19:00,5708,1211.52,206.5,1418.02
8/26/2025 20:00,5709,1259.328,176.5,1435.828
8/26/2025 21:00,5710,1211.779,166.5,1378.279
8/26/2025 22:00,5711,1007.997,156.5,1164.497
8/26/2025 23:00,5712,897.858,146.5,1044.358
8/27/2025 0:00,5713,664.27,136.5,800.77
8/27/2025 1:00,5714,625.064,136.5,761.564
8/27/2025 2:00,5715,515.904,136.5,652.404
8/27/2025 3:00,5716,460.525,136.5,597.025
8/27/2025 4:00,5717,390.342,136.5,526.842
8/27/2025 5:00,5718,386.784,186.5,573.284
8/27/2025 6:00,5719,505.308,206.5,711.808
8/27/2025 7:00,5720,562.145,233,795.145
8/27/2025 8:00,5721,585.398,243,828.398
8/27/2025 9:00,5722,676.988,223,899.988
8/27/2025 10:00,5723,729.616,223,952.616
8/27/2025 11:00,5724,848.266,223,1071.266
8/27/2025 12:00,5725,860.776,213,1073.776
8/27/2025 13:00,5726,885.41,213,1098.41
8/27/2025 14:00,5727,827.223,223,1050.223
8/27/2025 15:00,5728,773.139,223,996.139
8/27/2025 16:00,5729,703.423,259,962.423
8/27/2025 17:00,5730,809.046,246.5,1055.546
8/27/2025 18:00,5731,1054.637,236.5,1291.137
8/27/2025 19:00,5732,1232.131,206.5,1438.631
8/27/2025 20:00,5733,1198.45,176.5,1374.95
8/27/2025 21:00,5734,1183.18,166.5,1349.68
8/27/2025 22:00,5735,1055.38,156.5,1211.88
8/27/2025 23:00,5736,829.547,146.5,976.047
8/28/2025 0:00,5737,678.906,136.5,815.406
8/28/2025 1:00,5738,584.195,136.5,720.695
8/28/2025 2:00,5739,560.828,136.5,697.328
8/28/2025 3:00,5740,510.882,136.5,647.382
8/28/2025 4:00,5741,462.453,136.5,598.953
8/28/2025 5:00,5742,426.232,186.5,612.732
8/28/2025 6:00,5743,620.028,206.5,826.528
8/28/2025 7:00,5744,706.177,233,939.177
8/28/2025 8:00,5745,700.59,243,943.59
8/28/2025 9:00,5746,728.219,223,951.219
8/28/2025 10:00,5747,744.144,223,967.144
8/28/2025 11:00,5748,817.547,223,1040.547
8/28/2025 12:00,5749,849.925,213,1062.925
8/28/2025 13:00,5750,895.283,213,1108.283
8/28/2025 14:00,5751,928.902,223,1151.902
8/28/2025 15:00,5752,810.053,223,1033.053
8/28/2025 16:00,5753,715.646,259,974.646
8/28/2025 17:00,5754,797.513,246.5,1044.013
8/28/2025 18:00,5755,1004.602,236.5,1241.102
8/28/2025 19:00,5756,1253.006,206.5,1459.506
8/28/2025 20:00,5757,1297.048,176.5,1473.548
8/28/2025 21:00,5758,1249.784,166.5,1416.284
8/28/2025 22:00,5759,1093.766,156.5,1250.266
8/28/2025 23:00,5760,857.593,146.5,1004.093
8/29/2025 0:00,5761,645.86,136.5,782.36
8/29/2025 1:00,5762,587.888,136.5,724.388
8/29/2025 2:00,5763,532.137,136.5,668.637
8/29/2025 3:00,5764,506.187,136.5,642.687
8/29/2025 4:00,5765,448.019,136.5,584.519
8/29/2025 5:00,5766,413.932,186.5,600.432
8/29/2025 6:00,5767,485.361,184,669.361
8/29/2025 7:00,5768,570.701,201,771.701
8/29/2025 8:00,5769,566.246,206.5,772.746
8/29/2025 9:00,5770,632.285,186.5,818.785
8/29/2025 10:00,5771,651.405,186.5,837.905
8/29/2025 11:00,5772,681.997,186.5,868.497
8/29/2025 12:00,5773,683.364,178,861.364
8/29/2025 13:00,5774,727.654,178,905.654
8/29/2025 14:00,5775,901.934,216.5,1118.434
8/29/2025 15:00,5776,888.735,216.5,1105.235
8/29/2025 16:00,5777,804.764,256.5,1061.264
8/29/2025 17:00,5778,933.893,246.5,1180.393
8/29/2025 18:00,5779,1134.079,236.5,1370.579
8/29/2025 19:00,5780,1304.551,206.5,1511.051
8/29/2025 20:00,5781,1276.477,176.5,1452.977
8/29/2025 21:00,5782,1187.782,166.5,1354.282
8/29/2025 22:00,5783,1049.554,156.5,1206.054
8/29/2025 23:00,5784,756.602,146.5,903.102
8/30/2025 0:00,5785,704.295,136.5,840.795
8/30/2025 1:00,5786,600.797,136.5,737.297
8/30/2025 2:00,5787,524.787,136.5,661.287
8/30/2025 3:00,5788,467.74,136.5,604.24
8/30/2025 4:00,5789,435.843,136.5,572.343
8/30/2025 5:00,5790,449.835,186.5,636.335
8/30/2025 6:00,5791,636.156,206.5,842.656
8/30/2025 7:00,5792,654.309,226.5,880.809
8/30/2025 8:00,5793,686.185,236.5,922.685
8/30/2025 9:00,5794,696.271,216.5,912.771
8/30/2025 10:00,5795,762.538,216.5,979.038
8/30/2025 11:00,5796,837.933,216.5,1054.433
8/30/2025 12:00,5797,869.076,206.5,1075.576
8/30/2025 13:00,5798,900.039,206.5,1106.539
8/30/2025 14:00,5799,874.873,216.5,1091.373
8/30/2025 15:00,5800,872.839,216.5,1089.339
8/30/2025 16:00,5801,802.021,256.5,1058.521
8/30/2025 17:00,5802,890.247,246.5,1136.747
8/30/2025 18:00,5803,1005.245,236.5,1241.745
8/30/2025 19:00,5804,1179.273,206.5,1385.773
8/30/2025 20:00,5805,1307.74,176.5,1484.24
8/30/2025 21:00,5806,1280.663,166.5,1447.163
8/30/2025 22:00,5807,1061.772,156.5,1218.272
8/30/2025 23:00,5808,847.635,146.5,994.135
8/31/2025 0:00,5809,603.598,136.5,740.098
8/31/2025 1:00,5810,570.026,136.5,706.526
8/31/2025 2:00,5811,505.67,136.5,642.17
8/31/2025 3:00,5812,444.364,136.5,580.864
8/31/2025 4:00,5813,407.251,136.5,543.751
8/31/2025 5:00,5814,337.929,186.5,524.429
8/31/2025 6:00,5815,456.179,206.5,662.679
8/31/2025 7:00,5816,541.337,233,774.337
8/31/2025 8:00,5817,612.837,243,855.837
8/31/2025 9:00,5818,608.534,223,831.534
8/31/2025 10:00,5819,641.917,223,864.917
8/31/2025 11:00,5820,748.256,223,971.256
8/31/2025 12:00,5821,757.49,213,970.49
8/31/2025 13:00,5822,802.365,213,1015.365
8/31/2025 14:00,5823,799.526,223,1022.526
8/31/2025 15:00,5824,797.613,223,1020.613
8/31/2025 16:00,5825,709.672,259,968.672
8/31/2025 17:00,5826,780.632,246.5,1027.132
8/31/2025 18:00,5827,1007.457,236.5,1243.957
8/31/2025 19:00,5828,1087.704,206.5,1294.204
8/31/2025 20:00,5829,1113.629,176.5,1290.129
8/31/2025 21:00,5830,1055.829,166.5,1222.329
8/31/2025 22:00,5831,957.188,156.5,1113.688
8/31/2025 23:00,5832,794.027,146.5,940.527
9/1/2025 0:00,5833,684.397,136.5,820.897
9/1/2025 1:00,5834,572.758,136.5,709.258
9/1/2025 2:00,5835,513.331,136.5,649.831
9/1/2025 3:00,5836,495.677,136.5,632.177
9/1/2025 4:00,5837,428.846,136.5,565.346
9/1/2025 5:00,5838,403.35,186.5,589.85
9/1/2025 6:00,5839,532.636,206.5,739.136
9/1/2025 7:00,5840,599.631,233,832.631
9/1/2025 8:00,5841,597.231,243,840.231
9/1/2025 9:00,5842,694.626,223,917.626
9/1/2025 10:00,5843,694.155,223,917.155
9/1/2025 11:00,5844,795.291,223,1018.291
9/1/2025 12:00,5845,823.217,213,1036.217
9/1/2025 13:00,5846,829.442,213,1042.442
9/1/2025 14:00,5847,864.046,223,1087.046
9/1/2025 15:00,5848,826.231,223,1049.231
9/1/2025 16:00,5849,748.453,259,1007.453
9/1/2025 17:00,5850,839.286,246.5,1085.786
9/1/2025 18:00,5851,1020.492,236.5,1256.992
9/1/2025 19:00,5852,1160.867,206.5,1367.367
9/1/2025 20:00,5853,1154.661,176.5,1331.161
9/1/2025 21:00,5854,1145.57,166.5,1312.07
9/1/2025 22:00,5855,1005.738,156.5,1162.238
9/1/2025 23:00,5856,849.355,146.5,995.855
9/2/2025 0:00,5857,834.013,136.5,970.513
9/2/2025 1:00,5858,723.623,136.5,860.123
9/2/2025 2:00,5859,659.949,136.5,796.449
9/2/2025 3:00,5860,599.26,136.5,735.76
9/2/2025 4:00,5861,537.808,136.5,674.308
9/2/2025 5:00,5862,512.942,186.5,699.442
9/2/2025 6:00,5863,698.517,206.5,905.017
9/2/2025 7:00,5864,755.715,233,988.715
9/2/2025 8:00,5865,799.053,243,1042.053
9/2/2025 9:00,5866,849.811,223,1072.811
9/2/2025 10:00,5867,906.906,223,1129.906
9/2/2025 11:00,5868,975.126,223,1198.126
9/2/2025 12:00,5869,1099.103,213,1312.103
9/2/2025 13:00,5870,1092.761,213,1305.761
9/2/2025 14:00,5871,1057.265,223,1280.265
9/2/2025 15:00,5872,976.558,223,1199.558
9/2/2025 16:00,5873,857.529,259,1116.529
9/2/2025 17:00,5874,918.053,246.5,1164.553
9/2/2025 18:00,5875,1153.071,236.5,1389.571
9/2/2025 19:00,5876,1400.16,206.5,1606.66
9/2/2025 20:00,5877,1421.819,176.5,1598.319
9/2/2025 21:00,5878,1343.09,166.5,1509.59
9/2/2025 22:00,5879,1283.131,156.5,1439.631
9/2/2025 23:00,5880,1071.426,146.5,1217.926
9/3/2025 0:00,5881,749.21,136.5,885.71
9/3/2025 1:00,5882,612.52,136.5,749.02
9/3/2025 2:00,5883,530.033,136.5,666.533
9/3/2025 3:00,5884,518.683,136.5,655.183
9/3/2025 4:00,5885,465.487,136.5,601.987
9/3/2025 5:00,5886,425.289,186.5,611.789
9/3/2025 6:00,5887,576.734,206.5,783.234
9/3/2025 7:00,5888,663.339,233,896.339
9/3/2025 8:00,5889,672.081,243,915.081
9/3/2025 9:00,5890,718.311,223,941.311
9/3/2025 10:00,5891,763.581,223,986.581
9/3/2025 11:00,5892,786.792,223,1009.792
9/3/2025 12:00,5893,848.177,213,1061.177
9/3/2025 13:00,5894,840.042,213,1053.042
9/3/2025 14:00,5895,813.964,223,1036.964
9/3/2025 15:00,5896,762.05,223,985.05
9/3/2025 16:00,5897,727.284,259,986.284
9/3/2025 17:00,5898,796.814,246.5,1043.314
9/3/2025 18:00,5899,986.597,236.5,1223.097
9/3/2025 19:00,5900,1153.163,206.5,1359.663
9/3/2025 20:00,5901,1142.958,176.5,1319.458
9/3/2025 21:00,5902,1135.802,166.5,1302.302
9/3/2025 22:00,5903,1080.263,156.5,1236.763
9/3/2025 23:00,5904,854.203,146.5,1000.703
9/4/2025 0:00,5905,688.547,136.5,825.047
9/4/2025 1:00,5906,605.906,136.5,742.406
9/4/2025 2:00,5907,496.88,136.5,633.38
9/4/2025 3:00,5908,476.543,136.5,613.043
9/4/2025 4:00,5909,489.774,136.5,626.274
9/4/2025 5:00,5910,442.773,186.5,629.273
9/4/2025 6:00,5911,571.524,206.5,778.024
9/4/2025 7:00,5912,653.795,233,886.795
9/4/2025 8:00,5913,724.614,243,967.614
9/4/2025 9:00,5914,771.445,223,994.445
9/4/2025 10:00,5915,711.789,223,934.789
9/4/2025 11:00,5916,804.056,223,1027.056
9/4/2025 12:00,5917,937.99,213,1150.99
9/4/2025 13:00,5918,949.588,213,1162.588
9/4/2025 14:00,5919,873.531,223,1096.531
9/4/2025 15:00,5920,821.121,223,1044.121
9/4/2025 16:00,5921,711.879,259,970.879
9/4/2025 17:00,5922,837.883,246.5,1084.383
9/4/2025 18:00,5923,1006.02,236.5,1242.52
9/4/2025 19:00,5924,1167.618,206.5,1374.118
9/4/2025 20:00,5925,1163.491,176.5,1339.991
9/4/2025 21:00,5926,1110.078,166.5,1276.578
9/4/2025 22:00,5927,1075.878,156.5,1232.378
9/4/2025 23:00,5928,856.321,146.5,1002.821
9/5/2025 0:00,5929,784.756,136.5,921.256
9/5/2025 1:00,5930,659.167,136.5,795.667
9/5/2025 2:00,5931,558.192,136.5,694.692
9/5/2025 3:00,5932,507.468,136.5,643.968
9/5/2025 4:00,5933,486.112,136.5,622.612
9/5/2025 5:00,5934,492.112,186.5,678.612
9/5/2025 6:00,5935,558.514,184,742.514
9/5/2025 7:00,5936,679.477,201,880.477
9/5/2025 8:00,5937,692.685,206.5,899.185
9/5/2025 9:00,5938,730.492,186.5,916.992
9/5/2025 10:00,5939,727.908,186.5,914.408
9/5/2025 11:00,5940,836.587,186.5,1023.087
9/5/2025 12:00,5941,951.88,178,1129.88
9/5/2025 13:00,5942,893.398,178,1071.398
9/5/2025 14:00,5943,1020.121,216.5,1236.621
9/5/2025 15:00,5944,1005.551,216.5,1222.051
9/5/2025 16:00,5945,868.29,256.5,1124.79
9/5/2025 17:00,5946,985.076,246.5,1231.576
9/5/2025 18:00,5947,1292.938,236.5,1529.438
9/5/2025 19:00,5948,1449.663,206.5,1656.163
9/5/2025 20:00,5949,1484.123,176.5,1660.623
9/5/2025 21:00,5950,1481.323,166.5,1647.823
9/5/2025 22:00,5951,1386.44,156.5,1542.94
9/5/2025 23:00,5952,1026.689,146.5,1173.189
9/6/2025 0:00,5953,871.851,136.5,1008.351
9/6/2025 1:00,5954,731.337,136.5,867.837
9/6/2025 2:00,5955,680.03,136.5,816.53
9/6/2025 3:00,5956,590.197,136.5,726.697
9/6/2025 4:00,5957,542.43,136.5,678.93
9/6/2025 5:00,5958,527.811,186.5,714.311
9/6/2025 6:00,5959,685.468,206.5,891.968
9/6/2025 7:00,5960,793.519,226.5,1020.019
9/6/2025 8:00,5961,923.261,236.5,1159.761
9/6/2025 9:00,5962,924.682,216.5,1141.182
9/6/2025 10:00,5963,922.675,216.5,1139.175
9/6/2025 11:00,5964,1036.326,216.5,1252.826
9/6/2025 12:00,5965,1094.072,206.5,1300.572
9/6/2025 13:00,5966,1162.382,206.5,1368.882
9/6/2025 14:00,5967,1126.916,216.5,1343.416
9/6/2025 15:00,5968,1025.774,216.5,1242.274
9/6/2025 16:00,5969,877.325,256.5,1133.825
9/6/2025 17:00,5970,916.541,246.5,1163.041
9/6/2025 18:00,5971,1124.199,236.5,1360.699
9/6/2025 19:00,5972,1367.363,206.5,1573.863
9/6/2025 20:00,5973,1360.361,176.5,1536.861
9/6/2025 21:00,5974,1406.155,166.5,1572.655
9/6/2025 22:00,5975,1288.824,156.5,1445.324
9/6/2025 23:00,5976,1029.767,146.5,1176.267
9/7/2025 0:00,5977,682.954,136.5,819.454
9/7/2025 1:00,5978,615.099,136.5,751.599
9/7/2025 2:00,5979,530.842,136.5,667.342
9/7/2025 3:00,5980,474.075,136.5,610.575
9/7/2025 4:00,5981,461.745,136.5,598.245
9/7/2025 5:00,5982,438.873,186.5,625.373
9/7/2025 6:00,5983,571.962,206.5,778.462
9/7/2025 7:00,5984,657.129,233,890.129
9/7/2025 8:00,5985,689.715,243,932.715
9/7/2025 9:00,5986,740.372,223,963.372
9/7/2025 10:00,5987,735.492,223,958.492
9/7/2025 11:00,5988,873.676,223,1096.676
9/7/2025 12:00,5989,892.912,213,1105.912
9/7/2025 13:00,5990,961.413,213,1174.413
9/7/2025 14:00,5991,920.477,223,1143.477
9/7/2025 15:00,5992,871.569,223,1094.569
9/7/2025 16:00,5993,805.4,259,1064.4
9/7/2025 17:00,5994,894.679,246.5,1141.179
9/7/2025 18:00,5995,1055.829,236.5,1292.329
9/7/2025 19:00,5996,1249.891,206.5,1456.391
9/7/2025 20:00,5997,1331.058,176.5,1507.558
9/7/2025 21:00,5998,1229.034,166.5,1395.534
9/7/2025 22:00,5999,1107.157,156.5,1263.657
9/7/2025 23:00,6000,863.782,146.5,1010.282
9/8/2025 0:00,6001,751.111,136.5,887.611
9/8/2025 1:00,6002,695.813,136.5,832.313
9/8/2025 2:00,6003,586.097,136.5,722.597
9/8/2025 3:00,6004,520.679,136.5,657.179
9/8/2025 4:00,6005,511.098,136.5,647.598
9/8/2025 5:00,6006,489.716,186.5,676.216
9/8/2025 6:00,6007,684.37,206.5,890.87
9/8/2025 7:00,6008,723.33,233,956.33
9/8/2025 8:00,6009,755.157,243,998.157
9/8/2025 9:00,6010,772.07,223,995.07
9/8/2025 10:00,6011,803.342,223,1026.342
9/8/2025 11:00,6012,823.708,223,1046.708
9/8/2025 12:00,6013,928.576,213,1141.576
9/8/2025 13:00,6014,970.257,213,1183.257
9/8/2025 14:00,6015,956.716,223,1179.716
9/8/2025 15:00,6016,878.976,223,1101.976
9/8/2025 16:00,6017,781.979,259,1040.979
9/8/2025 17:00,6018,883.822,246.5,1130.322
9/8/2025 18:00,6019,1059.619,236.5,1296.119
9/8/2025 19:00,6020,1260.895,206.5,1467.395
9/8/2025 20:00,6021,1382.008,176.5,1558.508
9/8/2025 21:00,6022,1362.849,166.5,1529.349
9/8/2025 22:00,6023,1158.264,156.5,1314.764
9/8/2025 23:00,6024,913.55,146.5,1060.05
9/9/2025 0:00,6025,794.33,136.5,930.83
9/9/2025 1:00,6026,688.471,136.5,824.971
9/9/2025 2:00,6027,582.736,136.5,719.236
9/9/2025 3:00,6028,553.965,136.5,690.465
9/9/2025 4:00,6029,508.7,136.5,645.2
9/9/2025 5:00,6030,522.496,186.5,708.996
9/9/2025 6:00,6031,663.154,206.5,869.654
9/9/2025 7:00,6032,765.498,233,998.498
9/9/2025 8:00,6033,754.284,243,997.284
9/9/2025 9:00,6034,773.239,223,996.239
9/9/2025 10:00,6035,835.193,223,1058.193
9/9/2025 11:00,6036,950.608,223,1173.608
9/9/2025 12:00,6037,968.198,213,1181.198
9/9/2025 13:00,6038,1000.125,213,1213.125
9/9/2025 14:00,6039,944.056,223,1167.056
9/9/2025 15:00,6040,893.02,223,1116.02
9/9/2025 16:00,6041,858.485,259,1117.485
9/9/2025 17:00,6042,907.589,246.5,1154.089
9/9/2025 18:00,6043,1128.948,236.5,1365.448
9/9/2025 19:00,6044,1254.972,206.5,1461.472
9/9/2025 20:00,6045,1281.017,176.5,1457.517
9/9/2025 21:00,6046,1336.554,166.5,1503.054
9/9/2025 22:00,6047,1222.067,156.5,1378.567
9/9/2025 23:00,6048,944.071,146.5,1090.571
9/10/2025 0:00,6049,801.599,136.5,938.099
9/10/2025 1:00,6050,666.339,136.5,802.839
9/10/2025 2:00,6051,588.684,136.5,725.184
9/10/2025 3:00,6052,586.908,136.5,723.408
9/10/2025 4:00,6053,533.501,136.5,670.001
9/10/2025 5:00,6054,548.394,186.5,734.894
9/10/2025 6:00,6055,699.043,206.5,905.543
9/10/2025 7:00,6056,771.868,233,1004.868
9/10/2025 8:00,6057,830.406,243,1073.406
9/10/2025 9:00,6058,784.614,223,1007.614
9/10/2025 10:00,6059,843.455,223,1066.455
9/10/2025 11:00,6060,934.904,223,1157.904
9/10/2025 12:00,6061,1060.952,213,1273.952
9/10/2025 13:00,6062,1109.105,213,1322.105
9/10/2025 14:00,6063,1033.458,223,1256.458
9/10/2025 15:00,6064,1009.982,223,1232.982
9/10/2025 16:00,6065,909.216,259,1168.216
9/10/2025 17:00,6066,948.466,246.5,1194.966
9/10/2025 18:00,6067,1200.669,236.5,1437.169
9/10/2025 19:00,6068,1366.858,206.5,1573.358
9/10/2025 20:00,6069,1470.907,176.5,1647.407
9/10/2025 21:00,6070,1406.889,166.5,1573.389
9/10/2025 22:00,6071,1279.633,156.5,1436.133
9/10/2025 23:00,6072,1048.221,146.5,1194.721
9/11/2025 0:00,6073,764.43,136.5,900.93
9/11/2025 1:00,6074,665.453,136.5,801.953
9/11/2025 2:00,6075,605.284,136.5,741.784
9/11/2025 3:00,6076,547.716,136.5,684.216
9/11/2025 4:00,6077,487.884,136.5,624.384
9/11/2025 5:00,6078,473.674,186.5,660.174
9/11/2025 6:00,6079,604.525,206.5,811.025
9/11/2025 7:00,6080,667.12,233,900.12
9/11/2025 8:00,6081,745.798,243,988.798
9/11/2025 9:00,6082,813.131,223,1036.131
9/11/2025 10:00,6083,806.517,223,1029.517
9/11/2025 11:00,6084,847.414,223,1070.414
9/11/2025 12:00,6085,945.785,213,1158.785
9/11/2025 13:00,6086,974.19,213,1187.19
9/11/2025 14:00,6087,949.019,223,1172.019
9/11/2025 15:00,6088,857.41,223,1080.41
9/11/2025 16:00,6089,789.279,259,1048.279
9/11/2025 17:00,6090,851.551,246.5,1098.051
9/11/2025 18:00,6091,1036.348,236.5,1272.848
9/11/2025 19:00,6092,1204.108,206.5,1410.608
9/11/2025 20:00,6093,1244.857,176.5,1421.357
9/11/2025 21:00,6094,1180.454,166.5,1346.954
9/11/2025 22:00,6095,1117.16,156.5,1273.66
9/11/2025 23:00,6096,926.307,146.5,1072.807
9/12/2025 0:00,6097,782.615,136.5,919.115
9/12/2025 1:00,6098,657.672,136.5,794.172
9/12/2025 2:00,6099,593.476,136.5,729.976
9/12/2025 3:00,6100,536.058,136.5,672.558
9/12/2025 4:00,6101,461.513,136.5,598.013
9/12/2025 5:00,6102,452.245,186.5,638.745
9/12/2025 6:00,6103,527.048,184,711.048
9/12/2025 7:00,6104,655.837,201,856.837
9/12/2025 8:00,6105,707.139,206.5,913.639
9/12/2025 9:00,6106,738.191,186.5,924.691
9/12/2025 10:00,6107,742.328,186.5,928.828
9/12/2025 11:00,6108,794.862,186.5,981.362
9/12/2025 12:00,6109,805.054,178,983.054
9/12/2025 13:00,6110,779.573,178,957.573
9/12/2025 14:00,6111,891.328,216.5,1107.828
9/12/2025 15:00,6112,855.445,216.5,1071.945
9/12/2025 16:00,6113,732.091,256.5,988.591
9/12/2025 17:00,6114,820.754,246.5,1067.254
9/12/2025 18:00,6115,1070.237,236.5,1306.737
9/12/2025 19:00,6116,1245.724,206.5,1452.224
9/12/2025 20:00,6117,1264.074,176.5,1440.574
9/12/2025 21:00,6118,1222.661,166.5,1389.161
9/12/2025 22:00,6119,1198.687,156.5,1355.187
9/12/2025 23:00,6120,932.286,146.5,1078.786
9/13/2025 0:00,6121,761.461,136.5,897.961
9/13/2025 1:00,6122,659.962,136.5,796.462
9/13/2025 2:00,6123,586.972,136.5,723.472
9/13/2025 3:00,6124,523.362,136.5,659.862
9/13/2025 4:00,6125,469.377,136.5,605.877
9/13/2025 5:00,6126,471.365,186.5,657.865
9/13/2025 6:00,6127,611.262,206.5,817.762
9/13/2025 7:00,6128,668.125,226.5,894.625
9/13/2025 8:00,6129,721.832,236.5,958.332
9/13/2025 9:00,6130,768.425,216.5,984.925
9/13/2025 10:00,6131,741.022,216.5,957.522
9/13/2025 11:00,6132,836.11,216.5,1052.61
9/13/2025 12:00,6133,939.525,206.5,1146.025
9/13/2025 13:00,6134,979.453,206.5,1185.953
9/13/2025 14:00,6135,1036.846,216.5,1253.346
9/13/2025 15:00,6136,977.496,216.5,1193.996
9/13/2025 16:00,6137,911.615,256.5,1168.115
9/13/2025 17:00,6138,1048.868,246.5,1295.368
9/13/2025 18:00,6139,1274.019,236.5,1510.519
9/13/2025 19:00,6140,1393.89,206.5,1600.39
9/13/2025 20:00,6141,1421.041,176.5,1597.541
9/13/2025 21:00,6142,1299.508,166.5,1466.008
9/13/2025 22:00,6143,1172.642,156.5,1329.142
9/13/2025 23:00,6144,914.026,146.5,1060.526
9/14/2025 0:00,6145,721.331,136.5,857.831
9/14/2025 1:00,6146,612.098,136.5,748.598
9/14/2025 2:00,6147,535.486,136.5,671.986
9/14/2025 3:00,6148,504.898,136.5,641.398
9/14/2025 4:00,6149,459.794,136.5,596.294
9/14/2025 5:00,6150,401.131,186.5,587.631
9/14/2025 6:00,6151,521.997,206.5,728.497
9/14/2025 7:00,6152,588.049,233,821.049
9/14/2025 8:00,6153,631.783,243,874.783
9/14/2025 9:00,6154,715.603,223,938.603
9/14/2025 10:00,6155,759.938,223,982.938
9/14/2025 11:00,6156,867.042,223,1090.042
9/14/2025 12:00,6157,938.223,213,1151.223
9/14/2025 13:00,6158,982.593,213,1195.593
9/14/2025 14:00,6159,966.249,223,1189.249
9/14/2025 15:00,6160,889.128,223,1112.128
9/14/2025 16:00,6161,840.2,259,1099.2
9/14/2025 17:00,6162,939.991,246.5,1186.491
9/14/2025 18:00,6163,1153.185,236.5,1389.685
9/14/2025 19:00,6164,1339.618,206.5,1546.118
9/14/2025 20:00,6165,1226.574,176.5,1403.074
9/14/2025 21:00,6166,1174.895,166.5,1341.395
9/14/2025 22:00,6167,1060.399,156.5,1216.899
9/14/2025 23:00,6168,892.607,146.5,1039.107
9/15/2025 0:00,6169,692.801,136.5,829.301
9/15/2025 1:00,6170,558.744,136.5,695.244
9/15/2025 2:00,6171,525.336,136.5,661.836
9/15/2025 3:00,6172,451.143,136.5,587.643
9/15/2025 4:00,6173,395.921,136.5,532.421
9/15/2025 5:00,6174,373.589,186.5,560.089
9/15/2025 6:00,6175,504.826,206.5,711.326
9/15/2025 7:00,6176,545.843,233,778.843
9/15/2025 8:00,6177,620.411,243,863.411
9/15/2025 9:00,6178,689.279,223,912.279
9/15/2025 10:00,6179,739.774,223,962.774
9/15/2025 11:00,6180,777.747,223,1000.747
9/15/2025 12:00,6181,824.032,213,1037.032
9/15/2025 13:00,6182,843.675,213,1056.675
9/15/2025 14:00,6183,880.809,223,1103.809
9/15/2025 15:00,6184,723.253,223,946.253
9/15/2025 16:00,6185,657.575,259,916.575
9/15/2025 17:00,6186,775.975,246.5,1022.475
9/15/2025 18:00,6187,952.841,236.5,1189.341
9/15/2025 19:00,6188,1107.127,206.5,1313.627
9/15/2025 20:00,6189,1142.612,176.5,1319.112
9/15/2025 21:00,6190,1072.381,166.5,1238.881
9/15/2025 22:00,6191,970.95,156.5,1127.45
9/15/2025 23:00,6192,798.595,146.5,945.095
9/16/2025 0:00,6193,631.416,136.5,767.916
9/16/2025 1:00,6194,541.626,136.5,678.126
9/16/2025 2:00,6195,482.884,136.5,619.384
9/16/2025 3:00,6196,442.985,136.5,579.485
9/16/2025 4:00,6197,378.74,136.5,515.24
9/16/2025 5:00,6198,370.807,186.5,557.307
9/16/2025 6:00,6199,496.137,206.5,702.637
9/16/2025 7:00,6200,603.766,233,836.766
9/16/2025 8:00,6201,652.333,243,895.333
9/16/2025 9:00,6202,717.914,223,940.914
9/16/2025 10:00,6203,698.605,223,921.605
9/16/2025 11:00,6204,747.499,223,970.499
9/16/2025 12:00,6205,763.643,213,976.643
9/16/2025 13:00,6206,780.602,213,993.602
9/16/2025 14:00,6207,822.506,223,1045.506
9/16/2025 15:00,6208,808.974,223,1031.974
9/16/2025 16:00,6209,699.608,259,958.608
9/16/2025 17:00,6210,793.273,246.5,1039.773
9/16/2025 18:00,6211,999.196,236.5,1235.696
9/16/2025 19:00,6212,1165.479,206.5,1371.979
9/16/2025 20:00,6213,1108.793,176.5,1285.293
9/16/2025 21:00,6214,1010.775,166.5,1177.275
9/16/2025 22:00,6215,938.543,156.5,1095.043
9/16/2025 23:00,6216,706.798,146.5,853.298
9/17/2025 0:00,6217,569.587,136.5,706.087
9/17/2025 1:00,6218,512.354,136.5,648.854
9/17/2025 2:00,6219,469.548,136.5,606.048
9/17/2025 3:00,6220,426.826,136.5,563.326
9/17/2025 4:00,6221,384.782,136.5,521.282
9/17/2025 5:00,6222,373.432,186.5,559.932
9/17/2025 6:00,6223,503.888,206.5,710.388
9/17/2025 7:00,6224,552.6,233,785.6
9/17/2025 8:00,6225,593.524,243,836.524
9/17/2025 9:00,6226,648.291,223,871.291
9/17/2025 10:00,6227,713.657,223,936.657
9/17/2025 11:00,6228,776.964,223,999.964
9/17/2025 12:00,6229,840.613,213,1053.613
9/17/2025 13:00,6230,817.711,213,1030.711
9/17/2025 14:00,6231,779.606,223,1002.606
9/17/2025 15:00,6232,722.507,223,945.507
9/17/2025 16:00,6233,662.616,259,921.616
9/17/2025 17:00,6234,731.849,246.5,978.349
9/17/2025 18:00,6235,982.012,236.5,1218.512
9/17/2025 19:00,6236,1145.225,206.5,1351.725
9/17/2025 20:00,6237,1134.413,176.5,1310.913
9/17/2025 21:00,6238,1091.188,166.5,1257.688
9/17/2025 22:00,6239,964.273,156.5,1120.773
9/17/2025 23:00,6240,779.642,146.5,926.142
9/18/2025 0:00,6241,652.833,136.5,789.333
9/18/2025 1:00,6242,570.191,136.5,706.691
9/18/2025 2:00,6243,510.288,136.5,646.788
9/18/2025 3:00,6244,479.6,136.5,616.1
9/18/2025 4:00,6245,424.809,136.5,561.309
9/18/2025 5:00,6246,358.388,186.5,544.888
9/18/2025 6:00,6247,483.041,206.5,689.541
9/18/2025 7:00,6248,572.517,233,805.517
9/18/2025 8:00,6249,629.301,243,872.301
9/18/2025 9:00,6250,728.738,223,951.738
9/18/2025 10:00,6251,758.727,223,981.727
9/18/2025 11:00,6252,813.436,223,1036.436
9/18/2025 12:00,6253,855.787,213,1068.787
9/18/2025 13:00,6254,907.569,213,1120.569
9/18/2025 14:00,6255,858.837,223,1081.837
9/18/2025 15:00,6256,796.031,223,1019.031
9/18/2025 16:00,6257,702.563,259,961.563
9/18/2025 17:00,6258,852.072,246.5,1098.572
9/18/2025 18:00,6259,1068.053,236.5,1304.553
9/18/2025 19:00,6260,1174.382,206.5,1380.882
9/18/2025 20:00,6261,1193.366,176.5,1369.866
9/18/2025 21:00,6262,1156.619,166.5,1323.119
9/18/2025 22:00,6263,1019.929,156.5,1176.429
9/18/2025 23:00,6264,800.462,146.5,946.962
9/19/2025 0:00,6265,703.77,136.5,840.27
9/19/2025 1:00,6266,627.99,136.5,764.49
9/19/2025 2:00,6267,553.558,136.5,690.058
9/19/2025 3:00,6268,502.585,136.5,639.085
9/19/2025 4:00,6269,440.276,136.5,576.776
9/19/2025 5:00,6270,427.098,186.5,613.598
9/19/2025 6:00,6271,502.57,184,686.57
9/19/2025 7:00,6272,571.317,201,772.317
9/19/2025 8:00,6273,621.747,206.5,828.247
9/19/2025 9:00,6274,685.22,186.5,871.72
9/19/2025 10:00,6275,720.064,186.5,906.564
9/19/2025 11:00,6276,789.661,186.5,976.161
9/19/2025 12:00,6277,822.003,178,1000.003
9/19/2025 13:00,6278,822.388,178,1000.388
9/19/2025 14:00,6279,913.553,216.5,1130.053
9/19/2025 15:00,6280,849.182,216.5,1065.682
9/19/2025 16:00,6281,792.41,256.5,1048.91
9/19/2025 17:00,6282,850.782,246.5,1097.282
9/19/2025 18:00,6283,1103.914,236.5,1340.414
9/19/2025 19:00,6284,1233.747,206.5,1440.247
9/19/2025 20:00,6285,1212.351,176.5,1388.851
9/19/2025 21:00,6286,1238.122,166.5,1404.622
9/19/2025 22:00,6287,1121.052,156.5,1277.552
9/19/2025 23:00,6288,848.786,146.5,995.286
9/20/2025 0:00,6289,717.041,136.5,853.541
9/20/2025 1:00,6290,650.431,136.5,786.931
9/20/2025 2:00,6291,613.773,136.5,750.273
9/20/2025 3:00,6292,548.407,136.5,684.907
9/20/2025 4:00,6293,495.494,136.5,631.994
9/20/2025 5:00,6294,490.948,186.5,677.448
9/20/2025 6:00,6295,594.69,206.5,801.19
9/20/2025 7:00,6296,739.171,226.5,965.671
9/20/2025 8:00,6297,838.643,236.5,1075.143
9/20/2025 9:00,6298,758.819,216.5,975.319
9/20/2025 10:00,6299,790.578,216.5,1007.078
9/20/2025 11:00,6300,849.8,216.5,1066.3
9/20/2025 12:00,6301,914.443,206.5,1120.943
9/20/2025 13:00,6302,937.735,206.5,1144.235
9/20/2025 14:00,6303,967.575,216.5,1184.075
9/20/2025 15:00,6304,896.251,216.5,1112.751
9/20/2025 16:00,6305,790.775,256.5,1047.275
9/20/2025 17:00,6306,863.839,246.5,1110.339
9/20/2025 18:00,6307,1128.535,236.5,1365.035
9/20/2025 19:00,6308,1241.171,206.5,1447.671
9/20/2025 20:00,6309,1218.356,176.5,1394.856
9/20/2025 21:00,6310,1293.768,166.5,1460.268
9/20/2025 22:00,6311,1153.058,156.5,1309.558
9/20/2025 23:00,6312,925.804,146.5,1072.304
9/21/2025 0:00,6313,717.054,136.5,853.554
9/21/2025 1:00,6314,640.631,136.5,777.131
9/21/2025 2:00,6315,604.371,136.5,740.871
9/21/2025 3:00,6316,551.526,136.5,688.026
9/21/2025 4:00,6317,464.757,136.5,601.257
9/21/2025 5:00,6318,416.321,186.5,602.821
9/21/2025 6:00,6319,559.805,206.5,766.305
9/21/2025 7:00,6320,635.665,233,868.665
9/21/2025 8:00,6321,639.611,243,882.611
9/21/2025 9:00,6322,732.457,223,955.457
9/21/2025 10:00,6323,733.295,223,956.295
9/21/2025 11:00,6324,867.755,223,1090.755
9/21/2025 12:00,6325,979.04,213,1192.04
9/21/2025 13:00,6326,968.374,213,1181.374
9/21/2025 14:00,6327,957.989,223,1180.989
9/21/2025 15:00,6328,841.733,223,1064.733
9/21/2025 16:00,6329,796.683,259,1055.683
9/21/2025 17:00,6330,849.21,246.5,1095.71
9/21/2025 18:00,6331,1027.866,236.5,1264.366
9/21/2025 19:00,6332,1191.622,206.5,1398.122
9/21/2025 20:00,6333,1217.642,176.5,1394.142
9/21/2025 21:00,6334,1176.362,166.5,1342.862
9/21/2025 22:00,6335,1125.977,156.5,1282.477
9/21/2025 23:00,6336,876.4,146.5,1022.9
9/22/2025 0:00,6337,753.698,136.5,890.198
9/22/2025 1:00,6338,615.736,136.5,752.236
9/22/2025 2:00,6339,584.62,136.5,721.12
9/22/2025 3:00,6340,506.821,136.5,643.321
9/22/2025 4:00,6341,464.199,136.5,600.699
9/22/2025 5:00,6342,430.511,186.5,617.011
9/22/2025 6:00,6343,570.469,206.5,776.969
9/22/2025 7:00,6344,671.992,233,904.992
9/22/2025 8:00,6345,751.333,243,994.333
9/22/2025 9:00,6346,812.846,223,1035.846
9/22/2025 10:00,6347,803.192,223,1026.192
9/22/2025 11:00,6348,869.428,223,1092.428
9/22/2025 12:00,6349,892.14,213,1105.14
9/22/2025 13:00,6350,888.366,213,1101.366
9/22/2025 14:00,6351,854.335,223,1077.335
9/22/2025 15:00,6352,807.048,223,1030.048
9/22/2025 16:00,6353,767.934,259,1026.934
9/22/2025 17:00,6354,802.854,246.5,1049.354
9/22/2025 18:00,6355,1040.926,236.5,1277.426
9/22/2025 19:00,6356,1277.965,206.5,1484.465
9/22/2025 20:00,6357,1336.648,176.5,1513.148
9/22/2025 21:00,6358,1228.179,166.5,1394.679
9/22/2025 22:00,6359,1052.651,156.5,1209.151
9/22/2025 23:00,6360,870.25,146.5,1016.75
9/23/2025 0:00,6361,675.066,136.5,811.566
9/23/2025 1:00,6362,633.884,136.5,770.384
9/23/2025 2:00,6363,563.569,136.5,700.069
9/23/2025 3:00,6364,554.362,136.5,690.862
9/23/2025 4:00,6365,465.152,136.5,601.652
9/23/2025 5:00,6366,462.114,186.5,648.614
9/23/2025 6:00,6367,606.558,206.5,813.058
9/23/2025 7:00,6368,674.688,233,907.688
9/23/2025 8:00,6369,681.985,243,924.985
9/23/2025 9:00,6370,761.708,223,984.708
9/23/2025 10:00,6371,811.825,223,1034.825
9/23/2025 11:00,6372,934.678,223,1157.678
9/23/2025 12:00,6373,1000.714,213,1213.714
9/23/2025 13:00,6374,976.835,213,1189.835
9/23/2025 14:00,6375,920.563,223,1143.563
9/23/2025 15:00,6376,824.156,223,1047.156
9/23/2025 16:00,6377,824.641,259,1083.641
9/23/2025 17:00,6378,885.165,246.5,1131.665
9/23/2025 18:00,6379,1170.958,236.5,1407.458
9/23/2025 19:00,6380,1334.677,206.5,1541.177
9/23/2025 20:00,6381,1349.816,176.5,1526.316
9/23/2025 21:00,6382,1258.066,166.5,1424.566
9/23/2025 22:00,6383,1153.601,156.5,1310.101
9/23/2025 23:00,6384,914.231,146.5,1060.731
9/24/2025 0:00,6385,726.256,136.5,862.756
9/24/2025 1:00,6386,648.268,136.5,784.768
9/24/2025 2:00,6387,569.293,136.5,705.793
9/24/2025 3:00,6388,504.84,136.5,641.34
9/24/2025 4:00,6389,475.59,136.5,612.09
9/24/2025 5:00,6390,447.078,186.5,633.578
9/24/2025 6:00,6391,604.033,206.5,810.533
9/24/2025 7:00,6392,663.163,233,896.163
9/24/2025 8:00,6393,672.858,243,915.858
9/24/2025 9:00,6394,781.085,223,1004.085
9/24/2025 10:00,6395,841.625,223,1064.625
9/24/2025 11:00,6396,919.024,223,1142.024
9/24/2025 12:00,6397,939.092,213,1152.092
9/24/2025 13:00,6398,942.661,213,1155.661
9/24/2025 14:00,6399,973.527,223,1196.527
9/24/2025 15:00,6400,879.33,223,1102.33
9/24/2025 16:00,6401,784.043,259,1043.043
9/24/2025 17:00,6402,930.131,246.5,1176.631
9/24/2025 18:00,6403,1130.895,236.5,1367.395
9/24/2025 19:00,6404,1349.847,206.5,1556.347
9/24/2025 20:00,6405,1275.842,176.5,1452.342
9/24/2025 21:00,6406,1242.343,166.5,1408.843
9/24/2025 22:00,6407,1195.619,156.5,1352.119
9/24/2025 23:00,6408,932.412,146.5,1078.912
9/25/2025 0:00,6409,777.239,136.5,913.739
9/25/2025 1:00,6410,644.431,136.5,780.931
9/25/2025 2:00,6411,602.815,136.5,739.315
9/25/2025 3:00,6412,533.628,136.5,670.128
9/25/2025 4:00,6413,488.235,136.5,624.735
9/25/2025 5:00,6414,441.709,186.5,628.209
9/25/2025 6:00,6415,636.386,206.5,842.886
9/25/2025 7:00,6416,738.118,233,971.118
9/25/2025 8:00,6417,763.745,243,1006.745
9/25/2025 9:00,6418,766.54,223,989.54
9/25/2025 10:00,6419,845.397,223,1068.397
9/25/2025 11:00,6420,897.161,223,1120.161
9/25/2025 12:00,6421,917.102,213,1130.102
9/25/2025 13:00,6422,894.951,213,1107.951
9/25/2025 14:00,6423,893.407,223,1116.407
9/25/2025 15:00,6424,812.243,223,1035.243
9/25/2025 16:00,6425,756.422,259,1015.422
9/25/2025 17:00,6426,880.993,246.5,1127.493
9/25/2025 18:00,6427,1095.948,236.5,1332.448
9/25/2025 19:00,6428,1284.388,206.5,1490.888
9/25/2025 20:00,6429,1281.953,176.5,1458.453
9/25/2025 21:00,6430,1248.111,166.5,1414.611
9/25/2025 22:00,6431,1220.375,156.5,1376.875
9/25/2025 23:00,6432,949.583,146.5,1096.083
9/26/2025 0:00,6433,765.496,136.5,901.996
9/26/2025 1:00,6434,624.161,136.5,760.661
9/26/2025 2:00,6435,595.409,136.5,731.909
9/26/2025 3:00,6436,530.596,136.5,667.096
9/26/2025 4:00,6437,502.753,136.5,639.253
9/26/2025 5:00,6438,467.234,186.5,653.734
9/26/2025 6:00,6439,550.979,184,734.979
9/26/2025 7:00,6440,632.593,201,833.593
9/26/2025 8:00,6441,650.769,206.5,857.269
9/26/2025 9:00,6442,718.431,186.5,904.931
9/26/2025 10:00,6443,709.433,186.5,895.933
9/26/2025 11:00,6444,796.6,186.5,983.1
9/26/2025 12:00,6445,829.573,178,1007.573
9/26/2025 13:00,6446,861.577,178,1039.577
9/26/2025 14:00,6447,969.153,216.5,1185.653
9/26/2025 15:00,6448,909.492,216.5,1125.992
9/26/2025 16:00,6449,800.761,256.5,1057.261
9/26/2025 17:00,6450,896.385,246.5,1142.885
9/26/2025 18:00,6451,1144.074,236.5,1380.574
9/26/2025 19:00,6452,1288.846,206.5,1495.346
9/26/2025 20:00,6453,1324.806,176.5,1501.306
9/26/2025 21:00,6454,1286.187,166.5,1452.687
9/26/2025 22:00,6455,1153.276,156.5,1309.776
9/26/2025 23:00,6456,893.481,146.5,1039.981
9/27/2025 0:00,6457,706.162,136.5,842.662
9/27/2025 1:00,6458,678.612,136.5,815.112
9/27/2025 2:00,6459,613.826,136.5,750.326
9/27/2025 3:00,6460,553.507,136.5,690.007
9/27/2025 4:00,6461,516.091,136.5,652.591
9/27/2025 5:00,6462,439.714,186.5,626.214
9/27/2025 6:00,6463,531.462,206.5,737.962
9/27/2025 7:00,6464,624.481,226.5,850.981
9/27/2025 8:00,6465,648.875,236.5,885.375
9/27/2025 9:00,6466,705.145,216.5,921.645
9/27/2025 10:00,6467,756.464,216.5,972.964
9/27/2025 11:00,6468,866.979,216.5,1083.479
9/27/2025 12:00,6469,884.624,206.5,1091.124
9/27/2025 13:00,6470,934.166,206.5,1140.666
9/27/2025 14:00,6471,925.451,216.5,1141.951
9/27/2025 15:00,6472,875.537,216.5,1092.037
9/27/2025 16:00,6473,781.564,256.5,1038.064
9/27/2025 17:00,6474,902.941,246.5,1149.441
9/27/2025 18:00,6475,1121.489,236.5,1357.989
9/27/2025 19:00,6476,1348.527,206.5,1555.027
9/27/2025 20:00,6477,1305.036,176.5,1481.536
9/27/2025 21:00,6478,1275.287,166.5,1441.787
9/27/2025 22:00,6479,1145.882,156.5,1302.382
9/27/2025 23:00,6480,903.358,146.5,1049.858
9/28/2025 0:00,6481,689.525,136.5,826.025
9/28/2025 1:00,6482,588.466,136.5,724.966
9/28/2025 2:00,6483,472.745,136.5,609.245
9/28/2025 3:00,6484,396.355,136.5,532.855
9/28/2025 4:00,6485,410.471,136.5,546.971
9/28/2025 5:00,6486,413.841,186.5,600.341
9/28/2025 6:00,6487,590.356,206.5,796.856
9/28/2025 7:00,6488,646.02,233,879.02
9/28/2025 8:00,6489,640.865,243,883.865
9/28/2025 9:00,6490,680.062,223,903.062
9/28/2025 10:00,6491,712.976,223,935.976
9/28/2025 11:00,6492,754.35,223,977.35
9/28/2025 12:00,6493,872.33,213,1085.33
9/28/2025 13:00,6494,955.365,213,1168.365
9/28/2025 14:00,6495,923.06,223,1146.06
9/28/2025 15:00,6496,837.068,223,1060.068
9/28/2025 16:00,6497,719.489,259,978.489
9/28/2025 17:00,6498,858.626,246.5,1105.126
9/28/2025 18:00,6499,1058.215,236.5,1294.715
9/28/2025 19:00,6500,1184.367,206.5,1390.867
9/28/2025 20:00,6501,1223.065,176.5,1399.565
9/28/2025 21:00,6502,1135.755,166.5,1302.255
9/28/2025 22:00,6503,1030.997,156.5,1187.497
9/28/2025 23:00,6504,784.454,146.5,930.954
9/29/2025 0:00,6505,722.351,136.5,858.851
9/29/2025 1:00,6506,624.886,136.5,761.386
9/29/2025 2:00,6507,579.509,136.5,716.009
9/29/2025 3:00,6508,518.447,136.5,654.947
9/29/2025 4:00,6509,467.584,136.5,604.084
9/29/2025 5:00,6510,418.847,186.5,605.347
9/29/2025 6:00,6511,585.594,206.5,792.094
9/29/2025 7:00,6512,637.69,233,870.69
9/29/2025 8:00,6513,673.804,243,916.804
9/29/2025 9:00,6514,729.975,223,952.975
9/29/2025 10:00,6515,765.814,223,988.814
9/29/2025 11:00,6516,786.211,223,1009.211
9/29/2025 12:00,6517,856.317,213,1069.317
9/29/2025 13:00,6518,923.241,213,1136.241
9/29/2025 14:00,6519,898.755,223,1121.755
9/29/2025 15:00,6520,837.33,223,1060.33
9/29/2025 16:00,6521,781.246,259,1040.246
9/29/2025 17:00,6522,866.066,246.5,1112.566
9/29/2025 18:00,6523,1046.089,236.5,1282.589
9/29/2025 19:00,6524,1213.938,206.5,1420.438
9/29/2025 20:00,6525,1290.453,176.5,1466.953
9/29/2025 21:00,6526,1181.814,166.5,1348.314
9/29/2025 22:00,6527,1063.404,156.5,1219.904
9/29/2025 23:00,6528,820.486,146.5,966.986
9/30/2025 0:00,6529,733.63,136.5,870.13
9/30/2025 1:00,6530,637.798,136.5,774.298
9/30/2025 2:00,6531,551.906,136.5,688.406
9/30/2025 3:00,6532,514.886,136.5,651.386
9/30/2025 4:00,6533,451.88,136.5,588.38
9/30/2025 5:00,6534,416.798,186.5,603.298
9/30/2025 6:00,6535,538.747,206.5,745.247
9/30/2025 7:00,6536,604.784,233,837.784
9/30/2025 8:00,6537,707.983,243,950.983
9/30/2025 9:00,6538,735.342,223,958.342
9/30/2025 10:00,6539,784.068,223,1007.068
9/30/2025 11:00,6540,832.296,223,1055.296
9/30/2025 12:00,6541,926.318,213,1139.318
9/30/2025 13:00,6542,914.487,213,1127.487
9/30/2025 14:00,6543,916.44,223,1139.44
9/30/2025 15:00,6544,862.645,223,1085.645
9/30/2025 16:00,6545,866.283,259,1125.283
9/30/2025 17:00,6546,938.081,246.5,1184.581
9/30/2025 18:00,6547,1116.136,236.5,1352.636
9/30/2025 19:00,6548,1297.139,206.5,1503.639
9/30/2025 20:00,6549,1396.726,176.5,1573.226
9/30/2025 21:00,6550,1230.883,166.5,1397.383
9/30/2025 22:00,6551,1092.151,156.5,1248.651
9/30/2025 23:00,6552,878.993,146.5,1025.493
10/1/2025 0:00,6553,786.01,136.5,922.51
10/1/2025 1:00,6554,685.415,136.5,821.915
10/1/2025 2:00,6555,589.916,136.5,726.416
10/1/2025 3:00,6556,584.776,136.5,721.276
10/1/2025 4:00,6557,505.197,136.5,641.697
10/1/2025 5:00,6558,486.124,186.5,672.624
10/1/2025 6:00,6559,677.969,206.5,884.469
10/1/2025 7:00,6560,756.434,233,989.434
10/1/2025 8:00,6561,770.197,243,1013.197
10/1/2025 9:00,6562,786.48,223,1009.48
10/1/2025 10:00,6563,828.998,223,1051.998
10/1/2025 11:00,6564,897.682,223,1120.682
10/1/2025 12:00,6565,987.213,213,1200.213
10/1/2025 13:00,6566,974.142,213,1187.142
10/1/2025 14:00,6567,1018.257,223,1241.257
10/1/2025 15:00,6568,959.429,223,1182.429
10/1/2025 16:00,6569,893.743,259,1152.743
10/1/2025 17:00,6570,1027.318,246.5,1273.818
10/1/2025 18:00,6571,1230.456,236.5,1466.956
10/1/2025 19:00,6572,1359.997,206.5,1566.497
10/1/2025 20:00,6573,1368.399,176.5,1544.899
10/1/2025 21:00,6574,1318.084,166.5,1484.584
10/1/2025 22:00,6575,1207.193,156.5,1363.693
10/1/2025 23:00,6576,949.533,146.5,1096.033
10/2/2025 0:00,6577,694.691,136.5,831.191
10/2/2025 1:00,6578,616.297,136.5,752.797
10/2/2025 2:00,6579,574.451,136.5,710.951
10/2/2025 3:00,6580,536.408,136.5,672.908
10/2/2025 4:00,6581,515.258,136.5,651.758
10/2/2025 5:00,6582,521.624,186.5,708.124
10/2/2025 6:00,6583,681.965,206.5,888.465
10/2/2025 7:00,6584,782.611,233,1015.611
10/2/2025 8:00,6585,821.668,243,1064.668
10/2/2025 9:00,6586,893.144,223,1116.144
10/2/2025 10:00,6587,941.196,223,1164.196
10/2/2025 11:00,6588,1005.451,223,1228.451
10/2/2025 12:00,6589,1049.548,213,1262.548
10/2/2025 13:00,6590,1033.595,213,1246.595
10/2/2025 14:00,6591,1000.819,223,1223.819
10/2/2025 15:00,6592,914.832,223,1137.832
10/2/2025 16:00,6593,864.003,259,1123.003
10/2/2025 17:00,6594,922.407,246.5,1168.907
10/2/2025 18:00,6595,1146.421,236.5,1382.921
10/2/2025 19:00,6596,1210.004,206.5,1416.504
10/2/2025 20:00,6597,1353.491,176.5,1529.991
10/2/2025 21:00,6598,1280.841,166.5,1447.341
10/2/2025 22:00,6599,1176.393,156.5,1332.893
10/2/2025 23:00,6600,984.673,146.5,1131.173
10/3/2025 0:00,6601,741.821,136.5,878.321
10/3/2025 1:00,6602,666.9,136.5,803.4
10/3/2025 2:00,6603,552.56,136.5,689.06
10/3/2025 3:00,6604,549.484,136.5,685.984
10/3/2025 4:00,6605,504.317,136.5,640.817
10/3/2025 5:00,6606,465.549,186.5,652.049
10/3/2025 6:00,6607,556.832,184,740.832
10/3/2025 7:00,6608,587.168,201,788.168
10/3/2025 8:00,6609,617.755,206.5,824.255
10/3/2025 9:00,6610,697.046,186.5,883.546
10/3/2025 10:00,6611,660.118,186.5,846.618
10/3/2025 11:00,6612,745.327,186.5,931.827
10/3/2025 12:00,6613,809.602,178,987.602
10/3/2025 13:00,6614,882.321,178,1060.321
10/3/2025 14:00,6615,929.779,216.5,1146.279
10/3/2025 15:00,6616,923.326,216.5,1139.826
10/3/2025 16:00,6617,816.278,256.5,1072.778
10/3/2025 17:00,6618,888.155,246.5,1134.655
10/3/2025 18:00,6619,1080.035,236.5,1316.535
10/3/2025 19:00,6620,1209.202,206.5,1415.702
10/3/2025 20:00,6621,1281.244,176.5,1457.744
10/3/2025 21:00,6622,1188.52,166.5,1355.02
10/3/2025 22:00,6623,1119.587,156.5,1276.087
10/3/2025 23:00,6624,843.715,146.5,990.215
10/4/2025 0:00,6625,641.095,136.5,777.595
10/4/2025 1:00,6626,559.679,136.5,696.179
10/4/2025 2:00,6627,515.256,136.5,651.756
10/4/2025 3:00,6628,470.351,136.5,606.851
10/4/2025 4:00,6629,433.357,136.5,569.857
10/4/2025 5:00,6630,420.562,186.5,607.062
10/4/2025 6:00,6631,579.745,206.5,786.245
10/4/2025 7:00,6632,639.572,226.5,866.072
10/4/2025 8:00,6633,647.132,236.5,883.632
10/4/2025 9:00,6634,690.293,216.5,906.793
10/4/2025 10:00,6635,731.383,216.5,947.883
10/4/2025 11:00,6636,753.113,216.5,969.613
10/4/2025 12:00,6637,794.455,206.5,1000.955
10/4/2025 13:00,6638,815.004,206.5,1021.504
10/4/2025 14:00,6639,817.84,216.5,1034.34
10/4/2025 15:00,6640,755.501,216.5,972.001
10/4/2025 16:00,6641,724.518,256.5,981.018
10/4/2025 17:00,6642,758.313,246.5,1004.813
10/4/2025 18:00,6643,936.987,236.5,1173.487
10/4/2025 19:00,6644,1105.397,206.5,1311.897
10/4/2025 20:00,6645,1152.352,176.5,1328.852
10/4/2025 21:00,6646,1066.11,166.5,1232.61
10/4/2025 22:00,6647,972.118,156.5,1128.618
10/4/2025 23:00,6648,787.475,146.5,933.975
10/5/2025 0:00,6649,640.57,136.5,777.07
10/5/2025 1:00,6650,570.296,136.5,706.796
10/5/2025 2:00,6651,499.234,136.5,635.734
10/5/2025 3:00,6652,489.636,136.5,626.136
10/5/2025 4:00,6653,449.007,136.5,585.507
10/5/2025 5:00,6654,401.8,186.5,588.3
10/5/2025 6:00,6655,540.38,206.5,746.88
10/5/2025 7:00,6656,612.913,233,845.913
10/5/2025 8:00,6657,681.886,243,924.886
10/5/2025 9:00,6658,697.822,223,920.822
10/5/2025 10:00,6659,741.559,223,964.559
10/5/2025 11:00,6660,801.027,223,1024.027
10/5/2025 12:00,6661,894.561,213,1107.561
10/5/2025 13:00,6662,936.481,213,1149.481
10/5/2025 14:00,6663,900.744,223,1123.744
10/5/2025 15:00,6664,814.293,223,1037.293
10/5/2025 16:00,6665,754.313,259,1013.313
10/5/2025 17:00,6666,820.971,246.5,1067.471
10/5/2025 18:00,6667,1084.48,236.5,1320.98
10/5/2025 19:00,6668,1211.877,206.5,1418.377
10/5/2025 20:00,6669,1200.301,176.5,1376.801
10/5/2025 21:00,6670,1125.267,166.5,1291.767
10/5/2025 22:00,6671,979.459,156.5,1135.959
10/5/2025 23:00,6672,813.627,146.5,960.127
10/6/2025 0:00,6673,694.052,136.5,830.552
10/6/2025 1:00,6674,637.361,136.5,773.861
10/6/2025 2:00,6675,538.645,136.5,675.145
10/6/2025 3:00,6676,502.162,136.5,638.662
10/6/2025 4:00,6677,481.929,136.5,618.429
10/6/2025 5:00,6678,412.276,186.5,598.776
10/6/2025 6:00,6679,611.919,206.5,818.419
10/6/2025 7:00,6680,671.64,233,904.64
10/6/2025 8:00,6681,716.892,243,959.892
10/6/2025 9:00,6682,777.124,223,1000.124
10/6/2025 10:00,6683,817.297,223,1040.297
10/6/2025 11:00,6684,882.429,223,1105.429
10/6/2025 12:00,6685,958.653,213,1171.653
10/6/2025 13:00,6686,980.332,213,1193.332
10/6/2025 14:00,6687,1005.944,223,1228.944
10/6/2025 15:00,6688,925.571,223,1148.571
10/6/2025 16:00,6689,894.175,259,1153.175
10/6/2025 17:00,6690,988.569,246.5,1235.069
10/6/2025 18:00,6691,1111.396,236.5,1347.896
10/6/2025 19:00,6692,1377.167,206.5,1583.667
10/6/2025 20:00,6693,1328.548,176.5,1505.048
10/6/2025 21:00,6694,1307.468,166.5,1473.968
10/6/2025 22:00,6695,1140.642,156.5,1297.142
10/6/2025 23:00,6696,930.078,146.5,1076.578
10/7/2025 0:00,6697,682.725,136.5,819.225
10/7/2025 1:00,6698,604.601,136.5,741.101
10/7/2025 2:00,6699,527.579,136.5,664.079
10/7/2025 3:00,6700,508.095,136.5,644.595
10/7/2025 4:00,6701,460.146,136.5,596.646
10/7/2025 5:00,6702,440.994,186.5,627.494
10/7/2025 6:00,6703,524.713,206.5,731.213
10/7/2025 7:00,6704,604.3,233,837.3
10/7/2025 8:00,6705,662.67,243,905.67
10/7/2025 9:00,6706,714.698,223,937.698
10/7/2025 10:00,6707,765.034,223,988.034
10/7/2025 11:00,6708,807.917,223,1030.917
10/7/2025 12:00,6709,858.48,213,1071.48
10/7/2025 13:00,6710,915.959,213,1128.959
10/7/2025 14:00,6711,814.818,223,1037.818
10/7/2025 15:00,6712,796.667,223,1019.667
10/7/2025 16:00,6713,729.298,259,988.298
10/7/2025 17:00,6714,805.805,246.5,1052.305
10/7/2025 18:00,6715,1040.335,236.5,1276.835
10/7/2025 19:00,6716,1240.886,206.5,1447.386
10/7/2025 20:00,6717,1285.674,176.5,1462.174
10/7/2025 21:00,6718,1188.873,166.5,1355.373
10/7/2025 22:00,6719,1076.84,156.5,1233.34
10/7/2025 23:00,6720,869.901,146.5,1016.401
10/8/2025 0:00,6721,695.818,136.5,832.318
10/8/2025 1:00,6722,584.529,136.5,721.029
10/8/2025 2:00,6723,509.829,136.5,646.329
10/8/2025 3:00,6724,485.205,136.5,621.705
10/8/2025 4:00,6725,439.779,136.5,576.279
10/8/2025 5:00,6726,394.648,186.5,581.148
10/8/2025 6:00,6727,500.865,206.5,707.365
10/8/2025 7:00,6728,611.821,233,844.821
10/8/2025 8:00,6729,643.714,243,886.714
10/8/2025 9:00,6730,707.1,223,930.1
10/8/2025 10:00,6731,769.469,223,992.469
10/8/2025 11:00,6732,783.725,223,1006.725
10/8/2025 12:00,6733,841.271,213,1054.271
10/8/2025 13:00,6734,863.896,213,1076.896
10/8/2025 14:00,6735,867.405,223,1090.405
10/8/2025 15:00,6736,847.313,223,1070.313
10/8/2025 16:00,6737,731.624,259,990.624
10/8/2025 17:00,6738,857.642,246.5,1104.142
10/8/2025 18:00,6739,1105.953,236.5,1342.453
10/8/2025 19:00,6740,1228.302,206.5,1434.802
10/8/2025 20:00,6741,1232.484,176.5,1408.984
10/8/2025 21:00,6742,1180.66,166.5,1347.16
10/8/2025 22:00,6743,1053.286,156.5,1209.786
10/8/2025 23:00,6744,850.51,146.5,997.01
10/9/2025 0:00,6745,619.488,136.5,755.988
10/9/2025 1:00,6746,511.575,136.5,648.075
10/9/2025 2:00,6747,473.486,136.5,609.986
10/9/2025 3:00,6748,444.925,136.5,581.425
10/9/2025 4:00,6749,398.551,136.5,535.051
10/9/2025 5:00,6750,340.594,186.5,527.094
10/9/2025 6:00,6751,464.923,206.5,671.423
10/9/2025 7:00,6752,538.676,233,771.676
10/9/2025 8:00,6753,549.779,243,792.779
10/9/2025 9:00,6754,595.809,223,818.809
10/9/2025 10:00,6755,594.709,223,817.709
10/9/2025 11:00,6756,687.091,223,910.091
10/9/2025 12:00,6757,745.701,213,958.701
10/9/2025 13:00,6758,722.21,213,935.21
10/9/2025 14:00,6759,738.691,223,961.691
10/9/2025 15:00,6760,696.053,223,919.053
10/9/2025 16:00,6761,656.966,259,915.966
10/9/2025 17:00,6762,739.573,246.5,986.073
10/9/2025 18:00,6763,907.367,236.5,1143.867
10/9/2025 19:00,6764,1024.064,206.5,1230.564
10/9/2025 20:00,6765,1043.406,176.5,1219.906
10/9/2025 21:00,6766,1006.496,166.5,1172.996
10/9/2025 22:00,6767,905.391,156.5,1061.891
10/9/2025 23:00,6768,719.084,146.5,865.584
10/10/2025 0:00,6769,681.64,136.5,818.14
10/10/2025 1:00,6770,591.989,136.5,728.489
10/10/2025 2:00,6771,582.469,136.5,718.969
10/10/2025 3:00,6772,503.897,136.5,640.397
10/10/2025 4:00,6773,447.846,136.5,584.346
10/10/2025 5:00,6774,482.791,186.5,669.291
10/10/2025 6:00,6775,545.885,184,729.885
10/10/2025 7:00,6776,574.638,201,775.638
10/10/2025 8:00,6777,635.493,206.5,841.993
10/10/2025 9:00,6778,649.017,186.5,835.517
10/10/2025 10:00,6779,699.011,186.5,885.511
10/10/2025 11:00,6780,745.967,186.5,932.467
10/10/2025 12:00,6781,778.732,178,956.732
10/10/2025 13:00,6782,848.95,178,1026.95
10/10/2025 14:00,6783,973.142,216.5,1189.642
10/10/2025 15:00,6784,924.988,216.5,1141.488
10/10/2025 16:00,6785,847.522,256.5,1104.022
10/10/2025 17:00,6786,917.939,246.5,1164.439
10/10/2025 18:00,6787,1175.643,236.5,1412.143
10/10/2025 19:00,6788,1369.287,206.5,1575.787
10/10/2025 20:00,6789,1362.891,176.5,1539.391
10/10/2025 21:00,6790,1347.072,166.5,1513.572
10/10/2025 22:00,6791,1195.129,156.5,1351.629
10/10/2025 23:00,6792,898.061,146.5,1044.561
10/11/2025 0:00,6793,689.57,136.5,826.07
10/11/2025 1:00,6794,594.243,136.5,730.743
10/11/2025 2:00,6795,500.002,136.5,636.502
10/11/2025 3:00,6796,459.481,136.5,595.981
10/11/2025 4:00,6797,426.368,136.5,562.868
10/11/2025 5:00,6798,393.899,186.5,580.399
10/11/2025 6:00,6799,540.034,206.5,746.534
10/11/2025 7:00,6800,621.465,226.5,847.965
10/11/2025 8:00,6801,682.466,236.5,918.966
10/11/2025 9:00,6802,726.634,216.5,943.134
10/11/2025 10:00,6803,745.276,216.5,961.776
10/11/2025 11:00,6804,759.397,216.5,975.897
10/11/2025 12:00,6805,872.635,206.5,1079.135
10/11/2025 13:00,6806,875.608,206.5,1082.108
10/11/2025 14:00,6807,851.392,216.5,1067.892
10/11/2025 15:00,6808,784.194,216.5,1000.694
10/11/2025 16:00,6809,709.307,256.5,965.807
10/11/2025 17:00,6810,865.313,246.5,1111.813
10/11/2025 18:00,6811,1129.606,236.5,1366.106
10/11/2025 19:00,6812,1263.11,206.5,1469.61
10/11/2025 20:00,6813,1247.951,176.5,1424.451
10/11/2025 21:00,6814,1189.043,166.5,1355.543
10/11/2025 22:00,6815,1038.459,156.5,1194.959
10/11/2025 23:00,6816,815.265,146.5,961.765
10/12/2025 0:00,6817,611.783,136.5,748.283
10/12/2025 1:00,6818,520.083,136.5,656.583
10/12/2025 2:00,6819,467.876,136.5,604.376
10/12/2025 3:00,6820,428.154,136.5,564.654
10/12/2025 4:00,6821,397.524,136.5,534.024
10/12/2025 5:00,6822,355.779,186.5,542.279
10/12/2025 6:00,6823,496.067,206.5,702.567
10/12/2025 7:00,6824,539.762,233,772.762
10/12/2025 8:00,6825,568.481,243,811.481
10/12/2025 9:00,6826,607.834,223,830.834
10/12/2025 10:00,6827,615.11,223,838.11
10/12/2025 11:00,6828,715.462,223,938.462
10/12/2025 12:00,6829,735.637,213,948.637
10/12/2025 13:00,6830,746.994,213,959.994
10/12/2025 14:00,6831,783.538,223,1006.538
10/12/2025 15:00,6832,712.388,223,935.388
10/12/2025 16:00,6833,653.794,259,912.794
10/12/2025 17:00,6834,730.253,246.5,976.753
10/12/2025 18:00,6835,965.026,236.5,1201.526
10/12/2025 19:00,6836,1129.363,206.5,1335.863
10/12/2025 20:00,6837,1160.288,176.5,1336.788
10/12/2025 21:00,6838,1095.564,166.5,1262.064
10/12/2025 22:00,6839,951.084,156.5,1107.584
10/12/2025 23:00,6840,735.314,146.5,881.814
10/13/2025 0:00,6841,575.996,136.5,712.496
10/13/2025 1:00,6842,531.504,136.5,668.004
10/13/2025 2:00,6843,481.311,136.5,617.811
10/13/2025 3:00,6844,418.903,136.5,555.403
10/13/2025 4:00,6845,382.35,136.5,518.85
10/13/2025 5:00,6846,350.185,186.5,536.685
10/13/2025 6:00,6847,454.5,206.5,661
10/13/2025 7:00,6848,536.689,233,769.689
10/13/2025 8:00,6849,570.731,243,813.731
10/13/2025 9:00,6850,599.125,223,822.125
10/13/2025 10:00,6851,600.015,223,823.015
10/13/2025 11:00,6852,634.742,223,857.742
10/13/2025 12:00,6853,699.686,213,912.686
10/13/2025 13:00,6854,740.72,213,953.72
10/13/2025 14:00,6855,716.665,223,939.665
10/13/2025 15:00,6856,706.665,223,929.665
10/13/2025 16:00,6857,655.297,259,914.297
10/13/2025 17:00,6858,788.433,246.5,1034.933
10/13/2025 18:00,6859,975.414,236.5,1211.914
10/13/2025 19:00,6860,1075.777,206.5,1282.277
10/13/2025 20:00,6861,1105.663,176.5,1282.163
10/13/2025 21:00,6862,997.924,166.5,1164.424
10/13/2025 22:00,6863,903.011,156.5,1059.511
10/13/2025 23:00,6864,697.109,146.5,843.609
10/14/2025 0:00,6865,616.445,136.5,752.945
10/14/2025 1:00,6866,529.079,136.5,665.579
10/14/2025 2:00,6867,491.655,136.5,628.155
10/14/2025 3:00,6868,422.931,136.5,559.431
10/14/2025 4:00,6869,378.97,136.5,515.47
10/14/2025 5:00,6870,364.394,186.5,550.894
10/14/2025 6:00,6871,518.514,206.5,725.014
10/14/2025 7:00,6872,623.921,233,856.921
10/14/2025 8:00,6873,646.247,243,889.247
10/14/2025 9:00,6874,725.356,223,948.356
10/14/2025 10:00,6875,717.085,223,940.085
10/14/2025 11:00,6876,791.521,223,1014.521
10/14/2025 12:00,6877,790.535,213,1003.535
10/14/2025 13:00,6878,821.551,213,1034.551
10/14/2025 14:00,6879,731.775,223,954.775
10/14/2025 15:00,6880,676.802,223,899.802
10/14/2025 16:00,6881,662.159,259,921.159
10/14/2025 17:00,6882,749.24,246.5,995.74
10/14/2025 18:00,6883,982.823,236.5,1219.323
10/14/2025 19:00,6884,1159.663,206.5,1366.163
10/14/2025 20:00,6885,1145.885,176.5,1322.385
10/14/2025 21:00,6886,1042.253,166.5,1208.753
10/14/2025 22:00,6887,904.642,156.5,1061.142
10/14/2025 23:00,6888,705.196,146.5,851.696
10/15/2025 0:00,6889,580.042,136.5,716.542
10/15/2025 1:00,6890,515.075,136.5,651.575
10/15/2025 2:00,6891,457.266,136.5,593.766
10/15/2025 3:00,6892,446.801,136.5,583.301
10/15/2025 4:00,6893,389.462,136.5,525.962
10/15/2025 5:00,6894,384.587,186.5,571.087
10/15/2025 6:00,6895,486.19,206.5,692.69
10/15/2025 7:00,6896,561.33,233,794.33
10/15/2025 8:00,6897,630.732,243,873.732
10/15/2025 9:00,6898,693.722,223,916.722
10/15/2025 10:00,6899,690.59,223,913.59
10/15/2025 11:00,6900,755.164,223,978.164
10/15/2025 12:00,6901,802.834,213,1015.834
10/15/2025 13:00,6902,796.676,213,1009.676
10/15/2025 14:00,6903,798.444,223,1021.444
10/15/2025 15:00,6904,793.246,223,1016.246
10/15/2025 16:00,6905,727.094,259,986.094
10/15/2025 17:00,6906,845.459,246.5,1091.959
10/15/2025 18:00,6907,1054.951,236.5,1291.451
10/15/2025 19:00,6908,1109.566,206.5,1316.066
10/15/2025 20:00,6909,1147.363,176.5,1323.863
10/15/2025 21:00,6910,1036.29,166.5,1202.79
10/15/2025 22:00,6911,892.872,156.5,1049.372
10/15/2025 23:00,6912,775.313,146.5,921.813
10/16/2025 0:00,6913,612.196,136.5,748.696
10/16/2025 1:00,6914,514.614,136.5,651.114
10/16/2025 2:00,6915,480.651,136.5,617.151
10/16/2025 3:00,6916,416.051,136.5,552.551
10/16/2025 4:00,6917,375.013,136.5,511.513
10/16/2025 5:00,6918,371.506,186.5,558.006
10/16/2025 6:00,6919,495.881,206.5,702.381
10/16/2025 7:00,6920,528.013,233,761.013
10/16/2025 8:00,6921,590.742,243,833.742
10/16/2025 9:00,6922,627.651,223,850.651
10/16/2025 10:00,6923,697.088,223,920.088
10/16/2025 11:00,6924,724.765,223,947.765
10/16/2025 12:00,6925,798.883,213,1011.883
10/16/2025 13:00,6926,858.497,213,1071.497
10/16/2025 14:00,6927,790.126,223,1013.126
10/16/2025 15:00,6928,728.65,223,951.65
10/16/2025 16:00,6929,683.189,259,942.189
10/16/2025 17:00,6930,767.694,246.5,1014.194
10/16/2025 18:00,6931,980.232,236.5,1216.732
10/16/2025 19:00,6932,1103.993,206.5,1310.493
10/16/2025 20:00,6933,1112.88,176.5,1289.38
10/16/2025 21:00,6934,1051.406,166.5,1217.906
10/16/2025 22:00,6935,920.14,156.5,1076.64
10/16/2025 23:00,6936,735.728,146.5,882.228
10/17/2025 0:00,6937,601.993,136.5,738.493
10/17/2025 1:00,6938,517.39,136.5,653.89
10/17/2025 2:00,6939,464.529,136.5,601.029
10/17/2025 3:00,6940,425.95,136.5,562.45
10/17/2025 4:00,6941,384.431,136.5,520.931
10/17/2025 5:00,6942,366.872,186.5,553.372
10/17/2025 6:00,6943,403.072,184,587.072
10/17/2025 7:00,6944,468.512,201,669.512
10/17/2025 8:00,6945,514.626,206.5,721.126
10/17/2025 9:00,6946,549.312,186.5,735.812
10/17/2025 10:00,6947,623.222,186.5,809.722
10/17/2025 11:00,6948,669.013,186.5,855.513
10/17/2025 12:00,6949,710.906,178,888.906
10/17/2025 13:00,6950,712.871,178,890.871
10/17/2025 14:00,6951,816.148,216.5,1032.648
10/17/2025 15:00,6952,732.786,216.5,949.286
10/17/2025 16:00,6953,683.803,256.5,940.303
10/17/2025 17:00,6954,776.601,246.5,1023.101
10/17/2025 18:00,6955,999.934,236.5,1236.434
10/17/2025 19:00,6956,1051.615,206.5,1258.115
10/17/2025 20:00,6957,1074.225,176.5,1250.725
10/17/2025 21:00,6958,1108.876,166.5,1275.376
10/17/2025 22:00,6959,1001.725,156.5,1158.225
10/17/2025 23:00,6960,793.084,146.5,939.584
10/18/2025 0:00,6961,692.387,136.5,828.887
10/18/2025 1:00,6962,598.302,136.5,734.802
10/18/2025 2:00,6963,509.921,136.5,646.421
10/18/2025 3:00,6964,442.153,136.5,578.653
10/18/2025 4:00,6965,424.787,136.5,561.287
10/18/2025 5:00,6966,394.306,186.5,580.806
10/18/2025 6:00,6967,576.994,206.5,783.494
10/18/2025 7:00,6968,627.615,226.5,854.115
10/18/2025 8:00,6969,706.009,236.5,942.509
10/18/2025 9:00,6970,708.909,216.5,925.409
10/18/2025 10:00,6971,754.392,216.5,970.892
10/18/2025 11:00,6972,841.101,216.5,1057.601
10/18/2025 12:00,6973,827.9,206.5,1034.4
10/18/2025 13:00,6974,826.008,206.5,1032.508
10/18/2025 14:00,6975,781.636,216.5,998.136
10/18/2025 15:00,6976,708.474,216.5,924.974
10/18/2025 16:00,6977,685.657,256.5,942.157
10/18/2025 17:00,6978,783.486,246.5,1029.986
10/18/2025 18:00,6979,1006.129,236.5,1242.629
10/18/2025 19:00,6980,1170.35,206.5,1376.85
10/18/2025 20:00,6981,1109.43,176.5,1285.93
10/18/2025 21:00,6982,1119.21,166.5,1285.71
10/18/2025 22:00,6983,974.077,156.5,1130.577
10/18/2025 23:00,6984,792.384,146.5,938.884
10/19/2025 0:00,6985,681.541,136.5,818.041
10/19/2025 1:00,6986,615.092,136.5,751.592
10/19/2025 2:00,6987,532.463,136.5,668.963
10/19/2025 3:00,6988,442.214,136.5,578.714
10/19/2025 4:00,6989,413.741,136.5,550.241
10/19/2025 5:00,6990,395.995,186.5,582.495
10/19/2025 6:00,6991,511.572,206.5,718.072
10/19/2025 7:00,6992,597.12,233,830.12
10/19/2025 8:00,6993,633.848,243,876.848
10/19/2025 9:00,6994,651.043,223,874.043
10/19/2025 10:00,6995,712.871,223,935.871
10/19/2025 11:00,6996,763.449,223,986.449
10/19/2025 12:00,6997,811.077,213,1024.077
10/19/2025 13:00,6998,829.731,213,1042.731
10/19/2025 14:00,6999,866.367,223,1089.367
10/19/2025 15:00,7000,802.281,223,1025.281
10/19/2025 16:00,7001,740.076,259,999.076
10/19/2025 17:00,7002,825.512,246.5,1072.012
10/19/2025 18:00,7003,1053.86,236.5,1290.36
10/19/2025 19:00,7004,1247.714,206.5,1454.214
10/19/2025 20:00,7005,1266.953,176.5,1443.453
10/19/2025 21:00,7006,1201.836,166.5,1368.336
10/19/2025 22:00,7007,1065.375,156.5,1221.875
10/19/2025 23:00,7008,795.904,146.5,942.404
10/20/2025 0:00,7009,677.342,136.5,813.842
10/20/2025 1:00,7010,595.712,136.5,732.212
10/20/2025 2:00,7011,523.816,136.5,660.316
10/20/2025 3:00,7012,468.071,136.5,604.571
10/20/2025 4:00,7013,407.86,136.5,544.36
10/20/2025 5:00,7014,377.959,186.5,564.459
10/20/2025 6:00,7015,530.386,206.5,736.886
10/20/2025 7:00,7016,623.07,233,856.07
10/20/2025 8:00,7017,657.816,243,900.816
10/20/2025 9:00,7018,723.615,223,946.615
10/20/2025 10:00,7019,747.767,223,970.767
10/20/2025 11:00,7020,857.666,223,1080.666
10/20/2025 12:00,7021,900.011,213,1113.011
10/20/2025 13:00,7022,944.756,213,1157.756
10/20/2025 14:00,7023,927.115,223,1150.115
10/20/2025 15:00,7024,817.15,223,1040.15
10/20/2025 16:00,7025,765.551,259,1024.551
10/20/2025 17:00,7026,839.423,246.5,1085.923
10/20/2025 18:00,7027,1070.581,236.5,1307.081
10/20/2025 19:00,7028,1203.466,206.5,1409.966
10/20/2025 20:00,7029,1260.985,176.5,1437.485
10/20/2025 21:00,7030,1148.023,166.5,1314.523
10/20/2025 22:00,7031,1041.922,156.5,1198.422
10/20/2025 23:00,7032,859.82,146.5,1006.32
10/21/2025 0:00,7033,594.443,136.5,730.943
10/21/2025 1:00,7034,495.504,136.5,632.004
10/21/2025 2:00,7035,441.4,136.5,577.9
10/21/2025 3:00,7036,405.224,136.5,541.724
10/21/2025 4:00,7037,390.411,136.5,526.911
10/21/2025 5:00,7038,330.262,186.5,516.762
10/21/2025 6:00,7039,434.209,206.5,640.709
10/21/2025 7:00,7040,565.111,233,798.111
10/21/2025 8:00,7041,577.474,243,820.474
10/21/2025 9:00,7042,567.021,223,790.021
10/21/2025 10:00,7043,587.589,223,810.589
10/21/2025 11:00,7044,585.044,223,808.044
10/21/2025 12:00,7045,672.897,213,885.897
10/21/2025 13:00,7046,735.162,213,948.162
10/21/2025 14:00,7047,700.747,223,923.747
10/21/2025 15:00,7048,652.944,223,875.944
10/21/2025 16:00,7049,630.564,259,889.564
10/21/2025 17:00,7050,670.749,246.5,917.249
10/21/2025 18:00,7051,827.652,236.5,1064.152
10/21/2025 19:00,7052,976.782,206.5,1183.282
10/21/2025 20:00,7053,993.327,176.5,1169.827
10/21/2025 21:00,7054,954.467,166.5,1120.967
10/21/2025 22:00,7055,825.299,156.5,981.799
10/21/2025 23:00,7056,680.712,146.5,827.212
10/22/2025 0:00,7057,643.529,136.5,780.029
10/22/2025 1:00,7058,577.271,136.5,713.771
10/22/2025 2:00,7059,517.054,136.5,653.554
10/22/2025 3:00,7060,474.042,136.5,610.542
10/22/2025 4:00,7061,406.861,136.5,543.361
10/22/2025 5:00,7062,396.027,186.5,582.527
10/22/2025 6:00,7063,525.669,206.5,732.169
10/22/2025 7:00,7064,597.188,233,830.188
10/22/2025 8:00,7065,668.264,243,911.264
10/22/2025 9:00,7066,686.859,223,909.859
10/22/2025 10:00,7067,751.536,223,974.536
10/22/2025 11:00,7068,845.672,223,1068.672
10/22/2025 12:00,7069,896.651,213,1109.651
10/22/2025 13:00,7070,864.83,213,1077.83
10/22/2025 14:00,7071,781.581,223,1004.581
10/22/2025 15:00,7072,784.867,223,1007.867
10/22/2025 16:00,7073,728.237,259,987.237
10/22/2025 17:00,7074,801.768,246.5,1048.268
10/22/2025 18:00,7075,1058.63,236.5,1295.13
10/22/2025 19:00,7076,1159.135,206.5,1365.635
10/22/2025 20:00,7077,1168.889,176.5,1345.389
10/22/2025 21:00,7078,1139.091,166.5,1305.591
10/22/2025 22:00,7079,976.38,156.5,1132.88
10/22/2025 23:00,7080,787.537,146.5,934.037
10/23/2025 0:00,7081,696.394,136.5,832.894
10/23/2025 1:00,7082,605.806,136.5,742.306
10/23/2025 2:00,7083,559.259,136.5,695.759
10/23/2025 3:00,7084,520.462,136.5,656.962
10/23/2025 4:00,7085,461.848,136.5,598.348
10/23/2025 5:00,7086,387.391,186.5,573.891
10/23/2025 6:00,7087,509.191,206.5,715.691
10/23/2025 7:00,7088,616.433,233,849.433
10/23/2025 8:00,7089,621.208,243,864.208
10/23/2025 9:00,7090,676.444,223,899.444
10/23/2025 10:00,7091,726.319,223,949.319
10/23/2025 11:00,7092,840.797,223,1063.797
10/23/2025 12:00,7093,863.194,213,1076.194
10/23/2025 13:00,7094,864.724,213,1077.724
10/23/2025 14:00,7095,857.145,223,1080.145
10/23/2025 15:00,7096,816.573,223,1039.573
10/23/2025 16:00,7097,747.928,259,1006.928
10/23/2025 17:00,7098,878.295,246.5,1124.795
10/23/2025 18:00,7099,1051.161,236.5,1287.661
10/23/2025 19:00,7100,1206.021,206.5,1412.521
10/23/2025 20:00,7101,1244.157,176.5,1420.657
10/23/2025 21:00,7102,1159.789,166.5,1326.289
10/23/2025 22:00,7103,1066.93,156.5,1223.43
10/23/2025 23:00,7104,848.946,146.5,995.446
10/24/2025 0:00,7105,706.37,136.5,842.87
10/24/2025 1:00,7106,610.27,136.5,746.77
10/24/2025 2:00,7107,544.497,136.5,680.997
10/24/2025 3:00,7108,480.035,136.5,616.535
10/24/2025 4:00,7109,428.324,136.5,564.824
10/24/2025 5:00,7110,427.693,186.5,614.193
10/24/2025 6:00,7111,506.891,184,690.891
10/24/2025 7:00,7112,549.587,201,750.587
10/24/2025 8:00,7113,596.224,206.5,802.724
10/24/2025 9:00,7114,583.082,186.5,769.582
10/24/2025 10:00,7115,613.625,186.5,800.125
10/24/2025 11:00,7116,713.61,186.5,900.11
10/24/2025 12:00,7117,758.782,178,936.782
10/24/2025 13:00,7118,785.324,178,963.324
10/24/2025 14:00,7119,803.748,216.5,1020.248
10/24/2025 15:00,7120,776.192,216.5,992.692
10/24/2025 16:00,7121,747.32,256.5,1003.82
10/24/2025 17:00,7122,870.713,246.5,1117.213
10/24/2025 18:00,7123,1141.69,236.5,1378.19
10/24/2025 19:00,7124,1271.894,206.5,1478.394
10/24/2025 20:00,7125,1278.617,176.5,1455.117
10/24/2025 21:00,7126,1160.274,166.5,1326.774
10/24/2025 22:00,7127,1045.859,156.5,1202.359
10/24/2025 23:00,7128,777.553,146.5,924.053
10/25/2025 0:00,7129,576.397,136.5,712.897
10/25/2025 1:00,7130,502.191,136.5,638.691
10/25/2025 2:00,7131,493.97,136.5,630.47
10/25/2025 3:00,7132,447.333,136.5,583.833
10/25/2025 4:00,7133,413.903,136.5,550.403
10/25/2025 5:00,7134,378.749,186.5,565.249
10/25/2025 6:00,7135,476.379,206.5,682.879
10/25/2025 7:00,7136,590.426,226.5,816.926
10/25/2025 8:00,7137,578.627,236.5,815.127
10/25/2025 9:00,7138,621.866,216.5,838.366
10/25/2025 10:00,7139,664.528,216.5,881.028
10/25/2025 11:00,7140,743.474,216.5,959.974
10/25/2025 12:00,7141,777.413,206.5,983.913
10/25/2025 13:00,7142,756.41,206.5,962.91
10/25/2025 14:00,7143,748.38,216.5,964.88
10/25/2025 15:00,7144,703.887,216.5,920.387
10/25/2025 16:00,7145,643.961,256.5,900.461
10/25/2025 17:00,7146,789.115,246.5,1035.615
10/25/2025 18:00,7147,964.702,236.5,1201.202
10/25/2025 19:00,7148,1134.041,206.5,1340.541
10/25/2025 20:00,7149,1166.852,176.5,1343.352
10/25/2025 21:00,7150,1142.157,166.5,1308.657
10/25/2025 22:00,7151,997.186,156.5,1153.686
10/25/2025 23:00,7152,812.763,146.5,959.263
10/26/2025 0:00,7153,593.008,136.5,729.508
10/26/2025 1:00,7154,520.196,136.5,656.696
10/26/2025 2:00,7155,432.44,136.5,568.94
10/26/2025 3:00,7156,358.689,136.5,495.189
10/26/2025 4:00,7157,349.979,136.5,486.479
10/26/2025 5:00,7158,337.065,186.5,523.565
10/26/2025 6:00,7159,470.215,206.5,676.715
10/26/2025 7:00,7160,523.167,233,756.167
10/26/2025 8:00,7161,598.251,243,841.251
10/26/2025 9:00,7162,619.599,223,842.599
10/26/2025 10:00,7163,651.096,223,874.096
10/26/2025 11:00,7164,717.805,223,940.805
10/26/2025 12:00,7165,802.364,213,1015.364
10/26/2025 13:00,7166,789.217,213,1002.217
10/26/2025 14:00,7167,745.161,223,968.161
10/26/2025 15:00,7168,657.208,223,880.208
10/26/2025 16:00,7169,657.248,259,916.248
10/26/2025 17:00,7170,762.563,246.5,1009.063
10/26/2025 18:00,7171,962.211,236.5,1198.711
10/26/2025 19:00,7172,1197.686,206.5,1404.186
10/26/2025 20:00,7173,1172.182,176.5,1348.682
10/26/2025 21:00,7174,1027.093,166.5,1193.593
10/26/2025 22:00,7175,896.966,156.5,1053.466
10/26/2025 23:00,7176,689.879,146.5,836.379
10/27/2025 0:00,7177,643.22,136.5,779.72
10/27/2025 1:00,7178,559.862,136.5,696.362
10/27/2025 2:00,7179,494.959,136.5,631.459
10/27/2025 3:00,7180,435.489,136.5,571.989
10/27/2025 4:00,7181,436.497,136.5,572.997
10/27/2025 5:00,7182,413.498,186.5,599.998
10/27/2025 6:00,7183,544.075,206.5,750.575
10/27/2025 7:00,7184,636.575,233,869.575
10/27/2025 8:00,7185,682.92,243,925.92
10/27/2025 9:00,7186,726.616,223,949.616
10/27/2025 10:00,7187,762.722,223,985.722
10/27/2025 11:00,7188,818.298,223,1041.298
10/27/2025 12:00,7189,880.868,213,1093.868
10/27/2025 13:00,7190,913.156,213,1126.156
10/27/2025 14:00,7191,886.063,223,1109.063
10/27/2025 15:00,7192,810.909,223,1033.909
10/27/2025 16:00,7193,789.759,259,1048.759
10/27/2025 17:00,7194,859.797,246.5,1106.297
10/27/2025 18:00,7195,1079.252,236.5,1315.752
10/27/2025 19:00,7196,1230.5,206.5,1437
10/27/2025 20:00,7197,1210.131,176.5,1386.631
10/27/2025 21:00,7198,1116.513,166.5,1283.013
10/27/2025 22:00,7199,990.094,156.5,1146.594
10/27/2025 23:00,7200,785.931,146.5,932.431
10/28/2025 0:00,7201,700.336,136.5,836.836
10/28/2025 1:00,7202,613.84,136.5,750.34
10/28/2025 2:00,7203,567.948,136.5,704.448
10/28/2025 3:00,7204,551.291,136.5,687.791
10/28/2025 4:00,7205,508.892,136.5,645.392
10/28/2025 5:00,7206,428.859,186.5,615.359
10/28/2025 6:00,7207,605.374,206.5,811.874
10/28/2025 7:00,7208,675.667,233,908.667
10/28/2025 8:00,7209,741.791,243,984.791
10/28/2025 9:00,7210,789.741,223,1012.741
10/28/2025 10:00,7211,812.263,223,1035.263
10/28/2025 11:00,7212,883.891,223,1106.891
10/28/2025 12:00,7213,943.831,213,1156.831
10/28/2025 13:00,7214,1017.528,213,1230.528
10/28/2025 14:00,7215,986.896,223,1209.896
10/28/2025 15:00,7216,949.473,223,1172.473
10/28/2025 16:00,7217,891.762,259,1150.762
10/28/2025 17:00,7218,990.005,246.5,1236.505
10/28/2025 18:00,7219,1128.355,236.5,1364.855
10/28/2025 19:00,7220,1346.121,206.5,1552.621
10/28/2025 20:00,7221,1335.264,176.5,1511.764
10/28/2025 21:00,7222,1302.802,166.5,1469.302
10/28/2025 22:00,7223,1124.616,156.5,1281.116
10/28/2025 23:00,7224,871.774,146.5,1018.274
10/29/2025 0:00,7225,691.134,136.5,827.634
10/29/2025 1:00,7226,572.392,136.5,708.892
10/29/2025 2:00,7227,532.401,136.5,668.901
10/29/2025 3:00,7228,482.68,136.5,619.18
10/29/2025 4:00,7229,428.572,136.5,565.072
10/29/2025 5:00,7230,400.199,186.5,586.699
10/29/2025 6:00,7231,506.903,206.5,713.403
10/29/2025 7:00,7232,583.42,233,816.42
10/29/2025 8:00,7233,600.91,243,843.91
10/29/2025 9:00,7234,649.918,223,872.918
10/29/2025 10:00,7235,712.231,223,935.231
10/29/2025 11:00,7236,785.11,223,1008.11
10/29/2025 12:00,7237,791.555,213,1004.555
10/29/2025 13:00,7238,855.626,213,1068.626
10/29/2025 14:00,7239,842.81,223,1065.81
10/29/2025 15:00,7240,769.738,223,992.738
10/29/2025 16:00,7241,730.687,259,989.687
10/29/2025 17:00,7242,798.779,246.5,1045.279
10/29/2025 18:00,7243,960.339,236.5,1196.839
10/29/2025 19:00,7244,1193.882,206.5,1400.382
10/29/2025 20:00,7245,1199.551,176.5,1376.051
10/29/2025 21:00,7246,1135.358,166.5,1301.858
10/29/2025 22:00,7247,1011.351,156.5,1167.851
10/29/2025 23:00,7248,844.393,146.5,990.893
10/30/2025 0:00,7249,741.8,136.5,878.3
10/30/2025 1:00,7250,610.828,136.5,747.328
10/30/2025 2:00,7251,541.963,136.5,678.463
10/30/2025 3:00,7252,533.182,136.5,669.682
10/30/2025 4:00,7253,499.206,136.5,635.706
10/30/2025 5:00,7254,462.039,186.5,648.539
10/30/2025 6:00,7255,641.324,206.5,847.824
10/30/2025 7:00,7256,726.567,233,959.567
10/30/2025 8:00,7257,745.356,243,988.356
10/30/2025 9:00,7258,779.051,223,1002.051
10/30/2025 10:00,7259,812.266,223,1035.266
10/30/2025 11:00,7260,852.913,223,1075.913
10/30/2025 12:00,7261,917.071,213,1130.071
10/30/2025 13:00,7262,956.523,213,1169.523
10/30/2025 14:00,7263,886.396,223,1109.396
10/30/2025 15:00,7264,842.114,223,1065.114
10/30/2025 16:00,7265,780.212,259,1039.212
10/30/2025 17:00,7266,913.645,246.5,1160.145
10/30/2025 18:00,7267,1060.219,236.5,1296.719
10/30/2025 19:00,7268,1222.965,206.5,1429.465
10/30/2025 20:00,7269,1248.549,176.5,1425.049
10/30/2025 21:00,7270,1252.64,166.5,1419.14
10/30/2025 22:00,7271,1127.359,156.5,1283.859
10/30/2025 23:00,7272,957.495,146.5,1103.995
10/31/2025 0:00,7273,752.017,136.5,888.517
10/31/2025 1:00,7274,630.839,136.5,767.339
10/31/2025 2:00,7275,561.287,136.5,697.787
10/31/2025 3:00,7276,503.066,136.5,639.566
10/31/2025 4:00,7277,473.517,136.5,610.017
10/31/2025 5:00,7278,417.7,186.5,604.2
10/31/2025 6:00,7279,478.35,184,662.35
10/31/2025 7:00,7280,567.314,201,768.314
10/31/2025 8:00,7281,637.876,206.5,844.376
10/31/2025 9:00,7282,617.566,186.5,804.066
10/31/2025 10:00,7283,688.866,186.5,875.366
10/31/2025 11:00,7284,743.235,186.5,929.735
10/31/2025 12:00,7285,739.453,178,917.453
10/31/2025 13:00,7286,695.893,178,873.893
10/31/2025 14:00,7287,800.928,216.5,1017.428
10/31/2025 15:00,7288,795.133,216.5,1011.633
10/31/2025 16:00,7289,751.743,256.5,1008.243
10/31/2025 17:00,7290,869.024,246.5,1115.524
10/31/2025 18:00,7291,1084.887,236.5,1321.387
10/31/2025 19:00,7292,1206.021,206.5,1412.521
10/31/2025 20:00,7293,1239.185,176.5,1415.685
10/31/2025 21:00,7294,1209.305,166.5,1375.805
10/31/2025 22:00,7295,1116.487,156.5,1272.987
10/31/2025 23:00,7296,838.824,146.5,985.324
11/1/2025 0:00,7297,706.857,136.5,843.357
11/1/2025 1:00,7298,599.185,136.5,735.685
11/1/2025 2:00,7299,519.594,136.5,656.094
11/1/2025 3:00,7300,473.347,136.5,609.847
11/1/2025 4:00,7301,457.903,136.5,594.403
11/1/2025 5:00,7302,427.079,186.5,613.579
11/1/2025 6:00,7303,552.696,206.5,759.196
11/1/2025 7:00,7304,660.708,226.5,887.208
11/1/2025 8:00,7305,753.959,236.5,990.459
11/1/2025 9:00,7306,767.955,216.5,984.455
11/1/2025 10:00,7307,810.208,216.5,1026.708
11/1/2025 11:00,7308,886.307,216.5,1102.807
11/1/2025 12:00,7309,895.393,206.5,1101.893
11/1/2025 13:00,7310,909.942,206.5,1116.442
11/1/2025 14:00,7311,850.503,216.5,1067.003
11/1/2025 15:00,7312,799.831,216.5,1016.331
11/1/2025 16:00,7313,722.112,256.5,978.612
11/1/2025 17:00,7314,805.453,246.5,1051.953
11/1/2025 18:00,7315,1013.413,236.5,1249.913
11/1/2025 19:00,7316,1170.931,206.5,1377.431
11/1/2025 20:00,7317,1233.67,176.5,1410.17
11/1/2025 21:00,7318,1174.754,166.5,1341.254
11/1/2025 22:00,7319,996.072,156.5,1152.572
11/1/2025 23:00,7320,797.619,146.5,944.119
11/2/2025 0:00,7321,579.038,136.5,715.538
11/2/2025 1:00,7322,528.08,136.5,664.58
11/2/2025 2:00,7323,488.034,136.5,624.534
11/2/2025 3:00,7324,451.743,136.5,588.243
11/2/2025 4:00,7325,398.937,136.5,535.437
11/2/2025 5:00,7326,380.017,186.5,566.517
11/2/2025 6:00,7327,502.13,206.5,708.63
11/2/2025 7:00,7328,548.375,233,781.375
11/2/2025 8:00,7329,617.971,243,860.971
11/2/2025 9:00,7330,684.817,223,907.817
11/2/2025 10:00,7331,727.259,223,950.259
11/2/2025 11:00,7332,759.183,223,982.183
11/2/2025 12:00,7333,842.346,213,1055.346
11/2/2025 13:00,7334,834.628,213,1047.628
11/2/2025 14:00,7335,837.612,223,1060.612
11/2/2025 15:00,7336,759.013,223,982.013
11/2/2025 16:00,7337,691.717,259,950.717
11/2/2025 17:00,7338,714.456,246.5,960.956
11/2/2025 18:00,7339,927.104,236.5,1163.604
11/2/2025 19:00,7340,1094.125,206.5,1300.625
11/2/2025 20:00,7341,1114.752,176.5,1291.252
11/2/2025 21:00,7342,1137.649,166.5,1304.149
11/2/2025 22:00,7343,962.831,156.5,1119.331
11/2/2025 23:00,7344,758.279,146.5,904.779
11/3/2025 0:00,7345,567.744,136.5,704.244
11/3/2025 1:00,7346,493.723,136.5,630.223
11/3/2025 2:00,7347,466.605,136.5,603.105
11/3/2025 3:00,7348,446.962,136.5,583.462
11/3/2025 4:00,7349,388.137,136.5,524.637
11/3/2025 5:00,7350,348.445,186.5,534.945
11/3/2025 6:00,7351,454.113,206.5,660.613
11/3/2025 7:00,7352,563.867,233,796.867
11/3/2025 8:00,7353,627.088,243,870.088
11/3/2025 9:00,7354,656.711,223,879.711
11/3/2025 10:00,7355,639.328,223,862.328
11/3/2025 11:00,7356,668.589,223,891.589
11/3/2025 12:00,7357,738.237,213,951.237
11/3/2025 13:00,7358,784.94,213,997.94
11/3/2025 14:00,7359,711.353,223,934.353
11/3/2025 15:00,7360,679.592,223,902.592
11/3/2025 16:00,7361,686.429,259,945.429
11/3/2025 17:00,7362,788.089,246.5,1034.589
11/3/2025 18:00,7363,1036.822,236.5,1273.322
11/3/2025 19:00,7364,1173.179,206.5,1379.679
11/3/2025 20:00,7365,1121.413,176.5,1297.913
11/3/2025 21:00,7366,1043.403,166.5,1209.903
11/3/2025 22:00,7367,909.054,156.5,1065.554
11/3/2025 23:00,7368,701.608,146.5,848.108
11/4/2025 0:00,7369,582.692,136.5,719.192
11/4/2025 1:00,7370,550.119,136.5,686.619
11/4/2025 2:00,7371,470.298,136.5,606.798
11/4/2025 3:00,7372,449.567,136.5,586.067
11/4/2025 4:00,7373,400.225,136.5,536.725
11/4/2025 5:00,7374,374.493,186.5,560.993
11/4/2025 6:00,7375,518.588,206.5,725.088
11/4/2025 7:00,7376,578.101,233,811.101
11/4/2025 8:00,7377,637.333,243,880.333
11/4/2025 9:00,7378,627.352,223,850.352
11/4/2025 10:00,7379,683.34,223,906.34
11/4/2025 11:00,7380,676.04,223,899.04
11/4/2025 12:00,7381,744.789,213,957.789
11/4/2025 13:00,7382,812.808,213,1025.808
11/4/2025 14:00,7383,818.639,223,1041.639
11/4/2025 15:00,7384,727.713,223,950.713
11/4/2025 16:00,7385,656.017,259,915.017
11/4/2025 17:00,7386,780.956,246.5,1027.456
11/4/2025 18:00,7387,1010.319,236.5,1246.819
11/4/2025 19:00,7388,1073.644,206.5,1280.144
11/4/2025 20:00,7389,1124.321,176.5,1300.821
11/4/2025 21:00,7390,1082.503,166.5,1249.003
11/4/2025 22:00,7391,930.883,156.5,1087.383
11/4/2025 23:00,7392,759.229,146.5,905.729
11/5/2025 0:00,7393,567.64,136.5,704.14
11/5/2025 1:00,7394,483.49,136.5,619.99
11/5/2025 2:00,7395,401.806,136.5,538.306
11/5/2025 3:00,7396,378.173,136.5,514.673
11/5/2025 4:00,7397,338.018,136.5,474.518
11/5/2025 5:00,7398,311.72,186.5,498.22
11/5/2025 6:00,7399,449.209,206.5,655.709
11/5/2025 7:00,7400,556.614,233,789.614
11/5/2025 8:00,7401,587.435,243,830.435
11/5/2025 9:00,7402,640.699,223,863.699
11/5/2025 10:00,7403,621.673,223,844.673
11/5/2025 11:00,7404,685.414,223,908.414
11/5/2025 12:00,7405,727.308,213,940.308
11/5/2025 13:00,7406,783.011,213,996.011
11/5/2025 14:00,7407,738.525,223,961.525
11/5/2025 15:00,7408,687.012,223,910.012
11/5/2025 16:00,7409,670.055,259,929.055
11/5/2025 17:00,7410,796.589,246.5,1043.089
11/5/2025 18:00,7411,949.506,236.5,1186.006
11/5/2025 19:00,7412,1178.067,206.5,1384.567
11/5/2025 20:00,7413,1113.264,176.5,1289.764
11/5/2025 21:00,7414,1026.115,166.5,1192.615
11/5/2025 22:00,7415,879.322,156.5,1035.822
11/5/2025 23:00,7416,698.422,146.5,844.922
11/6/2025 0:00,7417,589.053,136.5,725.553
11/6/2025 1:00,7418,510.692,136.5,647.192
11/6/2025 2:00,7419,453.167,136.5,589.667
11/6/2025 3:00,7420,394.868,136.5,531.368
11/6/2025 4:00,7421,400.478,136.5,536.978
11/6/2025 5:00,7422,364.128,186.5,550.628
11/6/2025 6:00,7423,502.324,206.5,708.824
11/6/2025 7:00,7424,566.753,233,799.753
11/6/2025 8:00,7425,599.264,243,842.264
11/6/2025 9:00,7426,636.56,223,859.56
11/6/2025 10:00,7427,629.057,223,852.057
11/6/2025 11:00,7428,693.193,223,916.193
11/6/2025 12:00,7429,736.6,213,949.6
11/6/2025 13:00,7430,803.047,213,1016.047
11/6/2025 14:00,7431,745.648,223,968.648
11/6/2025 15:00,7432,696.068,223,919.068
11/6/2025 16:00,7433,638.421,259,897.421
11/6/2025 17:00,7434,841.688,246.5,1088.188
11/6/2025 18:00,7435,1009.025,236.5,1245.525
11/6/2025 19:00,7436,1163.263,206.5,1369.763
11/6/2025 20:00,7437,1202.633,176.5,1379.133
11/6/2025 21:00,7438,1090.619,166.5,1257.119
11/6/2025 22:00,7439,873.463,156.5,1029.963
11/6/2025 23:00,7440,667.31,146.5,813.81
11/7/2025 0:00,7441,547.905,136.5,684.405
11/7/2025 1:00,7442,458.466,136.5,594.966
11/7/2025 2:00,7443,424.866,136.5,561.366
11/7/2025 3:00,7444,388.736,136.5,525.236
11/7/2025 4:00,7445,361.66,136.5,498.16
11/7/2025 5:00,7446,341.356,186.5,527.856
11/7/2025 6:00,7447,389.464,184,573.464
11/7/2025 7:00,7448,446.286,201,647.286
11/7/2025 8:00,7449,510.268,206.5,716.768
11/7/2025 9:00,7450,540.428,186.5,726.928
11/7/2025 10:00,7451,509.004,186.5,695.504
11/7/2025 11:00,7452,590.834,186.5,777.334
11/7/2025 12:00,7453,611.251,178,789.251
11/7/2025 13:00,7454,655.51,178,833.51
11/7/2025 14:00,7455,789.976,216.5,1006.476
11/7/2025 15:00,7456,734.518,216.5,951.018
11/7/2025 16:00,7457,706.348,256.5,962.848
11/7/2025 17:00,7458,847.614,246.5,1094.114
11/7/2025 18:00,7459,1113.646,236.5,1350.146
11/7/2025 19:00,7460,1165.818,206.5,1372.318
11/7/2025 20:00,7461,1165.09,176.5,1341.59
11/7/2025 21:00,7462,1095.028,166.5,1261.528
11/7/2025 22:00,7463,903.848,156.5,1060.348
11/7/2025 23:00,7464,709.411,146.5,855.911
11/8/2025 0:00,7465,527.655,136.5,664.155
11/8/2025 1:00,7466,493.727,136.5,630.227
11/8/2025 2:00,7467,460.724,136.5,597.224
11/8/2025 3:00,7468,400.671,136.5,537.171
11/8/2025 4:00,7469,361.236,136.5,497.736
11/8/2025 5:00,7470,341.605,186.5,528.105
11/8/2025 6:00,7471,428.665,206.5,635.165
11/8/2025 7:00,7472,478.438,226.5,704.938
11/8/2025 8:00,7473,555.564,236.5,792.064
11/8/2025 9:00,7474,592.643,216.5,809.143
11/8/2025 10:00,7475,607.091,216.5,823.591
11/8/2025 11:00,7476,649.851,216.5,866.351
11/8/2025 12:00,7477,624.716,206.5,831.216
11/8/2025 13:00,7478,660.189,206.5,866.689
11/8/2025 14:00,7479,639.389,216.5,855.889
11/8/2025 15:00,7480,641.433,216.5,857.933
11/8/2025 16:00,7481,621.275,256.5,877.775
11/8/2025 17:00,7482,773.718,246.5,1020.218
11/8/2025 18:00,7483,979.339,236.5,1215.839
11/8/2025 19:00,7484,1025.775,206.5,1232.275
11/8/2025 20:00,7485,1063.475,176.5,1239.975
11/8/2025 21:00,7486,995.734,166.5,1162.234
11/8/2025 22:00,7487,856.057,156.5,1012.557
11/8/2025 23:00,7488,708.375,146.5,854.875
11/9/2025 0:00,7489,531.269,136.5,667.769
11/9/2025 1:00,7490,456.992,136.5,593.492
11/9/2025 2:00,7491,398.707,136.5,535.207
11/9/2025 3:00,7492,366.887,136.5,503.387
11/9/2025 4:00,7493,337.775,136.5,474.275
11/9/2025 5:00,7494,309.86,186.5,496.36
11/9/2025 6:00,7495,450.081,206.5,656.581
11/9/2025 7:00,7496,498.764,233,731.764
11/9/2025 8:00,7497,522.275,243,765.275
11/9/2025 9:00,7498,556.897,223,779.897
11/9/2025 10:00,7499,591.563,223,814.563
11/9/2025 11:00,7500,616.392,223,839.392
11/9/2025 12:00,7501,671.405,213,884.405
11/9/2025 13:00,7502,698.071,213,911.071
11/9/2025 14:00,7503,668.084,223,891.084
11/9/2025 15:00,7504,666.648,223,889.648
11/9/2025 16:00,7505,625.949,259,884.949
11/9/2025 17:00,7506,820.744,246.5,1067.244
11/9/2025 18:00,7507,999.537,236.5,1236.037
11/9/2025 19:00,7508,1105.805,206.5,1312.305
11/9/2025 20:00,7509,1081.342,176.5,1257.842
11/9/2025 21:00,7510,991.428,166.5,1157.928
11/9/2025 22:00,7511,836.677,156.5,993.177
11/9/2025 23:00,7512,643.703,146.5,790.203
11/10/2025 0:00,7513,487.325,136.5,623.825
11/10/2025 1:00,7514,409.806,136.5,546.306
11/10/2025 2:00,7515,379.934,136.5,516.434
11/10/2025 3:00,7516,331.081,136.5,467.581
11/10/2025 4:00,7517,314.695,136.5,451.195
11/10/2025 5:00,7518,285.441,186.5,471.941
11/10/2025 6:00,7519,420.908,206.5,627.408
11/10/2025 7:00,7520,459.639,233,692.639
11/10/2025 8:00,7521,468.445,243,711.445
11/10/2025 9:00,7522,512.282,223,735.282
11/10/2025 10:00,7523,518.895,223,741.895
11/10/2025 11:00,7524,544.125,223,767.125
11/10/2025 12:00,7525,617.329,213,830.329
11/10/2025 13:00,7526,643.31,213,856.31
11/10/2025 14:00,7527,618.338,223,841.338
11/10/2025 15:00,7528,582.535,223,805.535
11/10/2025 16:00,7529,540.312,259,799.312
11/10/2025 17:00,7530,753.921,246.5,1000.421
11/10/2025 18:00,7531,904.788,236.5,1141.288
11/10/2025 19:00,7532,965.633,206.5,1172.133
11/10/2025 20:00,7533,1013.413,176.5,1189.913
11/10/2025 21:00,7534,914.176,166.5,1080.676
11/10/2025 22:00,7535,798.851,156.5,955.351
11/10/2025 23:00,7536,599.629,146.5,746.129
11/11/2025 0:00,7537,489.109,136.5,625.609
11/11/2025 1:00,7538,437.612,136.5,574.112
11/11/2025 2:00,7539,373.742,136.5,510.242
11/11/2025 3:00,7540,322.27,136.5,458.77
11/11/2025 4:00,7541,305.668,136.5,442.168
11/11/2025 5:00,7542,284.286,186.5,470.786
11/11/2025 6:00,7543,367.41,206.5,573.91
11/11/2025 7:00,7544,422.029,233,655.029
11/11/2025 8:00,7545,420.7,243,663.7
11/11/2025 9:00,7546,507.153,223,730.153
11/11/2025 10:00,7547,539.431,223,762.431
11/11/2025 11:00,7548,582.112,223,805.112
11/11/2025 12:00,7549,580.207,213,793.207
11/11/2025 13:00,7550,589.705,213,802.705
11/11/2025 14:00,7551,582.139,223,805.139
11/11/2025 15:00,7552,552.299,223,775.299
11/11/2025 16:00,7553,538.104,259,797.104
11/11/2025 17:00,7554,728.966,246.5,975.466
11/11/2025 18:00,7555,987.341,236.5,1223.841
11/11/2025 19:00,7556,1061.489,206.5,1267.989
11/11/2025 20:00,7557,1077.74,176.5,1254.24
11/11/2025 21:00,7558,923.775,166.5,1090.275
11/11/2025 22:00,7559,695.897,156.5,852.397
11/11/2025 23:00,7560,547.616,146.5,694.116
11/12/2025 0:00,7561,387.945,136.5,524.445
11/12/2025 1:00,7562,351.118,136.5,487.618
11/12/2025 2:00,7563,309.645,136.5,446.145
11/12/2025 3:00,7564,259.581,136.5,396.081
11/12/2025 4:00,7565,269.448,136.5,405.948
11/12/2025 5:00,7566,235.053,186.5,421.553
11/12/2025 6:00,7567,312.444,206.5,518.944
11/12/2025 7:00,7568,405.754,233,638.754
11/12/2025 8:00,7569,431.041,243,674.041
11/12/2025 9:00,7570,504.447,223,727.447
11/12/2025 10:00,7571,508.79,223,731.79
11/12/2025 11:00,7572,533.002,223,756.002
11/12/2025 12:00,7573,576.319,213,789.319
11/12/2025 13:00,7574,605.726,213,818.726
11/12/2025 14:00,7575,598.308,223,821.308
11/12/2025 15:00,7576,554.746,223,777.746
11/12/2025 16:00,7577,529.261,259,788.261
11/12/2025 17:00,7578,708.791,246.5,955.291
11/12/2025 18:00,7579,877.933,236.5,1114.433
11/12/2025 19:00,7580,958.191,206.5,1164.691
11/12/2025 20:00,7581,903.401,176.5,1079.901
11/12/2025 21:00,7582,843.013,166.5,1009.513
11/12/2025 22:00,7583,671.271,156.5,827.771
11/12/2025 23:00,7584,514.336,146.5,660.836
11/13/2025 0:00,7585,443.488,136.5,579.988
11/13/2025 1:00,7586,360.838,136.5,497.338
11/13/2025 2:00,7587,348.457,136.5,484.957
11/13/2025 3:00,7588,305.315,136.5,441.815
11/13/2025 4:00,7589,279.411,136.5,415.911
11/13/2025 5:00,7590,243.853,186.5,430.353
11/13/2025 6:00,7591,319.76,206.5,526.26
11/13/2025 7:00,7592,393.687,233,626.687
11/13/2025 8:00,7593,446.384,243,689.384
11/13/2025 9:00,7594,507.523,223,730.523
11/13/2025 10:00,7595,524.191,223,747.191
11/13/2025 11:00,7596,507.209,223,730.209
11/13/2025 12:00,7597,518.897,213,731.897
11/13/2025 13:00,7598,606.064,213,819.064
11/13/2025 14:00,7599,556.975,223,779.975
11/13/2025 15:00,7600,566.383,223,789.383
11/13/2025 16:00,7601,506.263,259,765.263
11/13/2025 17:00,7602,673.388,246.5,919.888
11/13/2025 18:00,7603,870.591,236.5,1107.091
11/13/2025 19:00,7604,934.301,206.5,1140.801
11/13/2025 20:00,7605,990.814,176.5,1167.314
11/13/2025 21:00,7606,876.753,166.5,1043.253
11/13/2025 22:00,7607,696.704,156.5,853.204
11/13/2025 23:00,7608,529.753,146.5,676.253
11/14/2025 0:00,7609,413.045,136.5,549.545
11/14/2025 1:00,7610,378.08,136.5,514.58
11/14/2025 2:00,7611,325.444,136.5,461.944
11/14/2025 3:00,7612,305.326,136.5,441.826
11/14/2025 4:00,7613,261.301,136.5,397.801
11/14/2025 5:00,7614,238.632,186.5,425.132
11/14/2025 6:00,7615,297.495,184,481.495
11/14/2025 7:00,7616,339.87,201,540.87
11/14/2025 8:00,7617,381.132,206.5,587.632
11/14/2025 9:00,7618,421.992,186.5,608.492
11/14/2025 10:00,7619,427.416,186.5,613.916
11/14/2025 11:00,7620,466.625,186.5,653.125
11/14/2025 12:00,7621,493.897,178,671.897
11/14/2025 13:00,7622,504.108,178,682.108
11/14/2025 14:00,7623,564.231,216.5,780.731
11/14/2025 15:00,7624,533.543,216.5,750.043
11/14/2025 16:00,7625,492.474,256.5,748.974
11/14/2025 17:00,7626,667.239,246.5,913.739
11/14/2025 18:00,7627,832.148,236.5,1068.648
11/14/2025 19:00,7628,1022.879,206.5,1229.379
11/14/2025 20:00,7629,941.567,176.5,1118.067
11/14/2025 21:00,7630,826.16,166.5,992.66
11/14/2025 22:00,7631,642.344,156.5,798.844
11/14/2025 23:00,7632,519.615,146.5,666.115
11/15/2025 0:00,7633,430.734,136.5,567.234
11/15/2025 1:00,7634,385.495,136.5,521.995
11/15/2025 2:00,7635,347.305,136.5,483.805
11/15/2025 3:00,7636,312.534,136.5,449.034
11/15/2025 4:00,7637,298.084,136.5,434.584
11/15/2025 5:00,7638,279.913,186.5,466.413
11/15/2025 6:00,7639,371.79,206.5,578.29
11/15/2025 7:00,7640,450.225,226.5,676.725
11/15/2025 8:00,7641,447.604,236.5,684.104
11/15/2025 9:00,7642,497.619,216.5,714.119
11/15/2025 10:00,7643,511.76,216.5,728.26
11/15/2025 11:00,7644,549.716,216.5,766.216
11/15/2025 12:00,7645,546.839,206.5,753.339
11/15/2025 13:00,7646,590.933,206.5,797.433
11/15/2025 14:00,7647,539.616,216.5,756.116
11/15/2025 15:00,7648,534.514,216.5,751.014
11/15/2025 16:00,7649,483.779,256.5,740.279
11/15/2025 17:00,7650,647.135,246.5,893.635
11/15/2025 18:00,7651,890.584,236.5,1127.084
11/15/2025 19:00,7652,1007.152,206.5,1213.652
11/15/2025 20:00,7653,1031.763,176.5,1208.263
11/15/2025 21:00,7654,952.602,166.5,1119.102
11/15/2025 22:00,7655,707.004,156.5,863.504
11/15/2025 23:00,7656,574.245,146.5,720.745
11/16/2025 0:00,7657,386.105,136.5,522.605
11/16/2025 1:00,7658,348.141,136.5,484.641
11/16/2025 2:00,7659,301.228,136.5,437.728
11/16/2025 3:00,7660,257.525,136.5,394.025
11/16/2025 4:00,7661,245.272,136.5,381.772
11/16/2025 5:00,7662,227.51,186.5,414.01
11/16/2025 6:00,7663,333.797,206.5,540.297
11/16/2025 7:00,7664,394.722,233,627.722
11/16/2025 8:00,7665,426.311,243,669.311
11/16/2025 9:00,7666,474.14,223,697.14
11/16/2025 10:00,7667,496.168,223,719.168
11/16/2025 11:00,7668,530.741,223,753.741
11/16/2025 12:00,7669,553.014,213,766.014
11/16/2025 13:00,7670,577.869,213,790.869
11/16/2025 14:00,7671,510.294,223,733.294
11/16/2025 15:00,7672,486.479,223,709.479
11/16/2025 16:00,7673,431.946,259,690.946
11/16/2025 17:00,7674,612.334,246.5,858.834
11/16/2025 18:00,7675,831.678,236.5,1068.178
11/16/2025 19:00,7676,894.501,206.5,1101.001
11/16/2025 20:00,7677,892.879,176.5,1069.379
11/16/2025 21:00,7678,816.824,166.5,983.324
11/16/2025 22:00,7679,587.195,156.5,743.695
11/16/2025 23:00,7680,455.123,146.5,601.623
11/17/2025 0:00,7681,437.955,136.5,574.455
11/17/2025 1:00,7682,342.123,136.5,478.623
11/17/2025 2:00,7683,308.636,136.5,445.136
11/17/2025 3:00,7684,303.554,136.5,440.054
11/17/2025 4:00,7685,292.381,136.5,428.881
11/17/2025 5:00,7686,267.546,186.5,454.046
11/17/2025 6:00,7687,386.371,206.5,592.871
11/17/2025 7:00,7688,455.742,233,688.742
11/17/2025 8:00,7689,500.392,243,743.392
11/17/2025 9:00,7690,529.686,223,752.686
11/17/2025 10:00,7691,554.537,223,777.537
11/17/2025 11:00,7692,570.911,223,793.911
11/17/2025 12:00,7693,633.814,213,846.814
11/17/2025 13:00,7694,676.425,213,889.425
11/17/2025 14:00,7695,667.704,223,890.704
11/17/2025 15:00,7696,599.316,223,822.316
11/17/2025 16:00,7697,534.994,259,793.994
11/17/2025 17:00,7698,745.551,246.5,992.051
11/17/2025 18:00,7699,933.552,236.5,1170.052
11/17/2025 19:00,7700,1028.251,206.5,1234.751
11/17/2025 20:00,7701,987.277,176.5,1163.777
11/17/2025 21:00,7702,899.367,166.5,1065.867
11/17/2025 22:00,7703,681.933,156.5,838.433
11/17/2025 23:00,7704,549.734,146.5,696.234
11/18/2025 0:00,7705,458.97,136.5,595.47
11/18/2025 1:00,7706,416.941,136.5,553.441
11/18/2025 2:00,7707,368.99,136.5,505.49
11/18/2025 3:00,7708,301.843,136.5,438.343
11/18/2025 4:00,7709,277.897,136.5,414.397
11/18/2025 5:00,7710,276.403,186.5,462.903
11/18/2025 6:00,7711,359.014,206.5,565.514
11/18/2025 7:00,7712,423.723,233,656.723
11/18/2025 8:00,7713,489.048,243,732.048
11/18/2025 9:00,7714,534.395,223,757.395
11/18/2025 10:00,7715,600.58,223,823.58
11/18/2025 11:00,7716,590.179,223,813.179
11/18/2025 12:00,7717,585.299,213,798.299
11/18/2025 13:00,7718,630.818,213,843.818
11/18/2025 14:00,7719,572.329,223,795.329
11/18/2025 15:00,7720,541.336,223,764.336
11/18/2025 16:00,7721,511.319,259,770.319
11/18/2025 17:00,7722,705.292,246.5,951.792
11/18/2025 18:00,7723,892.821,236.5,1129.321
11/18/2025 19:00,7724,993.133,206.5,1199.633
11/18/2025 20:00,7725,962.472,176.5,1138.972
11/18/2025 21:00,7726,899.819,166.5,1066.319
11/18/2025 22:00,7727,804.14,156.5,960.64
11/18/2025 23:00,7728,604.821,146.5,751.321
11/19/2025 0:00,7729,505.326,136.5,641.826
11/19/2025 1:00,7730,408.486,136.5,544.986
11/19/2025 2:00,7731,355.813,136.5,492.313
11/19/2025 3:00,7732,318.801,136.5,455.301
11/19/2025 4:00,7733,287.461,136.5,423.961
11/19/2025 5:00,7734,264.851,186.5,451.351
11/19/2025 6:00,7735,406.7,206.5,613.2
11/19/2025 7:00,7736,497.756,233,730.756
11/19/2025 8:00,7737,520.253,243,763.253
11/19/2025 9:00,7738,530.304,223,753.304
11/19/2025 10:00,7739,591.191,223,814.191
11/19/2025 11:00,7740,617.139,223,840.139
11/19/2025 12:00,7741,600.415,213,813.415
11/19/2025 13:00,7742,646.798,213,859.798
11/19/2025 14:00,7743,652.584,223,875.584
11/19/2025 15:00,7744,552.129,223,775.129
11/19/2025 16:00,7745,517.292,259,776.292
11/19/2025 17:00,7746,700.165,246.5,946.665
11/19/2025 18:00,7747,918.814,236.5,1155.314
11/19/2025 19:00,7748,1002.052,206.5,1208.552
11/19/2025 20:00,7749,977.462,176.5,1153.962
11/19/2025 21:00,7750,917.03,166.5,1083.53
11/19/2025 22:00,7751,719.602,156.5,876.102
11/19/2025 23:00,7752,576.246,146.5,722.746
11/20/2025 0:00,7753,431.834,136.5,568.334
11/20/2025 1:00,7754,362.383,136.5,498.883
11/20/2025 2:00,7755,344.321,136.5,480.821
11/20/2025 3:00,7756,312.978,136.5,449.478
11/20/2025 4:00,7757,297.118,136.5,433.618
11/20/2025 5:00,7758,259.225,186.5,445.725
11/20/2025 6:00,7759,352.697,206.5,559.197
11/20/2025 7:00,7760,454.451,233,687.451
11/20/2025 8:00,7761,456.772,243,699.772
11/20/2025 9:00,7762,536.604,223,759.604
11/20/2025 10:00,7763,586.054,223,809.054
11/20/2025 11:00,7764,625.923,223,848.923
11/20/2025 12:00,7765,621.828,213,834.828
11/20/2025 13:00,7766,613.028,213,826.028
11/20/2025 14:00,7767,592.697,223,815.697
11/20/2025 15:00,7768,536.435,223,759.435
11/20/2025 16:00,7769,497.259,259,756.259
11/20/2025 17:00,7770,700.116,246.5,946.616
11/20/2025 18:00,7771,905.027,236.5,1141.527
11/20/2025 19:00,7772,963.057,206.5,1169.557
11/20/2025 20:00,7773,993.747,176.5,1170.247
11/20/2025 21:00,7774,904.664,166.5,1071.164
11/20/2025 22:00,7775,750.402,156.5,906.902
11/20/2025 23:00,7776,582.48,146.5,728.98
11/21/2025 0:00,7777,497.665,136.5,634.165
11/21/2025 1:00,7778,431.53,136.5,568.03
11/21/2025 2:00,7779,391.411,136.5,527.911
11/21/2025 3:00,7780,323.049,136.5,459.549
11/21/2025 4:00,7781,294.518,136.5,431.018
11/21/2025 5:00,7782,268.853,186.5,455.353
11/21/2025 6:00,7783,329.026,184,513.026
11/21/2025 7:00,7784,411.328,201,612.328
11/21/2025 8:00,7785,462.181,206.5,668.681
11/21/2025 9:00,7786,507.418,186.5,693.918
11/21/2025 10:00,7787,520.741,186.5,707.241
11/21/2025 11:00,7788,532.771,186.5,719.271
11/21/2025 12:00,7789,585.998,178,763.998
11/21/2025 13:00,7790,600.642,178,778.642
11/21/2025 14:00,7791,642.432,216.5,858.932
11/21/2025 15:00,7792,610.192,216.5,826.692
11/21/2025 16:00,7793,538.825,256.5,795.325
11/21/2025 17:00,7794,738.192,246.5,984.692
11/21/2025 18:00,7795,944.93,236.5,1181.43
11/21/2025 19:00,7796,1036.736,206.5,1243.236
11/21/2025 20:00,7797,1102.948,176.5,1279.448
11/21/2025 21:00,7798,939.416,166.5,1105.916
11/21/2025 22:00,7799,766.584,156.5,923.084
11/21/2025 23:00,7800,614.754,146.5,761.254
11/22/2025 0:00,7801,462.142,136.5,598.642
11/22/2025 1:00,7802,390.242,136.5,526.742
11/22/2025 2:00,7803,326.325,136.5,462.825
11/22/2025 3:00,7804,274.943,136.5,411.443
11/22/2025 4:00,7805,252.902,136.5,389.402
11/22/2025 5:00,7806,223.026,186.5,409.526
11/22/2025 6:00,7807,318.56,206.5,525.06
11/22/2025 7:00,7808,397.435,226.5,623.935
11/22/2025 8:00,7809,443.578,236.5,680.078
11/22/2025 9:00,7810,496.732,216.5,713.232
11/22/2025 10:00,7811,495.713,216.5,712.213
11/22/2025 11:00,7812,521.076,216.5,737.576
11/22/2025 12:00,7813,556.344,206.5,762.844
11/22/2025 13:00,7814,574.817,206.5,781.317
11/22/2025 14:00,7815,602.89,216.5,819.39
11/22/2025 15:00,7816,565.803,216.5,782.303
11/22/2025 16:00,7817,488.446,256.5,744.946
11/22/2025 17:00,7818,681.086,246.5,927.586
11/22/2025 18:00,7819,886.795,236.5,1123.295
11/22/2025 19:00,7820,970.272,206.5,1176.772
11/22/2025 20:00,7821,922.222,176.5,1098.722
11/22/2025 21:00,7822,887.013,166.5,1053.513
11/22/2025 22:00,7823,656.674,156.5,813.174
11/22/2025 23:00,7824,524.883,146.5,671.383
11/23/2025 0:00,7825,366.009,136.5,502.509
11/23/2025 1:00,7826,324.291,136.5,460.791
11/23/2025 2:00,7827,305.36,136.5,441.86
11/23/2025 3:00,7828,267.289,136.5,403.789
11/23/2025 4:00,7829,229.91,136.5,366.41
11/23/2025 5:00,7830,210.634,186.5,397.134
11/23/2025 6:00,7831,287.891,206.5,494.391
11/23/2025 7:00,7832,351.291,233,584.291
11/23/2025 8:00,7833,361.241,243,604.241
11/23/2025 9:00,7834,392.29,223,615.29
11/23/2025 10:00,7835,427.998,223,650.998
11/23/2025 11:00,7836,468.957,223,691.957
11/23/2025 12:00,7837,460.218,213,673.218
11/23/2025 13:00,7838,497.498,213,710.498
11/23/2025 14:00,7839,465.192,223,688.192
11/23/2025 15:00,7840,474.854,223,697.854
11/23/2025 16:00,7841,435.211,259,694.211
11/23/2025 17:00,7842,575.059,246.5,821.559
11/23/2025 18:00,7843,744.001,236.5,980.501
11/23/2025 19:00,7844,807.641,206.5,1014.141
11/23/2025 20:00,7845,857.018,176.5,1033.518
11/23/2025 21:00,7846,755.559,166.5,922.059
11/23/2025 22:00,7847,576.306,156.5,732.806
11/23/2025 23:00,7848,453.652,146.5,600.152
11/24/2025 0:00,7849,375.047,136.5,511.547
11/24/2025 1:00,7850,313.315,136.5,449.815
11/24/2025 2:00,7851,292.566,136.5,429.066
11/24/2025 3:00,7852,249.045,136.5,385.545
11/24/2025 4:00,7853,221.056,136.5,357.556
11/24/2025 5:00,7854,210.568,186.5,397.068
11/24/2025 6:00,7855,315.313,206.5,521.813
11/24/2025 7:00,7856,359.326,233,592.326
11/24/2025 8:00,7857,392.106,243,635.106
11/24/2025 9:00,7858,427.577,223,650.577
11/24/2025 10:00,7859,500.329,223,723.329
11/24/2025 11:00,7860,540.864,223,763.864
11/24/2025 12:00,7861,544.831,213,757.831
11/24/2025 13:00,7862,567.151,213,780.151
11/24/2025 14:00,7863,508.875,223,731.875
11/24/2025 15:00,7864,476.075,223,699.075
11/24/2025 16:00,7865,461.391,259,720.391
11/24/2025 17:00,7866,656.532,246.5,903.032
11/24/2025 18:00,7867,820.315,236.5,1056.815
11/24/2025 19:00,7868,915.738,206.5,1122.238
11/24/2025 20:00,7869,908.128,176.5,1084.628
11/24/2025 21:00,7870,797.657,166.5,964.157
11/24/2025 22:00,7871,605.76,156.5,762.26
11/24/2025 23:00,7872,461.794,146.5,608.294
11/25/2025 0:00,7873,359.432,136.5,495.932
11/25/2025 1:00,7874,319.17,136.5,455.67
11/25/2025 2:00,7875,285.284,136.5,421.784
11/25/2025 3:00,7876,237.511,136.5,374.011
11/25/2025 4:00,7877,209.322,136.5,345.822
11/25/2025 5:00,7878,190.686,186.5,377.186
11/25/2025 6:00,7879,303.783,206.5,510.283
11/25/2025 7:00,7880,364.647,233,597.647
11/25/2025 8:00,7881,387.856,243,630.856
11/25/2025 9:00,7882,434.491,223,657.491
11/25/2025 10:00,7883,433.617,223,656.617
11/25/2025 11:00,7884,493.301,223,716.301
11/25/2025 12:00,7885,515.281,213,728.281
11/25/2025 13:00,7886,508.7,213,721.7
11/25/2025 14:00,7887,486.744,223,709.744
11/25/2025 15:00,7888,453.719,223,676.719
11/25/2025 16:00,7889,458.768,259,717.768
11/25/2025 17:00,7890,621.107,246.5,867.607
11/25/2025 18:00,7891,783.545,236.5,1020.045
11/25/2025 19:00,7892,881.947,206.5,1088.447
11/25/2025 20:00,7893,844.62,176.5,1021.12
11/25/2025 21:00,7894,755.95,166.5,922.45
11/25/2025 22:00,7895,584.725,156.5,741.225
11/25/2025 23:00,7896,421.82,146.5,568.32
11/26/2025 0:00,7897,369.677,136.5,506.177
11/26/2025 1:00,7898,324.766,136.5,461.266
11/26/2025 2:00,7899,293.116,136.5,429.616
11/26/2025 3:00,7900,260.445,136.5,396.945
11/26/2025 4:00,7901,240.233,136.5,376.733
11/26/2025 5:00,7902,226.262,186.5,412.762
11/26/2025 6:00,7903,299.364,206.5,505.864
11/26/2025 7:00,7904,360.379,233,593.379
11/26/2025 8:00,7905,413.025,243,656.025
11/26/2025 9:00,7906,463.569,223,686.569
11/26/2025 10:00,7907,491.57,223,714.57
11/26/2025 11:00,7908,570.093,223,793.093
11/26/2025 12:00,7909,580.913,213,793.913
11/26/2025 13:00,7910,596.944,213,809.944
11/26/2025 14:00,7911,545.093,223,768.093
11/26/2025 15:00,7912,486.383,223,709.383
11/26/2025 16:00,7913,454.375,259,713.375
11/26/2025 17:00,7914,650.839,246.5,897.339
11/26/2025 18:00,7915,824.633,236.5,1061.133
11/26/2025 19:00,7916,916.534,206.5,1123.034
11/26/2025 20:00,7917,893.175,176.5,1069.675
11/26/2025 21:00,7918,778.85,166.5,945.35
11/26/2025 22:00,7919,596.474,156.5,752.974
11/26/2025 23:00,7920,474.737,146.5,621.237
11/27/2025 0:00,7921,450.841,136.5,587.341
11/27/2025 1:00,7922,373.66,136.5,510.16
11/27/2025 2:00,7923,346.593,136.5,483.093
11/27/2025 3:00,7924,297.911,136.5,434.411
11/27/2025 4:00,7925,279.449,136.5,415.949
11/27/2025 5:00,7926,249.423,186.5,435.923
11/27/2025 6:00,7927,380.472,206.5,586.972
11/27/2025 7:00,7928,439.019,233,672.019
11/27/2025 8:00,7929,480.448,243,723.448
11/27/2025 9:00,7930,535.454,223,758.454
11/27/2025 10:00,7931,534.905,223,757.905
11/27/2025 11:00,7932,566.726,223,789.726
11/27/2025 12:00,7933,589.507,213,802.507
11/27/2025 13:00,7934,595.556,213,808.556
11/27/2025 14:00,7935,570.725,223,793.725
11/27/2025 15:00,7936,575.082,223,798.082
11/27/2025 16:00,7937,528.849,259,787.849
11/27/2025 17:00,7938,733.903,246.5,980.403
11/27/2025 18:00,7939,920.607,236.5,1157.107
11/27/2025 19:00,7940,958.85,206.5,1165.35
11/27/2025 20:00,7941,983.142,176.5,1159.642
11/27/2025 21:00,7942,833.893,166.5,1000.393
11/27/2025 22:00,7943,675.615,156.5,832.115
11/27/2025 23:00,7944,516.129,146.5,662.629
11/28/2025 0:00,7945,406.785,136.5,543.285
11/28/2025 1:00,7946,339.347,136.5,475.847
11/28/2025 2:00,7947,312.419,136.5,448.919
11/28/2025 3:00,7948,292.73,136.5,429.23
11/28/2025 4:00,7949,256.201,136.5,392.701
11/28/2025 5:00,7950,223.917,186.5,410.417
11/28/2025 6:00,7951,293.113,184,477.113
11/28/2025 7:00,7952,369.797,201,570.797
11/28/2025 8:00,7953,363.081,206.5,569.581
11/28/2025 9:00,7954,455.886,186.5,642.386
11/28/2025 10:00,7955,483.099,186.5,669.599
11/28/2025 11:00,7956,516.27,186.5,702.77
11/28/2025 12:00,7957,526.45,178,704.45
11/28/2025 13:00,7958,496.337,178,674.337
11/28/2025 14:00,7959,585.106,216.5,801.606
11/28/2025 15:00,7960,545.14,216.5,761.64
11/28/2025 16:00,7961,531.856,256.5,788.356
11/28/2025 17:00,7962,707.909,246.5,954.409
11/28/2025 18:00,7963,908.074,236.5,1144.574
11/28/2025 19:00,7964,972.93,206.5,1179.43
11/28/2025 20:00,7965,1003.532,176.5,1180.032
11/28/2025 21:00,7966,852.2,166.5,1018.7
11/28/2025 22:00,7967,724.681,156.5,881.181
11/28/2025 23:00,7968,568.46,146.5,714.96
11/29/2025 0:00,7969,432.477,136.5,568.977
11/29/2025 1:00,7970,376.855,136.5,513.355
11/29/2025 2:00,7971,319.228,136.5,455.728
11/29/2025 3:00,7972,288.11,136.5,424.61
11/29/2025 4:00,7973,252.01,136.5,388.51
11/29/2025 5:00,7974,200.641,186.5,387.141
11/29/2025 6:00,7975,318.833,206.5,525.333
11/29/2025 7:00,7976,405.594,226.5,632.094
11/29/2025 8:00,7977,430.892,236.5,667.392
11/29/2025 9:00,7978,435.599,216.5,652.099
11/29/2025 10:00,7979,451.881,216.5,668.381
11/29/2025 11:00,7980,449.035,216.5,665.535
11/29/2025 12:00,7981,512.342,206.5,718.842
11/29/2025 13:00,7982,495.088,206.5,701.588
11/29/2025 14:00,7983,496.611,216.5,713.111
11/29/2025 15:00,7984,460.647,216.5,677.147
11/29/2025 16:00,7985,410.415,256.5,666.915
11/29/2025 17:00,7986,597.303,246.5,843.803
11/29/2025 18:00,7987,770.291,236.5,1006.791
11/29/2025 19:00,7988,894.634,206.5,1101.134
11/29/2025 20:00,7989,847.59,176.5,1024.09
11/29/2025 21:00,7990,743.985,166.5,910.485
11/29/2025 22:00,7991,533.424,156.5,689.924
11/29/2025 23:00,7992,393.899,146.5,540.399
11/30/2025 0:00,7993,358.823,136.5,495.323
11/30/2025 1:00,7994,343.551,136.5,480.051
11/30/2025 2:00,7995,299.798,136.5,436.298
11/30/2025 3:00,7996,251.541,136.5,388.041
11/30/2025 4:00,7997,226.454,136.5,362.954
11/30/2025 5:00,7998,209.002,186.5,395.502
11/30/2025 6:00,7999,292.076,206.5,498.576
11/30/2025 7:00,8000,360.465,233,593.465
11/30/2025 8:00,8001,395.328,243,638.328
11/30/2025 9:00,8002,427.194,223,650.194
11/30/2025 10:00,8003,443.972,223,666.972
11/30/2025 11:00,8004,482.988,223,705.988
11/30/2025 12:00,8005,488.642,213,701.642
11/30/2025 13:00,8006,519.826,213,732.826
11/30/2025 14:00,8007,490.783,223,713.783
11/30/2025 15:00,8008,472.497,223,695.497
11/30/2025 16:00,8009,475.094,259,734.094
11/30/2025 17:00,8010,636.097,246.5,882.597
11/30/2025 18:00,8011,820.817,236.5,1057.317
11/30/2025 19:00,8012,837.271,206.5,1043.771
11/30/2025 20:00,8013,831.449,176.5,1007.949
11/30/2025 21:00,8014,749.495,166.5,915.995
11/30/2025 22:00,8015,622.532,156.5,779.032
11/30/2025 23:00,8016,436.201,146.5,582.701
12/1/2025 0:00,8017,376.346,136.5,512.846
12/1/2025 1:00,8018,352.31,136.5,488.81
12/1/2025 2:00,8019,299.974,136.5,436.474
12/1/2025 3:00,8020,264.122,136.5,400.622
12/1/2025 4:00,8021,245.864,136.5,382.364
12/1/2025 5:00,8022,219.607,186.5,406.107
12/1/2025 6:00,8023,338.974,206.5,545.474
12/1/2025 7:00,8024,407.167,233,640.167
12/1/2025 8:00,8025,461.44,243,704.44
12/1/2025 9:00,8026,482.431,223,705.431
12/1/2025 10:00,8027,484.381,223,707.381
12/1/2025 11:00,8028,508.255,223,731.255
12/1/2025 12:00,8029,510.382,213,723.382
12/1/2025 13:00,8030,545.47,213,758.47
12/1/2025 14:00,8031,518.401,223,741.401
12/1/2025 15:00,8032,482.865,223,705.865
12/1/2025 16:00,8033,475.194,259,734.194
12/1/2025 17:00,8034,626.778,246.5,873.278
12/1/2025 18:00,8035,827.713,236.5,1064.213
12/1/2025 19:00,8036,899.052,206.5,1105.552
12/1/2025 20:00,8037,934.178,176.5,1110.678
12/1/2025 21:00,8038,807.017,166.5,973.517
12/1/2025 22:00,8039,632.43,156.5,788.93
12/1/2025 23:00,8040,486.677,146.5,633.177
12/2/2025 0:00,8041,366.711,136.5,503.211
12/2/2025 1:00,8042,315.804,136.5,452.304
12/2/2025 2:00,8043,258.437,136.5,394.937
12/2/2025 3:00,8044,243.458,136.5,379.958
12/2/2025 4:00,8045,219.482,136.5,355.982
12/2/2025 5:00,8046,198.691,186.5,385.191
12/2/2025 6:00,8047,295.498,206.5,501.998
12/2/2025 7:00,8048,340.5,233,573.5
12/2/2025 8:00,8049,360.031,243,603.031
12/2/2025 9:00,8050,421.486,223,644.486
12/2/2025 10:00,8051,438.167,223,661.167
12/2/2025 11:00,8052,483.536,223,706.536
12/2/2025 12:00,8053,496.738,213,709.738
12/2/2025 13:00,8054,527.713,213,740.713
12/2/2025 14:00,8055,504.878,223,727.878
12/2/2025 15:00,8056,476.179,223,699.179
12/2/2025 16:00,8057,435.229,259,694.229
12/2/2025 17:00,8058,614.256,246.5,860.756
12/2/2025 18:00,8059,804.721,236.5,1041.221
12/2/2025 19:00,8060,870.485,206.5,1076.985
12/2/2025 20:00,8061,869.912,176.5,1046.412
12/2/2025 21:00,8062,758.76,166.5,925.26
12/2/2025 22:00,8063,574.261,156.5,730.761
12/2/2025 23:00,8064,466.812,146.5,613.312
12/3/2025 0:00,8065,391.979,136.5,528.479
12/3/2025 1:00,8066,331.646,136.5,468.146
12/3/2025 2:00,8067,291.698,136.5,428.198
12/3/2025 3:00,8068,245.125,136.5,381.625
12/3/2025 4:00,8069,221.547,136.5,358.047
12/3/2025 5:00,8070,197.078,186.5,383.578
12/3/2025 6:00,8071,299.69,206.5,506.19
12/3/2025 7:00,8072,373.042,233,606.042
12/3/2025 8:00,8073,381.497,243,624.497
12/3/2025 9:00,8074,445.525,223,668.525
12/3/2025 10:00,8075,461.768,223,684.768
12/3/2025 11:00,8076,463.769,223,686.769
12/3/2025 12:00,8077,519.933,213,732.933
12/3/2025 13:00,8078,555.869,213,768.869
12/3/2025 14:00,8079,522.398,223,745.398
12/3/2025 15:00,8080,499.26,223,722.26
12/3/2025 16:00,8081,477.367,259,736.367
12/3/2025 17:00,8082,683.438,246.5,929.938
12/3/2025 18:00,8083,848.178,236.5,1084.678
12/3/2025 19:00,8084,865.724,206.5,1072.224
12/3/2025 20:00,8085,918.711,176.5,1095.211
12/3/2025 21:00,8086,817.337,166.5,983.837
12/3/2025 22:00,8087,590.887,156.5,747.387
12/3/2025 23:00,8088,431.289,146.5,577.789
12/4/2025 0:00,8089,379.558,136.5,516.058
12/4/2025 1:00,8090,327.249,136.5,463.749
12/4/2025 2:00,8091,297.372,136.5,433.872
12/4/2025 3:00,8092,270.509,136.5,407.009
12/4/2025 4:00,8093,237.283,136.5,373.783
12/4/2025 5:00,8094,197.046,186.5,383.546
12/4/2025 6:00,8095,301.114,206.5,507.614
12/4/2025 7:00,8096,361.594,233,594.594
12/4/2025 8:00,8097,407.2,243,650.2
12/4/2025 9:00,8098,427.472,223,650.472
12/4/2025 10:00,8099,458.132,223,681.132
12/4/2025 11:00,8100,507.62,223,730.62
12/4/2025 12:00,8101,543.535,213,756.535
12/4/2025 13:00,8102,533.898,213,746.898
12/4/2025 14:00,8103,490.438,223,713.438
12/4/2025 15:00,8104,477.989,223,700.989
12/4/2025 16:00,8105,472.037,259,731.037
12/4/2025 17:00,8106,669.703,246.5,916.203
12/4/2025 18:00,8107,818.121,236.5,1054.621
12/4/2025 19:00,8108,914.973,206.5,1121.473
12/4/2025 20:00,8109,950.572,176.5,1127.072
12/4/2025 21:00,8110,826.156,166.5,992.656
12/4/2025 22:00,8111,581.234,156.5,737.734
12/4/2025 23:00,8112,456.716,146.5,603.216
12/5/2025 0:00,8113,424.823,136.5,561.323
12/5/2025 1:00,8114,344.788,136.5,481.288
12/5/2025 2:00,8115,309.996,136.5,446.496
12/5/2025 3:00,8116,272.438,136.5,408.938
12/5/2025 4:00,8117,251.303,136.5,387.803
12/5/2025 5:00,8118,227.02,186.5,413.52
12/5/2025 6:00,8119,301.064,184,485.064
12/5/2025 7:00,8120,367.317,201,568.317
12/5/2025 8:00,8121,423.577,206.5,630.077
12/5/2025 9:00,8122,452.165,186.5,638.665
12/5/2025 10:00,8123,461.697,186.5,648.197
12/5/2025 11:00,8124,470.906,186.5,657.406
12/5/2025 12:00,8125,460.162,178,638.162
12/5/2025 13:00,8126,493.451,178,671.451
12/5/2025 14:00,8127,607.214,216.5,823.714
12/5/2025 15:00,8128,576.179,216.5,792.679
12/5/2025 16:00,8129,552.141,256.5,808.641
12/5/2025 17:00,8130,726.965,246.5,973.465
12/5/2025 18:00,8131,905.646,236.5,1142.146
12/5/2025 19:00,8132,1028.078,206.5,1234.578
12/5/2025 20:00,8133,1068.982,176.5,1245.482
12/5/2025 21:00,8134,957.596,166.5,1124.096
12/5/2025 22:00,8135,721.851,156.5,878.351
12/5/2025 23:00,8136,516.347,146.5,662.847
12/6/2025 0:00,8137,401.186,136.5,537.686
12/6/2025 1:00,8138,334.926,136.5,471.426
12/6/2025 2:00,8139,281.639,136.5,418.139
12/6/2025 3:00,8140,242.412,136.5,378.912
12/6/2025 4:00,8141,229.974,136.5,366.474
12/6/2025 5:00,8142,203.796,186.5,390.296
12/6/2025 6:00,8143,281.514,206.5,488.014
12/6/2025 7:00,8144,365.863,226.5,592.363
12/6/2025 8:00,8145,406.791,236.5,643.291
12/6/2025 9:00,8146,428.403,216.5,644.903
12/6/2025 10:00,8147,458.971,216.5,675.471
12/6/2025 11:00,8148,489.105,216.5,705.605
12/6/2025 12:00,8149,508.862,206.5,715.362
12/6/2025 13:00,8150,552.826,206.5,759.326
12/6/2025 14:00,8151,488.84,216.5,705.34
12/6/2025 15:00,8152,438.985,216.5,655.485
12/6/2025 16:00,8153,435.157,256.5,691.657
12/6/2025 17:00,8154,632.344,246.5,878.844
12/6/2025 18:00,8155,832.851,236.5,1069.351
12/6/2025 19:00,8156,902.885,206.5,1109.385
12/6/2025 20:00,8157,873.563,176.5,1050.063
12/6/2025 21:00,8158,784.081,166.5,950.581
12/6/2025 22:00,8159,591.312,156.5,747.812
12/6/2025 23:00,8160,488.855,146.5,635.355
12/7/2025 0:00,8161,323.093,136.5,459.593
12/7/2025 1:00,8162,278.894,136.5,415.394
12/7/2025 2:00,8163,274.795,136.5,411.295
12/7/2025 3:00,8164,229.787,136.5,366.287
12/7/2025 4:00,8165,209.1,136.5,345.6
12/7/2025 5:00,8166,180.869,186.5,367.369
12/7/2025 6:00,8167,269.934,206.5,476.434
12/7/2025 7:00,8168,326.628,233,559.628
12/7/2025 8:00,8169,356.265,243,599.265
12/7/2025 9:00,8170,393.834,223,616.834
12/7/2025 10:00,8171,400.98,223,623.98
12/7/2025 11:00,8172,430.855,223,653.855
12/7/2025 12:00,8173,489.553,213,702.553
12/7/2025 13:00,8174,508.29,213,721.29
12/7/2025 14:00,8175,473.032,223,696.032
12/7/2025 15:00,8176,451.781,223,674.781
12/7/2025 16:00,8177,396.013,259,655.013
12/7/2025 17:00,8178,557.873,246.5,804.373
12/7/2025 18:00,8179,734.613,236.5,971.113
12/7/2025 19:00,8180,846.58,206.5,1053.08
12/7/2025 20:00,8181,795.366,176.5,971.866
12/7/2025 21:00,8182,682.937,166.5,849.437
12/7/2025 22:00,8183,557.164,156.5,713.664
12/7/2025 23:00,8184,415.748,146.5,562.248
12/8/2025 0:00,8185,410.911,136.5,547.411
12/8/2025 1:00,8186,349.357,136.5,485.857
12/8/2025 2:00,8187,307.29,136.5,443.79
12/8/2025 3:00,8188,262.629,136.5,399.129
12/8/2025 4:00,8189,247.921,136.5,384.421
12/8/2025 5:00,8190,230.888,186.5,417.388
12/8/2025 6:00,8191,305.095,206.5,511.595
12/8/2025 7:00,8192,366.423,233,599.423
12/8/2025 8:00,8193,423.381,243,666.381
12/8/2025 9:00,8194,459.724,223,682.724
12/8/2025 10:00,8195,471.847,223,694.847
12/8/2025 11:00,8196,520.246,223,743.246
12/8/2025 12:00,8197,559.667,213,772.667
12/8/2025 13:00,8198,549.059,213,762.059
12/8/2025 14:00,8199,526.649,223,749.649
12/8/2025 15:00,8200,472.134,223,695.134
12/8/2025 16:00,8201,436.725,259,695.725
12/8/2025 17:00,8202,636.09,246.5,882.59
12/8/2025 18:00,8203,809.474,236.5,1045.974
12/8/2025 19:00,8204,866.811,206.5,1073.311
12/8/2025 20:00,8205,851.534,176.5,1028.034
12/8/2025 21:00,8206,735.525,166.5,902.025
12/8/2025 22:00,8207,580.053,156.5,736.553
12/8/2025 23:00,8208,416.327,146.5,562.827
12/9/2025 0:00,8209,331.389,136.5,467.889
12/9/2025 1:00,8210,276.993,136.5,413.493
12/9/2025 2:00,8211,267.193,136.5,403.693
12/9/2025 3:00,8212,222.166,136.5,358.666
12/9/2025 4:00,8213,213.572,136.5,350.072
12/9/2025 5:00,8214,210.194,186.5,396.694
12/9/2025 6:00,8215,326.477,206.5,532.977
12/9/2025 7:00,8216,354.116,233,587.116
12/9/2025 8:00,8217,400.985,243,643.985
12/9/2025 9:00,8218,426.451,223,649.451
12/9/2025 10:00,8219,434.459,223,657.459
12/9/2025 11:00,8220,470.356,223,693.356
12/9/2025 12:00,8221,528.223,213,741.223
12/9/2025 13:00,8222,549.273,213,762.273
12/9/2025 14:00,8223,503.955,223,726.955
12/9/2025 15:00,8224,495.079,223,718.079
12/9/2025 16:00,8225,420.116,259,679.116
12/9/2025 17:00,8226,597.808,246.5,844.308
12/9/2025 18:00,8227,752.484,236.5,988.984
12/9/2025 19:00,8228,859.47,206.5,1065.97
12/9/2025 20:00,8229,858.579,176.5,1035.079
12/9/2025 21:00,8230,760.379,166.5,926.879
12/9/2025 22:00,8231,574.74,156.5,731.24
12/9/2025 23:00,8232,445.429,146.5,591.929
12/10/2025 0:00,8233,382.798,136.5,519.298
12/10/2025 1:00,8234,335.143,136.5,471.643
12/10/2025 2:00,8235,294.486,136.5,430.986
12/10/2025 3:00,8236,265.29,136.5,401.79
12/10/2025 4:00,8237,249.709,136.5,386.209
12/10/2025 5:00,8238,211.636,186.5,398.136
12/10/2025 6:00,8239,306.368,206.5,512.868
12/10/2025 7:00,8240,395.757,233,628.757
12/10/2025 8:00,8241,406.413,243,649.413
12/10/2025 9:00,8242,489.467,223,712.467
12/10/2025 10:00,8243,475.264,223,698.264
12/10/2025 11:00,8244,496.675,223,719.675
12/10/2025 12:00,8245,504.202,213,717.202
12/10/2025 13:00,8246,575.565,213,788.565
12/10/2025 14:00,8247,529.742,223,752.742
12/10/2025 15:00,8248,490.812,223,713.812
12/10/2025 16:00,8249,461.156,259,720.156
12/10/2025 17:00,8250,655.12,246.5,901.62
12/10/2025 18:00,8251,814.826,236.5,1051.326
12/10/2025 19:00,8252,900.3,206.5,1106.8
12/10/2025 20:00,8253,787.696,176.5,964.196
12/10/2025 21:00,8254,735.542,166.5,902.042
12/10/2025 22:00,8255,574.534,156.5,731.034
12/10/2025 23:00,8256,468.548,146.5,615.048
12/11/2025 0:00,8257,424.866,136.5,561.366
12/11/2025 1:00,8258,362.324,136.5,498.824
12/11/2025 2:00,8259,332.071,136.5,468.571
12/11/2025 3:00,8260,275.791,136.5,412.291
12/11/2025 4:00,8261,262.578,136.5,399.078
12/11/2025 5:00,8262,226.972,186.5,413.472
12/11/2025 6:00,8263,310.742,206.5,517.242
12/11/2025 7:00,8264,386.885,233,619.885
12/11/2025 8:00,8265,462.122,243,705.122
12/11/2025 9:00,8266,505.56,223,728.56
12/11/2025 10:00,8267,558.398,223,781.398
12/11/2025 11:00,8268,553.054,223,776.054
12/11/2025 12:00,8269,596.904,213,809.904
12/11/2025 13:00,8270,583.957,213,796.957
12/11/2025 14:00,8271,564.939,223,787.939
12/11/2025 15:00,8272,540.235,223,763.235
12/11/2025 16:00,8273,528.025,259,787.025
12/11/2025 17:00,8274,727.505,246.5,974.005
12/11/2025 18:00,8275,872.95,236.5,1109.45
12/11/2025 19:00,8276,992.856,206.5,1199.356
12/11/2025 20:00,8277,1027.868,176.5,1204.368
12/11/2025 21:00,8278,863.94,166.5,1030.44
12/11/2025 22:00,8279,607.15,156.5,763.65
12/11/2025 23:00,8280,486.796,146.5,633.296
12/12/2025 0:00,8281,322.114,136.5,458.614
12/12/2025 1:00,8282,280.777,136.5,417.277
12/12/2025 2:00,8283,257.697,136.5,394.197
12/12/2025 3:00,8284,220.67,136.5,357.17
12/12/2025 4:00,8285,198.66,136.5,335.16
12/12/2025 5:00,8286,169.354,186.5,355.854
12/12/2025 6:00,8287,239.874,184,423.874
12/12/2025 7:00,8288,294.611,201,495.611
12/12/2025 8:00,8289,305.225,206.5,511.725
12/12/2025 9:00,8290,330.45,186.5,516.95
12/12/2025 10:00,8291,362.009,186.5,548.509
12/12/2025 11:00,8292,369.051,186.5,555.551
12/12/2025 12:00,8293,372.371,178,550.371
12/12/2025 13:00,8294,410.335,178,588.335
12/12/2025 14:00,8295,476.903,216.5,693.403
12/12/2025 15:00,8296,444.757,216.5,661.257
12/12/2025 16:00,8297,422.883,256.5,679.383
12/12/2025 17:00,8298,597.548,246.5,844.048
12/12/2025 18:00,8299,780.536,236.5,1017.036
12/12/2025 19:00,8300,872.297,206.5,1078.797
12/12/2025 20:00,8301,776.851,176.5,953.351
12/12/2025 21:00,8302,698.129,166.5,864.629
12/12/2025 22:00,8303,549.517,156.5,706.017
12/12/2025 23:00,8304,397.07,146.5,543.57
12/13/2025 0:00,8305,365.748,136.5,502.248
12/13/2025 1:00,8306,330.667,136.5,467.167
12/13/2025 2:00,8307,293.491,136.5,429.991
12/13/2025 3:00,8308,275.001,136.5,411.501
12/13/2025 4:00,8309,255.715,136.5,392.215
12/13/2025 5:00,8310,217.425,186.5,403.925
12/13/2025 6:00,8311,304.58,206.5,511.08
12/13/2025 7:00,8312,325.569,226.5,552.069
12/13/2025 8:00,8313,371.6,236.5,608.1
12/13/2025 9:00,8314,394.925,216.5,611.425
12/13/2025 10:00,8315,440.212,216.5,656.712
12/13/2025 11:00,8316,478.616,216.5,695.116
12/13/2025 12:00,8317,521.506,206.5,728.006
12/13/2025 13:00,8318,560.939,206.5,767.439
12/13/2025 14:00,8319,525.2,216.5,741.7
12/13/2025 15:00,8320,537.596,216.5,754.096
12/13/2025 16:00,8321,489.194,256.5,745.694
12/13/2025 17:00,8322,618.545,246.5,865.045
12/13/2025 18:00,8323,777.02,236.5,1013.52
12/13/2025 19:00,8324,857.634,206.5,1064.134
12/13/2025 20:00,8325,879.08,176.5,1055.58
12/13/2025 21:00,8326,750.809,166.5,917.309
12/13/2025 22:00,8327,574.548,156.5,731.048
12/13/2025 23:00,8328,444.738,146.5,591.238
12/14/2025 0:00,8329,388.957,136.5,525.457
12/14/2025 1:00,8330,355.908,136.5,492.408
12/14/2025 2:00,8331,325.104,136.5,461.604
12/14/2025 3:00,8332,299.103,136.5,435.603
12/14/2025 4:00,8333,262.455,136.5,398.955
12/14/2025 5:00,8334,246.827,186.5,433.327
12/14/2025 6:00,8335,321.115,206.5,527.615
12/14/2025 7:00,8336,367.9,233,600.9
12/14/2025 8:00,8337,393.959,243,636.959
12/14/2025 9:00,8338,455.075,223,678.075
12/14/2025 10:00,8339,515.298,223,738.298
12/14/2025 11:00,8340,527.265,223,750.265
12/14/2025 12:00,8341,544.747,213,757.747
12/14/2025 13:00,8342,559.311,213,772.311
12/14/2025 14:00,8343,556.038,223,779.038
12/14/2025 15:00,8344,516.213,223,739.213
12/14/2025 16:00,8345,480.981,259,739.981
12/14/2025 17:00,8346,633.392,246.5,879.892
12/14/2025 18:00,8347,801.807,236.5,1038.307
12/14/2025 19:00,8348,948.694,206.5,1155.194
12/14/2025 20:00,8349,941.162,176.5,1117.662
12/14/2025 21:00,8350,811.338,166.5,977.838
12/14/2025 22:00,8351,658.14,156.5,814.64
12/14/2025 23:00,8352,492.221,146.5,638.721
12/15/2025 0:00,8353,370.564,136.5,507.064
12/15/2025 1:00,8354,334.188,136.5,470.688
12/15/2025 2:00,8355,288.466,136.5,424.966
12/15/2025 3:00,8356,232.851,136.5,369.351
12/15/2025 4:00,8357,237.574,136.5,374.074
12/15/2025 5:00,8358,205.354,186.5,391.854
12/15/2025 6:00,8359,285.655,206.5,492.155
12/15/2025 7:00,8360,360.504,233,593.504
12/15/2025 8:00,8361,400.243,243,643.243
12/15/2025 9:00,8362,457.143,223,680.143
12/15/2025 10:00,8363,451.724,223,674.724
12/15/2025 11:00,8364,478.799,223,701.799
12/15/2025 12:00,8365,472.832,213,685.832
12/15/2025 13:00,8366,504.649,213,717.649
12/15/2025 14:00,8367,481.511,223,704.511
12/15/2025 15:00,8368,461.161,223,684.161
12/15/2025 16:00,8369,428.504,259,687.504
12/15/2025 17:00,8370,591.649,246.5,838.149
12/15/2025 18:00,8371,725.844,236.5,962.344
12/15/2025 19:00,8372,843.242,206.5,1049.742
12/15/2025 20:00,8373,879.531,176.5,1056.031
12/15/2025 21:00,8374,747.488,166.5,913.988
12/15/2025 22:00,8375,579.916,156.5,736.416
12/15/2025 23:00,8376,448.184,146.5,594.684
12/16/2025 0:00,8377,419.774,136.5,556.274
12/16/2025 1:00,8378,343.179,136.5,479.679
12/16/2025 2:00,8379,296.104,136.5,432.604
12/16/2025 3:00,8380,262.4,136.5,398.9
12/16/2025 4:00,8381,224.174,136.5,360.674
12/16/2025 5:00,8382,228.42,186.5,414.92
12/16/2025 6:00,8383,338.275,206.5,544.775
12/16/2025 7:00,8384,411.021,233,644.021
12/16/2025 8:00,8385,408.483,243,651.483
12/16/2025 9:00,8386,433.257,223,656.257
12/16/2025 10:00,8387,483.482,223,706.482
12/16/2025 11:00,8388,570.75,223,793.75
12/16/2025 12:00,8389,572.198,213,785.198
12/16/2025 13:00,8390,607.584,213,820.584
12/16/2025 14:00,8391,566.973,223,789.973
12/16/2025 15:00,8392,540.832,223,763.832
12/16/2025 16:00,8393,542.64,259,801.64
12/16/2025 17:00,8394,719.087,246.5,965.587
12/16/2025 18:00,8395,870.141,236.5,1106.641
12/16/2025 19:00,8396,1012.897,206.5,1219.397
12/16/2025 20:00,8397,987.738,176.5,1164.238
12/16/2025 21:00,8398,897.349,166.5,1063.849
12/16/2025 22:00,8399,657.464,156.5,813.964
12/16/2025 23:00,8400,533.067,146.5,679.567
12/17/2025 0:00,8401,398.524,136.5,535.024
12/17/2025 1:00,8402,348.504,136.5,485.004
12/17/2025 2:00,8403,307.888,136.5,444.388
12/17/2025 3:00,8404,263.161,136.5,399.661
12/17/2025 4:00,8405,240.257,136.5,376.757
12/17/2025 5:00,8406,207.603,186.5,394.103
12/17/2025 6:00,8407,319.163,206.5,525.663
12/17/2025 7:00,8408,381.42,233,614.42
12/17/2025 8:00,8409,390.405,243,633.405
12/17/2025 9:00,8410,411.907,223,634.907
12/17/2025 10:00,8411,420.219,223,643.219
12/17/2025 11:00,8412,483.783,223,706.783
12/17/2025 12:00,8413,493.312,213,706.312
12/17/2025 13:00,8414,528.848,213,741.848
12/17/2025 14:00,8415,517.316,223,740.316
12/17/2025 15:00,8416,493.622,223,716.622
12/17/2025 16:00,8417,480.528,259,739.528
12/17/2025 17:00,8418,670.304,246.5,916.804
12/17/2025 18:00,8419,753.341,236.5,989.841
12/17/2025 19:00,8420,856.408,206.5,1062.908
12/17/2025 20:00,8421,885.377,176.5,1061.877
12/17/2025 21:00,8422,833.977,166.5,1000.477
12/17/2025 22:00,8423,660.971,156.5,817.471
12/17/2025 23:00,8424,469.32,146.5,615.82
12/18/2025 0:00,8425,400.202,136.5,536.702
12/18/2025 1:00,8426,329.733,136.5,466.233
12/18/2025 2:00,8427,323.121,136.5,459.621
12/18/2025 3:00,8428,297.093,136.5,433.593
12/18/2025 4:00,8429,269.991,136.5,406.491
12/18/2025 5:00,8430,240.23,186.5,426.73
12/18/2025 6:00,8431,359.903,206.5,566.403
12/18/2025 7:00,8432,444.682,233,677.682
12/18/2025 8:00,8433,492.202,243,735.202
12/18/2025 9:00,8434,527.421,223,750.421
12/18/2025 10:00,8435,529.691,223,752.691
12/18/2025 11:00,8436,568.196,223,791.196
12/18/2025 12:00,8437,600.633,213,813.633
12/18/2025 13:00,8438,595.926,213,808.926
12/18/2025 14:00,8439,558.876,223,781.876
12/18/2025 15:00,8440,554.785,223,777.785
12/18/2025 16:00,8441,555.12,259,814.12
12/18/2025 17:00,8442,707.42,246.5,953.92
12/18/2025 18:00,8443,867.145,236.5,1103.645
12/18/2025 19:00,8444,966.333,206.5,1172.833
12/18/2025 20:00,8445,967.431,176.5,1143.931
12/18/2025 21:00,8446,833.885,166.5,1000.385
12/18/2025 22:00,8447,685.085,156.5,841.585
12/18/2025 23:00,8448,525.112,146.5,671.612
12/19/2025 0:00,8449,389.592,136.5,526.092
12/19/2025 1:00,8450,356.409,136.5,492.909
12/19/2025 2:00,8451,300.631,136.5,437.131
12/19/2025 3:00,8452,260.215,136.5,396.715
12/19/2025 4:00,8453,221.539,136.5,358.039
12/19/2025 5:00,8454,194.658,186.5,381.158
12/19/2025 6:00,8455,234.025,184,418.025
12/19/2025 7:00,8456,316.167,201,517.167
12/19/2025 8:00,8457,360.892,206.5,567.392
12/19/2025 9:00,8458,395.949,186.5,582.449
12/19/2025 10:00,8459,416.229,186.5,602.729
12/19/2025 11:00,8460,454.337,186.5,640.837
12/19/2025 12:00,8461,449.37,178,627.37
12/19/2025 13:00,8462,469.686,178,647.686
12/19/2025 14:00,8463,541.614,216.5,758.114
12/19/2025 15:00,8464,473.53,216.5,690.03
12/19/2025 16:00,8465,469.687,256.5,726.187
12/19/2025 17:00,8466,606.987,246.5,853.487
12/19/2025 18:00,8467,795.988,236.5,1032.488
12/19/2025 19:00,8468,858.572,206.5,1065.072
12/19/2025 20:00,8469,920.612,176.5,1097.112
12/19/2025 21:00,8470,778.588,166.5,945.088
12/19/2025 22:00,8471,566.61,156.5,723.11
12/19/2025 23:00,8472,432.679,146.5,579.179
12/20/2025 0:00,8473,376.53,136.5,513.03
12/20/2025 1:00,8474,314.596,136.5,451.096
12/20/2025 2:00,8475,298.394,136.5,434.894
12/20/2025 3:00,8476,244.497,136.5,380.997
12/20/2025 4:00,8477,222.006,136.5,358.506
12/20/2025 5:00,8478,198.215,186.5,384.715
12/20/2025 6:00,8479,314.681,206.5,521.181
12/20/2025 7:00,8480,417.175,226.5,643.675
12/20/2025 8:00,8481,471.749,236.5,708.249
12/20/2025 9:00,8482,492.36,216.5,708.86
12/20/2025 10:00,8483,460.686,216.5,677.186
12/20/2025 11:00,8484,510.373,216.5,726.873
12/20/2025 12:00,8485,572.494,206.5,778.994
12/20/2025 13:00,8486,604.319,206.5,810.819
12/20/2025 14:00,8487,575.422,216.5,791.922
12/20/2025 15:00,8488,509.481,216.5,725.981
12/20/2025 16:00,8489,471.177,256.5,727.677
12/20/2025 17:00,8490,710.665,246.5,957.165
12/20/2025 18:00,8491,837.368,236.5,1073.868
12/20/2025 19:00,8492,892.343,206.5,1098.843
12/20/2025 20:00,8493,932.928,176.5,1109.428
12/20/2025 21:00,8494,811.025,166.5,977.525
12/20/2025 22:00,8495,595,156.5,751.5
12/20/2025 23:00,8496,495.897,146.5,642.397
12/21/2025 0:00,8497,407.45,136.5,543.95
12/21/2025 1:00,8498,347.147,136.5,483.647
12/21/2025 2:00,8499,295.45,136.5,431.95
12/21/2025 3:00,8500,290.551,136.5,427.051
12/21/2025 4:00,8501,259.489,136.5,395.989
12/21/2025 5:00,8502,245.772,186.5,432.272
12/21/2025 6:00,8503,353.719,206.5,560.219
12/21/2025 7:00,8504,406.803,233,639.803
12/21/2025 8:00,8505,432.379,243,675.379
12/21/2025 9:00,8506,507.686,223,730.686
12/21/2025 10:00,8507,553.284,223,776.284
12/21/2025 11:00,8508,520.649,223,743.649
12/21/2025 12:00,8509,560.642,213,773.642
12/21/2025 13:00,8510,568.888,213,781.888
12/21/2025 14:00,8511,523.193,223,746.193
12/21/2025 15:00,8512,511.782,223,734.782
12/21/2025 16:00,8513,461.255,259,720.255
12/21/2025 17:00,8514,649.957,246.5,896.457
12/21/2025 18:00,8515,808.599,236.5,1045.099
12/21/2025 19:00,8516,897.544,206.5,1104.044
12/21/2025 20:00,8517,905.585,176.5,1082.085
12/21/2025 21:00,8518,780.474,166.5,946.974
12/21/2025 22:00,8519,641.33,156.5,797.83
12/21/2025 23:00,8520,499.466,146.5,645.966
12/22/2025 0:00,8521,408.605,136.5,545.105
12/22/2025 1:00,8522,343.798,136.5,480.298
12/22/2025 2:00,8523,294.904,136.5,431.404
12/22/2025 3:00,8524,280.016,136.5,416.516
12/22/2025 4:00,8525,241.877,136.5,378.377
12/22/2025 5:00,8526,209.967,186.5,396.467
12/22/2025 6:00,8527,315.191,206.5,521.691
12/22/2025 7:00,8528,358.412,233,591.412
12/22/2025 8:00,8529,414.694,243,657.694
12/22/2025 9:00,8530,468.636,223,691.636
12/22/2025 10:00,8531,513.485,223,736.485
12/22/2025 11:00,8532,544.53,223,767.53
12/22/2025 12:00,8533,579.705,213,792.705
12/22/2025 13:00,8534,569.369,213,782.369
12/22/2025 14:00,8535,516.557,223,739.557
12/22/2025 15:00,8536,535.307,223,758.307
12/22/2025 16:00,8537,461.99,259,720.99
12/22/2025 17:00,8538,613.628,246.5,860.128
12/22/2025 18:00,8539,809.802,236.5,1046.302
12/22/2025 19:00,8540,950.564,206.5,1157.064
12/22/2025 20:00,8541,928.477,176.5,1104.977
12/22/2025 21:00,8542,834.656,166.5,1001.156
12/22/2025 22:00,8543,575.962,156.5,732.462
12/22/2025 23:00,8544,440.795,146.5,587.295
12/23/2025 0:00,8545,334.915,136.5,471.415
12/23/2025 1:00,8546,315.318,136.5,451.818
12/23/2025 2:00,8547,266.266,136.5,402.766
12/23/2025 3:00,8548,228.966,136.5,365.466
12/23/2025 4:00,8549,224.038,136.5,360.538
12/23/2025 5:00,8550,212.052,186.5,398.552
12/23/2025 6:00,8551,303.153,206.5,509.653
12/23/2025 7:00,8552,380.662,233,613.662
12/23/2025 8:00,8553,425.104,243,668.104
12/23/2025 9:00,8554,458.706,223,681.706
12/23/2025 10:00,8555,458.704,223,681.704
12/23/2025 11:00,8556,502.381,223,725.381
12/23/2025 12:00,8557,537.914,213,750.914
12/23/2025 13:00,8558,564.602,213,777.602
12/23/2025 14:00,8559,537.631,223,760.631
12/23/2025 15:00,8560,478.901,223,701.901
12/23/2025 16:00,8561,473.374,259,732.374
12/23/2025 17:00,8562,659.088,246.5,905.588
12/23/2025 18:00,8563,809.201,236.5,1045.701
12/23/2025 19:00,8564,887.362,206.5,1093.862
12/23/2025 20:00,8565,863.561,176.5,1040.061
12/23/2025 21:00,8566,795.066,166.5,961.566
12/23/2025 22:00,8567,567.905,156.5,724.405
12/23/2025 23:00,8568,427.163,146.5,573.663
12/24/2025 0:00,8569,351.201,136.5,487.701
12/24/2025 1:00,8570,335.128,136.5,471.628
12/24/2025 2:00,8571,309.026,136.5,445.526
12/24/2025 3:00,8572,248.15,136.5,384.65
12/24/2025 4:00,8573,243.742,136.5,380.242
12/24/2025 5:00,8574,227.778,186.5,414.278
12/24/2025 6:00,8575,300.3,206.5,506.8
12/24/2025 7:00,8576,325.246,233,558.246
12/24/2025 8:00,8577,377.593,243,620.593
12/24/2025 9:00,8578,454.992,223,677.992
12/24/2025 10:00,8579,510.526,223,733.526
12/24/2025 11:00,8580,504.318,223,727.318
12/24/2025 12:00,8581,563.123,213,776.123
12/24/2025 13:00,8582,512.235,213,725.235
12/24/2025 14:00,8583,491.999,223,714.999
12/24/2025 15:00,8584,467.768,223,690.768
12/24/2025 16:00,8585,476.189,259,735.189
12/24/2025 17:00,8586,695.653,246.5,942.153
12/24/2025 18:00,8587,878.947,236.5,1115.447
12/24/2025 19:00,8588,897.302,206.5,1103.802
12/24/2025 20:00,8589,917.037,176.5,1093.537
12/24/2025 21:00,8590,812.867,166.5,979.367
12/24/2025 22:00,8591,570.006,156.5,726.506
12/24/2025 23:00,8592,409.353,146.5,555.853
12/25/2025 0:00,8593,338.19,136.5,474.69
12/25/2025 1:00,8594,295.408,136.5,431.908
12/25/2025 2:00,8595,250.738,136.5,387.238
12/25/2025 3:00,8596,224.649,136.5,361.149
12/25/2025 4:00,8597,212.513,136.5,349.013
12/25/2025 5:00,8598,184.085,186.5,370.585
12/25/2025 6:00,8599,252.392,206.5,458.892
12/25/2025 7:00,8600,354.114,233,587.114
12/25/2025 8:00,8601,403.217,243,646.217
12/25/2025 9:00,8602,429.988,223,652.988
12/25/2025 10:00,8603,443.699,223,666.699
12/25/2025 11:00,8604,474.181,223,697.181
12/25/2025 12:00,8605,470.324,213,683.324
12/25/2025 13:00,8606,495.864,213,708.864
12/25/2025 14:00,8607,449.083,223,672.083
12/25/2025 15:00,8608,436.316,223,659.316
12/25/2025 16:00,8609,396.042,259,655.042
12/25/2025 17:00,8610,557.754,246.5,804.254
12/25/2025 18:00,8611,779.988,236.5,1016.488
12/25/2025 19:00,8612,858.779,206.5,1065.279
12/25/2025 20:00,8613,853.646,176.5,1030.146
12/25/2025 21:00,8614,694.168,166.5,860.668
12/25/2025 22:00,8615,522.976,156.5,679.476
12/25/2025 23:00,8616,418.074,146.5,564.574
12/26/2025 0:00,8617,359.099,136.5,495.599
12/26/2025 1:00,8618,286.484,136.5,422.984
12/26/2025 2:00,8619,268.079,136.5,404.579
12/26/2025 3:00,8620,245.004,136.5,381.504
12/26/2025 4:00,8621,238.051,136.5,374.551
12/26/2025 5:00,8622,198.451,186.5,384.951
12/26/2025 6:00,8623,226.138,184,410.138
12/26/2025 7:00,8624,284.402,201,485.402
12/26/2025 8:00,8625,315.382,206.5,521.882
12/26/2025 9:00,8626,383.947,186.5,570.447
12/26/2025 10:00,8627,363.165,186.5,549.665
12/26/2025 11:00,8628,397.298,186.5,583.798
12/26/2025 12:00,8629,459.038,178,637.038
12/26/2025 13:00,8630,469.864,178,647.864
12/26/2025 14:00,8631,542.879,216.5,759.379
12/26/2025 15:00,8632,475.983,216.5,692.483
12/26/2025 16:00,8633,423.778,256.5,680.278
12/26/2025 17:00,8634,660.456,246.5,906.956
12/26/2025 18:00,8635,842.779,236.5,1079.279
12/26/2025 19:00,8636,928.518,206.5,1135.018
12/26/2025 20:00,8637,880.494,176.5,1056.994
12/26/2025 21:00,8638,788.082,166.5,954.582
12/26/2025 22:00,8639,573.53,156.5,730.03
12/26/2025 23:00,8640,449.622,146.5,596.122
12/27/2025 0:00,8641,402.626,136.5,539.126
12/27/2025 1:00,8642,344.232,136.5,480.732
12/27/2025 2:00,8643,289.861,136.5,426.361
12/27/2025 3:00,8644,224.903,136.5,361.403
12/27/2025 4:00,8645,195.669,136.5,332.169
12/27/2025 5:00,8646,195.745,186.5,382.245
12/27/2025 6:00,8647,273.932,206.5,480.432
12/27/2025 7:00,8648,345.443,226.5,571.943
12/27/2025 8:00,8649,401.281,236.5,637.781
12/27/2025 9:00,8650,465.205,216.5,681.705
12/27/2025 10:00,8651,474.442,216.5,690.942
12/27/2025 11:00,8652,485.13,216.5,701.63
12/27/2025 12:00,8653,508.581,206.5,715.081
12/27/2025 13:00,8654,506.931,206.5,713.431
12/27/2025 14:00,8655,478.081,216.5,694.581
12/27/2025 15:00,8656,470.101,216.5,686.601
12/27/2025 16:00,8657,446.877,256.5,703.377
12/27/2025 17:00,8658,681.499,246.5,927.999
12/27/2025 18:00,8659,852.815,236.5,1089.315
12/27/2025 19:00,8660,951.818,206.5,1158.318
12/27/2025 20:00,8661,880.927,176.5,1057.427
12/27/2025 21:00,8662,785.894,166.5,952.394
12/27/2025 22:00,8663,571.276,156.5,727.776
12/27/2025 23:00,8664,447.165,146.5,593.665
12/28/2025 0:00,8665,383.522,136.5,520.022
12/28/2025 1:00,8666,332.221,136.5,468.721
12/28/2025 2:00,8667,324.463,136.5,460.963
12/28/2025 3:00,8668,291.703,136.5,428.203
12/28/2025 4:00,8669,266.815,136.5,403.315
12/28/2025 5:00,8670,236.048,186.5,422.548
12/28/2025 6:00,8671,350.352,206.5,556.852
12/28/2025 7:00,8672,379.749,233,612.749
12/28/2025 8:00,8673,440.797,243,683.797
12/28/2025 9:00,8674,453.834,223,676.834
12/28/2025 10:00,8675,466.908,223,689.908
12/28/2025 11:00,8676,507.656,223,730.656
12/28/2025 12:00,8677,554.556,213,767.556
12/28/2025 13:00,8678,530.643,213,743.643
12/28/2025 14:00,8679,500.207,223,723.207
12/28/2025 15:00,8680,483.635,223,706.635
12/28/2025 16:00,8681,458.756,259,717.756
12/28/2025 17:00,8682,672.864,246.5,919.364
12/28/2025 18:00,8683,940.942,236.5,1177.442
12/28/2025 19:00,8684,994.15,206.5,1200.65
12/28/2025 20:00,8685,924.439,176.5,1100.939
12/28/2025 21:00,8686,767.657,166.5,934.157
12/28/2025 22:00,8687,577.45,156.5,733.95
12/28/2025 23:00,8688,432.404,146.5,578.904
12/29/2025 0:00,8689,378.836,136.5,515.336
12/29/2025 1:00,8690,339.856,136.5,476.356
12/29/2025 2:00,8691,297.375,136.5,433.875
12/29/2025 3:00,8692,287.565,136.5,424.065
12/29/2025 4:00,8693,247.478,136.5,383.978
12/29/2025 5:00,8694,217.667,186.5,404.167
12/29/2025 6:00,8695,324.835,206.5,531.335
12/29/2025 7:00,8696,408.889,233,641.889
12/29/2025 8:00,8697,465.223,243,708.223
12/29/2025 9:00,8698,503.883,223,726.883
12/29/2025 10:00,8699,538.427,223,761.427
12/29/2025 11:00,8700,533.37,223,756.37
12/29/2025 12:00,8701,571.525,213,784.525
12/29/2025 13:00,8702,593.78,213,806.78
12/29/2025 14:00,8703,589.06,223,812.06
12/29/2025 15:00,8704,505.077,223,728.077
12/29/2025 16:00,8705,463.741,259,722.741
12/29/2025 17:00,8706,685.527,246.5,932.027
12/29/2025 18:00,8707,772.225,236.5,1008.725
12/29/2025 19:00,8708,901.785,206.5,1108.285
12/29/2025 20:00,8709,938.494,176.5,1114.994
12/29/2025 21:00,8710,804.259,166.5,970.759
12/29/2025 22:00,8711,599.799,156.5,756.299
12/29/2025 23:00,8712,446.508,146.5,593.008
12/30/2025 0:00,8713,322.212,136.5,458.712
12/30/2025 1:00,8714,280.973,136.5,417.473
12/30/2025 2:00,8715,248.102,136.5,384.602
12/30/2025 3:00,8716,215.997,136.5,352.497
12/30/2025 4:00,8717,199.726,136.5,336.226
12/30/2025 5:00,8718,172.274,186.5,358.774
12/30/2025 6:00,8719,288.549,206.5,495.049
12/30/2025 7:00,8720,340.08,233,573.08
12/30/2025 8:00,8721,379.766,243,622.766
12/30/2025 9:00,8722,408.512,223,631.512
12/30/2025 10:00,8723,422.203,223,645.203
12/30/2025 11:00,8724,417.519,223,640.519
12/30/2025 12:00,8725,424.435,213,637.435
12/30/2025 13:00,8726,433.949,213,646.949
12/30/2025 14:00,8727,439.927,223,662.927
12/30/2025 15:00,8728,450.38,223,673.38
12/30/2025 16:00,8729,390.059,259,649.059
12/30/2025 17:00,8730,564.482,246.5,810.982
12/30/2025 18:00,8731,694.443,236.5,930.943
12/30/2025 19:00,8732,790.903,206.5,997.403
12/30/2025 20:00,8733,835.393,176.5,1011.893
12/30/2025 21:00,8734,721.394,166.5,887.894
12/30/2025 22:00,8735,543.673,156.5,700.173
12/30/2025 23:00,8736,441.786,146.5,588.286
12/31/2025 0:00,8737,378.355,136.5,514.855
12/31/2025 1:00,8738,314.875,136.5,451.375
12/31/2025 2:00,8739,283.259,136.5,419.759
12/31/2025 3:00,8740,240.108,136.5,376.608
12/31/2025 4:00,8741,226.167,136.5,362.667
12/31/2025 5:00,8742,203.855,186.5,390.355
12/31/2025 6:00,8743,275.469,206.5,481.969
12/31/2025 7:00,8744,349.449,233,582.449
12/31/2025 8:00,8745,387.6,243,630.6
12/31/2025 9:00,8746,444.721,223,667.721
12/31/2025 10:00,8747,483.118,223,706.118
12/31/2025 11:00,8748,509.584,223,732.584
12/31/2025 12:00,8749,516.759,213,729.759
12/31/2025 13:00,8750,545.968,213,758.968
12/31/2025 14:00,8751,495.599,223,718.599
12/31/2025 15:00,8752,446.429,223,669.429
12/31/2025 16:00,8753,369.169,259,628.169
12/31/2025 17:00,8754,574.134,246.5,820.634
12/31/2025 18:00,8755,732.062,236.5,968.562
12/31/2025 19:00,8756,852.012,206.5,1058.512
12/31/2025 20:00,8757,796.857,176.5,973.357
12/31/2025 21:00,8758,709.652,166.5,876.152
12/31/2025 22:00,8759,560.444,156.5,716.944
12/31/2025 23:00,8760,417.854,146.5,564.354
