hour,grid_available,outage_cause
1,1,none
2,1,none
3,1,none
4,1,none
5,1,none
6,1,none
7,1,none
8,1,none
9,1,none
10,1,none
11,1,none
12,1,none
13,1,none
14,1,none
15,1,none
16,1,none
17,1,none
18,1,none
19,1,none
20,1,none
21,1,none
22,0,shedding
23,1,none
24,1,none
25,1,none
26,1,none
27,1,none
28,1,none
29,1,none
30,1,none
31,1,none
32,1,none
33,1,none
34,1,none
35,1,none
36,1,none
37,1,none
38,1,none
39,1,none
40,1,none
41,1,none
42,1,none
43,1,none
44,1,none
45,1,none
46,1,none
47,0,shedding
48,1,none
49,1,none
50,1,none
51,1,none
52,1,none
53,1,none
54,1,none
55,1,none
56,1,none
57,1,none
58,1,none
59,0,shedding
60,1,none
61,1,none
62,1,none
63,1,none
64,1,none
65,1,none
66,1,none
67,1,none
68,1,none
69,1,none
70,1,none
71,1,none
72,1,none
73,1,none
74,1,none
75,1,none
76,1,none
77,1,none
78,1,none
79,1,none
80,1,none
81,1,none
82,1,none
83,1,none
84,1,none
85,1,none
86,1,none
87,1,none
88,1,none
89,1,none
90,1,none
91,1,none
92,0,shedding
93,0,shedding
94,1,none
95,1,none
96,1,none
97,1,none
98,1,none
99,1,none
100,1,none
101,1,none
102,1,none
103,0,shedding
104,1,none
105,1,none
106,1,none
107,1,none
108,1,none
109,1,none
110,1,none
111,1,none
112,1,none
113,1,none
114,1,none
115,0,shedding
116,1,none
117,1,none
118,1,none
119,1,none
120,1,none
121,1,none
122,1,none
123,1,none
124,1,none
125,1,none
126,1,none
127,1,none
128,1,none
129,1,none
130,1,none
131,1,none
132,1,none
133,1,none
134,1,none
135,1,none
136,1,none
137,1,none
138,1,none
139,1,none
140,1,none
141,0,shedding
142,1,none
143,1,none
144,1,none
145,1,none
146,1,none
147,1,none
148,1,none
149,1,none
150,1,none
151,1,none
152,1,none
153,1,none
154,1,none
155,1,none
156,1,none
157,1,none
158,1,none
159,1,none
160,1,none
161,1,none
162,1,none
163,1,none
164,1,none
165,0,shedding
166,0,shedding
167,1,none
168,1,none
169,1,none
170,1,none
171,1,none
172,1,none
173,1,none
174,1,none
175,1,none
176,1,none
177,1,none
178,1,none
179,1,none
180,1,none
181,1,none
182,1,none
183,1,none
184,1,none
185,1,none
186,1,none
187,1,none
188,1,none
189,1,none
190,1,none
191,1,none
192,1,none
193,1,none
194,1,none
195,1,none
196,1,none
197,1,none
198,1,none
199,1,none
200,1,none
201,1,none
202,1,none
203,1,none
204,1,none
205,1,none
206,1,none
207,1,none
208,1,none
209,1,none
210,1,none
211,1,none
212,0,shedding
213,1,none
214,0,shedding
215,1,none
216,1,none
217,1,none
218,1,none
219,1,none
220,1,none
221,1,none
222,1,none
223,1,none
224,1,none
225,1,none
226,1,none
227,1,none
228,1,none
229,1,none
230,1,none
231,1,none
232,1,none
233,1,none
234,0,shedding
235,1,none
236,1,none
237,1,none
238,1,none
239,1,none
240,1,none
241,1,none
242,1,none
243,1,none
244,1,none
245,1,none
246,1,none
247,1,none
248,1,none
249,1,none
250,1,none
251,1,none
252,0,shedding
253,1,none
254,1,none
255,1,none
256,1,none
257,1,none
258,1,none
259,0,shedding
260,1,none
261,1,none
262,1,none
263,1,none
264,1,none
265,1,none
266,1,none
267,1,none
268,1,none
269,1,none
270,1,none
271,1,none
272,1,none
273,1,none
274,1,none
275,1,none
276,1,none
277,0,shedding
278,1,none
279,1,none
280,1,none
281,1,none
282,1,none
283,1,none
284,1,none
285,0,shedding
286,1,none
287,1,none
288,1,none
289,1,none
290,1,none
291,1,none
292,1,none
293,1,none
294,1,none
295,1,none
296,1,none
297,1,none
298,1,none
299,1,none
300,1,none
301,1,none
302,1,none
303,0,shedding
304,1,none
305,1,none
306,1,none
307,1,none
308,1,none
309,0,shedding
310,1,none
311,1,none
312,1,none
313,1,none
314,1,none
315,1,none
316,1,none
317,1,none
318,1,none
319,1,none
320,1,none
321,1,none
322,1,none
323,1,none
324,1,none
325,1,none
326,1,none
327,1,none
328,1,none
329,1,none
330,1,none
331,1,none
332,1,none
333,1,none
334,1,none
335,1,none
336,1,none
337,1,none
338,1,none
339,1,none
340,1,none
341,1,none
342,1,none
343,1,none
344,1,none
345,1,none
346,1,none
347,1,none
348,1,none
349,1,none
350,1,none
351,1,none
352,1,none
353,1,none
354,1,none
355,1,none
356,1,none
357,1,none
358,1,none
359,1,none
360,1,none
361,1,none
362,1,none
363,1,none
364,1,none
365,1,none
366,1,none
367,1,none
368,1,none
369,1,none
370,1,none
371,1,none
372,1,none
373,1,none
374,1,none
375,1,none
376,1,none
377,1,none
378,1,none
379,1,none
380,1,none
381,1,none
382,1,none
383,1,none
384,1,none
385,1,none
386,1,none
387,1,none
388,1,none
389,1,none
390,1,none
391,1,none
392,1,none
393,1,none
394,1,none
395,1,none
396,1,none
397,1,none
398,1,none
399,0,shedding
400,1,none
401,1,none
402,1,none
403,1,none
404,1,none
405,0,shedding
406,1,none
407,1,none
408,1,none
409,1,none
410,1,none
411,1,none
412,1,none
413,1,none
414,1,none
415,1,none
416,1,none
417,1,none
418,0,shedding
419,1,none
420,1,none
421,1,none
422,1,none
423,1,none
424,1,none
425,1,none
426,1,none
427,1,none
428,1,none
429,1,none
430,1,none
431,1,none
432,1,none
433,1,none
434,1,none
435,1,none
436,1,none
437,1,none
438,1,none
439,1,none
440,1,none
441,1,none
442,1,none
443,1,none
444,1,none
445,1,none
446,1,none
447,1,none
448,1,none
449,1,none
450,0,shedding
451,1,none
452,1,none
453,0,shedding
454,1,none
455,1,none
456,1,none
457,1,none
458,1,none
459,1,none
460,1,none
461,0,shedding
462,1,none
463,1,none
464,1,none
465,1,none
466,1,none
467,1,none
468,1,none
469,1,none
470,1,none
471,1,none
472,1,none
473,1,none
474,1,none
475,0,shedding
476,1,none
477,1,none
478,1,none
479,1,none
480,1,none
481,1,none
482,1,none
483,1,none
484,1,none
485,1,none
486,1,none
487,1,none
488,1,none
489,1,none
490,1,none
491,1,none
492,1,none
493,1,none
494,1,none
495,1,none
496,1,none
497,1,none
498,1,none
499,1,none
500,1,none
501,1,none
502,1,none
503,1,none
504,1,none
505,1,none
506,1,none
507,1,none
508,1,none
509,1,none
510,1,none
511,1,none
512,1,none
513,1,none
514,1,none
515,1,none
516,1,none
517,0,shedding
518,1,none
519,1,none
520,1,none
521,1,none
522,1,none
523,1,none
524,1,none
525,1,none
526,1,none
527,1,none
528,1,none
529,1,none
530,1,none
531,1,none
532,1,none
533,1,none
534,1,none
535,1,none
536,1,none
537,1,none
538,1,none
539,1,none
540,1,none
541,1,none
542,1,none
543,1,none
544,1,none
545,1,none
546,1,none
547,1,none
548,1,none
549,1,none
550,1,none
551,1,none
552,1,none
553,1,none
554,1,none
555,1,none
556,1,none
557,1,none
558,1,none
559,1,none
560,1,none
561,1,none
562,1,none
563,1,none
564,1,none
565,1,none
566,1,none
567,1,none
568,1,none
569,1,none
570,1,none
571,1,none
572,1,none
573,1,none
574,1,none
575,1,none
576,1,none
577,1,none
578,1,none
579,1,none
580,1,none
581,1,none
582,1,none
583,1,none
584,1,none
585,1,none
586,1,none
587,1,none
588,1,none
589,1,none
590,1,none
591,1,none
592,1,none
593,1,none
594,1,none
595,1,none
596,1,none
597,1,none
598,1,none
599,1,none
600,1,none
601,1,none
602,1,none
603,1,none
604,1,none
605,1,none
606,1,none
607,1,none
608,1,none
609,1,none
610,1,none
611,1,none
612,1,none
613,1,none
614,1,none
615,1,none
616,1,none
617,1,none
618,1,none
619,1,none
620,1,none
621,0,shedding
622,1,none
623,1,none
624,1,none
625,1,none
626,1,none
627,1,none
628,1,none
629,1,none
630,1,none
631,1,none
632,1,none
633,1,none
634,1,none
635,1,none
636,1,none
637,1,none
638,1,none
639,1,none
640,1,none
641,1,none
642,1,none
643,1,none
644,1,none
645,0,shedding
646,1,none
647,1,none
648,1,none
649,1,none
650,1,none
651,1,none
652,1,none
653,1,none
654,1,none
655,1,none
656,1,none
657,1,none
658,1,none
659,1,none
660,1,none
661,1,none
662,1,none
663,1,none
664,1,none
665,1,none
666,1,none
667,1,none
668,1,none
669,1,none
670,1,none
671,1,none
672,1,none
673,1,none
674,1,none
675,1,none
676,1,none
677,1,none
678,1,none
679,1,none
680,1,none
681,1,none
682,1,none
683,1,none
684,1,none
685,1,none
686,1,none
687,1,none
688,1,none
689,1,none
690,1,none
691,1,none
692,1,none
693,1,none
694,1,none
695,1,none
696,1,none
697,1,none
698,1,none
699,1,none
700,1,none
701,1,none
702,1,none
703,1,none
704,1,none
705,1,none
706,1,none
707,1,none
708,1,none
709,1,none
710,1,none
711,1,none
712,1,none
713,1,none
714,1,none
715,1,none
716,1,none
717,1,none
718,1,none
719,1,none
720,1,none
721,1,none
722,1,none
723,1,none
724,1,none
725,1,none
726,1,none
727,1,none
728,1,none
729,0,shedding
730,1,none
731,1,none
732,1,none
733,1,none
734,1,none
735,1,none
736,1,none
737,1,none
738,1,none
739,0,shedding
740,1,none
741,1,none
742,1,none
743,1,none
744,1,none
745,1,none
746,1,none
747,1,none
748,1,none
749,1,none
750,1,none
751,1,none
752,1,none
753,1,none
754,1,none
755,1,none
756,1,none
757,1,none
758,1,none
759,1,none
760,0,shedding
761,1,none
762,1,none
763,1,none
764,0,shedding
765,1,none
766,1,none
767,1,none
768,1,none
769,1,none
770,1,none
771,1,none
772,1,none
773,1,none
774,1,none
775,1,none
776,1,none
777,1,none
778,0,shedding
779,1,none
780,1,none
781,1,none
782,1,none
783,1,none
784,1,none
785,1,none
786,1,none
787,1,none
788,1,none
789,1,none
790,1,none
791,1,none
792,1,none
793,1,none
794,1,none
795,1,none
796,1,none
797,1,none
798,1,none
799,1,none
800,1,none
801,1,none
802,1,none
803,1,none
804,1,none
805,1,none
806,0,shedding
807,1,none
808,1,none
809,1,none
810,1,none
811,1,none
812,1,none
813,1,none
814,1,none
815,0,shedding
816,1,none
817,1,none
818,1,none
819,1,none
820,1,none
821,1,none
822,1,none
823,1,none
824,1,none
825,0,shedding
826,1,none
827,1,none
828,1,none
829,1,none
830,1,none
831,0,shedding
832,1,none
833,1,none
834,1,none
835,1,none
836,1,none
837,1,none
838,1,none
839,1,none
840,1,none
841,1,none
842,1,none
843,1,none
844,1,none
845,1,none
846,1,none
847,1,none
848,1,none
849,1,none
850,0,shedding
851,1,none
852,1,none
853,1,none
854,1,none
855,1,none
856,1,none
857,1,none
858,1,none
859,1,none
860,0,shedding
861,1,none
862,0,shedding
863,1,none
864,1,none
865,1,none
866,1,none
867,1,none
868,1,none
869,1,none
870,1,none
871,1,none
872,1,none
873,1,none
874,1,none
875,1,none
876,1,none
877,1,none
878,1,none
879,1,none
880,1,none
881,1,none
882,0,shedding
883,1,none
884,1,none
885,1,none
886,1,none
887,1,none
888,1,none
889,1,none
890,1,none
891,1,none
892,1,none
893,1,none
894,1,none
895,0,shedding
896,1,none
897,1,none
898,1,none
899,0,shedding
900,1,none
901,1,none
902,0,shedding
903,1,none
904,1,none
905,1,none
906,1,none
907,0,shedding
908,1,none
909,1,none
910,1,none
911,1,none
912,1,none
913,1,none
914,1,none
915,1,none
916,1,none
917,1,none
918,1,none
919,1,none
920,1,none
921,1,none
922,1,none
923,1,none
924,1,none
925,1,none
926,1,none
927,1,none
928,1,none
929,1,none
930,1,none
931,1,none
932,1,none
933,1,none
934,1,none
935,1,none
936,1,none
937,1,none
938,1,none
939,1,none
940,1,none
941,1,none
942,1,none
943,1,none
944,1,none
945,1,none
946,1,none
947,1,none
948,1,none
949,1,none
950,1,none
951,1,none
952,1,none
953,1,none
954,1,none
955,1,none
956,1,none
957,1,none
958,0,shedding
959,1,none
960,1,none
961,1,none
962,1,none
963,1,none
964,1,none
965,1,none
966,1,none
967,1,none
968,1,none
969,1,none
970,1,none
971,1,none
972,1,none
973,1,none
974,1,none
975,1,none
976,1,none
977,1,none
978,1,none
979,1,none
980,0,shedding
981,1,none
982,1,none
983,1,none
984,1,none
985,1,none
986,1,none
987,1,none
988,1,none
989,1,none
990,1,none
991,1,none
992,1,none
993,1,none
994,1,none
995,1,none
996,1,none
997,1,none
998,1,none
999,1,none
1000,1,none
1001,1,none
1002,1,none
1003,1,none
1004,1,none
1005,1,none
1006,1,none
1007,1,none
1008,1,none
1009,1,none
1010,1,none
1011,1,none
1012,1,none
1013,1,none
1014,1,none
1015,1,none
1016,1,none
1017,1,none
1018,1,none
1019,1,none
1020,1,none
1021,1,none
1022,1,none
1023,1,none
1024,1,none
1025,1,none
1026,1,none
1027,1,none
1028,1,none
1029,0,shedding
1030,1,none
1031,1,none
1032,1,none
1033,1,none
1034,1,none
1035,1,none
1036,1,none
1037,1,none
1038,1,none
1039,1,none
1040,1,none
1041,1,none
1042,1,none
1043,1,none
1044,1,none
1045,1,none
1046,1,none
1047,1,none
1048,1,none
1049,1,none
1050,1,none
1051,1,none
1052,1,none
1053,1,none
1054,1,none
1055,1,none
1056,1,none
1057,1,none
1058,0,shedding
1059,1,none
1060,1,none
1061,1,none
1062,1,none
1063,1,none
1064,1,none
1065,1,none
1066,1,none
1067,1,none
1068,1,none
1069,0,shedding
1070,1,none
1071,1,none
1072,0,shedding
1073,0,shedding
1074,1,none
1075,1,none
1076,0,shedding
1077,1,none
1078,1,none
1079,0,shedding
1080,1,none
1081,1,none
1082,1,none
1083,1,none
1084,1,none
1085,1,none
1086,1,none
1087,1,none
1088,1,none
1089,1,none
1090,1,none
1091,0,maintenance
1092,0,maintenance
1093,0,maintenance
1094,0,maintenance
1095,0,maintenance
1096,0,maintenance
1097,0,maintenance
1098,1,none
1099,1,none
1100,1,none
1101,1,none
1102,1,none
1103,1,none
1104,1,none
1105,1,none
1106,1,none
1107,1,none
1108,1,none
1109,1,none
1110,1,none
1111,1,none
1112,0,shedding
1113,1,none
1114,1,none
1115,1,none
1116,1,none
1117,1,none
1118,1,none
1119,1,none
1120,1,none
1121,1,none
1122,1,none
1123,1,none
1124,1,none
1125,0,shedding
1126,1,none
1127,1,none
1128,1,none
1129,1,none
1130,1,none
1131,1,none
1132,1,none
1133,1,none
1134,0,shedding
1135,1,none
1136,1,none
1137,1,none
1138,1,none
1139,1,none
1140,1,none
1141,1,none
1142,1,none
1143,1,none
1144,1,none
1145,1,none
1146,1,none
1147,1,none
1148,1,none
1149,1,none
1150,1,none
1151,1,none
1152,1,none
1153,1,none
1154,1,none
1155,1,none
1156,1,none
1157,1,none
1158,1,none
1159,1,none
1160,1,none
1161,0,shedding
1162,1,none
1163,1,none
1164,1,none
1165,1,none
1166,0,shedding
1167,1,none
1168,1,none
1169,1,none
1170,1,none
1171,0,shedding
1172,1,none
1173,1,none
1174,1,none
1175,0,shedding
1176,1,none
1177,1,none
1178,1,none
1179,1,none
1180,1,none
1181,1,none
1182,1,none
1183,1,none
1184,1,none
1185,1,none
1186,1,none
1187,1,none
1188,1,none
1189,1,none
1190,1,none
1191,1,none
1192,1,none
1193,1,none
1194,0,shedding
1195,1,none
1196,1,none
1197,1,none
1198,1,none
1199,1,none
1200,0,shedding
1201,1,none
1202,1,none
1203,1,none
1204,1,none
1205,1,none
1206,1,none
1207,1,none
1208,1,none
1209,1,none
1210,1,none
1211,0,shedding
1212,0,shedding
1213,1,none
1214,1,none
1215,1,none
1216,1,none
1217,1,none
1218,1,none
1219,0,shedding
1220,0,shedding
1221,1,none
1222,1,none
1223,1,none
1224,1,none
1225,1,none
1226,1,none
1227,1,none
1228,1,none
1229,1,none
1230,1,none
1231,1,none
1232,1,none
1233,0,shedding
1234,1,none
1235,1,none
1236,1,none
1237,1,none
1238,1,none
1239,1,none
1240,1,none
1241,1,none
1242,1,none
1243,1,none
1244,1,none
1245,0,shedding
1246,1,none
1247,1,none
1248,1,none
1249,1,none
1250,1,none
1251,1,none
1252,1,none
1253,1,none
1254,1,none
1255,1,none
1256,1,none
1257,1,none
1258,1,none
1259,1,none
1260,1,none
1261,1,none
1262,0,shedding
1263,1,none
1264,1,none
1265,1,none
1266,1,none
1267,1,none
1268,1,none
1269,1,none
1270,1,none
1271,1,none
1272,1,none
1273,1,none
1274,1,none
1275,1,none
1276,1,none
1277,1,none
1278,1,none
1279,1,none
1280,1,none
1281,0,maintenance
1282,0,maintenance
1283,0,maintenance
1284,0,maintenance
1285,0,maintenance
1286,0,maintenance
1287,0,maintenance
1288,1,none
1289,1,none
1290,1,none
1291,1,none
1292,1,none
1293,1,none
1294,1,none
1295,1,none
1296,1,none
1297,1,none
1298,1,none
1299,1,none
1300,1,none
1301,1,none
1302,1,none
1303,1,none
1304,1,none
1305,1,none
1306,1,none
1307,1,none
1308,1,none
1309,1,none
1310,1,none
1311,1,none
1312,1,none
1313,1,none
1314,1,none
1315,1,none
1316,0,shedding
1317,1,none
1318,0,shedding
1319,1,none
1320,1,none
1321,1,none
1322,1,none
1323,1,none
1324,1,none
1325,1,none
1326,1,none
1327,1,none
1328,1,none
1329,1,none
1330,1,none
1331,1,none
1332,1,none
1333,1,none
1334,1,none
1335,1,none
1336,1,none
1337,1,none
1338,1,none
1339,1,none
1340,1,none
1341,1,none
1342,1,none
1343,1,none
1344,1,none
1345,1,none
1346,1,none
1347,1,none
1348,1,none
1349,1,none
1350,1,none
1351,1,none
1352,1,none
1353,1,none
1354,1,none
1355,1,none
1356,1,none
1357,1,none
1358,1,none
1359,1,none
1360,1,none
1361,1,none
1362,0,shedding
1363,0,shedding
1364,1,none
1365,1,none
1366,1,none
1367,1,none
1368,1,none
1369,1,none
1370,1,none
1371,1,none
1372,1,none
1373,1,none
1374,1,none
1375,1,none
1376,1,none
1377,1,none
1378,1,none
1379,1,none
1380,1,none
1381,1,none
1382,1,none
1383,1,none
1384,1,none
1385,1,none
1386,1,none
1387,1,none
1388,1,none
1389,1,none
1390,1,none
1391,1,none
1392,1,none
1393,1,none
1394,1,none
1395,1,none
1396,1,none
1397,1,none
1398,1,none
1399,1,none
1400,1,none
1401,1,none
1402,1,none
1403,1,none
1404,1,none
1405,1,none
1406,1,none
1407,1,none
1408,1,none
1409,1,none
1410,1,none
1411,1,none
1412,1,none
1413,1,none
1414,1,none
1415,1,none
1416,1,none
1417,1,none
1418,1,none
1419,1,none
1420,1,none
1421,1,none
1422,1,none
1423,1,none
1424,1,none
1425,1,none
1426,1,none
1427,1,none
1428,1,none
1429,1,none
1430,0,shedding
1431,1,none
1432,1,none
1433,1,none
1434,1,none
1435,0,shedding
1436,1,none
1437,0,shedding
1438,1,none
1439,1,none
1440,1,none
1441,1,none
1442,1,none
1443,1,none
1444,1,none
1445,1,none
1446,1,none
1447,1,none
1448,1,none
1449,0,shedding
1450,1,none
1451,1,none
1452,1,none
1453,1,none
1454,1,none
1455,1,none
1456,1,none
1457,1,none
1458,1,none
1459,1,none
1460,1,none
1461,0,shedding
1462,1,none
1463,1,none
1464,1,none
1465,1,none
1466,1,none
1467,1,none
1468,1,none
1469,1,none
1470,1,none
1471,1,none
1472,1,none
1473,1,none
1474,1,none
1475,1,none
1476,1,none
1477,1,none
1478,1,none
1479,1,none
1480,1,none
1481,1,none
1482,1,none
1483,0,shedding
1484,1,none
1485,0,shedding
1486,1,none
1487,0,shedding
1488,1,none
1489,1,none
1490,1,none
1491,1,none
1492,1,none
1493,1,none
1494,1,none
1495,1,none
1496,1,none
1497,1,none
1498,1,none
1499,1,none
1500,1,none
1501,1,none
1502,1,none
1503,1,none
1504,1,none
1505,1,none
1506,1,none
1507,0,shedding
1508,1,none
1509,0,shedding
1510,1,none
1511,1,none
1512,1,none
1513,1,none
1514,1,none
1515,1,none
1516,1,none
1517,1,none
1518,1,none
1519,1,none
1520,1,none
1521,1,none
1522,1,none
1523,1,none
1524,1,none
1525,1,none
1526,1,none
1527,1,none
1528,1,none
1529,1,none
1530,1,none
1531,1,none
1532,1,none
1533,1,none
1534,1,none
1535,1,none
1536,1,none
1537,1,none
1538,1,none
1539,1,none
1540,1,none
1541,1,none
1542,1,none
1543,1,none
1544,1,none
1545,1,none
1546,1,none
1547,1,none
1548,1,none
1549,1,none
1550,1,none
1551,1,none
1552,1,none
1553,1,none
1554,1,none
1555,0,shedding
1556,0,shedding
1557,1,none
1558,1,none
1559,0,shedding
1560,1,none
1561,1,none
1562,1,none
1563,1,none
1564,1,none
1565,1,none
1566,1,none
1567,1,none
1568,1,none
1569,1,none
1570,1,none
1571,1,none
1572,1,none
1573,1,none
1574,1,none
1575,1,none
1576,1,none
1577,1,none
1578,1,none
1579,1,none
1580,1,none
1581,0,shedding
1582,1,none
1583,1,none
1584,1,none
1585,1,none
1586,1,none
1587,1,none
1588,1,none
1589,1,none
1590,1,none
1591,1,none
1592,1,none
1593,1,none
1594,1,none
1595,1,none
1596,1,none
1597,1,none
1598,1,none
1599,1,none
1600,1,none
1601,1,none
1602,1,none
1603,1,none
1604,1,none
1605,1,none
1606,1,none
1607,1,none
1608,1,none
1609,1,none
1610,1,none
1611,1,none
1612,1,none
1613,1,none
1614,1,none
1615,1,none
1616,1,none
1617,1,none
1618,1,none
1619,1,none
1620,1,none
1621,1,none
1622,1,none
1623,1,none
1624,1,none
1625,1,none
1626,1,none
1627,1,none
1628,1,none
1629,1,none
1630,1,none
1631,1,none
1632,1,none
1633,1,none
1634,1,none
1635,1,none
1636,1,none
1637,1,none
1638,1,none
1639,1,none
1640,1,none
1641,1,none
1642,1,none
1643,1,none
1644,1,none
1645,1,none
1646,1,none
1647,1,none
1648,1,none
1649,1,none
1650,1,none
1651,0,shedding
1652,1,none
1653,0,shedding
1654,1,none
1655,1,none
1656,1,none
1657,1,none
1658,1,none
1659,0,shedding
1660,1,none
1661,0,shedding
1662,1,none
1663,1,none
1664,1,none
1665,1,none
1666,1,none
1667,1,none
1668,0,shedding
1669,1,none
1670,0,shedding
1671,1,none
1672,0,shedding
1673,1,none
1674,1,none
1675,0,shedding
1676,1,none
1677,0,shedding
1678,1,none
1679,1,none
1680,1,none
1681,1,none
1682,1,none
1683,0,shedding
1684,1,none
1685,1,none
1686,1,none
1687,1,none
1688,0,shedding
1689,0,shedding
1690,1,none
1691,0,shedding
1692,1,none
1693,0,shedding
1694,1,none
1695,0,shedding
1696,1,none
1697,1,none
1698,1,none
1699,1,none
1700,1,none
1701,1,none
1702,1,none
1703,1,none
1704,1,none
1705,1,none
1706,1,none
1707,1,none
1708,1,none
1709,1,none
1710,1,none
1711,1,none
1712,1,none
1713,1,none
1714,1,none
1715,1,none
1716,1,none
1717,1,none
1718,0,shedding
1719,1,none
1720,1,none
1721,1,none
1722,1,none
1723,1,none
1724,0,shedding
1725,1,none
1726,1,none
1727,1,none
1728,1,none
1729,1,none
1730,1,none
1731,1,none
1732,1,none
1733,1,none
1734,1,none
1735,0,shedding
1736,1,none
1737,1,none
1738,1,none
1739,1,none
1740,1,none
1741,0,shedding
1742,1,none
1743,1,none
1744,1,none
1745,1,none
1746,0,shedding
1747,1,none
1748,1,none
1749,1,none
1750,1,none
1751,1,none
1752,1,none
1753,1,none
1754,1,none
1755,1,none
1756,1,none
1757,1,none
1758,0,shedding
1759,1,none
1760,1,none
1761,0,shedding
1762,1,none
1763,0,shedding
1764,1,none
1765,1,none
1766,1,none
1767,1,none
1768,1,none
1769,1,none
1770,1,none
1771,1,none
1772,0,shedding
1773,1,none
1774,0,shedding
1775,1,none
1776,1,none
1777,1,none
1778,1,none
1779,1,none
1780,1,none
1781,1,none
1782,1,none
1783,1,none
1784,1,none
1785,1,none
1786,1,none
1787,1,none
1788,1,none
1789,1,none
1790,1,none
1791,1,none
1792,1,none
1793,1,none
1794,1,none
1795,0,shedding
1796,1,none
1797,0,shedding
1798,0,shedding
1799,1,none
1800,1,none
1801,1,none
1802,1,none
1803,1,none
1804,1,none
1805,1,none
1806,1,none
1807,1,none
1808,1,none
1809,1,none
1810,1,none
1811,1,none
1812,1,none
1813,1,none
1814,1,none
1815,1,none
1816,1,none
1817,0,shedding
1818,1,none
1819,0,shedding
1820,1,none
1821,1,none
1822,1,none
1823,1,none
1824,1,none
1825,1,none
1826,1,none
1827,1,none
1828,1,none
1829,1,none
1830,1,none
1831,1,none
1832,1,none
1833,1,none
1834,1,none
1835,1,none
1836,1,none
1837,1,none
1838,1,none
1839,1,none
1840,1,none
1841,1,none
1842,0,shedding
1843,1,none
1844,1,none
1845,1,none
1846,1,none
1847,1,none
1848,1,none
1849,1,none
1850,1,none
1851,1,none
1852,1,none
1853,1,none
1854,1,none
1855,1,none
1856,1,none
1857,1,none
1858,1,none
1859,1,none
1860,0,shedding
1861,1,none
1862,1,none
1863,1,none
1864,1,none
1865,1,none
1866,0,shedding
1867,1,none
1868,0,shedding
1869,1,none
1870,1,none
1871,1,none
1872,1,none
1873,1,none
1874,1,none
1875,1,none
1876,1,none
1877,1,none
1878,1,none
1879,1,none
1880,1,none
1881,1,none
1882,1,none
1883,1,none
1884,0,shedding
1885,1,none
1886,1,none
1887,1,none
1888,1,none
1889,1,none
1890,1,none
1891,1,none
1892,0,shedding
1893,1,none
1894,1,none
1895,1,none
1896,1,none
1897,1,none
1898,1,none
1899,1,none
1900,1,none
1901,1,none
1902,1,none
1903,1,none
1904,1,none
1905,1,none
1906,1,none
1907,1,none
1908,1,none
1909,1,none
1910,0,shedding
1911,1,none
1912,1,none
1913,1,none
1914,1,none
1915,0,shedding
1916,1,none
1917,1,none
1918,0,shedding
1919,1,none
1920,1,none
1921,1,none
1922,1,none
1923,1,none
1924,1,none
1925,1,none
1926,1,none
1927,1,none
1928,1,none
1929,1,none
1930,1,none
1931,1,none
1932,1,none
1933,1,none
1934,1,none
1935,0,shedding
1936,1,none
1937,1,none
1938,1,none
1939,1,none
1940,1,none
1941,0,shedding
1942,1,none
1943,1,none
1944,1,none
1945,1,none
1946,1,none
1947,1,none
1948,1,none
1949,1,none
1950,1,none
1951,0,shedding
1952,1,none
1953,0,shedding
1954,1,none
1955,1,none
1956,1,none
1957,1,none
1958,1,none
1959,1,none
1960,1,none
1961,1,none
1962,1,none
1963,1,none
1964,1,none
1965,0,shedding
1966,1,none
1967,0,shedding
1968,1,none
1969,1,none
1970,1,none
1971,1,none
1972,1,none
1973,1,none
1974,1,none
1975,1,none
1976,1,none
1977,1,none
1978,1,none
1979,1,none
1980,1,none
1981,1,none
1982,1,none
1983,1,none
1984,1,none
1985,1,none
1986,1,none
1987,1,none
1988,1,none
1989,0,shedding
1990,1,none
1991,1,none
1992,1,none
1993,1,none
1994,1,none
1995,1,none
1996,1,none
1997,1,none
1998,1,none
1999,1,none
2000,1,none
2001,1,none
2002,1,none
2003,1,none
2004,1,none
2005,1,none
2006,0,shedding
2007,1,none
2008,1,none
2009,1,none
2010,1,none
2011,1,none
2012,0,shedding
2013,0,shedding
2014,1,none
2015,1,none
2016,1,none
2017,1,none
2018,1,none
2019,1,none
2020,1,none
2021,1,none
2022,1,none
2023,1,none
2024,1,none
2025,1,none
2026,1,none
2027,1,none
2028,1,none
2029,1,none
2030,1,none
2031,1,none
2032,1,none
2033,1,none
2034,1,none
2035,1,none
2036,1,none
2037,1,none
2038,1,none
2039,1,none
2040,1,none
2041,1,none
2042,1,none
2043,1,none
2044,1,none
2045,1,none
2046,1,none
2047,1,none
2048,1,none
2049,1,none
2050,1,none
2051,1,none
2052,1,none
2053,1,none
2054,1,none
2055,0,shedding
2056,1,none
2057,1,none
2058,1,none
2059,1,none
2060,0,shedding
2061,1,none
2062,1,none
2063,1,none
2064,1,none
2065,1,none
2066,1,none
2067,1,none
2068,1,none
2069,1,none
2070,1,none
2071,0,shedding
2072,1,none
2073,1,none
2074,1,none
2075,1,none
2076,1,none
2077,1,none
2078,1,none
2079,1,none
2080,1,none
2081,1,none
2082,1,none
2083,1,none
2084,0,shedding
2085,1,none
2086,1,none
2087,0,shedding
2088,1,none
2089,1,none
2090,1,none
2091,1,none
2092,1,none
2093,1,none
2094,1,none
2095,1,none
2096,1,none
2097,1,none
2098,1,none
2099,1,none
2100,1,none
2101,1,none
2102,1,none
2103,1,none
2104,1,none
2105,1,none
2106,1,none
2107,1,none
2108,1,none
2109,1,none
2110,1,none
2111,1,none
2112,1,none
2113,1,none
2114,1,none
2115,1,none
2116,1,none
2117,1,none
2118,1,none
2119,1,none
2120,1,none
2121,1,none
2122,1,none
2123,1,none
2124,1,none
2125,1,none
2126,1,none
2127,1,none
2128,1,none
2129,1,none
2130,1,none
2131,1,none
2132,1,none
2133,1,none
2134,1,none
2135,1,none
2136,1,none
2137,1,none
2138,1,none
2139,1,none
2140,1,none
2141,1,none
2142,1,none
2143,1,none
2144,1,none
2145,0,shedding
2146,1,none
2147,1,none
2148,0,shedding
2149,1,none
2150,1,none
2151,1,none
2152,1,none
2153,1,none
2154,1,none
2155,0,shedding
2156,1,none
2157,1,none
2158,0,shedding
2159,1,none
2160,1,none
2161,1,none
2162,1,none
2163,1,none
2164,1,none
2165,1,none
2166,1,none
2167,1,none
2168,1,none
2169,1,none
2170,1,none
2171,1,none
2172,1,none
2173,0,shedding
2174,0,shedding
2175,1,none
2176,1,none
2177,1,none
2178,1,none
2179,0,shedding
2180,1,none
2181,1,none
2182,1,none
2183,1,none
2184,1,none
2185,1,none
2186,1,none
2187,1,none
2188,1,none
2189,1,none
2190,1,none
2191,1,none
2192,1,none
2193,1,none
2194,1,none
2195,1,none
2196,1,none
2197,1,none
2198,1,none
2199,1,none
2200,1,none
2201,1,none
2202,1,none
2203,1,none
2204,1,none
2205,0,shedding
2206,0,shedding
2207,1,none
2208,1,none
2209,1,none
2210,1,none
2211,1,none
2212,1,none
2213,1,none
2214,1,none
2215,1,none
2216,1,none
2217,1,none
2218,1,none
2219,1,none
2220,1,none
2221,1,none
2222,1,none
2223,1,none
2224,1,none
2225,1,none
2226,1,none
2227,1,none
2228,0,shedding
2229,0,shedding
2230,1,none
2231,0,shedding
2232,1,none
2233,1,none
2234,1,none
2235,1,none
2236,1,none
2237,1,none
2238,1,none
2239,1,none
2240,1,none
2241,0,shedding
2242,1,none
2243,0,shedding
2244,1,none
2245,0,shedding
2246,1,none
2247,0,shedding
2248,1,none
2249,1,none
2250,0,shedding
2251,1,none
2252,0,shedding
2253,1,none
2254,0,shedding
2255,1,none
2256,1,none
2257,1,none
2258,1,none
2259,1,none
2260,1,none
2261,1,none
2262,1,none
2263,1,none
2264,1,none
2265,1,none
2266,1,none
2267,1,none
2268,1,none
2269,1,none
2270,1,none
2271,1,none
2272,1,none
2273,1,none
2274,1,none
2275,1,none
2276,1,none
2277,1,none
2278,0,shedding
2279,1,none
2280,1,none
2281,1,none
2282,1,none
2283,1,none
2284,1,none
2285,1,none
2286,1,none
2287,0,shedding
2288,1,none
2289,1,none
2290,1,none
2291,1,none
2292,1,none
2293,1,none
2294,1,none
2295,1,none
2296,0,shedding
2297,0,shedding
2298,1,none
2299,1,none
2300,0,shedding
2301,1,none
2302,1,none
2303,1,none
2304,1,none
2305,1,none
2306,0,shedding
2307,1,none
2308,1,none
2309,1,none
2310,1,none
2311,1,none
2312,1,none
2313,1,none
2314,1,none
2315,1,none
2316,1,none
2317,0,shedding
2318,1,none
2319,1,none
2320,1,none
2321,1,none
2322,1,none
2323,0,shedding
2324,1,none
2325,1,none
2326,0,shedding
2327,1,none
2328,1,none
2329,1,none
2330,1,none
2331,1,none
2332,1,none
2333,1,none
2334,1,none
2335,1,none
2336,1,none
2337,1,none
2338,1,none
2339,1,none
2340,1,none
2341,1,none
2342,1,none
2343,1,none
2344,1,none
2345,1,none
2346,1,none
2347,1,none
2348,1,none
2349,1,none
2350,1,none
2351,1,none
2352,1,none
2353,1,none
2354,1,none
2355,1,none
2356,1,none
2357,1,none
2358,1,none
2359,1,none
2360,1,none
2361,1,none
2362,1,none
2363,1,none
2364,1,none
2365,1,none
2366,1,none
2367,1,none
2368,1,none
2369,1,none
2370,1,none
2371,1,none
2372,1,none
2373,1,none
2374,1,none
2375,1,none
2376,1,none
2377,1,none
2378,1,none
2379,1,none
2380,1,none
2381,1,none
2382,1,none
2383,1,none
2384,1,none
2385,1,none
2386,1,none
2387,1,none
2388,1,none
2389,1,none
2390,0,shedding
2391,1,none
2392,1,none
2393,1,none
2394,1,none
2395,1,none
2396,1,none
2397,1,none
2398,1,none
2399,1,none
2400,1,none
2401,1,none
2402,1,none
2403,1,none
2404,1,none
2405,1,none
2406,1,none
2407,1,none
2408,1,none
2409,1,none
2410,1,none
2411,1,none
2412,1,none
2413,1,none
2414,1,none
2415,1,none
2416,1,none
2417,1,none
2418,1,none
2419,0,shedding
2420,1,none
2421,1,none
2422,0,shedding
2423,1,none
2424,1,none
2425,1,none
2426,1,none
2427,1,none
2428,1,none
2429,1,none
2430,1,none
2431,1,none
2432,0,shedding
2433,1,none
2434,0,shedding
2435,1,none
2436,0,shedding
2437,1,none
2438,1,none
2439,1,none
2440,1,none
2441,0,shedding
2442,1,none
2443,1,none
2444,0,shedding
2445,1,none
2446,0,shedding
2447,1,none
2448,1,none
2449,1,none
2450,1,none
2451,1,none
2452,1,none
2453,1,none
2454,1,none
2455,0,shedding
2456,1,none
2457,1,none
2458,0,shedding
2459,1,none
2460,1,none
2461,0,shedding
2462,1,none
2463,1,none
2464,1,none
2465,1,none
2466,0,shedding
2467,1,none
2468,1,none
2469,0,shedding
2470,1,none
2471,0,shedding
2472,0,shedding
2473,1,none
2474,1,none
2475,1,none
2476,1,none
2477,1,none
2478,1,none
2479,1,none
2480,1,none
2481,1,none
2482,1,none
2483,0,shedding
2484,1,none
2485,1,none
2486,1,none
2487,1,none
2488,1,none
2489,1,none
2490,1,none
2491,1,none
2492,1,none
2493,1,none
2494,1,none
2495,0,shedding
2496,1,none
2497,1,none
2498,1,none
2499,1,none
2500,1,none
2501,1,none
2502,1,none
2503,1,none
2504,1,none
2505,1,none
2506,1,none
2507,1,none
2508,1,none
2509,1,none
2510,1,none
2511,1,none
2512,1,none
2513,1,none
2514,1,none
2515,1,none
2516,1,none
2517,0,shedding
2518,1,none
2519,1,none
2520,1,none
2521,1,none
2522,1,none
2523,1,none
2524,1,none
2525,1,none
2526,1,none
2527,1,none
2528,1,none
2529,1,none
2530,1,none
2531,1,none
2532,1,none
2533,1,none
2534,0,fault
2535,0,fault
2536,0,fault
2537,0,fault
2538,0,fault
2539,0,fault
2540,0,fault
2541,1,none
2542,1,none
2543,1,none
2544,1,none
2545,1,none
2546,1,none
2547,1,none
2548,1,none
2549,1,none
2550,1,none
2551,1,none
2552,1,none
2553,1,none
2554,1,none
2555,1,none
2556,1,none
2557,0,shedding
2558,1,none
2559,0,shedding
2560,1,none
2561,1,none
2562,1,none
2563,1,none
2564,0,shedding
2565,1,none
2566,1,none
2567,1,none
2568,1,none
2569,1,none
2570,1,none
2571,1,none
2572,1,none
2573,1,none
2574,1,none
2575,1,none
2576,1,none
2577,1,none
2578,1,none
2579,1,none
2580,1,none
2581,1,none
2582,1,none
2583,1,none
2584,1,none
2585,1,none
2586,1,none
2587,1,none
2588,1,none
2589,1,none
2590,1,none
2591,1,none
2592,1,none
2593,1,none
2594,1,none
2595,1,none
2596,1,none
2597,1,none
2598,1,none
2599,1,none
2600,0,shedding
2601,1,none
2602,1,none
2603,1,none
2604,0,shedding
2605,1,none
2606,0,shedding
2607,1,none
2608,1,none
2609,0,shedding
2610,1,none
2611,0,shedding
2612,1,none
2613,0,shedding
2614,1,none
2615,0,shedding
2616,1,none
2617,1,none
2618,1,none
2619,1,none
2620,1,none
2621,1,none
2622,1,none
2623,1,none
2624,1,none
2625,1,none
2626,1,none
2627,1,none
2628,1,none
2629,1,none
2630,1,none
2631,0,shedding
2632,1,none
2633,1,none
2634,1,none
2635,0,shedding
2636,0,shedding
2637,1,none
2638,1,none
2639,1,none
2640,1,none
2641,1,none
2642,1,none
2643,1,none
2644,1,none
2645,1,none
2646,1,none
2647,1,none
2648,0,shedding
2649,1,none
2650,0,shedding
2651,1,none
2652,1,none
2653,1,none
2654,1,none
2655,1,none
2656,1,none
2657,1,none
2658,1,none
2659,1,none
2660,1,none
2661,1,none
2662,0,shedding
2663,1,none
2664,1,none
2665,1,none
2666,1,none
2667,1,none
2668,1,none
2669,1,none
2670,1,none
2671,1,none
2672,1,none
2673,1,none
2674,1,none
2675,1,none
2676,1,none
2677,1,none
2678,1,none
2679,1,none
2680,1,none
2681,1,none
2682,1,none
2683,1,none
2684,1,none
2685,1,none
2686,1,none
2687,1,none
2688,1,none
2689,1,none
2690,1,none
2691,0,shedding
2692,1,none
2693,1,none
2694,1,none
2695,1,none
2696,1,none
2697,1,none
2698,1,none
2699,1,none
2700,0,shedding
2701,1,none
2702,1,none
2703,1,none
2704,1,none
2705,1,none
2706,1,none
2707,1,none
2708,0,shedding
2709,1,none
2710,0,shedding
2711,1,none
2712,1,none
2713,1,none
2714,1,none
2715,1,none
2716,1,none
2717,1,none
2718,1,none
2719,1,none
2720,1,none
2721,1,none
2722,1,none
2723,1,none
2724,1,none
2725,1,none
2726,1,none
2727,1,none
2728,1,none
2729,1,none
2730,0,shedding
2731,1,none
2732,1,none
2733,1,none
2734,1,none
2735,0,shedding
2736,1,none
2737,1,none
2738,1,none
2739,1,none
2740,1,none
2741,1,none
2742,1,none
2743,1,none
2744,1,none
2745,1,none
2746,1,none
2747,1,none
2748,1,none
2749,1,none
2750,0,shedding
2751,1,none
2752,1,none
2753,1,none
2754,1,none
2755,0,shedding
2756,1,none
2757,0,shedding
2758,1,none
2759,1,none
2760,1,none
2761,1,none
2762,1,none
2763,1,none
2764,1,none
2765,1,none
2766,1,none
2767,1,none
2768,1,none
2769,1,none
2770,1,none
2771,1,none
2772,1,none
2773,1,none
2774,1,none
2775,1,none
2776,1,none
2777,1,none
2778,1,none
2779,1,none
2780,1,none
2781,1,none
2782,1,none
2783,1,none
2784,1,none
2785,1,none
2786,1,none
2787,1,none
2788,1,none
2789,1,none
2790,1,none
2791,1,none
2792,1,none
2793,1,none
2794,1,none
2795,1,none
2796,1,none
2797,1,none
2798,1,none
2799,1,none
2800,1,none
2801,1,none
2802,0,shedding
2803,1,none
2804,1,none
2805,1,none
2806,0,shedding
2807,1,none
2808,0,shedding
2809,1,none
2810,0,shedding
2811,1,none
2812,1,none
2813,1,none
2814,1,none
2815,1,none
2816,0,shedding
2817,1,none
2818,1,none
2819,0,shedding
2820,1,none
2821,1,none
2822,1,none
2823,1,none
2824,1,none
2825,1,none
2826,0,shedding
2827,1,none
2828,0,shedding
2829,1,none
2830,1,none
2831,0,shedding
2832,1,none
2833,1,none
2834,1,none
2835,1,none
2836,1,none
2837,1,none
2838,1,none
2839,1,none
2840,1,none
2841,0,shedding
2842,1,none
2843,1,none
2844,1,none
2845,1,none
2846,1,none
2847,0,shedding
2848,1,none
2849,1,none
2850,1,none
2851,0,shedding
2852,1,none
2853,1,none
2854,0,shedding
2855,1,none
2856,1,none
2857,1,none
2858,1,none
2859,1,none
2860,1,none
2861,1,none
2862,1,none
2863,1,none
2864,0,shedding
2865,1,none
2866,1,none
2867,1,none
2868,1,none
2869,1,none
2870,1,none
2871,1,none
2872,1,none
2873,1,none
2874,0,shedding
2875,1,none
2876,1,none
2877,1,none
2878,1,none
2879,1,none
2880,1,none
2881,1,none
2882,1,none
2883,1,none
2884,1,none
2885,1,none
2886,1,none
2887,1,none
2888,1,none
2889,1,none
2890,1,none
2891,1,none
2892,1,none
2893,0,shedding
2894,1,none
2895,1,none
2896,1,none
2897,1,none
2898,0,shedding
2899,1,none
2900,0,shedding
2901,1,none
2902,0,shedding
2903,1,none
2904,1,none
2905,1,none
2906,1,none
2907,1,none
2908,1,none
2909,1,none
2910,1,none
2911,1,none
2912,1,none
2913,1,none
2914,1,none
2915,1,none
2916,1,none
2917,1,none
2918,1,none
2919,1,none
2920,1,none
2921,1,none
2922,1,none
2923,0,shedding
2924,1,none
2925,1,none
2926,1,none
2927,1,none
2928,1,none
2929,1,none
2930,1,none
2931,1,none
2932,1,none
2933,1,none
2934,1,none
2935,1,none
2936,1,none
2937,1,none
2938,1,none
2939,1,none
2940,1,none
2941,1,none
2942,1,none
2943,1,none
2944,1,none
2945,1,none
2946,1,none
2947,0,shedding
2948,1,none
2949,1,none
2950,0,shedding
2951,1,none
2952,1,none
2953,1,none
2954,1,none
2955,1,none
2956,1,none
2957,1,none
2958,1,none
2959,1,none
2960,1,none
2961,1,none
2962,1,none
2963,1,none
2964,1,none
2965,1,none
2966,0,shedding
2967,1,none
2968,1,none
2969,1,none
2970,1,none
2971,0,shedding
2972,1,none
2973,0,shedding
2974,0,shedding
2975,1,none
2976,1,none
2977,1,none
2978,1,none
2979,1,none
2980,1,none
2981,1,none
2982,1,none
2983,1,none
2984,1,none
2985,1,none
2986,1,none
2987,1,none
2988,1,none
2989,1,none
2990,1,none
2991,1,none
2992,1,none
2993,1,none
2994,1,none
2995,1,none
2996,1,none
2997,1,none
2998,1,none
2999,1,none
3000,1,none
3001,1,none
3002,1,none
3003,1,none
3004,1,none
3005,1,none
3006,1,none
3007,1,none
3008,1,none
3009,1,none
3010,1,none
3011,1,none
3012,1,none
3013,1,none
3014,1,none
3015,1,none
3016,1,none
3017,1,none
3018,1,none
3019,0,shedding
3020,1,none
3021,1,none
3022,1,none
3023,0,shedding
3024,1,none
3025,1,none
3026,1,none
3027,1,none
3028,1,none
3029,1,none
3030,1,none
3031,1,none
3032,1,none
3033,1,none
3034,1,none
3035,1,none
3036,1,none
3037,1,none
3038,1,none
3039,1,none
3040,1,none
3041,1,none
3042,1,none
3043,1,none
3044,0,shedding
3045,0,shedding
3046,1,none
3047,1,none
3048,1,none
3049,1,none
3050,1,none
3051,1,none
3052,1,none
3053,1,none
3054,1,none
3055,1,none
3056,1,none
3057,1,none
3058,1,none
3059,1,none
3060,1,none
3061,0,fault
3062,0,fault
3063,0,fault
3064,0,fault
3065,0,fault
3066,0,fault
3067,0,fault
3068,0,fault
3069,0,fault
3070,0,fault
3071,1,none
3072,1,none
3073,1,none
3074,1,none
3075,1,none
3076,1,none
3077,1,none
3078,1,none
3079,1,none
3080,1,none
3081,1,none
3082,1,none
3083,1,none
3084,1,none
3085,1,none
3086,1,none
3087,1,none
3088,1,none
3089,1,none
3090,1,none
3091,1,none
3092,1,none
3093,0,shedding
3094,1,none
3095,0,shedding
3096,1,none
3097,1,none
3098,1,none
3099,1,none
3100,1,none
3101,1,none
3102,1,none
3103,0,shedding
3104,1,none
3105,1,none
3106,0,shedding
3107,1,none
3108,0,shedding
3109,1,none
3110,1,none
3111,0,shedding
3112,1,none
3113,1,none
3114,0,shedding
3115,1,none
3116,1,none
3117,0,shedding
3118,1,none
3119,0,shedding
3120,1,none
3121,1,none
3122,1,none
3123,1,none
3124,1,none
3125,1,none
3126,1,none
3127,1,none
3128,1,none
3129,1,none
3130,1,none
3131,0,shedding
3132,1,none
3133,0,shedding
3134,1,none
3135,1,none
3136,1,none
3137,1,none
3138,0,shedding
3139,1,none
3140,1,none
3141,1,none
3142,1,none
3143,1,none
3144,1,none
3145,1,none
3146,1,none
3147,1,none
3148,1,none
3149,1,none
3150,1,none
3151,1,none
3152,1,none
3153,1,none
3154,1,none
3155,1,none
3156,1,none
3157,1,none
3158,1,none
3159,1,none
3160,1,none
3161,1,none
3162,1,none
3163,1,none
3164,1,none
3165,0,shedding
3166,1,none
3167,1,none
3168,1,none
3169,1,none
3170,1,none
3171,1,none
3172,1,none
3173,1,none
3174,1,none
3175,1,none
3176,1,none
3177,1,none
3178,1,none
3179,1,none
3180,1,none
3181,1,none
3182,1,none
3183,1,none
3184,1,none
3185,1,none
3186,1,none
3187,1,none
3188,1,none
3189,0,shedding
3190,1,none
3191,1,none
3192,1,none
3193,1,none
3194,1,none
3195,1,none
3196,1,none
3197,1,none
3198,1,none
3199,1,none
3200,1,none
3201,1,none
3202,1,none
3203,1,none
3204,1,none
3205,1,none
3206,1,none
3207,1,none
3208,1,none
3209,1,none
3210,1,none
3211,1,none
3212,1,none
3213,1,none
3214,1,none
3215,1,none
3216,1,none
3217,1,none
3218,1,none
3219,1,none
3220,1,none
3221,1,none
3222,1,none
3223,1,none
3224,1,none
3225,1,none
3226,1,none
3227,1,none
3228,0,shedding
3229,1,none
3230,0,shedding
3231,1,none
3232,1,none
3233,0,shedding
3234,1,none
3235,0,shedding
3236,1,none
3237,0,shedding
3238,1,none
3239,0,shedding
3240,1,none
3241,1,none
3242,1,none
3243,1,none
3244,1,none
3245,1,none
3246,1,none
3247,1,none
3248,1,none
3249,1,none
3250,1,none
3251,1,none
3252,1,none
3253,1,none
3254,0,shedding
3255,1,none
3256,1,none
3257,1,none
3258,1,none
3259,0,shedding
3260,1,none
3261,1,none
3262,1,none
3263,1,none
3264,1,none
3265,1,none
3266,1,none
3267,1,none
3268,1,none
3269,1,none
3270,1,none
3271,1,none
3272,1,none
3273,1,none
3274,1,none
3275,1,none
3276,0,shedding
3277,1,none
3278,1,none
3279,1,none
3280,1,none
3281,1,none
3282,1,none
3283,1,none
3284,1,none
3285,1,none
3286,1,none
3287,1,none
3288,1,none
3289,1,none
3290,1,none
3291,1,none
3292,1,none
3293,1,none
3294,1,none
3295,1,none
3296,1,none
3297,1,none
3298,1,none
3299,1,none
3300,1,none
3301,1,none
3302,1,none
3303,1,none
3304,1,none
3305,1,none
3306,1,none
3307,1,none
3308,1,none
3309,1,none
3310,0,shedding
3311,1,none
3312,1,none
3313,1,none
3314,1,none
3315,1,none
3316,1,none
3317,1,none
3318,1,none
3319,1,none
3320,1,none
3321,1,none
3322,1,none
3323,1,none
3324,1,none
3325,1,none
3326,1,none
3327,1,none
3328,1,none
3329,1,none
3330,0,shedding
3331,1,none
3332,0,shedding
3333,1,none
3334,1,none
3335,1,none
3336,0,shedding
3337,1,none
3338,1,none
3339,1,none
3340,1,none
3341,1,none
3342,1,none
3343,1,none
3344,1,none
3345,1,none
3346,1,none
3347,1,none
3348,0,shedding
3349,1,none
3350,1,none
3351,1,none
3352,1,none
3353,1,none
3354,1,none
3355,0,shedding
3356,0,shedding
3357,1,none
3358,1,none
3359,1,none
3360,1,none
3361,1,none
3362,1,none
3363,1,none
3364,1,none
3365,1,none
3366,1,none
3367,1,none
3368,1,none
3369,1,none
3370,1,none
3371,1,none
3372,1,none
3373,1,none
3374,1,none
3375,0,shedding
3376,1,none
3377,1,none
3378,1,none
3379,1,none
3380,1,none
3381,1,none
3382,1,none
3383,1,none
3384,1,none
3385,1,none
3386,1,none
3387,1,none
3388,1,none
3389,1,none
3390,1,none
3391,1,none
3392,1,none
3393,1,none
3394,1,none
3395,1,none
3396,1,none
3397,1,none
3398,1,none
3399,1,none
3400,1,none
3401,1,none
3402,1,none
3403,1,none
3404,1,none
3405,1,none
3406,1,none
3407,1,none
3408,1,none
3409,1,none
3410,1,none
3411,1,none
3412,1,none
3413,1,none
3414,1,none
3415,1,none
3416,1,none
3417,1,none
3418,1,none
3419,1,none
3420,1,none
3421,1,none
3422,1,none
3423,0,shedding
3424,1,none
3425,1,none
3426,1,none
3427,1,none
3428,0,shedding
3429,1,none
3430,1,none
3431,0,shedding
3432,1,none
3433,1,none
3434,1,none
3435,1,none
3436,1,none
3437,1,none
3438,1,none
3439,1,none
3440,1,none
3441,1,none
3442,1,none
3443,1,none
3444,1,none
3445,1,none
3446,1,none
3447,1,none
3448,1,none
3449,1,none
3450,0,shedding
3451,1,none
3452,1,none
3453,1,none
3454,1,none
3455,0,shedding
3456,1,none
3457,1,none
3458,1,none
3459,1,none
3460,1,none
3461,1,none
3462,1,none
3463,1,none
3464,1,none
3465,1,none
3466,1,none
3467,1,none
3468,1,none
3469,1,none
3470,1,none
3471,1,none
3472,1,none
3473,1,none
3474,0,fault
3475,0,fault
3476,0,fault
3477,0,fault
3478,0,fault
3479,1,none
3480,1,none
3481,1,none
3482,1,none
3483,1,none
3484,1,none
3485,1,none
3486,1,none
3487,1,none
3488,1,none
3489,1,none
3490,1,none
3491,1,none
3492,1,none
3493,0,shedding
3494,1,none
3495,1,none
3496,1,none
3497,1,none
3498,0,shedding
3499,1,none
3500,1,none
3501,1,none
3502,1,none
3503,1,none
3504,1,none
3505,1,none
3506,1,none
3507,1,none
3508,1,none
3509,1,none
3510,1,none
3511,1,none
3512,1,none
3513,1,none
3514,1,none
3515,1,none
3516,1,none
3517,1,none
3518,1,none
3519,0,shedding
3520,1,none
3521,0,shedding
3522,1,none
3523,1,none
3524,1,none
3525,0,shedding
3526,1,none
3527,1,none
3528,1,none
3529,1,none
3530,1,none
3531,1,none
3532,1,none
3533,1,none
3534,1,none
3535,1,none
3536,1,none
3537,1,none
3538,1,none
3539,1,none
3540,1,none
3541,1,none
3542,1,none
3543,1,none
3544,1,none
3545,1,none
3546,1,none
3547,1,none
3548,0,shedding
3549,1,none
3550,0,shedding
3551,1,none
3552,1,none
3553,1,none
3554,1,none
3555,1,none
3556,1,none
3557,1,none
3558,1,none
3559,1,none
3560,1,none
3561,0,shedding
3562,0,shedding
3563,1,none
3564,1,none
3565,1,none
3566,1,none
3567,1,none
3568,1,none
3569,0,shedding
3570,1,none
3571,0,shedding
3572,1,none
3573,1,none
3574,1,none
3575,1,none
3576,1,none
3577,1,none
3578,1,none
3579,1,none
3580,1,none
3581,1,none
3582,1,none
3583,1,none
3584,1,none
3585,1,none
3586,1,none
3587,0,shedding
3588,1,none
3589,1,none
3590,1,none
3591,1,none
3592,0,shedding
3593,1,none
3594,1,none
3595,1,none
3596,1,none
3597,1,none
3598,1,none
3599,1,none
3600,1,none
3601,1,none
3602,1,none
3603,1,none
3604,1,none
3605,1,none
3606,1,none
3607,1,none
3608,1,none
3609,1,none
3610,1,none
3611,0,shedding
3612,1,none
3613,1,none
3614,0,shedding
3615,1,none
3616,1,none
3617,1,none
3618,1,none
3619,1,none
3620,1,none
3621,1,none
3622,1,none
3623,1,none
3624,1,none
3625,1,none
3626,1,none
3627,1,none
3628,1,none
3629,1,none
3630,1,none
3631,0,shedding
3632,1,none
3633,1,none
3634,1,none
3635,1,none
3636,0,shedding
3637,1,none
3638,1,none
3639,1,none
3640,1,none
3641,0,shedding
3642,1,none
3643,0,shedding
3644,1,none
3645,1,none
3646,1,none
3647,1,none
3648,1,none
3649,1,none
3650,1,none
3651,1,none
3652,1,none
3653,1,none
3654,1,none
3655,1,none
3656,1,none
3657,1,none
3658,1,none
3659,1,none
3660,1,none
3661,1,none
3662,1,none
3663,0,shedding
3664,1,none
3665,1,none
3666,1,none
3667,0,shedding
3668,1,none
3669,1,none
3670,1,none
3671,1,none
3672,1,none
3673,1,none
3674,1,none
3675,1,none
3676,1,none
3677,1,none
3678,1,none
3679,0,fault
3680,0,fault
3681,0,fault
3682,0,fault
3683,1,none
3684,1,none
3685,1,none
3686,1,none
3687,1,none
3688,1,none
3689,1,none
3690,1,none
3691,1,none
3692,1,none
3693,1,none
3694,1,none
3695,1,none
3696,0,fault
3697,0,fault
3698,0,fault
3699,0,fault
3700,0,fault
3701,0,fault
3702,0,fault
3703,0,fault
3704,0,fault
3705,0,fault
3706,0,fault
3707,1,none
3708,1,none
3709,1,none
3710,1,none
3711,1,none
3712,1,none
3713,1,none
3714,1,none
3715,1,none
3716,1,none
3717,1,none
3718,1,none
3719,1,none
3720,1,none
3721,1,none
3722,1,none
3723,1,none
3724,1,none
3725,1,none
3726,1,none
3727,1,none
3728,1,none
3729,1,none
3730,1,none
3731,0,shedding
3732,0,shedding
3733,1,none
3734,1,none
3735,1,none
3736,1,none
3737,1,none
3738,1,none
3739,1,none
3740,0,shedding
3741,1,none
3742,1,none
3743,1,none
3744,1,none
3745,1,none
3746,1,none
3747,1,none
3748,1,none
3749,1,none
3750,1,none
3751,1,none
3752,1,none
3753,1,none
3754,1,none
3755,1,none
3756,1,none
3757,0,shedding
3758,1,none
3759,1,none
3760,1,none
3761,1,none
3762,1,none
3763,1,none
3764,1,none
3765,1,none
3766,0,shedding
3767,1,none
3768,1,none
3769,1,none
3770,1,none
3771,1,none
3772,1,none
3773,1,none
3774,1,none
3775,1,none
3776,1,none
3777,1,none
3778,1,none
3779,1,none
3780,1,none
3781,1,none
3782,1,none
3783,1,none
3784,1,none
3785,1,none
3786,1,none
3787,1,none
3788,1,none
3789,1,none
3790,1,none
3791,1,none
3792,1,none
3793,1,none
3794,1,none
3795,1,none
3796,1,none
3797,1,none
3798,1,none
3799,0,shedding
3800,1,none
3801,1,none
3802,1,none
3803,1,none
3804,1,none
3805,1,none
3806,1,none
3807,1,none
3808,1,none
3809,1,none
3810,0,shedding
3811,1,none
3812,0,shedding
3813,1,none
3814,1,none
3815,0,shedding
3816,1,none
3817,1,none
3818,1,none
3819,1,none
3820,1,none
3821,1,none
3822,1,none
3823,1,none
3824,1,none
3825,1,none
3826,1,none
3827,1,none
3828,0,shedding
3829,1,none
3830,1,none
3831,1,none
3832,0,shedding
3833,0,shedding
3834,1,none
3835,0,shedding
3836,1,none
3837,0,shedding
3838,1,none
3839,1,none
3840,0,shedding
3841,1,none
3842,1,none
3843,1,none
3844,1,none
3845,1,none
3846,1,none
3847,1,none
3848,1,none
3849,1,none
3850,1,none
3851,0,shedding
3852,1,none
3853,1,none
3854,0,shedding
3855,1,none
3856,1,none
3857,1,none
3858,1,none
3859,0,shedding
3860,1,none
3861,1,none
3862,1,none
3863,1,none
3864,1,none
3865,1,none
3866,1,none
3867,1,none
3868,1,none
3869,1,none
3870,1,none
3871,1,none
3872,1,none
3873,1,none
3874,1,none
3875,1,none
3876,1,none
3877,1,none
3878,1,none
3879,1,none
3880,0,fault
3881,0,fault
3882,0,fault
3883,0,fault
3884,0,fault
3885,0,fault
3886,0,fault
3887,1,none
3888,1,none
3889,1,none
3890,1,none
3891,1,none
3892,1,none
3893,1,none
3894,1,none
3895,1,none
3896,1,none
3897,1,none
3898,1,none
3899,1,none
3900,1,none
3901,1,none
3902,1,none
3903,1,none
3904,1,none
3905,1,none
3906,1,none
3907,0,shedding
3908,1,none
3909,0,shedding
3910,1,none
3911,1,none
3912,1,none
3913,1,none
3914,1,none
3915,1,none
3916,1,none
3917,1,none
3918,1,none
3919,1,none
3920,1,none
3921,1,none
3922,1,none
3923,1,none
3924,1,none
3925,0,shedding
3926,0,shedding
3927,1,none
3928,0,shedding
3929,1,none
3930,1,none
3931,0,shedding
3932,1,none
3933,0,shedding
3934,1,none
3935,1,none
3936,1,none
3937,1,none
3938,1,none
3939,1,none
3940,1,none
3941,1,none
3942,1,none
3943,1,none
3944,1,none
3945,1,none
3946,1,none
3947,1,none
3948,1,none
3949,1,none
3950,1,none
3951,1,none
3952,1,none
3953,1,none
3954,1,none
3955,1,none
3956,0,shedding
3957,1,none
3958,1,none
3959,1,none
3960,0,shedding
3961,1,none
3962,1,none
3963,1,none
3964,1,none
3965,1,none
3966,1,none
3967,1,none
3968,1,none
3969,1,none
3970,1,none
3971,1,none
3972,1,none
3973,1,none
3974,1,none
3975,1,none
3976,1,none
3977,1,none
3978,1,none
3979,1,none
3980,1,none
3981,1,none
3982,1,none
3983,1,none
3984,1,none
3985,1,none
3986,1,none
3987,1,none
3988,1,none
3989,1,none
3990,1,none
3991,1,none
3992,1,none
3993,1,none
3994,1,none
3995,1,none
3996,1,none
3997,0,shedding
3998,1,none
3999,1,none
4000,1,none
4001,1,none
4002,1,none
4003,1,none
4004,0,shedding
4005,1,none
4006,1,none
4007,1,none
4008,1,none
4009,1,none
4010,1,none
4011,1,none
4012,1,none
4013,1,none
4014,1,none
4015,1,none
4016,1,none
4017,1,none
4018,1,none
4019,1,none
4020,1,none
4021,1,none
4022,1,none
4023,1,none
4024,1,none
4025,1,none
4026,1,none
4027,1,none
4028,1,none
4029,1,none
4030,1,none
4031,1,none
4032,1,none
4033,1,none
4034,1,none
4035,1,none
4036,1,none
4037,1,none
4038,1,none
4039,1,none
4040,1,none
4041,1,none
4042,0,fault
4043,0,fault
4044,0,fault
4045,0,fault
4046,1,none
4047,1,none
4048,1,none
4049,1,none
4050,1,none
4051,1,none
4052,1,none
4053,1,none
4054,1,none
4055,1,none
4056,1,none
4057,1,none
4058,1,none
4059,1,none
4060,1,none
4061,1,none
4062,1,none
4063,1,none
4064,1,none
4065,1,none
4066,0,fault
4067,0,fault
4068,1,none
4069,1,none
4070,1,none
4071,1,none
4072,1,none
4073,1,none
4074,1,none
4075,1,none
4076,1,none
4077,1,none
4078,1,none
4079,1,none
4080,1,none
4081,1,none
4082,1,none
4083,1,none
4084,1,none
4085,1,none
4086,1,none
4087,0,shedding
4088,0,shedding
4089,1,none
4090,1,none
4091,1,none
4092,1,none
4093,1,none
4094,1,none
4095,1,none
4096,1,none
4097,0,shedding
4098,1,none
4099,0,shedding
4100,1,none
4101,0,shedding
4102,1,none
4103,1,none
4104,1,none
4105,1,none
4106,1,none
4107,1,none
4108,1,none
4109,1,none
4110,1,none
4111,1,none
4112,1,none
4113,1,none
4114,1,none
4115,1,none
4116,1,none
4117,1,none
4118,1,none
4119,1,none
4120,1,none
4121,0,shedding
4122,1,none
4123,1,none
4124,1,none
4125,1,none
4126,0,shedding
4127,1,none
4128,1,none
4129,1,none
4130,1,none
4131,1,none
4132,1,none
4133,1,none
4134,1,none
4135,1,none
4136,1,none
4137,1,none
4138,1,none
4139,1,none
4140,1,none
4141,0,shedding
4142,0,shedding
4143,1,none
4144,1,none
4145,1,none
4146,0,shedding
4147,1,none
4148,1,none
4149,1,none
4150,1,none
4151,1,none
4152,1,none
4153,1,none
4154,1,none
4155,1,none
4156,1,none
4157,1,none
4158,1,none
4159,1,none
4160,1,none
4161,1,none
4162,1,none
4163,1,none
4164,1,none
4165,0,shedding
4166,1,none
4167,1,none
4168,1,none
4169,1,none
4170,1,none
4171,0,shedding
4172,1,none
4173,0,shedding
4174,1,none
4175,1,none
4176,1,none
4177,1,none
4178,1,none
4179,1,none
4180,1,none
4181,1,none
4182,1,none
4183,1,none
4184,1,none
4185,1,none
4186,1,none
4187,1,none
4188,0,shedding
4189,1,none
4190,1,none
4191,1,none
4192,1,none
4193,1,none
4194,0,shedding
4195,1,none
4196,0,shedding
4197,1,none
4198,0,shedding
4199,1,none
4200,1,none
4201,1,none
4202,1,none
4203,1,none
4204,1,none
4205,1,none
4206,1,none
4207,1,none
4208,1,none
4209,1,none
4210,1,none
4211,1,none
4212,1,none
4213,1,none
4214,1,none
4215,1,none
4216,1,none
4217,1,none
4218,1,none
4219,1,none
4220,1,none
4221,1,none
4222,1,none
4223,1,none
4224,1,none
4225,1,none
4226,1,none
4227,1,none
4228,1,none
4229,1,none
4230,1,none
4231,1,none
4232,1,none
4233,1,none
4234,1,none
4235,1,none
4236,0,shedding
4237,1,none
4238,1,none
4239,0,shedding
4240,0,shedding
4241,1,none
4242,0,shedding
4243,1,none
4244,0,shedding
4245,1,none
4246,0,shedding
4247,1,none
4248,1,none
4249,1,none
4250,1,none
4251,1,none
4252,1,none
4253,1,none
4254,1,none
4255,1,none
4256,1,none
4257,1,none
4258,1,none
4259,1,none
4260,1,none
4261,1,none
4262,0,shedding
4263,0,shedding
4264,1,none
4265,1,none
4266,1,none
4267,0,shedding
4268,1,none
4269,0,shedding
4270,1,none
4271,1,none
4272,1,none
4273,1,none
4274,1,none
4275,1,none
4276,1,none
4277,1,none
4278,1,none
4279,1,none
4280,1,none
4281,1,none
4282,1,none
4283,1,none
4284,1,none
4285,1,none
4286,1,none
4287,1,none
4288,1,none
4289,1,none
4290,1,none
4291,1,none
4292,1,none
4293,1,none
4294,1,none
4295,1,none
4296,1,none
4297,1,none
4298,1,none
4299,1,none
4300,1,none
4301,1,none
4302,1,none
4303,1,none
4304,1,none
4305,1,none
4306,1,none
4307,0,shedding
4308,0,shedding
4309,1,none
4310,1,none
4311,1,none
4312,0,shedding
4313,1,none
4314,1,none
4315,1,none
4316,1,none
4317,1,none
4318,1,none
4319,1,none
4320,1,none
4321,1,none
4322,1,none
4323,1,none
4324,1,none
4325,1,none
4326,1,none
4327,1,none
4328,1,none
4329,1,none
4330,1,none
4331,1,none
4332,1,none
4333,1,none
4334,1,none
4335,0,shedding
4336,1,none
4337,0,shedding
4338,1,none
4339,1,none
4340,1,none
4341,1,none
4342,1,none
4343,1,none
4344,1,none
4345,1,none
4346,1,none
4347,1,none
4348,1,none
4349,1,none
4350,1,none
4351,1,none
4352,1,none
4353,1,none
4354,1,none
4355,0,shedding
4356,1,none
4357,1,none
4358,1,none
4359,1,none
4360,1,none
4361,1,none
4362,1,none
4363,1,none
4364,0,shedding
4365,1,none
4366,1,none
4367,1,none
4368,1,none
4369,1,none
4370,1,none
4371,1,none
4372,1,none
4373,1,none
4374,1,none
4375,1,none
4376,1,none
4377,1,none
4378,1,none
4379,1,none
4380,0,shedding
4381,1,none
4382,1,none
4383,1,none
4384,1,none
4385,1,none
4386,0,shedding
4387,1,none
4388,1,none
4389,1,none
4390,1,none
4391,1,none
4392,1,none
4393,1,none
4394,1,none
4395,1,none
4396,1,none
4397,1,none
4398,1,none
4399,1,none
4400,1,none
4401,1,none
4402,1,none
4403,1,none
4404,1,none
4405,1,none
4406,1,none
4407,1,none
4408,1,none
4409,1,none
4410,1,none
4411,1,none
4412,0,shedding
4413,1,none
4414,0,shedding
4415,1,none
4416,1,none
4417,1,none
4418,1,none
4419,1,none
4420,1,none
4421,1,none
4422,1,none
4423,1,none
4424,1,none
4425,1,none
4426,1,none
4427,1,none
4428,0,shedding
4429,1,none
4430,1,none
4431,1,none
4432,1,none
4433,1,none
4434,1,none
4435,1,none
4436,1,none
4437,1,none
4438,1,none
4439,1,none
4440,1,none
4441,1,none
4442,1,none
4443,1,none
4444,1,none
4445,1,none
4446,1,none
4447,1,none
4448,1,none
4449,1,none
4450,1,none
4451,1,none
4452,1,none
4453,1,none
4454,1,none
4455,1,none
4456,1,none
4457,1,none
4458,1,none
4459,1,none
4460,1,none
4461,1,none
4462,1,none
4463,1,none
4464,1,none
4465,1,none
4466,1,none
4467,1,none
4468,1,none
4469,1,none
4470,1,none
4471,1,none
4472,1,none
4473,1,none
4474,1,none
4475,1,none
4476,1,none
4477,1,none
4478,1,none
4479,1,none
4480,1,none
4481,1,none
4482,1,none
4483,0,shedding
4484,1,none
4485,1,none
4486,0,shedding
4487,1,none
4488,1,none
4489,1,none
4490,1,none
4491,1,none
4492,1,none
4493,1,none
4494,1,none
4495,1,none
4496,1,none
4497,0,fault
4498,0,fault
4499,0,fault
4500,0,fault
4501,0,fault
4502,0,fault
4503,1,none
4504,1,none
4505,1,none
4506,1,none
4507,1,none
4508,1,none
4509,1,none
4510,1,none
4511,1,none
4512,1,none
4513,1,none
4514,1,none
4515,1,none
4516,1,none
4517,1,none
4518,1,none
4519,1,none
4520,1,none
4521,1,none
4522,1,none
4523,1,none
4524,1,none
4525,1,none
4526,1,none
4527,1,none
4528,1,none
4529,1,none
4530,0,shedding
4531,1,none
4532,1,none
4533,1,none
4534,1,none
4535,1,none
4536,1,none
4537,1,none
4538,1,none
4539,1,none
4540,1,none
4541,1,none
4542,1,none
4543,1,none
4544,1,none
4545,1,none
4546,1,none
4547,1,none
4548,0,shedding
4549,1,none
4550,1,none
4551,0,shedding
4552,1,none
4553,1,none
4554,1,none
4555,1,none
4556,1,none
4557,1,none
4558,1,none
4559,0,shedding
4560,1,none
4561,1,none
4562,1,none
4563,1,none
4564,1,none
4565,1,none
4566,1,none
4567,1,none
4568,1,none
4569,1,none
4570,1,none
4571,1,none
4572,1,none
4573,1,none
4574,1,none
4575,1,none
4576,0,fault
4577,0,fault
4578,0,fault
4579,0,fault
4580,1,none
4581,1,none
4582,1,none
4583,1,none
4584,1,none
4585,1,none
4586,1,none
4587,1,none
4588,1,none
4589,1,none
4590,1,none
4591,1,none
4592,1,none
4593,1,none
4594,1,none
4595,1,none
4596,1,none
4597,1,none
4598,1,none
4599,1,none
4600,1,none
4601,1,none
4602,1,none
4603,0,shedding
4604,1,none
4605,1,none
4606,1,none
4607,1,none
4608,1,none
4609,1,none
4610,1,none
4611,1,none
4612,1,none
4613,1,none
4614,1,none
4615,1,none
4616,1,none
4617,1,none
4618,1,none
4619,1,none
4620,1,none
4621,1,none
4622,1,none
4623,1,none
4624,1,none
4625,1,none
4626,1,none
4627,1,none
4628,1,none
4629,0,shedding
4630,1,none
4631,1,none
4632,1,none
4633,1,none
4634,1,none
4635,1,none
4636,1,none
4637,1,none
4638,1,none
4639,1,none
4640,1,none
4641,1,none
4642,1,none
4643,1,none
4644,1,none
4645,0,shedding
4646,1,none
4647,0,shedding
4648,1,none
4649,1,none
4650,1,none
4651,0,shedding
4652,1,none
4653,0,shedding
4654,1,none
4655,0,shedding
4656,1,none
4657,1,none
4658,1,none
4659,1,none
4660,1,none
4661,1,none
4662,1,none
4663,1,none
4664,1,none
4665,1,none
4666,1,none
4667,1,none
4668,1,none
4669,0,shedding
4670,1,none
4671,1,none
4672,1,none
4673,1,none
4674,1,none
4675,0,shedding
4676,1,none
4677,1,none
4678,1,none
4679,0,shedding
4680,1,none
4681,1,none
4682,1,none
4683,1,none
4684,1,none
4685,1,none
4686,1,none
4687,1,none
4688,1,none
4689,1,none
4690,0,shedding
4691,1,none
4692,1,none
4693,0,shedding
4694,1,none
4695,1,none
4696,1,none
4697,0,shedding
4698,1,none
4699,1,none
4700,1,none
4701,1,none
4702,1,none
4703,1,none
4704,1,none
4705,1,none
4706,1,none
4707,1,none
4708,1,none
4709,1,none
4710,1,none
4711,1,none
4712,1,none
4713,1,none
4714,1,none
4715,1,none
4716,0,shedding
4717,1,none
4718,1,none
4719,1,none
4720,1,none
4721,1,none
4722,1,none
4723,1,none
4724,0,shedding
4725,1,none
4726,0,shedding
4727,1,none
4728,0,shedding
4729,1,none
4730,1,none
4731,1,none
4732,1,none
4733,1,none
4734,1,none
4735,1,none
4736,1,none
4737,1,none
4738,1,none
4739,1,none
4740,1,none
4741,0,shedding
4742,1,none
4743,1,none
4744,1,none
4745,1,none
4746,1,none
4747,1,none
4748,1,none
4749,1,none
4750,1,none
4751,1,none
4752,1,none
4753,1,none
4754,1,none
4755,1,none
4756,1,none
4757,1,none
4758,1,none
4759,1,none
4760,1,none
4761,1,none
4762,1,none
4763,0,shedding
4764,1,none
4765,1,none
4766,1,none
4767,1,none
4768,1,none
4769,1,none
4770,1,none
4771,1,none
4772,1,none
4773,1,none
4774,1,none
4775,1,none
4776,1,none
4777,1,none
4778,1,none
4779,1,none
4780,1,none
4781,1,none
4782,1,none
4783,1,none
4784,1,none
4785,1,none
4786,1,none
4787,1,none
4788,1,none
4789,1,none
4790,1,none
4791,1,none
4792,1,none
4793,1,none
4794,1,none
4795,0,shedding
4796,1,none
4797,0,shedding
4798,1,none
4799,1,none
4800,1,none
4801,1,none
4802,1,none
4803,1,none
4804,1,none
4805,1,none
4806,1,none
4807,0,shedding
4808,1,none
4809,1,none
4810,1,none
4811,1,none
4812,1,none
4813,1,none
4814,1,none
4815,1,none
4816,1,none
4817,1,none
4818,1,none
4819,1,none
4820,0,shedding
4821,1,none
4822,1,none
4823,1,none
4824,1,none
4825,1,none
4826,1,none
4827,1,none
4828,1,none
4829,1,none
4830,1,none
4831,1,none
4832,1,none
4833,1,none
4834,1,none
4835,1,none
4836,0,shedding
4837,1,none
4838,1,none
4839,1,none
4840,1,none
4841,1,none
4842,1,none
4843,0,shedding
4844,1,none
4845,1,none
4846,1,none
4847,1,none
4848,1,none
4849,1,none
4850,1,none
4851,1,none
4852,1,none
4853,1,none
4854,1,none
4855,1,none
4856,1,none
4857,1,none
4858,1,none
4859,1,none
4860,1,none
4861,1,none
4862,1,none
4863,0,shedding
4864,1,none
4865,1,none
4866,1,none
4867,1,none
4868,1,none
4869,1,none
4870,0,shedding
4871,1,none
4872,1,none
4873,1,none
4874,1,none
4875,1,none
4876,1,none
4877,1,none
4878,1,none
4879,1,none
4880,1,none
4881,1,none
4882,1,none
4883,1,none
4884,1,none
4885,0,shedding
4886,1,none
4887,1,none
4888,1,none
4889,0,shedding
4890,1,none
4891,1,none
4892,0,shedding
4893,1,none
4894,1,none
4895,0,shedding
4896,1,none
4897,1,none
4898,1,none
4899,1,none
4900,1,none
4901,1,none
4902,1,none
4903,1,none
4904,1,none
4905,1,none
4906,1,none
4907,1,none
4908,1,none
4909,1,none
4910,1,none
4911,1,none
4912,1,none
4913,1,none
4914,1,none
4915,1,none
4916,1,none
4917,0,shedding
4918,1,none
4919,0,shedding
4920,0,shedding
4921,1,none
4922,1,none
4923,1,none
4924,1,none
4925,1,none
4926,1,none
4927,1,none
4928,1,none
4929,1,none
4930,1,none
4931,1,none
4932,1,none
4933,1,none
4934,1,none
4935,1,none
4936,1,none
4937,1,none
4938,0,shedding
4939,1,none
4940,1,none
4941,1,none
4942,1,none
4943,0,shedding
4944,1,none
4945,1,none
4946,1,none
4947,1,none
4948,1,none
4949,1,none
4950,1,none
4951,1,none
4952,1,none
4953,1,none
4954,1,none
4955,1,none
4956,1,none
4957,1,none
4958,1,none
4959,1,none
4960,1,none
4961,1,none
4962,0,shedding
4963,1,none
4964,1,none
4965,0,shedding
4966,1,none
4967,1,none
4968,1,none
4969,1,none
4970,1,none
4971,1,none
4972,1,none
4973,1,none
4974,1,none
4975,1,none
4976,1,none
4977,1,none
4978,1,none
4979,1,none
4980,0,shedding
4981,1,none
4982,1,none
4983,1,none
4984,1,none
4985,0,shedding
4986,1,none
4987,0,shedding
4988,1,none
4989,1,none
4990,1,none
4991,1,none
4992,1,none
4993,1,none
4994,1,none
4995,1,none
4996,1,none
4997,1,none
4998,1,none
4999,1,none
5000,1,none
5001,1,none
5002,1,none
5003,1,none
5004,1,none
5005,1,none
5006,1,none
5007,1,none
5008,1,none
5009,1,none
5010,1,none
5011,1,none
5012,1,none
5013,1,none
5014,1,none
5015,1,none
5016,1,none
5017,1,none
5018,1,none
5019,1,none
5020,1,none
5021,1,none
5022,1,none
5023,1,none
5024,1,none
5025,0,shedding
5026,1,none
5027,1,none
5028,1,none
5029,1,none
5030,1,none
5031,1,none
5032,1,none
5033,1,none
5034,0,shedding
5035,1,none
5036,1,none
5037,1,none
5038,1,none
5039,1,none
5040,1,none
5041,1,none
5042,1,none
5043,1,none
5044,1,none
5045,1,none
5046,1,none
5047,1,none
5048,1,none
5049,1,none
5050,1,none
5051,1,none
5052,1,none
5053,1,none
5054,1,none
5055,1,none
5056,0,shedding
5057,1,none
5058,1,none
5059,1,none
5060,1,none
5061,0,shedding
5062,1,none
5063,1,none
5064,1,none
5065,1,none
5066,1,none
5067,1,none
5068,1,none
5069,1,none
5070,1,none
5071,1,none
5072,1,none
5073,1,none
5074,1,none
5075,1,none
5076,1,none
5077,1,none
5078,1,none
5079,1,none
5080,1,none
5081,1,none
5082,1,none
5083,1,none
5084,1,none
5085,1,none
5086,1,none
5087,1,none
5088,1,none
5089,1,none
5090,1,none
5091,1,none
5092,1,none
5093,1,none
5094,1,none
5095,1,none
5096,1,none
5097,1,none
5098,1,none
5099,1,none
5100,1,none
5101,1,none
5102,1,none
5103,1,none
5104,1,none
5105,1,none
5106,1,none
5107,1,none
5108,1,none
5109,0,shedding
5110,1,none
5111,0,shedding
5112,1,none
5113,1,none
5114,1,none
5115,1,none
5116,1,none
5117,1,none
5118,1,none
5119,1,none
5120,1,none
5121,1,none
5122,1,none
5123,1,none
5124,0,shedding
5125,0,shedding
5126,1,none
5127,1,none
5128,1,none
5129,1,none
5130,1,none
5131,1,none
5132,0,shedding
5133,1,none
5134,1,none
5135,1,none
5136,1,none
5137,1,none
5138,1,none
5139,1,none
5140,1,none
5141,1,none
5142,1,none
5143,1,none
5144,0,shedding
5145,1,none
5146,1,none
5147,1,none
5148,1,none
5149,1,none
5150,0,shedding
5151,1,none
5152,1,none
5153,1,none
5154,1,none
5155,1,none
5156,0,shedding
5157,0,shedding
5158,1,none
5159,1,none
5160,1,none
5161,1,none
5162,1,none
5163,1,none
5164,1,none
5165,1,none
5166,1,none
5167,1,none
5168,1,none
5169,1,none
5170,1,none
5171,1,none
5172,1,none
5173,1,none
5174,0,shedding
5175,0,shedding
5176,1,none
5177,1,none
5178,1,none
5179,0,shedding
5180,1,none
5181,1,none
5182,0,shedding
5183,1,none
5184,1,none
5185,1,none
5186,1,none
5187,1,none
5188,1,none
5189,1,none
5190,1,none
5191,1,none
5192,1,none
5193,1,none
5194,1,none
5195,1,none
5196,1,none
5197,1,none
5198,1,none
5199,1,none
5200,0,shedding
5201,1,none
5202,1,none
5203,1,none
5204,1,none
5205,1,none
5206,0,shedding
5207,1,none
5208,1,none
5209,1,none
5210,1,none
5211,1,none
5212,1,none
5213,1,none
5214,1,none
5215,1,none
5216,1,none
5217,1,none
5218,1,none
5219,1,none
5220,1,none
5221,1,none
5222,1,none
5223,1,none
5224,1,none
5225,1,none
5226,1,none
5227,1,none
5228,1,none
5229,1,none
5230,1,none
5231,0,shedding
5232,1,none
5233,1,none
5234,1,none
5235,1,none
5236,1,none
5237,1,none
5238,1,none
5239,1,none
5240,1,none
5241,1,none
5242,1,none
5243,1,none
5244,1,none
5245,1,none
5246,1,none
5247,1,none
5248,1,none
5249,0,shedding
5250,1,none
5251,0,shedding
5252,1,none
5253,1,none
5254,1,none
5255,1,none
5256,1,none
5257,1,none
5258,1,none
5259,1,none
5260,1,none
5261,1,none
5262,1,none
5263,1,none
5264,1,none
5265,1,none
5266,1,none
5267,1,none
5268,1,none
5269,1,none
5270,1,none
5271,1,none
5272,1,none
5273,0,shedding
5274,1,none
5275,1,none
5276,0,shedding
5277,1,none
5278,1,none
5279,1,none
5280,1,none
5281,1,none
5282,1,none
5283,1,none
5284,1,none
5285,1,none
5286,1,none
5287,1,none
5288,1,none
5289,1,none
5290,1,none
5291,0,shedding
5292,1,none
5293,1,none
5294,1,none
5295,0,shedding
5296,1,none
5297,1,none
5298,0,shedding
5299,1,none
5300,0,shedding
5301,1,none
5302,0,shedding
5303,1,none
5304,1,none
5305,1,none
5306,1,none
5307,1,none
5308,1,none
5309,1,none
5310,1,none
5311,1,none
5312,1,none
5313,1,none
5314,1,none
5315,1,none
5316,1,none
5317,1,none
5318,1,none
5319,1,none
5320,1,none
5321,1,none
5322,1,none
5323,1,none
5324,1,none
5325,1,none
5326,1,none
5327,1,none
5328,1,none
5329,1,none
5330,1,none
5331,1,none
5332,1,none
5333,1,none
5334,1,none
5335,1,none
5336,1,none
5337,1,none
5338,1,none
5339,1,none
5340,1,none
5341,1,none
5342,0,shedding
5343,1,none
5344,1,none
5345,1,none
5346,1,none
5347,1,none
5348,1,none
5349,1,none
5350,1,none
5351,1,none
5352,1,none
5353,1,none
5354,1,none
5355,1,none
5356,1,none
5357,1,none
5358,1,none
5359,1,none
5360,1,none
5361,1,none
5362,1,none
5363,1,none
5364,0,shedding
5365,1,none
5366,1,none
5367,1,none
5368,0,shedding
5369,0,shedding
5370,1,none
5371,1,none
5372,1,none
5373,0,shedding
5374,0,shedding
5375,1,none
5376,1,none
5377,1,none
5378,1,none
5379,1,none
5380,1,none
5381,1,none
5382,1,none
5383,1,none
5384,1,none
5385,1,none
5386,1,none
5387,1,none
5388,0,shedding
5389,1,none
5390,1,none
5391,1,none
5392,1,none
5393,1,none
5394,1,none
5395,1,none
5396,1,none
5397,1,none
5398,0,shedding
5399,1,none
5400,1,none
5401,1,none
5402,1,none
5403,1,none
5404,1,none
5405,1,none
5406,1,none
5407,1,none
5408,1,none
5409,1,none
5410,1,none
5411,1,none
5412,1,none
5413,1,none
5414,1,none
5415,1,none
5416,1,none
5417,1,none
5418,1,none
5419,0,shedding
5420,1,none
5421,0,shedding
5422,1,none
5423,1,none
5424,1,none
5425,1,none
5426,1,none
5427,1,none
5428,1,none
5429,1,none
5430,1,none
5431,1,none
5432,1,none
5433,1,none
5434,1,none
5435,1,none
5436,1,none
5437,1,none
5438,1,none
5439,1,none
5440,1,none
5441,1,none
5442,1,none
5443,1,none
5444,1,none
5445,1,none
5446,1,none
5447,1,none
5448,0,shedding
5449,1,none
5450,1,none
5451,1,none
5452,1,none
5453,1,none
5454,1,none
5455,1,none
5456,1,none
5457,1,none
5458,0,shedding
5459,1,none
5460,1,none
5461,1,none
5462,1,none
5463,0,shedding
5464,0,shedding
5465,1,none
5466,1,none
5467,0,shedding
5468,1,none
5469,1,none
5470,0,shedding
5471,1,none
5472,1,none
5473,1,none
5474,1,none
5475,1,none
5476,1,none
5477,1,none
5478,1,none
5479,1,none
5480,1,none
5481,1,none
5482,1,none
5483,1,none
5484,1,none
5485,1,none
5486,1,none
5487,0,shedding
5488,1,none
5489,1,none
5490,1,none
5491,0,shedding
5492,1,none
5493,1,none
5494,0,shedding
5495,1,none
5496,1,none
5497,1,none
5498,1,none
5499,1,none
5500,1,none
5501,1,none
5502,1,none
5503,1,none
5504,1,none
5505,1,none
5506,1,none
5507,1,none
5508,1,none
5509,1,none
5510,1,none
5511,1,none
5512,1,none
5513,1,none
5514,1,none
5515,1,none
5516,1,none
5517,1,none
5518,0,shedding
5519,1,none
5520,1,none
5521,1,none
5522,1,none
5523,1,none
5524,1,none
5525,1,none
5526,1,none
5527,1,none
5528,1,none
5529,1,none
5530,1,none
5531,1,none
5532,1,none
5533,1,none
5534,1,none
5535,1,none
5536,1,none
5537,1,none
5538,1,none
5539,1,none
5540,1,none
5541,1,none
5542,1,none
5543,1,none
5544,1,none
5545,1,none
5546,1,none
5547,1,none
5548,1,none
5549,1,none
5550,1,none
5551,0,shedding
5552,1,none
5553,1,none
5554,1,none
5555,0,shedding
5556,1,none
5557,1,none
5558,1,none
5559,1,none
5560,1,none
5561,1,none
5562,1,none
5563,0,shedding
5564,1,none
5565,1,none
5566,0,shedding
5567,1,none
5568,1,none
5569,1,none
5570,1,none
5571,1,none
5572,1,none
5573,1,none
5574,1,none
5575,1,none
5576,1,none
5577,1,none
5578,1,none
5579,1,none
5580,1,none
5581,1,none
5582,1,none
5583,1,none
5584,1,none
5585,1,none
5586,1,none
5587,1,none
5588,1,none
5589,1,none
5590,1,none
5591,1,none
5592,1,none
5593,1,none
5594,1,none
5595,1,none
5596,1,none
5597,1,none
5598,1,none
5599,1,none
5600,1,none
5601,1,none
5602,1,none
5603,0,shedding
5604,1,none
5605,0,shedding
5606,1,none
5607,1,none
5608,0,shedding
5609,1,none
5610,0,shedding
5611,1,none
5612,0,shedding
5613,1,none
5614,0,shedding
5615,1,none
5616,1,none
5617,1,none
5618,1,none
5619,1,none
5620,1,none
5621,1,none
5622,1,none
5623,1,none
5624,1,none
5625,1,none
5626,1,none
5627,1,none
5628,1,none
5629,0,shedding
5630,1,none
5631,1,none
5632,1,none
5633,1,none
5634,0,shedding
5635,1,none
5636,1,none
5637,1,none
5638,1,none
5639,1,none
5640,1,none
5641,1,none
5642,1,none
5643,1,none
5644,1,none
5645,1,none
5646,1,none
5647,1,none
5648,1,none
5649,1,none
5650,1,none
5651,1,none
5652,0,shedding
5653,1,none
5654,1,none
5655,1,none
5656,1,none
5657,0,shedding
5658,1,none
5659,1,none
5660,1,none
5661,1,none
5662,1,none
5663,1,none
5664,1,none
5665,1,none
5666,1,none
5667,1,none
5668,1,none
5669,1,none
5670,1,none
5671,1,none
5672,1,none
5673,1,none
5674,1,none
5675,1,none
5676,1,none
5677,0,shedding
5678,1,none
5679,1,none
5680,1,none
5681,0,shedding
5682,1,none
5683,1,none
5684,0,shedding
5685,0,shedding
5686,1,none
5687,1,none
5688,1,none
5689,1,none
5690,1,none
5691,1,none
5692,1,none
5693,1,none
5694,1,none
5695,1,none
5696,1,none
5697,1,none
5698,1,none
5699,1,none
5700,1,none
5701,1,none
5702,1,none
5703,1,none
5704,1,none
5705,1,none
5706,1,none
5707,1,none
5708,1,none
5709,0,shedding
5710,0,shedding
5711,1,none
5712,1,none
5713,1,none
5714,1,none
5715,1,none
5716,1,none
5717,1,none
5718,1,none
5719,1,none
5720,1,none
5721,1,none
5722,1,none
5723,1,none
5724,1,none
5725,1,none
5726,1,none
5727,1,none
5728,1,none
5729,1,none
5730,1,none
5731,1,none
5732,0,shedding
5733,1,none
5734,1,none
5735,1,none
5736,1,none
5737,1,none
5738,1,none
5739,1,none
5740,1,none
5741,1,none
5742,1,none
5743,1,none
5744,1,none
5745,1,none
5746,1,none
5747,1,none
5748,1,none
5749,1,none
5750,1,none
5751,1,none
5752,1,none
5753,1,none
5754,1,none
5755,1,none
5756,0,shedding
5757,1,none
5758,1,none
5759,1,none
5760,1,none
5761,1,none
5762,1,none
5763,1,none
5764,1,none
5765,1,none
5766,1,none
5767,1,none
5768,0,shedding
5769,1,none
5770,0,shedding
5771,1,none
5772,1,none
5773,0,shedding
5774,1,none
5775,1,none
5776,0,shedding
5777,1,none
5778,1,none
5779,0,shedding
5780,1,none
5781,1,none
5782,0,shedding
5783,1,none
5784,0,shedding
5785,1,none
5786,1,none
5787,1,none
5788,1,none
5789,1,none
5790,1,none
5791,0,shedding
5792,1,none
5793,1,none
5794,1,none
5795,1,none
5796,1,none
5797,1,none
5798,1,none
5799,0,shedding
5800,1,none
5801,1,none
5802,1,none
5803,1,none
5804,1,none
5805,1,none
5806,0,shedding
5807,1,none
5808,1,none
5809,1,none
5810,1,none
5811,1,none
5812,1,none
5813,1,none
5814,1,none
5815,1,none
5816,1,none
5817,1,none
5818,1,none
5819,1,none
5820,1,none
5821,1,none
5822,1,none
5823,1,none
5824,0,shedding
5825,1,none
5826,1,none
5827,0,shedding
5828,0,shedding
5829,1,none
5830,1,none
5831,1,none
5832,1,none
5833,1,none
5834,1,none
5835,1,none
5836,1,none
5837,1,none
5838,1,none
5839,1,none
5840,1,none
5841,1,none
5842,1,none
5843,1,none
5844,0,shedding
5845,1,none
5846,0,shedding
5847,1,none
5848,1,none
5849,1,none
5850,1,none
5851,1,none
5852,1,none
5853,0,shedding
5854,1,none
5855,1,none
5856,1,none
5857,1,none
5858,1,none
5859,1,none
5860,1,none
5861,1,none
5862,1,none
5863,1,none
5864,1,none
5865,1,none
5866,1,none
5867,1,none
5868,1,none
5869,1,none
5870,1,none
5871,1,none
5872,1,none
5873,1,none
5874,1,none
5875,1,none
5876,1,none
5877,1,none
5878,1,none
5879,1,none
5880,1,none
5881,1,none
5882,1,none
5883,1,none
5884,1,none
5885,1,none
5886,1,none
5887,1,none
5888,1,none
5889,1,none
5890,1,none
5891,1,none
5892,1,none
5893,0,shedding
5894,1,none
5895,1,none
5896,1,none
5897,1,none
5898,1,none
5899,1,none
5900,1,none
5901,1,none
5902,0,shedding
5903,1,none
5904,1,none
5905,1,none
5906,1,none
5907,1,none
5908,1,none
5909,1,none
5910,1,none
5911,1,none
5912,1,none
5913,1,none
5914,1,none
5915,0,shedding
5916,1,none
5917,1,none
5918,1,none
5919,1,none
5920,1,none
5921,1,none
5922,1,none
5923,1,none
5924,1,none
5925,1,none
5926,1,none
5927,1,none
5928,1,none
5929,1,none
5930,1,none
5931,1,none
5932,1,none
5933,1,none
5934,1,none
5935,1,none
5936,1,none
5937,1,none
5938,1,none
5939,1,none
5940,1,none
5941,1,none
5942,1,none
5943,0,shedding
5944,1,none
5945,1,none
5946,1,none
5947,1,none
5948,1,none
5949,1,none
5950,0,shedding
5951,1,none
5952,1,none
5953,1,none
5954,1,none
5955,1,none
5956,1,none
5957,1,none
5958,1,none
5959,1,none
5960,1,none
5961,1,none
5962,1,none
5963,1,none
5964,1,none
5965,1,none
5966,1,none
5967,1,none
5968,1,none
5969,1,none
5970,1,none
5971,1,none
5972,1,none
5973,1,none
5974,1,none
5975,1,none
5976,1,none
5977,1,none
5978,1,none
5979,1,none
5980,1,none
5981,1,none
5982,1,none
5983,1,none
5984,1,none
5985,1,none
5986,1,none
5987,1,none
5988,1,none
5989,1,none
5990,1,none
5991,1,none
5992,1,none
5993,1,none
5994,1,none
5995,1,none
5996,1,none
5997,1,none
5998,1,none
5999,1,none
6000,1,none
6001,1,none
6002,1,none
6003,1,none
6004,1,none
6005,1,none
6006,1,none
6007,1,none
6008,1,none
6009,1,none
6010,1,none
6011,1,none
6012,1,none
6013,1,none
6014,1,none
6015,1,none
6016,1,none
6017,1,none
6018,1,none
6019,1,none
6020,1,none
6021,1,none
6022,1,none
6023,1,none
6024,1,none
6025,1,none
6026,1,none
6027,1,none
6028,1,none
6029,1,none
6030,1,none
6031,1,none
6032,1,none
6033,1,none
6034,1,none
6035,1,none
6036,1,none
6037,1,none
6038,1,none
6039,1,none
6040,1,none
6041,1,none
6042,1,none
6043,1,none
6044,1,none
6045,1,none
6046,0,shedding
6047,1,none
6048,1,none
6049,1,none
6050,1,none
6051,1,none
6052,1,none
6053,1,none
6054,1,none
6055,1,none
6056,1,none
6057,1,none
6058,1,none
6059,0,shedding
6060,1,none
6061,1,none
6062,1,none
6063,0,shedding
6064,1,none
6065,1,none
6066,1,none
6067,0,shedding
6068,0,shedding
6069,1,none
6070,1,none
6071,1,none
6072,1,none
6073,1,none
6074,1,none
6075,1,none
6076,1,none
6077,1,none
6078,1,none
6079,1,none
6080,1,none
6081,1,none
6082,1,none
6083,1,none
6084,1,none
6085,1,none
6086,1,none
6087,0,shedding
6088,1,none
6089,1,none
6090,1,none
6091,0,shedding
6092,1,none
6093,1,none
6094,1,none
6095,0,shedding
6096,1,none
6097,1,none
6098,1,none
6099,1,none
6100,1,none
6101,1,none
6102,1,none
6103,1,none
6104,1,none
6105,1,none
6106,1,none
6107,1,none
6108,0,shedding
6109,1,none
6110,1,none
6111,1,none
6112,1,none
6113,1,none
6114,1,none
6115,1,none
6116,0,shedding
6117,1,none
6118,1,none
6119,1,none
6120,1,none
6121,1,none
6122,1,none
6123,1,none
6124,1,none
6125,1,none
6126,1,none
6127,1,none
6128,1,none
6129,1,none
6130,1,none
6131,1,none
6132,1,none
6133,1,none
6134,1,none
6135,0,shedding
6136,1,none
6137,0,shedding
6138,1,none
6139,1,none
6140,0,shedding
6141,1,none
6142,1,none
6143,1,none
6144,1,none
6145,1,none
6146,1,none
6147,1,none
6148,1,none
6149,1,none
6150,1,none
6151,1,none
6152,1,none
6153,1,none
6154,1,none
6155,1,none
6156,1,none
6157,1,none
6158,1,none
6159,1,none
6160,1,none
6161,1,none
6162,1,none
6163,1,none
6164,1,none
6165,1,none
6166,0,shedding
6167,0,shedding
6168,1,none
6169,1,none
6170,1,none
6171,1,none
6172,1,none
6173,1,none
6174,1,none
6175,1,none
6176,1,none
6177,1,none
6178,1,none
6179,1,none
6180,1,none
6181,1,none
6182,1,none
6183,1,none
6184,1,none
6185,1,none
6186,1,none
6187,0,shedding
6188,1,none
6189,1,none
6190,1,none
6191,1,none
6192,1,none
6193,1,none
6194,1,none
6195,1,none
6196,1,none
6197,1,none
6198,1,none
6199,1,none
6200,1,none
6201,1,none
6202,1,none
6203,1,none
6204,1,none
6205,1,none
6206,1,none
6207,1,none
6208,1,none
6209,1,none
6210,1,none
6211,1,none
6212,0,shedding
6213,1,none
6214,1,none
6215,1,none
6216,1,none
6217,1,none
6218,1,none
6219,1,none
6220,1,none
6221,1,none
6222,1,none
6223,1,none
6224,1,none
6225,1,none
6226,1,none
6227,1,none
6228,1,none
6229,1,none
6230,1,none
6231,1,none
6232,1,none
6233,1,none
6234,0,shedding
6235,1,none
6236,1,none
6237,1,none
6238,1,none
6239,1,none
6240,1,none
6241,1,none
6242,1,none
6243,1,none
6244,1,none
6245,1,none
6246,1,none
6247,1,none
6248,1,none
6249,1,none
6250,1,none
6251,1,none
6252,0,shedding
6253,1,none
6254,1,none
6255,1,none
6256,1,none
6257,1,none
6258,0,shedding
6259,1,none
6260,0,shedding
6261,1,none
6262,0,shedding
6263,1,none
6264,0,shedding
6265,1,none
6266,1,none
6267,1,none
6268,1,none
6269,1,none
6270,1,none
6271,1,none
6272,1,none
6273,1,none
6274,1,none
6275,1,none
6276,1,none
6277,1,none
6278,1,none
6279,1,none
6280,1,none
6281,1,none
6282,1,none
6283,0,shedding
6284,1,none
6285,1,none
6286,0,shedding
6287,0,shedding
6288,1,none
6289,1,none
6290,1,none
6291,1,none
6292,1,none
6293,1,none
6294,1,none
6295,1,none
6296,1,none
6297,1,none
6298,1,none
6299,1,none
6300,1,none
6301,1,none
6302,1,none
6303,1,none
6304,1,none
6305,1,none
6306,0,shedding
6307,1,none
6308,1,none
6309,0,shedding
6310,1,none
6311,1,none
6312,1,none
6313,1,none
6314,1,none
6315,1,none
6316,1,none
6317,1,none
6318,1,none
6319,1,none
6320,1,none
6321,1,none
6322,1,none
6323,1,none
6324,1,none
6325,1,none
6326,1,none
6327,1,none
6328,1,none
6329,1,none
6330,1,none
6331,1,none
6332,1,none
6333,1,none
6334,1,none
6335,1,none
6336,1,none
6337,1,none
6338,1,none
6339,1,none
6340,1,none
6341,1,none
6342,1,none
6343,1,none
6344,1,none
6345,1,none
6346,1,none
6347,1,none
6348,1,none
6349,1,none
6350,1,none
6351,1,none
6352,1,none
6353,1,none
6354,1,none
6355,0,shedding
6356,1,none
6357,1,none
6358,1,none
6359,1,none
6360,1,none
6361,1,none
6362,1,none
6363,1,none
6364,1,none
6365,1,none
6366,1,none
6367,1,none
6368,1,none
6369,1,none
6370,1,none
6371,1,none
6372,1,none
6373,1,none
6374,1,none
6375,1,none
6376,1,none
6377,1,none
6378,0,shedding
6379,1,none
6380,1,none
6381,1,none
6382,0,shedding
6383,1,none
6384,1,none
6385,1,none
6386,1,none
6387,1,none
6388,1,none
6389,1,none
6390,1,none
6391,1,none
6392,1,none
6393,1,none
6394,1,none
6395,1,none
6396,1,none
6397,1,none
6398,0,shedding
6399,1,none
6400,1,none
6401,1,none
6402,0,shedding
6403,1,none
6404,1,none
6405,0,shedding
6406,1,none
6407,1,none
6408,1,none
6409,1,none
6410,1,none
6411,1,none
6412,1,none
6413,1,none
6414,1,none
6415,1,none
6416,1,none
6417,1,none
6418,1,none
6419,1,none
6420,1,none
6421,1,none
6422,1,none
6423,1,none
6424,1,none
6425,1,none
6426,1,none
6427,1,none
6428,1,none
6429,1,none
6430,0,shedding
6431,1,none
6432,1,none
6433,1,none
6434,1,none
6435,1,none
6436,1,none
6437,1,none
6438,1,none
6439,1,none
6440,1,none
6441,1,none
6442,1,none
6443,1,none
6444,1,none
6445,1,none
6446,1,none
6447,1,none
6448,1,none
6449,1,none
6450,1,none
6451,1,none
6452,1,none
6453,1,none
6454,0,shedding
6455,1,none
6456,1,none
6457,1,none
6458,1,none
6459,1,none
6460,1,none
6461,1,none
6462,1,none
6463,1,none
6464,1,none
6465,1,none
6466,1,none
6467,1,none
6468,1,none
6469,1,none
6470,1,none
6471,1,none
6472,1,none
6473,1,none
6474,1,none
6475,1,none
6476,1,none
6477,1,none
6478,0,shedding
6479,1,none
6480,1,none
6481,1,none
6482,1,none
6483,1,none
6484,1,none
6485,1,none
6486,1,none
6487,1,none
6488,1,none
6489,1,none
6490,1,none
6491,1,none
6492,1,none
6493,1,none
6494,1,none
6495,1,none
6496,1,none
6497,1,none
6498,1,none
6499,1,none
6500,0,shedding
6501,0,shedding
6502,1,none
6503,1,none
6504,1,none
6505,1,none
6506,1,none
6507,1,none
6508,1,none
6509,1,none
6510,1,none
6511,1,none
6512,1,none
6513,1,none
6514,1,none
6515,1,none
6516,1,none
6517,1,none
6518,1,none
6519,1,none
6520,1,none
6521,1,none
6522,1,none
6523,1,none
6524,1,none
6525,1,none
6526,1,none
6527,1,none
6528,1,none
6529,1,none
6530,1,none
6531,1,none
6532,1,none
6533,1,none
6534,1,none
6535,1,none
6536,1,none
6537,1,none
6538,1,none
6539,1,none
6540,1,none
6541,1,none
6542,1,none
6543,1,none
6544,1,none
6545,1,none
6546,1,none
6547,1,none
6548,1,none
6549,0,shedding
6550,1,none
6551,1,none
6552,1,none
6553,1,none
6554,1,none
6555,1,none
6556,1,none
6557,1,none
6558,1,none
6559,1,none
6560,1,none
6561,0,shedding
6562,1,none
6563,1,none
6564,1,none
6565,1,none
6566,1,none
6567,1,none
6568,1,none
6569,1,none
6570,1,none
6571,1,none
6572,1,none
6573,1,none
6574,0,shedding
6575,1,none
6576,1,none
6577,1,none
6578,1,none
6579,1,none
6580,1,none
6581,1,none
6582,1,none
6583,1,none
6584,1,none
6585,1,none
6586,1,none
6587,1,none
6588,1,none
6589,1,none
6590,1,none
6591,1,none
6592,1,none
6593,1,none
6594,1,none
6595,1,none
6596,1,none
6597,0,shedding
6598,1,none
6599,1,none
6600,1,none
6601,1,none
6602,1,none
6603,1,none
6604,1,none
6605,1,none
6606,1,none
6607,1,none
6608,1,none
6609,1,none
6610,1,none
6611,1,none
6612,1,none
6613,1,none
6614,1,none
6615,1,none
6616,1,none
6617,1,none
6618,1,none
6619,1,none
6620,1,none
6621,1,none
6622,1,none
6623,1,none
6624,1,none
6625,1,none
6626,1,none
6627,1,none
6628,1,none
6629,1,none
6630,1,none
6631,1,none
6632,1,none
6633,1,none
6634,1,none
6635,0,shedding
6636,1,none
6637,1,none
6638,1,none
6639,1,none
6640,1,none
6641,1,none
6642,1,none
6643,0,shedding
6644,1,none
6645,1,none
6646,1,none
6647,1,none
6648,1,none
6649,1,none
6650,1,none
6651,1,none
6652,1,none
6653,1,none
6654,1,none
6655,1,none
6656,1,none
6657,1,none
6658,1,none
6659,1,none
6660,1,none
6661,0,shedding
6662,1,none
6663,1,none
6664,1,none
6665,1,none
6666,1,none
6667,1,none
6668,1,none
6669,1,none
6670,1,none
6671,1,none
6672,1,none
6673,1,none
6674,1,none
6675,1,none
6676,1,none
6677,1,none
6678,1,none
6679,1,none
6680,1,none
6681,1,none
6682,1,none
6683,1,none
6684,1,none
6685,1,none
6686,1,none
6687,1,none
6688,1,none
6689,1,none
6690,1,none
6691,1,none
6692,1,none
6693,1,none
6694,1,none
6695,1,none
6696,1,none
6697,1,none
6698,1,none
6699,1,none
6700,1,none
6701,1,none
6702,1,none
6703,1,none
6704,1,none
6705,1,none
6706,1,none
6707,1,none
6708,1,none
6709,1,none
6710,1,none
6711,1,none
6712,1,none
6713,1,none
6714,1,none
6715,1,none
6716,1,none
6717,1,none
6718,1,none
6719,0,shedding
6720,1,none
6721,1,none
6722,1,none
6723,1,none
6724,1,none
6725,1,none
6726,1,none
6727,1,none
6728,1,none
6729,1,none
6730,1,none
6731,0,shedding
6732,0,shedding
6733,1,none
6734,1,none
6735,1,none
6736,1,none
6737,1,none
6738,1,none
6739,1,none
6740,1,none
6741,1,none
6742,1,none
6743,1,none
6744,1,none
6745,1,none
6746,1,none
6747,1,none
6748,1,none
6749,1,none
6750,0,shedding
6751,0,shedding
6752,1,none
6753,1,none
6754,1,none
6755,0,shedding
6756,1,none
6757,1,none
6758,0,shedding
6759,1,none
6760,1,none
6761,1,none
6762,0,shedding
6763,1,none
6764,0,shedding
6765,1,none
6766,1,none
6767,0,shedding
6768,1,none
6769,1,none
6770,1,none
6771,1,none
6772,1,none
6773,1,none
6774,1,none
6775,1,none
6776,1,none
6777,1,none
6778,1,none
6779,1,none
6780,1,none
6781,0,shedding
6782,1,none
6783,1,none
6784,1,none
6785,1,none
6786,1,none
6787,1,none
6788,1,none
6789,1,none
6790,1,none
6791,1,none
6792,1,none
6793,1,none
6794,1,none
6795,1,none
6796,1,none
6797,1,none
6798,1,none
6799,1,none
6800,1,none
6801,1,none
6802,1,none
6803,1,none
6804,1,none
6805,1,none
6806,1,none
6807,1,none
6808,1,none
6809,1,none
6810,1,none
6811,1,none
6812,1,none
6813,1,none
6814,1,none
6815,1,none
6816,1,none
6817,1,none
6818,1,none
6819,1,none
6820,1,none
6821,1,none
6822,1,none
6823,1,none
6824,1,none
6825,1,none
6826,1,none
6827,1,none
6828,1,none
6829,1,none
6830,1,none
6831,1,none
6832,1,none
6833,1,none
6834,1,none
6835,0,shedding
6836,1,none
6837,1,none
6838,0,shedding
6839,1,none
6840,1,none
6841,1,none
6842,1,none
6843,1,none
6844,1,none
6845,1,none
6846,1,none
6847,1,none
6848,1,none
6849,1,none
6850,1,none
6851,1,none
6852,1,none
6853,1,none
6854,1,none
6855,1,none
6856,1,none
6857,0,shedding
6858,1,none
6859,1,none
6860,1,none
6861,1,none
6862,1,none
6863,0,shedding
6864,1,none
6865,1,none
6866,1,none
6867,1,none
6868,1,none
6869,1,none
6870,1,none
6871,1,none
6872,1,none
6873,1,none
6874,1,none
6875,1,none
6876,1,none
6877,1,none
6878,1,none
6879,1,none
6880,1,none
6881,1,none
6882,1,none
6883,1,none
6884,1,none
6885,1,none
6886,1,none
6887,1,none
6888,1,none
6889,1,none
6890,1,none
6891,1,none
6892,1,none
6893,1,none
6894,1,none
6895,1,none
6896,1,none
6897,1,none
6898,1,none
6899,1,none
6900,0,shedding
6901,1,none
6902,1,none
6903,1,none
6904,1,none
6905,1,none
6906,1,none
6907,1,none
6908,1,none
6909,1,none
6910,1,none
6911,1,none
6912,1,none
6913,1,none
6914,1,none
6915,1,none
6916,1,none
6917,1,none
6918,1,none
6919,1,none
6920,1,none
6921,1,none
6922,1,none
6923,1,none
6924,1,none
6925,1,none
6926,1,none
6927,1,none
6928,1,none
6929,1,none
6930,1,none
6931,0,shedding
6932,0,shedding
6933,1,none
6934,0,shedding
6935,1,none
6936,1,none
6937,1,none
6938,1,none
6939,1,none
6940,1,none
6941,1,none
6942,1,none
6943,1,none
6944,1,none
6945,1,none
6946,1,none
6947,1,none
6948,1,none
6949,1,none
6950,1,none
6951,1,none
6952,1,none
6953,1,none
6954,1,none
6955,1,none
6956,1,none
6957,1,none
6958,1,none
6959,1,none
6960,1,none
6961,1,none
6962,1,none
6963,1,none
6964,1,none
6965,1,none
6966,1,none
6967,1,none
6968,1,none
6969,1,none
6970,1,none
6971,1,none
6972,1,none
6973,1,none
6974,1,none
6975,1,none
6976,1,none
6977,1,none
6978,1,none
6979,0,shedding
6980,0,shedding
6981,1,none
6982,1,none
6983,0,shedding
6984,1,none
6985,1,none
6986,1,none
6987,1,none
6988,1,none
6989,1,none
6990,1,none
6991,1,none
6992,1,none
6993,1,none
6994,1,none
6995,1,none
6996,0,fault
6997,0,fault
6998,0,fault
6999,0,fault
7000,0,fault
7001,0,fault
7002,0,fault
7003,0,fault
7004,0,fault
7005,0,fault
7006,0,fault
7007,0,fault
7008,0,fault
7009,1,none
7010,1,none
7011,1,none
7012,1,none
7013,1,none
7014,1,none
7015,1,none
7016,1,none
7017,1,none
7018,1,none
7019,1,none
7020,1,none
7021,1,none
7022,1,none
7023,1,none
7024,1,none
7025,1,none
7026,1,none
7027,1,none
7028,1,none
7029,1,none
7030,1,none
7031,1,none
7032,1,none
7033,1,none
7034,1,none
7035,1,none
7036,1,none
7037,1,none
7038,1,none
7039,1,none
7040,1,none
7041,1,none
7042,1,none
7043,1,none
7044,1,none
7045,1,none
7046,1,none
7047,1,none
7048,1,none
7049,1,none
7050,1,none
7051,1,none
7052,1,none
7053,1,none
7054,1,none
7055,1,none
7056,1,none
7057,1,none
7058,1,none
7059,1,none
7060,1,none
7061,1,none
7062,1,none
7063,1,none
7064,1,none
7065,1,none
7066,1,none
7067,1,none
7068,1,none
7069,1,none
7070,1,none
7071,1,none
7072,1,none
7073,1,none
7074,1,none
7075,1,none
7076,1,none
7077,1,none
7078,0,shedding
7079,1,none
7080,1,none
7081,1,none
7082,1,none
7083,1,none
7084,1,none
7085,1,none
7086,1,none
7087,1,none
7088,1,none
7089,1,none
7090,1,none
7091,1,none
7092,1,none
7093,1,none
7094,1,none
7095,0,shedding
7096,1,none
7097,1,none
7098,1,none
7099,1,none
7100,1,none
7101,1,none
7102,1,none
7103,0,shedding
7104,1,none
7105,1,none
7106,1,none
7107,1,none
7108,1,none
7109,1,none
7110,1,none
7111,1,none
7112,1,none
7113,1,none
7114,1,none
7115,1,none
7116,1,none
7117,1,none
7118,1,none
7119,1,none
7120,1,none
7121,1,none
7122,1,none
7123,1,none
7124,1,none
7125,1,none
7126,1,none
7127,0,shedding
7128,0,shedding
7129,1,none
7130,1,none
7131,1,none
7132,1,none
7133,1,none
7134,1,none
7135,1,none
7136,1,none
7137,1,none
7138,1,none
7139,0,shedding
7140,1,none
7141,1,none
7142,1,none
7143,1,none
7144,1,none
7145,0,shedding
7146,1,none
7147,1,none
7148,1,none
7149,1,none
7150,1,none
7151,1,none
7152,1,none
7153,1,none
7154,1,none
7155,1,none
7156,1,none
7157,1,none
7158,1,none
7159,1,none
7160,1,none
7161,1,none
7162,1,none
7163,1,none
7164,1,none
7165,0,shedding
7166,1,none
7167,1,none
7168,1,none
7169,1,none
7170,1,none
7171,1,none
7172,0,shedding
7173,1,none
7174,1,none
7175,1,none
7176,1,none
7177,1,none
7178,1,none
7179,1,none
7180,1,none
7181,1,none
7182,1,none
7183,1,none
7184,1,none
7185,1,none
7186,1,none
7187,1,none
7188,0,shedding
7189,1,none
7190,1,none
7191,1,none
7192,1,none
7193,1,none
7194,0,shedding
7195,0,shedding
7196,1,none
7197,0,shedding
7198,1,none
7199,0,shedding
7200,1,none
7201,1,none
7202,1,none
7203,1,none
7204,1,none
7205,1,none
7206,1,none
7207,1,none
7208,1,none
7209,1,none
7210,1,none
7211,1,none
7212,1,none
7213,1,none
7214,0,shedding
7215,1,none
7216,1,none
7217,1,none
7218,1,none
7219,0,shedding
7220,1,none
7221,1,none
7222,1,none
7223,1,none
7224,1,none
7225,1,none
7226,1,none
7227,1,none
7228,1,none
7229,1,none
7230,1,none
7231,1,none
7232,1,none
7233,1,none
7234,1,none
7235,1,none
7236,1,none
7237,1,none
7238,1,none
7239,1,none
7240,1,none
7241,1,none
7242,1,none
7243,0,shedding
7244,1,none
7245,1,none
7246,1,none
7247,1,none
7248,1,none
7249,1,none
7250,1,none
7251,1,none
7252,1,none
7253,1,none
7254,1,none
7255,1,none
7256,1,none
7257,1,none
7258,1,none
7259,1,none
7260,1,none
7261,1,none
7262,0,shedding
7263,1,none
7264,0,shedding
7265,0,shedding
7266,1,none
7267,1,none
7268,1,none
7269,1,none
7270,1,none
7271,1,none
7272,1,none
7273,1,none
7274,1,none
7275,1,none
7276,1,none
7277,1,none
7278,1,none
7279,1,none
7280,1,none
7281,1,none
7282,1,none
7283,1,none
7284,1,none
7285,1,none
7286,1,none
7287,1,none
7288,1,none
7289,1,none
7290,1,none
7291,0,shedding
7292,1,none
7293,1,none
7294,1,none
7295,1,none
7296,0,shedding
7297,1,none
7298,1,none
7299,1,none
7300,1,none
7301,1,none
7302,1,none
7303,1,none
7304,1,none
7305,1,none
7306,1,none
7307,1,none
7308,1,none
7309,0,shedding
7310,1,none
7311,1,none
7312,1,none
7313,1,none
7314,1,none
7315,1,none
7316,0,shedding
7317,1,none
7318,0,shedding
7319,1,none
7320,1,none
7321,1,none
7322,1,none
7323,1,none
7324,1,none
7325,1,none
7326,1,none
7327,1,none
7328,1,none
7329,1,none
7330,1,none
7331,1,none
7332,1,none
7333,1,none
7334,1,none
7335,1,none
7336,1,none
7337,1,none
7338,1,none
7339,1,none
7340,1,none
7341,1,none
7342,1,none
7343,1,none
7344,1,none
7345,1,none
7346,1,none
7347,1,none
7348,1,none
7349,1,none
7350,1,none
7351,1,none
7352,1,none
7353,1,none
7354,0,shedding
7355,1,none
7356,1,none
7357,1,none
7358,1,none
7359,1,none
7360,1,none
7361,1,none
7362,1,none
7363,0,shedding
7364,0,shedding
7365,1,none
7366,1,none
7367,1,none
7368,1,none
7369,1,none
7370,1,none
7371,1,none
7372,1,none
7373,1,none
7374,1,none
7375,1,none
7376,1,none
7377,1,none
7378,1,none
7379,1,none
7380,1,none
7381,1,none
7382,1,none
7383,1,none
7384,1,none
7385,1,none
7386,1,none
7387,0,shedding
7388,1,none
7389,0,shedding
7390,1,none
7391,1,none
7392,1,none
7393,1,none
7394,1,none
7395,1,none
7396,1,none
7397,1,none
7398,1,none
7399,1,none
7400,1,none
7401,1,none
7402,1,none
7403,1,none
7404,1,none
7405,1,none
7406,1,none
7407,1,none
7408,1,none
7409,1,none
7410,1,none
7411,1,none
7412,0,shedding
7413,1,none
7414,0,shedding
7415,1,none
7416,1,none
7417,1,none
7418,1,none
7419,1,none
7420,1,none
7421,1,none
7422,1,none
7423,1,none
7424,1,none
7425,1,none
7426,1,none
7427,1,none
7428,1,none
7429,1,none
7430,1,none
7431,1,none
7432,1,none
7433,1,none
7434,1,none
7435,0,shedding
7436,1,none
7437,1,none
7438,1,none
7439,1,none
7440,1,none
7441,1,none
7442,1,none
7443,1,none
7444,1,none
7445,1,none
7446,1,none
7447,1,none
7448,1,none
7449,1,none
7450,1,none
7451,1,none
7452,1,none
7453,0,shedding
7454,1,none
7455,1,none
7456,1,none
7457,1,none
7458,1,none
7459,0,shedding
7460,1,none
7461,1,none
7462,1,none
7463,1,none
7464,1,none
7465,1,none
7466,1,none
7467,1,none
7468,1,none
7469,1,none
7470,1,none
7471,1,none
7472,1,none
7473,1,none
7474,1,none
7475,1,none
7476,1,none
7477,1,none
7478,1,none
7479,1,none
7480,1,none
7481,1,none
7482,1,none
7483,1,none
7484,0,shedding
7485,1,none
7486,0,shedding
7487,1,none
7488,1,none
7489,1,none
7490,1,none
7491,1,none
7492,1,none
7493,1,none
7494,1,none
7495,1,none
7496,1,none
7497,1,none
7498,1,none
7499,1,none
7500,1,none
7501,0,shedding
7502,1,none
7503,1,none
7504,1,none
7505,1,none
7506,1,none
7507,1,none
7508,1,none
7509,1,none
7510,1,none
7511,0,shedding
7512,1,none
7513,1,none
7514,1,none
7515,1,none
7516,1,none
7517,1,none
7518,1,none
7519,1,none
7520,1,none
7521,1,none
7522,1,none
7523,1,none
7524,1,none
7525,1,none
7526,1,none
7527,1,none
7528,1,none
7529,1,none
7530,1,none
7531,1,none
7532,1,none
7533,1,none
7534,1,none
7535,1,none
7536,1,none
7537,1,none
7538,1,none
7539,1,none
7540,1,none
7541,1,none
7542,1,none
7543,1,none
7544,1,none
7545,1,none
7546,1,none
7547,1,none
7548,1,none
7549,1,none
7550,1,none
7551,1,none
7552,1,none
7553,1,none
7554,1,none
7555,1,none
7556,1,none
7557,0,shedding
7558,0,shedding
7559,1,none
7560,1,none
7561,1,none
7562,1,none
7563,1,none
7564,1,none
7565,1,none
7566,1,none
7567,1,none
7568,1,none
7569,1,none
7570,1,none
7571,1,none
7572,1,none
7573,1,none
7574,1,none
7575,1,none
7576,1,none
7577,1,none
7578,0,shedding
7579,1,none
7580,1,none
7581,1,none
7582,1,none
7583,1,none
7584,1,none
7585,1,none
7586,1,none
7587,1,none
7588,1,none
7589,1,none
7590,1,none
7591,1,none
7592,1,none
7593,1,none
7594,1,none
7595,1,none
7596,0,shedding
7597,1,none
7598,1,none
7599,1,none
7600,1,none
7601,1,none
7602,0,shedding
7603,1,none
7604,1,none
7605,1,none
7606,1,none
7607,1,none
7608,1,none
7609,1,none
7610,1,none
7611,1,none
7612,1,none
7613,1,none
7614,1,none
7615,1,none
7616,1,none
7617,1,none
7618,1,none
7619,1,none
7620,0,shedding
7621,1,none
7622,1,none
7623,1,none
7624,1,none
7625,1,none
7626,1,none
7627,1,none
7628,1,none
7629,1,none
7630,1,none
7631,1,none
7632,1,none
7633,1,none
7634,1,none
7635,1,none
7636,1,none
7637,1,none
7638,1,none
7639,1,none
7640,1,none
7641,1,none
7642,1,none
7643,1,none
7644,1,none
7645,1,none
7646,1,none
7647,1,none
7648,1,none
7649,1,none
7650,0,shedding
7651,1,none
7652,1,none
7653,1,none
7654,0,shedding
7655,1,none
7656,1,none
7657,1,none
7658,1,none
7659,1,none
7660,1,none
7661,1,none
7662,1,none
7663,1,none
7664,1,none
7665,1,none
7666,1,none
7667,1,none
7668,1,none
7669,1,none
7670,1,none
7671,1,none
7672,1,none
7673,1,none
7674,0,shedding
7675,1,none
7676,1,none
7677,1,none
7678,1,none
7679,1,none
7680,1,none
7681,1,none
7682,1,none
7683,1,none
7684,1,none
7685,1,none
7686,1,none
7687,1,none
7688,1,none
7689,1,none
7690,1,none
7691,1,none
7692,1,none
7693,1,none
7694,1,none
7695,1,none
7696,1,none
7697,1,none
7698,1,none
7699,1,none
7700,1,none
7701,1,none
7702,1,none
7703,1,none
7704,1,none
7705,1,none
7706,1,none
7707,1,none
7708,1,none
7709,1,none
7710,1,none
7711,1,none
7712,1,none
7713,1,none
7714,1,none
7715,1,none
7716,1,none
7717,1,none
7718,0,shedding
7719,1,none
7720,1,none
7721,1,none
7722,1,none
7723,1,none
7724,1,none
7725,0,shedding
7726,1,none
7727,1,none
7728,1,none
7729,1,none
7730,1,none
7731,1,none
7732,1,none
7733,1,none
7734,1,none
7735,1,none
7736,1,none
7737,1,none
7738,1,none
7739,1,none
7740,1,none
7741,1,none
7742,1,none
7743,1,none
7744,1,none
7745,1,none
7746,0,shedding
7747,1,none
7748,0,shedding
7749,1,none
7750,1,none
7751,1,none
7752,1,none
7753,1,none
7754,1,none
7755,1,none
7756,1,none
7757,1,none
7758,1,none
7759,1,none
7760,1,none
7761,1,none
7762,1,none
7763,1,none
7764,1,none
7765,1,none
7766,1,none
7767,1,none
7768,1,none
7769,1,none
7770,1,none
7771,1,none
7772,1,none
7773,1,none
7774,1,none
7775,1,none
7776,1,none
7777,1,none
7778,1,none
7779,1,none
7780,1,none
7781,1,none
7782,1,none
7783,1,none
7784,1,none
7785,1,none
7786,1,none
7787,1,none
7788,1,none
7789,1,none
7790,1,none
7791,1,none
7792,1,none
7793,1,none
7794,1,none
7795,0,shedding
7796,1,none
7797,1,none
7798,1,none
7799,1,none
7800,1,none
7801,1,none
7802,1,none
7803,1,none
7804,1,none
7805,1,none
7806,1,none
7807,1,none
7808,1,none
7809,1,none
7810,1,none
7811,1,none
7812,1,none
7813,1,none
7814,1,none
7815,1,none
7816,1,none
7817,1,none
7818,1,none
7819,1,none
7820,1,none
7821,1,none
7822,1,none
7823,1,none
7824,0,shedding
7825,1,none
7826,1,none
7827,1,none
7828,1,none
7829,1,none
7830,1,none
7831,1,none
7832,1,none
7833,1,none
7834,1,none
7835,1,none
7836,1,none
7837,1,none
7838,1,none
7839,1,none
7840,1,none
7841,1,none
7842,1,none
7843,1,none
7844,1,none
7845,0,shedding
7846,0,shedding
7847,1,none
7848,1,none
7849,1,none
7850,1,none
7851,1,none
7852,1,none
7853,1,none
7854,1,none
7855,1,none
7856,1,none
7857,1,none
7858,1,none
7859,1,none
7860,1,none
7861,1,none
7862,1,none
7863,1,none
7864,1,none
7865,0,shedding
7866,1,none
7867,0,shedding
7868,1,none
7869,0,shedding
7870,1,none
7871,1,none
7872,1,none
7873,1,none
7874,1,none
7875,1,none
7876,1,none
7877,1,none
7878,1,none
7879,1,none
7880,1,none
7881,1,none
7882,1,none
7883,1,none
7884,0,shedding
7885,1,none
7886,1,none
7887,1,none
7888,1,none
7889,1,none
7890,1,none
7891,1,none
7892,1,none
7893,1,none
7894,1,none
7895,1,none
7896,1,none
7897,1,none
7898,1,none
7899,1,none
7900,1,none
7901,1,none
7902,1,none
7903,1,none
7904,1,none
7905,1,none
7906,1,none
7907,1,none
7908,1,none
7909,1,none
7910,1,none
7911,1,none
7912,1,none
7913,1,none
7914,1,none
7915,1,none
7916,1,none
7917,1,none
7918,1,none
7919,1,none
7920,1,none
7921,1,none
7922,1,none
7923,1,none
7924,1,none
7925,1,none
7926,1,none
7927,1,none
7928,1,none
7929,1,none
7930,1,none
7931,1,none
7932,1,none
7933,1,none
7934,1,none
7935,1,none
7936,1,none
7937,1,none
7938,1,none
7939,1,none
7940,1,none
7941,1,none
7942,1,none
7943,1,none
7944,0,shedding
7945,1,none
7946,1,none
7947,1,none
7948,1,none
7949,1,none
7950,1,none
7951,1,none
7952,1,none
7953,1,none
7954,1,none
7955,1,none
7956,1,none
7957,1,none
7958,1,none
7959,1,none
7960,1,none
7961,1,none
7962,0,shedding
7963,1,none
7964,1,none
7965,1,none
7966,1,none
7967,1,none
7968,1,none
7969,1,none
7970,1,none
7971,1,none
7972,1,none
7973,1,none
7974,1,none
7975,1,none
7976,1,none
7977,1,none
7978,1,none
7979,1,none
7980,1,none
7981,1,none
7982,1,none
7983,1,none
7984,1,none
7985,0,shedding
7986,1,none
7987,1,none
7988,1,none
7989,1,none
7990,1,none
7991,0,shedding
7992,1,none
7993,1,none
7994,1,none
7995,1,none
7996,1,none
7997,1,none
7998,1,none
7999,1,none
8000,1,none
8001,1,none
8002,1,none
8003,0,shedding
8004,1,none
8005,1,none
8006,0,shedding
8007,1,none
8008,1,none
8009,1,none
8010,1,none
8011,1,none
8012,1,none
8013,1,none
8014,1,none
8015,1,none
8016,1,none
8017,1,none
8018,1,none
8019,1,none
8020,1,none
8021,1,none
8022,1,none
8023,1,none
8024,1,none
8025,1,none
8026,1,none
8027,1,none
8028,1,none
8029,1,none
8030,1,none
8031,1,none
8032,1,none
8033,1,none
8034,1,none
8035,1,none
8036,1,none
8037,1,none
8038,0,shedding
8039,1,none
8040,1,none
8041,1,none
8042,1,none
8043,1,none
8044,1,none
8045,1,none
8046,1,none
8047,1,none
8048,1,none
8049,1,none
8050,1,none
8051,1,none
8052,1,none
8053,1,none
8054,0,shedding
8055,1,none
8056,1,none
8057,1,none
8058,1,none
8059,1,none
8060,1,none
8061,1,none
8062,1,none
8063,1,none
8064,1,none
8065,1,none
8066,1,none
8067,1,none
8068,1,none
8069,1,none
8070,1,none
8071,1,none
8072,1,none
8073,1,none
8074,1,none
8075,1,none
8076,1,none
8077,1,none
8078,1,none
8079,1,none
8080,1,none
8081,1,none
8082,1,none
8083,1,none
8084,1,none
8085,1,none
8086,0,shedding
8087,1,none
8088,1,none
8089,1,none
8090,1,none
8091,1,none
8092,1,none
8093,1,none
8094,1,none
8095,1,none
8096,1,none
8097,1,none
8098,1,none
8099,1,none
8100,1,none
8101,1,none
8102,1,none
8103,1,none
8104,1,none
8105,1,none
8106,1,none
8107,1,none
8108,1,none
8109,1,none
8110,1,none
8111,1,none
8112,1,none
8113,1,none
8114,1,none
8115,1,none
8116,1,none
8117,1,none
8118,1,none
8119,1,none
8120,1,none
8121,1,none
8122,1,none
8123,1,none
8124,1,none
8125,1,none
8126,1,none
8127,1,none
8128,0,shedding
8129,1,none
8130,1,none
8131,1,none
8132,1,none
8133,1,none
8134,1,none
8135,1,none
8136,1,none
8137,1,none
8138,1,none
8139,1,none
8140,1,none
8141,1,none
8142,1,none
8143,1,none
8144,1,none
8145,1,none
8146,1,none
8147,1,none
8148,1,none
8149,1,none
8150,1,none
8151,1,none
8152,1,none
8153,1,none
8154,1,none
8155,1,none
8156,1,none
8157,1,none
8158,1,none
8159,1,none
8160,1,none
8161,1,none
8162,1,none
8163,1,none
8164,1,none
8165,1,none
8166,1,none
8167,1,none
8168,1,none
8169,1,none
8170,1,none
8171,1,none
8172,1,none
8173,1,none
8174,1,none
8175,1,none
8176,1,none
8177,1,none
8178,1,none
8179,0,shedding
8180,1,none
8181,1,none
8182,1,none
8183,1,none
8184,1,none
8185,1,none
8186,1,none
8187,1,none
8188,1,none
8189,1,none
8190,1,none
8191,1,none
8192,1,none
8193,1,none
8194,1,none
8195,1,none
8196,1,none
8197,1,none
8198,1,none
8199,1,none
8200,1,none
8201,1,none
8202,1,none
8203,1,none
8204,1,none
8205,0,shedding
8206,1,none
8207,1,none
8208,1,none
8209,1,none
8210,1,none
8211,1,none
8212,1,none
8213,1,none
8214,1,none
8215,1,none
8216,1,none
8217,1,none
8218,1,none
8219,1,none
8220,1,none
8221,1,none
8222,1,none
8223,1,none
8224,1,none
8225,1,none
8226,1,none
8227,1,none
8228,1,none
8229,1,none
8230,0,shedding
8231,1,none
8232,1,none
8233,1,none
8234,1,none
8235,1,none
8236,1,none
8237,1,none
8238,1,none
8239,1,none
8240,1,none
8241,1,none
8242,1,none
8243,1,none
8244,1,none
8245,1,none
8246,1,none
8247,1,none
8248,1,none
8249,1,none
8250,1,none
8251,1,none
8252,1,none
8253,1,none
8254,1,none
8255,1,none
8256,1,none
8257,1,none
8258,1,none
8259,1,none
8260,1,none
8261,1,none
8262,1,none
8263,1,none
8264,1,none
8265,1,none
8266,1,none
8267,1,none
8268,1,none
8269,1,none
8270,1,none
8271,1,none
8272,1,none
8273,1,none
8274,1,none
8275,1,none
8276,1,none
8277,1,none
8278,1,none
8279,1,none
8280,1,none
8281,1,none
8282,1,none
8283,1,none
8284,1,none
8285,1,none
8286,1,none
8287,1,none
8288,1,none
8289,1,none
8290,1,none
8291,0,shedding
8292,1,none
8293,1,none
8294,1,none
8295,1,none
8296,1,none
8297,1,none
8298,1,none
8299,1,none
8300,1,none
8301,1,none
8302,1,none
8303,1,none
8304,1,none
8305,1,none
8306,1,none
8307,1,none
8308,1,none
8309,1,none
8310,1,none
8311,1,none
8312,1,none
8313,1,none
8314,1,none
8315,1,none
8316,1,none
8317,1,none
8318,1,none
8319,1,none
8320,1,none
8321,1,none
8322,1,none
8323,1,none
8324,1,none
8325,1,none
8326,1,none
8327,1,none
8328,1,none
8329,1,none
8330,1,none
8331,1,none
8332,1,none
8333,1,none
8334,1,none
8335,1,none
8336,1,none
8337,1,none
8338,1,none
8339,1,none
8340,1,none
8341,1,none
8342,1,none
8343,1,none
8344,1,none
8345,1,none
8346,1,none
8347,0,shedding
8348,1,none
8349,1,none
8350,0,shedding
8351,1,none
8352,1,none
8353,1,none
8354,1,none
8355,1,none
8356,1,none
8357,1,none
8358,1,none
8359,1,none
8360,1,none
8361,1,none
8362,1,none
8363,1,none
8364,1,none
8365,1,none
8366,1,none
8367,1,none
8368,1,none
8369,1,none
8370,1,none
8371,0,shedding
8372,1,none
8373,0,shedding
8374,1,none
8375,1,none
8376,1,none
8377,1,none
8378,1,none
8379,1,none
8380,1,none
8381,1,none
8382,1,none
8383,1,none
8384,1,none
8385,1,none
8386,1,none
8387,1,none
8388,1,none
8389,1,none
8390,1,none
8391,1,none
8392,1,none
8393,1,none
8394,1,none
8395,1,none
8396,1,none
8397,0,shedding
8398,1,none
8399,1,none
8400,1,none
8401,1,none
8402,1,none
8403,1,none
8404,1,none
8405,1,none
8406,1,none
8407,1,none
8408,1,none
8409,1,none
8410,1,none
8411,1,none
8412,1,none
8413,1,none
8414,0,shedding
8415,1,none
8416,1,none
8417,1,none
8418,1,none
8419,1,none
8420,1,none
8421,1,none
8422,0,shedding
8423,1,none
8424,1,none
8425,1,none
8426,1,none
8427,1,none
8428,1,none
8429,1,none
8430,1,none
8431,1,none
8432,1,none
8433,1,none
8434,1,none
8435,1,none
8436,0,shedding
8437,1,none
8438,1,none
8439,1,none
8440,1,none
8441,1,none
8442,1,none
8443,1,none
8444,1,none
8445,1,none
8446,1,none
8447,1,none
8448,1,none
8449,1,none
8450,1,none
8451,1,none
8452,1,none
8453,1,none
8454,1,none
8455,1,none
8456,1,none
8457,1,none
8458,1,none
8459,1,none
8460,1,none
8461,1,none
8462,0,shedding
8463,1,none
8464,1,none
8465,1,none
8466,1,none
8467,1,none
8468,1,none
8469,1,none
8470,1,none
8471,1,none
8472,1,none
8473,1,none
8474,1,none
8475,1,none
8476,1,none
8477,1,none
8478,1,none
8479,1,none
8480,1,none
8481,1,none
8482,1,none
8483,1,none
8484,1,none
8485,1,none
8486,1,none
8487,1,none
8488,1,none
8489,1,none
8490,1,none
8491,1,none
8492,0,shedding
8493,1,none
8494,0,shedding
8495,1,none
8496,1,none
8497,1,none
8498,1,none
8499,1,none
8500,1,none
8501,1,none
8502,1,none
8503,1,none
8504,1,none
8505,1,none
8506,1,none
8507,1,none
8508,1,none
8509,1,none
8510,1,none
8511,1,none
8512,1,none
8513,1,none
8514,1,none
8515,1,none
8516,1,none
8517,1,none
8518,1,none
8519,1,none
8520,1,none
8521,1,none
8522,1,none
8523,1,none
8524,1,none
8525,1,none
8526,1,none
8527,1,none
8528,1,none
8529,1,none
8530,1,none
8531,1,none
8532,1,none
8533,1,none
8534,1,none
8535,1,none
8536,1,none
8537,1,none
8538,1,none
8539,1,none
8540,1,none
8541,1,none
8542,1,none
8543,1,none
8544,1,none
8545,1,none
8546,1,none
8547,1,none
8548,1,none
8549,1,none
8550,1,none
8551,1,none
8552,1,none
8553,1,none
8554,1,none
8555,1,none
8556,1,none
8557,1,none
8558,1,none
8559,1,none
8560,1,none
8561,1,none
8562,1,none
8563,1,none
8564,1,none
8565,1,none
8566,1,none
8567,1,none
8568,1,none
8569,1,none
8570,1,none
8571,1,none
8572,1,none
8573,1,none
8574,1,none
8575,1,none
8576,1,none
8577,1,none
8578,1,none
8579,1,none
8580,1,none
8581,1,none
8582,1,none
8583,1,none
8584,1,none
8585,1,none
8586,1,none
8587,1,none
8588,1,none
8589,1,none
8590,1,none
8591,1,none
8592,1,none
8593,1,none
8594,1,none
8595,1,none
8596,1,none
8597,1,none
8598,1,none
8599,1,none
8600,1,none
8601,1,none
8602,1,none
8603,1,none
8604,1,none
8605,1,none
8606,1,none
8607,1,none
8608,1,none
8609,0,shedding
8610,1,none
8611,1,none
8612,1,none
8613,1,none
8614,0,shedding
8615,1,none
8616,1,none
8617,1,none
8618,1,none
8619,1,none
8620,1,none
8621,1,none
8622,1,none
8623,1,none
8624,1,none
8625,1,none
8626,1,none
8627,1,none
8628,1,none
8629,1,none
8630,1,none
8631,1,none
8632,1,none
8633,1,none
8634,1,none
8635,1,none
8636,1,none
8637,1,none
8638,1,none
8639,1,none
8640,1,none
8641,1,none
8642,1,none
8643,1,none
8644,1,none
8645,1,none
8646,1,none
8647,1,none
8648,1,none
8649,1,none
8650,1,none
8651,1,none
8652,1,none
8653,1,none
8654,1,none
8655,1,none
8656,1,none
8657,1,none
8658,1,none
8659,1,none
8660,1,none
8661,1,none
8662,1,none
8663,1,none
8664,1,none
8665,1,none
8666,1,none
8667,1,none
8668,1,none
8669,1,none
8670,1,none
8671,1,none
8672,1,none
8673,1,none
8674,1,none
8675,1,none
8676,1,none
8677,1,none
8678,1,none
8679,1,none
8680,1,none
8681,1,none
8682,1,none
8683,1,none
8684,0,shedding
8685,1,none
8686,0,shedding
8687,1,none
8688,1,none
8689,1,none
8690,1,none
8691,1,none
8692,1,none
8693,1,none
8694,1,none
8695,1,none
8696,1,none
8697,1,none
8698,1,none
8699,1,none
8700,1,none
8701,1,none
8702,1,none
8703,0,shedding
8704,1,none
8705,1,none
8706,1,none
8707,1,none
8708,1,none
8709,1,none
8710,0,shedding
8711,1,none
8712,1,none
8713,1,none
8714,1,none
8715,1,none
8716,1,none
8717,1,none
8718,1,none
8719,1,none
8720,1,none
8721,1,none
8722,1,none
8723,1,none
8724,1,none
8725,0,shedding
8726,1,none
8727,1,none
8728,1,none
8729,1,none
8730,1,none
8731,1,none
8732,1,none
8733,1,none
8734,1,none
8735,1,none
8736,1,none
8737,1,none
8738,1,none
8739,1,none
8740,1,none
8741,1,none
8742,1,none
8743,1,none
8744,1,none
8745,1,none
8746,1,none
8747,1,none
8748,1,none
8749,1,none
8750,1,none
8751,1,none
8752,1,none
8753,1,none
8754,1,none
8755,0,shedding
8756,1,none
8757,1,none
8758,0,shedding
8759,1,none
8760,1,none
