-BEGIN HEADER-,,,,
NASA/POWER Source Native Resolution Hourly Data ,,,,
Dates (month/day/year): 01/01/2025 through 12/31/2025 in LST,,,,
Location: Latitude  22.9733   Longitude 91.385 ,,,,
Elevation from MERRA-2: Average for 0.5 x 0.625 degree lat/lon region = 10.66 meters,,,,
The value for missing source data that cannot be computed or is outside of the sources availability range: -999 ,,,,
Parameter(s): ,,,,
T2M     MERRA-2 Temperature at 2 Meters (C) ,,,,
-END HEADER-,,,,
YEAR,MO,DY,HR,T2M
2025,1,1,0,12.78
2025,1,1,1,12.26
2025,1,1,2,11.81
2025,1,1,3,11.4
2025,1,1,4,11.05
2025,1,1,5,10.83
2025,1,1,6,10.73
2025,1,1,7,13.24
2025,1,1,8,15.33
2025,1,1,9,17.94
2025,1,1,10,20.64
2025,1,1,11,22.02
2025,1,1,12,22.52
2025,1,1,13,22.68
2025,1,1,14,22.49
2025,1,1,15,21.7
2025,1,1,16,19.79
2025,1,1,17,17
2025,1,1,18,16.11
2025,1,1,19,15.43
2025,1,1,20,14.81
2025,1,1,21,14.23
2025,1,1,22,13.7
2025,1,1,23,13.17
2025,1,2,0,12.65
2025,1,2,1,12.23
2025,1,2,2,11.98
2025,1,2,3,11.77
2025,1,2,4,11.45
2025,1,2,5,11.1
2025,1,2,6,10.89
2025,1,2,7,13.43
2025,1,2,8,15.54
2025,1,2,9,18.75
2025,1,2,10,21.03
2025,1,2,11,22.11
2025,1,2,12,22.71
2025,1,2,13,22.93
2025,1,2,14,22.74
2025,1,2,15,22
2025,1,2,16,20.2
2025,1,2,17,17.52
2025,1,2,18,16.58
2025,1,2,19,15.89
2025,1,2,20,15.22
2025,1,2,21,14.53
2025,1,2,22,13.85
2025,1,2,23,13.23
2025,1,3,0,12.68
2025,1,3,1,12.2
2025,1,3,2,11.81
2025,1,3,3,11.54
2025,1,3,4,11.29
2025,1,3,5,11.01
2025,1,3,6,10.82
2025,1,3,7,13.46
2025,1,3,8,15.68
2025,1,3,9,18.51
2025,1,3,10,20.45
2025,1,3,11,21.9
2025,1,3,12,23.06
2025,1,3,13,23.78
2025,1,3,14,23.71
2025,1,3,15,23.23
2025,1,3,16,21.51
2025,1,3,17,19.27
2025,1,3,18,18.2
2025,1,3,19,16.99
2025,1,3,20,15.99
2025,1,3,21,15.22
2025,1,3,22,14.43
2025,1,3,23,13.71
2025,1,4,0,13.17
2025,1,4,1,12.77
2025,1,4,2,12.47
2025,1,4,3,12.25
2025,1,4,4,12.2
2025,1,4,5,12.34
2025,1,4,6,12.4
2025,1,4,7,14.4
2025,1,4,8,16.53
2025,1,4,9,19.33
2025,1,4,10,21.45
2025,1,4,11,23.26
2025,1,4,12,24.07
2025,1,4,13,24.26
2025,1,4,14,24.07
2025,1,4,15,23.41
2025,1,4,16,21.88
2025,1,4,17,19.41
2025,1,4,18,18.47
2025,1,4,19,17.83
2025,1,4,20,17.23
2025,1,4,21,16.91
2025,1,4,22,16.67
2025,1,4,23,16.86
2025,1,5,0,16.69
2025,1,5,1,16.25
2025,1,5,2,15.3
2025,1,5,3,14.74
2025,1,5,4,14.38
2025,1,5,5,14.11
2025,1,5,6,13.84
2025,1,5,7,15.76
2025,1,5,8,17.86
2025,1,5,9,20.43
2025,1,5,10,22
2025,1,5,11,23.97
2025,1,5,12,25.29
2025,1,5,13,25.64
2025,1,5,14,25.51
2025,1,5,15,25.01
2025,1,5,16,24.26
2025,1,5,17,23.09
2025,1,5,18,22.44
2025,1,5,19,21.84
2025,1,5,20,21.26
2025,1,5,21,20.4
2025,1,5,22,18.96
2025,1,5,23,18.21
2025,1,6,0,17.49
2025,1,6,1,17
2025,1,6,2,16.7
2025,1,6,3,16.18
2025,1,6,4,16.22
2025,1,6,5,16.25
2025,1,6,6,16.03
2025,1,6,7,16.98
2025,1,6,8,18.7
2025,1,6,9,22.31
2025,1,6,10,24.88
2025,1,6,11,25.7
2025,1,6,12,26.02
2025,1,6,13,25.96
2025,1,6,14,25.7
2025,1,6,15,25.04
2025,1,6,16,23.89
2025,1,6,17,21.94
2025,1,6,18,21.27
2025,1,6,19,20.52
2025,1,6,20,19.59
2025,1,6,21,18.83
2025,1,6,22,18.29
2025,1,6,23,17.78
2025,1,7,0,17.38
2025,1,7,1,17.12
2025,1,7,2,16.89
2025,1,7,3,16.72
2025,1,7,4,16.98
2025,1,7,5,16.79
2025,1,7,6,16.18
2025,1,7,7,17.61
2025,1,7,8,19.38
2025,1,7,9,21.71
2025,1,7,10,22.98
2025,1,7,11,23.73
2025,1,7,12,24.1
2025,1,7,13,24.2
2025,1,7,14,24
2025,1,7,15,23.42
2025,1,7,16,22
2025,1,7,17,19.78
2025,1,7,18,19.2
2025,1,7,19,18.6
2025,1,7,20,18.13
2025,1,7,21,17.64
2025,1,7,22,17.55
2025,1,7,23,17.32
2025,1,8,0,17.29
2025,1,8,1,17.15
2025,1,8,2,16.83
2025,1,8,3,16.26
2025,1,8,4,15.62
2025,1,8,5,15.13
2025,1,8,6,14.89
2025,1,8,7,16.48
2025,1,8,8,18.56
2025,1,8,9,20.76
2025,1,8,10,22.16
2025,1,8,11,22.95
2025,1,8,12,23.36
2025,1,8,13,23.37
2025,1,8,14,22.97
2025,1,8,15,21.99
2025,1,8,16,20.15
2025,1,8,17,17.67
2025,1,8,18,16.78
2025,1,8,19,16.07
2025,1,8,20,15.33
2025,1,8,21,14.67
2025,1,8,22,14.11
2025,1,8,23,13.56
2025,1,9,0,13.03
2025,1,9,1,12.49
2025,1,9,2,11.95
2025,1,9,3,11.45
2025,1,9,4,10.99
2025,1,9,5,10.58
2025,1,9,6,10.32
2025,1,9,7,12.59
2025,1,9,8,14.6
2025,1,9,9,17.86
2025,1,9,10,20.11
2025,1,9,11,21.1
2025,1,9,12,21.7
2025,1,9,13,21.97
2025,1,9,14,21.85
2025,1,9,15,21.15
2025,1,9,16,19.28
2025,1,9,17,16.33
2025,1,9,18,15.42
2025,1,9,19,14.76
2025,1,9,20,14.1
2025,1,9,21,13.49
2025,1,9,22,12.92
2025,1,9,23,12.39
2025,1,10,0,11.85
2025,1,10,1,11.35
2025,1,10,2,10.91
2025,1,10,3,10.49
2025,1,10,4,10.03
2025,1,10,5,9.64
2025,1,10,6,9.43
2025,1,10,7,12.27
2025,1,10,8,14.56
2025,1,10,9,17.64
2025,1,10,10,20.39
2025,1,10,11,21.45
2025,1,10,12,22.12
2025,1,10,13,22.35
2025,1,10,14,22.18
2025,1,10,15,21.54
2025,1,10,16,19.88
2025,1,10,17,17.29
2025,1,10,18,16.13
2025,1,10,19,15.09
2025,1,10,20,14.27
2025,1,10,21,13.65
2025,1,10,22,13.12
2025,1,10,23,12.57
2025,1,11,0,12.02
2025,1,11,1,11.51
2025,1,11,2,11.04
2025,1,11,3,10.63
2025,1,11,4,10.33
2025,1,11,5,10.18
2025,1,11,6,10.15
2025,1,11,7,12.87
2025,1,11,8,15.36
2025,1,11,9,18.23
2025,1,11,10,21.74
2025,1,11,11,23.06
2025,1,11,12,23.83
2025,1,11,13,24.27
2025,1,11,14,24.2
2025,1,11,15,23.68
2025,1,11,16,21.92
2025,1,11,17,19.08
2025,1,11,18,17.94
2025,1,11,19,17.33
2025,1,11,20,16.94
2025,1,11,21,16.34
2025,1,11,22,15.63
2025,1,11,23,14.92
2025,1,12,0,14.3
2025,1,12,1,13.79
2025,1,12,2,13.39
2025,1,12,3,13.01
2025,1,12,4,12.64
2025,1,12,5,12.26
2025,1,12,6,11.9
2025,1,12,7,14.46
2025,1,12,8,16.9
2025,1,12,9,19.41
2025,1,12,10,23.46
2025,1,12,11,25.41
2025,1,12,12,25.94
2025,1,12,13,25.91
2025,1,12,14,25.6
2025,1,12,15,25.39
2025,1,12,16,23.74
2025,1,12,17,21.22
2025,1,12,18,20.35
2025,1,12,19,20.09
2025,1,12,20,20.42
2025,1,12,21,20
2025,1,12,22,19.4
2025,1,12,23,18.66
2025,1,13,0,17.88
2025,1,13,1,17.23
2025,1,13,2,16.57
2025,1,13,3,15.9
2025,1,13,4,15.4
2025,1,13,5,15
2025,1,13,6,14.58
2025,1,13,7,15.37
2025,1,13,8,17.18
2025,1,13,9,20.18
2025,1,13,10,23.49
2025,1,13,11,24.49
2025,1,13,12,24.93
2025,1,13,13,25.03
2025,1,13,14,24.75
2025,1,13,15,24.39
2025,1,13,16,22.76
2025,1,13,17,21.22
2025,1,13,18,20.85
2025,1,13,19,20.32
2025,1,13,20,19.29
2025,1,13,21,18.67
2025,1,13,22,18.06
2025,1,13,23,17.31
2025,1,14,0,16.62
2025,1,14,1,15.32
2025,1,14,2,14.21
2025,1,14,3,13.55
2025,1,14,4,13.16
2025,1,14,5,12.94
2025,1,14,6,12.94
2025,1,14,7,15.1
2025,1,14,8,17.32
2025,1,14,9,19.93
2025,1,14,10,22.58
2025,1,14,11,23.46
2025,1,14,12,23.9
2025,1,14,13,23.98
2025,1,14,14,23.69
2025,1,14,15,22.97
2025,1,14,16,21.06
2025,1,14,17,18.05
2025,1,14,18,17.09
2025,1,14,19,16.37
2025,1,14,20,15.68
2025,1,14,21,15.04
2025,1,14,22,14.37
2025,1,14,23,13.73
2025,1,15,0,13.14
2025,1,15,1,12.59
2025,1,15,2,12.07
2025,1,15,3,11.59
2025,1,15,4,11.19
2025,1,15,5,10.91
2025,1,15,6,10.77
2025,1,15,7,13.41
2025,1,15,8,15.47
2025,1,15,9,18.42
2025,1,15,10,21.47
2025,1,15,11,22.74
2025,1,15,12,23.5
2025,1,15,13,23.81
2025,1,15,14,23.67
2025,1,15,15,23.09
2025,1,15,16,21.53
2025,1,15,17,19.15
2025,1,15,18,18.06
2025,1,15,19,17.13
2025,1,15,20,16.26
2025,1,15,21,15.6
2025,1,15,22,15.02
2025,1,15,23,14.52
2025,1,16,0,14.12
2025,1,16,1,13.68
2025,1,16,2,13.24
2025,1,16,3,12.96
2025,1,16,4,12.9
2025,1,16,5,13.04
2025,1,16,6,13.23
2025,1,16,7,15.23
2025,1,16,8,17.29
2025,1,16,9,20.2
2025,1,16,10,23.73
2025,1,16,11,24.9
2025,1,16,12,25.48
2025,1,16,13,25.66
2025,1,16,14,25.55
2025,1,16,15,25.11
2025,1,16,16,24.13
2025,1,16,17,21.4
2025,1,16,18,19.76
2025,1,16,19,18.72
2025,1,16,20,18.05
2025,1,16,21,17.52
2025,1,16,22,16.98
2025,1,16,23,16.41
2025,1,17,0,15.84
2025,1,17,1,15.36
2025,1,17,2,15.04
2025,1,17,3,14.68
2025,1,17,4,14.21
2025,1,17,5,13.71
2025,1,17,6,13.41
2025,1,17,7,15.93
2025,1,17,8,17.93
2025,1,17,9,21.08
2025,1,17,10,23.84
2025,1,17,11,24.79
2025,1,17,12,25.24
2025,1,17,13,25.32
2025,1,17,14,25.03
2025,1,17,15,24.32
2025,1,17,16,22.55
2025,1,17,17,19.35
2025,1,17,18,18.31
2025,1,17,19,17.61
2025,1,17,20,16.99
2025,1,17,21,16.43
2025,1,17,22,15.86
2025,1,17,23,15.21
2025,1,18,0,14.56
2025,1,18,1,13.95
2025,1,18,2,13.42
2025,1,18,3,12.91
2025,1,18,4,12.43
2025,1,18,5,12.02
2025,1,18,6,11.84
2025,1,18,7,14.57
2025,1,18,8,16.73
2025,1,18,9,19.92
2025,1,18,10,22.97
2025,1,18,11,23.81
2025,1,18,12,24.27
2025,1,18,13,24.44
2025,1,18,14,24.25
2025,1,18,15,23.54
2025,1,18,16,21.56
2025,1,18,17,18.61
2025,1,18,18,17.7
2025,1,18,19,17.03
2025,1,18,20,16.36
2025,1,18,21,15.68
2025,1,18,22,15.02
2025,1,18,23,14.37
2025,1,19,0,13.73
2025,1,19,1,13.16
2025,1,19,2,12.67
2025,1,19,3,12.12
2025,1,19,4,11.5
2025,1,19,5,10.9
2025,1,19,6,10.57
2025,1,19,7,12.99
2025,1,19,8,15.03
2025,1,19,9,18.49
2025,1,19,10,21.57
2025,1,19,11,22.68
2025,1,19,12,23.26
2025,1,19,13,23.44
2025,1,19,14,23.24
2025,1,19,15,22.49
2025,1,19,16,20.6
2025,1,19,17,17.76
2025,1,19,18,16.66
2025,1,19,19,15.84
2025,1,19,20,15.25
2025,1,19,21,14.82
2025,1,19,22,14.25
2025,1,19,23,13.48
2025,1,20,0,12.85
2025,1,20,1,12.29
2025,1,20,2,11.76
2025,1,20,3,11.23
2025,1,20,4,10.74
2025,1,20,5,10.34
2025,1,20,6,10.22
2025,1,20,7,13.05
2025,1,20,8,15.3
2025,1,20,9,18.7
2025,1,20,10,21.39
2025,1,20,11,22.46
2025,1,20,12,23.11
2025,1,20,13,23.3
2025,1,20,14,23.11
2025,1,20,15,22.38
2025,1,20,16,20.59
2025,1,20,17,18.35
2025,1,20,18,17.78
2025,1,20,19,17.25
2025,1,20,20,16.79
2025,1,20,21,16.44
2025,1,20,22,15.98
2025,1,20,23,15.32
2025,1,21,0,14.5
2025,1,21,1,13.44
2025,1,21,2,12.32
2025,1,21,3,11.51
2025,1,21,4,10.92
2025,1,21,5,10.47
2025,1,21,6,10.28
2025,1,21,7,12.72
2025,1,21,8,14.81
2025,1,21,9,17.98
2025,1,21,10,21.15
2025,1,21,11,22.27
2025,1,21,12,22.97
2025,1,21,13,23.22
2025,1,21,14,23.05
2025,1,21,15,22.37
2025,1,21,16,20.55
2025,1,21,17,18.74
2025,1,21,18,18.44
2025,1,21,19,17.9
2025,1,21,20,17.53
2025,1,21,21,16.92
2025,1,21,22,16.24
2025,1,21,23,15.86
2025,1,22,0,15.12
2025,1,22,1,14.43
2025,1,22,2,13.76
2025,1,22,3,13.1
2025,1,22,4,12.57
2025,1,22,5,12.23
2025,1,22,6,12.14
2025,1,22,7,13.74
2025,1,22,8,15.51
2025,1,22,9,17.61
2025,1,22,10,20.8
2025,1,22,11,22.06
2025,1,22,12,22.64
2025,1,22,13,22.86
2025,1,22,14,22.77
2025,1,22,15,22.17
2025,1,22,16,20.24
2025,1,22,17,17.84
2025,1,22,18,17.22
2025,1,22,19,16.83
2025,1,22,20,16.44
2025,1,22,21,16.04
2025,1,22,22,15.6
2025,1,22,23,15.11
2025,1,23,0,14.59
2025,1,23,1,13.98
2025,1,23,2,13.3
2025,1,23,3,12.64
2025,1,23,4,12.11
2025,1,23,5,11.76
2025,1,23,6,11.72
2025,1,23,7,13.83
2025,1,23,8,16
2025,1,23,9,19.2
2025,1,23,10,21.62
2025,1,23,11,22.75
2025,1,23,12,23.45
2025,1,23,13,23.79
2025,1,23,14,23.69
2025,1,23,15,22.87
2025,1,23,16,20.7
2025,1,23,17,18.4
2025,1,23,18,17.67
2025,1,23,19,16.91
2025,1,23,20,16.06
2025,1,23,21,15.38
2025,1,23,22,14.9
2025,1,23,23,14.43
2025,1,24,0,13.97
2025,1,24,1,13.48
2025,1,24,2,13.01
2025,1,24,3,12.56
2025,1,24,4,12.2
2025,1,24,5,11.92
2025,1,24,6,11.78
2025,1,24,7,13.76
2025,1,24,8,15.88
2025,1,24,9,18.95
2025,1,24,10,22
2025,1,24,11,23.09
2025,1,24,12,23.63
2025,1,24,13,23.82
2025,1,24,14,23.65
2025,1,24,15,23.07
2025,1,24,16,21.35
2025,1,24,17,18.99
2025,1,24,18,18.21
2025,1,24,19,17.51
2025,1,24,20,16.69
2025,1,24,21,15.92
2025,1,24,22,15.23
2025,1,24,23,14.7
2025,1,25,0,14.28
2025,1,25,1,13.96
2025,1,25,2,13.74
2025,1,25,3,13.4
2025,1,25,4,12.98
2025,1,25,5,12.64
2025,1,25,6,12.49
2025,1,25,7,14.64
2025,1,25,8,16.39
2025,1,25,9,18.84
2025,1,25,10,21.51
2025,1,25,11,22.64
2025,1,25,12,23.29
2025,1,25,13,23.63
2025,1,25,14,23.6
2025,1,25,15,23.04
2025,1,25,16,21.28
2025,1,25,17,18.96
2025,1,25,18,17.99
2025,1,25,19,17.08
2025,1,25,20,16.28
2025,1,25,21,15.64
2025,1,25,22,15.11
2025,1,25,23,14.58
2025,1,26,0,14.09
2025,1,26,1,13.62
2025,1,26,2,13.17
2025,1,26,3,12.66
2025,1,26,4,12.11
2025,1,26,5,11.62
2025,1,26,6,11.4
2025,1,26,7,14.09
2025,1,26,8,16.17
2025,1,26,9,19.15
2025,1,26,10,21.29
2025,1,26,11,22.18
2025,1,26,12,22.71
2025,1,26,13,22.94
2025,1,26,14,22.79
2025,1,26,15,22.01
2025,1,26,16,20.07
2025,1,26,17,17.06
2025,1,26,18,16.13
2025,1,26,19,15.44
2025,1,26,20,14.74
2025,1,26,21,14.14
2025,1,26,22,13.59
2025,1,26,23,13.07
2025,1,27,0,12.59
2025,1,27,1,12.17
2025,1,27,2,11.81
2025,1,27,3,11.45
2025,1,27,4,11.1
2025,1,27,5,10.83
2025,1,27,6,10.71
2025,1,27,7,13.2
2025,1,27,8,15.25
2025,1,27,9,18.21
2025,1,27,10,21.36
2025,1,27,11,22.45
2025,1,27,12,23.07
2025,1,27,13,23.33
2025,1,27,14,23.21
2025,1,27,15,22.59
2025,1,27,16,21.09
2025,1,27,17,19.25
2025,1,27,18,18.77
2025,1,27,19,18.18
2025,1,27,20,17.6
2025,1,27,21,17.25
2025,1,27,22,17.46
2025,1,27,23,17.32
2025,1,28,0,16.72
2025,1,28,1,15.77
2025,1,28,2,14.35
2025,1,28,3,13.83
2025,1,28,4,13.31
2025,1,28,5,12.81
2025,1,28,6,12.57
2025,1,28,7,14.37
2025,1,28,8,16.36
2025,1,28,9,20.31
2025,1,28,10,22.28
2025,1,28,11,23.04
2025,1,28,12,23.48
2025,1,28,13,23.62
2025,1,28,14,23.45
2025,1,28,15,22.86
2025,1,28,16,21.64
2025,1,28,17,20.01
2025,1,28,18,19.22
2025,1,28,19,19.57
2025,1,28,20,19.6
2025,1,28,21,19.27
2025,1,28,22,18.86
2025,1,28,23,18.16
2025,1,29,0,17.17
2025,1,29,1,15.7
2025,1,29,2,14.78
2025,1,29,3,14.02
2025,1,29,4,13.48
2025,1,29,5,13.38
2025,1,29,6,13.57
2025,1,29,7,14.69
2025,1,29,8,16.49
2025,1,29,9,19.68
2025,1,29,10,22.83
2025,1,29,11,23.62
2025,1,29,12,23.99
2025,1,29,13,24.07
2025,1,29,14,23.87
2025,1,29,15,23.32
2025,1,29,16,22.26
2025,1,29,17,21.17
2025,1,29,18,20.53
2025,1,29,19,19.1
2025,1,29,20,17.63
2025,1,29,21,17.14
2025,1,29,22,16.56
2025,1,29,23,15.62
2025,1,30,0,15.81
2025,1,30,1,15.78
2025,1,30,2,15.27
2025,1,30,3,14.91
2025,1,30,4,14.53
2025,1,30,5,13.44
2025,1,30,6,12.92
2025,1,30,7,14.93
2025,1,30,8,17.31
2025,1,30,9,20.29
2025,1,30,10,23.14
2025,1,30,11,23.94
2025,1,30,12,24.35
2025,1,30,13,24.47
2025,1,30,14,24.26
2025,1,30,15,23.67
2025,1,30,16,22.21
2025,1,30,17,19.89
2025,1,30,18,19.22
2025,1,30,19,18.9
2025,1,30,20,18.64
2025,1,30,21,18.53
2025,1,30,22,18.42
2025,1,30,23,18.25
2025,1,31,0,18.11
2025,1,31,1,17.97
2025,1,31,2,17.81
2025,1,31,3,17.65
2025,1,31,4,17.52
2025,1,31,5,17.35
2025,1,31,6,17.38
2025,1,31,7,19.33
2025,1,31,8,20.91
2025,1,31,9,22.88
2025,1,31,10,24.4
2025,1,31,11,25.37
2025,1,31,12,25.92
2025,1,31,13,26.05
2025,1,31,14,25.68
2025,1,31,15,24.95
2025,1,31,16,23.54
2025,1,31,17,21.3
2025,1,31,18,20.54
2025,1,31,19,20.03
2025,1,31,20,19.46
2025,1,31,21,19.09
2025,1,31,22,18.96
2025,1,31,23,18.8
2025,2,1,0,18.67
2025,2,1,1,18.37
2025,2,1,2,18.36
2025,2,1,3,18.44
2025,2,1,4,18.4
2025,2,1,5,18.29
2025,2,1,6,18.26
2025,2,1,7,20.39
2025,2,1,8,22.02
2025,2,1,9,23.3
2025,2,1,10,24.46
2025,2,1,11,25.43
2025,2,1,12,26
2025,2,1,13,26.19
2025,2,1,14,26.07
2025,2,1,15,25.58
2025,2,1,16,24.62
2025,2,1,17,23.75
2025,2,1,18,23.11
2025,2,1,19,22.32
2025,2,1,20,21.05
2025,2,1,21,20.03
2025,2,1,22,19.56
2025,2,1,23,18.71
2025,2,2,0,18
2025,2,2,1,17.53
2025,2,2,2,17.11
2025,2,2,3,16.79
2025,2,2,4,16.83
2025,2,2,5,17.02
2025,2,2,6,16.99
2025,2,2,7,19.09
2025,2,2,8,21.32
2025,2,2,9,23.16
2025,2,2,10,24.42
2025,2,2,11,25.33
2025,2,2,12,25.9
2025,2,2,13,26.11
2025,2,2,14,25.96
2025,2,2,15,25.25
2025,2,2,16,24.01
2025,2,2,17,22.12
2025,2,2,18,21.37
2025,2,2,19,20.41
2025,2,2,20,19.38
2025,2,2,21,18.59
2025,2,2,22,18.06
2025,2,2,23,17.56
2025,2,3,0,17.08
2025,2,3,1,16.61
2025,2,3,2,16.17
2025,2,3,3,15.74
2025,2,3,4,15.29
2025,2,3,5,14.87
2025,2,3,6,14.66
2025,2,3,7,17.29
2025,2,3,8,19.36
2025,2,3,9,22.63
2025,2,3,10,25.22
2025,2,3,11,25.92
2025,2,3,12,26.22
2025,2,3,13,26.25
2025,2,3,14,26.01
2025,2,3,15,25.3
2025,2,3,16,23.75
2025,2,3,17,20.84
2025,2,3,18,19.77
2025,2,3,19,19.04
2025,2,3,20,18.36
2025,2,3,21,17.71
2025,2,3,22,17.02
2025,2,3,23,16.25
2025,2,4,0,15.52
2025,2,4,1,14.89
2025,2,4,2,14.33
2025,2,4,3,13.79
2025,2,4,4,13.3
2025,2,4,5,12.95
2025,2,4,6,13
2025,2,4,7,16.09
2025,2,4,8,18.2
2025,2,4,9,21.21
2025,2,4,10,24.05
2025,2,4,11,24.83
2025,2,4,12,25.26
2025,2,4,13,25.42
2025,2,4,14,25.33
2025,2,4,15,24.87
2025,2,4,16,23.3
2025,2,4,17,21.38
2025,2,4,18,20.61
2025,2,4,19,19.92
2025,2,4,20,19.61
2025,2,4,21,18.97
2025,2,4,22,18.35
2025,2,4,23,17.53
2025,2,5,0,16.5
2025,2,5,1,15.36
2025,2,5,2,14.5
2025,2,5,3,13.94
2025,2,5,4,13.53
2025,2,5,5,13.22
2025,2,5,6,13.26
2025,2,5,7,15.48
2025,2,5,8,17.4
2025,2,5,9,20.78
2025,2,5,10,23.57
2025,2,5,11,24.5
2025,2,5,12,25.05
2025,2,5,13,25.37
2025,2,5,14,25.36
2025,2,5,15,24.83
2025,2,5,16,23.71
2025,2,5,17,21.97
2025,2,5,18,21.03
2025,2,5,19,20.26
2025,2,5,20,19.22
2025,2,5,21,18.53
2025,2,5,22,17.99
2025,2,5,23,17.53
2025,2,6,0,17.18
2025,2,6,1,16.91
2025,2,6,2,16.73
2025,2,6,3,16.52
2025,2,6,4,16.29
2025,2,6,5,15.98
2025,2,6,6,15.83
2025,2,6,7,18.3
2025,2,6,8,20.26
2025,2,6,9,23.45
2025,2,6,10,25.7
2025,2,6,11,26.69
2025,2,6,12,27.2
2025,2,6,13,27.4
2025,2,6,14,27.29
2025,2,6,15,26.75
2025,2,6,16,25.38
2025,2,6,17,23.01
2025,2,6,18,22.11
2025,2,6,19,21.39
2025,2,6,20,20.62
2025,2,6,21,19.98
2025,2,6,22,19.39
2025,2,6,23,18.88
2025,2,7,0,18.34
2025,2,7,1,17.57
2025,2,7,2,16.66
2025,2,7,3,15.84
2025,2,7,4,15.26
2025,2,7,5,14.75
2025,2,7,6,14.48
2025,2,7,7,16.52
2025,2,7,8,18.58
2025,2,7,9,22.77
2025,2,7,10,24.83
2025,2,7,11,25.61
2025,2,7,12,26.05
2025,2,7,13,26.18
2025,2,7,14,25.98
2025,2,7,15,25.17
2025,2,7,16,23.6
2025,2,7,17,19.99
2025,2,7,18,18.67
2025,2,7,19,18.03
2025,2,7,20,17.53
2025,2,7,21,16.77
2025,2,7,22,15.82
2025,2,7,23,14.72
2025,2,8,0,13.54
2025,2,8,1,12.53
2025,2,8,2,11.75
2025,2,8,3,11.11
2025,2,8,4,10.5
2025,2,8,5,9.98
2025,2,8,6,10.05
2025,2,8,7,13.61
2025,2,8,8,15.93
2025,2,8,9,19.39
2025,2,8,10,22.69
2025,2,8,11,23.79
2025,2,8,12,24.42
2025,2,8,13,24.68
2025,2,8,14,24.59
2025,2,8,15,23.72
2025,2,8,16,21.95
2025,2,8,17,18.66
2025,2,8,18,18.04
2025,2,8,19,17.38
2025,2,8,20,16.25
2025,2,8,21,15.36
2025,2,8,22,14.65
2025,2,8,23,13.87
2025,2,9,0,13.08
2025,2,9,1,12.33
2025,2,9,2,11.79
2025,2,9,3,11.3
2025,2,9,4,10.77
2025,2,9,5,10.33
2025,2,9,6,10.43
2025,2,9,7,13.44
2025,2,9,8,15.67
2025,2,9,9,19.07
2025,2,9,10,22.34
2025,2,9,11,23.51
2025,2,9,12,24.22
2025,2,9,13,24.53
2025,2,9,14,24.51
2025,2,9,15,24.03
2025,2,9,16,22.46
2025,2,9,17,20.3
2025,2,9,18,19.97
2025,2,9,19,19.87
2025,2,9,20,19.09
2025,2,9,21,18.38
2025,2,9,22,17.85
2025,2,9,23,17.27
2025,2,10,0,16.58
2025,2,10,1,15.33
2025,2,10,2,14.38
2025,2,10,3,13.73
2025,2,10,4,13.19
2025,2,10,5,12.51
2025,2,10,6,12.33
2025,2,10,7,14.62
2025,2,10,8,16.74
2025,2,10,9,19.72
2025,2,10,10,23.16
2025,2,10,11,24.19
2025,2,10,12,24.82
2025,2,10,13,25.05
2025,2,10,14,24.99
2025,2,10,15,24.52
2025,2,10,16,23.74
2025,2,10,17,22.45
2025,2,10,18,21.63
2025,2,10,19,19.94
2025,2,10,20,18.68
2025,2,10,21,17.53
2025,2,10,22,16.18
2025,2,10,23,15.29
2025,2,11,0,14.99
2025,2,11,1,14.98
2025,2,11,2,15.07
2025,2,11,3,14.74
2025,2,11,4,14.05
2025,2,11,5,13.5
2025,2,11,6,13.65
2025,2,11,7,17.23
2025,2,11,8,19.94
2025,2,11,9,22.58
2025,2,11,10,24.23
2025,2,11,11,25.45
2025,2,11,12,26.27
2025,2,11,13,26.7
2025,2,11,14,26.76
2025,2,11,15,26.32
2025,2,11,16,24.82
2025,2,11,17,21.55
2025,2,11,18,20.42
2025,2,11,19,20
2025,2,11,20,19.58
2025,2,11,21,19.08
2025,2,11,22,18.73
2025,2,11,23,18.57
2025,2,12,0,18.47
2025,2,12,1,18.3
2025,2,12,2,18.07
2025,2,12,3,17.91
2025,2,12,4,17.85
2025,2,12,5,17.75
2025,2,12,6,17.81
2025,2,12,7,21.07
2025,2,12,8,23.31
2025,2,12,9,25.16
2025,2,12,10,26.4
2025,2,12,11,27.19
2025,2,12,12,27.64
2025,2,12,13,27.79
2025,2,12,14,27.59
2025,2,12,15,26.73
2025,2,12,16,25.32
2025,2,12,17,22.18
2025,2,12,18,20.99
2025,2,12,19,20.42
2025,2,12,20,19.88
2025,2,12,21,19.37
2025,2,12,22,19
2025,2,12,23,18.76
2025,2,13,0,18.7
2025,2,13,1,18.73
2025,2,13,2,18.88
2025,2,13,3,19.06
2025,2,13,4,19.08
2025,2,13,5,18.68
2025,2,13,6,18.55
2025,2,13,7,21.48
2025,2,13,8,23.48
2025,2,13,9,25.04
2025,2,13,10,26.26
2025,2,13,11,27.11
2025,2,13,12,27.54
2025,2,13,13,27.63
2025,2,13,14,27.42
2025,2,13,15,26.9
2025,2,13,16,25.74
2025,2,13,17,23.03
2025,2,13,18,22.06
2025,2,13,19,21.71
2025,2,13,20,21.35
2025,2,13,21,20.92
2025,2,13,22,20.62
2025,2,13,23,20.41
2025,2,14,0,20.12
2025,2,14,1,19.66
2025,2,14,2,19.09
2025,2,14,3,18.47
2025,2,14,4,17.86
2025,2,14,5,17.47
2025,2,14,6,17.35
2025,2,14,7,19.29
2025,2,14,8,20.99
2025,2,14,9,23.94
2025,2,14,10,25.32
2025,2,14,11,26.16
2025,2,14,12,26.67
2025,2,14,13,26.9
2025,2,14,14,26.72
2025,2,14,15,26.28
2025,2,14,16,24.96
2025,2,14,17,22.41
2025,2,14,18,22.01
2025,2,14,19,22.22
2025,2,14,20,21.78
2025,2,14,21,21.21
2025,2,14,22,20.49
2025,2,14,23,19.67
2025,2,15,0,18.86
2025,2,15,1,17.77
2025,2,15,2,16.31
2025,2,15,3,15.57
2025,2,15,4,14.54
2025,2,15,5,13.69
2025,2,15,6,13.37
2025,2,15,7,16.31
2025,2,15,8,18.61
2025,2,15,9,22.63
2025,2,15,10,25.04
2025,2,15,11,26.01
2025,2,15,12,26.52
2025,2,15,13,26.66
2025,2,15,14,26.48
2025,2,15,15,26.08
2025,2,15,16,24.85
2025,2,15,17,22.73
2025,2,15,18,22.79
2025,2,15,19,22.29
2025,2,15,20,21.74
2025,2,15,21,21.05
2025,2,15,22,19.85
2025,2,15,23,18.34
2025,2,16,0,17.85
2025,2,16,1,17.39
2025,2,16,2,16.79
2025,2,16,3,16.82
2025,2,16,4,16.51
2025,2,16,5,15.6
2025,2,16,6,15.23
2025,2,16,7,17.99
2025,2,16,8,20.4
2025,2,16,9,23.96
2025,2,16,10,25.71
2025,2,16,11,26.62
2025,2,16,12,27.19
2025,2,16,13,27.42
2025,2,16,14,27.35
2025,2,16,15,26.97
2025,2,16,16,26.49
2025,2,16,17,24.51
2025,2,16,18,22.22
2025,2,16,19,20.49
2025,2,16,20,19.46
2025,2,16,21,18.97
2025,2,16,22,18.67
2025,2,16,23,18.42
2025,2,17,0,18.36
2025,2,17,1,18.31
2025,2,17,2,17.67
2025,2,17,3,17.23
2025,2,17,4,16.96
2025,2,17,5,16.97
2025,2,17,6,17.22
2025,2,17,7,18.99
2025,2,17,8,21.04
2025,2,17,9,24.58
2025,2,17,10,27.01
2025,2,17,11,27.93
2025,2,17,12,28.47
2025,2,17,13,28.69
2025,2,17,14,28.57
2025,2,17,15,28.17
2025,2,17,16,27.21
2025,2,17,17,24.74
2025,2,17,18,22.7
2025,2,17,19,21.39
2025,2,17,20,20.63
2025,2,17,21,20.11
2025,2,17,22,19.67
2025,2,17,23,19.31
2025,2,18,0,18.92
2025,2,18,1,18.83
2025,2,18,2,18.99
2025,2,18,3,18.94
2025,2,18,4,18.76
2025,2,18,5,18.52
2025,2,18,6,18.62
2025,2,18,7,20.57
2025,2,18,8,22.64
2025,2,18,9,26.11
2025,2,18,10,27.73
2025,2,18,11,28.7
2025,2,18,12,29.25
2025,2,18,13,29.41
2025,2,18,14,29.28
2025,2,18,15,28.73
2025,2,18,16,27.66
2025,2,18,17,24.59
2025,2,18,18,22.81
2025,2,18,19,22.18
2025,2,18,20,21.52
2025,2,18,21,20.88
2025,2,18,22,20.26
2025,2,18,23,19.79
2025,2,19,0,19.36
2025,2,19,1,19.01
2025,2,19,2,18.8
2025,2,19,3,18.82
2025,2,19,4,19.08
2025,2,19,5,19.4
2025,2,19,6,19.86
2025,2,19,7,21.47
2025,2,19,8,23.7
2025,2,19,9,25.55
2025,2,19,10,26.89
2025,2,19,11,27.81
2025,2,19,12,28.37
2025,2,19,13,28.56
2025,2,19,14,28.47
2025,2,19,15,28.03
2025,2,19,16,27.25
2025,2,19,17,25.07
2025,2,19,18,23.25
2025,2,19,19,22.13
2025,2,19,20,21.51
2025,2,19,21,21.28
2025,2,19,22,21.08
2025,2,19,23,20.8
2025,2,20,0,20.39
2025,2,20,1,19.88
2025,2,20,2,19.68
2025,2,20,3,19.48
2025,2,20,4,19
2025,2,20,5,18.23
2025,2,20,6,18.02
2025,2,20,7,20.15
2025,2,20,8,22.13
2025,2,20,9,25.77
2025,2,20,10,27.52
2025,2,20,11,28.66
2025,2,20,12,29.4
2025,2,20,13,29.64
2025,2,20,14,29.45
2025,2,20,15,28.81
2025,2,20,16,27.72
2025,2,20,17,25.4
2025,2,20,18,24.4
2025,2,20,19,23.81
2025,2,20,20,23.01
2025,2,20,21,22.28
2025,2,20,22,21.64
2025,2,20,23,21.05
2025,2,21,0,20.38
2025,2,21,1,19.8
2025,2,21,2,19.47
2025,2,21,3,19.25
2025,2,21,4,19.03
2025,2,21,5,18.84
2025,2,21,6,18.85
2025,2,21,7,20.57
2025,2,21,8,22.3
2025,2,21,9,25.77
2025,2,21,10,27.83
2025,2,21,11,28.76
2025,2,21,12,29.36
2025,2,21,13,29.63
2025,2,21,14,29.58
2025,2,21,15,29.14
2025,2,21,16,28.26
2025,2,21,17,26.66
2025,2,21,18,25.73
2025,2,21,19,24.53
2025,2,21,20,23.51
2025,2,21,21,22.54
2025,2,21,22,21.89
2025,2,21,23,21.47
2025,2,22,0,21.15
2025,2,22,1,21.32
2025,2,22,2,20.91
2025,2,22,3,20.27
2025,2,22,4,19.15
2025,2,22,5,18.32
2025,2,22,6,17.94
2025,2,22,7,20.89
2025,2,22,8,23.26
2025,2,22,9,27.11
2025,2,22,10,28.76
2025,2,22,11,29.77
2025,2,22,12,30.35
2025,2,22,13,30.51
2025,2,22,14,30.39
2025,2,22,15,30.11
2025,2,22,16,28.99
2025,2,22,17,26.72
2025,2,22,18,25.53
2025,2,22,19,24.81
2025,2,22,20,24.2
2025,2,22,21,24.33
2025,2,22,22,24.07
2025,2,22,23,22.92
2025,2,23,0,22.06
2025,2,23,1,22
2025,2,23,2,22.09
2025,2,23,3,21.49
2025,2,23,4,20.56
2025,2,23,5,19.67
2025,2,23,6,19.39
2025,2,23,7,21.12
2025,2,23,8,22.72
2025,2,23,9,25.88
2025,2,23,10,27.92
2025,2,23,11,28.72
2025,2,23,12,29.08
2025,2,23,13,29.08
2025,2,23,14,28.88
2025,2,23,15,28.44
2025,2,23,16,27.55
2025,2,23,17,25.61
2025,2,23,18,24.54
2025,2,23,19,23.64
2025,2,23,20,22.51
2025,2,23,21,21.53
2025,2,23,22,20.69
2025,2,23,23,19.87
2025,2,24,0,19.12
2025,2,24,1,18.47
2025,2,24,2,17.91
2025,2,24,3,17.44
2025,2,24,4,17.06
2025,2,24,5,16.73
2025,2,24,6,17.24
2025,2,24,7,19.92
2025,2,24,8,22.61
2025,2,24,9,26.19
2025,2,24,10,27.88
2025,2,24,11,28.96
2025,2,24,12,29.62
2025,2,24,13,29.9
2025,2,24,14,29.85
2025,2,24,15,29.1
2025,2,24,16,27.89
2025,2,24,17,25.1
2025,2,24,18,23.82
2025,2,24,19,22.88
2025,2,24,20,21.82
2025,2,24,21,20.81
2025,2,24,22,19.9
2025,2,24,23,19.07
2025,2,25,0,18.33
2025,2,25,1,17.69
2025,2,25,2,17.12
2025,2,25,3,16.59
2025,2,25,4,16.16
2025,2,25,5,15.8
2025,2,25,6,16.28
2025,2,25,7,19.29
2025,2,25,8,21.67
2025,2,25,9,25.81
2025,2,25,10,28.4
2025,2,25,11,29.31
2025,2,25,12,29.78
2025,2,25,13,29.99
2025,2,25,14,29.75
2025,2,25,15,29.01
2025,2,25,16,27.79
2025,2,25,17,23.87
2025,2,25,18,21.95
2025,2,25,19,20.96
2025,2,25,20,20.2
2025,2,25,21,19.45
2025,2,25,22,18.67
2025,2,25,23,17.98
2025,2,26,0,17.41
2025,2,26,1,17.59
2025,2,26,2,17.4
2025,2,26,3,17.06
2025,2,26,4,16.09
2025,2,26,5,15.72
2025,2,26,6,16.06
2025,2,26,7,19.18
2025,2,26,8,21.45
2025,2,26,9,25.39
2025,2,26,10,27.83
2025,2,26,11,28.75
2025,2,26,12,29.38
2025,2,26,13,29.67
2025,2,26,14,29.56
2025,2,26,15,28.77
2025,2,26,16,27.18
2025,2,26,17,22.98
2025,2,26,18,21.02
2025,2,26,19,20.67
2025,2,26,20,20.13
2025,2,26,21,19.37
2025,2,26,22,18.45
2025,2,26,23,17.83
2025,2,27,0,17.03
2025,2,27,1,16.71
2025,2,27,2,16.7
2025,2,27,3,16.76
2025,2,27,4,16.69
2025,2,27,5,16.75
2025,2,27,6,17.06
2025,2,27,7,19.25
2025,2,27,8,21.51
2025,2,27,9,25.55
2025,2,27,10,27.85
2025,2,27,11,28.92
2025,2,27,12,29.59
2025,2,27,13,29.91
2025,2,27,14,29.85
2025,2,27,15,29.25
2025,2,27,16,27.7
2025,2,27,17,23.84
2025,2,27,18,22.08
2025,2,27,19,21.22
2025,2,27,20,20.5
2025,2,27,21,19.91
2025,2,27,22,19.4
2025,2,27,23,18.85
2025,2,28,0,18.29
2025,2,28,1,17.77
2025,2,28,2,17.29
2025,2,28,3,16.9
2025,2,28,4,16.57
2025,2,28,5,16.4
2025,2,28,6,16.8
2025,2,28,7,19.02
2025,2,28,8,21.04
2025,2,28,9,25.02
2025,2,28,10,27.79
2025,2,28,11,28.85
2025,2,28,12,29.51
2025,2,28,13,29.89
2025,2,28,14,29.88
2025,2,28,15,29.53
2025,2,28,16,28.48
2025,2,28,17,26.85
2025,2,28,18,26.48
2025,2,28,19,25.99
2025,2,28,20,25.3
2025,2,28,21,24.77
2025,2,28,22,23.94
2025,2,28,23,22.63
2025,3,1,0,21.31
2025,3,1,1,20.38
2025,3,1,2,19.45
2025,3,1,3,18.75
2025,3,1,4,18.21
2025,3,1,5,17.8
2025,3,1,6,18.09
2025,3,1,7,20.31
2025,3,1,8,22.64
2025,3,1,9,26.13
2025,3,1,10,27.9
2025,3,1,11,29.19
2025,3,1,12,30.14
2025,3,1,13,30.74
2025,3,1,14,30.99
2025,3,1,15,30.69
2025,3,1,16,30.02
2025,3,1,17,27.72
2025,3,1,18,24.58
2025,3,1,19,23.33
2025,3,1,20,22.86
2025,3,1,21,22.46
2025,3,1,22,21.95
2025,3,1,23,21.4
2025,3,2,0,20.86
2025,3,2,1,20.43
2025,3,2,2,20.24
2025,3,2,3,20.25
2025,3,2,4,20.34
2025,3,2,5,20.55
2025,3,2,6,21.11
2025,3,2,7,23.83
2025,3,2,8,26.16
2025,3,2,9,28.35
2025,3,2,10,30.25
2025,3,2,11,31.61
2025,3,2,12,32.38
2025,3,2,13,32.77
2025,3,2,14,32.75
2025,3,2,15,32.25
2025,3,2,16,30.82
2025,3,2,17,27.05
2025,3,2,18,25.32
2025,3,2,19,24.48
2025,3,2,20,23.77
2025,3,2,21,22.99
2025,3,2,22,22.31
2025,3,2,23,21.81
2025,3,3,0,21.42
2025,3,3,1,21.13
2025,3,3,2,20.92
2025,3,3,3,20.75
2025,3,3,4,20.91
2025,3,3,5,20.93
2025,3,3,6,21.49
2025,3,3,7,23.67
2025,3,3,8,25.72
2025,3,3,9,27.7
2025,3,3,10,28.84
2025,3,3,11,30.02
2025,3,3,12,31.49
2025,3,3,13,32.18
2025,3,3,14,32.27
2025,3,3,15,31.79
2025,3,3,16,30.72
2025,3,3,17,28.81
2025,3,3,18,27.89
2025,3,3,19,27.66
2025,3,3,20,27.06
2025,3,3,21,26.4
2025,3,3,22,25.36
2025,3,3,23,23.82
2025,3,4,0,22.85
2025,3,4,1,22.69
2025,3,4,2,22.26
2025,3,4,3,21.74
2025,3,4,4,21.21
2025,3,4,5,20.44
2025,3,4,6,20.28
2025,3,4,7,22.46
2025,3,4,8,25.78
2025,3,4,9,28.66
2025,3,4,10,29.99
2025,3,4,11,30.86
2025,3,4,12,31.36
2025,3,4,13,31.53
2025,3,4,14,31.38
2025,3,4,15,30.7
2025,3,4,16,29.45
2025,3,4,17,26.5
2025,3,4,18,25.02
2025,3,4,19,24.34
2025,3,4,20,24.08
2025,3,4,21,24.18
2025,3,4,22,24.14
2025,3,4,23,23.28
2025,3,5,0,21.59
2025,3,5,1,20.42
2025,3,5,2,19.29
2025,3,5,3,18.66
2025,3,5,4,18.37
2025,3,5,5,18.17
2025,3,5,6,18.64
2025,3,5,7,21.69
2025,3,5,8,25.32
2025,3,5,9,27.78
2025,3,5,10,29.29
2025,3,5,11,30.41
2025,3,5,12,31.2
2025,3,5,13,31.58
2025,3,5,14,31.54
2025,3,5,15,30.99
2025,3,5,16,30.07
2025,3,5,17,28.55
2025,3,5,18,26.73
2025,3,5,19,25.3
2025,3,5,20,24.08
2025,3,5,21,23.09
2025,3,5,22,22.11
2025,3,5,23,21.42
2025,3,6,0,21.09
2025,3,6,1,20.73
2025,3,6,2,20.8
2025,3,6,3,20.52
2025,3,6,4,20.04
2025,3,6,5,19.25
2025,3,6,6,19.02
2025,3,6,7,21.42
2025,3,6,8,24.25
2025,3,6,9,27.97
2025,3,6,10,29.5
2025,3,6,11,30.51
2025,3,6,12,31.1
2025,3,6,13,31.32
2025,3,6,14,31.19
2025,3,6,15,30.4
2025,3,6,16,29.05
2025,3,6,17,25.85
2025,3,6,18,24.31
2025,3,6,19,23.32
2025,3,6,20,22.35
2025,3,6,21,21.41
2025,3,6,22,20.4
2025,3,6,23,19.34
2025,3,7,0,18.31
2025,3,7,1,17.21
2025,3,7,2,16.23
2025,3,7,3,15.5
2025,3,7,4,14.92
2025,3,7,5,14.58
2025,3,7,6,15.53
2025,3,7,7,18.77
2025,3,7,8,21.62
2025,3,7,9,26.02
2025,3,7,10,27.92
2025,3,7,11,29.08
2025,3,7,12,29.9
2025,3,7,13,30.35
2025,3,7,14,30.38
2025,3,7,15,29.81
2025,3,7,16,28.58
2025,3,7,17,25.62
2025,3,7,18,25.3
2025,3,7,19,25.24
2025,3,7,20,24.29
2025,3,7,21,22.39
2025,3,7,22,21.2
2025,3,7,23,20.34
2025,3,8,0,19.83
2025,3,8,1,19.25
2025,3,8,2,19.55
2025,3,8,3,19.47
2025,3,8,4,18.93
2025,3,8,5,18.46
2025,3,8,6,18.46
2025,3,8,7,20.45
2025,3,8,8,23.52
2025,3,8,9,27.84
2025,3,8,10,29.38
2025,3,8,11,30.38
2025,3,8,12,31.01
2025,3,8,13,31.24
2025,3,8,14,31.07
2025,3,8,15,30.32
2025,3,8,16,28.96
2025,3,8,17,24.79
2025,3,8,18,22.55
2025,3,8,19,22
2025,3,8,20,21.56
2025,3,8,21,21.09
2025,3,8,22,20.68
2025,3,8,23,20.51
2025,3,9,0,20.67
2025,3,9,1,21.17
2025,3,9,2,21.56
2025,3,9,3,21.69
2025,3,9,4,21.12
2025,3,9,5,20.41
2025,3,9,6,20.37
2025,3,9,7,22.48
2025,3,9,8,25.7
2025,3,9,9,27.76
2025,3,9,10,29.41
2025,3,9,11,30.56
2025,3,9,12,31.24
2025,3,9,13,31.52
2025,3,9,14,31.43
2025,3,9,15,30.95
2025,3,9,16,29.87
2025,3,9,17,27.06
2025,3,9,18,25.9
2025,3,9,19,25.03
2025,3,9,20,23.49
2025,3,9,21,22.23
2025,3,9,22,21.57
2025,3,9,23,20.96
2025,3,10,0,20.2
2025,3,10,1,19.5
2025,3,10,2,18.97
2025,3,10,3,18.53
2025,3,10,4,18.11
2025,3,10,5,17.69
2025,3,10,6,18.3
2025,3,10,7,21.64
2025,3,10,8,24.26
2025,3,10,9,28.87
2025,3,10,10,31.36
2025,3,10,11,32.24
2025,3,10,12,32.79
2025,3,10,13,32.91
2025,3,10,14,32.69
2025,3,10,15,31.9
2025,3,10,16,30.5
2025,3,10,17,26.58
2025,3,10,18,24.45
2025,3,10,19,23.63
2025,3,10,20,23.04
2025,3,10,21,22.61
2025,3,10,22,22.12
2025,3,10,23,21.62
2025,3,11,0,21.21
2025,3,11,1,20.78
2025,3,11,2,20.02
2025,3,11,3,19.16
2025,3,11,4,18.9
2025,3,11,5,19.01
2025,3,11,6,19.61
2025,3,11,7,21.87
2025,3,11,8,24.71
2025,3,11,9,28.81
2025,3,11,10,30.93
2025,3,11,11,32.14
2025,3,11,12,32.89
2025,3,11,13,33.26
2025,3,11,14,33.28
2025,3,11,15,32.65
2025,3,11,16,31.6
2025,3,11,17,28.9
2025,3,11,18,26.12
2025,3,11,19,24.87
2025,3,11,20,24.35
2025,3,11,21,23.94
2025,3,11,22,23.28
2025,3,11,23,22.62
2025,3,12,0,22.05
2025,3,12,1,21.67
2025,3,12,2,21.61
2025,3,12,3,21.35
2025,3,12,4,20.72
2025,3,12,5,20.48
2025,3,12,6,21.06
2025,3,12,7,23.48
2025,3,12,8,27.37
2025,3,12,9,29.99
2025,3,12,10,31.43
2025,3,12,11,32.58
2025,3,12,12,33.25
2025,3,12,13,33.69
2025,3,12,14,33.74
2025,3,12,15,33.43
2025,3,12,16,32.36
2025,3,12,17,28.95
2025,3,12,18,27.05
2025,3,12,19,26.17
2025,3,12,20,25.5
2025,3,12,21,25.02
2025,3,12,22,24.41
2025,3,12,23,23.6
2025,3,13,0,23.03
2025,3,13,1,22.51
2025,3,13,2,21.98
2025,3,13,3,21.57
2025,3,13,4,21.33
2025,3,13,5,21.14
2025,3,13,6,22.41
2025,3,13,7,25.4
2025,3,13,8,28.12
2025,3,13,9,30.25
2025,3,13,10,32.01
2025,3,13,11,33.09
2025,3,13,12,33.62
2025,3,13,13,33.76
2025,3,13,14,33.6
2025,3,13,15,32.82
2025,3,13,16,31.03
2025,3,13,17,28.55
2025,3,13,18,27.03
2025,3,13,19,26.29
2025,3,13,20,25.73
2025,3,13,21,25.33
2025,3,13,22,24.95
2025,3,13,23,24.54
2025,3,14,0,24.09
2025,3,14,1,23.78
2025,3,14,2,23.6
2025,3,14,3,23.43
2025,3,14,4,23.33
2025,3,14,5,23.14
2025,3,14,6,24.09
2025,3,14,7,26.24
2025,3,14,8,28.23
2025,3,14,9,29.91
2025,3,14,10,31.43
2025,3,14,11,32.59
2025,3,14,12,33.34
2025,3,14,13,33.67
2025,3,14,14,33.62
2025,3,14,15,32.86
2025,3,14,16,31.31
2025,3,14,17,29.02
2025,3,14,18,27.27
2025,3,14,19,26.4
2025,3,14,20,25.73
2025,3,14,21,25.17
2025,3,14,22,24.72
2025,3,14,23,24.38
2025,3,15,0,24.07
2025,3,15,1,23.77
2025,3,15,2,23.56
2025,3,15,3,23.47
2025,3,15,4,23.15
2025,3,15,5,22.96
2025,3,15,6,24.33
2025,3,15,7,26.75
2025,3,15,8,28.4
2025,3,15,9,29.93
2025,3,15,10,31.36
2025,3,15,11,32.51
2025,3,15,12,33.31
2025,3,15,13,33.63
2025,3,15,14,33.54
2025,3,15,15,33.05
2025,3,15,16,31.88
2025,3,15,17,29.63
2025,3,15,18,27.71
2025,3,15,19,26.86
2025,3,15,20,26.06
2025,3,15,21,25.35
2025,3,15,22,24.77
2025,3,15,23,24.28
2025,3,16,0,23.92
2025,3,16,1,23.65
2025,3,16,2,23.35
2025,3,16,3,23.06
2025,3,16,4,22.86
2025,3,16,5,22.75
2025,3,16,6,24.04
2025,3,16,7,26.54
2025,3,16,8,28.4
2025,3,16,9,30.25
2025,3,16,10,31.88
2025,3,16,11,33.29
2025,3,16,12,34.35
2025,3,16,13,34.95
2025,3,16,14,35.01
2025,3,16,15,34.5
2025,3,16,16,33.09
2025,3,16,17,30.14
2025,3,16,18,27.96
2025,3,16,19,26.88
2025,3,16,20,26.05
2025,3,16,21,25.4
2025,3,16,22,24.9
2025,3,16,23,24.5
2025,3,17,0,24.11
2025,3,17,1,23.76
2025,3,17,2,23.52
2025,3,17,3,23.35
2025,3,17,4,23.21
2025,3,17,5,23.07
2025,3,17,6,24.36
2025,3,17,7,26.78
2025,3,17,8,28.89
2025,3,17,9,31.13
2025,3,17,10,32.97
2025,3,17,11,34.14
2025,3,17,12,34.75
2025,3,17,13,34.95
2025,3,17,14,34.73
2025,3,17,15,34.02
2025,3,17,16,32.47
2025,3,17,17,29.74
2025,3,17,18,27.58
2025,3,17,19,26.54
2025,3,17,20,25.53
2025,3,17,21,24.77
2025,3,17,22,24.33
2025,3,17,23,24.02
2025,3,18,0,23.78
2025,3,18,1,23.63
2025,3,18,2,23.56
2025,3,18,3,23.77
2025,3,18,4,23.53
2025,3,18,5,23.28
2025,3,18,6,24.19
2025,3,18,7,26.04
2025,3,18,8,27.92
2025,3,18,9,30.12
2025,3,18,10,31.81
2025,3,18,11,33.07
2025,3,18,12,33.85
2025,3,18,13,34.38
2025,3,18,14,34.42
2025,3,18,15,33.85
2025,3,18,16,32.77
2025,3,18,17,30.34
2025,3,18,18,28.07
2025,3,18,19,27.23
2025,3,18,20,26.33
2025,3,18,21,25.57
2025,3,18,22,24.91
2025,3,18,23,24.38
2025,3,19,0,23.98
2025,3,19,1,23.68
2025,3,19,2,23.45
2025,3,19,3,23.3
2025,3,19,4,23.19
2025,3,19,5,23.23
2025,3,19,6,24.29
2025,3,19,7,26.1
2025,3,19,8,28.51
2025,3,19,9,30.8
2025,3,19,10,32.36
2025,3,19,11,33.5
2025,3,19,12,34.25
2025,3,19,13,34.57
2025,3,19,14,34.57
2025,3,19,15,34.04
2025,3,19,16,32.99
2025,3,19,17,30.6
2025,3,19,18,27.81
2025,3,19,19,26.78
2025,3,19,20,25.97
2025,3,19,21,25.21
2025,3,19,22,24.62
2025,3,19,23,24.14
2025,3,20,0,23.75
2025,3,20,1,23.5
2025,3,20,2,23.42
2025,3,20,3,23.39
2025,3,20,4,23.26
2025,3,20,5,23.25
2025,3,20,6,24.08
2025,3,20,7,25.94
2025,3,20,8,28.24
2025,3,20,9,30.26
2025,3,20,10,31.73
2025,3,20,11,32.95
2025,3,20,12,33.83
2025,3,20,13,34.3
2025,3,20,14,34.37
2025,3,20,15,34.03
2025,3,20,16,33.22
2025,3,20,17,30.98
2025,3,20,18,28.52
2025,3,20,19,27.59
2025,3,20,20,26.9
2025,3,20,21,26.17
2025,3,20,22,25.49
2025,3,20,23,24.9
2025,3,21,0,24.46
2025,3,21,1,24.15
2025,3,21,2,23.92
2025,3,21,3,23.8
2025,3,21,4,23.74
2025,3,21,5,23.88
2025,3,21,6,24.47
2025,3,21,7,25.78
2025,3,21,8,27.64
2025,3,21,9,29.42
2025,3,21,10,30.83
2025,3,21,11,31.99
2025,3,21,12,32.84
2025,3,21,13,33.3
2025,3,21,14,33.38
2025,3,21,15,32.77
2025,3,21,16,31.26
2025,3,21,17,28.85
2025,3,21,18,26.32
2025,3,21,19,24.36
2025,3,21,20,23.29
2025,3,21,21,22.75
2025,3,21,22,22.36
2025,3,21,23,21.8
2025,3,22,0,21.34
2025,3,22,1,21.25
2025,3,22,2,21.13
2025,3,22,3,20.97
2025,3,22,4,20.8
2025,3,22,5,20.65
2025,3,22,6,21.18
2025,3,22,7,22.84
2025,3,22,8,25.07
2025,3,22,9,27.09
2025,3,22,10,29.11
2025,3,22,11,30.43
2025,3,22,12,31.57
2025,3,22,13,32.31
2025,3,22,14,32.2
2025,3,22,15,31.41
2025,3,22,16,30.32
2025,3,22,17,27.87
2025,3,22,18,25.61
2025,3,22,19,24.73
2025,3,22,20,24.14
2025,3,22,21,23.38
2025,3,22,22,22.5
2025,3,22,23,21.82
2025,3,23,0,21.26
2025,3,23,1,20.76
2025,3,23,2,20.33
2025,3,23,3,19.95
2025,3,23,4,19.57
2025,3,23,5,19.24
2025,3,23,6,20.6
2025,3,23,7,23.11
2025,3,23,8,26.84
2025,3,23,9,30
2025,3,23,10,31.7
2025,3,23,11,32.87
2025,3,23,12,33.62
2025,3,23,13,33.85
2025,3,23,14,33.7
2025,3,23,15,32.97
2025,3,23,16,31.64
2025,3,23,17,28.96
2025,3,23,18,26.71
2025,3,23,19,26.05
2025,3,23,20,25.24
2025,3,23,21,24.28
2025,3,23,22,23.46
2025,3,23,23,22.75
2025,3,24,0,21.96
2025,3,24,1,21.11
2025,3,24,2,20.38
2025,3,24,3,19.84
2025,3,24,4,19.43
2025,3,24,5,19.02
2025,3,24,6,20.25
2025,3,24,7,22.43
2025,3,24,8,26.26
2025,3,24,9,29.04
2025,3,24,10,30.79
2025,3,24,11,32.15
2025,3,24,12,33.15
2025,3,24,13,33.58
2025,3,24,14,33.48
2025,3,24,15,32.83
2025,3,24,16,31.54
2025,3,24,17,28.23
2025,3,24,18,25.41
2025,3,24,19,24.48
2025,3,24,20,23.63
2025,3,24,21,22.82
2025,3,24,22,22.09
2025,3,24,23,21.42
2025,3,25,0,20.78
2025,3,25,1,20.18
2025,3,25,2,19.62
2025,3,25,3,19.08
2025,3,25,4,18.6
2025,3,25,5,18.25
2025,3,25,6,19.73
2025,3,25,7,22.45
2025,3,25,8,26.26
2025,3,25,9,30.16
2025,3,25,10,31.74
2025,3,25,11,32.88
2025,3,25,12,33.68
2025,3,25,13,34.12
2025,3,25,14,34.08
2025,3,25,15,33.52
2025,3,25,16,32.47
2025,3,25,17,29.05
2025,3,25,18,26.3
2025,3,25,19,25.45
2025,3,25,20,24.7
2025,3,25,21,24.03
2025,3,25,22,23.37
2025,3,25,23,22.76
2025,3,26,0,22.23
2025,3,26,1,21.82
2025,3,26,2,21.55
2025,3,26,3,20.95
2025,3,26,4,20.52
2025,3,26,5,20.05
2025,3,26,6,20.93
2025,3,26,7,23.37
2025,3,26,8,27.48
2025,3,26,9,31.36
2025,3,26,10,32.8
2025,3,26,11,33.87
2025,3,26,12,34.62
2025,3,26,13,34.96
2025,3,26,14,34.85
2025,3,26,15,34.24
2025,3,26,16,33.2
2025,3,26,17,30.62
2025,3,26,18,29.68
2025,3,26,19,29.53
2025,3,26,20,27.66
2025,3,26,21,25.74
2025,3,26,22,24.25
2025,3,26,23,23.51
2025,3,27,0,23.03
2025,3,27,1,22.67
2025,3,27,2,22.52
2025,3,27,3,22.49
2025,3,27,4,22.39
2025,3,27,5,22.21
2025,3,27,6,23.55
2025,3,27,7,26.46
2025,3,27,8,29.23
2025,3,27,9,30.9
2025,3,27,10,32.27
2025,3,27,11,33.34
2025,3,27,12,34.07
2025,3,27,13,34.45
2025,3,27,14,34.42
2025,3,27,15,34.13
2025,3,27,16,33.11
2025,3,27,17,30.23
2025,3,27,18,27.77
2025,3,27,19,27.16
2025,3,27,20,26.35
2025,3,27,21,25.6
2025,3,27,22,24.93
2025,3,27,23,24.49
2025,3,28,0,24.08
2025,3,28,1,23.72
2025,3,28,2,23.36
2025,3,28,3,23.04
2025,3,28,4,22.78
2025,3,28,5,22.61
2025,3,28,6,24.43
2025,3,28,7,27.17
2025,3,28,8,29.8
2025,3,28,9,32.22
2025,3,28,10,33.95
2025,3,28,11,35.12
2025,3,28,12,35.87
2025,3,28,13,36.2
2025,3,28,14,36.13
2025,3,28,15,35.46
2025,3,28,16,34
2025,3,28,17,31.14
2025,3,28,18,28.7
2025,3,28,19,27.52
2025,3,28,20,26.66
2025,3,28,21,25.83
2025,3,28,22,25.01
2025,3,28,23,24.4
2025,3,29,0,23.93
2025,3,29,1,23.66
2025,3,29,2,23.48
2025,3,29,3,23.27
2025,3,29,4,23.06
2025,3,29,5,22.89
2025,3,29,6,24.45
2025,3,29,7,26.96
2025,3,29,8,29.46
2025,3,29,9,31.51
2025,3,29,10,33.21
2025,3,29,11,34.54
2025,3,29,12,35.46
2025,3,29,13,35.97
2025,3,29,14,35.94
2025,3,29,15,35.42
2025,3,29,16,34.01
2025,3,29,17,31.29
2025,3,29,18,28.6
2025,3,29,19,27.21
2025,3,29,20,26.42
2025,3,29,21,25.66
2025,3,29,22,24.98
2025,3,29,23,24.43
2025,3,30,0,23.94
2025,3,30,1,23.6
2025,3,30,2,23.34
2025,3,30,3,23.13
2025,3,30,4,22.96
2025,3,30,5,22.84
2025,3,30,6,24.66
2025,3,30,7,27.14
2025,3,30,8,29.3
2025,3,30,9,31.39
2025,3,30,10,33.19
2025,3,30,11,34.55
2025,3,30,12,35.38
2025,3,30,13,35.74
2025,3,30,14,35.68
2025,3,30,15,35.1
2025,3,30,16,33.84
2025,3,30,17,31.43
2025,3,30,18,28.56
2025,3,30,19,27.49
2025,3,30,20,26.47
2025,3,30,21,25.69
2025,3,30,22,25.12
2025,3,30,23,24.65
2025,3,31,0,24.23
2025,3,31,1,23.88
2025,3,31,2,23.6
2025,3,31,3,23.48
2025,3,31,4,23.44
2025,3,31,5,23.33
2025,3,31,6,24.94
2025,3,31,7,27.43
2025,3,31,8,29.84
2025,3,31,9,31.56
2025,3,31,10,32.93
2025,3,31,11,34.09
2025,3,31,12,34.72
2025,3,31,13,35.15
2025,3,31,14,35.05
2025,3,31,15,34.52
2025,3,31,16,33.46
2025,3,31,17,31.45
2025,3,31,18,29.08
2025,3,31,19,27.88
2025,3,31,20,27.01
2025,3,31,21,26.46
2025,3,31,22,25.96
2025,3,31,23,25.5
2025,4,1,0,25.11
2025,4,1,1,24.8
2025,4,1,2,24.59
2025,4,1,3,24.35
2025,4,1,4,24.15
2025,4,1,5,24.06
2025,4,1,6,25.65
2025,4,1,7,27.56
2025,4,1,8,29.53
2025,4,1,9,31.21
2025,4,1,10,32.47
2025,4,1,11,33.57
2025,4,1,12,34.17
2025,4,1,13,34.37
2025,4,1,14,34.19
2025,4,1,15,33.45
2025,4,1,16,32.2
2025,4,1,17,30.29
2025,4,1,18,28.31
2025,4,1,19,27.17
2025,4,1,20,26.5
2025,4,1,21,26.05
2025,4,1,22,25.66
2025,4,1,23,25.17
2025,4,2,0,24.63
2025,4,2,1,24.16
2025,4,2,2,23.74
2025,4,2,3,23.45
2025,4,2,4,23.4
2025,4,2,5,23.46
2025,4,2,6,24.71
2025,4,2,7,26.91
2025,4,2,8,28.99
2025,4,2,9,30.97
2025,4,2,10,32.72
2025,4,2,11,34.28
2025,4,2,12,35.42
2025,4,2,13,35.99
2025,4,2,14,36.02
2025,4,2,15,35.33
2025,4,2,16,34.16
2025,4,2,17,32.01
2025,4,2,18,29.09
2025,4,2,19,27.66
2025,4,2,20,26.68
2025,4,2,21,25.93
2025,4,2,22,25.3
2025,4,2,23,24.67
2025,4,3,0,24.1
2025,4,3,1,23.68
2025,4,3,2,23.58
2025,4,3,3,23.62
2025,4,3,4,23.8
2025,4,3,5,23.88
2025,4,3,6,24.59
2025,4,3,7,27.06
2025,4,3,8,29.8
2025,4,3,9,31.79
2025,4,3,10,33.32
2025,4,3,11,34.48
2025,4,3,12,35.14
2025,4,3,13,35.45
2025,4,3,14,35.44
2025,4,3,15,34.95
2025,4,3,16,34.14
2025,4,3,17,32.09
2025,4,3,18,29.7
2025,4,3,19,28.79
2025,4,3,20,27.97
2025,4,3,21,27.29
2025,4,3,22,26.74
2025,4,3,23,26.39
2025,4,4,0,25.9
2025,4,4,1,25.34
2025,4,4,2,24.67
2025,4,4,3,24.22
2025,4,4,4,24.12
2025,4,4,5,24.2
2025,4,4,6,25.73
2025,4,4,7,28.27
2025,4,4,8,31.03
2025,4,4,9,33.17
2025,4,4,10,34.85
2025,4,4,11,36.27
2025,4,4,12,37.26
2025,4,4,13,37.73
2025,4,4,14,37.67
2025,4,4,15,37.07
2025,4,4,16,35.94
2025,4,4,17,33.45
2025,4,4,18,30.65
2025,4,4,19,28.81
2025,4,4,20,27.74
2025,4,4,21,27.03
2025,4,4,22,26.39
2025,4,4,23,25.74
2025,4,5,0,25.18
2025,4,5,1,24.73
2025,4,5,2,24.46
2025,4,5,3,24.6
2025,4,5,4,24.64
2025,4,5,5,24.36
2025,4,5,6,25.45
2025,4,5,7,28.14
2025,4,5,8,31.01
2025,4,5,9,33.25
2025,4,5,10,34.88
2025,4,5,11,36.04
2025,4,5,12,36.74
2025,4,5,13,36.97
2025,4,5,14,36.72
2025,4,5,15,35.82
2025,4,5,16,34.36
2025,4,5,17,32.09
2025,4,5,18,29.56
2025,4,5,19,28.45
2025,4,5,20,27.66
2025,4,5,21,27.07
2025,4,5,22,26.51
2025,4,5,23,25.92
2025,4,6,0,25.38
2025,4,6,1,24.97
2025,4,6,2,24.67
2025,4,6,3,24.47
2025,4,6,4,24.36
2025,4,6,5,24.32
2025,4,6,6,25.99
2025,4,6,7,28.17
2025,4,6,8,30.19
2025,4,6,9,32.21
2025,4,6,10,34.15
2025,4,6,11,35.62
2025,4,6,12,36.48
2025,4,6,13,36.74
2025,4,6,14,36.45
2025,4,6,15,35.51
2025,4,6,16,33.98
2025,4,6,17,31.72
2025,4,6,18,29.36
2025,4,6,19,28.32
2025,4,6,20,27.47
2025,4,6,21,26.75
2025,4,6,22,26.21
2025,4,6,23,25.66
2025,4,7,0,25.19
2025,4,7,1,24.81
2025,4,7,2,24.47
2025,4,7,3,24.16
2025,4,7,4,23.86
2025,4,7,5,23.62
2025,4,7,6,24.47
2025,4,7,7,25.44
2025,4,7,8,27
2025,4,7,9,29.51
2025,4,7,10,31.8
2025,4,7,11,33.35
2025,4,7,12,34.42
2025,4,7,13,35
2025,4,7,14,34.95
2025,4,7,15,34.22
2025,4,7,16,32.83
2025,4,7,17,30.71
2025,4,7,18,28.52
2025,4,7,19,27.51
2025,4,7,20,26.85
2025,4,7,21,26.34
2025,4,7,22,25.96
2025,4,7,23,25.61
2025,4,8,0,25.37
2025,4,8,1,25.26
2025,4,8,2,25.24
2025,4,8,3,25.04
2025,4,8,4,24.85
2025,4,8,5,24.68
2025,4,8,6,25.51
2025,4,8,7,26.55
2025,4,8,8,27.69
2025,4,8,9,29.32
2025,4,8,10,30.66
2025,4,8,11,31.42
2025,4,8,12,31.98
2025,4,8,13,32.09
2025,4,8,14,31.81
2025,4,8,15,31.37
2025,4,8,16,30.81
2025,4,8,17,29.46
2025,4,8,18,27.93
2025,4,8,19,27.44
2025,4,8,20,26.97
2025,4,8,21,26.39
2025,4,8,22,25.8
2025,4,8,23,25.35
2025,4,9,0,24.96
2025,4,9,1,24.82
2025,4,9,2,25.04
2025,4,9,3,25.21
2025,4,9,4,24.8
2025,4,9,5,24.24
2025,4,9,6,25.13
2025,4,9,7,27.31
2025,4,9,8,30.23
2025,4,9,9,32.73
2025,4,9,10,34.17
2025,4,9,11,34.97
2025,4,9,12,35.39
2025,4,9,13,35.48
2025,4,9,14,35.13
2025,4,9,15,34.2
2025,4,9,16,32.89
2025,4,9,17,31.09
2025,4,9,18,28.75
2025,4,9,19,27.9
2025,4,9,20,27.33
2025,4,9,21,26.85
2025,4,9,22,26.37
2025,4,9,23,25.98
2025,4,10,0,25.71
2025,4,10,1,25.53
2025,4,10,2,25.39
2025,4,10,3,25.17
2025,4,10,4,24.68
2025,4,10,5,24.4
2025,4,10,6,25.75
2025,4,10,7,28.71
2025,4,10,8,31.53
2025,4,10,9,33.31
2025,4,10,10,34.87
2025,4,10,11,35.99
2025,4,10,12,36.74
2025,4,10,13,36.97
2025,4,10,14,36.88
2025,4,10,15,36.23
2025,4,10,16,35.08
2025,4,10,17,33.18
2025,4,10,18,30.73
2025,4,10,19,29.62
2025,4,10,20,28.58
2025,4,10,21,27.65
2025,4,10,22,26.94
2025,4,10,23,26.54
2025,4,11,0,26.09
2025,4,11,1,25.69
2025,4,11,2,25.35
2025,4,11,3,25.04
2025,4,11,4,24.72
2025,4,11,5,24.23
2025,4,11,6,24.91
2025,4,11,7,25.84
2025,4,11,8,27.24
2025,4,11,9,28.92
2025,4,11,10,30.45
2025,4,11,11,31.21
2025,4,11,12,31.35
2025,4,11,13,31.37
2025,4,11,14,31.28
2025,4,11,15,30.93
2025,4,11,16,30.29
2025,4,11,17,29.14
2025,4,11,18,27.5
2025,4,11,19,27.07
2025,4,11,20,26.69
2025,4,11,21,26.36
2025,4,11,22,26.01
2025,4,11,23,25.71
2025,4,12,0,25.45
2025,4,12,1,25.16
2025,4,12,2,24.87
2025,4,12,3,24.75
2025,4,12,4,24.57
2025,4,12,5,24.37
2025,4,12,6,25.9
2025,4,12,7,27.18
2025,4,12,8,28.63
2025,4,12,9,30.01
2025,4,12,10,31.06
2025,4,12,11,32.09
2025,4,12,12,33.18
2025,4,12,13,33.97
2025,4,12,14,34.11
2025,4,12,15,33.76
2025,4,12,16,33.04
2025,4,12,17,32.06
2025,4,12,18,29.93
2025,4,12,19,28.75
2025,4,12,20,28.06
2025,4,12,21,27.5
2025,4,12,22,27.01
2025,4,12,23,26.61
2025,4,13,0,26.24
2025,4,13,1,25.93
2025,4,13,2,25.76
2025,4,13,3,25.86
2025,4,13,4,25.88
2025,4,13,5,26.04
2025,4,13,6,26.41
2025,4,13,7,27.81
2025,4,13,8,29.56
2025,4,13,9,30.54
2025,4,13,10,31.42
2025,4,13,11,31.97
2025,4,13,12,32.33
2025,4,13,13,32.49
2025,4,13,14,32.26
2025,4,13,15,31.81
2025,4,13,16,31.27
2025,4,13,17,29.76
2025,4,13,18,28.27
2025,4,13,19,27.75
2025,4,13,20,27.12
2025,4,13,21,26.76
2025,4,13,22,26.34
2025,4,13,23,25.9
2025,4,14,0,25.57
2025,4,14,1,25.38
2025,4,14,2,25.15
2025,4,14,3,24.96
2025,4,14,4,24.83
2025,4,14,5,24.66
2025,4,14,6,25.48
2025,4,14,7,26.37
2025,4,14,8,28.13
2025,4,14,9,29.76
2025,4,14,10,30.62
2025,4,14,11,31.16
2025,4,14,12,31.61
2025,4,14,13,31.84
2025,4,14,14,31.71
2025,4,14,15,31.26
2025,4,14,16,30.64
2025,4,14,17,29.13
2025,4,14,18,27.91
2025,4,14,19,27.77
2025,4,14,20,28.08
2025,4,14,21,27.92
2025,4,14,22,27.43
2025,4,14,23,26.8
2025,4,15,0,26.07
2025,4,15,1,25.49
2025,4,15,2,25.04
2025,4,15,3,24.65
2025,4,15,4,24.29
2025,4,15,5,24.09
2025,4,15,6,25.01
2025,4,15,7,25.97
2025,4,15,8,27.62
2025,4,15,9,29.95
2025,4,15,10,30.9
2025,4,15,11,31.37
2025,4,15,12,31.57
2025,4,15,13,31.65
2025,4,15,14,31.33
2025,4,15,15,30.82
2025,4,15,16,30.37
2025,4,15,17,29.29
2025,4,15,18,27.71
2025,4,15,19,27.22
2025,4,15,20,26.9
2025,4,15,21,26.61
2025,4,15,22,26.36
2025,4,15,23,26.15
2025,4,16,0,25.99
2025,4,16,1,25.89
2025,4,16,2,25.84
2025,4,16,3,25.69
2025,4,16,4,25.52
2025,4,16,5,25.3
2025,4,16,6,26.32
2025,4,16,7,28.04
2025,4,16,8,29.51
2025,4,16,9,30.76
2025,4,16,10,31.72
2025,4,16,11,32.34
2025,4,16,12,32.82
2025,4,16,13,32.92
2025,4,16,14,32.67
2025,4,16,15,31.87
2025,4,16,16,30.7
2025,4,16,17,29.03
2025,4,16,18,27.05
2025,4,16,19,26.33
2025,4,16,20,25.8
2025,4,16,21,25.41
2025,4,16,22,25.07
2025,4,16,23,24.81
2025,4,17,0,24.55
2025,4,17,1,24.26
2025,4,17,2,24.01
2025,4,17,3,23.74
2025,4,17,4,23.51
2025,4,17,5,23.37
2025,4,17,6,24.76
2025,4,17,7,26.08
2025,4,17,8,27.52
2025,4,17,9,28.98
2025,4,17,10,30.12
2025,4,17,11,31.02
2025,4,17,12,31.6
2025,4,17,13,31.8
2025,4,17,14,31.67
2025,4,17,15,31
2025,4,17,16,30.01
2025,4,17,17,28.57
2025,4,17,18,26.63
2025,4,17,19,25.79
2025,4,17,20,25.21
2025,4,17,21,24.78
2025,4,17,22,24.51
2025,4,17,23,24.3
2025,4,18,0,24.12
2025,4,18,1,23.97
2025,4,18,2,23.86
2025,4,18,3,23.7
2025,4,18,4,23.48
2025,4,18,5,23.54
2025,4,18,6,25.05
2025,4,18,7,26.37
2025,4,18,8,27.72
2025,4,18,9,29.1
2025,4,18,10,30.26
2025,4,18,11,31.19
2025,4,18,12,31.83
2025,4,18,13,32.09
2025,4,18,14,32
2025,4,18,15,31.39
2025,4,18,16,30.48
2025,4,18,17,29.05
2025,4,18,18,26.92
2025,4,18,19,26.14
2025,4,18,20,25.61
2025,4,18,21,25.14
2025,4,18,22,24.83
2025,4,18,23,24.66
2025,4,19,0,24.55
2025,4,19,1,24.48
2025,4,19,2,24.6
2025,4,19,3,24.7
2025,4,19,4,24.49
2025,4,19,5,24.32
2025,4,19,6,25.5
2025,4,19,7,26.9
2025,4,19,8,28.09
2025,4,19,9,29.04
2025,4,19,10,29.77
2025,4,19,11,30.53
2025,4,19,12,30.94
2025,4,19,13,30.44
2025,4,19,14,30.12
2025,4,19,15,29.57
2025,4,19,16,28.68
2025,4,19,17,27.48
2025,4,19,18,25.93
2025,4,19,19,25.33
2025,4,19,20,24.94
2025,4,19,21,24.68
2025,4,19,22,24.52
2025,4,19,23,24.45
2025,4,20,0,24.44
2025,4,20,1,24.38
2025,4,20,2,24.36
2025,4,20,3,24.33
2025,4,20,4,24.31
2025,4,20,5,24.37
2025,4,20,6,25.61
2025,4,20,7,26.91
2025,4,20,8,28.36
2025,4,20,9,29.6
2025,4,20,10,30.5
2025,4,20,11,30.96
2025,4,20,12,31.22
2025,4,20,13,31.36
2025,4,20,14,31.28
2025,4,20,15,30.89
2025,4,20,16,30.1
2025,4,20,17,28.85
2025,4,20,18,27.3
2025,4,20,19,26.84
2025,4,20,20,26.63
2025,4,20,21,26.44
2025,4,20,22,26.31
2025,4,20,23,26.17
2025,4,21,0,26.04
2025,4,21,1,25.91
2025,4,21,2,25.79
2025,4,21,3,25.7
2025,4,21,4,25.62
2025,4,21,5,25.62
2025,4,21,6,27.07
2025,4,21,7,28.19
2025,4,21,8,29.28
2025,4,21,9,30.19
2025,4,21,10,30.88
2025,4,21,11,31.33
2025,4,21,12,31.42
2025,4,21,13,31.34
2025,4,21,14,30.77
2025,4,21,15,30.26
2025,4,21,16,29.61
2025,4,21,17,28.59
2025,4,21,18,27.34
2025,4,21,19,26.91
2025,4,21,20,26.69
2025,4,21,21,26.49
2025,4,21,22,26.33
2025,4,21,23,26.21
2025,4,22,0,26.14
2025,4,22,1,26.03
2025,4,22,2,25.92
2025,4,22,3,25.77
2025,4,22,4,25.65
2025,4,22,5,25.66
2025,4,22,6,26.94
2025,4,22,7,27.79
2025,4,22,8,28.47
2025,4,22,9,29.48
2025,4,22,10,30.4
2025,4,22,11,30.9
2025,4,22,12,31.18
2025,4,22,13,31.34
2025,4,22,14,31.14
2025,4,22,15,30.62
2025,4,22,16,29.83
2025,4,22,17,28.75
2025,4,22,18,27.62
2025,4,22,19,27.09
2025,4,22,20,26.84
2025,4,22,21,26.67
2025,4,22,22,26.52
2025,4,22,23,26.39
2025,4,23,0,26.3
2025,4,23,1,26.27
2025,4,23,2,26.3
2025,4,23,3,26.35
2025,4,23,4,26.45
2025,4,23,5,26.56
2025,4,23,6,27.41
2025,4,23,7,28.74
2025,4,23,8,29.97
2025,4,23,9,30.9
2025,4,23,10,31.67
2025,4,23,11,32.13
2025,4,23,12,32.36
2025,4,23,13,32.28
2025,4,23,14,31.91
2025,4,23,15,31.22
2025,4,23,16,30.33
2025,4,23,17,29.12
2025,4,23,18,28.02
2025,4,23,19,27.56
2025,4,23,20,27.15
2025,4,23,21,26.9
2025,4,23,22,26.77
2025,4,23,23,26.76
2025,4,24,0,26.77
2025,4,24,1,26.7
2025,4,24,2,26.64
2025,4,24,3,26.63
2025,4,24,4,26.72
2025,4,24,5,26.89
2025,4,24,6,27.82
2025,4,24,7,29.22
2025,4,24,8,30.5
2025,4,24,9,31.47
2025,4,24,10,32.15
2025,4,24,11,32.6
2025,4,24,12,32.85
2025,4,24,13,32.84
2025,4,24,14,32.52
2025,4,24,15,31.83
2025,4,24,16,30.62
2025,4,24,17,29.1
2025,4,24,18,27.83
2025,4,24,19,27.29
2025,4,24,20,26.89
2025,4,24,21,26.58
2025,4,24,22,26.3
2025,4,24,23,26.06
2025,4,25,0,25.9
2025,4,25,1,25.89
2025,4,25,2,25.91
2025,4,25,3,26
2025,4,25,4,26.06
2025,4,25,5,26.19
2025,4,25,6,27.07
2025,4,25,7,28.14
2025,4,25,8,29.33
2025,4,25,9,30.3
2025,4,25,10,31.38
2025,4,25,11,31.83
2025,4,25,12,32.04
2025,4,25,13,32.19
2025,4,25,14,31.92
2025,4,25,15,31.26
2025,4,25,16,30.26
2025,4,25,17,28.99
2025,4,25,18,27.66
2025,4,25,19,27.21
2025,4,25,20,26.92
2025,4,25,21,26.69
2025,4,25,22,26.51
2025,4,25,23,26.35
2025,4,26,0,26.19
2025,4,26,1,26.07
2025,4,26,2,25.86
2025,4,26,3,25.7
2025,4,26,4,25.69
2025,4,26,5,25.7
2025,4,26,6,27.25
2025,4,26,7,28.76
2025,4,26,8,29.98
2025,4,26,9,31.05
2025,4,26,10,31.89
2025,4,26,11,32.38
2025,4,26,12,32.5
2025,4,26,13,32.47
2025,4,26,14,32.24
2025,4,26,15,31.44
2025,4,26,16,30.38
2025,4,26,17,28.96
2025,4,26,18,27.32
2025,4,26,19,26.72
2025,4,26,20,26.35
2025,4,26,21,26.09
2025,4,26,22,25.87
2025,4,26,23,25.66
2025,4,27,0,25.55
2025,4,27,1,25.49
2025,4,27,2,25.47
2025,4,27,3,25.29
2025,4,27,4,25.06
2025,4,27,5,25.01
2025,4,27,6,26.65
2025,4,27,7,28.06
2025,4,27,8,29.22
2025,4,27,9,30.37
2025,4,27,10,31.07
2025,4,27,11,31.44
2025,4,27,12,31.61
2025,4,27,13,31.37
2025,4,27,14,31.02
2025,4,27,15,30.56
2025,4,27,16,29.81
2025,4,27,17,28.89
2025,4,27,18,27.02
2025,4,27,19,26.25
2025,4,27,20,25.82
2025,4,27,21,25.55
2025,4,27,22,25.34
2025,4,27,23,25.17
2025,4,28,0,25.17
2025,4,28,1,25.39
2025,4,28,2,25.5
2025,4,28,3,25.18
2025,4,28,4,24.94
2025,4,28,5,24.65
2025,4,28,6,25.63
2025,4,28,7,26.59
2025,4,28,8,27.58
2025,4,28,9,28.44
2025,4,28,10,29.29
2025,4,28,11,30.04
2025,4,28,12,30.68
2025,4,28,13,31.1
2025,4,28,14,31.17
2025,4,28,15,30.55
2025,4,28,16,29.63
2025,4,28,17,28.35
2025,4,28,18,26.55
2025,4,28,19,25.71
2025,4,28,20,25.12
2025,4,28,21,24.68
2025,4,28,22,24.39
2025,4,28,23,24.13
2025,4,29,0,23.85
2025,4,29,1,23.61
2025,4,29,2,23.51
2025,4,29,3,23.4
2025,4,29,4,23.28
2025,4,29,5,23.34
2025,4,29,6,24.71
2025,4,29,7,25.93
2025,4,29,8,27.06
2025,4,29,9,28.12
2025,4,29,10,29.06
2025,4,29,11,29.75
2025,4,29,12,30.14
2025,4,29,13,30.27
2025,4,29,14,30.13
2025,4,29,15,29.66
2025,4,29,16,29.09
2025,4,29,17,28.23
2025,4,29,18,26.47
2025,4,29,19,25.71
2025,4,29,20,25.3
2025,4,29,21,25.04
2025,4,29,22,24.85
2025,4,29,23,24.69
2025,4,30,0,24.62
2025,4,30,1,24.76
2025,4,30,2,25.06
2025,4,30,3,24.98
2025,4,30,4,24.95
2025,4,30,5,24.99
2025,4,30,6,25.77
2025,4,30,7,27.1
2025,4,30,8,28.21
2025,4,30,9,28.86
2025,4,30,10,29.34
2025,4,30,11,29.72
2025,4,30,12,30
2025,4,30,13,30.09
2025,4,30,14,30
2025,4,30,15,29.75
2025,4,30,16,29.26
2025,4,30,17,28.89
2025,4,30,18,27.67
2025,4,30,19,27.06
2025,4,30,20,26.51
2025,4,30,21,26.05
2025,4,30,22,25.72
2025,4,30,23,25.43
2025,5,1,0,25.22
2025,5,1,1,25.11
2025,5,1,2,24.84
2025,5,1,3,24.61
2025,5,1,4,24.61
2025,5,1,5,24.62
2025,5,1,6,25.15
2025,5,1,7,26.26
2025,5,1,8,28.79
2025,5,1,9,29.78
2025,5,1,10,30.52
2025,5,1,11,31.06
2025,5,1,12,31.41
2025,5,1,13,31.57
2025,5,1,14,31.5
2025,5,1,15,31.2
2025,5,1,16,30.64
2025,5,1,17,30.24
2025,5,1,18,28.62
2025,5,1,19,27.67
2025,5,1,20,26.57
2025,5,1,21,25.7
2025,5,1,22,25.16
2025,5,1,23,24.78
2025,5,2,0,24.44
2025,5,2,1,24.13
2025,5,2,2,23.82
2025,5,2,3,23.48
2025,5,2,4,23.2
2025,5,2,5,23.3
2025,5,2,6,25.29
2025,5,2,7,27.41
2025,5,2,8,28.48
2025,5,2,9,29.49
2025,5,2,10,30.27
2025,5,2,11,30.88
2025,5,2,12,31.2
2025,5,2,13,31.28
2025,5,2,14,31.19
2025,5,2,15,30.93
2025,5,2,16,30.35
2025,5,2,17,29.7
2025,5,2,18,27.59
2025,5,2,19,26.9
2025,5,2,20,26.34
2025,5,2,21,25.85
2025,5,2,22,25.47
2025,5,2,23,25.17
2025,5,3,0,24.97
2025,5,3,1,24.74
2025,5,3,2,24.52
2025,5,3,3,24.21
2025,5,3,4,23.87
2025,5,3,5,23.74
2025,5,3,6,25.76
2025,5,3,7,28.42
2025,5,3,8,28.92
2025,5,3,9,29.68
2025,5,3,10,30.23
2025,5,3,11,30.61
2025,5,3,12,30.83
2025,5,3,13,30.93
2025,5,3,14,30.89
2025,5,3,15,30.5
2025,5,3,16,29.84
2025,5,3,17,28.77
2025,5,3,18,26.67
2025,5,3,19,25.77
2025,5,3,20,25.32
2025,5,3,21,25.04
2025,5,3,22,24.88
2025,5,3,23,24.78
2025,5,4,0,24.69
2025,5,4,1,24.65
2025,5,4,2,24.68
2025,5,4,3,24.78
2025,5,4,4,24.67
2025,5,4,5,24.62
2025,5,4,6,26.39
2025,5,4,7,27.93
2025,5,4,8,28.75
2025,5,4,9,29.29
2025,5,4,10,29.76
2025,5,4,11,30.09
2025,5,4,12,30.27
2025,5,4,13,30.3
2025,5,4,14,30.23
2025,5,4,15,29.85
2025,5,4,16,29.11
2025,5,4,17,27.99
2025,5,4,18,26.43
2025,5,4,19,25.83
2025,5,4,20,25.51
2025,5,4,21,25.25
2025,5,4,22,25.01
2025,5,4,23,24.72
2025,5,5,0,24.54
2025,5,5,1,24.48
2025,5,5,2,24.57
2025,5,5,3,24.68
2025,5,5,4,24.61
2025,5,5,5,24.66
2025,5,5,6,26.22
2025,5,5,7,27.51
2025,5,5,8,28.65
2025,5,5,9,29.72
2025,5,5,10,30.4
2025,5,5,11,30.67
2025,5,5,12,30.78
2025,5,5,13,30.84
2025,5,5,14,30.72
2025,5,5,15,30.38
2025,5,5,16,29.81
2025,5,5,17,29.03
2025,5,5,18,27.22
2025,5,5,19,26.54
2025,5,5,20,26.24
2025,5,5,21,26.02
2025,5,5,22,25.83
2025,5,5,23,25.63
2025,5,6,0,25.44
2025,5,6,1,25.31
2025,5,6,2,25.26
2025,5,6,3,25.19
2025,5,6,4,25.04
2025,5,6,5,25.06
2025,5,6,6,26.7
2025,5,6,7,28.29
2025,5,6,8,29
2025,5,6,9,29.55
2025,5,6,10,30.07
2025,5,6,11,30.52
2025,5,6,12,30.77
2025,5,6,13,30.88
2025,5,6,14,30.86
2025,5,6,15,30.43
2025,5,6,16,30.05
2025,5,6,17,29.12
2025,5,6,18,28.05
2025,5,6,19,27.23
2025,5,6,20,26.52
2025,5,6,21,25.96
2025,5,6,22,25.7
2025,5,6,23,25.55
2025,5,7,0,25.23
2025,5,7,1,25.03
2025,5,7,2,24.72
2025,5,7,3,24.42
2025,5,7,4,24.25
2025,5,7,5,24.23
2025,5,7,6,25.19
2025,5,7,7,26.74
2025,5,7,8,28.08
2025,5,7,9,29.04
2025,5,7,10,29.96
2025,5,7,11,30.64
2025,5,7,12,31.18
2025,5,7,13,31.63
2025,5,7,14,31.76
2025,5,7,15,31.47
2025,5,7,16,30.95
2025,5,7,17,30.03
2025,5,7,18,28.22
2025,5,7,19,27.41
2025,5,7,20,26.99
2025,5,7,21,26.73
2025,5,7,22,26.5
2025,5,7,23,26.27
2025,5,8,0,26.05
2025,5,8,1,25.86
2025,5,8,2,25.55
2025,5,8,3,25.3
2025,5,8,4,25.15
2025,5,8,5,25.17
2025,5,8,6,26.74
2025,5,8,7,28.32
2025,5,8,8,29.91
2025,5,8,9,31.1
2025,5,8,10,32.14
2025,5,8,11,32.93
2025,5,8,12,33.36
2025,5,8,13,33.64
2025,5,8,14,33.5
2025,5,8,15,33.07
2025,5,8,16,32.99
2025,5,8,17,31.21
2025,5,8,18,29
2025,5,8,19,28.23
2025,5,8,20,27.89
2025,5,8,21,27.61
2025,5,8,22,27.38
2025,5,8,23,27.16
2025,5,9,0,26.94
2025,5,9,1,26.69
2025,5,9,2,26.43
2025,5,9,3,26.15
2025,5,9,4,25.86
2025,5,9,5,25.77
2025,5,9,6,26.88
2025,5,9,7,27.95
2025,5,9,8,29.4
2025,5,9,9,30.75
2025,5,9,10,31.92
2025,5,9,11,32.76
2025,5,9,12,33.24
2025,5,9,13,33.4
2025,5,9,14,33.36
2025,5,9,15,33.24
2025,5,9,16,33.6
2025,5,9,17,32.08
2025,5,9,18,29.19
2025,5,9,19,28.15
2025,5,9,20,27.65
2025,5,9,21,27.26
2025,5,9,22,26.99
2025,5,9,23,26.59
2025,5,10,0,26.29
2025,5,10,1,26.05
2025,5,10,2,25.84
2025,5,10,3,25.71
2025,5,10,4,25.74
2025,5,10,5,26.1
2025,5,10,6,27.52
2025,5,10,7,29.07
2025,5,10,8,30.73
2025,5,10,9,31.87
2025,5,10,10,32.77
2025,5,10,11,33.54
2025,5,10,12,33.93
2025,5,10,13,34.2
2025,5,10,14,34.16
2025,5,10,15,33.94
2025,5,10,16,33.32
2025,5,10,17,32.26
2025,5,10,18,29.68
2025,5,10,19,28.66
2025,5,10,20,28.13
2025,5,10,21,27.73
2025,5,10,22,27.41
2025,5,10,23,27.1
2025,5,11,0,26.83
2025,5,11,1,26.6
2025,5,11,2,26.37
2025,5,11,3,26.17
2025,5,11,4,25.93
2025,5,11,5,25.98
2025,5,11,6,27.94
2025,5,11,7,29.44
2025,5,11,8,31.18
2025,5,11,9,32.5
2025,5,11,10,33.51
2025,5,11,11,34.29
2025,5,11,12,34.79
2025,5,11,13,35.03
2025,5,11,14,34.97
2025,5,11,15,34.47
2025,5,11,16,34.09
2025,5,11,17,32.92
2025,5,11,18,30.43
2025,5,11,19,29.24
2025,5,11,20,28.62
2025,5,11,21,28.22
2025,5,11,22,27.97
2025,5,11,23,27.74
2025,5,12,0,27.55
2025,5,12,1,27.47
2025,5,12,2,27.71
2025,5,12,3,27.67
2025,5,12,4,27.42
2025,5,12,5,27.15
2025,5,12,6,28.07
2025,5,12,7,30.16
2025,5,12,8,31.12
2025,5,12,9,31.48
2025,5,12,10,31.98
2025,5,12,11,32.24
2025,5,12,12,32.33
2025,5,12,13,32.25
2025,5,12,14,31.88
2025,5,12,15,31.26
2025,5,12,16,30.56
2025,5,12,17,29.65
2025,5,12,18,27.86
2025,5,12,19,27.08
2025,5,12,20,26.58
2025,5,12,21,26.23
2025,5,12,22,26.03
2025,5,12,23,25.9
2025,5,13,0,25.85
2025,5,13,1,25.84
2025,5,13,2,25.89
2025,5,13,3,25.83
2025,5,13,4,25.76
2025,5,13,5,25.96
2025,5,13,6,28
2025,5,13,7,29.51
2025,5,13,8,30.52
2025,5,13,9,31.37
2025,5,13,10,31.92
2025,5,13,11,32.06
2025,5,13,12,32.09
2025,5,13,13,32
2025,5,13,14,31.72
2025,5,13,15,31.28
2025,5,13,16,30.56
2025,5,13,17,29.55
2025,5,13,18,28.16
2025,5,13,19,27.58
2025,5,13,20,27.31
2025,5,13,21,27.1
2025,5,13,22,26.95
2025,5,13,23,26.79
2025,5,14,0,26.64
2025,5,14,1,26.52
2025,5,14,2,26.39
2025,5,14,3,26.28
2025,5,14,4,26.18
2025,5,14,5,26.3
2025,5,14,6,28.06
2025,5,14,7,29.47
2025,5,14,8,30.51
2025,5,14,9,31.33
2025,5,14,10,32
2025,5,14,11,32.47
2025,5,14,12,32.89
2025,5,14,13,32.96
2025,5,14,14,32.74
2025,5,14,15,32.23
2025,5,14,16,31.4
2025,5,14,17,30.15
2025,5,14,18,28.35
2025,5,14,19,27.48
2025,5,14,20,27.03
2025,5,14,21,26.72
2025,5,14,22,26.51
2025,5,14,23,26.32
2025,5,15,0,26.14
2025,5,15,1,25.98
2025,5,15,2,25.91
2025,5,15,3,25.97
2025,5,15,4,26.02
2025,5,15,5,26.29
2025,5,15,6,28.13
2025,5,15,7,29.52
2025,5,15,8,30.38
2025,5,15,9,31.35
2025,5,15,10,32.18
2025,5,15,11,32.77
2025,5,15,12,33.09
2025,5,15,13,33.06
2025,5,15,14,32.7
2025,5,15,15,32.17
2025,5,15,16,31.44
2025,5,15,17,30.33
2025,5,15,18,28.66
2025,5,15,19,27.88
2025,5,15,20,27.49
2025,5,15,21,27.17
2025,5,15,22,26.9
2025,5,15,23,26.67
2025,5,16,0,26.42
2025,5,16,1,26.32
2025,5,16,2,26.19
2025,5,16,3,26.11
2025,5,16,4,26.12
2025,5,16,5,26.4
2025,5,16,6,28.25
2025,5,16,7,29.48
2025,5,16,8,30.5
2025,5,16,9,31.41
2025,5,16,10,32.12
2025,5,16,11,32.5
2025,5,16,12,32.64
2025,5,16,13,32.33
2025,5,16,14,31.82
2025,5,16,15,31.29
2025,5,16,16,30.88
2025,5,16,17,29.88
2025,5,16,18,28.54
2025,5,16,19,28
2025,5,16,20,27.73
2025,5,16,21,27.45
2025,5,16,22,27.16
2025,5,16,23,26.89
2025,5,17,0,26.68
2025,5,17,1,26.46
2025,5,17,2,26.27
2025,5,17,3,26.13
2025,5,17,4,26.04
2025,5,17,5,26.16
2025,5,17,6,27.53
2025,5,17,7,28.73
2025,5,17,8,29.65
2025,5,17,9,30.54
2025,5,17,10,31.18
2025,5,17,11,31.31
2025,5,17,12,31.2
2025,5,17,13,31.03
2025,5,17,14,30.68
2025,5,17,15,30.19
2025,5,17,16,29.58
2025,5,17,17,28.78
2025,5,17,18,27.73
2025,5,17,19,27.38
2025,5,17,20,27.27
2025,5,17,21,27.17
2025,5,17,22,27.04
2025,5,17,23,26.97
2025,5,18,0,27.05
2025,5,18,1,27.06
2025,5,18,2,27.03
2025,5,18,3,26.94
2025,5,18,4,26.79
2025,5,18,5,26.68
2025,5,18,6,26.87
2025,5,18,7,27.34
2025,5,18,8,28.4
2025,5,18,9,29.59
2025,5,18,10,30.6
2025,5,18,11,31.39
2025,5,18,12,31.77
2025,5,18,13,31.71
2025,5,18,14,31.33
2025,5,18,15,30.7
2025,5,18,16,29.87
2025,5,18,17,28.74
2025,5,18,18,27.2
2025,5,18,19,26.51
2025,5,18,20,26.21
2025,5,18,21,25.98
2025,5,18,22,25.86
2025,5,18,23,25.84
2025,5,19,0,25.9
2025,5,19,1,25.91
2025,5,19,2,25.9
2025,5,19,3,25.83
2025,5,19,4,25.68
2025,5,19,5,25.85
2025,5,19,6,27.74
2025,5,19,7,28.61
2025,5,19,8,29.6
2025,5,19,9,30.59
2025,5,19,10,31.4
2025,5,19,11,31.91
2025,5,19,12,32.27
2025,5,19,13,32.4
2025,5,19,14,32.26
2025,5,19,15,31.79
2025,5,19,16,30.99
2025,5,19,17,29.72
2025,5,19,18,27.97
2025,5,19,19,27.1
2025,5,19,20,26.7
2025,5,19,21,26.37
2025,5,19,22,26.11
2025,5,19,23,25.89
2025,5,20,0,25.71
2025,5,20,1,25.58
2025,5,20,2,25.51
2025,5,20,3,25.64
2025,5,20,4,25.73
2025,5,20,5,26.14
2025,5,20,6,27.86
2025,5,20,7,29.01
2025,5,20,8,30.08
2025,5,20,9,30.98
2025,5,20,10,31.59
2025,5,20,11,31.83
2025,5,20,12,31.75
2025,5,20,13,31.54
2025,5,20,14,31.09
2025,5,20,15,30.4
2025,5,20,16,29.63
2025,5,20,17,28.75
2025,5,20,18,27.87
2025,5,20,19,27.46
2025,5,20,20,27.14
2025,5,20,21,26.97
2025,5,20,22,26.91
2025,5,20,23,26.86
2025,5,21,0,26.86
2025,5,21,1,26.91
2025,5,21,2,26.86
2025,5,21,3,26.78
2025,5,21,4,26.65
2025,5,21,5,26.81
2025,5,21,6,27.83
2025,5,21,7,28.59
2025,5,21,8,29.31
2025,5,21,9,29.96
2025,5,21,10,30.62
2025,5,21,11,31.03
2025,5,21,12,31.13
2025,5,21,13,30.99
2025,5,21,14,30.4
2025,5,21,15,29.45
2025,5,21,16,28.53
2025,5,21,17,27.8
2025,5,21,18,27
2025,5,21,19,26.68
2025,5,21,20,26.62
2025,5,21,21,26.64
2025,5,21,22,26.68
2025,5,21,23,26.65
2025,5,22,0,26.57
2025,5,22,1,26.57
2025,5,22,2,26.51
2025,5,22,3,26.15
2025,5,22,4,25.78
2025,5,22,5,25.79
2025,5,22,6,26.76
2025,5,22,7,27.88
2025,5,22,8,28.64
2025,5,22,9,29.69
2025,5,22,10,30.53
2025,5,22,11,30.74
2025,5,22,12,30.91
2025,5,22,13,30.43
2025,5,22,14,29.86
2025,5,22,15,29.41
2025,5,22,16,29.08
2025,5,22,17,28.51
2025,5,22,18,27.67
2025,5,22,19,27.15
2025,5,22,20,26.9
2025,5,22,21,26.72
2025,5,22,22,26.59
2025,5,22,23,26.39
2025,5,23,0,26.14
2025,5,23,1,25.93
2025,5,23,2,25.67
2025,5,23,3,25.45
2025,5,23,4,25.32
2025,5,23,5,25.41
2025,5,23,6,26.17
2025,5,23,7,26.89
2025,5,23,8,27.76
2025,5,23,9,28.59
2025,5,23,10,29.2
2025,5,23,11,29.48
2025,5,23,12,29.62
2025,5,23,13,29.58
2025,5,23,14,29.46
2025,5,23,15,29.31
2025,5,23,16,29.23
2025,5,23,17,28.89
2025,5,23,18,27.63
2025,5,23,19,27.1
2025,5,23,20,26.88
2025,5,23,21,26.66
2025,5,23,22,26.45
2025,5,23,23,26.26
2025,5,24,0,26.08
2025,5,24,1,25.96
2025,5,24,2,25.85
2025,5,24,3,25.71
2025,5,24,4,25.54
2025,5,24,5,25.86
2025,5,24,6,27.56
2025,5,24,7,28.55
2025,5,24,8,29.51
2025,5,24,9,30.39
2025,5,24,10,31.27
2025,5,24,11,31.76
2025,5,24,12,31.75
2025,5,24,13,31.19
2025,5,24,14,30.71
2025,5,24,15,30.16
2025,5,24,16,29.32
2025,5,24,17,28.27
2025,5,24,18,27.02
2025,5,24,19,26.49
2025,5,24,20,26.32
2025,5,24,21,26.19
2025,5,24,22,26.09
2025,5,24,23,25.96
2025,5,25,0,25.87
2025,5,25,1,25.85
2025,5,25,2,25.89
2025,5,25,3,25.93
2025,5,25,4,25.91
2025,5,25,5,26.1
2025,5,25,6,27.63
2025,5,25,7,28.83
2025,5,25,8,29.75
2025,5,25,9,30.55
2025,5,25,10,31.21
2025,5,25,11,31.6
2025,5,25,12,31.67
2025,5,25,13,31.54
2025,5,25,14,31.23
2025,5,25,15,30.82
2025,5,25,16,30.25
2025,5,25,17,29.53
2025,5,25,18,28.31
2025,5,25,19,27.72
2025,5,25,20,27.5
2025,5,25,21,27.3
2025,5,25,22,27.06
2025,5,25,23,26.91
2025,5,26,0,26.99
2025,5,26,1,27.01
2025,5,26,2,26.57
2025,5,26,3,26.03
2025,5,26,4,25.73
2025,5,26,5,25.89
2025,5,26,6,27
2025,5,26,7,28.21
2025,5,26,8,29.79
2025,5,26,9,31.11
2025,5,26,10,32.02
2025,5,26,11,32.63
2025,5,26,12,32.91
2025,5,26,13,32.96
2025,5,26,14,32.81
2025,5,26,15,32.27
2025,5,26,16,31.45
2025,5,26,17,30.35
2025,5,26,18,28.5
2025,5,26,19,27.43
2025,5,26,20,26.97
2025,5,26,21,26.68
2025,5,26,22,26.61
2025,5,26,23,26.92
2025,5,27,0,26.52
2025,5,27,1,25.94
2025,5,27,2,25.66
2025,5,27,3,25.52
2025,5,27,4,25.51
2025,5,27,5,25.6
2025,5,27,6,26.11
2025,5,27,7,26.9
2025,5,27,8,28.48
2025,5,27,9,30.15
2025,5,27,10,31.15
2025,5,27,11,31.88
2025,5,27,12,32.4
2025,5,27,13,32.75
2025,5,27,14,32.92
2025,5,27,15,32.83
2025,5,27,16,32.59
2025,5,27,17,32.39
2025,5,27,18,31.09
2025,5,27,19,30.28
2025,5,27,20,29.51
2025,5,27,21,28.66
2025,5,27,22,28.09
2025,5,27,23,27.77
2025,5,28,0,27.54
2025,5,28,1,27.37
2025,5,28,2,27.22
2025,5,28,3,27.07
2025,5,28,4,26.9
2025,5,28,5,26.81
2025,5,28,6,27.09
2025,5,28,7,27.33
2025,5,28,8,27.64
2025,5,28,9,28.1
2025,5,28,10,28.67
2025,5,28,11,28.94
2025,5,28,12,29.53
2025,5,28,13,29.99
2025,5,28,14,29.88
2025,5,28,15,29.46
2025,5,28,16,28.83
2025,5,28,17,28.09
2025,5,28,18,27.56
2025,5,28,19,27.36
2025,5,28,20,27.19
2025,5,28,21,26.95
2025,5,28,22,26.78
2025,5,28,23,26.6
2025,5,29,0,26.44
2025,5,29,1,26.32
2025,5,29,2,26.44
2025,5,29,3,26.63
2025,5,29,4,26.62
2025,5,29,5,26.76
2025,5,29,6,27.17
2025,5,29,7,27.79
2025,5,29,8,28.43
2025,5,29,9,28.87
2025,5,29,10,28.97
2025,5,29,11,29.3
2025,5,29,12,29.61
2025,5,29,13,29.49
2025,5,29,14,29.26
2025,5,29,15,28.96
2025,5,29,16,28.71
2025,5,29,17,28.53
2025,5,29,18,28.59
2025,5,29,19,28.57
2025,5,29,20,28.43
2025,5,29,21,28.31
2025,5,29,22,28.32
2025,5,29,23,28.4
2025,5,30,0,28.12
2025,5,30,1,27.63
2025,5,30,2,27.34
2025,5,30,3,27.49
2025,5,30,4,27.91
2025,5,30,5,28.18
2025,5,30,6,28.38
2025,5,30,7,28.52
2025,5,30,8,28.67
2025,5,30,9,28.89
2025,5,30,10,29.01
2025,5,30,11,29.23
2025,5,30,12,29.81
2025,5,30,13,29.92
2025,5,30,14,29.75
2025,5,30,15,29.46
2025,5,30,16,28.98
2025,5,30,17,28.44
2025,5,30,18,27.99
2025,5,30,19,27.76
2025,5,30,20,27.65
2025,5,30,21,27.62
2025,5,30,22,27.58
2025,5,30,23,27.52
2025,5,31,0,27.33
2025,5,31,1,27.11
2025,5,31,2,26.89
2025,5,31,3,26.84
2025,5,31,4,26.83
2025,5,31,5,27.2
2025,5,31,6,28.37
2025,5,31,7,29.42
2025,5,31,8,30.25
2025,5,31,9,30.36
2025,5,31,10,30.28
2025,5,31,11,30.2
2025,5,31,12,30.1
2025,5,31,13,29.97
2025,5,31,14,29.72
2025,5,31,15,29.42
2025,5,31,16,28.92
2025,5,31,17,28.42
2025,5,31,18,27.98
2025,5,31,19,27.83
2025,5,31,20,27.88
2025,5,31,21,27.86
2025,5,31,22,27.84
2025,5,31,23,27.82
2025,6,1,0,27.9
2025,6,1,1,28.02
2025,6,1,2,28.09
2025,6,1,3,27.99
2025,6,1,4,27.83
2025,6,1,5,27.67
2025,6,1,6,28.06
2025,6,1,7,28.53
2025,6,1,8,29.03
2025,6,1,9,29.44
2025,6,1,10,29.92
2025,6,1,11,30.35
2025,6,1,12,30.73
2025,6,1,13,30.9
2025,6,1,14,30.86
2025,6,1,15,30.59
2025,6,1,16,30.18
2025,6,1,17,29.44
2025,6,1,18,28.29
2025,6,1,19,27.64
2025,6,1,20,27.38
2025,6,1,21,27.19
2025,6,1,22,27.07
2025,6,1,23,26.99
2025,6,2,0,27
2025,6,2,1,27.03
2025,6,2,2,27.07
2025,6,2,3,27.12
2025,6,2,4,27.18
2025,6,2,5,27.34
2025,6,2,6,28.02
2025,6,2,7,28.87
2025,6,2,8,29.69
2025,6,2,9,30.35
2025,6,2,10,30.85
2025,6,2,11,31.09
2025,6,2,12,31.18
2025,6,2,13,30.93
2025,6,2,14,30.55
2025,6,2,15,30.03
2025,6,2,16,29.31
2025,6,2,17,28.6
2025,6,2,18,27.93
2025,6,2,19,27.6
2025,6,2,20,27.48
2025,6,2,21,27.42
2025,6,2,22,27.34
2025,6,2,23,27.23
2025,6,3,0,27.07
2025,6,3,1,26.92
2025,6,3,2,26.8
2025,6,3,3,26.67
2025,6,3,4,26.55
2025,6,3,5,26.65
2025,6,3,6,27.39
2025,6,3,7,28.28
2025,6,3,8,29.26
2025,6,3,9,29.92
2025,6,3,10,30.25
2025,6,3,11,30.38
2025,6,3,12,30.21
2025,6,3,13,29.89
2025,6,3,14,29.35
2025,6,3,15,28.89
2025,6,3,16,28.51
2025,6,3,17,27.99
2025,6,3,18,27.43
2025,6,3,19,27.19
2025,6,3,20,27.14
2025,6,3,21,27.11
2025,6,3,22,27.09
2025,6,3,23,27
2025,6,4,0,26.9
2025,6,4,1,26.86
2025,6,4,2,26.77
2025,6,4,3,26.66
2025,6,4,4,26.51
2025,6,4,5,26.44
2025,6,4,6,26.92
2025,6,4,7,27.4
2025,6,4,8,27.94
2025,6,4,9,28.51
2025,6,4,10,29.17
2025,6,4,11,29.49
2025,6,4,12,29.69
2025,6,4,13,29.73
2025,6,4,14,29.57
2025,6,4,15,29.24
2025,6,4,16,28.69
2025,6,4,17,28.06
2025,6,4,18,27.34
2025,6,4,19,26.94
2025,6,4,20,26.71
2025,6,4,21,26.46
2025,6,4,22,26.32
2025,6,4,23,26.15
2025,6,5,0,25.99
2025,6,5,1,25.84
2025,6,5,2,25.67
2025,6,5,3,25.56
2025,6,5,4,25.47
2025,6,5,5,25.74
2025,6,5,6,27
2025,6,5,7,27.86
2025,6,5,8,28.67
2025,6,5,9,29.33
2025,6,5,10,30
2025,6,5,11,30.52
2025,6,5,12,30.76
2025,6,5,13,30.77
2025,6,5,14,30.58
2025,6,5,15,30.16
2025,6,5,16,29.52
2025,6,5,17,28.72
2025,6,5,18,27.5
2025,6,5,19,26.81
2025,6,5,20,26.5
2025,6,5,21,26.25
2025,6,5,22,26.03
2025,6,5,23,25.84
2025,6,6,0,25.67
2025,6,6,1,25.56
2025,6,6,2,25.44
2025,6,6,3,25.39
2025,6,6,4,25.38
2025,6,6,5,25.66
2025,6,6,6,27.16
2025,6,6,7,27.98
2025,6,6,8,28.96
2025,6,6,9,29.89
2025,6,6,10,30.73
2025,6,6,11,31.36
2025,6,6,12,31.69
2025,6,6,13,31.83
2025,6,6,14,31.72
2025,6,6,15,31.3
2025,6,6,16,30.73
2025,6,6,17,29.89
2025,6,6,18,28.49
2025,6,6,19,27.59
2025,6,6,20,27.13
2025,6,6,21,26.81
2025,6,6,22,26.53
2025,6,6,23,26.29
2025,6,7,0,26.09
2025,6,7,1,25.91
2025,6,7,2,25.78
2025,6,7,3,25.65
2025,6,7,4,25.55
2025,6,7,5,25.81
2025,6,7,6,27.13
2025,6,7,7,28.13
2025,6,7,8,29.01
2025,6,7,9,29.89
2025,6,7,10,30.61
2025,6,7,11,31.07
2025,6,7,12,31.31
2025,6,7,13,31.38
2025,6,7,14,31.34
2025,6,7,15,31
2025,6,7,16,30.42
2025,6,7,17,29.76
2025,6,7,18,28.54
2025,6,7,19,27.65
2025,6,7,20,27.23
2025,6,7,21,26.92
2025,6,7,22,26.71
2025,6,7,23,26.54
2025,6,8,0,26.38
2025,6,8,1,26.24
2025,6,8,2,26.12
2025,6,8,3,26.07
2025,6,8,4,26.11
2025,6,8,5,26.42
2025,6,8,6,27.75
2025,6,8,7,29.05
2025,6,8,8,30.37
2025,6,8,9,31.32
2025,6,8,10,32.09
2025,6,8,11,32.76
2025,6,8,12,33.16
2025,6,8,13,33.18
2025,6,8,14,33.01
2025,6,8,15,32.61
2025,6,8,16,32.12
2025,6,8,17,31.24
2025,6,8,18,29.64
2025,6,8,19,28.7
2025,6,8,20,28.25
2025,6,8,21,27.86
2025,6,8,22,27.54
2025,6,8,23,27.23
2025,6,9,0,26.95
2025,6,9,1,26.62
2025,6,9,2,26.33
2025,6,9,3,26.16
2025,6,9,4,26.05
2025,6,9,5,26.38
2025,6,9,6,27.73
2025,6,9,7,28.79
2025,6,9,8,29.89
2025,6,9,9,30.81
2025,6,9,10,31.53
2025,6,9,11,31.96
2025,6,9,12,32.18
2025,6,9,13,32.21
2025,6,9,14,32.05
2025,6,9,15,31.76
2025,6,9,16,31.44
2025,6,9,17,30.8
2025,6,9,18,29.36
2025,6,9,19,28.4
2025,6,9,20,27.88
2025,6,9,21,27.59
2025,6,9,22,27.35
2025,6,9,23,27.18
2025,6,10,0,27.07
2025,6,10,1,26.94
2025,6,10,2,26.79
2025,6,10,3,26.62
2025,6,10,4,26.46
2025,6,10,5,26.7
2025,6,10,6,27.84
2025,6,10,7,28.87
2025,6,10,8,29.83
2025,6,10,9,30.33
2025,6,10,10,29.95
2025,6,10,11,29.51
2025,6,10,12,29.25
2025,6,10,13,29.23
2025,6,10,14,29.28
2025,6,10,15,29.28
2025,6,10,16,29.05
2025,6,10,17,28.54
2025,6,10,18,27.67
2025,6,10,19,27.26
2025,6,10,20,27.11
2025,6,10,21,26.88
2025,6,10,22,26.53
2025,6,10,23,26.15
2025,6,11,0,25.84
2025,6,11,1,25.55
2025,6,11,2,25.39
2025,6,11,3,25.32
2025,6,11,4,25.08
2025,6,11,5,25.17
2025,6,11,6,26.08
2025,6,11,7,27.65
2025,6,11,8,29.04
2025,6,11,9,30.12
2025,6,11,10,31.15
2025,6,11,11,31.82
2025,6,11,12,32.11
2025,6,11,13,32.18
2025,6,11,14,32.08
2025,6,11,15,31.75
2025,6,11,16,31.13
2025,6,11,17,30.33
2025,6,11,18,28.82
2025,6,11,19,27.88
2025,6,11,20,27.51
2025,6,11,21,27.22
2025,6,11,22,26.97
2025,6,11,23,26.75
2025,6,12,0,26.56
2025,6,12,1,26.39
2025,6,12,2,26.28
2025,6,12,3,26.3
2025,6,12,4,26.24
2025,6,12,5,26.35
2025,6,12,6,27
2025,6,12,7,27.55
2025,6,12,8,28.21
2025,6,12,9,28.9
2025,6,12,10,29.4
2025,6,12,11,29.82
2025,6,12,12,30.12
2025,6,12,13,30.24
2025,6,12,14,30.14
2025,6,12,15,29.92
2025,6,12,16,29.55
2025,6,12,17,28.99
2025,6,12,18,27.98
2025,6,12,19,27.39
2025,6,12,20,27.14
2025,6,12,21,26.97
2025,6,12,22,26.85
2025,6,12,23,26.77
2025,6,13,0,26.77
2025,6,13,1,26.77
2025,6,13,2,26.77
2025,6,13,3,26.73
2025,6,13,4,26.7
2025,6,13,5,26.96
2025,6,13,6,28.38
2025,6,13,7,29.4
2025,6,13,8,30.17
2025,6,13,9,30.9
2025,6,13,10,31.58
2025,6,13,11,32.06
2025,6,13,12,32.36
2025,6,13,13,32.4
2025,6,13,14,32.25
2025,6,13,15,31.68
2025,6,13,16,31.13
2025,6,13,17,30.42
2025,6,13,18,29.08
2025,6,13,19,28.32
2025,6,13,20,28.03
2025,6,13,21,27.79
2025,6,13,22,27.57
2025,6,13,23,27.37
2025,6,14,0,27.23
2025,6,14,1,27.14
2025,6,14,2,26.89
2025,6,14,3,26.66
2025,6,14,4,26.57
2025,6,14,5,26.51
2025,6,14,6,26.77
2025,6,14,7,27.21
2025,6,14,8,27.74
2025,6,14,9,28.25
2025,6,14,10,28.85
2025,6,14,11,29.64
2025,6,14,12,30.28
2025,6,14,13,30.63
2025,6,14,14,30.58
2025,6,14,15,30.25
2025,6,14,16,29.73
2025,6,14,17,28.99
2025,6,14,18,27.95
2025,6,14,19,27.43
2025,6,14,20,27.28
2025,6,14,21,27.2
2025,6,14,22,27.12
2025,6,14,23,27.03
2025,6,15,0,26.94
2025,6,15,1,26.88
2025,6,15,2,26.91
2025,6,15,3,26.97
2025,6,15,4,26.9
2025,6,15,5,26.86
2025,6,15,6,27.51
2025,6,15,7,28.17
2025,6,15,8,28.79
2025,6,15,9,29.33
2025,6,15,10,29.91
2025,6,15,11,30.2
2025,6,15,12,30.21
2025,6,15,13,30.01
2025,6,15,14,29.73
2025,6,15,15,29.34
2025,6,15,16,28.97
2025,6,15,17,28.42
2025,6,15,18,27.63
2025,6,15,19,27.19
2025,6,15,20,26.94
2025,6,15,21,26.73
2025,6,15,22,26.58
2025,6,15,23,26.44
2025,6,16,0,26.34
2025,6,16,1,26.24
2025,6,16,2,26.21
2025,6,16,3,26.16
2025,6,16,4,26.05
2025,6,16,5,26.08
2025,6,16,6,26.66
2025,6,16,7,27.62
2025,6,16,8,28.83
2025,6,16,9,29.74
2025,6,16,10,30.3
2025,6,16,11,30.5
2025,6,16,12,30.75
2025,6,16,13,30.48
2025,6,16,14,30.06
2025,6,16,15,29.61
2025,6,16,16,29.04
2025,6,16,17,28.27
2025,6,16,18,27.44
2025,6,16,19,27.01
2025,6,16,20,26.97
2025,6,16,21,27.1
2025,6,16,22,27.12
2025,6,16,23,27.05
2025,6,17,0,26.99
2025,6,17,1,27.01
2025,6,17,2,27.02
2025,6,17,3,26.99
2025,6,17,4,26.9
2025,6,17,5,27
2025,6,17,6,27.69
2025,6,17,7,28.31
2025,6,17,8,28.72
2025,6,17,9,28.98
2025,6,17,10,29.24
2025,6,17,11,29.48
2025,6,17,12,29.73
2025,6,17,13,29.54
2025,6,17,14,29.19
2025,6,17,15,28.68
2025,6,17,16,28.12
2025,6,17,17,27.6
2025,6,17,18,27.17
2025,6,17,19,27.4
2025,6,17,20,27.72
2025,6,17,21,27.82
2025,6,17,22,27.67
2025,6,17,23,27.36
2025,6,18,0,27.23
2025,6,18,1,27.2
2025,6,18,2,27.14
2025,6,18,3,27.01
2025,6,18,4,26.94
2025,6,18,5,27.01
2025,6,18,6,27.31
2025,6,18,7,27.76
2025,6,18,8,28.15
2025,6,18,9,28.4
2025,6,18,10,28.76
2025,6,18,11,29.05
2025,6,18,12,29.16
2025,6,18,13,29.04
2025,6,18,14,28.77
2025,6,18,15,28.36
2025,6,18,16,28.08
2025,6,18,17,27.71
2025,6,18,18,27.58
2025,6,18,19,27.68
2025,6,18,20,27.7
2025,6,18,21,27.61
2025,6,18,22,27.49
2025,6,18,23,27.42
2025,6,19,0,27.32
2025,6,19,1,27.16
2025,6,19,2,27.05
2025,6,19,3,26.98
2025,6,19,4,26.89
2025,6,19,5,26.89
2025,6,19,6,27.14
2025,6,19,7,27.67
2025,6,19,8,28.51
2025,6,19,9,29
2025,6,19,10,29.34
2025,6,19,11,29.56
2025,6,19,12,29.75
2025,6,19,13,29.76
2025,6,19,14,29.48
2025,6,19,15,29.03
2025,6,19,16,28.69
2025,6,19,17,28.15
2025,6,19,18,27.42
2025,6,19,19,27.05
2025,6,19,20,26.96
2025,6,19,21,26.93
2025,6,19,22,26.93
2025,6,19,23,26.94
2025,6,20,0,26.96
2025,6,20,1,26.93
2025,6,20,2,26.91
2025,6,20,3,26.98
2025,6,20,4,27.08
2025,6,20,5,27.1
2025,6,20,6,27.56
2025,6,20,7,28.21
2025,6,20,8,28.93
2025,6,20,9,29.68
2025,6,20,10,30.26
2025,6,20,11,30.66
2025,6,20,12,30.98
2025,6,20,13,31.09
2025,6,20,14,30.93
2025,6,20,15,30.4
2025,6,20,16,29.74
2025,6,20,17,28.99
2025,6,20,18,28.12
2025,6,20,19,27.52
2025,6,20,20,27.22
2025,6,20,21,27.05
2025,6,20,22,26.95
2025,6,20,23,26.83
2025,6,21,0,26.77
2025,6,21,1,26.78
2025,6,21,2,26.75
2025,6,21,3,26.74
2025,6,21,4,26.67
2025,6,21,5,26.87
2025,6,21,6,27.65
2025,6,21,7,28.32
2025,6,21,8,28.92
2025,6,21,9,29.35
2025,6,21,10,29.69
2025,6,21,11,29.96
2025,6,21,12,29.94
2025,6,21,13,29.87
2025,6,21,14,29.6
2025,6,21,15,29.25
2025,6,21,16,28.77
2025,6,21,17,28.1
2025,6,21,18,27.26
2025,6,21,19,26.8
2025,6,21,20,26.61
2025,6,21,21,26.5
2025,6,21,22,26.44
2025,6,21,23,26.42
2025,6,22,0,26.41
2025,6,22,1,26.44
2025,6,22,2,26.45
2025,6,22,3,26.46
2025,6,22,4,26.42
2025,6,22,5,26.49
2025,6,22,6,27.15
2025,6,22,7,27.71
2025,6,22,8,28.14
2025,6,22,9,28.63
2025,6,22,10,29.29
2025,6,22,11,30.01
2025,6,22,12,30.32
2025,6,22,13,30.38
2025,6,22,14,30.06
2025,6,22,15,29.52
2025,6,22,16,28.78
2025,6,22,17,28.02
2025,6,22,18,27.19
2025,6,22,19,26.72
2025,6,22,20,26.49
2025,6,22,21,26.34
2025,6,22,22,26.2
2025,6,22,23,26.1
2025,6,23,0,26.11
2025,6,23,1,26.26
2025,6,23,2,26.48
2025,6,23,3,26.51
2025,6,23,4,26.39
2025,6,23,5,26.18
2025,6,23,6,26.98
2025,6,23,7,27.93
2025,6,23,8,28.82
2025,6,23,9,29.44
2025,6,23,10,29.79
2025,6,23,11,29.97
2025,6,23,12,29.99
2025,6,23,13,29.97
2025,6,23,14,29.71
2025,6,23,15,29.31
2025,6,23,16,28.85
2025,6,23,17,28.24
2025,6,23,18,27.44
2025,6,23,19,26.99
2025,6,23,20,26.84
2025,6,23,21,26.72
2025,6,23,22,26.59
2025,6,23,23,26.46
2025,6,24,0,26.28
2025,6,24,1,26.12
2025,6,24,2,26.01
2025,6,24,3,25.93
2025,6,24,4,25.89
2025,6,24,5,26.11
2025,6,24,6,27.05
2025,6,24,7,28.17
2025,6,24,8,29.25
2025,6,24,9,30.1
2025,6,24,10,30.6
2025,6,24,11,30.84
2025,6,24,12,31
2025,6,24,13,30.96
2025,6,24,14,30.78
2025,6,24,15,30.42
2025,6,24,16,29.83
2025,6,24,17,29.15
2025,6,24,18,28.23
2025,6,24,19,27.68
2025,6,24,20,27.47
2025,6,24,21,27.37
2025,6,24,22,27.13
2025,6,24,23,27.05
2025,6,25,0,27.19
2025,6,25,1,27.31
2025,6,25,2,27.26
2025,6,25,3,27.06
2025,6,25,4,26.71
2025,6,25,5,26.61
2025,6,25,6,27.31
2025,6,25,7,27.68
2025,6,25,8,27.83
2025,6,25,9,28.13
2025,6,25,10,28.53
2025,6,25,11,28.84
2025,6,25,12,29.16
2025,6,25,13,29.4
2025,6,25,14,29.19
2025,6,25,15,28.73
2025,6,25,16,28.44
2025,6,25,17,28.01
2025,6,25,18,27.43
2025,6,25,19,27.14
2025,6,25,20,27.04
2025,6,25,21,26.95
2025,6,25,22,26.77
2025,6,25,23,26.46
2025,6,26,0,26.23
2025,6,26,1,26.06
2025,6,26,2,25.87
2025,6,26,3,25.69
2025,6,26,4,25.55
2025,6,26,5,25.47
2025,6,26,6,25.77
2025,6,26,7,26.43
2025,6,26,8,27.58
2025,6,26,9,28.67
2025,6,26,10,29.48
2025,6,26,11,29.97
2025,6,26,12,30.06
2025,6,26,13,30
2025,6,26,14,29.66
2025,6,26,15,29.19
2025,6,26,16,28.75
2025,6,26,17,28.22
2025,6,26,18,27.52
2025,6,26,19,27.16
2025,6,26,20,27.07
2025,6,26,21,26.96
2025,6,26,22,26.8
2025,6,26,23,26.71
2025,6,27,0,26.61
2025,6,27,1,26.55
2025,6,27,2,26.46
2025,6,27,3,26.37
2025,6,27,4,26.29
2025,6,27,5,26.55
2025,6,27,6,27.65
2025,6,27,7,28.56
2025,6,27,8,29.41
2025,6,27,9,30.18
2025,6,27,10,30.71
2025,6,27,11,30.96
2025,6,27,12,30.97
2025,6,27,13,30.76
2025,6,27,14,30.27
2025,6,27,15,29.7
2025,6,27,16,28.96
2025,6,27,17,28.04
2025,6,27,18,26.97
2025,6,27,19,26.43
2025,6,27,20,26.18
2025,6,27,21,26.09
2025,6,27,22,26.1
2025,6,27,23,26.09
2025,6,28,0,26.03
2025,6,28,1,25.93
2025,6,28,2,25.78
2025,6,28,3,25.59
2025,6,28,4,25.43
2025,6,28,5,25.46
2025,6,28,6,26.07
2025,6,28,7,27.05
2025,6,28,8,28.41
2025,6,28,9,29.36
2025,6,28,10,29.63
2025,6,28,11,29.49
2025,6,28,12,29.12
2025,6,28,13,28.56
2025,6,28,14,28.14
2025,6,28,15,27.85
2025,6,28,16,27.6
2025,6,28,17,27.19
2025,6,28,18,26.68
2025,6,28,19,26.36
2025,6,28,20,26.16
2025,6,28,21,26.09
2025,6,28,22,26.07
2025,6,28,23,26.06
2025,6,29,0,26.1
2025,6,29,1,26.11
2025,6,29,2,26.17
2025,6,29,3,26.31
2025,6,29,4,26.42
2025,6,29,5,26.64
2025,6,29,6,27.51
2025,6,29,7,28.23
2025,6,29,8,28.65
2025,6,29,9,28.77
2025,6,29,10,28.62
2025,6,29,11,28.58
2025,6,29,12,28.54
2025,6,29,13,28.59
2025,6,29,14,28.55
2025,6,29,15,28.43
2025,6,29,16,28.26
2025,6,29,17,27.83
2025,6,29,18,27.08
2025,6,29,19,26.73
2025,6,29,20,26.67
2025,6,29,21,26.56
2025,6,29,22,26.35
2025,6,29,23,26.25
2025,6,30,0,26.18
2025,6,30,1,26.09
2025,6,30,2,26.09
2025,6,30,3,26.02
2025,6,30,4,25.96
2025,6,30,5,25.98
2025,6,30,6,26.56
2025,6,30,7,27.62
2025,6,30,8,28.62
2025,6,30,9,29.22
2025,6,30,10,29.19
2025,6,30,11,28.97
2025,6,30,12,29
2025,6,30,13,29.17
2025,6,30,14,29.43
2025,6,30,15,29.67
2025,6,30,16,29.35
2025,6,30,17,28.55
2025,6,30,18,27.56
2025,6,30,19,27.02
2025,6,30,20,26.76
2025,6,30,21,26.66
2025,6,30,22,26.6
2025,6,30,23,26.45
2025,7,1,0,26.28
2025,7,1,1,26.09
2025,7,1,2,25.92
2025,7,1,3,25.73
2025,7,1,4,25.54
2025,7,1,5,25.54
2025,7,1,6,26.01
2025,7,1,7,26.86
2025,7,1,8,28.21
2025,7,1,9,29.38
2025,7,1,10,30.33
2025,7,1,11,30.95
2025,7,1,12,31.34
2025,7,1,13,31.3
2025,7,1,14,30.6
2025,7,1,15,29.88
2025,7,1,16,29.09
2025,7,1,17,28.25
2025,7,1,18,27.44
2025,7,1,19,27.09
2025,7,1,20,26.98
2025,7,1,21,26.92
2025,7,1,22,26.84
2025,7,1,23,26.76
2025,7,2,0,26.62
2025,7,2,1,26.45
2025,7,2,2,26.31
2025,7,2,3,26.22
2025,7,2,4,26.14
2025,7,2,5,26.23
2025,7,2,6,27.01
2025,7,2,7,28.14
2025,7,2,8,29.38
2025,7,2,9,30.43
2025,7,2,10,30.85
2025,7,2,11,31.04
2025,7,2,12,31
2025,7,2,13,30.67
2025,7,2,14,30.16
2025,7,2,15,29.66
2025,7,2,16,29.11
2025,7,2,17,28.37
2025,7,2,18,27.62
2025,7,2,19,27.27
2025,7,2,20,27.2
2025,7,2,21,27.21
2025,7,2,22,27.18
2025,7,2,23,27.01
2025,7,3,0,26.81
2025,7,3,1,26.6
2025,7,3,2,26.47
2025,7,3,3,26.4
2025,7,3,4,26.37
2025,7,3,5,26.43
2025,7,3,6,27.09
2025,7,3,7,28.14
2025,7,3,8,29.07
2025,7,3,9,29.85
2025,7,3,10,30.21
2025,7,3,11,30.51
2025,7,3,12,30.89
2025,7,3,13,30.99
2025,7,3,14,30.76
2025,7,3,15,30.22
2025,7,3,16,29.4
2025,7,3,17,28.49
2025,7,3,18,27.63
2025,7,3,19,27.28
2025,7,3,20,27.13
2025,7,3,21,27.07
2025,7,3,22,27.01
2025,7,3,23,26.94
2025,7,4,0,26.84
2025,7,4,1,26.78
2025,7,4,2,26.74
2025,7,4,3,26.74
2025,7,4,4,26.74
2025,7,4,5,26.92
2025,7,4,6,27.24
2025,7,4,7,27.79
2025,7,4,8,28.31
2025,7,4,9,28.74
2025,7,4,10,29.19
2025,7,4,11,29.59
2025,7,4,12,29.93
2025,7,4,13,30.23
2025,7,4,14,30.3
2025,7,4,15,29.95
2025,7,4,16,29.24
2025,7,4,17,28.37
2025,7,4,18,27.58
2025,7,4,19,27.26
2025,7,4,20,27.21
2025,7,4,21,27.18
2025,7,4,22,27.11
2025,7,4,23,27.05
2025,7,5,0,27.06
2025,7,5,1,27
2025,7,5,2,26.98
2025,7,5,3,27.02
2025,7,5,4,27.01
2025,7,5,5,26.95
2025,7,5,6,27.12
2025,7,5,7,27.58
2025,7,5,8,28.3
2025,7,5,9,29.07
2025,7,5,10,29.82
2025,7,5,11,30.3
2025,7,5,12,30.47
2025,7,5,13,30.45
2025,7,5,14,30.14
2025,7,5,15,29.59
2025,7,5,16,28.92
2025,7,5,17,28.19
2025,7,5,18,27.37
2025,7,5,19,26.94
2025,7,5,20,26.75
2025,7,5,21,26.59
2025,7,5,22,26.42
2025,7,5,23,26.26
2025,7,6,0,26.18
2025,7,6,1,26.17
2025,7,6,2,26.18
2025,7,6,3,26.14
2025,7,6,4,26.07
2025,7,6,5,26.13
2025,7,6,6,26.63
2025,7,6,7,27.24
2025,7,6,8,27.91
2025,7,6,9,28.39
2025,7,6,10,28.85
2025,7,6,11,29.26
2025,7,6,12,29.67
2025,7,6,13,29.87
2025,7,6,14,29.81
2025,7,6,15,29.43
2025,7,6,16,28.69
2025,7,6,17,27.86
2025,7,6,18,26.93
2025,7,6,19,26.47
2025,7,6,20,26.26
2025,7,6,21,26.14
2025,7,6,22,26.07
2025,7,6,23,26.04
2025,7,7,0,26.02
2025,7,7,1,25.97
2025,7,7,2,25.88
2025,7,7,3,25.78
2025,7,7,4,25.7
2025,7,7,5,25.86
2025,7,7,6,26.73
2025,7,7,7,27.62
2025,7,7,8,28.32
2025,7,7,9,28.9
2025,7,7,10,29.41
2025,7,7,11,29.66
2025,7,7,12,29.55
2025,7,7,13,29.27
2025,7,7,14,28.87
2025,7,7,15,28.45
2025,7,7,16,28.19
2025,7,7,17,27.84
2025,7,7,18,27.2
2025,7,7,19,26.59
2025,7,7,20,26.02
2025,7,7,21,25.75
2025,7,7,22,25.81
2025,7,7,23,25.95
2025,7,8,0,26.07
2025,7,8,1,26.15
2025,7,8,2,26.2
2025,7,8,3,26.17
2025,7,8,4,26.18
2025,7,8,5,26.26
2025,7,8,6,26.83
2025,7,8,7,27.41
2025,7,8,8,27.85
2025,7,8,9,28.16
2025,7,8,10,28.35
2025,7,8,11,28.37
2025,7,8,12,28.22
2025,7,8,13,28.13
2025,7,8,14,28.05
2025,7,8,15,27.82
2025,7,8,16,27.42
2025,7,8,17,27.12
2025,7,8,18,27.05
2025,7,8,19,27.02
2025,7,8,20,26.95
2025,7,8,21,26.86
2025,7,8,22,26.77
2025,7,8,23,26.7
2025,7,9,0,26.64
2025,7,9,1,26.56
2025,7,9,2,26.44
2025,7,9,3,26.27
2025,7,9,4,26.18
2025,7,9,5,26.13
2025,7,9,6,26.47
2025,7,9,7,27.03
2025,7,9,8,27.63
2025,7,9,9,28.13
2025,7,9,10,28.42
2025,7,9,11,28.55
2025,7,9,12,28.51
2025,7,9,13,28.39
2025,7,9,14,28.2
2025,7,9,15,27.91
2025,7,9,16,27.5
2025,7,9,17,27.06
2025,7,9,18,26.54
2025,7,9,19,26.26
2025,7,9,20,26.17
2025,7,9,21,26.18
2025,7,9,22,26.21
2025,7,9,23,26.23
2025,7,10,0,26.23
2025,7,10,1,26.23
2025,7,10,2,26.18
2025,7,10,3,26.11
2025,7,10,4,26.07
2025,7,10,5,26.1
2025,7,10,6,26.43
2025,7,10,7,27
2025,7,10,8,27.61
2025,7,10,9,28.12
2025,7,10,10,28.39
2025,7,10,11,28.44
2025,7,10,12,28.52
2025,7,10,13,28.72
2025,7,10,14,28.74
2025,7,10,15,28.46
2025,7,10,16,27.91
2025,7,10,17,27.14
2025,7,10,18,26.3
2025,7,10,19,25.92
2025,7,10,20,25.78
2025,7,10,21,25.78
2025,7,10,22,25.76
2025,7,10,23,25.73
2025,7,11,0,25.67
2025,7,11,1,25.64
2025,7,11,2,25.58
2025,7,11,3,25.47
2025,7,11,4,25.38
2025,7,11,5,25.35
2025,7,11,6,25.85
2025,7,11,7,26.85
2025,7,11,8,28.16
2025,7,11,9,29.2
2025,7,11,10,29.88
2025,7,11,11,30.27
2025,7,11,12,30.56
2025,7,11,13,30.54
2025,7,11,14,30.51
2025,7,11,15,30.19
2025,7,11,16,29.55
2025,7,11,17,28.68
2025,7,11,18,27.62
2025,7,11,19,26.99
2025,7,11,20,26.68
2025,7,11,21,26.42
2025,7,11,22,26.25
2025,7,11,23,26.12
2025,7,12,0,26.03
2025,7,12,1,26
2025,7,12,2,25.97
2025,7,12,3,25.96
2025,7,12,4,25.96
2025,7,12,5,26.14
2025,7,12,6,27.39
2025,7,12,7,27.95
2025,7,12,8,28.33
2025,7,12,9,28.57
2025,7,12,10,28.81
2025,7,12,11,29.1
2025,7,12,12,29.69
2025,7,12,13,30.37
2025,7,12,14,30.87
2025,7,12,15,30.94
2025,7,12,16,30.92
2025,7,12,17,30.41
2025,7,12,18,29.49
2025,7,12,19,28.67
2025,7,12,20,28.04
2025,7,12,21,27.63
2025,7,12,22,27.31
2025,7,12,23,27.05
2025,7,13,0,26.84
2025,7,13,1,26.69
2025,7,13,2,26.57
2025,7,13,3,26.49
2025,7,13,4,26.48
2025,7,13,5,26.57
2025,7,13,6,27.47
2025,7,13,7,28.91
2025,7,13,8,30.1
2025,7,13,9,31.02
2025,7,13,10,31.57
2025,7,13,11,31.17
2025,7,13,12,30.71
2025,7,13,13,30.28
2025,7,13,14,30.1
2025,7,13,15,29.73
2025,7,13,16,29.06
2025,7,13,17,28.28
2025,7,13,18,27.5
2025,7,13,19,27.07
2025,7,13,20,26.8
2025,7,13,21,26.6
2025,7,13,22,26.44
2025,7,13,23,26.5
2025,7,14,0,26.47
2025,7,14,1,26.41
2025,7,14,2,26.24
2025,7,14,3,26.03
2025,7,14,4,25.86
2025,7,14,5,25.78
2025,7,14,6,25.87
2025,7,14,7,26.14
2025,7,14,8,26.51
2025,7,14,9,26.67
2025,7,14,10,27.4
2025,7,14,11,28.4
2025,7,14,12,28.78
2025,7,14,13,28.67
2025,7,14,14,28.47
2025,7,14,15,28.2
2025,7,14,16,27.87
2025,7,14,17,27.45
2025,7,14,18,27.1
2025,7,14,19,27.08
2025,7,14,20,27.24
2025,7,14,21,27.14
2025,7,14,22,26.93
2025,7,14,23,26.78
2025,7,15,0,26.73
2025,7,15,1,26.65
2025,7,15,2,26.55
2025,7,15,3,26.49
2025,7,15,4,26.44
2025,7,15,5,26.53
2025,7,15,6,27
2025,7,15,7,27.63
2025,7,15,8,28.3
2025,7,15,9,28.72
2025,7,15,10,29.02
2025,7,15,11,29.26
2025,7,15,12,29.41
2025,7,15,13,29.43
2025,7,15,14,29.39
2025,7,15,15,29.23
2025,7,15,16,28.85
2025,7,15,17,28.27
2025,7,15,18,27.46
2025,7,15,19,27.03
2025,7,15,20,26.85
2025,7,15,21,26.71
2025,7,15,22,26.61
2025,7,15,23,26.48
2025,7,16,0,26.36
2025,7,16,1,26.26
2025,7,16,2,26.21
2025,7,16,3,26.18
2025,7,16,4,26.21
2025,7,16,5,26.45
2025,7,16,6,27.41
2025,7,16,7,28.16
2025,7,16,8,28.87
2025,7,16,9,29.57
2025,7,16,10,30.13
2025,7,16,11,30.45
2025,7,16,12,30.54
2025,7,16,13,30.51
2025,7,16,14,30.23
2025,7,16,15,29.84
2025,7,16,16,29.31
2025,7,16,17,28.61
2025,7,16,18,27.59
2025,7,16,19,27.05
2025,7,16,20,26.81
2025,7,16,21,26.65
2025,7,16,22,26.51
2025,7,16,23,26.37
2025,7,17,0,26.24
2025,7,17,1,26.15
2025,7,17,2,26.1
2025,7,17,3,26.01
2025,7,17,4,25.97
2025,7,17,5,26.09
2025,7,17,6,27.02
2025,7,17,7,27.75
2025,7,17,8,28.51
2025,7,17,9,29.3
2025,7,17,10,29.78
2025,7,17,11,30.37
2025,7,17,12,30.89
2025,7,17,13,31.12
2025,7,17,14,31
2025,7,17,15,30.78
2025,7,17,16,30.14
2025,7,17,17,29.49
2025,7,17,18,28.31
2025,7,17,19,27.48
2025,7,17,20,27.06
2025,7,17,21,26.76
2025,7,17,22,26.49
2025,7,17,23,26.26
2025,7,18,0,26.05
2025,7,18,1,25.88
2025,7,18,2,25.7
2025,7,18,3,25.55
2025,7,18,4,25.48
2025,7,18,5,25.7
2025,7,18,6,27.01
2025,7,18,7,27.88
2025,7,18,8,28.81
2025,7,18,9,29.74
2025,7,18,10,30.45
2025,7,18,11,30.91
2025,7,18,12,31.15
2025,7,18,13,31.24
2025,7,18,14,31.18
2025,7,18,15,30.71
2025,7,18,16,30.07
2025,7,18,17,29.3
2025,7,18,18,28.11
2025,7,18,19,27.47
2025,7,18,20,27.14
2025,7,18,21,26.85
2025,7,18,22,26.62
2025,7,18,23,26.44
2025,7,19,0,26.31
2025,7,19,1,26.29
2025,7,19,2,26.21
2025,7,19,3,26.13
2025,7,19,4,25.96
2025,7,19,5,25.96
2025,7,19,6,26.52
2025,7,19,7,27.21
2025,7,19,8,28.08
2025,7,19,9,29.17
2025,7,19,10,30.04
2025,7,19,11,30.58
2025,7,19,12,30.87
2025,7,19,13,31.07
2025,7,19,14,31.06
2025,7,19,15,30.8
2025,7,19,16,30.14
2025,7,19,17,29.38
2025,7,19,18,27.99
2025,7,19,19,27.29
2025,7,19,20,27.09
2025,7,19,21,26.98
2025,7,19,22,26.87
2025,7,19,23,26.77
2025,7,20,0,26.67
2025,7,20,1,26.49
2025,7,20,2,26.35
2025,7,20,3,26.2
2025,7,20,4,26.09
2025,7,20,5,26.34
2025,7,20,6,27.71
2025,7,20,7,28.7
2025,7,20,8,29.58
2025,7,20,9,29.93
2025,7,20,10,30.58
2025,7,20,11,30.99
2025,7,20,12,31.26
2025,7,20,13,31.65
2025,7,20,14,31.85
2025,7,20,15,31.74
2025,7,20,16,31.28
2025,7,20,17,30.89
2025,7,20,18,29.77
2025,7,20,19,29
2025,7,20,20,28.4
2025,7,20,21,27.83
2025,7,20,22,27.38
2025,7,20,23,27.08
2025,7,21,0,26.85
2025,7,21,1,26.66
2025,7,21,2,26.48
2025,7,21,3,26.37
2025,7,21,4,26.45
2025,7,21,5,26.67
2025,7,21,6,27.67
2025,7,21,7,28.75
2025,7,21,8,29.95
2025,7,21,9,30.81
2025,7,21,10,31.37
2025,7,21,11,31.68
2025,7,21,12,31.91
2025,7,21,13,32.04
2025,7,21,14,31.93
2025,7,21,15,31.24
2025,7,21,16,30.72
2025,7,21,17,29.77
2025,7,21,18,28.47
2025,7,21,19,27.62
2025,7,21,20,27.23
2025,7,21,21,26.98
2025,7,21,22,26.78
2025,7,21,23,26.58
2025,7,22,0,26.41
2025,7,22,1,26.32
2025,7,22,2,26.24
2025,7,22,3,26.18
2025,7,22,4,26.13
2025,7,22,5,26.32
2025,7,22,6,27.56
2025,7,22,7,28.79
2025,7,22,8,30.1
2025,7,22,9,30.86
2025,7,22,10,31.42
2025,7,22,11,31.85
2025,7,22,12,32.21
2025,7,22,13,32.39
2025,7,22,14,32.51
2025,7,22,15,32.33
2025,7,22,16,31.75
2025,7,22,17,30.96
2025,7,22,18,29.45
2025,7,22,19,28.4
2025,7,22,20,27.88
2025,7,22,21,27.51
2025,7,22,22,27.23
2025,7,22,23,26.98
2025,7,23,0,26.72
2025,7,23,1,26.5
2025,7,23,2,26.32
2025,7,23,3,26.23
2025,7,23,4,26.21
2025,7,23,5,26.53
2025,7,23,6,28
2025,7,23,7,30
2025,7,23,8,30.95
2025,7,23,9,31.85
2025,7,23,10,32.55
2025,7,23,11,32.99
2025,7,23,12,33.42
2025,7,23,13,33.64
2025,7,23,14,33.52
2025,7,23,15,33.07
2025,7,23,16,33.16
2025,7,23,17,32.03
2025,7,23,18,30.5
2025,7,23,19,29.47
2025,7,23,20,28.82
2025,7,23,21,28.39
2025,7,23,22,28.06
2025,7,23,23,27.83
2025,7,24,0,27.74
2025,7,24,1,27.73
2025,7,24,2,27.73
2025,7,24,3,27.75
2025,7,24,4,27.75
2025,7,24,5,27.78
2025,7,24,6,28.02
2025,7,24,7,28.69
2025,7,24,8,29.15
2025,7,24,9,29.27
2025,7,24,10,29.35
2025,7,24,11,29.5
2025,7,24,12,29.36
2025,7,24,13,29.25
2025,7,24,14,29.25
2025,7,24,15,29.29
2025,7,24,16,29.19
2025,7,24,17,28.75
2025,7,24,18,27.89
2025,7,24,19,27.43
2025,7,24,20,27.32
2025,7,24,21,27.17
2025,7,24,22,26.99
2025,7,24,23,26.81
2025,7,25,0,26.71
2025,7,25,1,26.78
2025,7,25,2,26.83
2025,7,25,3,26.8
2025,7,25,4,26.68
2025,7,25,5,26.66
2025,7,25,6,27.55
2025,7,25,7,28.59
2025,7,25,8,29.6
2025,7,25,9,30.54
2025,7,25,10,30.91
2025,7,25,11,30.06
2025,7,25,12,29.4
2025,7,25,13,29.71
2025,7,25,14,30.11
2025,7,25,15,29.82
2025,7,25,16,29.28
2025,7,25,17,28.51
2025,7,25,18,27.83
2025,7,25,19,27.48
2025,7,25,20,27.28
2025,7,25,21,27.15
2025,7,25,22,27.12
2025,7,25,23,27.17
2025,7,26,0,27.25
2025,7,26,1,27.39
2025,7,26,2,27.52
2025,7,26,3,27.59
2025,7,26,4,27.57
2025,7,26,5,27.58
2025,7,26,6,28
2025,7,26,7,28.63
2025,7,26,8,29.1
2025,7,26,9,29.52
2025,7,26,10,30.17
2025,7,26,11,30.37
2025,7,26,12,30.4
2025,7,26,13,30.43
2025,7,26,14,30.31
2025,7,26,15,29.85
2025,7,26,16,29.35
2025,7,26,17,28.69
2025,7,26,18,27.9
2025,7,26,19,27.58
2025,7,26,20,27.51
2025,7,26,21,27.47
2025,7,26,22,27.44
2025,7,26,23,27.44
2025,7,27,0,27.43
2025,7,27,1,27.38
2025,7,27,2,27.3
2025,7,27,3,27.23
2025,7,27,4,27.2
2025,7,27,5,27.24
2025,7,27,6,27.69
2025,7,27,7,28.33
2025,7,27,8,28.84
2025,7,27,9,29.3
2025,7,27,10,29.76
2025,7,27,11,29.97
2025,7,27,12,30.19
2025,7,27,13,30.18
2025,7,27,14,30.05
2025,7,27,15,29.7
2025,7,27,16,29.25
2025,7,27,17,28.59
2025,7,27,18,27.83
2025,7,27,19,27.55
2025,7,27,20,27.39
2025,7,27,21,27.28
2025,7,27,22,27.13
2025,7,27,23,27
2025,7,28,0,26.89
2025,7,28,1,26.82
2025,7,28,2,26.79
2025,7,28,3,26.73
2025,7,28,4,26.71
2025,7,28,5,26.88
2025,7,28,6,27.68
2025,7,28,7,28.36
2025,7,28,8,28.88
2025,7,28,9,29.36
2025,7,28,10,29.73
2025,7,28,11,29.82
2025,7,28,12,29.75
2025,7,28,13,29.52
2025,7,28,14,29.25
2025,7,28,15,28.85
2025,7,28,16,28.37
2025,7,28,17,27.84
2025,7,28,18,27.33
2025,7,28,19,27.04
2025,7,28,20,26.83
2025,7,28,21,26.66
2025,7,28,22,26.5
2025,7,28,23,26.38
2025,7,29,0,26.27
2025,7,29,1,26.17
2025,7,29,2,26.09
2025,7,29,3,25.98
2025,7,29,4,25.9
2025,7,29,5,25.95
2025,7,29,6,26.69
2025,7,29,7,27.59
2025,7,29,8,28.41
2025,7,29,9,29.08
2025,7,29,10,29.5
2025,7,29,11,29.55
2025,7,29,12,29.52
2025,7,29,13,29.48
2025,7,29,14,29.45
2025,7,29,15,29.06
2025,7,29,16,28.5
2025,7,29,17,27.83
2025,7,29,18,26.91
2025,7,29,19,26.51
2025,7,29,20,26.33
2025,7,29,21,26.19
2025,7,29,22,26.09
2025,7,29,23,26.02
2025,7,30,0,25.99
2025,7,30,1,25.96
2025,7,30,2,25.89
2025,7,30,3,25.84
2025,7,30,4,25.88
2025,7,30,5,25.95
2025,7,30,6,26.55
2025,7,30,7,27.43
2025,7,30,8,28.44
2025,7,30,9,29.25
2025,7,30,10,29.55
2025,7,30,11,29.66
2025,7,30,12,29.78
2025,7,30,13,29.84
2025,7,30,14,29.11
2025,7,30,15,28.48
2025,7,30,16,28.15
2025,7,30,17,27.89
2025,7,30,18,27.31
2025,7,30,19,26.83
2025,7,30,20,26.55
2025,7,30,21,26.38
2025,7,30,22,26.25
2025,7,30,23,26.16
2025,7,31,0,26.07
2025,7,31,1,25.98
2025,7,31,2,25.89
2025,7,31,3,25.89
2025,7,31,4,25.91
2025,7,31,5,26.14
2025,7,31,6,26.95
2025,7,31,7,27.71
2025,7,31,8,28.42
2025,7,31,9,28.91
2025,7,31,10,29.04
2025,7,31,11,28.83
2025,7,31,12,28.86
2025,7,31,13,29.14
2025,7,31,14,29.35
2025,7,31,15,29.24
2025,7,31,16,28.87
2025,7,31,17,28.23
2025,7,31,18,27.44
2025,7,31,19,27
2025,7,31,20,26.81
2025,7,31,21,26.74
2025,7,31,22,26.75
2025,7,31,23,26.79
2025,8,1,0,26.82
2025,8,1,1,26.63
2025,8,1,2,26.38
2025,8,1,3,26.22
2025,8,1,4,26.2
2025,8,1,5,26.36
2025,8,1,6,27.19
2025,8,1,7,28.14
2025,8,1,8,28.88
2025,8,1,9,29.66
2025,8,1,10,30.52
2025,8,1,11,30.98
2025,8,1,12,31.35
2025,8,1,13,31.47
2025,8,1,14,31.35
2025,8,1,15,30.78
2025,8,1,16,30.02
2025,8,1,17,29.01
2025,8,1,18,28.05
2025,8,1,19,27.61
2025,8,1,20,27.33
2025,8,1,21,27.15
2025,8,1,22,26.99
2025,8,1,23,26.85
2025,8,2,0,26.71
2025,8,2,1,26.62
2025,8,2,2,26.58
2025,8,2,3,26.59
2025,8,2,4,26.63
2025,8,2,5,26.74
2025,8,2,6,27.31
2025,8,2,7,28.04
2025,8,2,8,28.78
2025,8,2,9,29.3
2025,8,2,10,29.77
2025,8,2,11,29.85
2025,8,2,12,29.79
2025,8,2,13,29.73
2025,8,2,14,29.56
2025,8,2,15,29.21
2025,8,2,16,28.8
2025,8,2,17,28.24
2025,8,2,18,27.64
2025,8,2,19,27.38
2025,8,2,20,27.25
2025,8,2,21,27.17
2025,8,2,22,27.09
2025,8,2,23,26.95
2025,8,3,0,26.77
2025,8,3,1,26.57
2025,8,3,2,26.36
2025,8,3,3,26.34
2025,8,3,4,26.43
2025,8,3,5,26.63
2025,8,3,6,27.38
2025,8,3,7,28.28
2025,8,3,8,29.06
2025,8,3,9,29.62
2025,8,3,10,30.1
2025,8,3,11,30.29
2025,8,3,12,30.46
2025,8,3,13,30.5
2025,8,3,14,30.32
2025,8,3,15,29.8
2025,8,3,16,29.31
2025,8,3,17,28.57
2025,8,3,18,27.74
2025,8,3,19,27.4
2025,8,3,20,27.27
2025,8,3,21,27.24
2025,8,3,22,27.21
2025,8,3,23,27.1
2025,8,4,0,27.01
2025,8,4,1,26.9
2025,8,4,2,26.77
2025,8,4,3,26.68
2025,8,4,4,26.6
2025,8,4,5,26.68
2025,8,4,6,27.51
2025,8,4,7,28.17
2025,8,4,8,28.72
2025,8,4,9,29.05
2025,8,4,10,29.31
2025,8,4,11,29.47
2025,8,4,12,29.55
2025,8,4,13,29.55
2025,8,4,14,29.42
2025,8,4,15,29.2
2025,8,4,16,28.82
2025,8,4,17,28.37
2025,8,4,18,27.73
2025,8,4,19,27.45
2025,8,4,20,27.29
2025,8,4,21,27.14
2025,8,4,22,27.03
2025,8,4,23,26.93
2025,8,5,0,26.82
2025,8,5,1,26.74
2025,8,5,2,26.63
2025,8,5,3,26.51
2025,8,5,4,26.4
2025,8,5,5,26.44
2025,8,5,6,27.37
2025,8,5,7,28.02
2025,8,5,8,28.71
2025,8,5,9,29.42
2025,8,5,10,29.87
2025,8,5,11,30.14
2025,8,5,12,30.33
2025,8,5,13,30.44
2025,8,5,14,30.48
2025,8,5,15,30.25
2025,8,5,16,29.74
2025,8,5,17,29.03
2025,8,5,18,27.94
2025,8,5,19,27.43
2025,8,5,20,27.19
2025,8,5,21,26.99
2025,8,5,22,26.81
2025,8,5,23,26.64
2025,8,6,0,26.46
2025,8,6,1,26.26
2025,8,6,2,26.08
2025,8,6,3,25.94
2025,8,6,4,25.8
2025,8,6,5,25.75
2025,8,6,6,26.64
2025,8,6,7,27.3
2025,8,6,8,28.06
2025,8,6,9,28.86
2025,8,6,10,29.5
2025,8,6,11,29.99
2025,8,6,12,30.22
2025,8,6,13,30.21
2025,8,6,14,30
2025,8,6,15,29.52
2025,8,6,16,28.86
2025,8,6,17,28.15
2025,8,6,18,27.09
2025,8,6,19,26.67
2025,8,6,20,26.52
2025,8,6,21,26.47
2025,8,6,22,26.42
2025,8,6,23,26.36
2025,8,7,0,26.3
2025,8,7,1,26.19
2025,8,7,2,26.14
2025,8,7,3,26.01
2025,8,7,4,25.81
2025,8,7,5,25.79
2025,8,7,6,26.69
2025,8,7,7,27.18
2025,8,7,8,27.55
2025,8,7,9,27.91
2025,8,7,10,28.41
2025,8,7,11,29.04
2025,8,7,12,29.59
2025,8,7,13,29.96
2025,8,7,14,29.83
2025,8,7,15,29.38
2025,8,7,16,28.66
2025,8,7,17,27.79
2025,8,7,18,26.97
2025,8,7,19,26.61
2025,8,7,20,26.44
2025,8,7,21,26.35
2025,8,7,22,26.35
2025,8,7,23,26.27
2025,8,8,0,26.15
2025,8,8,1,26.05
2025,8,8,2,25.97
2025,8,8,3,25.83
2025,8,8,4,25.72
2025,8,8,5,25.67
2025,8,8,6,26.63
2025,8,8,7,27.34
2025,8,8,8,27.76
2025,8,8,9,27.58
2025,8,8,10,27.58
2025,8,8,11,27.69
2025,8,8,12,27.74
2025,8,8,13,27.73
2025,8,8,14,27.61
2025,8,8,15,27.38
2025,8,8,16,27.07
2025,8,8,17,26.6
2025,8,8,18,25.77
2025,8,8,19,25.4
2025,8,8,20,25.23
2025,8,8,21,25.17
2025,8,8,22,25.18
2025,8,8,23,25.25
2025,8,9,0,25.28
2025,8,9,1,25.23
2025,8,9,2,25.21
2025,8,9,3,25.17
2025,8,9,4,25.16
2025,8,9,5,25.32
2025,8,9,6,26.56
2025,8,9,7,27.56
2025,8,9,8,28.51
2025,8,9,9,29.18
2025,8,9,10,29.78
2025,8,9,11,30.3
2025,8,9,12,30.68
2025,8,9,13,30.7
2025,8,9,14,30.47
2025,8,9,15,30.02
2025,8,9,16,29.25
2025,8,9,17,28.33
2025,8,9,18,27.12
2025,8,9,19,26.59
2025,8,9,20,26.25
2025,8,9,21,25.97
2025,8,9,22,25.75
2025,8,9,23,25.55
2025,8,10,0,25.37
2025,8,10,1,25.3
2025,8,10,2,25.24
2025,8,10,3,25.18
2025,8,10,4,25.2
2025,8,10,5,25.41
2025,8,10,6,27.07
2025,8,10,7,28.26
2025,8,10,8,29.31
2025,8,10,9,30.16
2025,8,10,10,30.82
2025,8,10,11,31.22
2025,8,10,12,31.41
2025,8,10,13,31.34
2025,8,10,14,31.06
2025,8,10,15,30.6
2025,8,10,16,29.79
2025,8,10,17,28.85
2025,8,10,18,27.57
2025,8,10,19,27.02
2025,8,10,20,26.73
2025,8,10,21,26.47
2025,8,10,22,26.27
2025,8,10,23,26.07
2025,8,11,0,25.92
2025,8,11,1,25.79
2025,8,11,2,25.67
2025,8,11,3,25.58
2025,8,11,4,25.47
2025,8,11,5,25.57
2025,8,11,6,26.99
2025,8,11,7,28.14
2025,8,11,8,29.26
2025,8,11,9,30.16
2025,8,11,10,31.01
2025,8,11,11,31.69
2025,8,11,12,32.09
2025,8,11,13,32.2
2025,8,11,14,32.1
2025,8,11,15,31.59
2025,8,11,16,30.98
2025,8,11,17,30.07
2025,8,11,18,28.57
2025,8,11,19,27.95
2025,8,11,20,27.7
2025,8,11,21,27.48
2025,8,11,22,27.24
2025,8,11,23,27.07
2025,8,12,0,26.92
2025,8,12,1,26.74
2025,8,12,2,26.53
2025,8,12,3,26.35
2025,8,12,4,26.19
2025,8,12,5,26.23
2025,8,12,6,27.67
2025,8,12,7,28.63
2025,8,12,8,29.5
2025,8,12,9,30.4
2025,8,12,10,31.16
2025,8,12,11,31.66
2025,8,12,12,31.94
2025,8,12,13,31.97
2025,8,12,14,31.63
2025,8,12,15,30.99
2025,8,12,16,30.33
2025,8,12,17,29.34
2025,8,12,18,28.09
2025,8,12,19,27.48
2025,8,12,20,27.16
2025,8,12,21,26.97
2025,8,12,22,26.79
2025,8,12,23,26.62
2025,8,13,0,26.42
2025,8,13,1,26.21
2025,8,13,2,26.21
2025,8,13,3,26.25
2025,8,13,4,26.16
2025,8,13,5,26.24
2025,8,13,6,27.09
2025,8,13,7,27.73
2025,8,13,8,28.06
2025,8,13,9,28.5
2025,8,13,10,29.01
2025,8,13,11,30.08
2025,8,13,12,30.41
2025,8,13,13,29.93
2025,8,13,14,29.38
2025,8,13,15,28.9
2025,8,13,16,28.51
2025,8,13,17,28.01
2025,8,13,18,27.48
2025,8,13,19,27.21
2025,8,13,20,26.79
2025,8,13,21,26.57
2025,8,13,22,26.41
2025,8,13,23,26.24
2025,8,14,0,26.1
2025,8,14,1,25.95
2025,8,14,2,25.83
2025,8,14,3,25.75
2025,8,14,4,25.73
2025,8,14,5,25.76
2025,8,14,6,26.55
2025,8,14,7,27.54
2025,8,14,8,28.57
2025,8,14,9,29.44
2025,8,14,10,30.03
2025,8,14,11,30.51
2025,8,14,12,30.82
2025,8,14,13,30.87
2025,8,14,14,30.39
2025,8,14,15,29.7
2025,8,14,16,28.93
2025,8,14,17,28.08
2025,8,14,18,27.22
2025,8,14,19,26.86
2025,8,14,20,26.66
2025,8,14,21,26.48
2025,8,14,22,26.3
2025,8,14,23,26.12
2025,8,15,0,25.93
2025,8,15,1,25.73
2025,8,15,2,25.58
2025,8,15,3,25.53
2025,8,15,4,25.45
2025,8,15,5,25.48
2025,8,15,6,26.35
2025,8,15,7,27.08
2025,8,15,8,27.84
2025,8,15,9,28.41
2025,8,15,10,28.91
2025,8,15,11,29.31
2025,8,15,12,29.7
2025,8,15,13,30.02
2025,8,15,14,30.09
2025,8,15,15,29.88
2025,8,15,16,29.36
2025,8,15,17,28.5
2025,8,15,18,27.32
2025,8,15,19,26.79
2025,8,15,20,26.5
2025,8,15,21,26.25
2025,8,15,22,26.07
2025,8,15,23,25.89
2025,8,16,0,25.78
2025,8,16,1,25.84
2025,8,16,2,25.93
2025,8,16,3,25.84
2025,8,16,4,25.73
2025,8,16,5,25.57
2025,8,16,6,26.59
2025,8,16,7,28.08
2025,8,16,8,29.53
2025,8,16,9,30.14
2025,8,16,10,30.53
2025,8,16,11,30.85
2025,8,16,12,30.87
2025,8,16,13,30.68
2025,8,16,14,30.37
2025,8,16,15,29.97
2025,8,16,16,29.71
2025,8,16,17,28.83
2025,8,16,18,27.83
2025,8,16,19,27.34
2025,8,16,20,27.05
2025,8,16,21,26.83
2025,8,16,22,26.64
2025,8,16,23,26.47
2025,8,17,0,26.33
2025,8,17,1,26.19
2025,8,17,2,26.1
2025,8,17,3,26.01
2025,8,17,4,25.93
2025,8,17,5,25.93
2025,8,17,6,26.65
2025,8,17,7,27.37
2025,8,17,8,28.04
2025,8,17,9,28.68
2025,8,17,10,29.19
2025,8,17,11,29.34
2025,8,17,12,29.62
2025,8,17,13,29.86
2025,8,17,14,29.79
2025,8,17,15,29.55
2025,8,17,16,29.12
2025,8,17,17,28.44
2025,8,17,18,27.51
2025,8,17,19,27.17
2025,8,17,20,27.05
2025,8,17,21,26.94
2025,8,17,22,26.8
2025,8,17,23,26.68
2025,8,18,0,26.57
2025,8,18,1,26.48
2025,8,18,2,26.31
2025,8,18,3,26.21
2025,8,18,4,26.08
2025,8,18,5,26.08
2025,8,18,6,26.6
2025,8,18,7,27.49
2025,8,18,8,28.63
2025,8,18,9,29.67
2025,8,18,10,30.33
2025,8,18,11,30.85
2025,8,18,12,31.16
2025,8,18,13,31.18
2025,8,18,14,31.03
2025,8,18,15,30.59
2025,8,18,16,29.78
2025,8,18,17,28.85
2025,8,18,18,27.81
2025,8,18,19,27.36
2025,8,18,20,27.11
2025,8,18,21,26.88
2025,8,18,22,26.61
2025,8,18,23,26.5
2025,8,19,0,26.31
2025,8,19,1,26.05
2025,8,19,2,25.84
2025,8,19,3,25.67
2025,8,19,4,25.52
2025,8,19,5,25.42
2025,8,19,6,25.88
2025,8,19,7,27.07
2025,8,19,8,28.44
2025,8,19,9,29.59
2025,8,19,10,30.26
2025,8,19,11,30.59
2025,8,19,12,30.68
2025,8,19,13,30.45
2025,8,19,14,30.03
2025,8,19,15,29.42
2025,8,19,16,28.92
2025,8,19,17,28.09
2025,8,19,18,27.16
2025,8,19,19,26.92
2025,8,19,20,26.86
2025,8,19,21,26.77
2025,8,19,22,26.66
2025,8,19,23,26.55
2025,8,20,0,26.51
2025,8,20,1,26.47
2025,8,20,2,26.37
2025,8,20,3,26.24
2025,8,20,4,26.14
2025,8,20,5,26.09
2025,8,20,6,26.74
2025,8,20,7,27.47
2025,8,20,8,28.18
2025,8,20,9,28.82
2025,8,20,10,29.52
2025,8,20,11,30.06
2025,8,20,12,30.12
2025,8,20,13,29.98
2025,8,20,14,29.41
2025,8,20,15,28.8
2025,8,20,16,28.32
2025,8,20,17,27.7
2025,8,20,18,27.16
2025,8,20,19,26.96
2025,8,20,20,26.87
2025,8,20,21,26.82
2025,8,20,22,26.74
2025,8,20,23,26.68
2025,8,21,0,26.58
2025,8,21,1,26.47
2025,8,21,2,26.41
2025,8,21,3,26.46
2025,8,21,4,26.59
2025,8,21,5,26.72
2025,8,21,6,27.32
2025,8,21,7,28.12
2025,8,21,8,28.7
2025,8,21,9,29.07
2025,8,21,10,29.49
2025,8,21,11,29.82
2025,8,21,12,29.6
2025,8,21,13,29.19
2025,8,21,14,28.77
2025,8,21,15,28.18
2025,8,21,16,27.67
2025,8,21,17,27.22
2025,8,21,18,26.88
2025,8,21,19,26.75
2025,8,21,20,26.68
2025,8,21,21,26.77
2025,8,21,22,26.76
2025,8,21,23,26.8
2025,8,22,0,26.83
2025,8,22,1,26.56
2025,8,22,2,26.03
2025,8,22,3,25.66
2025,8,22,4,25.53
2025,8,22,5,25.63
2025,8,22,6,26.58
2025,8,22,7,27.59
2025,8,22,8,28.23
2025,8,22,9,28.3
2025,8,22,10,28.34
2025,8,22,11,28.54
2025,8,22,12,28.89
2025,8,22,13,29.08
2025,8,22,14,28.91
2025,8,22,15,28.5
2025,8,22,16,27.91
2025,8,22,17,27.3
2025,8,22,18,26.81
2025,8,22,19,26.58
2025,8,22,20,26.53
2025,8,22,21,26.57
2025,8,22,22,26.48
2025,8,22,23,26.3
2025,8,23,0,26.13
2025,8,23,1,26.08
2025,8,23,2,26.03
2025,8,23,3,25.98
2025,8,23,4,25.88
2025,8,23,5,25.9
2025,8,23,6,26.58
2025,8,23,7,27.51
2025,8,23,8,28.25
2025,8,23,9,29
2025,8,23,10,29.71
2025,8,23,11,30.16
2025,8,23,12,30.22
2025,8,23,13,29.6
2025,8,23,14,29.15
2025,8,23,15,28.56
2025,8,23,16,28.1
2025,8,23,17,27.4
2025,8,23,18,26.64
2025,8,23,19,26.33
2025,8,23,20,26.16
2025,8,23,21,26.11
2025,8,23,22,26.18
2025,8,23,23,26.14
2025,8,24,0,26.23
2025,8,24,1,26.3
2025,8,24,2,26.29
2025,8,24,3,26.27
2025,8,24,4,26.14
2025,8,24,5,25.85
2025,8,24,6,26.33
2025,8,24,7,27.21
2025,8,24,8,27.96
2025,8,24,9,28.55
2025,8,24,10,29.22
2025,8,24,11,29.6
2025,8,24,12,29.81
2025,8,24,13,29.74
2025,8,24,14,29.48
2025,8,24,15,29.02
2025,8,24,16,28.34
2025,8,24,17,27.49
2025,8,24,18,26.5
2025,8,24,19,26.12
2025,8,24,20,25.89
2025,8,24,21,25.72
2025,8,24,22,25.58
2025,8,24,23,25.5
2025,8,25,0,25.48
2025,8,25,1,25.46
2025,8,25,2,25.48
2025,8,25,3,25.5
2025,8,25,4,25.39
2025,8,25,5,25.32
2025,8,25,6,26.22
2025,8,25,7,27.29
2025,8,25,8,28.32
2025,8,25,9,29.23
2025,8,25,10,29.98
2025,8,25,11,30.47
2025,8,25,12,30.74
2025,8,25,13,30.74
2025,8,25,14,30.44
2025,8,25,15,30.05
2025,8,25,16,29.46
2025,8,25,17,28.58
2025,8,25,18,27.4
2025,8,25,19,26.97
2025,8,25,20,26.7
2025,8,25,21,26.48
2025,8,25,22,26.29
2025,8,25,23,26.14
2025,8,26,0,26.07
2025,8,26,1,26.1
2025,8,26,2,26.09
2025,8,26,3,26.06
2025,8,26,4,26.04
2025,8,26,5,26.18
2025,8,26,6,26.77
2025,8,26,7,28.07
2025,8,26,8,29.44
2025,8,26,9,30.34
2025,8,26,10,31.34
2025,8,26,11,31.97
2025,8,26,12,32.24
2025,8,26,13,32.26
2025,8,26,14,31.94
2025,8,26,15,31.19
2025,8,26,16,30.29
2025,8,26,17,29.11
2025,8,26,18,27.59
2025,8,26,19,27.01
2025,8,26,20,26.71
2025,8,26,21,26.49
2025,8,26,22,26.35
2025,8,26,23,26.25
2025,8,27,0,26.01
2025,8,27,1,25.59
2025,8,27,2,25.19
2025,8,27,3,24.87
2025,8,27,4,24.64
2025,8,27,5,24.6
2025,8,27,6,25.2
2025,8,27,7,26.52
2025,8,27,8,28.14
2025,8,27,9,29.51
2025,8,27,10,30.3
2025,8,27,11,30.84
2025,8,27,12,30.94
2025,8,27,13,30.78
2025,8,27,14,30.36
2025,8,27,15,29.79
2025,8,27,16,29.07
2025,8,27,17,28.21
2025,8,27,18,27.14
2025,8,27,19,26.86
2025,8,27,20,26.76
2025,8,27,21,26.64
2025,8,27,22,26.61
2025,8,27,23,26.52
2025,8,28,0,26.31
2025,8,28,1,25.97
2025,8,28,2,25.87
2025,8,28,3,25.82
2025,8,28,4,25.79
2025,8,28,5,25.81
2025,8,28,6,26.69
2025,8,28,7,27.97
2025,8,28,8,28.79
2025,8,28,9,29.42
2025,8,28,10,29.93
2025,8,28,11,30.25
2025,8,28,12,30.54
2025,8,28,13,30.49
2025,8,28,14,30.09
2025,8,28,15,29.49
2025,8,28,16,28.71
2025,8,28,17,27.84
2025,8,28,18,26.79
2025,8,28,19,26.49
2025,8,28,20,26.42
2025,8,28,21,26.44
2025,8,28,22,26.48
2025,8,28,23,26.44
2025,8,29,0,26.39
2025,8,29,1,26.29
2025,8,29,2,26.24
2025,8,29,3,26.19
2025,8,29,4,26.12
2025,8,29,5,26.04
2025,8,29,6,26.67
2025,8,29,7,27.56
2025,8,29,8,28.47
2025,8,29,9,29.27
2025,8,29,10,29.82
2025,8,29,11,30.22
2025,8,29,12,30.17
2025,8,29,13,29.8
2025,8,29,14,29.2
2025,8,29,15,28.67
2025,8,29,16,28.1
2025,8,29,17,27.49
2025,8,29,18,26.72
2025,8,29,19,26.46
2025,8,29,20,26.3
2025,8,29,21,26.22
2025,8,29,22,26.2
2025,8,29,23,26.19
2025,8,30,0,26.1
2025,8,30,1,26
2025,8,30,2,25.86
2025,8,30,3,25.73
2025,8,30,4,25.66
2025,8,30,5,25.61
2025,8,30,6,26.61
2025,8,30,7,27.57
2025,8,30,8,28.4
2025,8,30,9,29.07
2025,8,30,10,29.69
2025,8,30,11,30.14
2025,8,30,12,30.48
2025,8,30,13,30.81
2025,8,30,14,30.79
2025,8,30,15,30.49
2025,8,30,16,29.87
2025,8,30,17,28.92
2025,8,30,18,27.55
2025,8,30,19,26.97
2025,8,30,20,26.63
2025,8,30,21,26.35
2025,8,30,22,26.08
2025,8,30,23,25.83
2025,8,31,0,25.6
2025,8,31,1,25.49
2025,8,31,2,25.44
2025,8,31,3,25.54
2025,8,31,4,25.61
2025,8,31,5,25.6
2025,8,31,6,26.05
2025,8,31,7,26.74
2025,8,31,8,27.49
2025,8,31,9,28.26
2025,8,31,10,28.81
2025,8,31,11,29.16
2025,8,31,12,29.53
2025,8,31,13,29.74
2025,8,31,14,29.78
2025,8,31,15,29.57
2025,8,31,16,29.25
2025,8,31,17,28.72
2025,8,31,18,27.63
2025,8,31,19,27.22
2025,8,31,20,26.89
2025,8,31,21,26.62
2025,8,31,22,26.42
2025,8,31,23,26.22
2025,9,1,0,26.02
2025,9,1,1,25.85
2025,9,1,2,25.71
2025,9,1,3,25.61
2025,9,1,4,25.57
2025,9,1,5,25.57
2025,9,1,6,26.2
2025,9,1,7,26.81
2025,9,1,8,27.72
2025,9,1,9,28.63
2025,9,1,10,29.44
2025,9,1,11,30.08
2025,9,1,12,30.37
2025,9,1,13,30.53
2025,9,1,14,30.46
2025,9,1,15,30.32
2025,9,1,16,30.14
2025,9,1,17,29.51
2025,9,1,18,28.54
2025,9,1,19,28.25
2025,9,1,20,28.07
2025,9,1,21,27.71
2025,9,1,22,27.64
2025,9,1,23,27.78
2025,9,2,0,27.66
2025,9,2,1,27.31
2025,9,2,2,26.93
2025,9,2,3,26.62
2025,9,2,4,26.31
2025,9,2,5,25.96
2025,9,2,6,26.28
2025,9,2,7,27.28
2025,9,2,8,28.46
2025,9,2,9,29.51
2025,9,2,10,30.36
2025,9,2,11,30.95
2025,9,2,12,31.26
2025,9,2,13,31.38
2025,9,2,14,31.25
2025,9,2,15,30.86
2025,9,2,16,30.22
2025,9,2,17,29.15
2025,9,2,18,27.92
2025,9,2,19,27.55
2025,9,2,20,27.31
2025,9,2,21,27.09
2025,9,2,22,26.89
2025,9,2,23,26.67
2025,9,3,0,26.51
2025,9,3,1,26.31
2025,9,3,2,26.12
2025,9,3,3,25.97
2025,9,3,4,25.75
2025,9,3,5,25.58
2025,9,3,6,26.54
2025,9,3,7,27.65
2025,9,3,8,28.66
2025,9,3,9,29.59
2025,9,3,10,30.32
2025,9,3,11,30.77
2025,9,3,12,30.85
2025,9,3,13,30.55
2025,9,3,14,30.02
2025,9,3,15,29.46
2025,9,3,16,28.92
2025,9,3,17,28.13
2025,9,3,18,27.14
2025,9,3,19,26.86
2025,9,3,20,26.68
2025,9,3,21,26.66
2025,9,3,22,26.65
2025,9,3,23,26.53
2025,9,4,0,26.36
2025,9,4,1,26.24
2025,9,4,2,26.18
2025,9,4,3,26.06
2025,9,4,4,25.94
2025,9,4,5,25.82
2025,9,4,6,26.16
2025,9,4,7,26.94
2025,9,4,8,27.96
2025,9,4,9,29.1
2025,9,4,10,30.05
2025,9,4,11,30.59
2025,9,4,12,30.95
2025,9,4,13,31.04
2025,9,4,14,30.82
2025,9,4,15,30.26
2025,9,4,16,29.29
2025,9,4,17,28.18
2025,9,4,18,27.06
2025,9,4,19,26.6
2025,9,4,20,26.26
2025,9,4,21,25.96
2025,9,4,22,25.76
2025,9,4,23,25.64
2025,9,5,0,25.61
2025,9,5,1,25.62
2025,9,5,2,25.64
2025,9,5,3,25.65
2025,9,5,4,25.63
2025,9,5,5,25.66
2025,9,5,6,26.52
2025,9,5,7,27.62
2025,9,5,8,28.47
2025,9,5,9,29.48
2025,9,5,10,30.31
2025,9,5,11,30.84
2025,9,5,12,31.06
2025,9,5,13,31.03
2025,9,5,14,30.82
2025,9,5,15,30.36
2025,9,5,16,29.65
2025,9,5,17,28.6
2025,9,5,18,27.18
2025,9,5,19,26.69
2025,9,5,20,26.38
2025,9,5,21,26.13
2025,9,5,22,25.89
2025,9,5,23,25.7
2025,9,6,0,25.54
2025,9,6,1,25.36
2025,9,6,2,25.22
2025,9,6,3,25.23
2025,9,6,4,25.39
2025,9,6,5,25.52
2025,9,6,6,26.53
2025,9,6,7,27.93
2025,9,6,8,29.09
2025,9,6,9,30.12
2025,9,6,10,31.04
2025,9,6,11,31.65
2025,9,6,12,31.85
2025,9,6,13,32.04
2025,9,6,14,31.84
2025,9,6,15,31.25
2025,9,6,16,30.88
2025,9,6,17,29.78
2025,9,6,18,28.53
2025,9,6,19,27.88
2025,9,6,20,27.44
2025,9,6,21,27.1
2025,9,6,22,26.81
2025,9,6,23,26.52
2025,9,7,0,26.23
2025,9,7,1,26
2025,9,7,2,25.82
2025,9,7,3,25.71
2025,9,7,4,25.62
2025,9,7,5,25.53
2025,9,7,6,26.49
2025,9,7,7,27.73
2025,9,7,8,28.97
2025,9,7,9,29.45
2025,9,7,10,29.88
2025,9,7,11,30.45
2025,9,7,12,30.75
2025,9,7,13,30.91
2025,9,7,14,30.87
2025,9,7,15,30.67
2025,9,7,16,30.37
2025,9,7,17,29.89
2025,9,7,18,28.63
2025,9,7,19,28.16
2025,9,7,20,27.75
2025,9,7,21,27.28
2025,9,7,22,26.88
2025,9,7,23,26.53
2025,9,8,0,26.23
2025,9,8,1,25.97
2025,9,8,2,25.73
2025,9,8,3,25.71
2025,9,8,4,25.93
2025,9,8,5,26.01
2025,9,8,6,26.75
2025,9,8,7,28.28
2025,9,8,8,29.71
2025,9,8,9,30.4
2025,9,8,10,30.59
2025,9,8,11,31.35
2025,9,8,12,31.94
2025,9,8,13,32.17
2025,9,8,14,32.08
2025,9,8,15,31.69
2025,9,8,16,31.35
2025,9,8,17,30.49
2025,9,8,18,28.9
2025,9,8,19,28.27
2025,9,8,20,27.79
2025,9,8,21,27.42
2025,9,8,22,27.07
2025,9,8,23,26.78
2025,9,9,0,26.52
2025,9,9,1,26.34
2025,9,9,2,26.21
2025,9,9,3,26.13
2025,9,9,4,26.02
2025,9,9,5,25.87
2025,9,9,6,26.89
2025,9,9,7,28.18
2025,9,9,8,29.58
2025,9,9,9,29.67
2025,9,9,10,30.14
2025,9,9,11,30.66
2025,9,9,12,31.07
2025,9,9,13,31.32
2025,9,9,14,31.19
2025,9,9,15,30.75
2025,9,9,16,30.44
2025,9,9,17,29.41
2025,9,9,18,28.39
2025,9,9,19,27.95
2025,9,9,20,27.66
2025,9,9,21,27.4
2025,9,9,22,27.16
2025,9,9,23,26.96
2025,9,10,0,26.75
2025,9,10,1,26.56
2025,9,10,2,26.35
2025,9,10,3,26.16
2025,9,10,4,26.04
2025,9,10,5,25.97
2025,9,10,6,26.93
2025,9,10,7,27.67
2025,9,10,8,28.14
2025,9,10,9,28.54
2025,9,10,10,28.99
2025,9,10,11,29.43
2025,9,10,12,29.74
2025,9,10,13,29.89
2025,9,10,14,29.84
2025,9,10,15,29.69
2025,9,10,16,29.44
2025,9,10,17,28.59
2025,9,10,18,27.68
2025,9,10,19,27.41
2025,9,10,20,27.19
2025,9,10,21,27.02
2025,9,10,22,26.84
2025,9,10,23,26.7
2025,9,11,0,26.56
2025,9,11,1,26.44
2025,9,11,2,26.36
2025,9,11,3,26.22
2025,9,11,4,26.15
2025,9,11,5,26.09
2025,9,11,6,27.12
2025,9,11,7,28.44
2025,9,11,8,29.43
2025,9,11,9,29.92
2025,9,11,10,30.45
2025,9,11,11,30.6
2025,9,11,12,30.68
2025,9,11,13,30.47
2025,9,11,14,30.04
2025,9,11,15,29.64
2025,9,11,16,29.14
2025,9,11,17,28.24
2025,9,11,18,27.45
2025,9,11,19,27.2
2025,9,11,20,27
2025,9,11,21,26.86
2025,9,11,22,26.7
2025,9,11,23,26.57
2025,9,12,0,26.44
2025,9,12,1,26.31
2025,9,12,2,26.24
2025,9,12,3,26.15
2025,9,12,4,26.08
2025,9,12,5,26.01
2025,9,12,6,27.06
2025,9,12,7,28.15
2025,9,12,8,28.95
2025,9,12,9,29.78
2025,9,12,10,30.5
2025,9,12,11,30.71
2025,9,12,12,30.8
2025,9,12,13,30.58
2025,9,12,14,29.78
2025,9,12,15,29.04
2025,9,12,16,28.38
2025,9,12,17,27.61
2025,9,12,18,26.98
2025,9,12,19,26.73
2025,9,12,20,26.55
2025,9,12,21,26.4
2025,9,12,22,26.25
2025,9,12,23,26.14
2025,9,13,0,26.07
2025,9,13,1,26.02
2025,9,13,2,25.99
2025,9,13,3,25.86
2025,9,13,4,25.77
2025,9,13,5,25.75
2025,9,13,6,26.59
2025,9,13,7,27.6
2025,9,13,8,28.71
2025,9,13,9,29.23
2025,9,13,10,29.65
2025,9,13,11,29.96
2025,9,13,12,30.24
2025,9,13,13,30.18
2025,9,13,14,29.84
2025,9,13,15,29.35
2025,9,13,16,28.52
2025,9,13,17,27.76
2025,9,13,18,27.12
2025,9,13,19,26.92
2025,9,13,20,26.8
2025,9,13,21,26.71
2025,9,13,22,26.65
2025,9,13,23,26.58
2025,9,14,0,26.53
2025,9,14,1,26.48
2025,9,14,2,26.44
2025,9,14,3,26.4
2025,9,14,4,26.39
2025,9,14,5,26.37
2025,9,14,6,26.94
2025,9,14,7,27.77
2025,9,14,8,28.25
2025,9,14,9,28.63
2025,9,14,10,28.82
2025,9,14,11,28.9
2025,9,14,12,28.89
2025,9,14,13,28.6
2025,9,14,14,28.21
2025,9,14,15,27.81
2025,9,14,16,27.45
2025,9,14,17,26.93
2025,9,14,18,26.35
2025,9,14,19,26.17
2025,9,14,20,26.05
2025,9,14,21,25.92
2025,9,14,22,25.83
2025,9,14,23,25.75
2025,9,15,0,25.62
2025,9,15,1,25.49
2025,9,15,2,25.38
2025,9,15,3,25.34
2025,9,15,4,25.31
2025,9,15,5,25.3
2025,9,15,6,25.97
2025,9,15,7,26.91
2025,9,15,8,27.45
2025,9,15,9,27.83
2025,9,15,10,27.97
2025,9,15,11,28.31
2025,9,15,12,28.57
2025,9,15,13,28.61
2025,9,15,14,28.43
2025,9,15,15,28.02
2025,9,15,16,27.4
2025,9,15,17,26.69
2025,9,15,18,25.84
2025,9,15,19,25.62
2025,9,15,20,25.46
2025,9,15,21,25.38
2025,9,15,22,25.39
2025,9,15,23,25.42
2025,9,16,0,25.39
2025,9,16,1,25.36
2025,9,16,2,25.39
2025,9,16,3,25.35
2025,9,16,4,25.39
2025,9,16,5,25.44
2025,9,16,6,25.93
2025,9,16,7,26.59
2025,9,16,8,27.09
2025,9,16,9,27.53
2025,9,16,10,27.86
2025,9,16,11,28.29
2025,9,16,12,28.69
2025,9,16,13,28.77
2025,9,16,14,28.59
2025,9,16,15,28.31
2025,9,16,16,27.87
2025,9,16,17,27.12
2025,9,16,18,26.07
2025,9,16,19,25.79
2025,9,16,20,25.58
2025,9,16,21,25.38
2025,9,16,22,25.22
2025,9,16,23,25.07
2025,9,17,0,24.96
2025,9,17,1,24.88
2025,9,17,2,24.83
2025,9,17,3,24.72
2025,9,17,4,24.6
2025,9,17,5,24.5
2025,9,17,6,25.81
2025,9,17,7,27.46
2025,9,17,8,28.38
2025,9,17,9,29.25
2025,9,17,10,30.07
2025,9,17,11,30.67
2025,9,17,12,30.98
2025,9,17,13,31.02
2025,9,17,14,30.85
2025,9,17,15,30.37
2025,9,17,16,29.61
2025,9,17,17,28.5
2025,9,17,18,27.08
2025,9,17,19,26.61
2025,9,17,20,26.3
2025,9,17,21,26.05
2025,9,17,22,25.82
2025,9,17,23,25.61
2025,9,18,0,25.41
2025,9,18,1,25.31
2025,9,18,2,25.3
2025,9,18,3,25.29
2025,9,18,4,25.26
2025,9,18,5,25.28
2025,9,18,6,25.94
2025,9,18,7,27.23
2025,9,18,8,28.11
2025,9,18,9,28.8
2025,9,18,10,29.42
2025,9,18,11,29.94
2025,9,18,12,30.3
2025,9,18,13,30.45
2025,9,18,14,30.39
2025,9,18,15,30.13
2025,9,18,16,29.85
2025,9,18,17,28.8
2025,9,18,18,27.65
2025,9,18,19,27.28
2025,9,18,20,26.98
2025,9,18,21,26.71
2025,9,18,22,26.46
2025,9,18,23,26.24
2025,9,19,0,26.04
2025,9,19,1,25.89
2025,9,19,2,25.84
2025,9,19,3,25.84
2025,9,19,4,25.8
2025,9,19,5,25.79
2025,9,19,6,26.49
2025,9,19,7,28.24
2025,9,19,8,29.69
2025,9,19,9,30.38
2025,9,19,10,31.27
2025,9,19,11,31.87
2025,9,19,12,32.32
2025,9,19,13,32.47
2025,9,19,14,32.34
2025,9,19,15,31.92
2025,9,19,16,31.53
2025,9,19,17,30.57
2025,9,19,18,29.36
2025,9,19,19,28.86
2025,9,19,20,28.49
2025,9,19,21,28.11
2025,9,19,22,27.66
2025,9,19,23,27.3
2025,9,20,0,26.99
2025,9,20,1,26.75
2025,9,20,2,26.57
2025,9,20,3,26.42
2025,9,20,4,26.3
2025,9,20,5,26.19
2025,9,20,6,26.9
2025,9,20,7,27.86
2025,9,20,8,28.67
2025,9,20,9,29.77
2025,9,20,10,30.84
2025,9,20,11,31.29
2025,9,20,12,31.54
2025,9,20,13,31.35
2025,9,20,14,31.13
2025,9,20,15,30.63
2025,9,20,16,30.11
2025,9,20,17,29.1
2025,9,20,18,28.11
2025,9,20,19,27.8
2025,9,20,20,27.56
2025,9,20,21,27.3
2025,9,20,22,27.08
2025,9,20,23,26.92
2025,9,21,0,26.86
2025,9,21,1,26.81
2025,9,21,2,26.74
2025,9,21,3,26.57
2025,9,21,4,26.37
2025,9,21,5,26.23
2025,9,21,6,26.64
2025,9,21,7,27.36
2025,9,21,8,28.02
2025,9,21,9,28.75
2025,9,21,10,29.35
2025,9,21,11,29.69
2025,9,21,12,29.97
2025,9,21,13,30.13
2025,9,21,14,30.18
2025,9,21,15,30.04
2025,9,21,16,29.68
2025,9,21,17,28.85
2025,9,21,18,28.02
2025,9,21,19,27.76
2025,9,21,20,27.51
2025,9,21,21,27.25
2025,9,21,22,27.03
2025,9,21,23,26.84
2025,9,22,0,26.66
2025,9,22,1,26.53
2025,9,22,2,26.47
2025,9,22,3,26.36
2025,9,22,4,26.22
2025,9,22,5,26.12
2025,9,22,6,26.33
2025,9,22,7,26.76
2025,9,22,8,27.16
2025,9,22,9,27.56
2025,9,22,10,27.74
2025,9,22,11,27.83
2025,9,22,12,27.94
2025,9,22,13,28.1
2025,9,22,14,28.15
2025,9,22,15,28.04
2025,9,22,16,27.66
2025,9,22,17,26.92
2025,9,22,18,26.27
2025,9,22,19,26.08
2025,9,22,20,25.97
2025,9,22,21,25.9
2025,9,22,22,25.83
2025,9,22,23,25.77
2025,9,23,0,25.71
2025,9,23,1,25.71
2025,9,23,2,25.74
2025,9,23,3,25.76
2025,9,23,4,25.73
2025,9,23,5,25.64
2025,9,23,6,26.34
2025,9,23,7,27.29
2025,9,23,8,28.24
2025,9,23,9,29.16
2025,9,23,10,29.78
2025,9,23,11,30.22
2025,9,23,12,30.43
2025,9,23,13,30.45
2025,9,23,14,30.21
2025,9,23,15,29.63
2025,9,23,16,28.85
2025,9,23,17,27.97
2025,9,23,18,27.13
2025,9,23,19,26.83
2025,9,23,20,26.56
2025,9,23,21,26.31
2025,9,23,22,26.09
2025,9,23,23,25.88
2025,9,24,0,25.7
2025,9,24,1,25.58
2025,9,24,2,25.54
2025,9,24,3,25.58
2025,9,24,4,25.64
2025,9,24,5,25.68
2025,9,24,6,26.1
2025,9,24,7,27.42
2025,9,24,8,28.38
2025,9,24,9,29.22
2025,9,24,10,30.14
2025,9,24,11,30.9
2025,9,24,12,31.34
2025,9,24,13,31.51
2025,9,24,14,31.37
2025,9,24,15,30.86
2025,9,24,16,30.24
2025,9,24,17,29.27
2025,9,24,18,28.05
2025,9,24,19,27.67
2025,9,24,20,27.43
2025,9,24,21,27.31
2025,9,24,22,27.18
2025,9,24,23,27.02
2025,9,25,0,26.88
2025,9,25,1,26.74
2025,9,25,2,26.64
2025,9,25,3,26.6
2025,9,25,4,26.44
2025,9,25,5,26.13
2025,9,25,6,26.23
2025,9,25,7,26.71
2025,9,25,8,27.31
2025,9,25,9,29.25
2025,9,25,10,31.06
2025,9,25,11,31.54
2025,9,25,12,31.68
2025,9,25,13,31.85
2025,9,25,14,31.85
2025,9,25,15,31.74
2025,9,25,16,31.25
2025,9,25,17,30.14
2025,9,25,18,28.52
2025,9,25,19,27.71
2025,9,25,20,27.11
2025,9,25,21,26.73
2025,9,25,22,26.57
2025,9,25,23,26.47
2025,9,26,0,26.39
2025,9,26,1,26.29
2025,9,26,2,26.09
2025,9,26,3,25.96
2025,9,26,4,25.83
2025,9,26,5,25.7
2025,9,26,6,26.42
2025,9,26,7,27.43
2025,9,26,8,28.45
2025,9,26,9,29.34
2025,9,26,10,30.11
2025,9,26,11,30.75
2025,9,26,12,31.08
2025,9,26,13,31
2025,9,26,14,30.6
2025,9,26,15,30.01
2025,9,26,16,29.22
2025,9,26,17,28.2
2025,9,26,18,27.48
2025,9,26,19,27.24
2025,9,26,20,27.04
2025,9,26,21,26.9
2025,9,26,22,26.76
2025,9,26,23,26.58
2025,9,27,0,26.44
2025,9,27,1,26.27
2025,9,27,2,26.14
2025,9,27,3,26.06
2025,9,27,4,26
2025,9,27,5,26.02
2025,9,27,6,26.43
2025,9,27,7,27.22
2025,9,27,8,27.94
2025,9,27,9,28.69
2025,9,27,10,29.63
2025,9,27,11,30.57
2025,9,27,12,30.99
2025,9,27,13,30.96
2025,9,27,14,30.71
2025,9,27,15,30.35
2025,9,27,16,29.73
2025,9,27,17,28.63
2025,9,27,18,27.55
2025,9,27,19,27.23
2025,9,27,20,26.96
2025,9,27,21,26.73
2025,9,27,22,26.53
2025,9,27,23,26.39
2025,9,28,0,26.33
2025,9,28,1,26.29
2025,9,28,2,26.24
2025,9,28,3,26.2
2025,9,28,4,26.1
2025,9,28,5,25.88
2025,9,28,6,25.9
2025,9,28,7,26.26
2025,9,28,8,26.52
2025,9,28,9,26.86
2025,9,28,10,27.24
2025,9,28,11,27.68
2025,9,28,12,28.16
2025,9,28,13,28.57
2025,9,28,14,28.84
2025,9,28,15,28.8
2025,9,28,16,28.55
2025,9,28,17,27.93
2025,9,28,18,27.19
2025,9,28,19,26.85
2025,9,28,20,26.55
2025,9,28,21,26.3
2025,9,28,22,26.1
2025,9,28,23,25.92
2025,9,29,0,25.79
2025,9,29,1,25.68
2025,9,29,2,25.57
2025,9,29,3,25.44
2025,9,29,4,25.26
2025,9,29,5,25.06
2025,9,29,6,25.61
2025,9,29,7,26.54
2025,9,29,8,27.63
2025,9,29,9,28.5
2025,9,29,10,29.18
2025,9,29,11,29.86
2025,9,29,12,30.34
2025,9,29,13,30.57
2025,9,29,14,30.53
2025,9,29,15,30.32
2025,9,29,16,30.05
2025,9,29,17,29.01
2025,9,29,18,28.06
2025,9,29,19,27.74
2025,9,29,20,27.5
2025,9,29,21,27.27
2025,9,29,22,27.05
2025,9,29,23,26.81
2025,9,30,0,26.55
2025,9,30,1,26.32
2025,9,30,2,26.12
2025,9,30,3,25.93
2025,9,30,4,25.76
2025,9,30,5,25.62
2025,9,30,6,26.15
2025,9,30,7,27.14
2025,9,30,8,28.65
2025,9,30,9,30.13
2025,9,30,10,30.99
2025,9,30,11,31.51
2025,9,30,12,31.67
2025,9,30,13,31.71
2025,9,30,14,31.57
2025,9,30,15,31.32
2025,9,30,16,30.79
2025,9,30,17,29.61
2025,9,30,18,28.65
2025,9,30,19,28.27
2025,9,30,20,28
2025,9,30,21,27.77
2025,9,30,22,27.59
2025,9,30,23,27.46
2025,10,1,0,27.35
2025,10,1,1,27.3
2025,10,1,2,27.46
2025,10,1,3,27.48
2025,10,1,4,27.2
2025,10,1,5,26.88
2025,10,1,6,26.92
2025,10,1,7,27.41
2025,10,1,8,27.78
2025,10,1,9,28.28
2025,10,1,10,28.67
2025,10,1,11,28.95
2025,10,1,12,29.07
2025,10,1,13,29.1
2025,10,1,14,29.03
2025,10,1,15,28.88
2025,10,1,16,28.48
2025,10,1,17,27.87
2025,10,1,18,27.46
2025,10,1,19,27.25
2025,10,1,20,27.06
2025,10,1,21,26.93
2025,10,1,22,26.86
2025,10,1,23,26.75
2025,10,2,0,26.63
2025,10,2,1,26.52
2025,10,2,2,26.45
2025,10,2,3,26.37
2025,10,2,4,26.31
2025,10,2,5,26.26
2025,10,2,6,26.51
2025,10,2,7,27.12
2025,10,2,8,27.69
2025,10,2,9,28.21
2025,10,2,10,28.52
2025,10,2,11,28.71
2025,10,2,12,28.91
2025,10,2,13,28.9
2025,10,2,14,28.83
2025,10,2,15,28.57
2025,10,2,16,28.12
2025,10,2,17,27.39
2025,10,2,18,26.86
2025,10,2,19,26.61
2025,10,2,20,26.44
2025,10,2,21,26.38
2025,10,2,22,26.38
2025,10,2,23,26.34
2025,10,3,0,26.25
2025,10,3,1,26.13
2025,10,3,2,26
2025,10,3,3,25.83
2025,10,3,4,25.69
2025,10,3,5,25.62
2025,10,3,6,25.9
2025,10,3,7,26.72
2025,10,3,8,27.75
2025,10,3,9,28.69
2025,10,3,10,29.48
2025,10,3,11,29.98
2025,10,3,12,30.15
2025,10,3,13,29.79
2025,10,3,14,29.4
2025,10,3,15,29.02
2025,10,3,16,28.53
2025,10,3,17,27.6
2025,10,3,18,26.88
2025,10,3,19,26.61
2025,10,3,20,26.39
2025,10,3,21,26.21
2025,10,3,22,26.04
2025,10,3,23,25.89
2025,10,4,0,25.83
2025,10,4,1,25.75
2025,10,4,2,25.74
2025,10,4,3,25.72
2025,10,4,4,25.65
2025,10,4,5,25.56
2025,10,4,6,26.22
2025,10,4,7,27.96
2025,10,4,8,28.98
2025,10,4,9,29.48
2025,10,4,10,30.15
2025,10,4,11,30.56
2025,10,4,12,30.74
2025,10,4,13,30.6
2025,10,4,14,30.1
2025,10,4,15,29.57
2025,10,4,16,29.05
2025,10,4,17,28.06
2025,10,4,18,27.44
2025,10,4,19,27.22
2025,10,4,20,27.08
2025,10,4,21,26.96
2025,10,4,22,26.8
2025,10,4,23,26.65
2025,10,5,0,26.53
2025,10,5,1,26.42
2025,10,5,2,26.55
2025,10,5,3,26.67
2025,10,5,4,26.45
2025,10,5,5,26.07
2025,10,5,6,26.17
2025,10,5,7,27.19
2025,10,5,8,28.27
2025,10,5,9,28.9
2025,10,5,10,29.32
2025,10,5,11,29.74
2025,10,5,12,29.97
2025,10,5,13,29.91
2025,10,5,14,29.65
2025,10,5,15,29.39
2025,10,5,16,28.88
2025,10,5,17,27.95
2025,10,5,18,27.4
2025,10,5,19,27.17
2025,10,5,20,27.01
2025,10,5,21,26.88
2025,10,5,22,26.77
2025,10,5,23,26.65
2025,10,6,0,26.5
2025,10,6,1,26.36
2025,10,6,2,26.24
2025,10,6,3,26.12
2025,10,6,4,25.99
2025,10,6,5,25.86
2025,10,6,6,26.02
2025,10,6,7,26.8
2025,10,6,8,27.22
2025,10,6,9,27.63
2025,10,6,10,28.09
2025,10,6,11,28.42
2025,10,6,12,28.57
2025,10,6,13,28.49
2025,10,6,14,28.29
2025,10,6,15,28.05
2025,10,6,16,27.67
2025,10,6,17,26.97
2025,10,6,18,26.3
2025,10,6,19,26
2025,10,6,20,25.79
2025,10,6,21,25.62
2025,10,6,22,25.48
2025,10,6,23,25.37
2025,10,7,0,25.28
2025,10,7,1,25.25
2025,10,7,2,25.28
2025,10,7,3,25.29
2025,10,7,4,25.26
2025,10,7,5,25.17
2025,10,7,6,25.37
2025,10,7,7,26.66
2025,10,7,8,27.75
2025,10,7,9,28.65
2025,10,7,10,29.36
2025,10,7,11,29.77
2025,10,7,12,30.02
2025,10,7,13,30.02
2025,10,7,14,29.88
2025,10,7,15,29.37
2025,10,7,16,28.69
2025,10,7,17,27.58
2025,10,7,18,26.51
2025,10,7,19,26.04
2025,10,7,20,25.68
2025,10,7,21,25.4
2025,10,7,22,25.16
2025,10,7,23,24.97
2025,10,8,0,24.83
2025,10,8,1,24.73
2025,10,8,2,24.74
2025,10,8,3,24.7
2025,10,8,4,24.69
2025,10,8,5,24.64
2025,10,8,6,25
2025,10,8,7,26.32
2025,10,8,8,27.65
2025,10,8,9,28.67
2025,10,8,10,29.59
2025,10,8,11,30.17
2025,10,8,12,30.4
2025,10,8,13,30.31
2025,10,8,14,30
2025,10,8,15,29.53
2025,10,8,16,28.91
2025,10,8,17,27.73
2025,10,8,18,26.86
2025,10,8,19,26.48
2025,10,8,20,26.2
2025,10,8,21,25.94
2025,10,8,22,25.66
2025,10,8,23,25.41
2025,10,9,0,25.19
2025,10,9,1,25
2025,10,9,2,24.85
2025,10,9,3,24.9
2025,10,9,4,25.15
2025,10,9,5,25.31
2025,10,9,6,25.41
2025,10,9,7,26.41
2025,10,9,8,27.54
2025,10,9,9,28.2
2025,10,9,10,28.78
2025,10,9,11,29.27
2025,10,9,12,29.31
2025,10,9,13,29.21
2025,10,9,14,29.01
2025,10,9,15,28.72
2025,10,9,16,28.36
2025,10,9,17,27.82
2025,10,9,18,27.45
2025,10,9,19,27.16
2025,10,9,20,26.77
2025,10,9,21,26.38
2025,10,9,22,26.12
2025,10,9,23,25.96
2025,10,10,0,25.91
2025,10,10,1,25.92
2025,10,10,2,25.87
2025,10,10,3,25.73
2025,10,10,4,25.65
2025,10,10,5,25.62
2025,10,10,6,25.82
2025,10,10,7,27.27
2025,10,10,8,29.04
2025,10,10,9,29.54
2025,10,10,10,29.78
2025,10,10,11,30.18
2025,10,10,12,30.32
2025,10,10,13,30.3
2025,10,10,14,30.05
2025,10,10,15,29.42
2025,10,10,16,28.75
2025,10,10,17,27.68
2025,10,10,18,26.79
2025,10,10,19,26.35
2025,10,10,20,25.98
2025,10,10,21,25.67
2025,10,10,22,25.46
2025,10,10,23,25.35
2025,10,11,0,25.33
2025,10,11,1,25.15
2025,10,11,2,24.86
2025,10,11,3,24.64
2025,10,11,4,24.46
2025,10,11,5,24.34
2025,10,11,6,24.87
2025,10,11,7,26.34
2025,10,11,8,27.55
2025,10,11,9,28.45
2025,10,11,10,29.09
2025,10,11,11,29.61
2025,10,11,12,29.69
2025,10,11,13,29.83
2025,10,11,14,29.73
2025,10,11,15,29.11
2025,10,11,16,28.36
2025,10,11,17,27.29
2025,10,11,18,26.33
2025,10,11,19,25.86
2025,10,11,20,25.48
2025,10,11,21,25.18
2025,10,11,22,24.97
2025,10,11,23,24.85
2025,10,12,0,24.81
2025,10,12,1,24.85
2025,10,12,2,24.97
2025,10,12,3,24.98
2025,10,12,4,24.86
2025,10,12,5,24.87
2025,10,12,6,25.12
2025,10,12,7,26.59
2025,10,12,8,27.61
2025,10,12,9,28.52
2025,10,12,10,29.16
2025,10,12,11,29.66
2025,10,12,12,29.98
2025,10,12,13,30.09
2025,10,12,14,29.97
2025,10,12,15,29.69
2025,10,12,16,29.08
2025,10,12,17,27.68
2025,10,12,18,26.44
2025,10,12,19,25.78
2025,10,12,20,25.19
2025,10,12,21,24.7
2025,10,12,22,24.29
2025,10,12,23,23.92
2025,10,13,0,23.62
2025,10,13,1,23.37
2025,10,13,2,23.18
2025,10,13,3,22.97
2025,10,13,4,22.78
2025,10,13,5,22.62
2025,10,13,6,22.97
2025,10,13,7,24.56
2025,10,13,8,26.41
2025,10,13,9,28.33
2025,10,13,10,29.06
2025,10,13,11,29.53
2025,10,13,12,29.78
2025,10,13,13,29.78
2025,10,13,14,29.51
2025,10,13,15,28.92
2025,10,13,16,28.38
2025,10,13,17,26.97
2025,10,13,18,25.95
2025,10,13,19,25.4
2025,10,13,20,24.89
2025,10,13,21,24.53
2025,10,13,22,24.23
2025,10,13,23,23.92
2025,10,14,0,23.64
2025,10,14,1,23.34
2025,10,14,2,23.06
2025,10,14,3,22.78
2025,10,14,4,22.48
2025,10,14,5,22.22
2025,10,14,6,22.68
2025,10,14,7,24.36
2025,10,14,8,26.32
2025,10,14,9,28.59
2025,10,14,10,29.61
2025,10,14,11,30.26
2025,10,14,12,30.66
2025,10,14,13,30.76
2025,10,14,14,30.58
2025,10,14,15,30.03
2025,10,14,16,29.33
2025,10,14,17,27.61
2025,10,14,18,26.36
2025,10,14,19,25.7
2025,10,14,20,25.1
2025,10,14,21,24.64
2025,10,14,22,24.24
2025,10,14,23,23.84
2025,10,15,0,23.43
2025,10,15,1,23.01
2025,10,15,2,22.62
2025,10,15,3,22.28
2025,10,15,4,22
2025,10,15,5,21.74
2025,10,15,6,22.28
2025,10,15,7,23.97
2025,10,15,8,25.85
2025,10,15,9,29
2025,10,15,10,30.18
2025,10,15,11,30.76
2025,10,15,12,30.97
2025,10,15,13,30.83
2025,10,15,14,30.4
2025,10,15,15,29.72
2025,10,15,16,29.2
2025,10,15,17,27.59
2025,10,15,18,26.31
2025,10,15,19,25.73
2025,10,15,20,25.24
2025,10,15,21,24.78
2025,10,15,22,24.31
2025,10,15,23,23.89
2025,10,16,0,23.48
2025,10,16,1,23.13
2025,10,16,2,22.82
2025,10,16,3,22.56
2025,10,16,4,22.42
2025,10,16,5,22.32
2025,10,16,6,22.88
2025,10,16,7,24.35
2025,10,16,8,26.38
2025,10,16,9,28.69
2025,10,16,10,29.76
2025,10,16,11,30.37
2025,10,16,12,30.64
2025,10,16,13,30.66
2025,10,16,14,30.41
2025,10,16,15,29.93
2025,10,16,16,29.47
2025,10,16,17,28.07
2025,10,16,18,27.01
2025,10,16,19,26.43
2025,10,16,20,25.93
2025,10,16,21,25.5
2025,10,16,22,25.11
2025,10,16,23,24.74
2025,10,17,0,24.35
2025,10,17,1,23.96
2025,10,17,2,23.6
2025,10,17,3,23.29
2025,10,17,4,23.03
2025,10,17,5,22.85
2025,10,17,6,23.28
2025,10,17,7,24.67
2025,10,17,8,26.55
2025,10,17,9,28.69
2025,10,17,10,29.71
2025,10,17,11,30.31
2025,10,17,12,30.54
2025,10,17,13,30.51
2025,10,17,14,30.29
2025,10,17,15,29.85
2025,10,17,16,29.41
2025,10,17,17,28.09
2025,10,17,18,27.15
2025,10,17,19,26.69
2025,10,17,20,26.34
2025,10,17,21,26.03
2025,10,17,22,25.76
2025,10,17,23,25.49
2025,10,18,0,25.16
2025,10,18,1,24.86
2025,10,18,2,24.58
2025,10,18,3,24.36
2025,10,18,4,24.22
2025,10,18,5,24.09
2025,10,18,6,24.43
2025,10,18,7,25.62
2025,10,18,8,27.43
2025,10,18,9,29.23
2025,10,18,10,30.42
2025,10,18,11,31.1
2025,10,18,12,31.46
2025,10,18,13,31.58
2025,10,18,14,31.23
2025,10,18,15,30.84
2025,10,18,16,30.35
2025,10,18,17,29.04
2025,10,18,18,28.06
2025,10,18,19,27.47
2025,10,18,20,26.93
2025,10,18,21,26.41
2025,10,18,22,25.91
2025,10,18,23,25.42
2025,10,19,0,24.98
2025,10,19,1,24.58
2025,10,19,2,24.22
2025,10,19,3,23.9
2025,10,19,4,23.68
2025,10,19,5,23.49
2025,10,19,6,23.87
2025,10,19,7,25.21
2025,10,19,8,26.88
2025,10,19,9,29.07
2025,10,19,10,30.06
2025,10,19,11,30.57
2025,10,19,12,30.79
2025,10,19,13,30.8
2025,10,19,14,30.68
2025,10,19,15,30.37
2025,10,19,16,30.25
2025,10,19,17,29.07
2025,10,19,18,28.48
2025,10,19,19,27.88
2025,10,19,20,27.04
2025,10,19,21,26.37
2025,10,19,22,25.83
2025,10,19,23,25.36
2025,10,20,0,24.92
2025,10,20,1,24.5
2025,10,20,2,24.11
2025,10,20,3,23.76
2025,10,20,4,23.42
2025,10,20,5,23.1
2025,10,20,6,23.29
2025,10,20,7,24.42
2025,10,20,8,26.11
2025,10,20,9,28.76
2025,10,20,10,30.18
2025,10,20,11,31.04
2025,10,20,12,31.44
2025,10,20,13,31.45
2025,10,20,14,31.2
2025,10,20,15,30.75
2025,10,20,16,30.28
2025,10,20,17,28.68
2025,10,20,18,27.47
2025,10,20,19,26.83
2025,10,20,20,26.32
2025,10,20,21,25.86
2025,10,20,22,25.42
2025,10,20,23,25.01
2025,10,21,0,24.75
2025,10,21,1,24.47
2025,10,21,2,24.19
2025,10,21,3,23.93
2025,10,21,4,23.67
2025,10,21,5,23.36
2025,10,21,6,23.67
2025,10,21,7,25.17
2025,10,21,8,26.83
2025,10,21,9,29.52
2025,10,21,10,30.85
2025,10,21,11,31.53
2025,10,21,12,31.81
2025,10,21,13,31.73
2025,10,21,14,31.36
2025,10,21,15,30.78
2025,10,21,16,30.19
2025,10,21,17,28.47
2025,10,21,18,27.37
2025,10,21,19,26.77
2025,10,21,20,26.28
2025,10,21,21,25.86
2025,10,21,22,25.4
2025,10,21,23,24.97
2025,10,22,0,24.53
2025,10,22,1,24.1
2025,10,22,2,23.71
2025,10,22,3,23.37
2025,10,22,4,23.12
2025,10,22,5,22.97
2025,10,22,6,23.46
2025,10,22,7,25.3
2025,10,22,8,26.76
2025,10,22,9,29.54
2025,10,22,10,31.1
2025,10,22,11,31.61
2025,10,22,12,31.82
2025,10,22,13,31.8
2025,10,22,14,31.6
2025,10,22,15,31.13
2025,10,22,16,30.75
2025,10,22,17,28.91
2025,10,22,18,27.67
2025,10,22,19,27.08
2025,10,22,20,26.57
2025,10,22,21,26.1
2025,10,22,22,25.65
2025,10,22,23,25.21
2025,10,23,0,24.78
2025,10,23,1,24.39
2025,10,23,2,24
2025,10,23,3,23.64
2025,10,23,4,23.32
2025,10,23,5,23.06
2025,10,23,6,23.43
2025,10,23,7,25.05
2025,10,23,8,27.17
2025,10,23,9,29.82
2025,10,23,10,31.02
2025,10,23,11,31.67
2025,10,23,12,31.9
2025,10,23,13,31.85
2025,10,23,14,31.53
2025,10,23,15,31.08
2025,10,23,16,30.6
2025,10,23,17,28.85
2025,10,23,18,27.74
2025,10,23,19,27.09
2025,10,23,20,26.53
2025,10,23,21,26.06
2025,10,23,22,25.65
2025,10,23,23,25.25
2025,10,24,0,24.88
2025,10,24,1,24.52
2025,10,24,2,24.21
2025,10,24,3,23.87
2025,10,24,4,23.52
2025,10,24,5,23.25
2025,10,24,6,23.53
2025,10,24,7,24.91
2025,10,24,8,26.56
2025,10,24,9,29.49
2025,10,24,10,30.56
2025,10,24,11,31
2025,10,24,12,31.09
2025,10,24,13,30.97
2025,10,24,14,30.65
2025,10,24,15,30.09
2025,10,24,16,29.71
2025,10,24,17,28.29
2025,10,24,18,27.46
2025,10,24,19,27.03
2025,10,24,20,26.73
2025,10,24,21,26.43
2025,10,24,22,26.02
2025,10,24,23,25.55
2025,10,25,0,25.04
2025,10,25,1,24.51
2025,10,25,2,24.05
2025,10,25,3,23.72
2025,10,25,4,23.5
2025,10,25,5,23.31
2025,10,25,6,23.63
2025,10,25,7,25.22
2025,10,25,8,26.91
2025,10,25,9,29.11
2025,10,25,10,30.03
2025,10,25,11,30.54
2025,10,25,12,30.78
2025,10,25,13,30.65
2025,10,25,14,30.59
2025,10,25,15,30.17
2025,10,25,16,29.68
2025,10,25,17,27.96
2025,10,25,18,26.83
2025,10,25,19,26.28
2025,10,25,20,25.85
2025,10,25,21,25.48
2025,10,25,22,25.06
2025,10,25,23,24.63
2025,10,26,0,24.21
2025,10,26,1,23.87
2025,10,26,2,23.54
2025,10,26,3,23.26
2025,10,26,4,23.01
2025,10,26,5,22.81
2025,10,26,6,23.1
2025,10,26,7,24.79
2025,10,26,8,26.48
2025,10,26,9,28.73
2025,10,26,10,29.65
2025,10,26,11,30.24
2025,10,26,12,30.61
2025,10,26,13,30.74
2025,10,26,14,30.59
2025,10,26,15,30.17
2025,10,26,16,29.62
2025,10,26,17,28
2025,10,26,18,26.97
2025,10,26,19,26.39
2025,10,26,20,25.86
2025,10,26,21,25.42
2025,10,26,22,25.04
2025,10,26,23,24.62
2025,10,27,0,24.15
2025,10,27,1,23.69
2025,10,27,2,23.31
2025,10,27,3,23.02
2025,10,27,4,22.81
2025,10,27,5,22.67
2025,10,27,6,23.05
2025,10,27,7,25.2
2025,10,27,8,26.74
2025,10,27,9,29.51
2025,10,27,10,30.8
2025,10,27,11,31.49
2025,10,27,12,31.87
2025,10,27,13,31.9
2025,10,27,14,31.62
2025,10,27,15,31.16
2025,10,27,16,30.98
2025,10,27,17,28.83
2025,10,27,18,27.57
2025,10,27,19,26.97
2025,10,27,20,26.49
2025,10,27,21,26.09
2025,10,27,22,25.68
2025,10,27,23,25.32
2025,10,28,0,24.97
2025,10,28,1,24.66
2025,10,28,2,24.38
2025,10,28,3,24.05
2025,10,28,4,23.74
2025,10,28,5,23.54
2025,10,28,6,23.81
2025,10,28,7,25.77
2025,10,28,8,27.17
2025,10,28,9,29.97
2025,10,28,10,31.37
2025,10,28,11,31.97
2025,10,28,12,32.3
2025,10,28,13,32.34
2025,10,28,14,32.09
2025,10,28,15,31.87
2025,10,28,16,31.45
2025,10,28,17,29.68
2025,10,28,18,29.01
2025,10,28,19,28.6
2025,10,28,20,28.17
2025,10,28,21,27.87
2025,10,28,22,27.31
2025,10,28,23,26.77
2025,10,29,0,26.38
2025,10,29,1,26.19
2025,10,29,2,26.04
2025,10,29,3,25.79
2025,10,29,4,25.62
2025,10,29,5,25.43
2025,10,29,6,25.35
2025,10,29,7,26.05
2025,10,29,8,27.88
2025,10,29,9,30.16
2025,10,29,10,30.99
2025,10,29,11,31.52
2025,10,29,12,31.83
2025,10,29,13,31.92
2025,10,29,14,31.81
2025,10,29,15,31.45
2025,10,29,16,31.11
2025,10,29,17,29.6
2025,10,29,18,28.66
2025,10,29,19,27.98
2025,10,29,20,27.34
2025,10,29,21,26.74
2025,10,29,22,26.21
2025,10,29,23,25.71
2025,10,30,0,25.22
2025,10,30,1,24.77
2025,10,30,2,24.45
2025,10,30,3,24.12
2025,10,30,4,23.84
2025,10,30,5,23.57
2025,10,30,6,23.77
2025,10,30,7,25.11
2025,10,30,8,26.85
2025,10,30,9,28.87
2025,10,30,10,30.34
2025,10,30,11,31.23
2025,10,30,12,31.57
2025,10,30,13,31.55
2025,10,30,14,31.29
2025,10,30,15,31.12
2025,10,30,16,30.44
2025,10,30,17,28.7
2025,10,30,18,27.74
2025,10,30,19,27.34
2025,10,30,20,27.06
2025,10,30,21,26.79
2025,10,30,22,26.48
2025,10,30,23,26.07
2025,10,31,0,25.81
2025,10,31,1,25.7
2025,10,31,2,25.5
2025,10,31,3,25.15
2025,10,31,4,24.9
2025,10,31,5,24.89
2025,10,31,6,25.29
2025,10,31,7,26.93
2025,10,31,8,28.45
2025,10,31,9,29.52
2025,10,31,10,30.34
2025,10,31,11,30.91
2025,10,31,12,31.27
2025,10,31,13,31.45
2025,10,31,14,31.4
2025,10,31,15,31.11
2025,10,31,16,30.68
2025,10,31,17,29.27
2025,10,31,18,28.38
2025,10,31,19,27.81
2025,10,31,20,27.25
2025,10,31,21,26.79
2025,10,31,22,26.47
2025,10,31,23,26.22
2025,11,1,0,26.02
2025,11,1,1,25.87
2025,11,1,2,25.84
2025,11,1,3,25.72
2025,11,1,4,25.51
2025,11,1,5,25.33
2025,11,1,6,25.46
2025,11,1,7,27.33
2025,11,1,8,28.57
2025,11,1,9,28.87
2025,11,1,10,29.39
2025,11,1,11,29.8
2025,11,1,12,30.03
2025,11,1,13,30.11
2025,11,1,14,30.07
2025,11,1,15,29.74
2025,11,1,16,29.05
2025,11,1,17,27.48
2025,11,1,18,26.53
2025,11,1,19,26.11
2025,11,1,20,25.8
2025,11,1,21,25.56
2025,11,1,22,25.36
2025,11,1,23,25.19
2025,11,2,0,25.09
2025,11,2,1,25.09
2025,11,2,2,25.11
2025,11,2,3,25.15
2025,11,2,4,25.25
2025,11,2,5,25.4
2025,11,2,6,25.75
2025,11,2,7,27.15
2025,11,2,8,27.84
2025,11,2,9,28.41
2025,11,2,10,29.09
2025,11,2,11,29.72
2025,11,2,12,29.91
2025,11,2,13,29.86
2025,11,2,14,29.64
2025,11,2,15,29.23
2025,11,2,16,28.45
2025,11,2,17,27.06
2025,11,2,18,26.33
2025,11,2,19,25.95
2025,11,2,20,25.57
2025,11,2,21,25.24
2025,11,2,22,24.92
2025,11,2,23,24.59
2025,11,3,0,24.27
2025,11,3,1,24.01
2025,11,3,2,23.81
2025,11,3,3,23.62
2025,11,3,4,23.42
2025,11,3,5,23.24
2025,11,3,6,23.34
2025,11,3,7,24.31
2025,11,3,8,25.23
2025,11,3,9,26.32
2025,11,3,10,27.15
2025,11,3,11,27.93
2025,11,3,12,28.53
2025,11,3,13,28.97
2025,11,3,14,28.97
2025,11,3,15,28.53
2025,11,3,16,27.55
2025,11,3,17,25.93
2025,11,3,18,25.26
2025,11,3,19,24.9
2025,11,3,20,24.51
2025,11,3,21,24.08
2025,11,3,22,23.6
2025,11,3,23,23.17
2025,11,4,0,22.76
2025,11,4,1,22.37
2025,11,4,2,22.02
2025,11,4,3,21.71
2025,11,4,4,21.44
2025,11,4,5,21.21
2025,11,4,6,21.32
2025,11,4,7,22.67
2025,11,4,8,24.54
2025,11,4,9,26.65
2025,11,4,10,27.79
2025,11,4,11,28.7
2025,11,4,12,29.31
2025,11,4,13,29.54
2025,11,4,14,29.46
2025,11,4,15,29.01
2025,11,4,16,28.2
2025,11,4,17,26.51
2025,11,4,18,25.73
2025,11,4,19,25.36
2025,11,4,20,25.04
2025,11,4,21,24.76
2025,11,4,22,24.48
2025,11,4,23,24.19
2025,11,5,0,24.03
2025,11,5,1,23.93
2025,11,5,2,23.76
2025,11,5,3,23.52
2025,11,5,4,23.29
2025,11,5,5,23.09
2025,11,5,6,23.08
2025,11,5,7,23.81
2025,11,5,8,24.99
2025,11,5,9,26.29
2025,11,5,10,27.43
2025,11,5,11,28.07
2025,11,5,12,28.32
2025,11,5,13,28.34
2025,11,5,14,28.06
2025,11,5,15,27.5
2025,11,5,16,26.75
2025,11,5,17,25.57
2025,11,5,18,24.92
2025,11,5,19,24.61
2025,11,5,20,24.46
2025,11,5,21,24.34
2025,11,5,22,24.25
2025,11,5,23,24.13
2025,11,6,0,23.94
2025,11,6,1,23.73
2025,11,6,2,23.49
2025,11,6,3,23.22
2025,11,6,4,22.98
2025,11,6,5,22.77
2025,11,6,6,22.78
2025,11,6,7,23.56
2025,11,6,8,24.55
2025,11,6,9,26.01
2025,11,6,10,27.16
2025,11,6,11,27.92
2025,11,6,12,28.5
2025,11,6,13,28.73
2025,11,6,14,28.68
2025,11,6,15,28.36
2025,11,6,16,28.03
2025,11,6,17,26.81
2025,11,6,18,26.14
2025,11,6,19,25.75
2025,11,6,20,25.45
2025,11,6,21,25.19
2025,11,6,22,24.86
2025,11,6,23,24.48
2025,11,7,0,24.11
2025,11,7,1,23.82
2025,11,7,2,23.61
2025,11,7,3,23.42
2025,11,7,4,23.27
2025,11,7,5,23.17
2025,11,7,6,23.17
2025,11,7,7,23.87
2025,11,7,8,24.95
2025,11,7,9,26.43
2025,11,7,10,27.48
2025,11,7,11,28.3
2025,11,7,12,28.85
2025,11,7,13,29.04
2025,11,7,14,28.82
2025,11,7,15,28.33
2025,11,7,16,27.39
2025,11,7,17,25.33
2025,11,7,18,24.44
2025,11,7,19,23.96
2025,11,7,20,23.55
2025,11,7,21,23.16
2025,11,7,22,22.78
2025,11,7,23,22.42
2025,11,8,0,22.04
2025,11,8,1,21.64
2025,11,8,2,21.3
2025,11,8,3,21.08
2025,11,8,4,20.86
2025,11,8,5,20.64
2025,11,8,6,20.7
2025,11,8,7,22.17
2025,11,8,8,24
2025,11,8,9,26.15
2025,11,8,10,27.5
2025,11,8,11,28.45
2025,11,8,12,28.99
2025,11,8,13,29.18
2025,11,8,14,28.97
2025,11,8,15,28.34
2025,11,8,16,26.99
2025,11,8,17,24.53
2025,11,8,18,23.39
2025,11,8,19,22.69
2025,11,8,20,22.06
2025,11,8,21,21.54
2025,11,8,22,21.05
2025,11,8,23,20.53
2025,11,9,0,20.04
2025,11,9,1,19.59
2025,11,9,2,19.2
2025,11,9,3,18.87
2025,11,9,4,18.6
2025,11,9,5,18.35
2025,11,9,6,18.47
2025,11,9,7,20.66
2025,11,9,8,22.45
2025,11,9,9,24.81
2025,11,9,10,26.21
2025,11,9,11,27.01
2025,11,9,12,27.42
2025,11,9,13,27.56
2025,11,9,14,27.36
2025,11,9,15,26.84
2025,11,9,16,25.75
2025,11,9,17,23.23
2025,11,9,18,22.2
2025,11,9,19,21.64
2025,11,9,20,21.19
2025,11,9,21,20.81
2025,11,9,22,20.44
2025,11,9,23,20.03
2025,11,10,0,19.6
2025,11,10,1,19.19
2025,11,10,2,18.78
2025,11,10,3,18.46
2025,11,10,4,18.34
2025,11,10,5,18.35
2025,11,10,6,18.54
2025,11,10,7,20.82
2025,11,10,8,22.76
2025,11,10,9,25.34
2025,11,10,10,26.48
2025,11,10,11,27.16
2025,11,10,12,27.55
2025,11,10,13,27.64
2025,11,10,14,27.42
2025,11,10,15,26.8
2025,11,10,16,25.44
2025,11,10,17,22.81
2025,11,10,18,21.85
2025,11,10,19,21.3
2025,11,10,20,20.8
2025,11,10,21,20.35
2025,11,10,22,19.97
2025,11,10,23,19.59
2025,11,11,0,19.18
2025,11,11,1,18.75
2025,11,11,2,18.34
2025,11,11,3,17.91
2025,11,11,4,17.62
2025,11,11,5,17.43
2025,11,11,6,17.56
2025,11,11,7,19.99
2025,11,11,8,21.73
2025,11,11,9,23.68
2025,11,11,10,25.28
2025,11,11,11,26.28
2025,11,11,12,26.66
2025,11,11,13,26.71
2025,11,11,14,26.45
2025,11,11,15,25.99
2025,11,11,16,25
2025,11,11,17,22.55
2025,11,11,18,21.49
2025,11,11,19,20.92
2025,11,11,20,20.39
2025,11,11,21,19.87
2025,11,11,22,19.36
2025,11,11,23,18.85
2025,11,12,0,18.33
2025,11,12,1,17.8
2025,11,12,2,17.28
2025,11,12,3,16.78
2025,11,12,4,16.34
2025,11,12,5,15.95
2025,11,12,6,15.92
2025,11,12,7,18.1
2025,11,12,8,20.06
2025,11,12,9,22.99
2025,11,12,10,25.4
2025,11,12,11,26.03
2025,11,12,12,26.34
2025,11,12,13,26.42
2025,11,12,14,26.18
2025,11,12,15,25.65
2025,11,12,16,24.52
2025,11,12,17,21.65
2025,11,12,18,20.58
2025,11,12,19,19.99
2025,11,12,20,19.47
2025,11,12,21,18.96
2025,11,12,22,18.44
2025,11,12,23,17.93
2025,11,13,0,17.4
2025,11,13,1,16.89
2025,11,13,2,16.38
2025,11,13,3,15.91
2025,11,13,4,15.5
2025,11,13,5,15.18
2025,11,13,6,15.21
2025,11,13,7,17.51
2025,11,13,8,19.38
2025,11,13,9,22.83
2025,11,13,10,24.94
2025,11,13,11,25.83
2025,11,13,12,26.44
2025,11,13,13,26.72
2025,11,13,14,26.64
2025,11,13,15,26.07
2025,11,13,16,24.86
2025,11,13,17,21.86
2025,11,13,18,20.67
2025,11,13,19,20.02
2025,11,13,20,19.46
2025,11,13,21,18.93
2025,11,13,22,18.4
2025,11,13,23,17.87
2025,11,14,0,17.37
2025,11,14,1,16.9
2025,11,14,2,16.46
2025,11,14,3,16.03
2025,11,14,4,15.63
2025,11,14,5,15.28
2025,11,14,6,15.19
2025,11,14,7,17.79
2025,11,14,8,19.75
2025,11,14,9,22.69
2025,11,14,10,24.98
2025,11,14,11,25.67
2025,11,14,12,26.06
2025,11,14,13,26.15
2025,11,14,14,25.93
2025,11,14,15,25.37
2025,11,14,16,24.26
2025,11,14,17,21.62
2025,11,14,18,20.62
2025,11,14,19,20.11
2025,11,14,20,19.76
2025,11,14,21,19.27
2025,11,14,22,18.52
2025,11,14,23,17.7
2025,11,15,0,16.98
2025,11,15,1,16.36
2025,11,15,2,15.87
2025,11,15,3,15.46
2025,11,15,4,15.09
2025,11,15,5,14.75
2025,11,15,6,14.73
2025,11,15,7,17.57
2025,11,15,8,19.55
2025,11,15,9,22.46
2025,11,15,10,25.03
2025,11,15,11,25.93
2025,11,15,12,26.43
2025,11,15,13,26.61
2025,11,15,14,26.45
2025,11,15,15,25.88
2025,11,15,16,24.64
2025,11,15,17,21.57
2025,11,15,18,20.37
2025,11,15,19,19.63
2025,11,15,20,18.96
2025,11,15,21,18.35
2025,11,15,22,17.82
2025,11,15,23,17.32
2025,11,16,0,16.85
2025,11,16,1,16.4
2025,11,16,2,15.97
2025,11,16,3,15.57
2025,11,16,4,15.17
2025,11,16,5,14.79
2025,11,16,6,14.78
2025,11,16,7,17.89
2025,11,16,8,19.98
2025,11,16,9,22.56
2025,11,16,10,25.36
2025,11,16,11,26.3
2025,11,16,12,26.84
2025,11,16,13,26.99
2025,11,16,14,26.82
2025,11,16,15,26.28
2025,11,16,16,25.4
2025,11,16,17,22.16
2025,11,16,18,20.68
2025,11,16,19,19.92
2025,11,16,20,19.32
2025,11,16,21,18.78
2025,11,16,22,18.25
2025,11,16,23,17.76
2025,11,17,0,17.31
2025,11,17,1,16.87
2025,11,17,2,16.43
2025,11,17,3,16.04
2025,11,17,4,15.71
2025,11,17,5,15.4
2025,11,17,6,15.45
2025,11,17,7,18.28
2025,11,17,8,20.32
2025,11,17,9,23.37
2025,11,17,10,25.64
2025,11,17,11,26.7
2025,11,17,12,27.37
2025,11,17,13,27.64
2025,11,17,14,27.57
2025,11,17,15,27.15
2025,11,17,16,26.43
2025,11,17,17,24.24
2025,11,17,18,23.03
2025,11,17,19,22.23
2025,11,17,20,21.57
2025,11,17,21,20.96
2025,11,17,22,20.36
2025,11,17,23,19.81
2025,11,18,0,19.3
2025,11,18,1,18.83
2025,11,18,2,18.44
2025,11,18,3,18.13
2025,11,18,4,17.87
2025,11,18,5,17.71
2025,11,18,6,17.86
2025,11,18,7,20.47
2025,11,18,8,22.38
2025,11,18,9,24.93
2025,11,18,10,26.29
2025,11,18,11,27.23
2025,11,18,12,27.85
2025,11,18,13,28.14
2025,11,18,14,28.06
2025,11,18,15,27.62
2025,11,18,16,26.61
2025,11,18,17,23.87
2025,11,18,18,22.86
2025,11,18,19,22.29
2025,11,18,20,21.77
2025,11,18,21,21.26
2025,11,18,22,20.73
2025,11,18,23,20.2
2025,11,19,0,19.67
2025,11,19,1,19.23
2025,11,19,2,18.87
2025,11,19,3,18.57
2025,11,19,4,18.3
2025,11,19,5,18.05
2025,11,19,6,18.05
2025,11,19,7,20.17
2025,11,19,8,21.9
2025,11,19,9,24.26
2025,11,19,10,26.29
2025,11,19,11,26.94
2025,11,19,12,27.26
2025,11,19,13,27.29
2025,11,19,14,27.02
2025,11,19,15,26.44
2025,11,19,16,25.36
2025,11,19,17,22.72
2025,11,19,18,21.75
2025,11,19,19,21.16
2025,11,19,20,20.64
2025,11,19,21,20.16
2025,11,19,22,19.67
2025,11,19,23,19.14
2025,11,20,0,18.62
2025,11,20,1,18.11
2025,11,20,2,17.62
2025,11,20,3,17.23
2025,11,20,4,16.93
2025,11,20,5,16.68
2025,11,20,6,16.68
2025,11,20,7,19.06
2025,11,20,8,20.97
2025,11,20,9,23.53
2025,11,20,10,25.43
2025,11,20,11,26.2
2025,11,20,12,26.67
2025,11,20,13,26.82
2025,11,20,14,26.63
2025,11,20,15,26.06
2025,11,20,16,24.76
2025,11,20,17,21.95
2025,11,20,18,20.92
2025,11,20,19,20.27
2025,11,20,20,19.7
2025,11,20,21,19.27
2025,11,20,22,18.92
2025,11,20,23,18.61
2025,11,21,0,18.32
2025,11,21,1,18
2025,11,21,2,17.74
2025,11,21,3,17.47
2025,11,21,4,17.15
2025,11,21,5,16.78
2025,11,21,6,16.52
2025,11,21,7,18.96
2025,11,21,8,20.87
2025,11,21,9,22.92
2025,11,21,10,25.51
2025,11,21,11,26.06
2025,11,21,12,26.18
2025,11,21,13,26.06
2025,11,21,14,25.66
2025,11,21,15,25.14
2025,11,21,16,23.86
2025,11,21,17,21.19
2025,11,21,18,20.24
2025,11,21,19,19.61
2025,11,21,20,19.09
2025,11,21,21,18.63
2025,11,21,22,18.2
2025,11,21,23,17.77
2025,11,22,0,17.36
2025,11,22,1,16.9
2025,11,22,2,16.39
2025,11,22,3,15.94
2025,11,22,4,15.61
2025,11,22,5,15.38
2025,11,22,6,15.28
2025,11,22,7,17.18
2025,11,22,8,18.94
2025,11,22,9,22.02
2025,11,22,10,23.73
2025,11,22,11,24.55
2025,11,22,12,25.11
2025,11,22,13,25.39
2025,11,22,14,25.38
2025,11,22,15,24.97
2025,11,22,16,23.33
2025,11,22,17,21.21
2025,11,22,18,20.8
2025,11,22,19,20.6
2025,11,22,20,20.31
2025,11,22,21,19.75
2025,11,22,22,19.38
2025,11,22,23,18.94
2025,11,23,0,18.45
2025,11,23,1,18.11
2025,11,23,2,17.45
2025,11,23,3,16.75
2025,11,23,4,16.14
2025,11,23,5,15.65
2025,11,23,6,15.27
2025,11,23,7,17.31
2025,11,23,8,19.16
2025,11,23,9,21.74
2025,11,23,10,24.06
2025,11,23,11,24.73
2025,11,23,12,25.07
2025,11,23,13,25.15
2025,11,23,14,24.92
2025,11,23,15,24.27
2025,11,23,16,22.68
2025,11,23,17,19.9
2025,11,23,18,18.99
2025,11,23,19,18.35
2025,11,23,20,17.75
2025,11,23,21,17.22
2025,11,23,22,16.74
2025,11,23,23,16.26
2025,11,24,0,15.8
2025,11,24,1,15.37
2025,11,24,2,14.95
2025,11,24,3,14.58
2025,11,24,4,14.26
2025,11,24,5,13.95
2025,11,24,6,13.81
2025,11,24,7,16.3
2025,11,24,8,18.41
2025,11,24,9,21.14
2025,11,24,10,23.25
2025,11,24,11,24.16
2025,11,24,12,24.73
2025,11,24,13,24.92
2025,11,24,14,24.75
2025,11,24,15,24.17
2025,11,24,16,22.6
2025,11,24,17,19.56
2025,11,24,18,18.85
2025,11,24,19,18.5
2025,11,24,20,17.71
2025,11,24,21,17.11
2025,11,24,22,16.57
2025,11,24,23,16.04
2025,11,25,0,15.54
2025,11,25,1,15.02
2025,11,25,2,14.52
2025,11,25,3,14.09
2025,11,25,4,13.74
2025,11,25,5,13.49
2025,11,25,6,13.48
2025,11,25,7,16.4
2025,11,25,8,18.57
2025,11,25,9,21.5
2025,11,25,10,24.13
2025,11,25,11,25.01
2025,11,25,12,25.49
2025,11,25,13,25.65
2025,11,25,14,25.48
2025,11,25,15,24.97
2025,11,25,16,23.79
2025,11,25,17,21.37
2025,11,25,18,20.3
2025,11,25,19,19.36
2025,11,25,20,18.5
2025,11,25,21,17.79
2025,11,25,22,17.13
2025,11,25,23,16.51
2025,11,26,0,15.96
2025,11,26,1,15.43
2025,11,26,2,14.91
2025,11,26,3,14.45
2025,11,26,4,14.08
2025,11,26,5,13.87
2025,11,26,6,13.94
2025,11,26,7,16.68
2025,11,26,8,18.99
2025,11,26,9,22.08
2025,11,26,10,24.6
2025,11,26,11,25.35
2025,11,26,12,25.72
2025,11,26,13,25.79
2025,11,26,14,25.55
2025,11,26,15,25
2025,11,26,16,23.77
2025,11,26,17,21.03
2025,11,26,18,19.93
2025,11,26,19,19.12
2025,11,26,20,18.38
2025,11,26,21,17.75
2025,11,26,22,17.16
2025,11,26,23,16.53
2025,11,27,0,15.94
2025,11,27,1,15.46
2025,11,27,2,15.05
2025,11,27,3,14.65
2025,11,27,4,14.3
2025,11,27,5,14.04
2025,11,27,6,14.04
2025,11,27,7,17.18
2025,11,27,8,19.38
2025,11,27,9,22
2025,11,27,10,24.31
2025,11,27,11,25.54
2025,11,27,12,26.43
2025,11,27,13,26.73
2025,11,27,14,26.55
2025,11,27,15,25.97
2025,11,27,16,24.79
2025,11,27,17,21.93
2025,11,27,18,20.79
2025,11,27,19,20.08
2025,11,27,20,19.53
2025,11,27,21,18.97
2025,11,27,22,18.38
2025,11,27,23,17.77
2025,11,28,0,17.17
2025,11,28,1,16.55
2025,11,28,2,15.98
2025,11,28,3,15.5
2025,11,28,4,15.15
2025,11,28,5,14.96
2025,11,28,6,14.97
2025,11,28,7,17.8
2025,11,28,8,19.89
2025,11,28,9,22.88
2025,11,28,10,24.75
2025,11,28,11,25.63
2025,11,28,12,26.07
2025,11,28,13,26.14
2025,11,28,14,25.86
2025,11,28,15,25.26
2025,11,28,16,24.05
2025,11,28,17,21.4
2025,11,28,18,20.1
2025,11,28,19,19.29
2025,11,28,20,18.67
2025,11,28,21,18.22
2025,11,28,22,17.93
2025,11,28,23,17.7
2025,11,29,0,17.48
2025,11,29,1,17.19
2025,11,29,2,16.82
2025,11,29,3,16.26
2025,11,29,4,15.63
2025,11,29,5,15.08
2025,11,29,6,14.79
2025,11,29,7,16.75
2025,11,29,8,18.72
2025,11,29,9,21.94
2025,11,29,10,23.91
2025,11,29,11,24.76
2025,11,29,12,25.32
2025,11,29,13,25.58
2025,11,29,14,25.55
2025,11,29,15,25.37
2025,11,29,16,23.84
2025,11,29,17,21.26
2025,11,29,18,20.08
2025,11,29,19,19.31
2025,11,29,20,18.75
2025,11,29,21,18.48
2025,11,29,22,18.34
2025,11,29,23,18.16
2025,11,30,0,17.5
2025,11,30,1,17.13
2025,11,30,2,16.63
2025,11,30,3,15.97
2025,11,30,4,15.38
2025,11,30,5,15.11
2025,11,30,6,14.64
2025,11,30,7,16.37
2025,11,30,8,18.36
2025,11,30,9,20.78
2025,11,30,10,23.66
2025,11,30,11,25.13
2025,11,30,12,25.49
2025,11,30,13,25.52
2025,11,30,14,25.18
2025,11,30,15,24.79
2025,11,30,16,23
2025,11,30,17,20.89
2025,11,30,18,20.15
2025,11,30,19,19.52
2025,11,30,20,18.85
2025,11,30,21,18.3
2025,11,30,22,17.85
2025,11,30,23,17.29
2025,12,1,0,16.62
2025,12,1,1,15.89
2025,12,1,2,15.18
2025,12,1,3,14.63
2025,12,1,4,14.18
2025,12,1,5,13.87
2025,12,1,6,13.79
2025,12,1,7,16.2
2025,12,1,8,18.26
2025,12,1,9,21.34
2025,12,1,10,23.83
2025,12,1,11,24.63
2025,12,1,12,25.07
2025,12,1,13,25.19
2025,12,1,14,25.01
2025,12,1,15,24.38
2025,12,1,16,23.08
2025,12,1,17,20.68
2025,12,1,18,20.02
2025,12,1,19,19.39
2025,12,1,20,18.85
2025,12,1,21,18.46
2025,12,1,22,18.17
2025,12,1,23,18.06
2025,12,2,0,17.97
2025,12,2,1,17.29
2025,12,2,2,16.89
2025,12,2,3,16.59
2025,12,2,4,16.19
2025,12,2,5,15.92
2025,12,2,6,15.91
2025,12,2,7,17.78
2025,12,2,8,19.35
2025,12,2,9,21.14
2025,12,2,10,22.45
2025,12,2,11,23.33
2025,12,2,12,23.77
2025,12,2,13,24.01
2025,12,2,14,24.06
2025,12,2,15,23.84
2025,12,2,16,22.85
2025,12,2,17,20.77
2025,12,2,18,19.77
2025,12,2,19,18.99
2025,12,2,20,18.43
2025,12,2,21,17.99
2025,12,2,22,17.52
2025,12,2,23,17
2025,12,3,0,16.45
2025,12,3,1,15.87
2025,12,3,2,15.39
2025,12,3,3,14.92
2025,12,3,4,14.49
2025,12,3,5,14.56
2025,12,3,6,14.45
2025,12,3,7,16.14
2025,12,3,8,17.85
2025,12,3,9,20.1
2025,12,3,10,22.51
2025,12,3,11,23.34
2025,12,3,12,23.76
2025,12,3,13,23.9
2025,12,3,14,23.76
2025,12,3,15,23.19
2025,12,3,16,21.56
2025,12,3,17,18.95
2025,12,3,18,18.01
2025,12,3,19,17.31
2025,12,3,20,16.65
2025,12,3,21,16.03
2025,12,3,22,15.48
2025,12,3,23,14.92
2025,12,4,0,14.36
2025,12,4,1,13.81
2025,12,4,2,13.31
2025,12,4,3,12.89
2025,12,4,4,12.54
2025,12,4,5,12.29
2025,12,4,6,12.18
2025,12,4,7,15.01
2025,12,4,8,17.32
2025,12,4,9,20.2
2025,12,4,10,22.61
2025,12,4,11,23.59
2025,12,4,12,24.23
2025,12,4,13,24.51
2025,12,4,14,24.44
2025,12,4,15,23.86
2025,12,4,16,22.18
2025,12,4,17,19.23
2025,12,4,18,18.34
2025,12,4,19,17.65
2025,12,4,20,16.93
2025,12,4,21,16.31
2025,12,4,22,15.75
2025,12,4,23,15.23
2025,12,5,0,14.98
2025,12,5,1,14.75
2025,12,5,2,14.37
2025,12,5,3,13.82
2025,12,5,4,13.3
2025,12,5,5,12.95
2025,12,5,6,12.82
2025,12,5,7,15.76
2025,12,5,8,18.06
2025,12,5,9,20.9
2025,12,5,10,23.32
2025,12,5,11,24.24
2025,12,5,12,24.84
2025,12,5,13,25.04
2025,12,5,14,24.82
2025,12,5,15,24.07
2025,12,5,16,22.31
2025,12,5,17,19.03
2025,12,5,18,18.05
2025,12,5,19,17.37
2025,12,5,20,16.71
2025,12,5,21,16.06
2025,12,5,22,15.35
2025,12,5,23,14.68
2025,12,6,0,14.09
2025,12,6,1,13.55
2025,12,6,2,13.06
2025,12,6,3,12.74
2025,12,6,4,12.45
2025,12,6,5,12.04
2025,12,6,6,11.91
2025,12,6,7,14.88
2025,12,6,8,17.14
2025,12,6,9,20.35
2025,12,6,10,22.47
2025,12,6,11,23.54
2025,12,6,12,24.29
2025,12,6,13,24.6
2025,12,6,14,24.47
2025,12,6,15,23.78
2025,12,6,16,21.42
2025,12,6,17,18.36
2025,12,6,18,17.41
2025,12,6,19,16.58
2025,12,6,20,15.8
2025,12,6,21,15.26
2025,12,6,22,14.79
2025,12,6,23,14.18
2025,12,7,0,13.56
2025,12,7,1,13.03
2025,12,7,2,12.65
2025,12,7,3,12.34
2025,12,7,4,11.67
2025,12,7,5,11.25
2025,12,7,6,11.3
2025,12,7,7,13.85
2025,12,7,8,15.71
2025,12,7,9,18.46
2025,12,7,10,21.37
2025,12,7,11,22.55
2025,12,7,12,23.1
2025,12,7,13,23.33
2025,12,7,14,23.19
2025,12,7,15,22.6
2025,12,7,16,21.07
2025,12,7,17,18.69
2025,12,7,18,17.95
2025,12,7,19,17.38
2025,12,7,20,16.94
2025,12,7,21,16.57
2025,12,7,22,16.04
2025,12,7,23,15.49
2025,12,8,0,14.97
2025,12,8,1,14.49
2025,12,8,2,13.82
2025,12,8,3,13.16
2025,12,8,4,13.05
2025,12,8,5,13.12
2025,12,8,6,13.03
2025,12,8,7,14.83
2025,12,8,8,16.4
2025,12,8,9,18.3
2025,12,8,10,21.54
2025,12,8,11,22.81
2025,12,8,12,23.33
2025,12,8,13,23.26
2025,12,8,14,22.97
2025,12,8,15,22.55
2025,12,8,16,20.99
2025,12,8,17,19.37
2025,12,8,18,18.56
2025,12,8,19,17.69
2025,12,8,20,17.03
2025,12,8,21,16.52
2025,12,8,22,16.12
2025,12,8,23,15.68
2025,12,9,0,15.27
2025,12,9,1,14.82
2025,12,9,2,14.46
2025,12,9,3,14.26
2025,12,9,4,13.94
2025,12,9,5,13.79
2025,12,9,6,13.64
2025,12,9,7,15.46
2025,12,9,8,17.45
2025,12,9,9,19.96
2025,12,9,10,22.68
2025,12,9,11,23.54
2025,12,9,12,24
2025,12,9,13,24.17
2025,12,9,14,24.01
2025,12,9,15,23.59
2025,12,9,16,22.18
2025,12,9,17,20.5
2025,12,9,18,19.62
2025,12,9,19,19.07
2025,12,9,20,18.34
2025,12,9,21,17.44
2025,12,9,22,16.56
2025,12,9,23,15.83
2025,12,10,0,15.21
2025,12,10,1,14.65
2025,12,10,2,14.18
2025,12,10,3,13.67
2025,12,10,4,13.26
2025,12,10,5,13.07
2025,12,10,6,13.08
2025,12,10,7,15.36
2025,12,10,8,17.48
2025,12,10,9,19.98
2025,12,10,10,22.94
2025,12,10,11,24
2025,12,10,12,24.63
2025,12,10,13,24.95
2025,12,10,14,24.89
2025,12,10,15,24.51
2025,12,10,16,22.83
2025,12,10,17,20.36
2025,12,10,18,19.03
2025,12,10,19,17.97
2025,12,10,20,17.1
2025,12,10,21,16.36
2025,12,10,22,15.7
2025,12,10,23,15.08
2025,12,11,0,14.43
2025,12,11,1,13.76
2025,12,11,2,13.12
2025,12,11,3,12.61
2025,12,11,4,12.2
2025,12,11,5,11.85
2025,12,11,6,11.66
2025,12,11,7,14.66
2025,12,11,8,17.04
2025,12,11,9,20.18
2025,12,11,10,22.61
2025,12,11,11,23.52
2025,12,11,12,24.06
2025,12,11,13,24.36
2025,12,11,14,24.31
2025,12,11,15,23.89
2025,12,11,16,22.97
2025,12,11,17,20.51
2025,12,11,18,19.38
2025,12,11,19,17.73
2025,12,11,20,16.53
2025,12,11,21,15.83
2025,12,11,22,15.27
2025,12,11,23,14.84
2025,12,12,0,14.58
2025,12,12,1,14.35
2025,12,12,2,13.94
2025,12,12,3,13.63
2025,12,12,4,13.64
2025,12,12,5,13.38
2025,12,12,6,13.17
2025,12,12,7,15.18
2025,12,12,8,17.34
2025,12,12,9,20.27
2025,12,12,10,23.33
2025,12,12,11,24.41
2025,12,12,12,25.01
2025,12,12,13,25.28
2025,12,12,14,25.22
2025,12,12,15,24.9
2025,12,12,16,24
2025,12,12,17,22.49
2025,12,12,18,21.36
2025,12,12,19,19.86
2025,12,12,20,19.11
2025,12,12,21,18.24
2025,12,12,22,17.29
2025,12,12,23,16.38
2025,12,13,0,15.52
2025,12,13,1,14.73
2025,12,13,2,14.08
2025,12,13,3,13.58
2025,12,13,4,13.17
2025,12,13,5,12.81
2025,12,13,6,12.62
2025,12,13,7,15.34
2025,12,13,8,17.53
2025,12,13,9,20.46
2025,12,13,10,23.69
2025,12,13,11,24.89
2025,12,13,12,25.68
2025,12,13,13,26.15
2025,12,13,14,26.23
2025,12,13,15,25.89
2025,12,13,16,24.64
2025,12,13,17,22.44
2025,12,13,18,21.45
2025,12,13,19,20.56
2025,12,13,20,19.54
2025,12,13,21,18.53
2025,12,13,22,17.55
2025,12,13,23,16.68
2025,12,14,0,15.97
2025,12,14,1,15.35
2025,12,14,2,14.79
2025,12,14,3,14.3
2025,12,14,4,13.94
2025,12,14,5,13.66
2025,12,14,6,13.52
2025,12,14,7,16.43
2025,12,14,8,18.73
2025,12,14,9,21.3
2025,12,14,10,24.49
2025,12,14,11,25.53
2025,12,14,12,26.05
2025,12,14,13,26.11
2025,12,14,14,25.72
2025,12,14,15,25.07
2025,12,14,16,23.73
2025,12,14,17,21.34
2025,12,14,18,20.39
2025,12,14,19,19.52
2025,12,14,20,18.66
2025,12,14,21,17.95
2025,12,14,22,17.35
2025,12,14,23,16.72
2025,12,15,0,16.02
2025,12,15,1,15.37
2025,12,15,2,14.85
2025,12,15,3,14.4
2025,12,15,4,14.02
2025,12,15,5,13.81
2025,12,15,6,13.78
2025,12,15,7,16.34
2025,12,15,8,18.56
2025,12,15,9,21.43
2025,12,15,10,24.11
2025,12,15,11,24.98
2025,12,15,12,25.28
2025,12,15,13,25.2
2025,12,15,14,24.83
2025,12,15,15,24.24
2025,12,15,16,22.78
2025,12,15,17,20.27
2025,12,15,18,19.39
2025,12,15,19,18.47
2025,12,15,20,17.42
2025,12,15,21,16.76
2025,12,15,22,16.19
2025,12,15,23,15.54
2025,12,16,0,14.98
2025,12,16,1,14.58
2025,12,16,2,14.3
2025,12,16,3,14.11
2025,12,16,4,13.99
2025,12,16,5,13.9
2025,12,16,6,13.85
2025,12,16,7,15.55
2025,12,16,8,17.51
2025,12,16,9,19.75
2025,12,16,10,22.69
2025,12,16,11,24.01
2025,12,16,12,24.45
2025,12,16,13,24.59
2025,12,16,14,24.41
2025,12,16,15,24.04
2025,12,16,16,22.79
2025,12,16,17,21.58
2025,12,16,18,21.11
2025,12,16,19,19.85
2025,12,16,20,19.19
2025,12,16,21,18.58
2025,12,16,22,17.8
2025,12,16,23,17.07
2025,12,17,0,16.37
2025,12,17,1,15.63
2025,12,17,2,14.87
2025,12,17,3,14.18
2025,12,17,4,13.56
2025,12,17,5,13.06
2025,12,17,6,12.67
2025,12,17,7,14.66
2025,12,17,8,16.58
2025,12,17,9,19.54
2025,12,17,10,22.29
2025,12,17,11,23.27
2025,12,17,12,23.81
2025,12,17,13,24.03
2025,12,17,14,23.93
2025,12,17,15,23.4
2025,12,17,16,21.87
2025,12,17,17,19.16
2025,12,17,18,18.19
2025,12,17,19,17.55
2025,12,17,20,17.08
2025,12,17,21,16.69
2025,12,17,22,16.22
2025,12,17,23,15.76
2025,12,18,0,15.32
2025,12,18,1,14.91
2025,12,18,2,14.48
2025,12,18,3,14.17
2025,12,18,4,14.09
2025,12,18,5,14.21
2025,12,18,6,14.4
2025,12,18,7,16.49
2025,12,18,8,18.59
2025,12,18,9,21.55
2025,12,18,10,24.63
2025,12,18,11,25.62
2025,12,18,12,26.13
2025,12,18,13,26.3
2025,12,18,14,26.14
2025,12,18,15,25.68
2025,12,18,16,24.95
2025,12,18,17,23.63
2025,12,18,18,22.57
2025,12,18,19,21.1
2025,12,18,20,20.39
2025,12,18,21,19.56
2025,12,18,22,18.87
2025,12,18,23,18.21
2025,12,19,0,17.4
2025,12,19,1,16.54
2025,12,19,2,15.84
2025,12,19,3,15.35
2025,12,19,4,15.05
2025,12,19,5,14.98
2025,12,19,6,14.97
2025,12,19,7,16.85
2025,12,19,8,18.83
2025,12,19,9,22.05
2025,12,19,10,24.01
2025,12,19,11,24.54
2025,12,19,12,24.78
2025,12,19,13,24.77
2025,12,19,14,24.48
2025,12,19,15,23.9
2025,12,19,16,22.85
2025,12,19,17,21.1
2025,12,19,18,20.51
2025,12,19,19,19.98
2025,12,19,20,19.34
2025,12,19,21,18.79
2025,12,19,22,18.42
2025,12,19,23,18.56
2025,12,20,0,18.26
2025,12,20,1,17.78
2025,12,20,2,17.17
2025,12,20,3,16.47
2025,12,20,4,15.38
2025,12,20,5,14.88
2025,12,20,6,14.69
2025,12,20,7,16.41
2025,12,20,8,18.45
2025,12,20,9,21.34
2025,12,20,10,23.39
2025,12,20,11,24.13
2025,12,20,12,24.5
2025,12,20,13,24.6
2025,12,20,14,24.42
2025,12,20,15,23.85
2025,12,20,16,23.02
2025,12,20,17,21.58
2025,12,20,18,20.82
2025,12,20,19,19.72
2025,12,20,20,18.53
2025,12,20,21,17.55
2025,12,20,22,16.74
2025,12,20,23,15.98
2025,12,21,0,15.3
2025,12,21,1,14.74
2025,12,21,2,14.35
2025,12,21,3,14.17
2025,12,21,4,14.1
2025,12,21,5,13.98
2025,12,21,6,13.81
2025,12,21,7,15.42
2025,12,21,8,17.35
2025,12,21,9,20.47
2025,12,21,10,22.8
2025,12,21,11,23.6
2025,12,21,12,24.01
2025,12,21,13,24.12
2025,12,21,14,23.94
2025,12,21,15,23.42
2025,12,21,16,22.3
2025,12,21,17,20.36
2025,12,21,18,19.23
2025,12,21,19,18.3
2025,12,21,20,17.59
2025,12,21,21,16.98
2025,12,21,22,16.35
2025,12,21,23,15.73
2025,12,22,0,15.15
2025,12,22,1,14.61
2025,12,22,2,14.16
2025,12,22,3,13.84
2025,12,22,4,13.63
2025,12,22,5,13.49
2025,12,22,6,13.39
2025,12,22,7,15.29
2025,12,22,8,17.28
2025,12,22,9,20.38
2025,12,22,10,22.19
2025,12,22,11,23.27
2025,12,22,12,24.04
2025,12,22,13,24.43
2025,12,22,14,24.44
2025,12,22,15,23.95
2025,12,22,16,22.65
2025,12,22,17,20.17
2025,12,22,18,18.8
2025,12,22,19,17.95
2025,12,22,20,17.33
2025,12,22,21,16.74
2025,12,22,22,16.06
2025,12,22,23,15.44
2025,12,23,0,14.88
2025,12,23,1,14.42
2025,12,23,2,14.22
2025,12,23,3,14.21
2025,12,23,4,14.16
2025,12,23,5,13.88
2025,12,23,6,13.55
2025,12,23,7,15.32
2025,12,23,8,17.16
2025,12,23,9,19.46
2025,12,23,10,21.87
2025,12,23,11,22.89
2025,12,23,12,23.32
2025,12,23,13,23.41
2025,12,23,14,23.15
2025,12,23,15,22.5
2025,12,23,16,21.15
2025,12,23,17,19.16
2025,12,23,18,18.31
2025,12,23,19,17.6
2025,12,23,20,16.88
2025,12,23,21,16.06
2025,12,23,22,15.36
2025,12,23,23,14.8
2025,12,24,0,14.15
2025,12,24,1,13.58
2025,12,24,2,13.1
2025,12,24,3,12.79
2025,12,24,4,12.79
2025,12,24,5,12.81
2025,12,24,6,12.78
2025,12,24,7,14.82
2025,12,24,8,16.96
2025,12,24,9,19.65
2025,12,24,10,21.87
2025,12,24,11,22.71
2025,12,24,12,23.11
2025,12,24,13,23.2
2025,12,24,14,22.96
2025,12,24,15,22.27
2025,12,24,16,20.48
2025,12,24,17,17.77
2025,12,24,18,16.74
2025,12,24,19,15.96
2025,12,24,20,15.27
2025,12,24,21,14.62
2025,12,24,22,13.99
2025,12,24,23,13.35
2025,12,25,0,12.74
2025,12,25,1,12.18
2025,12,25,2,11.73
2025,12,25,3,11.38
2025,12,25,4,11.06
2025,12,25,5,10.76
2025,12,25,6,10.58
2025,12,25,7,13.14
2025,12,25,8,15.37
2025,12,25,9,18.59
2025,12,25,10,20.1
2025,12,25,11,20.99
2025,12,25,12,21.61
2025,12,25,13,21.91
2025,12,25,14,21.83
2025,12,25,15,21.19
2025,12,25,16,19.54
2025,12,25,17,17.14
2025,12,25,18,15.81
2025,12,25,19,14.8
2025,12,25,20,14.03
2025,12,25,21,13.41
2025,12,25,22,12.87
2025,12,25,23,12.33
2025,12,26,0,11.78
2025,12,26,1,11.28
2025,12,26,2,10.82
2025,12,26,3,10.37
2025,12,26,4,9.93
2025,12,26,5,9.56
2025,12,26,6,9.34
2025,12,26,7,12.08
2025,12,26,8,14.39
2025,12,26,9,17.64
2025,12,26,10,19.99
2025,12,26,11,21.27
2025,12,26,12,22.03
2025,12,26,13,22.31
2025,12,26,14,22.17
2025,12,26,15,21.39
2025,12,26,16,19.51
2025,12,26,17,16.82
2025,12,26,18,15.65
2025,12,26,19,14.82
2025,12,26,20,14.21
2025,12,26,21,13.79
2025,12,26,22,13.32
2025,12,26,23,12.65
2025,12,27,0,11.91
2025,12,27,1,11.22
2025,12,27,2,10.7
2025,12,27,3,10.29
2025,12,27,4,10.05
2025,12,27,5,10.09
2025,12,27,6,10.36
2025,12,27,7,12.09
2025,12,27,8,14.17
2025,12,27,9,17.74
2025,12,27,10,19.83
2025,12,27,11,20.78
2025,12,27,12,21.37
2025,12,27,13,21.67
2025,12,27,14,21.61
2025,12,27,15,21.18
2025,12,27,16,19.81
2025,12,27,17,17.8
2025,12,27,18,16.98
2025,12,27,19,16.3
2025,12,27,20,15.71
2025,12,27,21,15.09
2025,12,27,22,14.42
2025,12,27,23,13.76
2025,12,28,0,13.06
2025,12,28,1,12.31
2025,12,28,2,11.71
2025,12,28,3,11.21
2025,12,28,4,10.71
2025,12,28,5,10.36
2025,12,28,6,10.23
2025,12,28,7,12.6
2025,12,28,8,14.92
2025,12,28,9,18.29
2025,12,28,10,20.02
2025,12,28,11,21.05
2025,12,28,12,21.7
2025,12,28,13,21.95
2025,12,28,14,21.86
2025,12,28,15,21.15
2025,12,28,16,19.4
2025,12,28,17,17
2025,12,28,18,15.7
2025,12,28,19,14.85
2025,12,28,20,14.19
2025,12,28,21,13.61
2025,12,28,22,13.06
2025,12,28,23,12.47
2025,12,29,0,11.88
2025,12,29,1,11.38
2025,12,29,2,10.92
2025,12,29,3,10.46
2025,12,29,4,10.09
2025,12,29,5,9.8
2025,12,29,6,9.63
2025,12,29,7,12.15
2025,12,29,8,14.46
2025,12,29,9,17.32
2025,12,29,10,19.13
2025,12,29,11,20.09
2025,12,29,12,20.7
2025,12,29,13,20.9
2025,12,29,14,20.77
2025,12,29,15,20.18
2025,12,29,16,18.56
2025,12,29,17,15.65
2025,12,29,18,14.52
2025,12,29,19,13.81
2025,12,29,20,13.12
2025,12,29,21,12.42
2025,12,29,22,11.88
2025,12,29,23,11.35
2025,12,30,0,10.81
2025,12,30,1,10.36
2025,12,30,2,10.01
2025,12,30,3,9.69
2025,12,30,4,9.42
2025,12,30,5,9.2
2025,12,30,6,9.11
2025,12,30,7,11.94
2025,12,30,8,14.58
2025,12,30,9,16.7
2025,12,30,10,18.15
2025,12,30,11,19.18
2025,12,30,12,19.9
2025,12,30,13,20.2
2025,12,30,14,20.17
2025,12,30,15,19.5
2025,12,30,16,17.76
2025,12,30,17,14.91
2025,12,30,18,13.83
2025,12,30,19,12.96
2025,12,30,20,12.2
2025,12,30,21,11.57
2025,12,30,22,11.05
2025,12,30,23,10.52
2025,12,31,0,10.04
2025,12,31,1,9.65
2025,12,31,2,9.31
2025,12,31,3,8.99
2025,12,31,4,8.69
2025,12,31,5,8.47
2025,12,31,6,8.6
2025,12,31,7,11.32
2025,12,31,8,13.73
2025,12,31,9,15.62
2025,12,31,10,17.11
2025,12,31,11,18.38
2025,12,31,12,19.37
2025,12,31,13,19.92
2025,12,31,14,20.1
2025,12,31,15,19.55
2025,12,31,16,17.76
2025,12,31,17,15.11
2025,12,31,18,14.24
2025,12,31,19,13.49
2025,12,31,20,12.87
2025,12,31,21,12.33
2025,12,31,22,11.87
2025,12,31,23,11.43
