hour,datetime,load_MW
1,2025-01-01 00:00,4.12941438554443
2,2025-01-01 01:00,3.86919136003296
3,2025-01-01 02:00,3.7393236546572
4,2025-01-01 03:00,3.69101102705022
5,2025-01-01 04:00,3.47226713300612
6,2025-01-01 05:00,3.58759442505376
7,2025-01-01 06:00,4.25456006849357
8,2025-01-01 07:00,4.50115251161244
9,2025-01-01 08:00,4.81984543372362
10,2025-01-01 09:00,4.83472837206055
11,2025-01-01 10:00,3.82872794582422
12,2025-01-01 11:00,3.38580416392322
13,2025-01-01 12:00,3.51208731830095
14,2025-01-01 13:00,3.58494932950299
15,2025-01-01 14:00,3.56914671909319
16,2025-01-01 15:00,3.58204123109445
17,2025-01-01 16:00,3.49562902201755
18,2025-01-01 17:00,4.07538346323885
19,2025-01-01 18:00,4.77240941251045
20,2025-01-01 19:00,5.0660263411181
21,2025-01-01 20:00,5.0747368881724
22,2025-01-01 21:00,4.4740634904087
23,2025-01-01 22:00,3.58528557826513
24,2025-01-01 23:00,3.89580068332513
25,2025-01-02 00:00,4.43367972557376
26,2025-01-02 01:00,4.36999579827061
27,2025-01-02 02:00,4.22972583095012
28,2025-01-02 03:00,3.98253516739025
29,2025-01-02 04:00,3.94370814846329
30,2025-01-02 05:00,4.04767020913373
31,2025-01-02 06:00,4.40833035862705
32,2025-01-02 07:00,4.97753188356655
33,2025-01-02 08:00,5.13505144580248
34,2025-01-02 09:00,5.31339911198228
35,2025-01-02 10:00,4.2397616501972
36,2025-01-02 11:00,3.67679030028759
37,2025-01-02 12:00,3.68899761489285
38,2025-01-02 13:00,3.47622424118042
39,2025-01-02 14:00,3.68340513551459
40,2025-01-02 15:00,3.47993777661734
41,2025-01-02 16:00,3.47135553262529
42,2025-01-02 17:00,4.40519581908006
43,2025-01-02 18:00,5.1603284548836
44,2025-01-02 19:00,5.31367043218936
45,2025-01-02 20:00,5.11399537578046
46,2025-01-02 21:00,4.5888494776716
47,2025-01-02 22:00,3.67292555944
48,2025-01-02 23:00,3.89030851742787
49,2025-01-03 00:00,4.43322243698824
50,2025-01-03 01:00,4.37558989532732
51,2025-01-03 02:00,4.28411983915603
52,2025-01-03 03:00,4.08870087592305
53,2025-01-03 04:00,3.71796021823775
54,2025-01-03 05:00,3.85974443803015
55,2025-01-03 06:00,3.64879981123748
56,2025-01-03 07:00,4.1491473937406
57,2025-01-03 08:00,4.39410620063799
58,2025-01-03 09:00,4.691853038807
59,2025-01-03 10:00,3.76371152983249
60,2025-01-03 11:00,3.06189478721793
61,2025-01-03 12:00,3.07776565235514
62,2025-01-03 13:00,3.30850297752747
63,2025-01-03 14:00,3.76669218589752
64,2025-01-03 15:00,3.49372286873122
65,2025-01-03 16:00,3.49914520954451
66,2025-01-03 17:00,4.33608871811338
67,2025-01-03 18:00,4.90492398061569
68,2025-01-03 19:00,5.39968785916762
69,2025-01-03 20:00,5.2542157585485
70,2025-01-03 21:00,4.58758545150686
71,2025-01-03 22:00,3.70449688610013
72,2025-01-03 23:00,4.0567688492021
73,2025-01-04 00:00,4.34098159832902
74,2025-01-04 01:00,4.08108510513008
75,2025-01-04 02:00,4.02292618179141
76,2025-01-04 03:00,4.07137438077199
77,2025-01-04 04:00,4.02546471008372
78,2025-01-04 05:00,4.0790992473306
79,2025-01-04 06:00,4.46064332652383
80,2025-01-04 07:00,4.68483181756599
81,2025-01-04 08:00,5.00205212330449
82,2025-01-04 09:00,5.0631497004444
83,2025-01-04 10:00,4.09847004098452
84,2025-01-04 11:00,3.59846967679261
85,2025-01-04 12:00,3.5186893178947
86,2025-01-04 13:00,3.58309807083282
87,2025-01-04 14:00,3.42888080026731
88,2025-01-04 15:00,3.37399057362388
89,2025-01-04 16:00,3.30684402340258
90,2025-01-04 17:00,3.90401706037617
91,2025-01-04 18:00,4.44922097655437
92,2025-01-04 19:00,4.87861542928233
93,2025-01-04 20:00,4.91236478813109
94,2025-01-04 21:00,4.47541695063916
95,2025-01-04 22:00,3.76676597541963
96,2025-01-04 23:00,3.94082941896877
97,2025-01-05 00:00,4.18388625491829
98,2025-01-05 01:00,4.10020349835456
99,2025-01-05 02:00,3.83280809146696
100,2025-01-05 03:00,3.8688391255599
101,2025-01-05 04:00,3.43306861379427
102,2025-01-05 05:00,3.72915154823784
103,2025-01-05 06:00,4.0918240057993
104,2025-01-05 07:00,4.55717806763856
105,2025-01-05 08:00,4.77048907814272
106,2025-01-05 09:00,5.16291015785409
107,2025-01-05 10:00,4.02915269004652
108,2025-01-05 11:00,3.46124304719585
109,2025-01-05 12:00,3.54762851257411
110,2025-01-05 13:00,3.56809562143202
111,2025-01-05 14:00,3.52113086099184
112,2025-01-05 15:00,3.43608379309505
113,2025-01-05 16:00,3.42566343035177
114,2025-01-05 17:00,4.13379777324246
115,2025-01-05 18:00,4.72423456609199
116,2025-01-05 19:00,5.08634428387107
117,2025-01-05 20:00,4.58325391689492
118,2025-01-05 21:00,4.08477423088861
119,2025-01-05 22:00,3.4715740492405
120,2025-01-05 23:00,3.82086421906324
121,2025-01-06 00:00,4.33814731995306
122,2025-01-06 01:00,4.1468011805701
123,2025-01-06 02:00,3.93192834308588
124,2025-01-06 03:00,3.68424699325802
125,2025-01-06 04:00,3.61791325906908
126,2025-01-06 05:00,3.7155947362313
127,2025-01-06 06:00,4.2589144524774
128,2025-01-06 07:00,4.53850994015244
129,2025-01-06 08:00,4.91264336134708
130,2025-01-06 09:00,5.16699381695571
131,2025-01-06 10:00,4.18636377357684
132,2025-01-06 11:00,3.57887880828565
133,2025-01-06 12:00,3.56422766689036
134,2025-01-06 13:00,3.71180016271079
135,2025-01-06 14:00,3.66420079348023
136,2025-01-06 15:00,3.47323156779481
137,2025-01-06 16:00,3.55852873180525
138,2025-01-06 17:00,4.38366059907332
139,2025-01-06 18:00,5.05927521127574
140,2025-01-06 19:00,5.25275769277401
141,2025-01-06 20:00,5.06817224152594
142,2025-01-06 21:00,4.52305649823404
143,2025-01-06 22:00,3.88308056695743
144,2025-01-06 23:00,4.13897782679004
145,2025-01-07 00:00,4.23944439737729
146,2025-01-07 01:00,3.88139964653681
147,2025-01-07 02:00,3.71851720869063
148,2025-01-07 03:00,3.69462950925112
149,2025-01-07 04:00,3.86111538142964
150,2025-01-07 05:00,3.87719766396915
151,2025-01-07 06:00,4.25936336926714
152,2025-01-07 07:00,4.83150937446927
153,2025-01-07 08:00,5.03712002494542
154,2025-01-07 09:00,5.05952358976553
155,2025-01-07 10:00,4.05302063341489
156,2025-01-07 11:00,3.43662660525494
157,2025-01-07 12:00,3.45564290677285
158,2025-01-07 13:00,3.44759464619598
159,2025-01-07 14:00,3.53296910145443
160,2025-01-07 15:00,3.47570043372547
161,2025-01-07 16:00,3.48071880447128
162,2025-01-07 17:00,4.20988005993164
163,2025-01-07 18:00,4.9361953728945
164,2025-01-07 19:00,5.12383698294227
165,2025-01-07 20:00,4.79557833717071
166,2025-01-07 21:00,4.30970603598367
167,2025-01-07 22:00,3.46159713122968
168,2025-01-07 23:00,3.80004721066787
169,2025-01-08 00:00,4.54123555514992
170,2025-01-08 01:00,4.1668658036216
171,2025-01-08 02:00,4.11769419442879
172,2025-01-08 03:00,3.96856052108848
173,2025-01-08 04:00,3.8247165218946
174,2025-01-08 05:00,3.90237962886843
175,2025-01-08 06:00,4.49228466507993
176,2025-01-08 07:00,4.90270427852828
177,2025-01-08 08:00,5.24901531674496
178,2025-01-08 09:00,5.29423098127879
179,2025-01-08 10:00,4.44768395506517
180,2025-01-08 11:00,3.77813948178256
181,2025-01-08 12:00,3.78748450171287
182,2025-01-08 13:00,3.94938837821295
183,2025-01-08 14:00,3.78807142758939
184,2025-01-08 15:00,3.55010758527326
185,2025-01-08 16:00,3.49936127788709
186,2025-01-08 17:00,4.36501967113769
187,2025-01-08 18:00,5.0360539837386
188,2025-01-08 19:00,5.33670440444078
189,2025-01-08 20:00,4.94746904246475
190,2025-01-08 21:00,4.3883560136775
191,2025-01-08 22:00,3.39035802510278
192,2025-01-08 23:00,3.72555827793425
193,2025-01-09 00:00,4.19302025991891
194,2025-01-09 01:00,4.0197095927743
195,2025-01-09 02:00,3.90990191799129
196,2025-01-09 03:00,3.93879750072389
197,2025-01-09 04:00,3.75089925604647
198,2025-01-09 05:00,3.84961617256045
199,2025-01-09 06:00,4.50269175327537
200,2025-01-09 07:00,4.82182127076547
201,2025-01-09 08:00,5.04001117055856
202,2025-01-09 09:00,5.27185459223093
203,2025-01-09 10:00,4.42191816204816
204,2025-01-09 11:00,3.60657289848024
205,2025-01-09 12:00,3.80028084942831
206,2025-01-09 13:00,3.76649271155912
207,2025-01-09 14:00,3.63905178773352
208,2025-01-09 15:00,3.51345583621499
209,2025-01-09 16:00,3.69542700133224
210,2025-01-09 17:00,4.34805610972674
211,2025-01-09 18:00,4.87853140690026
212,2025-01-09 19:00,5.12411068104811
213,2025-01-09 20:00,4.86549363241433
214,2025-01-09 21:00,4.28516958480709
215,2025-01-09 22:00,3.47212617183014
216,2025-01-09 23:00,3.66599791043737
217,2025-01-10 00:00,4.16733880222646
218,2025-01-10 01:00,3.93129175589726
219,2025-01-10 02:00,3.92398095241759
220,2025-01-10 03:00,3.71460880162491
221,2025-01-10 04:00,3.6531106645608
222,2025-01-10 05:00,3.99275891824575
223,2025-01-10 06:00,4.02450721562058
224,2025-01-10 07:00,4.4868786990839
225,2025-01-10 08:00,4.49749968796421
226,2025-01-10 09:00,4.53265919403485
227,2025-01-10 10:00,3.54605336247289
228,2025-01-10 11:00,3.05814849864029
229,2025-01-10 12:00,3.13307973806436
230,2025-01-10 13:00,3.21471602257591
231,2025-01-10 14:00,3.52813490563817
232,2025-01-10 15:00,3.40100688426322
233,2025-01-10 16:00,3.53025236838421
234,2025-01-10 17:00,4.146529317818
235,2025-01-10 18:00,4.87702621973216
236,2025-01-10 19:00,5.16887528706465
237,2025-01-10 20:00,5.12257656274545
238,2025-01-10 21:00,4.58001987914117
239,2025-01-10 22:00,3.86313315515834
240,2025-01-10 23:00,4.03700916915234
241,2025-01-11 00:00,4.13452529847538
242,2025-01-11 01:00,4.04002212848259
243,2025-01-11 02:00,3.98927654997545
244,2025-01-11 03:00,3.8332287203998
245,2025-01-11 04:00,3.76522100721462
246,2025-01-11 05:00,3.6238746304499
247,2025-01-11 06:00,4.05371487237988
248,2025-01-11 07:00,4.42681915466409
249,2025-01-11 08:00,4.68767360682404
250,2025-01-11 09:00,4.83996045263147
251,2025-01-11 10:00,3.9160429478133
252,2025-01-11 11:00,3.3658077370487
253,2025-01-11 12:00,3.45527867524827
254,2025-01-11 13:00,3.43385547557984
255,2025-01-11 14:00,3.37773625786639
256,2025-01-11 15:00,3.37574510205313
257,2025-01-11 16:00,3.56297235598049
258,2025-01-11 17:00,4.19816324671788
259,2025-01-11 18:00,4.79451549329583
260,2025-01-11 19:00,4.73922209560935
261,2025-01-11 20:00,4.64697023024945
262,2025-01-11 21:00,4.2678752810456
263,2025-01-11 22:00,3.47926206128307
264,2025-01-11 23:00,3.65993543780756
265,2025-01-12 00:00,4.52496948588619
266,2025-01-12 01:00,4.18596984714621
267,2025-01-12 02:00,4.03674262883373
268,2025-01-12 03:00,3.92643584004161
269,2025-01-12 04:00,3.83295877505492
270,2025-01-12 05:00,3.9176478921587
271,2025-01-12 06:00,4.62254939559611
272,2025-01-12 07:00,5.08477914059853
273,2025-01-12 08:00,5.34499995224084
274,2025-01-12 09:00,5.55713301420322
275,2025-01-12 10:00,4.48441632758696
276,2025-01-12 11:00,3.70472056218802
277,2025-01-12 12:00,3.80876207380503
278,2025-01-12 13:00,3.90438941139666
279,2025-01-12 14:00,3.92783791268781
280,2025-01-12 15:00,3.76222072196858
281,2025-01-12 16:00,3.70796497709922
282,2025-01-12 17:00,4.39662240655106
283,2025-01-12 18:00,4.99279591856917
284,2025-01-12 19:00,5.34257906262383
285,2025-01-12 20:00,5.2228230593632
286,2025-01-12 21:00,4.70340757409326
287,2025-01-12 22:00,4.00658752293329
288,2025-01-12 23:00,4.28691031244907
289,2025-01-13 00:00,4.6953790116256
290,2025-01-13 01:00,4.36122455259045
291,2025-01-13 02:00,4.12672753095218
292,2025-01-13 03:00,3.94232436507657
293,2025-01-13 04:00,3.74378261761244
294,2025-01-13 05:00,3.89607534350836
295,2025-01-13 06:00,4.39225481773388
296,2025-01-13 07:00,4.84912695197528
297,2025-01-13 08:00,5.36633643307535
298,2025-01-13 09:00,5.3676739137315
299,2025-01-13 10:00,4.39226066630537
300,2025-01-13 11:00,3.75110768767864
301,2025-01-13 12:00,4.21373248129184
302,2025-01-13 13:00,4.34990658527989
303,2025-01-13 14:00,4.13244449421998
304,2025-01-13 15:00,4.07527919430209
305,2025-01-13 16:00,3.91952688396028
306,2025-01-13 17:00,4.46502053519542
307,2025-01-13 18:00,5.21546778057252
308,2025-01-13 19:00,5.63095493063216
309,2025-01-13 20:00,5.39216041622237
310,2025-01-13 21:00,4.86880273174113
311,2025-01-13 22:00,3.87864449505384
312,2025-01-13 23:00,4.20068714091545
313,2025-01-14 00:00,4.14337589936413
314,2025-01-14 01:00,3.94656182233454
315,2025-01-14 02:00,3.85028824282058
316,2025-01-14 03:00,3.74942690653793
317,2025-01-14 04:00,3.60026809236795
318,2025-01-14 05:00,3.60515987360727
319,2025-01-14 06:00,4.21981356029522
320,2025-01-14 07:00,4.61462517756196
321,2025-01-14 08:00,4.87861926287233
322,2025-01-14 09:00,4.76680769267984
323,2025-01-14 10:00,3.96884313264745
324,2025-01-14 11:00,3.46420004221781
325,2025-01-14 12:00,3.43718729270553
326,2025-01-14 13:00,3.49883071273806
327,2025-01-14 14:00,3.39835801937672
328,2025-01-14 15:00,3.25036906757125
329,2025-01-14 16:00,3.46518973887558
330,2025-01-14 17:00,4.09854433863318
331,2025-01-14 18:00,4.78458327883903
332,2025-01-14 19:00,4.9462607751369
333,2025-01-14 20:00,4.83550232179383
334,2025-01-14 21:00,4.43554157892897
335,2025-01-14 22:00,3.63098399266238
336,2025-01-14 23:00,3.83889622489933
337,2025-01-15 00:00,4.10661623422174
338,2025-01-15 01:00,4.12056373979744
339,2025-01-15 02:00,4.02824360015832
340,2025-01-15 03:00,3.90539699731734
341,2025-01-15 04:00,3.53669980789279
342,2025-01-15 05:00,3.78597059242379
343,2025-01-15 06:00,4.31894545222893
344,2025-01-15 07:00,4.55253728913887
345,2025-01-15 08:00,4.4766234964385
346,2025-01-15 09:00,4.77910726553582
347,2025-01-15 10:00,3.925201355608
348,2025-01-15 11:00,3.49377865650806
349,2025-01-15 12:00,3.36767413579883
350,2025-01-15 13:00,3.54232947472512
351,2025-01-15 14:00,3.36407804260275
352,2025-01-15 15:00,3.17501614148552
353,2025-01-15 16:00,3.2309693693395
354,2025-01-15 17:00,4.00592274953568
355,2025-01-15 18:00,4.6639200678612
356,2025-01-15 19:00,4.8598357032082
357,2025-01-15 20:00,4.66370887788061
358,2025-01-15 21:00,4.37270998375894
359,2025-01-15 22:00,3.51337056921648
360,2025-01-15 23:00,3.82314326673635
361,2025-01-16 00:00,4.2967553378839
362,2025-01-16 01:00,4.01621590096418
363,2025-01-16 02:00,3.86744893419904
364,2025-01-16 03:00,3.67557251944267
365,2025-01-16 04:00,3.66874896860129
366,2025-01-16 05:00,3.76042558779437
367,2025-01-16 06:00,4.18113397708564
368,2025-01-16 07:00,4.71342876823616
369,2025-01-16 08:00,4.8358708060099
370,2025-01-16 09:00,4.93766732213046
371,2025-01-16 10:00,4.1171979436506
372,2025-01-16 11:00,3.54809147561471
373,2025-01-16 12:00,3.4788593748606
374,2025-01-16 13:00,3.64097856980485
375,2025-01-16 14:00,3.6091486362214
376,2025-01-16 15:00,3.42029092932502
377,2025-01-16 16:00,3.40812897403961
378,2025-01-16 17:00,4.23207900853815
379,2025-01-16 18:00,4.83474522271537
380,2025-01-16 19:00,5.01463611655609
381,2025-01-16 20:00,4.98871765388701
382,2025-01-16 21:00,4.70278380902028
383,2025-01-16 22:00,3.63814763078854
384,2025-01-16 23:00,3.78820464113945
385,2025-01-17 00:00,4.23163548079764
386,2025-01-17 01:00,4.12441547395328
387,2025-01-17 02:00,3.89266636441602
388,2025-01-17 03:00,3.8126337640001
389,2025-01-17 04:00,3.79708212699118
390,2025-01-17 05:00,4.02038186700333
391,2025-01-17 06:00,4.0026137890895
392,2025-01-17 07:00,4.44012824031737
393,2025-01-17 08:00,4.44960046926305
394,2025-01-17 09:00,4.65432949350427
395,2025-01-17 10:00,3.65815402951047
396,2025-01-17 11:00,3.14913735298891
397,2025-01-17 12:00,3.29653698979155
398,2025-01-17 13:00,3.24354336469059
399,2025-01-17 14:00,3.58826060417784
400,2025-01-17 15:00,3.60454017376477
401,2025-01-17 16:00,3.6552134709327
402,2025-01-17 17:00,4.39328158669768
403,2025-01-17 18:00,5.11768557496884
404,2025-01-17 19:00,5.31003751440926
405,2025-01-17 20:00,5.01664297083597
406,2025-01-17 21:00,4.50733736105523
407,2025-01-17 22:00,3.58181791633516
408,2025-01-17 23:00,3.89025798351797
409,2025-01-18 00:00,4.32931506459675
410,2025-01-18 01:00,4.09963447380721
411,2025-01-18 02:00,3.95080693728816
412,2025-01-18 03:00,3.9545614933838
413,2025-01-18 04:00,3.63964370817857
414,2025-01-18 05:00,3.78550866907168
415,2025-01-18 06:00,4.30298647388318
416,2025-01-18 07:00,4.73889809273684
417,2025-01-18 08:00,4.70946650079706
418,2025-01-18 09:00,4.99597113587684
419,2025-01-18 10:00,4.14217608114455
420,2025-01-18 11:00,3.56683324989049
421,2025-01-18 12:00,3.66550293133187
422,2025-01-18 13:00,3.70415433445744
423,2025-01-18 14:00,3.67927681238945
424,2025-01-18 15:00,3.40497591408632
425,2025-01-18 16:00,3.48485289995929
426,2025-01-18 17:00,4.18090970079755
427,2025-01-18 18:00,4.8133992061613
428,2025-01-18 19:00,5.0680899426306
429,2025-01-18 20:00,5.13880777666076
430,2025-01-18 21:00,4.81344519149601
431,2025-01-18 22:00,3.83002628624034
432,2025-01-18 23:00,3.9302818348645
433,2025-01-19 00:00,4.3412389200221
434,2025-01-19 01:00,4.15741202559485
435,2025-01-19 02:00,3.79529982401496
436,2025-01-19 03:00,3.77807493293209
437,2025-01-19 04:00,3.73791508840607
438,2025-01-19 05:00,3.79891703647353
439,2025-01-19 06:00,4.30061095239185
440,2025-01-19 07:00,4.63453765231437
441,2025-01-19 08:00,4.6146376376255
442,2025-01-19 09:00,4.74821725005863
443,2025-01-19 10:00,4.05373323117251
444,2025-01-19 11:00,3.32658915465456
445,2025-01-19 12:00,3.40118333570096
446,2025-01-19 13:00,3.46339782876935
447,2025-01-19 14:00,3.46336041632828
448,2025-01-19 15:00,3.55746002810741
449,2025-01-19 16:00,3.50254144613508
450,2025-01-19 17:00,4.1159555570866
451,2025-01-19 18:00,4.84606166278966
452,2025-01-19 19:00,4.97515905930037
453,2025-01-19 20:00,4.77068359312015
454,2025-01-19 21:00,4.30630210859903
455,2025-01-19 22:00,3.47477722906039
456,2025-01-19 23:00,3.64366022145639
457,2025-01-20 00:00,4.25972911048411
458,2025-01-20 01:00,4.09138434859709
459,2025-01-20 02:00,4.06320426263439
460,2025-01-20 03:00,3.83310878666869
461,2025-01-20 04:00,3.75619657567019
462,2025-01-20 05:00,3.88085359039036
463,2025-01-20 06:00,4.27430335612278
464,2025-01-20 07:00,4.76637508663241
465,2025-01-20 08:00,4.73091882719922
466,2025-01-20 09:00,5.08776304546629
467,2025-01-20 10:00,4.033018592827
468,2025-01-20 11:00,3.46499180804756
469,2025-01-20 12:00,3.43679800434291
470,2025-01-20 13:00,3.63824528999021
471,2025-01-20 14:00,3.61540125116907
472,2025-01-20 15:00,3.40982731905027
473,2025-01-20 16:00,3.55534145575987
474,2025-01-20 17:00,4.12934102308098
475,2025-01-20 18:00,4.89599119987452
476,2025-01-20 19:00,4.98239787784818
477,2025-01-20 20:00,4.73939524951219
478,2025-01-20 21:00,4.23636607101352
479,2025-01-20 22:00,3.53690857555526
480,2025-01-20 23:00,3.85178942603856
481,2025-01-21 00:00,4.10498643158649
482,2025-01-21 01:00,4.07212513132513
483,2025-01-21 02:00,3.90008353501208
484,2025-01-21 03:00,3.75938168993878
485,2025-01-21 04:00,3.64189776106905
486,2025-01-21 05:00,3.71759230668454
487,2025-01-21 06:00,4.24781448660946
488,2025-01-21 07:00,4.58232096241253
489,2025-01-21 08:00,4.70876723934729
490,2025-01-21 09:00,4.91630925898041
491,2025-01-21 10:00,4.19528874062213
492,2025-01-21 11:00,3.52033379760533
493,2025-01-21 12:00,3.45014602941647
494,2025-01-21 13:00,3.56171618922894
495,2025-01-21 14:00,3.47830525537377
496,2025-01-21 15:00,3.14739009905465
497,2025-01-21 16:00,3.16875395813978
498,2025-01-21 17:00,4.03891495473411
499,2025-01-21 18:00,4.71486690078648
500,2025-01-21 19:00,4.73954333627392
501,2025-01-21 20:00,4.60445818052214
502,2025-01-21 21:00,4.19089891306175
503,2025-01-21 22:00,3.52987679760078
504,2025-01-21 23:00,3.63589127530696
505,2025-01-22 00:00,3.90383249879305
506,2025-01-22 01:00,3.89520639458265
507,2025-01-22 02:00,3.61899179953253
508,2025-01-22 03:00,3.58610763142416
509,2025-01-22 04:00,3.42283288222737
510,2025-01-22 05:00,3.41038919295271
511,2025-01-22 06:00,3.78538722019268
512,2025-01-22 07:00,4.36244114048025
513,2025-01-22 08:00,4.77681990460363
514,2025-01-22 09:00,5.05897129282596
515,2025-01-22 10:00,3.98486616029846
516,2025-01-22 11:00,3.41471680506983
517,2025-01-22 12:00,3.37052076098261
518,2025-01-22 13:00,3.38647012770714
519,2025-01-22 14:00,3.40940662422315
520,2025-01-22 15:00,3.17049066403311
521,2025-01-22 16:00,3.1355051011612
522,2025-01-22 17:00,3.73193870738412
523,2025-01-22 18:00,4.30860112240609
524,2025-01-22 19:00,4.42933064643648
525,2025-01-22 20:00,4.46661686825477
526,2025-01-22 21:00,4.08500446258945
527,2025-01-22 22:00,3.5520682418831
528,2025-01-22 23:00,3.85071679154213
529,2025-01-23 00:00,4.33587517176044
530,2025-01-23 01:00,4.00038890001805
531,2025-01-23 02:00,3.84826576960903
532,2025-01-23 03:00,3.73549594536973
533,2025-01-23 04:00,3.55674615260247
534,2025-01-23 05:00,3.72607119456044
535,2025-01-23 06:00,4.19507272814889
536,2025-01-23 07:00,4.62855239244161
537,2025-01-23 08:00,4.8018315458202
538,2025-01-23 09:00,4.87010410193001
539,2025-01-23 10:00,4.26988295001508
540,2025-01-23 11:00,3.67790835591913
541,2025-01-23 12:00,3.59684561778388
542,2025-01-23 13:00,3.71993162768714
543,2025-01-23 14:00,3.60135854232185
544,2025-01-23 15:00,3.56380988165833
545,2025-01-23 16:00,3.60427713121128
546,2025-01-23 17:00,4.23549984487649
547,2025-01-23 18:00,4.6359577834303
548,2025-01-23 19:00,4.768659882598
549,2025-01-23 20:00,4.71594438263969
550,2025-01-23 21:00,4.34990687425026
551,2025-01-23 22:00,3.52091101429614
552,2025-01-23 23:00,3.66561626558949
553,2025-01-24 00:00,4.28773878157303
554,2025-01-24 01:00,4.17027286002815
555,2025-01-24 02:00,3.99984398327007
556,2025-01-24 03:00,3.71271924734872
557,2025-01-24 04:00,3.57039003744752
558,2025-01-24 05:00,3.52230201645935
559,2025-01-24 06:00,3.81958672486212
560,2025-01-24 07:00,4.02319723253114
561,2025-01-24 08:00,4.30204293003862
562,2025-01-24 09:00,4.3982369060039
563,2025-01-24 10:00,3.63273615366917
564,2025-01-24 11:00,3.162999582667
565,2025-01-24 12:00,3.29995319379063
566,2025-01-24 13:00,3.26606427833741
567,2025-01-24 14:00,3.56288494162061
568,2025-01-24 15:00,3.41377999266676
569,2025-01-24 16:00,3.58082825230414
570,2025-01-24 17:00,4.44043520019535
571,2025-01-24 18:00,5.07395368349963
572,2025-01-24 19:00,5.27175399180612
573,2025-01-24 20:00,5.12319996779353
574,2025-01-24 21:00,4.48117770828487
575,2025-01-24 22:00,3.8487605078986
576,2025-01-24 23:00,3.91423514182928
577,2025-01-25 00:00,4.44882687392573
578,2025-01-25 01:00,4.24839621945772
579,2025-01-25 02:00,3.97704348002108
580,2025-01-25 03:00,3.68685102923585
581,2025-01-25 04:00,3.72852948057468
582,2025-01-25 05:00,3.81306326083186
583,2025-01-25 06:00,4.41546237766302
584,2025-01-25 07:00,4.80261605858406
585,2025-01-25 08:00,4.97197421111107
586,2025-01-25 09:00,4.98915342851438
587,2025-01-25 10:00,4.04046154631858
588,2025-01-25 11:00,3.58886608963131
589,2025-01-25 12:00,3.57806493037715
590,2025-01-25 13:00,3.68635318313773
591,2025-01-25 14:00,3.63101795098539
592,2025-01-25 15:00,3.61112807444131
593,2025-01-25 16:00,3.69721143436702
594,2025-01-25 17:00,4.45583052732278
595,2025-01-25 18:00,4.99639157825361
596,2025-01-25 19:00,5.00573021172091
597,2025-01-25 20:00,4.86920468859444
598,2025-01-25 21:00,4.52034284791306
599,2025-01-25 22:00,3.52611616460791
600,2025-01-25 23:00,3.85493946765827
601,2025-01-26 00:00,4.11497081369308
602,2025-01-26 01:00,3.89252157027302
603,2025-01-26 02:00,3.86060340829852
604,2025-01-26 03:00,3.61718313315007
605,2025-01-26 04:00,3.45799095287669
606,2025-01-26 05:00,3.66458634029428
607,2025-01-26 06:00,4.15833036514096
608,2025-01-26 07:00,4.62552028020044
609,2025-01-26 08:00,4.77679236838256
610,2025-01-26 09:00,4.82801765970065
611,2025-01-26 10:00,3.99211599321033
612,2025-01-26 11:00,3.40523222543194
613,2025-01-26 12:00,3.46437123727535
614,2025-01-26 13:00,3.47938107150927
615,2025-01-26 14:00,3.29180664485036
616,2025-01-26 15:00,3.45815520990283
617,2025-01-26 16:00,3.33929233910164
618,2025-01-26 17:00,4.20430125751175
619,2025-01-26 18:00,4.73026217412571
620,2025-01-26 19:00,4.84735618725986
621,2025-01-26 20:00,4.73453045489018
622,2025-01-26 21:00,4.44550538640555
623,2025-01-26 22:00,3.65245073434857
624,2025-01-26 23:00,3.95381867400515
625,2025-01-27 00:00,4.52497049943717
626,2025-01-27 01:00,4.30213404306748
627,2025-01-27 02:00,4.28624518159965
628,2025-01-27 03:00,3.88320279383332
629,2025-01-27 04:00,3.75007616421067
630,2025-01-27 05:00,3.73878414896098
631,2025-01-27 06:00,4.21001031176149
632,2025-01-27 07:00,4.72604286948864
633,2025-01-27 08:00,5.3151631315526
634,2025-01-27 09:00,5.13472093228283
635,2025-01-27 10:00,4.17135210524989
636,2025-01-27 11:00,3.63706546483318
637,2025-01-27 12:00,3.57330044110964
638,2025-01-27 13:00,3.68708492331772
639,2025-01-27 14:00,3.57210163592357
640,2025-01-27 15:00,3.52417702379894
641,2025-01-27 16:00,3.66102202705189
642,2025-01-27 17:00,4.51405886961994
643,2025-01-27 18:00,5.00964312340607
644,2025-01-27 19:00,5.19143449444483
645,2025-01-27 20:00,5.08545550598631
646,2025-01-27 21:00,4.47366964682141
647,2025-01-27 22:00,3.74420981634451
648,2025-01-27 23:00,3.79183217215566
649,2025-01-28 00:00,4.31977849673638
650,2025-01-28 01:00,4.0388345380014
651,2025-01-28 02:00,3.82030932896243
652,2025-01-28 03:00,3.54948469831595
653,2025-01-28 04:00,3.62386339218419
654,2025-01-28 05:00,3.72542323936511
655,2025-01-28 06:00,4.33031670014232
656,2025-01-28 07:00,4.57296026700098
657,2025-01-28 08:00,4.7443649786696
658,2025-01-28 09:00,4.93931445454106
659,2025-01-28 10:00,4.17170747453003
660,2025-01-28 11:00,3.49933179761767
661,2025-01-28 12:00,3.59746702311968
662,2025-01-28 13:00,3.73805209754965
663,2025-01-28 14:00,3.69347732608494
664,2025-01-28 15:00,3.4847271428397
665,2025-01-28 16:00,3.41566444821229
666,2025-01-28 17:00,4.41520130708033
667,2025-01-28 18:00,4.97507520275166
668,2025-01-28 19:00,5.41389356324648
669,2025-01-28 20:00,5.15601222504234
670,2025-01-28 21:00,4.62493443698724
671,2025-01-28 22:00,3.71537940116937
672,2025-01-28 23:00,3.93323877433577
673,2025-01-29 00:00,4.04869571046375
674,2025-01-29 01:00,3.91154314826129
675,2025-01-29 02:00,3.83884186057272
676,2025-01-29 03:00,3.65590494651181
677,2025-01-29 04:00,3.48842895618736
678,2025-01-29 05:00,3.53535639593574
679,2025-01-29 06:00,4.08235007077065
680,2025-01-29 07:00,4.40530265013667
681,2025-01-29 08:00,4.53181863629806
682,2025-01-29 09:00,4.51558859443725
683,2025-01-29 10:00,3.64908044231213
684,2025-01-29 11:00,3.10373332984136
685,2025-01-29 12:00,3.12021275379741
686,2025-01-29 13:00,3.03313190110283
687,2025-01-29 14:00,3.15247013254295
688,2025-01-29 15:00,3.091355668601
689,2025-01-29 16:00,3.20034257491516
690,2025-01-29 17:00,3.70859334873746
691,2025-01-29 18:00,4.52666481246027
692,2025-01-29 19:00,4.75119756832215
693,2025-01-29 20:00,4.41062142752289
694,2025-01-29 21:00,3.97780019942787
695,2025-01-29 22:00,3.43377977337166
696,2025-01-29 23:00,3.75913545866566
697,2025-01-30 00:00,4.49512287286518
698,2025-01-30 01:00,4.31532791655049
699,2025-01-30 02:00,3.96963750011041
700,2025-01-30 03:00,3.89396282372376
701,2025-01-30 04:00,3.95919327823047
702,2025-01-30 05:00,4.0127812889722
703,2025-01-30 06:00,4.52212082656081
704,2025-01-30 07:00,4.87672797371156
705,2025-01-30 08:00,5.00296300633647
706,2025-01-30 09:00,4.98801431048891
707,2025-01-30 10:00,4.07087997598068
708,2025-01-30 11:00,3.36403404732742
709,2025-01-30 12:00,3.59896223224941
710,2025-01-30 13:00,3.59664395528574
711,2025-01-30 14:00,3.43550007591948
712,2025-01-30 15:00,3.48721186499931
713,2025-01-30 16:00,3.64730679800698
714,2025-01-30 17:00,4.47909984514479
715,2025-01-30 18:00,5.20406898806082
716,2025-01-30 19:00,5.19529171296609
717,2025-01-30 20:00,4.95618932587483
718,2025-01-30 21:00,4.57143504243487
719,2025-01-30 22:00,3.84529601573877
720,2025-01-30 23:00,3.86930985274647
721,2025-01-31 00:00,4.27832992135274
722,2025-01-31 01:00,3.95667885859992
723,2025-01-31 02:00,3.72657830187261
724,2025-01-31 03:00,3.64079845929765
725,2025-01-31 04:00,3.61230803842432
726,2025-01-31 05:00,3.74392084906786
727,2025-01-31 06:00,3.69252907813058
728,2025-01-31 07:00,4.17273066477734
729,2025-01-31 08:00,4.27553285624265
730,2025-01-31 09:00,4.25635532394325
731,2025-01-31 10:00,3.56279024007846
732,2025-01-31 11:00,3.23510460742085
733,2025-01-31 12:00,3.25628706675883
734,2025-01-31 13:00,3.31488803893651
735,2025-01-31 14:00,3.72059257318576
736,2025-01-31 15:00,3.56780003984581
737,2025-01-31 16:00,3.48686386620065
738,2025-01-31 17:00,4.14375464301227
739,2025-01-31 18:00,4.78980198423556
740,2025-01-31 19:00,4.89945804796489
741,2025-01-31 20:00,4.83990286733498
742,2025-01-31 21:00,4.41947508682649
743,2025-01-31 22:00,3.43381674057805
744,2025-01-31 23:00,3.6052500634784
745,2025-02-01 00:00,4.5175060886364
746,2025-02-01 01:00,4.01712610415712
747,2025-02-01 02:00,4.04074303272885
748,2025-02-01 03:00,3.94717908143364
749,2025-02-01 04:00,3.87176920328613
750,2025-02-01 05:00,4.03738089927972
751,2025-02-01 06:00,4.65755010944317
752,2025-02-01 07:00,4.94316743016022
753,2025-02-01 08:00,5.20580833650249
754,2025-02-01 09:00,5.25921152459178
755,2025-02-01 10:00,4.10366616496698
756,2025-02-01 11:00,3.59505780468399
757,2025-02-01 12:00,3.74506662538045
758,2025-02-01 13:00,3.76145407869926
759,2025-02-01 14:00,3.71653245296143
760,2025-02-01 15:00,3.61053231960895
761,2025-02-01 16:00,3.63903639992031
762,2025-02-01 17:00,4.33150416966847
763,2025-02-01 18:00,5.05133978956403
764,2025-02-01 19:00,5.21340747632569
765,2025-02-01 20:00,5.05181788536585
766,2025-02-01 21:00,4.60288421056345
767,2025-02-01 22:00,3.61845823455916
768,2025-02-01 23:00,4.18930710538904
769,2025-02-02 00:00,5.27700598319182
770,2025-02-02 01:00,4.67208712427817
771,2025-02-02 02:00,4.56708208996975
772,2025-02-02 03:00,4.24456431151549
773,2025-02-02 04:00,4.1759220629774
774,2025-02-02 05:00,4.47624724405861
775,2025-02-02 06:00,5.18570305672917
776,2025-02-02 07:00,5.55714466162221
777,2025-02-02 08:00,5.59542323721288
778,2025-02-02 09:00,5.68316820510547
779,2025-02-02 10:00,4.62401919597895
780,2025-02-02 11:00,4.07328496768164
781,2025-02-02 12:00,4.10202269919234
782,2025-02-02 13:00,4.05513368163897
783,2025-02-02 14:00,4.01121008175511
784,2025-02-02 15:00,3.90266370169383
785,2025-02-02 16:00,3.9764668628919
786,2025-02-02 17:00,4.58042432872932
787,2025-02-02 18:00,5.29392551025404
788,2025-02-02 19:00,5.55521105985866
789,2025-02-02 20:00,5.67496855129685
790,2025-02-02 21:00,5.02873982699113
791,2025-02-02 22:00,4.16376609502376
792,2025-02-02 23:00,4.68258551075084
793,2025-02-03 00:00,4.85090545412546
794,2025-02-03 01:00,4.73288676340907
795,2025-02-03 02:00,4.6170276721367
796,2025-02-03 03:00,4.15150769943294
797,2025-02-03 04:00,4.07433001402029
798,2025-02-03 05:00,4.32432605455599
799,2025-02-03 06:00,4.67238142941244
800,2025-02-03 07:00,5.19258348867355
801,2025-02-03 08:00,5.4140803467595
802,2025-02-03 09:00,5.57466987401067
803,2025-02-03 10:00,4.26534691799538
804,2025-02-03 11:00,3.94202549754303
805,2025-02-03 12:00,4.12996724206823
806,2025-02-03 13:00,4.22440074413955
807,2025-02-03 14:00,4.15021155540861
808,2025-02-03 15:00,3.81400836624847
809,2025-02-03 16:00,3.90157406533096
810,2025-02-03 17:00,4.50503424863019
811,2025-02-03 18:00,4.8946787309398
812,2025-02-03 19:00,5.17217059026692
813,2025-02-03 20:00,5.11667382849192
814,2025-02-03 21:00,4.79686043519793
815,2025-02-03 22:00,4.00086561708594
816,2025-02-03 23:00,4.27211969203803
817,2025-02-04 00:00,5.02575607783672
818,2025-02-04 01:00,4.66541858706891
819,2025-02-04 02:00,4.3336545427514
820,2025-02-04 03:00,4.32443817252159
821,2025-02-04 04:00,4.21298398797501
822,2025-02-04 05:00,4.14447145816621
823,2025-02-04 06:00,4.49579045255769
824,2025-02-04 07:00,5.03758486229605
825,2025-02-04 08:00,5.31768467183885
826,2025-02-04 09:00,5.29251395503631
827,2025-02-04 10:00,4.58484856658886
828,2025-02-04 11:00,3.79061851527509
829,2025-02-04 12:00,3.80143252004027
830,2025-02-04 13:00,4.05776076067371
831,2025-02-04 14:00,3.88643910877557
832,2025-02-04 15:00,3.80400209616796
833,2025-02-04 16:00,3.75280454183265
834,2025-02-04 17:00,4.35564495170028
835,2025-02-04 18:00,5.14204970127376
836,2025-02-04 19:00,5.29958578169542
837,2025-02-04 20:00,5.32911369998208
838,2025-02-04 21:00,4.66506587357239
839,2025-02-04 22:00,3.82004035874179
840,2025-02-04 23:00,3.95134916478939
841,2025-02-05 00:00,4.47554011871228
842,2025-02-05 01:00,4.26377491405638
843,2025-02-05 02:00,4.25956693796082
844,2025-02-05 03:00,4.07847777977183
845,2025-02-05 04:00,4.04553315858991
846,2025-02-05 05:00,4.04761042725158
847,2025-02-05 06:00,4.61852870965704
848,2025-02-05 07:00,5.0561382639347
849,2025-02-05 08:00,5.31700608936827
850,2025-02-05 09:00,5.49349076490744
851,2025-02-05 10:00,4.35922185849004
852,2025-02-05 11:00,3.69568640120815
853,2025-02-05 12:00,3.63367140274227
854,2025-02-05 13:00,3.47601294023976
855,2025-02-05 14:00,3.73704270553416
856,2025-02-05 15:00,3.60936107270605
857,2025-02-05 16:00,3.69314819811173
858,2025-02-05 17:00,4.32286896134157
859,2025-02-05 18:00,4.75469642069918
860,2025-02-05 19:00,5.05672510805147
861,2025-02-05 20:00,4.89378330402254
862,2025-02-05 21:00,4.4087216171149
863,2025-02-05 22:00,3.67988412413933
864,2025-02-05 23:00,3.87054406593099
865,2025-02-06 00:00,4.44244919361808
866,2025-02-06 01:00,4.18888607269137
867,2025-02-06 02:00,4.17105204579064
868,2025-02-06 03:00,3.90068070646982
869,2025-02-06 04:00,3.83375627460184
870,2025-02-06 05:00,3.82113368163
871,2025-02-06 06:00,4.21301604462995
872,2025-02-06 07:00,4.670636305677
873,2025-02-06 08:00,4.93566307354247
874,2025-02-06 09:00,5.14294434247436
875,2025-02-06 10:00,4.08225248102507
876,2025-02-06 11:00,3.57987970584449
877,2025-02-06 12:00,3.81435335320868
878,2025-02-06 13:00,3.92078578143793
879,2025-02-06 14:00,3.62129786633268
880,2025-02-06 15:00,3.50860245369154
881,2025-02-06 16:00,3.48300879193722
882,2025-02-06 17:00,4.09000149160899
883,2025-02-06 18:00,4.90693834645534
884,2025-02-06 19:00,5.05071933822689
885,2025-02-06 20:00,4.90242474944154
886,2025-02-06 21:00,4.50665046002732
887,2025-02-06 22:00,3.79902407718554
888,2025-02-06 23:00,4.10814632126187
889,2025-02-07 00:00,4.48160198455351
890,2025-02-07 01:00,4.34298435284546
891,2025-02-07 02:00,4.25411340652613
892,2025-02-07 03:00,3.93521937611389
893,2025-02-07 04:00,3.90884808843687
894,2025-02-07 05:00,3.8663470100594
895,2025-02-07 06:00,3.93539707460998
896,2025-02-07 07:00,4.37748067742006
897,2025-02-07 08:00,4.37899999820306
898,2025-02-07 09:00,4.64375765339887
899,2025-02-07 10:00,3.88266655553935
900,2025-02-07 11:00,3.42796107587046
901,2025-02-07 12:00,3.42774471150301
902,2025-02-07 13:00,3.36615433357721
903,2025-02-07 14:00,3.60152852539352
904,2025-02-07 15:00,3.61367878739632
905,2025-02-07 16:00,3.79066126566784
906,2025-02-07 17:00,4.28707603880427
907,2025-02-07 18:00,5.21653456282012
908,2025-02-07 19:00,5.22813794042289
909,2025-02-07 20:00,5.16387268144333
910,2025-02-07 21:00,4.885889272506
911,2025-02-07 22:00,4.24844347915116
912,2025-02-07 23:00,4.44245976987191
913,2025-02-08 00:00,4.86913122088824
914,2025-02-08 01:00,4.47461278096344
915,2025-02-08 02:00,4.36670368807939
916,2025-02-08 03:00,3.99742054575793
917,2025-02-08 04:00,4.03797875341962
918,2025-02-08 05:00,4.11917647889939
919,2025-02-08 06:00,4.75278724565841
920,2025-02-08 07:00,5.06507917254082
921,2025-02-08 08:00,5.24188025012181
922,2025-02-08 09:00,5.25998411683472
923,2025-02-08 10:00,4.27447471263086
924,2025-02-08 11:00,3.45248143171564
925,2025-02-08 12:00,3.41794163657883
926,2025-02-08 13:00,3.46243717683613
927,2025-02-08 14:00,3.40691249232989
928,2025-02-08 15:00,3.49278436311707
929,2025-02-08 16:00,3.47276218883262
930,2025-02-08 17:00,4.28824470799608
931,2025-02-08 18:00,4.8333205441047
932,2025-02-08 19:00,4.87052333333157
933,2025-02-08 20:00,4.90912564658633
934,2025-02-08 21:00,4.50514513831662
935,2025-02-08 22:00,3.7321010090911
936,2025-02-08 23:00,4.06191733219363
937,2025-02-09 00:00,4.45609705274504
938,2025-02-09 01:00,4.15044502795143
939,2025-02-09 02:00,4.16215966331327
940,2025-02-09 03:00,4.09091915216929
941,2025-02-09 04:00,3.91951390098695
942,2025-02-09 05:00,3.88177735600217
943,2025-02-09 06:00,4.40234314455291
944,2025-02-09 07:00,4.63085940963931
945,2025-02-09 08:00,4.74873979098985
946,2025-02-09 09:00,4.77963922919963
947,2025-02-09 10:00,3.90616723110397
948,2025-02-09 11:00,3.52037571273453
949,2025-02-09 12:00,3.58361500501935
950,2025-02-09 13:00,3.68025134021851
951,2025-02-09 14:00,3.54447478270483
952,2025-02-09 15:00,3.36054134591673
953,2025-02-09 16:00,3.35769320392707
954,2025-02-09 17:00,4.16388652976902
955,2025-02-09 18:00,4.54393704939822
956,2025-02-09 19:00,4.91356554939747
957,2025-02-09 20:00,4.77442006557985
958,2025-02-09 21:00,4.31551117189159
959,2025-02-09 22:00,3.60395507092362
960,2025-02-09 23:00,3.89651080662726
961,2025-02-10 00:00,4.73605106193481
962,2025-02-10 01:00,4.63435827141703
963,2025-02-10 02:00,4.33314940487666
964,2025-02-10 03:00,3.97632110253494
965,2025-02-10 04:00,3.92331992021739
966,2025-02-10 05:00,4.13564639359068
967,2025-02-10 06:00,4.52959066789622
968,2025-02-10 07:00,4.98105501108569
969,2025-02-10 08:00,5.24453931687345
970,2025-02-10 09:00,5.37220422876466
971,2025-02-10 10:00,4.11536284558784
972,2025-02-10 11:00,3.56348687329632
973,2025-02-10 12:00,3.74189377955322
974,2025-02-10 13:00,3.64553959930618
975,2025-02-10 14:00,3.54773751396866
976,2025-02-10 15:00,3.59748396467354
977,2025-02-10 16:00,3.53201635094574
978,2025-02-10 17:00,4.26627634464447
979,2025-02-10 18:00,4.86250121026704
980,2025-02-10 19:00,5.02232728415272
981,2025-02-10 20:00,5.01350435978163
982,2025-02-10 21:00,4.50891118440066
983,2025-02-10 22:00,3.71294949195106
984,2025-02-10 23:00,3.99294714940733
985,2025-02-11 00:00,4.47183409656002
986,2025-02-11 01:00,4.14256982765056
987,2025-02-11 02:00,4.01559776552206
988,2025-02-11 03:00,4.03177104033714
989,2025-02-11 04:00,3.79649316604351
990,2025-02-11 05:00,3.9294883869061
991,2025-02-11 06:00,4.37496769716512
992,2025-02-11 07:00,4.90141785977187
993,2025-02-11 08:00,4.95341015993048
994,2025-02-11 09:00,5.20887380009425
995,2025-02-11 10:00,4.15450086970658
996,2025-02-11 11:00,3.40852779524015
997,2025-02-11 12:00,3.39986567599056
998,2025-02-11 13:00,3.44452181814621
999,2025-02-11 14:00,3.47420250561457
1000,2025-02-11 15:00,3.3568385197877
1001,2025-02-11 16:00,3.48189373296605
1002,2025-02-11 17:00,4.10976298893359
1003,2025-02-11 18:00,4.61825223904165
1004,2025-02-11 19:00,4.95495936643603
1005,2025-02-11 20:00,4.87140520688056
1006,2025-02-11 21:00,4.33712583330427
1007,2025-02-11 22:00,3.54274072450344
1008,2025-02-11 23:00,3.74557715123072
1009,2025-02-12 00:00,4.80509163044483
1010,2025-02-12 01:00,4.66962039243343
1011,2025-02-12 02:00,4.4803053566203
1012,2025-02-12 03:00,4.45931731860324
1013,2025-02-12 04:00,4.37639247800148
1014,2025-02-12 05:00,4.4577709885518
1015,2025-02-12 06:00,5.09744522375414
1016,2025-02-12 07:00,5.30988186935789
1017,2025-02-12 08:00,5.45232769923877
1018,2025-02-12 09:00,5.36287961966055
1019,2025-02-12 10:00,4.31878925097834
1020,2025-02-12 11:00,3.75691131195364
1021,2025-02-12 12:00,3.9128433019315
1022,2025-02-12 13:00,3.81595734903567
1023,2025-02-12 14:00,3.76113148188976
1024,2025-02-12 15:00,3.70043430476285
1025,2025-02-12 16:00,3.82646671519979
1026,2025-02-12 17:00,4.45921288882925
1027,2025-02-12 18:00,5.12297969098168
1028,2025-02-12 19:00,5.15342070545614
1029,2025-02-12 20:00,4.99551785185635
1030,2025-02-12 21:00,4.84700392030842
1031,2025-02-12 22:00,4.22601116662152
1032,2025-02-12 23:00,4.57547538776236
1033,2025-02-13 00:00,4.96620408194506
1034,2025-02-13 01:00,4.60991684740703
1035,2025-02-13 02:00,4.38242733089295
1036,2025-02-13 03:00,4.18669350279869
1037,2025-02-13 04:00,4.10388813620374
1038,2025-02-13 05:00,4.1119758929093
1039,2025-02-13 06:00,4.54994603326971
1040,2025-02-13 07:00,4.93623976005235
1041,2025-02-13 08:00,5.31225113267353
1042,2025-02-13 09:00,5.2290429127497
1043,2025-02-13 10:00,4.29303608797748
1044,2025-02-13 11:00,3.7652482501252
1045,2025-02-13 12:00,3.6637901622651
1046,2025-02-13 13:00,3.78910442513746
1047,2025-02-13 14:00,3.75036330619939
1048,2025-02-13 15:00,3.83123879517785
1049,2025-02-13 16:00,3.71765475831846
1050,2025-02-13 17:00,4.38898344919742
1051,2025-02-13 18:00,5.22963714793076
1052,2025-02-13 19:00,5.49989501516002
1053,2025-02-13 20:00,5.25003478300219
1054,2025-02-13 21:00,4.74656262977731
1055,2025-02-13 22:00,4.01163701894392
1056,2025-02-13 23:00,4.44568747095696
1057,2025-02-14 00:00,5.07656337298659
1058,2025-02-14 01:00,4.66919611036393
1059,2025-02-14 02:00,4.67524802335473
1060,2025-02-14 03:00,4.52405696111468
1061,2025-02-14 04:00,4.37190724764577
1062,2025-02-14 05:00,4.23989162641317
1063,2025-02-14 06:00,4.39025715733116
1064,2025-02-14 07:00,4.69710044837582
1065,2025-02-14 08:00,4.94532096259557
1066,2025-02-14 09:00,4.89673866113605
1067,2025-02-14 10:00,4.01248386421384
1068,2025-02-14 11:00,3.58272389699748
1069,2025-02-14 12:00,3.78804788872994
1070,2025-02-14 13:00,3.67616712198815
1071,2025-02-14 14:00,4.2172145149141
1072,2025-02-14 15:00,4.03648839251621
1073,2025-02-14 16:00,4.00599205130532
1074,2025-02-14 17:00,4.66348719078051
1075,2025-02-14 18:00,5.50875605347786
1076,2025-02-14 19:00,5.62031015651149
1077,2025-02-14 20:00,5.32344006249976
1078,2025-02-14 21:00,4.97039065595364
1079,2025-02-14 22:00,4.33245536032512
1080,2025-02-14 23:00,4.59188600912976
1081,2025-02-15 00:00,4.89023516066296
1082,2025-02-15 01:00,4.53270519411399
1083,2025-02-15 02:00,4.40794063483503
1084,2025-02-15 03:00,4.10404303729634
1085,2025-02-15 04:00,4.00935537825003
1086,2025-02-15 05:00,3.98162311274257
1087,2025-02-15 06:00,4.46821926715779
1088,2025-02-15 07:00,4.85579127024823
1089,2025-02-15 08:00,5.06592490903253
1090,2025-02-15 09:00,5.23073775605216
1091,2025-02-15 10:00,4.19222101982584
1092,2025-02-15 11:00,3.58554496685247
1093,2025-02-15 12:00,3.59470475927043
1094,2025-02-15 13:00,3.65600020880055
1095,2025-02-15 14:00,3.63401389952594
1096,2025-02-15 15:00,3.42201303116725
1097,2025-02-15 16:00,3.52581922422136
1098,2025-02-15 17:00,4.22264196054478
1099,2025-02-15 18:00,4.93912517247566
1100,2025-02-15 19:00,5.14196799070765
1101,2025-02-15 20:00,4.95980768949829
1102,2025-02-15 21:00,4.79386691731492
1103,2025-02-15 22:00,3.97030207888496
1104,2025-02-15 23:00,4.22087829593767
1105,2025-02-16 00:00,4.58811187290954
1106,2025-02-16 01:00,4.41235852370888
1107,2025-02-16 02:00,4.27411189395088
1108,2025-02-16 03:00,4.12666426297152
1109,2025-02-16 04:00,4.06562772726578
1110,2025-02-16 05:00,4.18999452858808
1111,2025-02-16 06:00,4.76063607298788
1112,2025-02-16 07:00,5.25859002338097
1113,2025-02-16 08:00,5.57521285866399
1114,2025-02-16 09:00,5.69378800045406
1115,2025-02-16 10:00,4.67138716924322
1116,2025-02-16 11:00,3.71534398011171
1117,2025-02-16 12:00,3.73030347161693
1118,2025-02-16 13:00,3.60221969969357
1119,2025-02-16 14:00,3.69974450838568
1120,2025-02-16 15:00,3.84520557681322
1121,2025-02-16 16:00,3.73391640980867
1122,2025-02-16 17:00,4.47757083881934
1123,2025-02-16 18:00,4.97233818037783
1124,2025-02-16 19:00,5.39770638017279
1125,2025-02-16 20:00,5.17596040468328
1126,2025-02-16 21:00,4.66064773430858
1127,2025-02-16 22:00,3.94828270538378
1128,2025-02-16 23:00,4.18271468853079
1129,2025-02-17 00:00,4.72156168391069
1130,2025-02-17 01:00,4.43391397200981
1131,2025-02-17 02:00,4.44240620016631
1132,2025-02-17 03:00,4.30112818721784
1133,2025-02-17 04:00,4.1500878679992
1134,2025-02-17 05:00,4.30440491606679
1135,2025-02-17 06:00,4.90839883541669
1136,2025-02-17 07:00,5.10033304422535
1137,2025-02-17 08:00,5.29743145212126
1138,2025-02-17 09:00,5.2890079318081
1139,2025-02-17 10:00,4.30761349657018
1140,2025-02-17 11:00,3.84776033298099
1141,2025-02-17 12:00,3.80354250334545
1142,2025-02-17 13:00,3.92207043617169
1143,2025-02-17 14:00,3.9610269081548
1144,2025-02-17 15:00,3.67352943818685
1145,2025-02-17 16:00,3.75517533043515
1146,2025-02-17 17:00,4.24389807163856
1147,2025-02-17 18:00,5.10782135024962
1148,2025-02-17 19:00,5.35889133465737
1149,2025-02-17 20:00,5.40257041901641
1150,2025-02-17 21:00,4.93920540887405
1151,2025-02-17 22:00,4.02130874934203
1152,2025-02-17 23:00,4.3622786031238
1153,2025-02-18 00:00,4.9847670063563
1154,2025-02-18 01:00,4.83975410663997
1155,2025-02-18 02:00,4.44307039324005
1156,2025-02-18 03:00,4.17860973751184
1157,2025-02-18 04:00,4.12185631457458
1158,2025-02-18 05:00,4.21425940954424
1159,2025-02-18 06:00,4.97545978604047
1160,2025-02-18 07:00,5.52174853093867
1161,2025-02-18 08:00,5.53844838351574
1162,2025-02-18 09:00,5.5080751358664
1163,2025-02-18 10:00,4.54960639497165
1164,2025-02-18 11:00,3.82971815887608
1165,2025-02-18 12:00,4.07701513360661
1166,2025-02-18 13:00,4.06739517202862
1167,2025-02-18 14:00,4.08391343727856
1168,2025-02-18 15:00,3.75108631654844
1169,2025-02-18 16:00,3.8091462561497
1170,2025-02-18 17:00,4.36991153143706
1171,2025-02-18 18:00,5.04677841266922
1172,2025-02-18 19:00,5.23441788085957
1173,2025-02-18 20:00,5.30636503544156
1174,2025-02-18 21:00,5.01475326357445
1175,2025-02-18 22:00,4.15270990815048
1176,2025-02-18 23:00,4.33992890214471
1177,2025-02-19 00:00,5.1264196463783
1178,2025-02-19 01:00,4.97898622697978
1179,2025-02-19 02:00,4.83386306252903
1180,2025-02-19 03:00,4.68599507256846
1181,2025-02-19 04:00,4.48177925516946
1182,2025-02-19 05:00,4.56969104971272
1183,2025-02-19 06:00,5.20644056693059
1184,2025-02-19 07:00,5.6497827365113
1185,2025-02-19 08:00,6.03319223025681
1186,2025-02-19 09:00,5.9066111096698
1187,2025-02-19 10:00,4.92135163411027
1188,2025-02-19 11:00,4.222789724228
1189,2025-02-19 12:00,4.30143960719659
1190,2025-02-19 13:00,4.47040822551758
1191,2025-02-19 14:00,4.41739293179315
1192,2025-02-19 15:00,4.36606502720237
1193,2025-02-19 16:00,4.13129600802422
1194,2025-02-19 17:00,4.60213960380705
1195,2025-02-19 18:00,5.44435631120037
1196,2025-02-19 19:00,5.82662536839408
1197,2025-02-19 20:00,5.57500007490034
1198,2025-02-19 21:00,5.09761486603305
1199,2025-02-19 22:00,4.28180132157286
1200,2025-02-19 23:00,4.82082524320519
1201,2025-02-20 00:00,5.04565458699878
1202,2025-02-20 01:00,4.77113041697246
1203,2025-02-20 02:00,4.54195818508168
1204,2025-02-20 03:00,4.37847795248342
1205,2025-02-20 04:00,4.17195276349369
1206,2025-02-20 05:00,4.36556700763704
1207,2025-02-20 06:00,4.78606557980972
1208,2025-02-20 07:00,5.34652976928147
1209,2025-02-20 08:00,5.47008605715764
1210,2025-02-20 09:00,5.66697435843723
1211,2025-02-20 10:00,4.80307712137944
1212,2025-02-20 11:00,4.19956667768036
1213,2025-02-20 12:00,4.26519839306017
1214,2025-02-20 13:00,4.25227493841906
1215,2025-02-20 14:00,4.18724870141697
1216,2025-02-20 15:00,4.07402660250225
1217,2025-02-20 16:00,4.19212502295544
1218,2025-02-20 17:00,4.76256405678194
1219,2025-02-20 18:00,5.45398784869878
1220,2025-02-20 19:00,5.78975968393983
1221,2025-02-20 20:00,5.59589905492256
1222,2025-02-20 21:00,4.98739788264421
1223,2025-02-20 22:00,4.36104378122185
1224,2025-02-20 23:00,4.94992892105708
1225,2025-02-21 00:00,5.32262351886135
1226,2025-02-21 01:00,5.12270760159931
1227,2025-02-21 02:00,4.80115384758678
1228,2025-02-21 03:00,4.63819913370431
1229,2025-02-21 04:00,4.37175538973202
1230,2025-02-21 05:00,4.49637672198654
1231,2025-02-21 06:00,4.6193188810698
1232,2025-02-21 07:00,5.1391773206306
1233,2025-02-21 08:00,5.40017815354883
1234,2025-02-21 09:00,5.57241879230219
1235,2025-02-21 10:00,4.42422283803733
1236,2025-02-21 11:00,3.77540662086889
1237,2025-02-21 12:00,3.84773513825379
1238,2025-02-21 13:00,4.1118942188118
1239,2025-02-21 14:00,4.73883872323479
1240,2025-02-21 15:00,4.46136658126361
1241,2025-02-21 16:00,4.4988432180219
1242,2025-02-21 17:00,4.98955119178102
1243,2025-02-21 18:00,5.73994464499691
1244,2025-02-21 19:00,5.76074777382895
1245,2025-02-21 20:00,5.88489293250989
1246,2025-02-21 21:00,5.2906299528583
1247,2025-02-21 22:00,4.75083227868536
1248,2025-02-21 23:00,4.9127425746178
1249,2025-02-22 00:00,5.64602770052076
1250,2025-02-22 01:00,5.20935232301588
1251,2025-02-22 02:00,4.95157959024666
1252,2025-02-22 03:00,4.73049061641578
1253,2025-02-22 04:00,4.58573952688801
1254,2025-02-22 05:00,4.61348271627476
1255,2025-02-22 06:00,5.4177214607284
1256,2025-02-22 07:00,5.87185528414601
1257,2025-02-22 08:00,5.95196814779382
1258,2025-02-22 09:00,6.00753468039444
1259,2025-02-22 10:00,4.91991747408796
1260,2025-02-22 11:00,4.39358597468337
1261,2025-02-22 12:00,4.51036437980221
1262,2025-02-22 13:00,4.77757145370023
1263,2025-02-22 14:00,4.66348081225504
1264,2025-02-22 15:00,4.61634854314775
1265,2025-02-22 16:00,4.58830671765276
1266,2025-02-22 17:00,4.93896070845902
1267,2025-02-22 18:00,5.8583097462028
1268,2025-02-22 19:00,5.94910855843993
1269,2025-02-22 20:00,6.03145270144583
1270,2025-02-22 21:00,5.5384716295367
1271,2025-02-22 22:00,4.98226809481161
1272,2025-02-22 23:00,5.3532941035304
1273,2025-02-23 00:00,5.43439555251926
1274,2025-02-23 01:00,5.12642464044402
1275,2025-02-23 02:00,4.73401768007643
1276,2025-02-23 03:00,4.44274373855721
1277,2025-02-23 04:00,4.33735996422308
1278,2025-02-23 05:00,4.40146390589423
1279,2025-02-23 06:00,5.06778370415409
1280,2025-02-23 07:00,5.36330603340514
1281,2025-02-23 08:00,5.83247026073832
1282,2025-02-23 09:00,5.98642519431565
1283,2025-02-23 10:00,4.95972258263834
1284,2025-02-23 11:00,4.15411074240721
1285,2025-02-23 12:00,4.35038605629167
1286,2025-02-23 13:00,4.5361427643561
1287,2025-02-23 14:00,4.41783899191791
1288,2025-02-23 15:00,4.26116135508329
1289,2025-02-23 16:00,4.30426434325549
1290,2025-02-23 17:00,4.67467318797927
1291,2025-02-23 18:00,5.34754154666285
1292,2025-02-23 19:00,5.59138116496775
1293,2025-02-23 20:00,5.33978778550519
1294,2025-02-23 21:00,5.03807037547151
1295,2025-02-23 22:00,4.30354453307363
1296,2025-02-23 23:00,4.4557493242298
1297,2025-02-24 00:00,5.01514036940539
1298,2025-02-24 01:00,4.93994195805738
1299,2025-02-24 02:00,4.79048984855724
1300,2025-02-24 03:00,4.71390495424165
1301,2025-02-24 04:00,4.51822980611978
1302,2025-02-24 05:00,4.50351819756569
1303,2025-02-24 06:00,5.13563717915392
1304,2025-02-24 07:00,5.55482166753689
1305,2025-02-24 08:00,5.53075799925133
1306,2025-02-24 09:00,5.75719535091284
1307,2025-02-24 10:00,4.81392287187237
1308,2025-02-24 11:00,4.26346600391934
1309,2025-02-24 12:00,4.26723951475963
1310,2025-02-24 13:00,4.2172865449579
1311,2025-02-24 14:00,4.32608860412909
1312,2025-02-24 15:00,4.18344195177514
1313,2025-02-24 16:00,4.04171480763302
1314,2025-02-24 17:00,4.85797510770214
1315,2025-02-24 18:00,5.3167736332334
1316,2025-02-24 19:00,5.74693516583695
1317,2025-02-24 20:00,5.84062164507372
1318,2025-02-24 21:00,5.3291021808795
1319,2025-02-24 22:00,4.58036926780576
1320,2025-02-24 23:00,4.6538211575469
1321,2025-02-25 00:00,4.70005519977759
1322,2025-02-25 01:00,4.43211243891359
1323,2025-02-25 02:00,4.39325848420231
1324,2025-02-25 03:00,4.08806225275916
1325,2025-02-25 04:00,4.03392978369453
1326,2025-02-25 05:00,4.27349405901412
1327,2025-02-25 06:00,4.83176189321286
1328,2025-02-25 07:00,5.14643161322713
1329,2025-02-25 08:00,5.39737742898154
1330,2025-02-25 09:00,5.48802924573911
1331,2025-02-25 10:00,4.44187637257798
1332,2025-02-25 11:00,3.73952848531571
1333,2025-02-25 12:00,3.99928618369564
1334,2025-02-25 13:00,4.04304791160791
1335,2025-02-25 14:00,3.94198459039503
1336,2025-02-25 15:00,3.79061478126564
1337,2025-02-25 16:00,3.77958091402079
1338,2025-02-25 17:00,4.36118875755903
1339,2025-02-25 18:00,5.0732672726605
1340,2025-02-25 19:00,5.53785021237627
1341,2025-02-25 20:00,5.20945871583426
1342,2025-02-25 21:00,4.84443967165275
1343,2025-02-25 22:00,4.22073190601108
1344,2025-02-25 23:00,4.23297502667739
1345,2025-02-26 00:00,4.68169329692479
1346,2025-02-26 01:00,4.63585099770656
1347,2025-02-26 02:00,4.37640627746655
1348,2025-02-26 03:00,4.26664030413421
1349,2025-02-26 04:00,4.08287596871093
1350,2025-02-26 05:00,3.98978567710863
1351,2025-02-26 06:00,4.52618185408878
1352,2025-02-26 07:00,5.13642372250642
1353,2025-02-26 08:00,5.40872800787644
1354,2025-02-26 09:00,5.57055216693214
1355,2025-02-26 10:00,4.52683768161298
1356,2025-02-26 11:00,3.85920085208421
1357,2025-02-26 12:00,4.00122268745788
1358,2025-02-26 13:00,4.06244379439114
1359,2025-02-26 14:00,4.11881639549531
1360,2025-02-26 15:00,3.87902636763948
1361,2025-02-26 16:00,3.87092519314704
1362,2025-02-26 17:00,4.20956638553811
1363,2025-02-26 18:00,4.87028326444196
1364,2025-02-26 19:00,5.34052260741238
1365,2025-02-26 20:00,5.23406811797519
1366,2025-02-26 21:00,4.83948409754876
1367,2025-02-26 22:00,4.17975085697674
1368,2025-02-26 23:00,4.43405172309346
1369,2025-02-27 00:00,4.76192813419747
1370,2025-02-27 01:00,4.52623875507611
1371,2025-02-27 02:00,4.34914243746012
1372,2025-02-27 03:00,4.2327229486795
1373,2025-02-27 04:00,3.93378809278487
1374,2025-02-27 05:00,4.09736367374552
1375,2025-02-27 06:00,4.5761647684709
1376,2025-02-27 07:00,4.85434856404892
1377,2025-02-27 08:00,5.27056387269451
1378,2025-02-27 09:00,5.1565994156529
1379,2025-02-27 10:00,4.38634719866433
1380,2025-02-27 11:00,3.75567948587582
1381,2025-02-27 12:00,3.85839974697672
1382,2025-02-27 13:00,3.92647543997991
1383,2025-02-27 14:00,3.96560778541202
1384,2025-02-27 15:00,3.78576402366655
1385,2025-02-27 16:00,3.76932107103032
1386,2025-02-27 17:00,4.08171458047234
1387,2025-02-27 18:00,4.71317900586851
1388,2025-02-27 19:00,4.9314631490557
1389,2025-02-27 20:00,5.06173660923777
1390,2025-02-27 21:00,4.6756374049482
1391,2025-02-27 22:00,4.05852060866645
1392,2025-02-27 23:00,4.20808152802431
1393,2025-02-28 00:00,4.80479215766308
1394,2025-02-28 01:00,4.71559024956836
1395,2025-02-28 02:00,4.32331056921707
1396,2025-02-28 03:00,4.18133044436921
1397,2025-02-28 04:00,4.19361532692957
1398,2025-02-28 05:00,4.26454659769123
1399,2025-02-28 06:00,4.21640785727508
1400,2025-02-28 07:00,4.53078014612816
1401,2025-02-28 08:00,4.97223093979183
1402,2025-02-28 09:00,5.12765558175143
1403,2025-02-28 10:00,4.08474445313352
1404,2025-02-28 11:00,3.51053716213049
1405,2025-02-28 12:00,3.52511788153766
1406,2025-02-28 13:00,3.71839413201762
1407,2025-02-28 14:00,4.23791305810544
1408,2025-02-28 15:00,4.01310419551338
1409,2025-02-28 16:00,3.94374842476712
1410,2025-02-28 17:00,4.33636312582086
1411,2025-02-28 18:00,5.42083573369262
1412,2025-02-28 19:00,5.56676561220042
1413,2025-02-28 20:00,5.55829061843836
1414,2025-02-28 21:00,5.27196427320947
1415,2025-02-28 22:00,4.51728857888416
1416,2025-02-28 23:00,4.58349015133685
1417,2025-03-01 00:00,5.11222807834854
1418,2025-03-01 01:00,4.91213098905274
1419,2025-03-01 02:00,4.75824994788181
1420,2025-03-01 03:00,4.67199963990655
1421,2025-03-01 04:00,4.49866599002032
1422,2025-03-01 05:00,4.32171153887372
1423,2025-03-01 06:00,5.10345795014463
1424,2025-03-01 07:00,5.56193869305286
1425,2025-03-01 08:00,5.6486338885655
1426,2025-03-01 09:00,5.812201414286
1427,2025-03-01 10:00,4.7337466104093
1428,2025-03-01 11:00,4.13950564928234
1429,2025-03-01 12:00,4.29640085154012
1430,2025-03-01 13:00,4.42629042892382
1431,2025-03-01 14:00,4.35036573581171
1432,2025-03-01 15:00,4.09140042034481
1433,2025-03-01 16:00,4.0178695627144
1434,2025-03-01 17:00,4.65610729788383
1435,2025-03-01 18:00,5.27418193049926
1436,2025-03-01 19:00,5.52756476331657
1437,2025-03-01 20:00,5.41571326963716
1438,2025-03-01 21:00,5.06983700818948
1439,2025-03-01 22:00,4.48702266273099
1440,2025-03-01 23:00,4.87321751942923
1441,2025-03-02 00:00,5.21636898970045
1442,2025-03-02 01:00,4.79509851532839
1443,2025-03-02 02:00,4.56514647109724
1444,2025-03-02 03:00,4.52624408211877
1445,2025-03-02 04:00,4.5382696425446
1446,2025-03-02 05:00,4.52747624175978
1447,2025-03-02 06:00,5.22597204417556
1448,2025-03-02 07:00,5.82848316163877
1449,2025-03-02 08:00,6.02715620994962
1450,2025-03-02 09:00,6.20722709644252
1451,2025-03-02 10:00,4.85134386314634
1452,2025-03-02 11:00,4.28558109198632
1453,2025-03-02 12:00,4.34651296907553
1454,2025-03-02 13:00,4.55333157404164
1455,2025-03-02 14:00,4.540907920544
1456,2025-03-02 15:00,4.34865365953961
1457,2025-03-02 16:00,4.25483170541203
1458,2025-03-02 17:00,4.56782899960944
1459,2025-03-02 18:00,5.27753907850464
1460,2025-03-02 19:00,5.76190481003877
1461,2025-03-02 20:00,5.81239548962173
1462,2025-03-02 21:00,5.1483164805398
1463,2025-03-02 22:00,4.53822658674199
1464,2025-03-02 23:00,4.65339083385694
1465,2025-03-03 00:00,5.69781206706417
1466,2025-03-03 01:00,5.66659920285014
1467,2025-03-03 02:00,5.23109848770765
1468,2025-03-03 03:00,5.04759742009073
1469,2025-03-03 04:00,4.98447697799515
1470,2025-03-03 05:00,5.12670645328748
1471,2025-03-03 06:00,5.7460188039606
1472,2025-03-03 07:00,6.17264417677415
1473,2025-03-03 08:00,6.33601224984097
1474,2025-03-03 09:00,6.35873901382713
1475,2025-03-03 10:00,5.22879922077269
1476,2025-03-03 11:00,4.64653821006772
1477,2025-03-03 12:00,4.91675250012171
1478,2025-03-03 13:00,5.01014317510178
1479,2025-03-03 14:00,5.00284180057288
1480,2025-03-03 15:00,4.65709261738619
1481,2025-03-03 16:00,4.55699123147686
1482,2025-03-03 17:00,4.72113973671505
1483,2025-03-03 18:00,5.4035915177849
1484,2025-03-03 19:00,6.06613933326081
1485,2025-03-03 20:00,6.18151661724954
1486,2025-03-03 21:00,5.69571429580628
1487,2025-03-03 22:00,5.0611041108971
1488,2025-03-03 23:00,5.4639230710989
1489,2025-03-04 00:00,5.36957863750358
1490,2025-03-04 01:00,5.10728664634998
1491,2025-03-04 02:00,4.99550205918055
1492,2025-03-04 03:00,4.81571629749408
1493,2025-03-04 04:00,4.48503958855093
1494,2025-03-04 05:00,4.56281734139557
1495,2025-03-04 06:00,5.29907256078611
1496,2025-03-04 07:00,5.6888852954775
1497,2025-03-04 08:00,5.53992877205724
1498,2025-03-04 09:00,5.91590508989107
1499,2025-03-04 10:00,4.60529007575541
1500,2025-03-04 11:00,4.16948132207984
1501,2025-03-04 12:00,4.216594645815
1502,2025-03-04 13:00,4.57263576387125
1503,2025-03-04 14:00,4.46576390768789
1504,2025-03-04 15:00,4.21438541105089
1505,2025-03-04 16:00,4.01993055091593
1506,2025-03-04 17:00,4.42858590983195
1507,2025-03-04 18:00,5.33208993705546
1508,2025-03-04 19:00,5.80042038601556
1509,2025-03-04 20:00,5.6650986514478
1510,2025-03-04 21:00,5.46697955547995
1511,2025-03-04 22:00,4.9370686480244
1512,2025-03-04 23:00,5.11500635131543
1513,2025-03-05 00:00,5.45974126133593
1514,2025-03-05 01:00,5.13540519418187
1515,2025-03-05 02:00,4.86746054610123
1516,2025-03-05 03:00,4.79401326846552
1517,2025-03-05 04:00,4.48722044047755
1518,2025-03-05 05:00,4.66223551997991
1519,2025-03-05 06:00,5.25371294145534
1520,2025-03-05 07:00,5.72203909000039
1521,2025-03-05 08:00,5.79559524802232
1522,2025-03-05 09:00,5.93648324622694
1523,2025-03-05 10:00,4.89667154797203
1524,2025-03-05 11:00,4.32333291189828
1525,2025-03-05 12:00,4.48158022969066
1526,2025-03-05 13:00,4.60595014958823
1527,2025-03-05 14:00,4.66091907790548
1528,2025-03-05 15:00,4.38690527649128
1529,2025-03-05 16:00,4.37388213463038
1530,2025-03-05 17:00,4.73105873490941
1531,2025-03-05 18:00,5.30469631648818
1532,2025-03-05 19:00,5.45051169896183
1533,2025-03-05 20:00,5.4022140224575
1534,2025-03-05 21:00,5.44475149017756
1535,2025-03-05 22:00,4.89345627635291
1536,2025-03-05 23:00,5.23241645381688
1537,2025-03-06 00:00,5.69186289674149
1538,2025-03-06 01:00,5.29664418963163
1539,2025-03-06 02:00,4.96653178402376
1540,2025-03-06 03:00,4.7227434123327
1541,2025-03-06 04:00,4.59317356261978
1542,2025-03-06 05:00,4.59733437507179
1543,2025-03-06 06:00,5.21565216879593
1544,2025-03-06 07:00,5.73319585512337
1545,2025-03-06 08:00,6.09106517391822
1546,2025-03-06 09:00,6.18686560901494
1547,2025-03-06 10:00,4.99446905073522
1548,2025-03-06 11:00,4.43561605622828
1549,2025-03-06 12:00,4.60561550042044
1550,2025-03-06 13:00,4.48827704046748
1551,2025-03-06 14:00,4.43832786834894
1552,2025-03-06 15:00,4.4561175650662
1553,2025-03-06 16:00,4.32041185911364
1554,2025-03-06 17:00,4.79972309468647
1555,2025-03-06 18:00,5.5205640935514
1556,2025-03-06 19:00,5.71955633261899
1557,2025-03-06 20:00,5.57646089030158
1558,2025-03-06 21:00,5.30147584348251
1559,2025-03-06 22:00,4.57168014405414
1560,2025-03-06 23:00,4.72101957331473
1561,2025-03-07 00:00,5.18616320660326
1562,2025-03-07 01:00,4.83257242650876
1563,2025-03-07 02:00,4.69279931384127
1564,2025-03-07 03:00,4.46252674528508
1565,2025-03-07 04:00,4.43415425638308
1566,2025-03-07 05:00,4.41777553423311
1567,2025-03-07 06:00,4.5223377041773
1568,2025-03-07 07:00,5.02495451402904
1569,2025-03-07 08:00,5.30373257008388
1570,2025-03-07 09:00,5.21053708700786
1571,2025-03-07 10:00,4.35008009548797
1572,2025-03-07 11:00,3.7681189632123
1573,2025-03-07 12:00,3.86267560191963
1574,2025-03-07 13:00,3.80282465485188
1575,2025-03-07 14:00,4.28705389952097
1576,2025-03-07 15:00,4.2881564732265
1577,2025-03-07 16:00,4.22106309009872
1578,2025-03-07 17:00,4.63173836149803
1579,2025-03-07 18:00,5.39722221305399
1580,2025-03-07 19:00,5.78807526607707
1581,2025-03-07 20:00,5.59474184402039
1582,2025-03-07 21:00,5.32207783965765
1583,2025-03-07 22:00,4.61388043229376
1584,2025-03-07 23:00,4.92069131201225
1585,2025-03-08 00:00,5.6455303626766
1586,2025-03-08 01:00,5.33548619783796
1587,2025-03-08 02:00,5.00177581231429
1588,2025-03-08 03:00,4.79649243788938
1589,2025-03-08 04:00,4.59453156632027
1590,2025-03-08 05:00,4.6594160482225
1591,2025-03-08 06:00,5.52738811950543
1592,2025-03-08 07:00,5.66876572381756
1593,2025-03-08 08:00,5.83157136928724
1594,2025-03-08 09:00,6.04269035882735
1595,2025-03-08 10:00,4.90050897410995
1596,2025-03-08 11:00,4.36741436829993
1597,2025-03-08 12:00,4.38666684499334
1598,2025-03-08 13:00,4.47543655634995
1599,2025-03-08 14:00,4.40763527124006
1600,2025-03-08 15:00,4.10827551081314
1601,2025-03-08 16:00,4.28121039665456
1602,2025-03-08 17:00,4.63414246466506
1603,2025-03-08 18:00,5.43129306853612
1604,2025-03-08 19:00,5.75121762657754
1605,2025-03-08 20:00,5.67718550446688
1606,2025-03-08 21:00,5.48917697584534
1607,2025-03-08 22:00,4.62083846319057
1608,2025-03-08 23:00,5.01323419438745
1609,2025-03-09 00:00,5.47327280031501
1610,2025-03-09 01:00,5.18103780425678
1611,2025-03-09 02:00,5.06398581637441
1612,2025-03-09 03:00,4.58795707243465
1613,2025-03-09 04:00,4.45162426418239
1614,2025-03-09 05:00,4.49786797713399
1615,2025-03-09 06:00,5.23422609220424
1616,2025-03-09 07:00,6.04725193732974
1617,2025-03-09 08:00,6.03366151293369
1618,2025-03-09 09:00,6.14633814266177
1619,2025-03-09 10:00,4.88849322904286
1620,2025-03-09 11:00,4.30134991634027
1621,2025-03-09 12:00,4.40521022430326
1622,2025-03-09 13:00,4.75834115688035
1623,2025-03-09 14:00,4.68667295502479
1624,2025-03-09 15:00,4.37981197515846
1625,2025-03-09 16:00,4.24895808620097
1626,2025-03-09 17:00,4.52350312394866
1627,2025-03-09 18:00,5.15998719219447
1628,2025-03-09 19:00,5.52892413938642
1629,2025-03-09 20:00,5.70520711281728
1630,2025-03-09 21:00,5.37916675393103
1631,2025-03-09 22:00,4.77667903177833
1632,2025-03-09 23:00,4.90257518357047
1633,2025-03-10 00:00,5.90228044756211
1634,2025-03-10 01:00,5.63028777752834
1635,2025-03-10 02:00,5.0909431331893
1636,2025-03-10 03:00,5.04870921274527
1637,2025-03-10 04:00,4.90501981781825
1638,2025-03-10 05:00,4.89837582779316
1639,2025-03-10 06:00,5.54358871357235
1640,2025-03-10 07:00,5.98871471767068
1641,2025-03-10 08:00,6.13512001907154
1642,2025-03-10 09:00,6.54129780470973
1643,2025-03-10 10:00,5.39097992121688
1644,2025-03-10 11:00,4.71870196929183
1645,2025-03-10 12:00,4.79191121284742
1646,2025-03-10 13:00,4.82211727429986
1647,2025-03-10 14:00,4.86780600849612
1648,2025-03-10 15:00,4.656940790639
1649,2025-03-10 16:00,4.36867390971798
1650,2025-03-10 17:00,4.87243745256161
1651,2025-03-10 18:00,5.76060957070945
1652,2025-03-10 19:00,6.09503842439006
1653,2025-03-10 20:00,5.75302487778694
1654,2025-03-10 21:00,5.67204706843119
1655,2025-03-10 22:00,4.99388225982144
1656,2025-03-10 23:00,5.13296678005303
1657,2025-03-11 00:00,5.48854049784872
1658,2025-03-11 01:00,5.19462900086697
1659,2025-03-11 02:00,5.18810074200786
1660,2025-03-11 03:00,5.01174129935508
1661,2025-03-11 04:00,4.79239779937325
1662,2025-03-11 05:00,5.08345054026337
1663,2025-03-11 06:00,5.77426823106799
1664,2025-03-11 07:00,6.23942295200276
1665,2025-03-11 08:00,6.13840073310045
1666,2025-03-11 09:00,6.24475079435698
1667,2025-03-11 10:00,5.39643542494861
1668,2025-03-11 11:00,4.80222611876536
1669,2025-03-11 12:00,4.69157723758084
1670,2025-03-11 13:00,4.7162835052475
1671,2025-03-11 14:00,4.72707874400266
1672,2025-03-11 15:00,4.66623662175596
1673,2025-03-11 16:00,4.57778166826765
1674,2025-03-11 17:00,4.96518360534458
1675,2025-03-11 18:00,5.55431456439054
1676,2025-03-11 19:00,6.05676023419454
1677,2025-03-11 20:00,6.12752836683756
1678,2025-03-11 21:00,5.7464429223297
1679,2025-03-11 22:00,5.25291243102606
1680,2025-03-11 23:00,5.54914553427716
1681,2025-03-12 00:00,5.6741314578481
1682,2025-03-12 01:00,5.32936740293641
1683,2025-03-12 02:00,5.00259968242253
1684,2025-03-12 03:00,4.98365552044025
1685,2025-03-12 04:00,4.79220746165658
1686,2025-03-12 05:00,4.89450290136578
1687,2025-03-12 06:00,5.62740222860472
1688,2025-03-12 07:00,5.91705159338323
1689,2025-03-12 08:00,6.37282399405281
1690,2025-03-12 09:00,6.34485140581233
1691,2025-03-12 10:00,5.03372319897455
1692,2025-03-12 11:00,4.55650885910429
1693,2025-03-12 12:00,4.7411709090138
1694,2025-03-12 13:00,4.71119576604828
1695,2025-03-12 14:00,4.80503686481762
1696,2025-03-12 15:00,4.7836700770723
1697,2025-03-12 16:00,4.53997640641199
1698,2025-03-12 17:00,5.01582187788211
1699,2025-03-12 18:00,5.49622043585146
1700,2025-03-12 19:00,5.84712434399577
1701,2025-03-12 20:00,5.70120734897624
1702,2025-03-12 21:00,5.69910995921244
1703,2025-03-12 22:00,5.21206747394956
1704,2025-03-12 23:00,5.23521270726561
1705,2025-03-13 00:00,5.99663299824233
1706,2025-03-13 01:00,5.74978359547923
1707,2025-03-13 02:00,5.19752508414201
1708,2025-03-13 03:00,5.17282552356194
1709,2025-03-13 04:00,5.15946958533284
1710,2025-03-13 05:00,5.2169807145234
1711,2025-03-13 06:00,6.31036925787793
1712,2025-03-13 07:00,6.50545820965982
1713,2025-03-13 08:00,6.72610157086224
1714,2025-03-13 09:00,6.81577284056993
1715,2025-03-13 10:00,5.58352513437378
1716,2025-03-13 11:00,4.62943592584646
1717,2025-03-13 12:00,5.16239086982305
1718,2025-03-13 13:00,5.15699303043674
1719,2025-03-13 14:00,5.0478553753737
1720,2025-03-13 15:00,4.62746839516849
1721,2025-03-13 16:00,4.63012064189356
1722,2025-03-13 17:00,5.01234025677109
1723,2025-03-13 18:00,5.94473754049216
1724,2025-03-13 19:00,6.47238979345561
1725,2025-03-13 20:00,6.1949982867275
1726,2025-03-13 21:00,6.15802394665807
1727,2025-03-13 22:00,5.46475962140942
1728,2025-03-13 23:00,5.7638830509178
1729,2025-03-14 00:00,6.45613389303512
1730,2025-03-14 01:00,5.95780157238754
1731,2025-03-14 02:00,5.71430120770359
1732,2025-03-14 03:00,5.26873170357908
1733,2025-03-14 04:00,5.07841011595442
1734,2025-03-14 05:00,5.3413879038048
1735,2025-03-14 06:00,5.37022804071553
1736,2025-03-14 07:00,5.67670476494707
1737,2025-03-14 08:00,5.86009545282344
1738,2025-03-14 09:00,6.18292029657037
1739,2025-03-14 10:00,4.98416826218866
1740,2025-03-14 11:00,4.38049794818459
1741,2025-03-14 12:00,4.59229490450288
1742,2025-03-14 13:00,4.72578068116798
1743,2025-03-14 14:00,5.12000394402068
1744,2025-03-14 15:00,4.86982892704133
1745,2025-03-14 16:00,4.61643549477206
1746,2025-03-14 17:00,4.9784628927367
1747,2025-03-14 18:00,5.90761526152567
1748,2025-03-14 19:00,6.58411196713589
1749,2025-03-14 20:00,6.61738031096599
1750,2025-03-14 21:00,6.37938645715968
1751,2025-03-14 22:00,5.73561133981315
1752,2025-03-14 23:00,5.95367328052155
1753,2025-03-15 00:00,6.2957275056367
1754,2025-03-15 01:00,6.02323484553224
1755,2025-03-15 02:00,5.66981904072032
1756,2025-03-15 03:00,5.2232789921496
1757,2025-03-15 04:00,5.11723341754052
1758,2025-03-15 05:00,5.17916438279036
1759,2025-03-15 06:00,5.90017149132105
1760,2025-03-15 07:00,6.23506475810924
1761,2025-03-15 08:00,6.69004820525299
1762,2025-03-15 09:00,6.37651216107861
1763,2025-03-15 10:00,5.42104398953689
1764,2025-03-15 11:00,4.85980232186609
1765,2025-03-15 12:00,5.10470926580996
1766,2025-03-15 13:00,5.31014139387459
1767,2025-03-15 14:00,5.25696175013393
1768,2025-03-15 15:00,4.93707349859246
1769,2025-03-15 16:00,4.78359731445929
1770,2025-03-15 17:00,4.8620508022281
1771,2025-03-15 18:00,5.70768113917364
1772,2025-03-15 19:00,6.36053041234406
1773,2025-03-15 20:00,6.70443730274178
1774,2025-03-15 21:00,6.443206787561
1775,2025-03-15 22:00,5.98512219316045
1776,2025-03-15 23:00,6.07362461958714
1777,2025-03-16 00:00,5.85870654934421
1778,2025-03-16 01:00,5.29280723513347
1779,2025-03-16 02:00,5.25387442641606
1780,2025-03-16 03:00,4.97738391232536
1781,2025-03-16 04:00,4.62247328803776
1782,2025-03-16 05:00,4.70911223970834
1783,2025-03-16 06:00,5.33038020068554
1784,2025-03-16 07:00,5.84438351234968
1785,2025-03-16 08:00,5.99673124722597
1786,2025-03-16 09:00,6.00938924210399
1787,2025-03-16 10:00,5.24352913760048
1788,2025-03-16 11:00,4.51972435519376
1789,2025-03-16 12:00,4.67646795081883
1790,2025-03-16 13:00,4.61685015521314
1791,2025-03-16 14:00,4.69582564992209
1792,2025-03-16 15:00,4.7816799996095
1793,2025-03-16 16:00,4.52980291754417
1794,2025-03-16 17:00,4.89099515150539
1795,2025-03-16 18:00,5.37168538060961
1796,2025-03-16 19:00,6.0589164673072
1797,2025-03-16 20:00,6.07816791921305
1798,2025-03-16 21:00,5.9313419476374
1799,2025-03-16 22:00,4.9761541745424
1800,2025-03-16 23:00,5.3837668227565
1801,2025-03-17 00:00,6.19886095942005
1802,2025-03-17 01:00,5.65683107863303
1803,2025-03-17 02:00,5.51117641238396
1804,2025-03-17 03:00,5.16490146062513
1805,2025-03-17 04:00,5.11533395708651
1806,2025-03-17 05:00,5.06905601186096
1807,2025-03-17 06:00,5.79187542683853
1808,2025-03-17 07:00,6.18221671305851
1809,2025-03-17 08:00,6.23004582758242
1810,2025-03-17 09:00,6.33059520634118
1811,2025-03-17 10:00,5.10167415901268
1812,2025-03-17 11:00,4.70636955352835
1813,2025-03-17 12:00,4.83960317398084
1814,2025-03-17 13:00,5.0290205170495
1815,2025-03-17 14:00,5.0150723676891
1816,2025-03-17 15:00,4.7402108318448
1817,2025-03-17 16:00,4.77364695928731
1818,2025-03-17 17:00,4.94513361191688
1819,2025-03-17 18:00,6.00313302055984
1820,2025-03-17 19:00,6.6429712042398
1821,2025-03-17 20:00,6.53178846235645
1822,2025-03-17 21:00,6.21961281140183
1823,2025-03-17 22:00,6.06015875293591
1824,2025-03-17 23:00,5.84861073996152
1825,2025-03-18 00:00,5.62685824196711
1826,2025-03-18 01:00,5.1616459644055
1827,2025-03-18 02:00,5.06848993885767
1828,2025-03-18 03:00,4.7455164854341
1829,2025-03-18 04:00,4.66274506838124
1830,2025-03-18 05:00,5.0323718279527
1831,2025-03-18 06:00,5.76041039957849
1832,2025-03-18 07:00,6.03974123348058
1833,2025-03-18 08:00,6.01170085954593
1834,2025-03-18 09:00,6.21327996225451
1835,2025-03-18 10:00,5.18138144262165
1836,2025-03-18 11:00,4.49228081955281
1837,2025-03-18 12:00,4.56608517391015
1838,2025-03-18 13:00,4.79205179876492
1839,2025-03-18 14:00,4.91821088037154
1840,2025-03-18 15:00,4.72770594786253
1841,2025-03-18 16:00,4.81009100695641
1842,2025-03-18 17:00,4.94082225857282
1843,2025-03-18 18:00,5.62191238794782
1844,2025-03-18 19:00,6.00183488577549
1845,2025-03-18 20:00,5.82702451438304
1846,2025-03-18 21:00,5.63247565596891
1847,2025-03-18 22:00,5.32360446270651
1848,2025-03-18 23:00,5.46759679901698
1849,2025-03-19 00:00,6.68519902124353
1850,2025-03-19 01:00,6.19764238420771
1851,2025-03-19 02:00,5.94653653107635
1852,2025-03-19 03:00,5.73846785625983
1853,2025-03-19 04:00,5.53385296318468
1854,2025-03-19 05:00,5.68901995066073
1855,2025-03-19 06:00,6.21296709583704
1856,2025-03-19 07:00,6.65120817787357
1857,2025-03-19 08:00,6.73011004722951
1858,2025-03-19 09:00,6.81228195935486
1859,2025-03-19 10:00,5.72401311019992
1860,2025-03-19 11:00,5.266992422548
1861,2025-03-19 12:00,5.60580605329822
1862,2025-03-19 13:00,5.69790870967218
1863,2025-03-19 14:00,5.85651617087648
1864,2025-03-19 15:00,5.48484316950175
1865,2025-03-19 16:00,5.31955844770912
1866,2025-03-19 17:00,5.24052103770307
1867,2025-03-19 18:00,6.11414911801412
1868,2025-03-19 19:00,6.65632685828569
1869,2025-03-19 20:00,6.31338170453964
1870,2025-03-19 21:00,6.14617359405955
1871,2025-03-19 22:00,5.76199749230064
1872,2025-03-19 23:00,6.21413949825175
1873,2025-03-20 00:00,6.21601976315958
1874,2025-03-20 01:00,5.84253185922544
1875,2025-03-20 02:00,5.44579977388575
1876,2025-03-20 03:00,5.3499628911386
1877,2025-03-20 04:00,5.08991515524962
1878,2025-03-20 05:00,5.10593001782998
1879,2025-03-20 06:00,5.87279814412128
1880,2025-03-20 07:00,5.96891718046441
1881,2025-03-20 08:00,6.24477279244591
1882,2025-03-20 09:00,6.14359084709924
1883,2025-03-20 10:00,5.18790975913458
1884,2025-03-20 11:00,4.79595247594732
1885,2025-03-20 12:00,5.20421688743503
1886,2025-03-20 13:00,5.34631496852423
1887,2025-03-20 14:00,5.35562841946011
1888,2025-03-20 15:00,5.08526637931338
1889,2025-03-20 16:00,5.07752749753379
1890,2025-03-20 17:00,5.21429286125232
1891,2025-03-20 18:00,5.87287903839264
1892,2025-03-20 19:00,6.49002169654996
1893,2025-03-20 20:00,6.29203562195231
1894,2025-03-20 21:00,6.0445459772962
1895,2025-03-20 22:00,5.72023195408994
1896,2025-03-20 23:00,5.9385213426342
1897,2025-03-21 00:00,5.99655619451982
1898,2025-03-21 01:00,5.66591876181695
1899,2025-03-21 02:00,5.56445905608383
1900,2025-03-21 03:00,5.04686023641266
1901,2025-03-21 04:00,4.86660024377871
1902,2025-03-21 05:00,4.97947509406444
1903,2025-03-21 06:00,5.07523541736523
1904,2025-03-21 07:00,5.41279790984987
1905,2025-03-21 08:00,5.84639786352242
1906,2025-03-21 09:00,5.95168905957525
1907,2025-03-21 10:00,4.94396410730755
1908,2025-03-21 11:00,4.37182519139817
1909,2025-03-21 12:00,4.66247619025268
1910,2025-03-21 13:00,4.97499470854284
1911,2025-03-21 14:00,5.6174899807096
1912,2025-03-21 15:00,4.99962899458739
1913,2025-03-21 16:00,4.73727461329122
1914,2025-03-21 17:00,4.98952313145715
1915,2025-03-21 18:00,5.93868106543946
1916,2025-03-21 19:00,6.47804066078189
1917,2025-03-21 20:00,6.2176218068402
1918,2025-03-21 21:00,5.98390236669822
1919,2025-03-21 22:00,5.57912961983325
1920,2025-03-21 23:00,5.57614464179832
1921,2025-03-22 00:00,5.39887735558518
1922,2025-03-22 01:00,5.13238565634352
1923,2025-03-22 02:00,5.10484879023591
1924,2025-03-22 03:00,4.76287489442119
1925,2025-03-22 04:00,4.52238770436442
1926,2025-03-22 05:00,4.61930127834899
1927,2025-03-22 06:00,5.45870889107427
1928,2025-03-22 07:00,5.91317989927541
1929,2025-03-22 08:00,6.15601750696667
1930,2025-03-22 09:00,6.02881275490638
1931,2025-03-22 10:00,5.02243425684134
1932,2025-03-22 11:00,4.31976519027434
1933,2025-03-22 12:00,4.55334840479953
1934,2025-03-22 13:00,4.73526747591087
1935,2025-03-22 14:00,4.73108467658853
1936,2025-03-22 15:00,4.58575706449984
1937,2025-03-22 16:00,4.53416345646502
1938,2025-03-22 17:00,4.62126012967558
1939,2025-03-22 18:00,5.5798810932629
1940,2025-03-22 19:00,5.67211193404495
1941,2025-03-22 20:00,5.75008196146988
1942,2025-03-22 21:00,5.3224860777806
1943,2025-03-22 22:00,4.73222512807616
1944,2025-03-22 23:00,5.01091189162485
1945,2025-03-23 00:00,5.49861254359569
1946,2025-03-23 01:00,5.26254187579294
1947,2025-03-23 02:00,5.09308485550219
1948,2025-03-23 03:00,4.65631571097101
1949,2025-03-23 04:00,4.42598217519165
1950,2025-03-23 05:00,4.6807498115753
1951,2025-03-23 06:00,5.32369686384089
1952,2025-03-23 07:00,5.93122285149938
1953,2025-03-23 08:00,6.15117198346104
1954,2025-03-23 09:00,6.37306495509449
1955,2025-03-23 10:00,5.32906043159936
1956,2025-03-23 11:00,4.68565664910795
1957,2025-03-23 12:00,4.84247170734796
1958,2025-03-23 13:00,4.8140061930885
1959,2025-03-23 14:00,4.71140638017091
1960,2025-03-23 15:00,4.66608070660529
1961,2025-03-23 16:00,4.53897310319163
1962,2025-03-23 17:00,4.93959531552707
1963,2025-03-23 18:00,5.76869177928414
1964,2025-03-23 19:00,6.29115310072622
1965,2025-03-23 20:00,6.38103219323024
1966,2025-03-23 21:00,5.93395513376887
1967,2025-03-23 22:00,5.23657605528252
1968,2025-03-23 23:00,5.40631674419514
1969,2025-03-24 00:00,5.68320354253775
1970,2025-03-24 01:00,5.37222095733686
1971,2025-03-24 02:00,5.18943040800222
1972,2025-03-24 03:00,5.05057307773772
1973,2025-03-24 04:00,4.79079565059566
1974,2025-03-24 05:00,4.80937998146742
1975,2025-03-24 06:00,5.42857964477914
1976,2025-03-24 07:00,5.78889084138753
1977,2025-03-24 08:00,6.259768707403
1978,2025-03-24 09:00,6.16339896397052
1979,2025-03-24 10:00,4.99361471001559
1980,2025-03-24 11:00,4.34491087123741
1981,2025-03-24 12:00,4.63205286183249
1982,2025-03-24 13:00,4.7636337950676
1983,2025-03-24 14:00,4.72159954164376
1984,2025-03-24 15:00,4.34802431734075
1985,2025-03-24 16:00,4.3215420852297
1986,2025-03-24 17:00,4.67645953676492
1987,2025-03-24 18:00,5.56110953203482
1988,2025-03-24 19:00,6.01839788459553
1989,2025-03-24 20:00,5.87061874234778
1990,2025-03-24 21:00,5.50590857100792
1991,2025-03-24 22:00,5.28433414108818
1992,2025-03-24 23:00,5.40824275120791
1993,2025-03-25 00:00,6.1381435969317
1994,2025-03-25 01:00,5.44046933618414
1995,2025-03-25 02:00,5.2710903736324
1996,2025-03-25 03:00,4.76611732331015
1997,2025-03-25 04:00,4.77976810182988
1998,2025-03-25 05:00,5.08206889263743
1999,2025-03-25 06:00,5.74677499327421
2000,2025-03-25 07:00,6.04130445469523
2001,2025-03-25 08:00,5.93533443583821
2002,2025-03-25 09:00,6.18231548452763
2003,2025-03-25 10:00,5.10888740997016
2004,2025-03-25 11:00,4.54629507850674
2005,2025-03-25 12:00,4.87962655217956
2006,2025-03-25 13:00,5.00408265929535
2007,2025-03-25 14:00,4.98556218779494
2008,2025-03-25 15:00,5.01965648867476
2009,2025-03-25 16:00,4.73669272217195
2010,2025-03-25 17:00,5.22332769451099
2011,2025-03-25 18:00,5.87632317613395
2012,2025-03-25 19:00,6.47985351628632
2013,2025-03-25 20:00,6.48385779845243
2014,2025-03-25 21:00,6.27477003528157
2015,2025-03-25 22:00,5.73083240186778
2016,2025-03-25 23:00,5.7158057202336
2017,2025-03-26 00:00,6.27358335929012
2018,2025-03-26 01:00,5.81627758764752
2019,2025-03-26 02:00,5.41317077027126
2020,2025-03-26 03:00,5.15478178897937
2021,2025-03-26 04:00,5.04681507718521
2022,2025-03-26 05:00,5.03184703633889
2023,2025-03-26 06:00,5.78238253447627
2024,2025-03-26 07:00,6.22634571064144
2025,2025-03-26 08:00,6.53211891511316
2026,2025-03-26 09:00,6.84659250758653
2027,2025-03-26 10:00,5.57434323410028
2028,2025-03-26 11:00,4.88044554236356
2029,2025-03-26 12:00,4.96157612660312
2030,2025-03-26 13:00,5.03677410821212
2031,2025-03-26 14:00,4.92196523193138
2032,2025-03-26 15:00,4.73428318484899
2033,2025-03-26 16:00,4.64696477715518
2034,2025-03-26 17:00,5.24844227286407
2035,2025-03-26 18:00,6.01149160368588
2036,2025-03-26 19:00,6.38650101651144
2037,2025-03-26 20:00,6.3912582960253
2038,2025-03-26 21:00,5.71326892801664
2039,2025-03-26 22:00,5.40408566460018
2040,2025-03-26 23:00,5.71213907349098
2041,2025-03-27 00:00,6.35655655445769
2042,2025-03-27 01:00,5.91902110336959
2043,2025-03-27 02:00,5.92799696551374
2044,2025-03-27 03:00,5.75025122395072
2045,2025-03-27 04:00,5.48628952354043
2046,2025-03-27 05:00,5.55836096435509
2047,2025-03-27 06:00,6.2722720552287
2048,2025-03-27 07:00,6.44838803506245
2049,2025-03-27 08:00,6.66070540904149
2050,2025-03-27 09:00,6.44613844172217
2051,2025-03-27 10:00,5.48599836643206
2052,2025-03-27 11:00,5.06747718631366
2053,2025-03-27 12:00,5.23501727195699
2054,2025-03-27 13:00,5.58531583779942
2055,2025-03-27 14:00,5.70894831361365
2056,2025-03-27 15:00,5.42171709524442
2057,2025-03-27 16:00,5.20539445024434
2058,2025-03-27 17:00,5.46523245093789
2059,2025-03-27 18:00,6.01691004667154
2060,2025-03-27 19:00,6.70053902601382
2061,2025-03-27 20:00,6.58264010761715
2062,2025-03-27 21:00,6.5293127632175
2063,2025-03-27 22:00,5.90739405880476
2064,2025-03-27 23:00,6.10364836255771
2065,2025-03-28 00:00,6.6982041878576
2066,2025-03-28 01:00,5.83510938875026
2067,2025-03-28 02:00,5.53568124722164
2068,2025-03-28 03:00,5.44237504371739
2069,2025-03-28 04:00,5.20527359445971
2070,2025-03-28 05:00,5.43212064951105
2071,2025-03-28 06:00,5.49621650777716
2072,2025-03-28 07:00,5.75797875645976
2073,2025-03-28 08:00,5.8310323080084
2074,2025-03-28 09:00,5.81020808917078
2075,2025-03-28 10:00,5.00739870050972
2076,2025-03-28 11:00,4.51539716947656
2077,2025-03-28 12:00,4.71711115069788
2078,2025-03-28 13:00,4.81242681820722
2079,2025-03-28 14:00,5.50051900614126
2080,2025-03-28 15:00,5.46216865109716
2081,2025-03-28 16:00,5.38126461013973
2082,2025-03-28 17:00,5.4397060269283
2083,2025-03-28 18:00,6.42886336057087
2084,2025-03-28 19:00,6.98480392648259
2085,2025-03-28 20:00,6.90377331723227
2086,2025-03-28 21:00,6.80298921689322
2087,2025-03-28 22:00,5.89250050113993
2088,2025-03-28 23:00,5.80659326535008
2089,2025-03-29 00:00,5.76403409575583
2090,2025-03-29 01:00,5.52993941526796
2091,2025-03-29 02:00,5.32627494036399
2092,2025-03-29 03:00,4.95290559993609
2093,2025-03-29 04:00,4.88315279343371
2094,2025-03-29 05:00,4.94061290008536
2095,2025-03-29 06:00,5.58490432275536
2096,2025-03-29 07:00,5.97757564004617
2097,2025-03-29 08:00,6.38702684665609
2098,2025-03-29 09:00,6.01161539860211
2099,2025-03-29 10:00,5.05502704983548
2100,2025-03-29 11:00,4.65939322404222
2101,2025-03-29 12:00,4.97741231025436
2102,2025-03-29 13:00,5.09875183194153
2103,2025-03-29 14:00,4.88905136217384
2104,2025-03-29 15:00,4.60600005110989
2105,2025-03-29 16:00,4.44688890569887
2106,2025-03-29 17:00,4.75687817541437
2107,2025-03-29 18:00,5.42809081392266
2108,2025-03-29 19:00,5.80318667903108
2109,2025-03-29 20:00,6.17363150173521
2110,2025-03-29 21:00,6.11086822367142
2111,2025-03-29 22:00,5.6961842625115
2112,2025-03-29 23:00,5.6845156120769
2113,2025-03-30 00:00,6.78375980591308
2114,2025-03-30 01:00,6.45735956408833
2115,2025-03-30 02:00,6.06421871981008
2116,2025-03-30 03:00,5.74146107278603
2117,2025-03-30 04:00,5.67064406286482
2118,2025-03-30 05:00,5.84345325349971
2119,2025-03-30 06:00,6.58597354274307
2120,2025-03-30 07:00,7.09731783961067
2121,2025-03-30 08:00,7.36915482644612
2122,2025-03-30 09:00,7.31787143751321
2123,2025-03-30 10:00,5.86418061172624
2124,2025-03-30 11:00,5.35044796065655
2125,2025-03-30 12:00,5.43672936830616
2126,2025-03-30 13:00,5.5472802784112
2127,2025-03-30 14:00,5.58982523101972
2128,2025-03-30 15:00,5.22618107933982
2129,2025-03-30 16:00,5.07728833980416
2130,2025-03-30 17:00,5.14364171487759
2131,2025-03-30 18:00,6.22444838741657
2132,2025-03-30 19:00,7.05100107320988
2133,2025-03-30 20:00,6.97573506337746
2134,2025-03-30 21:00,6.59161340976769
2135,2025-03-30 22:00,6.10697798238206
2136,2025-03-30 23:00,6.23969934814618
2137,2025-03-31 00:00,6.70699915109105
2138,2025-03-31 01:00,6.34509195129249
2139,2025-03-31 02:00,5.8568336620757
2140,2025-03-31 03:00,5.43742747249723
2141,2025-03-31 04:00,5.28132955108877
2142,2025-03-31 05:00,5.40286777096834
2143,2025-03-31 06:00,6.00578019334733
2144,2025-03-31 07:00,6.43500000756472
2145,2025-03-31 08:00,6.87342403723942
2146,2025-03-31 09:00,7.13116940988907
2147,2025-03-31 10:00,5.9161966230841
2148,2025-03-31 11:00,5.45180601703732
2149,2025-03-31 12:00,5.56806962377425
2150,2025-03-31 13:00,5.67882390369939
2151,2025-03-31 14:00,5.57753716645762
2152,2025-03-31 15:00,5.40982203408446
2153,2025-03-31 16:00,5.32152631326449
2154,2025-03-31 17:00,5.42763692769626
2155,2025-03-31 18:00,6.37180210908976
2156,2025-03-31 19:00,6.76536205008573
2157,2025-03-31 20:00,7.05690392263251
2158,2025-03-31 21:00,6.78429954244107
2159,2025-03-31 22:00,6.32316079856144
2160,2025-03-31 23:00,6.44511972979355
2161,2025-04-01 00:00,6.1311294416968
2162,2025-04-01 01:00,5.46370639673493
2163,2025-04-01 02:00,5.29072048253481
2164,2025-04-01 03:00,4.99781925396701
2165,2025-04-01 04:00,4.88695071406019
2166,2025-04-01 05:00,5.0809734045876
2167,2025-04-01 06:00,5.86482855672584
2168,2025-04-01 07:00,6.23481045321284
2169,2025-04-01 08:00,6.39191942103684
2170,2025-04-01 09:00,6.17494556129732
2171,2025-04-01 10:00,5.56680757464197
2172,2025-04-01 11:00,5.14830877642842
2173,2025-04-01 12:00,5.38145841216281
2174,2025-04-01 13:00,5.36202071223819
2175,2025-04-01 14:00,5.21442057656353
2176,2025-04-01 15:00,5.15386903833431
2177,2025-04-01 16:00,4.91572097974567
2178,2025-04-01 17:00,5.24791681354104
2179,2025-04-01 18:00,6.03164057713873
2180,2025-04-01 19:00,6.29194714012718
2181,2025-04-01 20:00,6.30800215303426
2182,2025-04-01 21:00,6.41190370422426
2183,2025-04-01 22:00,5.82848501475813
2184,2025-04-01 23:00,5.94840195587698
2185,2025-04-02 00:00,5.97469281944602
2186,2025-04-02 01:00,5.44005567184635
2187,2025-04-02 02:00,5.29291133182724
2188,2025-04-02 03:00,5.01267554410163
2189,2025-04-02 04:00,4.66916736492852
2190,2025-04-02 05:00,4.86804405760458
2191,2025-04-02 06:00,5.56339571307136
2192,2025-04-02 07:00,6.30825391649404
2193,2025-04-02 08:00,6.38801557170812
2194,2025-04-02 09:00,6.74087920981321
2195,2025-04-02 10:00,6.06033795488903
2196,2025-04-02 11:00,5.53134536292618
2197,2025-04-02 12:00,5.8163459162332
2198,2025-04-02 13:00,5.72715805535623
2199,2025-04-02 14:00,5.93549233141443
2200,2025-04-02 15:00,5.46347428370345
2201,2025-04-02 16:00,5.28948826531688
2202,2025-04-02 17:00,5.42639547376384
2203,2025-04-02 18:00,6.15637578130758
2204,2025-04-02 19:00,6.8103978400364
2205,2025-04-02 20:00,6.92238187291778
2206,2025-04-02 21:00,6.53600928615553
2207,2025-04-02 22:00,6.32960639966607
2208,2025-04-02 23:00,6.19806765519502
2209,2025-04-03 00:00,6.3261206050158
2210,2025-04-03 01:00,5.86105130820622
2211,2025-04-03 02:00,5.67849152616047
2212,2025-04-03 03:00,5.47400352758299
2213,2025-04-03 04:00,5.07026458667585
2214,2025-04-03 05:00,4.97610634037602
2215,2025-04-03 06:00,5.85732846366146
2216,2025-04-03 07:00,6.38919694438694
2217,2025-04-03 08:00,6.39561635580688
2218,2025-04-03 09:00,6.41515780509531
2219,2025-04-03 10:00,5.74164845461395
2220,2025-04-03 11:00,5.36380601424285
2221,2025-04-03 12:00,5.52444802088711
2222,2025-04-03 13:00,5.61203024677581
2223,2025-04-03 14:00,5.47575297507403
2224,2025-04-03 15:00,5.19688704347307
2225,2025-04-03 16:00,5.07905771150533
2226,2025-04-03 17:00,5.32316431578458
2227,2025-04-03 18:00,6.10322476359525
2228,2025-04-03 19:00,6.79345429526279
2229,2025-04-03 20:00,6.98305086817542
2230,2025-04-03 21:00,6.57088611164552
2231,2025-04-03 22:00,6.305173659191
2232,2025-04-03 23:00,6.09639372506386
2233,2025-04-04 00:00,6.56306173331114
2234,2025-04-04 01:00,5.83304627172685
2235,2025-04-04 02:00,5.60779421628737
2236,2025-04-04 03:00,5.37704217494706
2237,2025-04-04 04:00,5.05969684820856
2238,2025-04-04 05:00,4.93027732111318
2239,2025-04-04 06:00,5.21783861201152
2240,2025-04-04 07:00,5.75644809125486
2241,2025-04-04 08:00,5.75830030658355
2242,2025-04-04 09:00,5.92496800602889
2243,2025-04-04 10:00,5.12573431557957
2244,2025-04-04 11:00,4.969044079292
2245,2025-04-04 12:00,5.04454326559626
2246,2025-04-04 13:00,5.25655518510145
2247,2025-04-04 14:00,5.9323371083357
2248,2025-04-04 15:00,5.5878270257769
2249,2025-04-04 16:00,5.1643637701286
2250,2025-04-04 17:00,5.15128644132927
2251,2025-04-04 18:00,6.2098077831593
2252,2025-04-04 19:00,6.83362223825537
2253,2025-04-04 20:00,7.18202618935561
2254,2025-04-04 21:00,6.83025860921382
2255,2025-04-04 22:00,6.47053124712363
2256,2025-04-04 23:00,6.0714451431902
2257,2025-04-05 00:00,5.89118472973044
2258,2025-04-05 01:00,5.32932552062979
2259,2025-04-05 02:00,5.20834421690593
2260,2025-04-05 03:00,5.12288446413921
2261,2025-04-05 04:00,4.94657445009158
2262,2025-04-05 05:00,5.11722833136842
2263,2025-04-05 06:00,5.91425361498728
2264,2025-04-05 07:00,6.02361241290066
2265,2025-04-05 08:00,6.31034921206268
2266,2025-04-05 09:00,6.50848741072185
2267,2025-04-05 10:00,5.69078443550851
2268,2025-04-05 11:00,5.5080663456511
2269,2025-04-05 12:00,5.63580190823284
2270,2025-04-05 13:00,5.84100606239424
2271,2025-04-05 14:00,5.90327060765031
2272,2025-04-05 15:00,5.57182382550071
2273,2025-04-05 16:00,5.62621517951795
2274,2025-04-05 17:00,5.41066762699752
2275,2025-04-05 18:00,6.20042410694552
2276,2025-04-05 19:00,6.91719449291663
2277,2025-04-05 20:00,7.0601929127718
2278,2025-04-05 21:00,6.73260276662006
2279,2025-04-05 22:00,6.3366572784513
2280,2025-04-05 23:00,6.0270792075471
2281,2025-04-06 00:00,5.80530232989445
2282,2025-04-06 01:00,5.62061748849724
2283,2025-04-06 02:00,5.29285811900842
2284,2025-04-06 03:00,5.01581025560961
2285,2025-04-06 04:00,4.77526615729579
2286,2025-04-06 05:00,4.70548543715749
2287,2025-04-06 06:00,5.56179386346542
2288,2025-04-06 07:00,6.31439568858951
2289,2025-04-06 08:00,6.5966005514677
2290,2025-04-06 09:00,6.3163434927307
2291,2025-04-06 10:00,5.74239967664359
2292,2025-04-06 11:00,5.49133434691976
2293,2025-04-06 12:00,5.7091840003019
2294,2025-04-06 13:00,5.70971432657824
2295,2025-04-06 14:00,5.6420190916574
2296,2025-04-06 15:00,5.21678136171711
2297,2025-04-06 16:00,4.85867106756493
2298,2025-04-06 17:00,4.84878400184293
2299,2025-04-06 18:00,5.63707480984945
2300,2025-04-06 19:00,6.30240888912376
2301,2025-04-06 20:00,6.4847253736175
2302,2025-04-06 21:00,6.37925612610588
2303,2025-04-06 22:00,5.90369469781726
2304,2025-04-06 23:00,6.30113681816452
2305,2025-04-07 00:00,6.32585012189512
2306,2025-04-07 01:00,5.88574952431729
2307,2025-04-07 02:00,5.66582804308552
2308,2025-04-07 03:00,5.31579234948418
2309,2025-04-07 04:00,5.17785000082812
2310,2025-04-07 05:00,4.93965268449586
2311,2025-04-07 06:00,5.61996619486134
2312,2025-04-07 07:00,5.86864841771954
2313,2025-04-07 08:00,5.97460067922263
2314,2025-04-07 09:00,5.90690797912128
2315,2025-04-07 10:00,5.35644330208574
2316,2025-04-07 11:00,5.21050194492674
2317,2025-04-07 12:00,5.45311366499583
2318,2025-04-07 13:00,5.2472645700458
2319,2025-04-07 14:00,5.50167892149137
2320,2025-04-07 15:00,5.34089555935202
2321,2025-04-07 16:00,5.11153778051261
2322,2025-04-07 17:00,5.30077009459024
2323,2025-04-07 18:00,5.9321823710362
2324,2025-04-07 19:00,6.36206197916932
2325,2025-04-07 20:00,6.63015311945856
2326,2025-04-07 21:00,6.32806291214084
2327,2025-04-07 22:00,6.03112965591991
2328,2025-04-07 23:00,5.98617206181719
2329,2025-04-08 00:00,5.61980711336923
2330,2025-04-08 01:00,4.985943471905
2331,2025-04-08 02:00,4.54285904637596
2332,2025-04-08 03:00,4.31374387266889
2333,2025-04-08 04:00,4.29934152456578
2334,2025-04-08 05:00,4.44910110373544
2335,2025-04-08 06:00,5.00801729555299
2336,2025-04-08 07:00,5.59424069367127
2337,2025-04-08 08:00,5.78820861517283
2338,2025-04-08 09:00,5.77599939237675
2339,2025-04-08 10:00,5.0235675732094
2340,2025-04-08 11:00,4.85864149113007
2341,2025-04-08 12:00,4.83596890352375
2342,2025-04-08 13:00,4.83009194371746
2343,2025-04-08 14:00,5.07141506405553
2344,2025-04-08 15:00,4.8094879569544
2345,2025-04-08 16:00,4.67279213738526
2346,2025-04-08 17:00,4.80593670732094
2347,2025-04-08 18:00,5.35490544148311
2348,2025-04-08 19:00,5.67335564712169
2349,2025-04-08 20:00,5.80358550749764
2350,2025-04-08 21:00,5.52954948844709
2351,2025-04-08 22:00,5.11049105852313
2352,2025-04-08 23:00,5.25358038154558
2353,2025-04-09 00:00,6.19836247018053
2354,2025-04-09 01:00,5.62864629741953
2355,2025-04-09 02:00,5.45166957601655
2356,2025-04-09 03:00,5.09590559128497
2357,2025-04-09 04:00,5.09888074897396
2358,2025-04-09 05:00,5.32968214027981
2359,2025-04-09 06:00,6.15775778423925
2360,2025-04-09 07:00,6.67477942768972
2361,2025-04-09 08:00,6.73467653012303
2362,2025-04-09 09:00,6.61129465598206
2363,2025-04-09 10:00,5.6621269354152
2364,2025-04-09 11:00,5.36659326219683
2365,2025-04-09 12:00,5.4623068869273
2366,2025-04-09 13:00,5.62310500562326
2367,2025-04-09 14:00,5.69884922686291
2368,2025-04-09 15:00,5.57233614406203
2369,2025-04-09 16:00,5.46245428120012
2370,2025-04-09 17:00,5.74289578013432
2371,2025-04-09 18:00,6.65323730763344
2372,2025-04-09 19:00,7.06174051655721
2373,2025-04-09 20:00,7.41968841574716
2374,2025-04-09 21:00,7.08685740955385
2375,2025-04-09 22:00,6.27889263926798
2376,2025-04-09 23:00,6.11337796352235
2377,2025-04-10 00:00,6.25461482322662
2378,2025-04-10 01:00,5.70507395052713
2379,2025-04-10 02:00,5.44179879002356
2380,2025-04-10 03:00,5.30608316524413
2381,2025-04-10 04:00,4.80708086747565
2382,2025-04-10 05:00,5.00367441795041
2383,2025-04-10 06:00,5.93367564556207
2384,2025-04-10 07:00,6.2788536655074
2385,2025-04-10 08:00,6.10542986576681
2386,2025-04-10 09:00,5.99261887013991
2387,2025-04-10 10:00,5.3380424823845
2388,2025-04-10 11:00,5.3653991918361
2389,2025-04-10 12:00,5.43697456578734
2390,2025-04-10 13:00,5.62867192872462
2391,2025-04-10 14:00,5.5044780283362
2392,2025-04-10 15:00,5.27128431120836
2393,2025-04-10 16:00,5.28423171428533
2394,2025-04-10 17:00,5.47433149344623
2395,2025-04-10 18:00,6.12528996033355
2396,2025-04-10 19:00,6.66862022296967
2397,2025-04-10 20:00,6.51082638694558
2398,2025-04-10 21:00,6.45521765470862
2399,2025-04-10 22:00,6.23322937265267
2400,2025-04-10 23:00,6.04133968126746
2401,2025-04-11 00:00,5.87577129239044
2402,2025-04-11 01:00,5.85477183077004
2403,2025-04-11 02:00,5.63406973816352
2404,2025-04-11 03:00,5.11854364588982
2405,2025-04-11 04:00,4.99774129715386
2406,2025-04-11 05:00,5.00421315398991
2407,2025-04-11 06:00,5.12701339684605
2408,2025-04-11 07:00,5.52726132234513
2409,2025-04-11 08:00,5.76870500465048
2410,2025-04-11 09:00,6.00556922738306
2411,2025-04-11 10:00,5.14036656819582
2412,2025-04-11 11:00,4.72930719928974
2413,2025-04-11 12:00,5.15812689771921
2414,2025-04-11 13:00,5.07012471380908
2415,2025-04-11 14:00,5.74288478366411
2416,2025-04-11 15:00,5.38905926270454
2417,2025-04-11 16:00,5.31183564705365
2418,2025-04-11 17:00,5.27455457304638
2419,2025-04-11 18:00,5.97821193002264
2420,2025-04-11 19:00,7.04577713697365
2421,2025-04-11 20:00,6.90453690123551
2422,2025-04-11 21:00,6.69282081787171
2423,2025-04-11 22:00,6.12127192620105
2424,2025-04-11 23:00,5.73818457758491
2425,2025-04-12 00:00,5.66722198383168
2426,2025-04-12 01:00,5.39510839127075
2427,2025-04-12 02:00,5.41702152012105
2428,2025-04-12 03:00,5.16455360745113
2429,2025-04-12 04:00,5.13780962827806
2430,2025-04-12 05:00,5.23706258862433
2431,2025-04-12 06:00,5.90953957693644
2432,2025-04-12 07:00,6.33784900090735
2433,2025-04-12 08:00,6.5255441518954
2434,2025-04-12 09:00,6.7282676187994
2435,2025-04-12 10:00,5.70303879516036
2436,2025-04-12 11:00,5.29759109229818
2437,2025-04-12 12:00,5.78656108927966
2438,2025-04-12 13:00,6.07228915848643
2439,2025-04-12 14:00,6.04971888991034
2440,2025-04-12 15:00,5.56622898116296
2441,2025-04-12 16:00,5.47284361594379
2442,2025-04-12 17:00,5.51424941236796
2443,2025-04-12 18:00,6.36047137523014
2444,2025-04-12 19:00,6.76683016888942
2445,2025-04-12 20:00,6.82567886372757
2446,2025-04-12 21:00,6.51921561649651
2447,2025-04-12 22:00,6.10686129109464
2448,2025-04-12 23:00,6.09141978966365
2449,2025-04-13 00:00,5.67326260549897
2450,2025-04-13 01:00,5.19843764164599
2451,2025-04-13 02:00,4.87497322873015
2452,2025-04-13 03:00,5.04162090594611
2453,2025-04-13 04:00,4.7993905995047
2454,2025-04-13 05:00,4.8567594402848
2455,2025-04-13 06:00,5.72691631448369
2456,2025-04-13 07:00,6.09918671810793
2457,2025-04-13 08:00,6.1257899757161
2458,2025-04-13 09:00,6.33708629047092
2459,2025-04-13 10:00,5.5302282605144
2460,2025-04-13 11:00,5.22955150823567
2461,2025-04-13 12:00,5.2307858325983
2462,2025-04-13 13:00,5.48554015064895
2463,2025-04-13 14:00,5.44505157350358
2464,2025-04-13 15:00,5.09505658065062
2465,2025-04-13 16:00,4.89514834245026
2466,2025-04-13 17:00,4.9226658351112
2467,2025-04-13 18:00,5.59993690213018
2468,2025-04-13 19:00,6.34113551503262
2469,2025-04-13 20:00,6.38690044735615
2470,2025-04-13 21:00,5.96004727292009
2471,2025-04-13 22:00,5.85592259046302
2472,2025-04-13 23:00,5.67178722055556
2473,2025-04-14 00:00,5.79584302743417
2474,2025-04-14 01:00,5.35561975063227
2475,2025-04-14 02:00,4.94344646073953
2476,2025-04-14 03:00,4.97584049550917
2477,2025-04-14 04:00,4.64894532424576
2478,2025-04-14 05:00,4.86441250743971
2479,2025-04-14 06:00,5.65320408967025
2480,2025-04-14 07:00,6.22356179143015
2481,2025-04-14 08:00,6.28303405263285
2482,2025-04-14 09:00,6.1870356233718
2483,2025-04-14 10:00,5.27092985483452
2484,2025-04-14 11:00,5.05559173242985
2485,2025-04-14 12:00,5.35552987427223
2486,2025-04-14 13:00,5.35631649363207
2487,2025-04-14 14:00,5.32346907232459
2488,2025-04-14 15:00,5.48350506835336
2489,2025-04-14 16:00,5.28354016286539
2490,2025-04-14 17:00,5.48202281112566
2491,2025-04-14 18:00,6.33002302049921
2492,2025-04-14 19:00,6.6476179595808
2493,2025-04-14 20:00,6.60053995454988
2494,2025-04-14 21:00,6.41416444422523
2495,2025-04-14 22:00,5.79606330921568
2496,2025-04-14 23:00,5.75165256077649
2497,2025-04-15 00:00,5.94033974643979
2498,2025-04-15 01:00,5.43730832037519
2499,2025-04-15 02:00,5.28992864564308
2500,2025-04-15 03:00,5.08727824175053
2501,2025-04-15 04:00,5.05001649724378
2502,2025-04-15 05:00,4.90399347733165
2503,2025-04-15 06:00,5.53443305091069
2504,2025-04-15 07:00,6.06064292345927
2505,2025-04-15 08:00,6.1498127437895
2506,2025-04-15 09:00,6.34525588376311
2507,2025-04-15 10:00,5.58419494061311
2508,2025-04-15 11:00,4.97559329160415
2509,2025-04-15 12:00,5.23358326298652
2510,2025-04-15 13:00,5.36754492574348
2511,2025-04-15 14:00,5.28185319096962
2512,2025-04-15 15:00,5.24593663137328
2513,2025-04-15 16:00,5.14078490543972
2514,2025-04-15 17:00,5.37045636305935
2515,2025-04-15 18:00,6.18560109837187
2516,2025-04-15 19:00,6.60875679345495
2517,2025-04-15 20:00,6.68718745878182
2518,2025-04-15 21:00,6.46097127156601
2519,2025-04-15 22:00,6.12705423491708
2520,2025-04-15 23:00,6.07543575136601
2521,2025-04-16 00:00,5.64715464186612
2522,2025-04-16 01:00,5.26851501886234
2523,2025-04-16 02:00,4.8787869602936
2524,2025-04-16 03:00,4.65466842097859
2525,2025-04-16 04:00,4.41802108094882
2526,2025-04-16 05:00,4.64207503670511
2527,2025-04-16 06:00,5.35743001789347
2528,2025-04-16 07:00,5.8119327750981
2529,2025-04-16 08:00,6.05126933303128
2530,2025-04-16 09:00,6.08206085996999
2531,2025-04-16 10:00,5.3656668700428
2532,2025-04-16 11:00,4.91960231995526
2533,2025-04-16 12:00,5.00541092239705
2534,2025-04-16 13:00,4.95295812522645
2535,2025-04-16 14:00,5.08332522638823
2536,2025-04-16 15:00,4.97509417643075
2537,2025-04-16 16:00,4.76377918587571
2538,2025-04-16 17:00,4.70583841004988
2539,2025-04-16 18:00,5.58888451743781
2540,2025-04-16 19:00,5.76112133131855
2541,2025-04-16 20:00,5.99675564380997
2542,2025-04-16 21:00,6.14453918894657
2543,2025-04-16 22:00,5.6301803744131
2544,2025-04-16 23:00,5.38190276776056
2545,2025-04-17 00:00,5.42516206438562
2546,2025-04-17 01:00,5.19461996423118
2547,2025-04-17 02:00,4.86978027122655
2548,2025-04-17 03:00,4.80137312721511
2549,2025-04-17 04:00,4.39271359545935
2550,2025-04-17 05:00,4.48846353265422
2551,2025-04-17 06:00,5.20591992171275
2552,2025-04-17 07:00,5.63431040320171
2553,2025-04-17 08:00,5.51723088474334
2554,2025-04-17 09:00,5.84284414282566
2555,2025-04-17 10:00,5.03549381902964
2556,2025-04-17 11:00,4.63290690412588
2557,2025-04-17 12:00,4.59241374138961
2558,2025-04-17 13:00,4.94495251931612
2559,2025-04-17 14:00,4.76177552201917
2560,2025-04-17 15:00,4.5169271632079
2561,2025-04-17 16:00,4.40331653892877
2562,2025-04-17 17:00,4.90097187546041
2563,2025-04-17 18:00,5.6720594848613
2564,2025-04-17 19:00,6.11292639452419
2565,2025-04-17 20:00,5.94584404831925
2566,2025-04-17 21:00,5.81359861730793
2567,2025-04-17 22:00,5.37931864546809
2568,2025-04-17 23:00,5.55670524509973
2569,2025-04-18 00:00,5.81195288831806
2570,2025-04-18 01:00,5.15881927747163
2571,2025-04-18 02:00,4.89357438161804
2572,2025-04-18 03:00,4.57502118238151
2573,2025-04-18 04:00,4.42309019544612
2574,2025-04-18 05:00,4.46613794053362
2575,2025-04-18 06:00,4.57771785395436
2576,2025-04-18 07:00,4.91035400778258
2577,2025-04-18 08:00,5.20768479196094
2578,2025-04-18 09:00,5.22941237403648
2579,2025-04-18 10:00,4.6234856273089
2580,2025-04-18 11:00,4.21708971737408
2581,2025-04-18 12:00,4.26092943087852
2582,2025-04-18 13:00,4.45168984343921
2583,2025-04-18 14:00,4.98765645018196
2584,2025-04-18 15:00,4.75687810324239
2585,2025-04-18 16:00,4.73612154741636
2586,2025-04-18 17:00,4.97939393283218
2587,2025-04-18 18:00,5.66338827277662
2588,2025-04-18 19:00,6.09822268506726
2589,2025-04-18 20:00,6.5466051602252
2590,2025-04-18 21:00,6.23571528162187
2591,2025-04-18 22:00,5.72021853441048
2592,2025-04-18 23:00,5.44077026242814
2593,2025-04-19 00:00,5.09763583509354
2594,2025-04-19 01:00,4.7530836827714
2595,2025-04-19 02:00,4.63188018008919
2596,2025-04-19 03:00,4.14210474869179
2597,2025-04-19 04:00,4.03116451247534
2598,2025-04-19 05:00,4.07792620792086
2599,2025-04-19 06:00,4.72794236299538
2600,2025-04-19 07:00,5.22235943865437
2601,2025-04-19 08:00,5.46346217261917
2602,2025-04-19 09:00,5.45369545596864
2603,2025-04-19 10:00,4.87079540055153
2604,2025-04-19 11:00,4.19398424793793
2605,2025-04-19 12:00,4.38127961368848
2606,2025-04-19 13:00,4.57259654845325
2607,2025-04-19 14:00,4.65306395635666
2608,2025-04-19 15:00,4.41648066403619
2609,2025-04-19 16:00,4.26819719876181
2610,2025-04-19 17:00,4.57283814711616
2611,2025-04-19 18:00,5.23323437875132
2612,2025-04-19 19:00,5.55262455964496
2613,2025-04-19 20:00,5.59416779265966
2614,2025-04-19 21:00,5.29627976116367
2615,2025-04-19 22:00,4.82520176799769
2616,2025-04-19 23:00,4.9485204726764
2617,2025-04-20 00:00,5.8950047231354
2618,2025-04-20 01:00,5.52971317583862
2619,2025-04-20 02:00,5.10974018007151
2620,2025-04-20 03:00,4.66422959827857
2621,2025-04-20 04:00,4.66901656417405
2622,2025-04-20 05:00,4.74566768111818
2623,2025-04-20 06:00,5.26762636087533
2624,2025-04-20 07:00,5.83571382963108
2625,2025-04-20 08:00,6.13009979784477
2626,2025-04-20 09:00,6.33432802000407
2627,2025-04-20 10:00,5.30425901741188
2628,2025-04-20 11:00,4.71547103324755
2629,2025-04-20 12:00,5.14675610472726
2630,2025-04-20 13:00,5.14338236291763
2631,2025-04-20 14:00,5.242177739875
2632,2025-04-20 15:00,5.10914018516626
2633,2025-04-20 16:00,5.00521249891967
2634,2025-04-20 17:00,5.22535489679618
2635,2025-04-20 18:00,5.95145749433598
2636,2025-04-20 19:00,6.4420802227357
2637,2025-04-20 20:00,6.53620559120941
2638,2025-04-20 21:00,6.06125566117048
2639,2025-04-20 22:00,5.43629211046798
2640,2025-04-20 23:00,5.61854802656585
2641,2025-04-21 00:00,5.93726410571784
2642,2025-04-21 01:00,5.51389577110063
2643,2025-04-21 02:00,5.21576447952637
2644,2025-04-21 03:00,5.03571906280905
2645,2025-04-21 04:00,4.81821978598651
2646,2025-04-21 05:00,4.84595715662101
2647,2025-04-21 06:00,5.35189880072452
2648,2025-04-21 07:00,5.88173314043261
2649,2025-04-21 08:00,5.9841915538808
2650,2025-04-21 09:00,6.10080536003898
2651,2025-04-21 10:00,5.40249105807099
2652,2025-04-21 11:00,4.94757065677199
2653,2025-04-21 12:00,5.28059277009846
2654,2025-04-21 13:00,5.16412735179639
2655,2025-04-21 14:00,5.22955915141161
2656,2025-04-21 15:00,5.20918082262332
2657,2025-04-21 16:00,4.85795072781133
2658,2025-04-21 17:00,4.90769775127724
2659,2025-04-21 18:00,5.7508287206447
2660,2025-04-21 19:00,5.97634535657391
2661,2025-04-21 20:00,6.18229208802675
2662,2025-04-21 21:00,6.28971415326731
2663,2025-04-21 22:00,5.70522229013005
2664,2025-04-21 23:00,5.49325521986166
2665,2025-04-22 00:00,5.62386390893835
2666,2025-04-22 01:00,5.37365820065557
2667,2025-04-22 02:00,4.61796968886406
2668,2025-04-22 03:00,4.67195069441085
2669,2025-04-22 04:00,4.45600485205829
2670,2025-04-22 05:00,4.6938295326026
2671,2025-04-22 06:00,5.20607365999437
2672,2025-04-22 07:00,5.51282211915691
2673,2025-04-22 08:00,5.9121612988474
2674,2025-04-22 09:00,6.25463050530783
2675,2025-04-22 10:00,5.28569980209896
2676,2025-04-22 11:00,4.8967746133549
2677,2025-04-22 12:00,5.0540179093229
2678,2025-04-22 13:00,5.00998498205247
2679,2025-04-22 14:00,4.94297007685744
2680,2025-04-22 15:00,4.80756504790588
2681,2025-04-22 16:00,4.80567276269371
2682,2025-04-22 17:00,5.13018372898283
2683,2025-04-22 18:00,5.98791756448167
2684,2025-04-22 19:00,6.2501671119412
2685,2025-04-22 20:00,6.44551321311875
2686,2025-04-22 21:00,6.40843401240514
2687,2025-04-22 22:00,5.9296869462528
2688,2025-04-22 23:00,5.88566982110552
2689,2025-04-23 00:00,6.3882746264888
2690,2025-04-23 01:00,5.85775885353817
2691,2025-04-23 02:00,5.355264653623
2692,2025-04-23 03:00,5.18725018791711
2693,2025-04-23 04:00,5.02408840882571
2694,2025-04-23 05:00,5.28180081144489
2695,2025-04-23 06:00,5.92807325924241
2696,2025-04-23 07:00,6.01377981296444
2697,2025-04-23 08:00,6.2232216484374
2698,2025-04-23 09:00,6.51778484762785
2699,2025-04-23 10:00,5.65415616500625
2700,2025-04-23 11:00,5.27363767573004
2701,2025-04-23 12:00,5.31282633716808
2702,2025-04-23 13:00,5.36697951258676
2703,2025-04-23 14:00,5.67440377513353
2704,2025-04-23 15:00,5.37815232085244
2705,2025-04-23 16:00,5.33632588025609
2706,2025-04-23 17:00,5.47038845495567
2707,2025-04-23 18:00,6.34816740024895
2708,2025-04-23 19:00,6.64825443233032
2709,2025-04-23 20:00,6.80298858609418
2710,2025-04-23 21:00,6.49536423270694
2711,2025-04-23 22:00,6.01781601988213
2712,2025-04-23 23:00,5.96603531260507
2713,2025-04-24 00:00,6.36871857491712
2714,2025-04-24 01:00,5.66005603369614
2715,2025-04-24 02:00,5.47943319748258
2716,2025-04-24 03:00,5.11162737694985
2717,2025-04-24 04:00,4.89655153158175
2718,2025-04-24 05:00,4.89941580096172
2719,2025-04-24 06:00,5.5715849867054
2720,2025-04-24 07:00,6.04989777607944
2721,2025-04-24 08:00,6.09851437160951
2722,2025-04-24 09:00,6.30778687521003
2723,2025-04-24 10:00,5.62803056326076
2724,2025-04-24 11:00,5.15881276129729
2725,2025-04-24 12:00,5.53965827454026
2726,2025-04-24 13:00,5.60670430326624
2727,2025-04-24 14:00,5.65077178684644
2728,2025-04-24 15:00,5.1960922065602
2729,2025-04-24 16:00,5.01859701551262
2730,2025-04-24 17:00,5.1227807024933
2731,2025-04-24 18:00,5.74374421265838
2732,2025-04-24 19:00,6.13236691038751
2733,2025-04-24 20:00,6.46457693407977
2734,2025-04-24 21:00,6.59487629796441
2735,2025-04-24 22:00,6.35825762755026
2736,2025-04-24 23:00,6.21645354745425
2737,2025-04-25 00:00,5.65425357161903
2738,2025-04-25 01:00,5.28843883909293
2739,2025-04-25 02:00,4.90487322854426
2740,2025-04-25 03:00,4.69505497587066
2741,2025-04-25 04:00,4.58049577838243
2742,2025-04-25 05:00,4.7243002972489
2743,2025-04-25 06:00,4.81262867450879
2744,2025-04-25 07:00,5.17171883947789
2745,2025-04-25 08:00,5.58549097906054
2746,2025-04-25 09:00,5.78558386673817
2747,2025-04-25 10:00,4.86310104189421
2748,2025-04-25 11:00,4.72530949951262
2749,2025-04-25 12:00,5.02508672402978
2750,2025-04-25 13:00,4.90001942249339
2751,2025-04-25 14:00,5.43449582192372
2752,2025-04-25 15:00,5.16180638674801
2753,2025-04-25 16:00,5.10754720271095
2754,2025-04-25 17:00,5.3592172093874
2755,2025-04-25 18:00,5.86345610252607
2756,2025-04-25 19:00,6.39954570827975
2757,2025-04-25 20:00,6.48936340194077
2758,2025-04-25 21:00,6.31130659984319
2759,2025-04-25 22:00,5.79152039705546
2760,2025-04-25 23:00,5.78823706449906
2761,2025-04-26 00:00,6.54610668743813
2762,2025-04-26 01:00,6.14231356382833
2763,2025-04-26 02:00,5.85598675597468
2764,2025-04-26 03:00,5.6127106723457
2765,2025-04-26 04:00,5.28554301421097
2766,2025-04-26 05:00,5.37162522782824
2767,2025-04-26 06:00,5.94208530538496
2768,2025-04-26 07:00,6.46584133566185
2769,2025-04-26 08:00,6.46559164837284
2770,2025-04-26 09:00,6.65949132990086
2771,2025-04-26 10:00,5.64891928465296
2772,2025-04-26 11:00,5.2086101357133
2773,2025-04-26 12:00,5.3211521862866
2774,2025-04-26 13:00,5.68664708989723
2775,2025-04-26 14:00,5.71468108882552
2776,2025-04-26 15:00,5.31623579365528
2777,2025-04-26 16:00,5.08509264009605
2778,2025-04-26 17:00,5.19466092293841
2779,2025-04-26 18:00,5.99914571513335
2780,2025-04-26 19:00,7.00602142805006
2781,2025-04-26 20:00,6.92247587835561
2782,2025-04-26 21:00,6.65002599614683
2783,2025-04-26 22:00,6.07778808396241
2784,2025-04-26 23:00,6.00652249980365
2785,2025-04-27 00:00,5.7301099904852
2786,2025-04-27 01:00,5.42431202080099
2787,2025-04-27 02:00,5.0853236450193
2788,2025-04-27 03:00,4.8047603755528
2789,2025-04-27 04:00,4.64746779108707
2790,2025-04-27 05:00,4.71655032959342
2791,2025-04-27 06:00,5.30673973053791
2792,2025-04-27 07:00,6.01864806644708
2793,2025-04-27 08:00,6.3126682283951
2794,2025-04-27 09:00,6.37894416875637
2795,2025-04-27 10:00,5.41637995739055
2796,2025-04-27 11:00,5.01935194474631
2797,2025-04-27 12:00,5.24565120483903
2798,2025-04-27 13:00,5.41441017588909
2799,2025-04-27 14:00,5.49021774284971
2800,2025-04-27 15:00,5.10137786388333
2801,2025-04-27 16:00,4.95782126462191
2802,2025-04-27 17:00,5.14278909075098
2803,2025-04-27 18:00,6.12574316048142
2804,2025-04-27 19:00,6.57905021634227
2805,2025-04-27 20:00,6.55356095786431
2806,2025-04-27 21:00,6.08110268433795
2807,2025-04-27 22:00,5.78046237463196
2808,2025-04-27 23:00,5.42857612588097
2809,2025-04-28 00:00,5.51111166729852
2810,2025-04-28 01:00,4.95240819682189
2811,2025-04-28 02:00,4.92815580740839
2812,2025-04-28 03:00,4.7488140281801
2813,2025-04-28 04:00,4.57445981439064
2814,2025-04-28 05:00,4.90135823676967
2815,2025-04-28 06:00,5.39576505091694
2816,2025-04-28 07:00,5.8461274796332
2817,2025-04-28 08:00,6.02318661874308
2818,2025-04-28 09:00,5.90911943076215
2819,2025-04-28 10:00,5.3561006411164
2820,2025-04-28 11:00,4.78199387073954
2821,2025-04-28 12:00,5.02361274571789
2822,2025-04-28 13:00,5.20262421178459
2823,2025-04-28 14:00,5.24384272237362
2824,2025-04-28 15:00,5.09385412515356
2825,2025-04-28 16:00,4.79029123187016
2826,2025-04-28 17:00,4.85516182647123
2827,2025-04-28 18:00,5.85339566997646
2828,2025-04-28 19:00,6.37077595605533
2829,2025-04-28 20:00,6.51427634075873
2830,2025-04-28 21:00,6.44542391703343
2831,2025-04-28 22:00,5.94038086846903
2832,2025-04-28 23:00,5.77098273613607
2833,2025-04-29 00:00,5.71736087557253
2834,2025-04-29 01:00,5.45538835699058
2835,2025-04-29 02:00,5.10379989544534
2836,2025-04-29 03:00,4.71939273551149
2837,2025-04-29 04:00,4.70109125736042
2838,2025-04-29 05:00,4.92311049555303
2839,2025-04-29 06:00,5.54538042297839
2840,2025-04-29 07:00,5.75882794546888
2841,2025-04-29 08:00,5.94445577236839
2842,2025-04-29 09:00,6.12870087190555
2843,2025-04-29 10:00,5.37473288921564
2844,2025-04-29 11:00,4.85746999309683
2845,2025-04-29 12:00,4.97519197103066
2846,2025-04-29 13:00,5.23213676931242
2847,2025-04-29 14:00,5.15384431636248
2848,2025-04-29 15:00,4.93913146784246
2849,2025-04-29 16:00,5.06795287852368
2850,2025-04-29 17:00,5.13283153838343
2851,2025-04-29 18:00,6.0455905628359
2852,2025-04-29 19:00,6.24950945420522
2853,2025-04-29 20:00,6.19286823596578
2854,2025-04-29 21:00,6.27637117044346
2855,2025-04-29 22:00,5.63478371604311
2856,2025-04-29 23:00,5.49497073178207
2857,2025-04-30 00:00,5.25354450953632
2858,2025-04-30 01:00,4.86507660789596
2859,2025-04-30 02:00,4.60288236114102
2860,2025-04-30 03:00,4.28529701025935
2861,2025-04-30 04:00,4.18172286782762
2862,2025-04-30 05:00,4.33630116157939
2863,2025-04-30 06:00,5.03369038373834
2864,2025-04-30 07:00,5.49101007911996
2865,2025-04-30 08:00,5.82749590249956
2866,2025-04-30 09:00,5.67915014917121
2867,2025-04-30 10:00,4.73666903115007
2868,2025-04-30 11:00,4.52621256970719
2869,2025-04-30 12:00,4.68881381890987
2870,2025-04-30 13:00,4.57944101127502
2871,2025-04-30 14:00,4.70612228923615
2872,2025-04-30 15:00,4.57881472434526
2873,2025-04-30 16:00,4.48656686367064
2874,2025-04-30 17:00,4.62926187545729
2875,2025-04-30 18:00,5.5056409021355
2876,2025-04-30 19:00,5.96088799317201
2877,2025-04-30 20:00,6.03843825744568
2878,2025-04-30 21:00,5.81112203779064
2879,2025-04-30 22:00,5.39210206038373
2880,2025-04-30 23:00,5.28208524358709
2881,2025-05-01 00:00,3.8684638940406
2882,2025-05-01 01:00,3.53103732639612
2883,2025-05-01 02:00,3.28344411331009
2884,2025-05-01 03:00,3.11874318810191
2885,2025-05-01 04:00,2.82508212827357
2886,2025-05-01 05:00,2.88041570936908
2887,2025-05-01 06:00,3.63088161374742
2888,2025-05-01 07:00,4.05024098888859
2889,2025-05-01 08:00,4.31083544902681
2890,2025-05-01 09:00,4.44772078804293
2891,2025-05-01 10:00,4.5065457586229
2892,2025-05-01 11:00,4.77935863181842
2893,2025-05-01 12:00,5.09130734563274
2894,2025-05-01 13:00,5.08898763996776
2895,2025-05-01 14:00,5.05566036362923
2896,2025-05-01 15:00,4.66877845600885
2897,2025-05-01 16:00,4.5478167112847
2898,2025-05-01 17:00,4.93812711324716
2899,2025-05-01 18:00,5.56037734445821
2900,2025-05-01 19:00,5.84430779705463
2901,2025-05-01 20:00,5.82464598875829
2902,2025-05-01 21:00,5.51997763318086
2903,2025-05-01 22:00,4.97525836528094
2904,2025-05-01 23:00,4.26390441449743
2905,2025-05-02 00:00,3.8624710629748
2906,2025-05-02 01:00,3.49454123740965
2907,2025-05-02 02:00,3.14241585791228
2908,2025-05-02 03:00,2.8823577185605
2909,2025-05-02 04:00,2.79230771456326
2910,2025-05-02 05:00,2.88595163018793
2911,2025-05-02 06:00,3.25585603969515
2912,2025-05-02 07:00,3.67107889620145
2913,2025-05-02 08:00,3.88276013538648
2914,2025-05-02 09:00,3.84760753793828
2915,2025-05-02 10:00,3.98543415827034
2916,2025-05-02 11:00,4.10067984671981
2917,2025-05-02 12:00,4.44561718853649
2918,2025-05-02 13:00,4.49201824146361
2919,2025-05-02 14:00,4.95701343235162
2920,2025-05-02 15:00,4.61652151130026
2921,2025-05-02 16:00,4.45263195630122
2922,2025-05-02 17:00,4.86442722676176
2923,2025-05-02 18:00,5.54137600606787
2924,2025-05-02 19:00,6.10129682791431
2925,2025-05-02 20:00,6.04602346703363
2926,2025-05-02 21:00,5.92262251596368
2927,2025-05-02 22:00,5.59928471727377
2928,2025-05-02 23:00,4.61442022917206
2929,2025-05-03 00:00,4.16930116736144
2930,2025-05-03 01:00,3.58417270289191
2931,2025-05-03 02:00,3.16989625989231
2932,2025-05-03 03:00,3.09379392682622
2933,2025-05-03 04:00,2.90371507792401
2934,2025-05-03 05:00,3.00144806156866
2935,2025-05-03 06:00,3.53960305074939
2936,2025-05-03 07:00,3.93274914897623
2937,2025-05-03 08:00,4.05291931984624
2938,2025-05-03 09:00,4.39128760511846
2939,2025-05-03 10:00,4.34604208645746
2940,2025-05-03 11:00,4.65261758100784
2941,2025-05-03 12:00,4.57812283959618
2942,2025-05-03 13:00,4.8547952099108
2943,2025-05-03 14:00,4.81728254348753
2944,2025-05-03 15:00,4.7400660780781
2945,2025-05-03 16:00,4.75906124098259
2946,2025-05-03 17:00,4.93229916647475
2947,2025-05-03 18:00,5.88880535930935
2948,2025-05-03 19:00,6.53160367281628
2949,2025-05-03 20:00,6.41666028013158
2950,2025-05-03 21:00,6.23047648953343
2951,2025-05-03 22:00,5.43249179263767
2952,2025-05-03 23:00,4.6042323905324
2953,2025-05-04 00:00,3.7780935229849
2954,2025-05-04 01:00,3.35690556543471
2955,2025-05-04 02:00,3.29537754095486
2956,2025-05-04 03:00,3.21760262396425
2957,2025-05-04 04:00,3.03046644098735
2958,2025-05-04 05:00,3.22664500470016
2959,2025-05-04 06:00,3.78185589246819
2960,2025-05-04 07:00,4.07663966982696
2961,2025-05-04 08:00,4.29538464046046
2962,2025-05-04 09:00,4.19704721855984
2963,2025-05-04 10:00,4.1497802847923
2964,2025-05-04 11:00,4.49165585752134
2965,2025-05-04 12:00,4.8857722958236
2966,2025-05-04 13:00,5.03019651812111
2967,2025-05-04 14:00,5.01320209018016
2968,2025-05-04 15:00,4.86935160151854
2969,2025-05-04 16:00,4.74079266124908
2970,2025-05-04 17:00,5.14295195394148
2971,2025-05-04 18:00,5.99198509130002
2972,2025-05-04 19:00,6.26951482712633
2973,2025-05-04 20:00,6.40530034604668
2974,2025-05-04 21:00,6.08776546098219
2975,2025-05-04 22:00,5.57899211900165
2976,2025-05-04 23:00,4.72184101919221
2977,2025-05-05 00:00,3.91557216630656
2978,2025-05-05 01:00,3.53213429449828
2979,2025-05-05 02:00,3.24260729640381
2980,2025-05-05 03:00,3.16114896408712
2981,2025-05-05 04:00,2.98972708823308
2982,2025-05-05 05:00,3.0106828262191
2983,2025-05-05 06:00,3.65153985801043
2984,2025-05-05 07:00,3.97267300168296
2985,2025-05-05 08:00,4.06723991111658
2986,2025-05-05 09:00,4.23916130376224
2987,2025-05-05 10:00,4.45402341070572
2988,2025-05-05 11:00,4.78044220660584
2989,2025-05-05 12:00,4.8014133904412
2990,2025-05-05 13:00,4.87454259991114
2991,2025-05-05 14:00,4.74454244577682
2992,2025-05-05 15:00,4.72367066600493
2993,2025-05-05 16:00,4.73344913078826
2994,2025-05-05 17:00,5.03778568412868
2995,2025-05-05 18:00,5.8166716554397
2996,2025-05-05 19:00,6.30369658986096
2997,2025-05-05 20:00,6.17150235300429
2998,2025-05-05 21:00,5.4772449929785
2999,2025-05-05 22:00,5.06409430101594
3000,2025-05-05 23:00,4.37374495857166
3001,2025-05-06 00:00,4.04675849228567
3002,2025-05-06 01:00,3.63583820566056
3003,2025-05-06 02:00,3.5420185470197
3004,2025-05-06 03:00,3.17600947375123
3005,2025-05-06 04:00,2.98527444201378
3006,2025-05-06 05:00,3.13118873038783
3007,2025-05-06 06:00,3.88658536309091
3008,2025-05-06 07:00,4.25564018227335
3009,2025-05-06 08:00,4.33463347990652
3010,2025-05-06 09:00,4.28684666004743
3011,2025-05-06 10:00,4.5092841371371
3012,2025-05-06 11:00,4.81251985666553
3013,2025-05-06 12:00,4.90086481372053
3014,2025-05-06 13:00,5.0451955798667
3015,2025-05-06 14:00,5.02300165511908
3016,2025-05-06 15:00,4.869600350954
3017,2025-05-06 16:00,4.95411300417619
3018,2025-05-06 17:00,5.11454913737568
3019,2025-05-06 18:00,5.59425837241726
3020,2025-05-06 19:00,6.1399240654517
3021,2025-05-06 20:00,6.17321286001116
3022,2025-05-06 21:00,6.0149492969616
3023,2025-05-06 22:00,5.63389639131204
3024,2025-05-06 23:00,4.83346684498767
3025,2025-05-07 00:00,4.31300847143792
3026,2025-05-07 01:00,3.80842496504684
3027,2025-05-07 02:00,3.44441197124958
3028,2025-05-07 03:00,3.17400349680607
3029,2025-05-07 04:00,2.89960582435216
3030,2025-05-07 05:00,3.04984503582771
3031,2025-05-07 06:00,3.64366484596134
3032,2025-05-07 07:00,4.12763165212158
3033,2025-05-07 08:00,4.36009333505882
3034,2025-05-07 09:00,4.46030136513345
3035,2025-05-07 10:00,4.49145824152347
3036,2025-05-07 11:00,4.56914433241348
3037,2025-05-07 12:00,4.75084988675477
3038,2025-05-07 13:00,4.90304612360844
3039,2025-05-07 14:00,4.69341649478312
3040,2025-05-07 15:00,4.66267539263297
3041,2025-05-07 16:00,4.70683279775933
3042,2025-05-07 17:00,5.16177134014326
3043,2025-05-07 18:00,5.94212051810838
3044,2025-05-07 19:00,6.18570013815338
3045,2025-05-07 20:00,6.49402863467195
3046,2025-05-07 21:00,6.32121539829368
3047,2025-05-07 22:00,5.57528141764374
3048,2025-05-07 23:00,4.7913518178736
3049,2025-05-08 00:00,4.07845693930557
3050,2025-05-08 01:00,3.74950919644529
3051,2025-05-08 02:00,3.52989223327336
3052,2025-05-08 03:00,3.41084857461055
3053,2025-05-08 04:00,3.17576936373504
3054,2025-05-08 05:00,3.34773310999935
3055,2025-05-08 06:00,3.94231762896113
3056,2025-05-08 07:00,4.42909470022276
3057,2025-05-08 08:00,4.45769938826485
3058,2025-05-08 09:00,4.48186111557665
3059,2025-05-08 10:00,4.44314307495489
3060,2025-05-08 11:00,4.92693928923349
3061,2025-05-08 12:00,5.23362144193843
3062,2025-05-08 13:00,5.47328939137994
3063,2025-05-08 14:00,5.47120248664438
3064,2025-05-08 15:00,4.93590994340701
3065,2025-05-08 16:00,4.73013568086652
3066,2025-05-08 17:00,4.80970291337257
3067,2025-05-08 18:00,5.55117745704608
3068,2025-05-08 19:00,5.96995999899324
3069,2025-05-08 20:00,6.05775879282017
3070,2025-05-08 21:00,5.73724501228561
3071,2025-05-08 22:00,5.38610257328782
3072,2025-05-08 23:00,4.53102272216538
3073,2025-05-09 00:00,4.0389214154354
3074,2025-05-09 01:00,4.03846531505403
3075,2025-05-09 02:00,3.70642611993177
3076,2025-05-09 03:00,3.5132067531551
3077,2025-05-09 04:00,3.25087024470707
3078,2025-05-09 05:00,3.28840096975409
3079,2025-05-09 06:00,3.63025674564297
3080,2025-05-09 07:00,3.90043418599386
3081,2025-05-09 08:00,4.04050421691076
3082,2025-05-09 09:00,4.12451156573263
3083,2025-05-09 10:00,4.06373166504789
3084,2025-05-09 11:00,4.34088492128579
3085,2025-05-09 12:00,4.55645543525208
3086,2025-05-09 13:00,4.7593671933321
3087,2025-05-09 14:00,5.06805358093555
3088,2025-05-09 15:00,4.91063300115599
3089,2025-05-09 16:00,5.05778286732217
3090,2025-05-09 17:00,5.03291178311288
3091,2025-05-09 18:00,5.91653020918535
3092,2025-05-09 19:00,6.87130671779533
3093,2025-05-09 20:00,6.64320353942646
3094,2025-05-09 21:00,6.34258909313743
3095,2025-05-09 22:00,5.98921688134437
3096,2025-05-09 23:00,4.85651059419478
3097,2025-05-10 00:00,4.47035583197911
3098,2025-05-10 01:00,4.11584442681649
3099,2025-05-10 02:00,3.68343249547907
3100,2025-05-10 03:00,3.54199782180945
3101,2025-05-10 04:00,3.33734801658524
3102,2025-05-10 05:00,3.36802422775042
3103,2025-05-10 06:00,4.11653262131786
3104,2025-05-10 07:00,4.52235918366218
3105,2025-05-10 08:00,4.59707233631989
3106,2025-05-10 09:00,4.6810080329219
3107,2025-05-10 10:00,4.76653899448304
3108,2025-05-10 11:00,5.29927782745421
3109,2025-05-10 12:00,5.35755920739055
3110,2025-05-10 13:00,5.47034322360553
3111,2025-05-10 14:00,5.50090842514212
3112,2025-05-10 15:00,5.33282348354939
3113,2025-05-10 16:00,5.16945968419165
3114,2025-05-10 17:00,5.41371619887583
3115,2025-05-10 18:00,6.38467046927698
3116,2025-05-10 19:00,6.9458700129243
3117,2025-05-10 20:00,6.8179328494073
3118,2025-05-10 21:00,6.60943475923051
3119,2025-05-10 22:00,6.40243618730172
3120,2025-05-10 23:00,5.61352270451893
3121,2025-05-11 00:00,5.31443324666352
3122,2025-05-11 01:00,4.63354011122688
3123,2025-05-11 02:00,4.08791796275919
3124,2025-05-11 03:00,3.8507345931294
3125,2025-05-11 04:00,3.68766251543814
3126,2025-05-11 05:00,3.75544730515593
3127,2025-05-11 06:00,4.50639943845291
3128,2025-05-11 07:00,5.0528742965883
3129,2025-05-11 08:00,5.16961863074395
3130,2025-05-11 09:00,5.43655605465638
3131,2025-05-11 10:00,5.42678738589983
3132,2025-05-11 11:00,5.6520503102378
3133,2025-05-11 12:00,5.88111804891659
3134,2025-05-11 13:00,6.12429299202027
3135,2025-05-11 14:00,5.82150584844185
3136,2025-05-11 15:00,5.41077085604531
3137,2025-05-11 16:00,5.60750643561882
3138,2025-05-11 17:00,5.51883910074917
3139,2025-05-11 18:00,6.4630191742875
3140,2025-05-11 19:00,7.10366417701238
3141,2025-05-11 20:00,7.12228824145318
3142,2025-05-11 21:00,7.04361803918808
3143,2025-05-11 22:00,6.44260034734805
3144,2025-05-11 23:00,5.58570821201461
3145,2025-05-12 00:00,4.5248041901032
3146,2025-05-12 01:00,4.16602330376537
3147,2025-05-12 02:00,3.78681997256884
3148,2025-05-12 03:00,3.63456187968319
3149,2025-05-12 04:00,3.37030790915656
3150,2025-05-12 05:00,3.40194766928653
3151,2025-05-12 06:00,4.08210029947385
3152,2025-05-12 07:00,4.43899392788554
3153,2025-05-12 08:00,4.9074763632849
3154,2025-05-12 09:00,4.89542470883767
3155,2025-05-12 10:00,5.18724182917255
3156,2025-05-12 11:00,5.67626080228956
3157,2025-05-12 12:00,5.82319009243297
3158,2025-05-12 13:00,5.64402291510821
3159,2025-05-12 14:00,5.64944392929424
3160,2025-05-12 15:00,5.62026423125039
3161,2025-05-12 16:00,5.27650451981603
3162,2025-05-12 17:00,5.22594904082522
3163,2025-05-12 18:00,6.13174375139179
3164,2025-05-12 19:00,6.89624745886656
3165,2025-05-12 20:00,6.99063655454645
3166,2025-05-12 21:00,6.40366350055854
3167,2025-05-12 22:00,6.22040137082755
3168,2025-05-12 23:00,5.23982851855369
3169,2025-05-13 00:00,4.42702270037211
3170,2025-05-13 01:00,4.18671331124342
3171,2025-05-13 02:00,3.77078601985422
3172,2025-05-13 03:00,3.5054881795596
3173,2025-05-13 04:00,3.36925397007081
3174,2025-05-13 05:00,3.51274582044795
3175,2025-05-13 06:00,4.30086464165977
3176,2025-05-13 07:00,4.59463653216921
3177,2025-05-13 08:00,4.79776191974693
3178,2025-05-13 09:00,4.88067910970485
3179,2025-05-13 10:00,4.88936580536298
3180,2025-05-13 11:00,5.27574231616665
3181,2025-05-13 12:00,5.85596979519664
3182,2025-05-13 13:00,5.5187312385408
3183,2025-05-13 14:00,5.50515834663276
3184,2025-05-13 15:00,5.1210428224497
3185,2025-05-13 16:00,4.93328349117949
3186,2025-05-13 17:00,5.35664180165142
3187,2025-05-13 18:00,6.19595529546815
3188,2025-05-13 19:00,6.73077876611684
3189,2025-05-13 20:00,6.93271914034313
3190,2025-05-13 21:00,6.52321864431193
3191,2025-05-13 22:00,6.22827916492849
3192,2025-05-13 23:00,5.28228517289072
3193,2025-05-14 00:00,4.67334070955714
3194,2025-05-14 01:00,4.18850156089305
3195,2025-05-14 02:00,3.96522362650238
3196,2025-05-14 03:00,3.61361333885379
3197,2025-05-14 04:00,3.26167002819353
3198,2025-05-14 05:00,3.41106121577326
3199,2025-05-14 06:00,4.13971085248264
3200,2025-05-14 07:00,4.60830474551334
3201,2025-05-14 08:00,4.9033753835259
3202,2025-05-14 09:00,5.15886977560648
3203,2025-05-14 10:00,5.21323796226718
3204,2025-05-14 11:00,5.52063485369489
3205,2025-05-14 12:00,5.51067653439351
3206,2025-05-14 13:00,5.54198793991798
3207,2025-05-14 14:00,5.687535394537
3208,2025-05-14 15:00,5.41726566765837
3209,2025-05-14 16:00,5.61961109295229
3210,2025-05-14 17:00,5.44399188470718
3211,2025-05-14 18:00,6.00659461334788
3212,2025-05-14 19:00,6.65564160004674
3213,2025-05-14 20:00,6.65809362141242
3214,2025-05-14 21:00,6.37972991046837
3215,2025-05-14 22:00,6.33539620460924
3216,2025-05-14 23:00,5.13554826142111
3217,2025-05-15 00:00,4.42619099950921
3218,2025-05-15 01:00,3.93871079128512
3219,2025-05-15 02:00,3.58347025541776
3220,2025-05-15 03:00,3.43313789781294
3221,2025-05-15 04:00,3.3357449797588
3222,2025-05-15 05:00,3.43925037326281
3223,2025-05-15 06:00,4.26124633763489
3224,2025-05-15 07:00,4.48876101077912
3225,2025-05-15 08:00,4.79345614479872
3226,2025-05-15 09:00,4.7938110501579
3227,2025-05-15 10:00,5.03343934161915
3228,2025-05-15 11:00,5.38948186838762
3229,2025-05-15 12:00,5.89376356728188
3230,2025-05-15 13:00,5.82858838191132
3231,2025-05-15 14:00,5.62470684806775
3232,2025-05-15 15:00,5.11807452775679
3233,2025-05-15 16:00,5.16901389820946
3234,2025-05-15 17:00,5.30809734540758
3235,2025-05-15 18:00,6.23715961962079
3236,2025-05-15 19:00,6.63580959065705
3237,2025-05-15 20:00,6.62852540865519
3238,2025-05-15 21:00,6.32619012126645
3239,2025-05-15 22:00,6.26232887405047
3240,2025-05-15 23:00,5.33051740429268
3241,2025-05-16 00:00,4.93202177727824
3242,2025-05-16 01:00,4.31265715072947
3243,2025-05-16 02:00,4.00499201964857
3244,2025-05-16 03:00,3.79870001135385
3245,2025-05-16 04:00,3.51200487345433
3246,2025-05-16 05:00,3.72247833852471
3247,2025-05-16 06:00,4.15214599250261
3248,2025-05-16 07:00,4.57543244155354
3249,2025-05-16 08:00,4.72948554039585
3250,2025-05-16 09:00,4.60721064217375
3251,2025-05-16 10:00,4.63262790810511
3252,2025-05-16 11:00,5.12321031907435
3253,2025-05-16 12:00,5.05490820994376
3254,2025-05-16 13:00,5.30211136522453
3255,2025-05-16 14:00,6.09403437372811
3256,2025-05-16 15:00,5.82073474253927
3257,2025-05-16 16:00,5.8699764389279
3258,2025-05-16 17:00,5.81056334238126
3259,2025-05-16 18:00,6.66630347051391
3260,2025-05-16 19:00,7.05393936316191
3261,2025-05-16 20:00,7.0891001964603
3262,2025-05-16 21:00,6.91295426185056
3263,2025-05-16 22:00,6.43797569571885
3264,2025-05-16 23:00,5.53003999358259
3265,2025-05-17 00:00,4.95633616711711
3266,2025-05-17 01:00,4.1981426735028
3267,2025-05-17 02:00,3.83471383949761
3268,2025-05-17 03:00,3.71055502458851
3269,2025-05-17 04:00,3.40119351353891
3270,2025-05-17 05:00,3.44309167805807
3271,2025-05-17 06:00,4.08035368419188
3272,2025-05-17 07:00,4.58887403545126
3273,2025-05-17 08:00,4.73279127676819
3274,2025-05-17 09:00,5.01567311741109
3275,2025-05-17 10:00,5.06308240417603
3276,2025-05-17 11:00,5.39072711919259
3277,2025-05-17 12:00,5.5909169438319
3278,2025-05-17 13:00,5.70073291278774
3279,2025-05-17 14:00,5.82489648058529
3280,2025-05-17 15:00,5.62827722516662
3281,2025-05-17 16:00,5.45329748299167
3282,2025-05-17 17:00,5.5598110973972
3283,2025-05-17 18:00,6.57040378971052
3284,2025-05-17 19:00,7.12114196269335
3285,2025-05-17 20:00,7.27668165268375
3286,2025-05-17 21:00,6.63506146225062
3287,2025-05-17 22:00,6.07575858364414
3288,2025-05-17 23:00,5.06907218007701
3289,2025-05-18 00:00,4.12257887355565
3290,2025-05-18 01:00,3.74550941199135
3291,2025-05-18 02:00,3.451154728648
3292,2025-05-18 03:00,3.37436841415074
3293,2025-05-18 04:00,3.28610717498605
3294,2025-05-18 05:00,3.40531184279105
3295,2025-05-18 06:00,4.00525890916476
3296,2025-05-18 07:00,4.39729314009983
3297,2025-05-18 08:00,4.48966345859906
3298,2025-05-18 09:00,4.45877077424345
3299,2025-05-18 10:00,4.41821189062195
3300,2025-05-18 11:00,4.75504957423367
3301,2025-05-18 12:00,5.00701660127628
3302,2025-05-18 13:00,5.36916158520003
3303,2025-05-18 14:00,5.25288505682754
3304,2025-05-18 15:00,5.11257154243707
3305,2025-05-18 16:00,4.94055600565048
3306,2025-05-18 17:00,4.99962064063295
3307,2025-05-18 18:00,5.79864442048031
3308,2025-05-18 19:00,6.262350051444
3309,2025-05-18 20:00,6.36299399705213
3310,2025-05-18 21:00,6.1440070571797
3311,2025-05-18 22:00,5.63127068611849
3312,2025-05-18 23:00,4.71205778155236
3313,2025-05-19 00:00,4.26975935973935
3314,2025-05-19 01:00,3.95056520245749
3315,2025-05-19 02:00,3.62095851384536
3316,2025-05-19 03:00,3.4483408474102
3317,2025-05-19 04:00,3.28800470554182
3318,2025-05-19 05:00,3.42747665467885
3319,2025-05-19 06:00,4.26400838351337
3320,2025-05-19 07:00,4.61587885278212
3321,2025-05-19 08:00,4.8239880842166
3322,2025-05-19 09:00,4.98559575848569
3323,2025-05-19 10:00,4.95848862276241
3324,2025-05-19 11:00,5.11150913618451
3325,2025-05-19 12:00,5.24803050540245
3326,2025-05-19 13:00,5.49342291204676
3327,2025-05-19 14:00,5.65402310001351
3328,2025-05-19 15:00,5.24613508781581
3329,2025-05-19 16:00,5.08950244990926
3330,2025-05-19 17:00,5.24590122497435
3331,2025-05-19 18:00,5.97059924343452
3332,2025-05-19 19:00,6.76561140342475
3333,2025-05-19 20:00,6.59555971639257
3334,2025-05-19 21:00,6.06385162636631
3335,2025-05-19 22:00,5.87527139143824
3336,2025-05-19 23:00,5.13341998680596
3337,2025-05-20 00:00,4.15509045757579
3338,2025-05-20 01:00,3.88928235888508
3339,2025-05-20 02:00,3.59761728589429
3340,2025-05-20 03:00,3.24282917766259
3341,2025-05-20 04:00,3.00210550596735
3342,2025-05-20 05:00,3.19671209705504
3343,2025-05-20 06:00,3.85665748890868
3344,2025-05-20 07:00,4.39913436242143
3345,2025-05-20 08:00,4.69105892800236
3346,2025-05-20 09:00,4.98196535166505
3347,2025-05-20 10:00,4.93711113220038
3348,2025-05-20 11:00,5.42569912890059
3349,2025-05-20 12:00,5.48057193325312
3350,2025-05-20 13:00,5.47106774670272
3351,2025-05-20 14:00,5.34543925784128
3352,2025-05-20 15:00,5.06135390891565
3353,2025-05-20 16:00,5.01163130792061
3354,2025-05-20 17:00,5.17271404323604
3355,2025-05-20 18:00,5.69671273010046
3356,2025-05-20 19:00,6.35128871315682
3357,2025-05-20 20:00,6.33471374168828
3358,2025-05-20 21:00,6.24500894309004
3359,2025-05-20 22:00,5.77724501042817
3360,2025-05-20 23:00,5.09412467550499
3361,2025-05-21 00:00,4.14092898041574
3362,2025-05-21 01:00,3.71310649098476
3363,2025-05-21 02:00,3.36094860673857
3364,2025-05-21 03:00,3.16661536385613
3365,2025-05-21 04:00,3.02063600959725
3366,2025-05-21 05:00,3.07046466201235
3367,2025-05-21 06:00,3.69280641433725
3368,2025-05-21 07:00,3.90815471337991
3369,2025-05-21 08:00,4.17552478323743
3370,2025-05-21 09:00,4.32072331645357
3371,2025-05-21 10:00,4.57819957278881
3372,2025-05-21 11:00,4.7784759123836
3373,2025-05-21 12:00,4.95200224866427
3374,2025-05-21 13:00,5.18801331397139
3375,2025-05-21 14:00,5.31069288144167
3376,2025-05-21 15:00,4.92245781515485
3377,2025-05-21 16:00,4.74039023229474
3378,2025-05-21 17:00,4.86889862429396
3379,2025-05-21 18:00,5.6786603414239
3380,2025-05-21 19:00,5.9303534553428
3381,2025-05-21 20:00,6.09469911464416
3382,2025-05-21 21:00,5.99172964553105
3383,2025-05-21 22:00,5.60556450113429
3384,2025-05-21 23:00,4.44873285905191
3385,2025-05-22 00:00,3.94305629333838
3386,2025-05-22 01:00,3.61120945755074
3387,2025-05-22 02:00,3.26834542267404
3388,2025-05-22 03:00,3.18679267523614
3389,2025-05-22 04:00,3.10318396786321
3390,2025-05-22 05:00,3.20121165913926
3391,2025-05-22 06:00,3.94192481706915
3392,2025-05-22 07:00,4.1899878680803
3393,2025-05-22 08:00,4.36449777633376
3394,2025-05-22 09:00,4.33952968356994
3395,2025-05-22 10:00,4.54231872623615
3396,2025-05-22 11:00,4.89517512790294
3397,2025-05-22 12:00,5.14381341821428
3398,2025-05-22 13:00,5.01203271778758
3399,2025-05-22 14:00,5.02393417975079
3400,2025-05-22 15:00,4.86006095728187
3401,2025-05-22 16:00,4.68005814448606
3402,2025-05-22 17:00,4.96682805535565
3403,2025-05-22 18:00,5.83964701227841
3404,2025-05-22 19:00,6.3239500911843
3405,2025-05-22 20:00,6.17905920675298
3406,2025-05-22 21:00,5.7824325069468
3407,2025-05-22 22:00,5.32880230186199
3408,2025-05-22 23:00,4.54105236606505
3409,2025-05-23 00:00,4.08406856329571
3410,2025-05-23 01:00,3.81095315850186
3411,2025-05-23 02:00,3.56138019527867
3412,2025-05-23 03:00,3.2827311657052
3413,2025-05-23 04:00,3.09669102688327
3414,2025-05-23 05:00,3.13794225023719
3415,2025-05-23 06:00,3.44967998897703
3416,2025-05-23 07:00,4.01039340912883
3417,2025-05-23 08:00,4.07966287813145
3418,2025-05-23 09:00,4.1651120328032
3419,2025-05-23 10:00,4.16291410497214
3420,2025-05-23 11:00,4.62714932602268
3421,2025-05-23 12:00,4.77694419280027
3422,2025-05-23 13:00,4.76550695676356
3423,2025-05-23 14:00,5.41548465718256
3424,2025-05-23 15:00,5.24631235284887
3425,2025-05-23 16:00,5.22582217791284
3426,2025-05-23 17:00,5.26567765767625
3427,2025-05-23 18:00,6.22458424087611
3428,2025-05-23 19:00,6.91560657956513
3429,2025-05-23 20:00,6.98772326973079
3430,2025-05-23 21:00,6.66941791775817
3431,2025-05-23 22:00,6.14460065648005
3432,2025-05-23 23:00,4.97659424042622
3433,2025-05-24 00:00,4.24404198277465
3434,2025-05-24 01:00,3.82152271549239
3435,2025-05-24 02:00,3.57258606188687
3436,2025-05-24 03:00,3.32132845180304
3437,2025-05-24 04:00,3.16356058274197
3438,2025-05-24 05:00,3.35984129458125
3439,2025-05-24 06:00,3.87630908491437
3440,2025-05-24 07:00,4.29896052575294
3441,2025-05-24 08:00,4.51409638584725
3442,2025-05-24 09:00,4.63358572907049
3443,2025-05-24 10:00,4.68042933665883
3444,2025-05-24 11:00,4.88176386472714
3445,2025-05-24 12:00,5.23278235131962
3446,2025-05-24 13:00,5.18437753322053
3447,2025-05-24 14:00,5.27489786779745
3448,2025-05-24 15:00,4.99514257023487
3449,2025-05-24 16:00,4.84874835439655
3450,2025-05-24 17:00,4.96300748553282
3451,2025-05-24 18:00,5.8470429064612
3452,2025-05-24 19:00,6.20611541465872
3453,2025-05-24 20:00,6.02589252365391
3454,2025-05-24 21:00,5.79042493774791
3455,2025-05-24 22:00,5.24257186729999
3456,2025-05-24 23:00,4.80335061108881
3457,2025-05-25 00:00,4.2738111072124
3458,2025-05-25 01:00,3.81907702751982
3459,2025-05-25 02:00,3.55179298754271
3460,2025-05-25 03:00,3.27389805668235
3461,2025-05-25 04:00,3.14760328352919
3462,2025-05-25 05:00,3.29675240299204
3463,2025-05-25 06:00,4.02273190894967
3464,2025-05-25 07:00,4.34186576497955
3465,2025-05-25 08:00,4.62136282028901
3466,2025-05-25 09:00,4.58775602582362
3467,2025-05-25 10:00,4.91152587284711
3468,2025-05-25 11:00,4.66060916616754
3469,2025-05-25 12:00,5.03021516180417
3470,2025-05-25 13:00,5.05883618918817
3471,2025-05-25 14:00,5.2419142872957
3472,2025-05-25 15:00,4.95312692150259
3473,2025-05-25 16:00,4.90474894709116
3474,2025-05-25 17:00,5.01027518804074
3475,2025-05-25 18:00,5.72808520761632
3476,2025-05-25 19:00,6.29150871495407
3477,2025-05-25 20:00,6.25264548226731
3478,2025-05-25 21:00,5.99643169297433
3479,2025-05-25 22:00,5.49661891789426
3480,2025-05-25 23:00,4.70451052549209
3481,2025-05-26 00:00,4.30594527208712
3482,2025-05-26 01:00,4.03558085981009
3483,2025-05-26 02:00,3.52740557735549
3484,2025-05-26 03:00,3.32635585135104
3485,2025-05-26 04:00,3.01470820982337
3486,2025-05-26 05:00,3.12760454000041
3487,2025-05-26 06:00,3.88710471334024
3488,2025-05-26 07:00,4.33209842227504
3489,2025-05-26 08:00,4.48631804574704
3490,2025-05-26 09:00,4.54589305269858
3491,2025-05-26 10:00,4.44022025938303
3492,2025-05-26 11:00,5.07824681721622
3493,2025-05-26 12:00,5.41062897396854
3494,2025-05-26 13:00,5.3418566290502
3495,2025-05-26 14:00,5.26626420298332
3496,2025-05-26 15:00,5.15645073487026
3497,2025-05-26 16:00,5.03340571561328
3498,2025-05-26 17:00,5.12902846285611
3499,2025-05-26 18:00,5.78780804083767
3500,2025-05-26 19:00,6.13377019735874
3501,2025-05-26 20:00,6.25926967481553
3502,2025-05-26 21:00,6.06377876203572
3503,2025-05-26 22:00,5.49444003787661
3504,2025-05-26 23:00,4.83482316602141
3505,2025-05-27 00:00,4.38380039652438
3506,2025-05-27 01:00,4.15388650141808
3507,2025-05-27 02:00,3.82584551512909
3508,2025-05-27 03:00,3.49435920733547
3509,2025-05-27 04:00,3.38428932641283
3510,2025-05-27 05:00,3.49779796518802
3511,2025-05-27 06:00,4.20282959014824
3512,2025-05-27 07:00,4.75038256344823
3513,2025-05-27 08:00,4.85450950321693
3514,2025-05-27 09:00,5.08904838872678
3515,2025-05-27 10:00,5.14151918137486
3516,2025-05-27 11:00,5.50511416982767
3517,2025-05-27 12:00,5.64416346277124
3518,2025-05-27 13:00,5.76435344012957
3519,2025-05-27 14:00,5.89121144313022
3520,2025-05-27 15:00,5.68531270737129
3521,2025-05-27 16:00,5.37674925639912
3522,2025-05-27 17:00,5.46585888864655
3523,2025-05-27 18:00,6.42788436833851
3524,2025-05-27 19:00,7.08867834002792
3525,2025-05-27 20:00,6.92643217378923
3526,2025-05-27 21:00,6.76033063712123
3527,2025-05-27 22:00,6.3126505688161
3528,2025-05-27 23:00,5.50780991624065
3529,2025-05-28 00:00,4.10007770804484
3530,2025-05-28 01:00,3.67882801562815
3531,2025-05-28 02:00,3.51175008344914
3532,2025-05-28 03:00,3.14025037509243
3533,2025-05-28 04:00,3.01238594349647
3534,2025-05-28 05:00,3.12619328386435
3535,2025-05-28 06:00,3.7779644129063
3536,2025-05-28 07:00,4.15743450222129
3537,2025-05-28 08:00,4.40110072557078
3538,2025-05-28 09:00,4.44308506709506
3539,2025-05-28 10:00,4.59923698128115
3540,2025-05-28 11:00,4.99574723290001
3541,2025-05-28 12:00,5.33559799877305
3542,2025-05-28 13:00,5.21462165840127
3543,2025-05-28 14:00,5.04802710437608
3544,2025-05-28 15:00,4.8144627216275
3545,2025-05-28 16:00,4.69713223979418
3546,2025-05-28 17:00,4.92215816385101
3547,2025-05-28 18:00,5.77801204812011
3548,2025-05-28 19:00,5.97528524496471
3549,2025-05-28 20:00,5.8670214945113
3550,2025-05-28 21:00,5.81602113236134
3551,2025-05-28 22:00,5.67812371950205
3552,2025-05-28 23:00,4.7496757129508
3553,2025-05-29 00:00,4.13938606119079
3554,2025-05-29 01:00,3.6877704892453
3555,2025-05-29 02:00,3.49808867706092
3556,2025-05-29 03:00,3.35524499884803
3557,2025-05-29 04:00,3.09272522653557
3558,2025-05-29 05:00,3.14227028996368
3559,2025-05-29 06:00,3.78483955402035
3560,2025-05-29 07:00,4.0550900173254
3561,2025-05-29 08:00,4.38083860182157
3562,2025-05-29 09:00,4.54472819240658
3563,2025-05-29 10:00,4.68262447014815
3564,2025-05-29 11:00,4.9934373769569
3565,2025-05-29 12:00,5.1243918188789
3566,2025-05-29 13:00,5.04065776903347
3567,2025-05-29 14:00,5.18172259180719
3568,2025-05-29 15:00,4.91108462055763
3569,2025-05-29 16:00,4.79424343532934
3570,2025-05-29 17:00,4.79937211110551
3571,2025-05-29 18:00,5.56398807387967
3572,2025-05-29 19:00,6.31519955925173
3573,2025-05-29 20:00,6.11627188144957
3574,2025-05-29 21:00,6.07833803321979
3575,2025-05-29 22:00,5.78470718656249
3576,2025-05-29 23:00,4.93662751149389
3577,2025-05-30 00:00,4.44239353627717
3578,2025-05-30 01:00,3.99537410761168
3579,2025-05-30 02:00,3.76163195220422
3580,2025-05-30 03:00,3.37364457623387
3581,2025-05-30 04:00,3.17110006889323
3582,2025-05-30 05:00,3.3052867299067
3583,2025-05-30 06:00,3.57733559286548
3584,2025-05-30 07:00,3.91704270776098
3585,2025-05-30 08:00,4.04678126607964
3586,2025-05-30 09:00,4.18860546971112
3587,2025-05-30 10:00,4.42131022268616
3588,2025-05-30 11:00,4.61894720465022
3589,2025-05-30 12:00,4.92284537144531
3590,2025-05-30 13:00,4.99878026883278
3591,2025-05-30 14:00,5.66795814852048
3592,2025-05-30 15:00,5.34968661795168
3593,2025-05-30 16:00,5.2691793685191
3594,2025-05-30 17:00,5.21243607464174
3595,2025-05-30 18:00,6.21467522044887
3596,2025-05-30 19:00,6.49145428730594
3597,2025-05-30 20:00,6.75714721515058
3598,2025-05-30 21:00,6.66823886496869
3599,2025-05-30 22:00,6.05989221973889
3600,2025-05-30 23:00,4.83937859294232
3601,2025-05-31 00:00,4.60526036107781
3602,2025-05-31 01:00,4.07565754714617
3603,2025-05-31 02:00,3.8882092621462
3604,2025-05-31 03:00,3.60235285165342
3605,2025-05-31 04:00,3.32018806727848
3606,2025-05-31 05:00,3.512949663212
3607,2025-05-31 06:00,4.35438309427883
3608,2025-05-31 07:00,4.80406437225341
3609,2025-05-31 08:00,4.92572099122152
3610,2025-05-31 09:00,5.06366730569952
3611,2025-05-31 10:00,5.17900297525856
3612,2025-05-31 11:00,5.49740575869212
3613,2025-05-31 12:00,5.66677472222855
3614,2025-05-31 13:00,5.73515747083784
3615,2025-05-31 14:00,5.65491982965319
3616,2025-05-31 15:00,5.42519861261967
3617,2025-05-31 16:00,5.15516388875336
3618,2025-05-31 17:00,5.52999177941306
3619,2025-05-31 18:00,6.30682252987517
3620,2025-05-31 19:00,6.92919882439905
3621,2025-05-31 20:00,7.05973428039227
3622,2025-05-31 21:00,6.67827749684899
3623,2025-05-31 22:00,6.01982243597823
3624,2025-05-31 23:00,5.08627911803266
3625,2025-06-01 00:00,4.15231877580129
3626,2025-06-01 01:00,3.9194236121256
3627,2025-06-01 02:00,3.52589302697478
3628,2025-06-01 03:00,3.48576285475729
3629,2025-06-01 04:00,3.20541100319276
3630,2025-06-01 05:00,3.27612654978847
3631,2025-06-01 06:00,4.0678737516012
3632,2025-06-01 07:00,4.3813442597836
3633,2025-06-01 08:00,4.54983121685293
3634,2025-06-01 09:00,4.44434409523193
3635,2025-06-01 10:00,4.40094299867122
3636,2025-06-01 11:00,4.67959577605343
3637,2025-06-01 12:00,4.82585996995218
3638,2025-06-01 13:00,5.14462016169933
3639,2025-06-01 14:00,5.17753659027553
3640,2025-06-01 15:00,5.0092522725889
3641,2025-06-01 16:00,4.76066139833179
3642,2025-06-01 17:00,4.90099611657999
3643,2025-06-01 18:00,5.8408157114278
3644,2025-06-01 19:00,6.54004107339485
3645,2025-06-01 20:00,6.17619415092288
3646,2025-06-01 21:00,6.27061018937576
3647,2025-06-01 22:00,5.88246918494355
3648,2025-06-01 23:00,4.97130064886287
3649,2025-06-02 00:00,4.44520042278529
3650,2025-06-02 01:00,3.88737162347317
3651,2025-06-02 02:00,3.46615278048041
3652,2025-06-02 03:00,3.37692790114924
3653,2025-06-02 04:00,3.16738620099702
3654,2025-06-02 05:00,3.47391931082657
3655,2025-06-02 06:00,4.15035849994385
3656,2025-06-02 07:00,4.358837104046
3657,2025-06-02 08:00,4.7837634143308
3658,2025-06-02 09:00,4.76157655005528
3659,2025-06-02 10:00,4.89421956819539
3660,2025-06-02 11:00,5.3945500689495
3661,2025-06-02 12:00,5.72070886347945
3662,2025-06-02 13:00,5.80610814826608
3663,2025-06-02 14:00,5.80769307474718
3664,2025-06-02 15:00,5.51272564860365
3665,2025-06-02 16:00,5.43808285722825
3666,2025-06-02 17:00,5.4358487430435
3667,2025-06-02 18:00,5.91017527395707
3668,2025-06-02 19:00,6.26354839523255
3669,2025-06-02 20:00,6.48186620368803
3670,2025-06-02 21:00,6.3928975804324
3671,2025-06-02 22:00,6.07389455159313
3672,2025-06-02 23:00,5.08195965629678
3673,2025-06-03 00:00,4.28435080935019
3674,2025-06-03 01:00,4.00350297344106
3675,2025-06-03 02:00,3.70257285964611
3676,2025-06-03 03:00,3.47117656416376
3677,2025-06-03 04:00,3.14632624867663
3678,2025-06-03 05:00,3.12702361124613
3679,2025-06-03 06:00,4.01080145996096
3680,2025-06-03 07:00,4.59065185465921
3681,2025-06-03 08:00,4.80764781039982
3682,2025-06-03 09:00,4.64771568178798
3683,2025-06-03 10:00,4.7746708783263
3684,2025-06-03 11:00,5.20314298708187
3685,2025-06-03 12:00,5.50543400214457
3686,2025-06-03 13:00,5.32941581938719
3687,2025-06-03 14:00,5.35073020855431
3688,2025-06-03 15:00,5.1192016671816
3689,2025-06-03 16:00,4.94399496549729
3690,2025-06-03 17:00,5.23811001443345
3691,2025-06-03 18:00,6.3429680767152
3692,2025-06-03 19:00,7.11401814998655
3693,2025-06-03 20:00,6.98703316898587
3694,2025-06-03 21:00,6.65525803637485
3695,2025-06-03 22:00,5.89789943702036
3696,2025-06-03 23:00,5.06675247576373
3697,2025-06-04 00:00,4.04145184326868
3698,2025-06-04 01:00,3.76090514031604
3699,2025-06-04 02:00,3.44463697354788
3700,2025-06-04 03:00,3.19894898631384
3701,2025-06-04 04:00,2.94425940660752
3702,2025-06-04 05:00,3.06444340364231
3703,2025-06-04 06:00,3.71392703698447
3704,2025-06-04 07:00,4.00077179410658
3705,2025-06-04 08:00,4.60834873989042
3706,2025-06-04 09:00,4.61944608339753
3707,2025-06-04 10:00,4.68594337035543
3708,2025-06-04 11:00,5.00221370949184
3709,2025-06-04 12:00,5.45278902930301
3710,2025-06-04 13:00,5.4381137683814
3711,2025-06-04 14:00,5.43009688592012
3712,2025-06-04 15:00,5.02744802748019
3713,2025-06-04 16:00,4.8041780811045
3714,2025-06-04 17:00,4.99691985380696
3715,2025-06-04 18:00,5.89521878445123
3716,2025-06-04 19:00,6.43158696129479
3717,2025-06-04 20:00,6.25743096130083
3718,2025-06-04 21:00,5.91434691146188
3719,2025-06-04 22:00,5.63681981306965
3720,2025-06-04 23:00,4.62032250033675
3721,2025-06-05 00:00,4.21917026137638
3722,2025-06-05 01:00,3.91793004167152
3723,2025-06-05 02:00,3.65101311341591
3724,2025-06-05 03:00,3.51683690860742
3725,2025-06-05 04:00,3.34893344552726
3726,2025-06-05 05:00,3.39623720415134
3727,2025-06-05 06:00,4.110110201709
3728,2025-06-05 07:00,4.54366148168373
3729,2025-06-05 08:00,4.57664192665302
3730,2025-06-05 09:00,4.47784816506927
3731,2025-06-05 10:00,4.62059962176936
3732,2025-06-05 11:00,4.97072119051603
3733,2025-06-05 12:00,5.28858049946636
3734,2025-06-05 13:00,5.49837644914013
3735,2025-06-05 14:00,5.38061177294628
3736,2025-06-05 15:00,5.00004365463127
3737,2025-06-05 16:00,5.11254577150343
3738,2025-06-05 17:00,5.22125786164762
3739,2025-06-05 18:00,6.0440801554064
3740,2025-06-05 19:00,6.58439768987528
3741,2025-06-05 20:00,6.59952071548784
3742,2025-06-05 21:00,6.13057431577295
3743,2025-06-05 22:00,5.49196835673343
3744,2025-06-05 23:00,4.49486042926893
3745,2025-06-06 00:00,3.92048500636036
3746,2025-06-06 01:00,3.64380844278502
3747,2025-06-06 02:00,3.38214120961461
3748,2025-06-06 03:00,3.25240971760389
3749,2025-06-06 04:00,3.19905660684667
3750,2025-06-06 05:00,3.14424954866825
3751,2025-06-06 06:00,3.45028248561893
3752,2025-06-06 07:00,3.86208152424714
3753,2025-06-06 08:00,3.94664847945079
3754,2025-06-06 09:00,3.99090982127934
3755,2025-06-06 10:00,4.14191052067767
3756,2025-06-06 11:00,4.68139280854653
3757,2025-06-06 12:00,4.87224147364585
3758,2025-06-06 13:00,4.87354624970247
3759,2025-06-06 14:00,5.58682675177528
3760,2025-06-06 15:00,5.20861444623314
3761,2025-06-06 16:00,5.10121287978007
3762,2025-06-06 17:00,5.23955963275234
3763,2025-06-06 18:00,5.89843776460703
3764,2025-06-06 19:00,6.56357552791509
3765,2025-06-06 20:00,6.55655661104584
3766,2025-06-06 21:00,6.19861884130373
3767,2025-06-06 22:00,5.99071950678337
3768,2025-06-06 23:00,4.66134838951101
3769,2025-06-07 00:00,4.17272440651553
3770,2025-06-07 01:00,3.59401262924105
3771,2025-06-07 02:00,3.55738168483939
3772,2025-06-07 03:00,3.43423535655129
3773,2025-06-07 04:00,3.15989481260569
3774,2025-06-07 05:00,3.34547079543439
3775,2025-06-07 06:00,4.00451439654832
3776,2025-06-07 07:00,4.5385571219131
3777,2025-06-07 08:00,4.70776143207949
3778,2025-06-07 09:00,4.72546081463124
3779,2025-06-07 10:00,4.99476352751907
3780,2025-06-07 11:00,5.10377691460614
3781,2025-06-07 12:00,5.19383015036757
3782,2025-06-07 13:00,5.38431290529003
3783,2025-06-07 14:00,5.55683298386137
3784,2025-06-07 15:00,5.18679970382573
3785,2025-06-07 16:00,4.88272337856286
3786,2025-06-07 17:00,5.1365480268655
3787,2025-06-07 18:00,6.04416608242794
3788,2025-06-07 19:00,6.50841452267592
3789,2025-06-07 20:00,6.62872357942217
3790,2025-06-07 21:00,6.28881673153111
3791,2025-06-07 22:00,5.84482257304052
3792,2025-06-07 23:00,4.86098344781329
3793,2025-06-08 00:00,4.63856340839912
3794,2025-06-08 01:00,4.14077828428288
3795,2025-06-08 02:00,3.8381405165805
3796,2025-06-08 03:00,3.57535943064567
3797,2025-06-08 04:00,3.38017422862074
3798,2025-06-08 05:00,3.35495322938997
3799,2025-06-08 06:00,4.18448592927426
3800,2025-06-08 07:00,4.76905879921448
3801,2025-06-08 08:00,4.92042439145229
3802,2025-06-08 09:00,5.06381641228609
3803,2025-06-08 10:00,5.0055330206947
3804,2025-06-08 11:00,5.30021768869351
3805,2025-06-08 12:00,5.54707768130129
3806,2025-06-08 13:00,5.64717366891742
3807,2025-06-08 14:00,5.56677282059097
3808,2025-06-08 15:00,5.26731686991356
3809,2025-06-08 16:00,5.04457535895138
3810,2025-06-08 17:00,5.20781457581978
3811,2025-06-08 18:00,6.01870819032011
3812,2025-06-08 19:00,6.72755078218639
3813,2025-06-08 20:00,6.54336321645342
3814,2025-06-08 21:00,6.28009843350952
3815,2025-06-08 22:00,6.01290893284823
3816,2025-06-08 23:00,5.17214278381182
3817,2025-06-09 00:00,4.54789252425862
3818,2025-06-09 01:00,4.11630505209702
3819,2025-06-09 02:00,3.75155264153916
3820,2025-06-09 03:00,3.61105960571968
3821,2025-06-09 04:00,3.38570164351318
3822,2025-06-09 05:00,3.34036937612236
3823,2025-06-09 06:00,4.11641456219614
3824,2025-06-09 07:00,4.61596504596325
3825,2025-06-09 08:00,4.77824155644586
3826,2025-06-09 09:00,4.76197419435216
3827,2025-06-09 10:00,4.76637626410056
3828,2025-06-09 11:00,4.95323573355736
3829,2025-06-09 12:00,5.27577375301089
3830,2025-06-09 13:00,5.51924748131305
3831,2025-06-09 14:00,5.38545332697155
3832,2025-06-09 15:00,5.35944164721853
3833,2025-06-09 16:00,5.28138245173484
3834,2025-06-09 17:00,5.42740963835303
3835,2025-06-09 18:00,6.32178873421634
3836,2025-06-09 19:00,6.63556192131667
3837,2025-06-09 20:00,6.65888414986461
3838,2025-06-09 21:00,6.61114387752514
3839,2025-06-09 22:00,6.34502870924366
3840,2025-06-09 23:00,5.41093578159168
3841,2025-06-10 00:00,4.12556130856384
3842,2025-06-10 01:00,3.87355504653559
3843,2025-06-10 02:00,3.4368004279828
3844,2025-06-10 03:00,3.43359796445865
3845,2025-06-10 04:00,3.23974367492151
3846,2025-06-10 05:00,3.1916877283026
3847,2025-06-10 06:00,3.90882450693386
3848,2025-06-10 07:00,4.04655736481095
3849,2025-06-10 08:00,4.25168453233675
3850,2025-06-10 09:00,4.39234961708833
3851,2025-06-10 10:00,4.57432397168558
3852,2025-06-10 11:00,4.88645351589959
3853,2025-06-10 12:00,5.05565210212187
3854,2025-06-10 13:00,5.3020208942965
3855,2025-06-10 14:00,5.42654023045269
3856,2025-06-10 15:00,4.91618508629018
3857,2025-06-10 16:00,5.01923856049522
3858,2025-06-10 17:00,5.04821104197313
3859,2025-06-10 18:00,5.85318105933762
3860,2025-06-10 19:00,6.1592527398549
3861,2025-06-10 20:00,6.01962784051184
3862,2025-06-10 21:00,5.86460408992775
3863,2025-06-10 22:00,5.56636192347916
3864,2025-06-10 23:00,4.7112233649366
3865,2025-06-11 00:00,4.33625913828364
3866,2025-06-11 01:00,3.98800141000554
3867,2025-06-11 02:00,3.79938152841433
3868,2025-06-11 03:00,3.51705230165909
3869,2025-06-11 04:00,3.19274442647101
3870,2025-06-11 05:00,3.31532198067854
3871,2025-06-11 06:00,3.97107530670254
3872,2025-06-11 07:00,4.53177550271236
3873,2025-06-11 08:00,4.81086042821125
3874,2025-06-11 09:00,4.90744085999051
3875,2025-06-11 10:00,4.92939697581377
3876,2025-06-11 11:00,5.29580431541759
3877,2025-06-11 12:00,5.50328993977733
3878,2025-06-11 13:00,5.82642764047276
3879,2025-06-11 14:00,5.7756368195368
3880,2025-06-11 15:00,5.53166290198337
3881,2025-06-11 16:00,5.28810368933341
3882,2025-06-11 17:00,5.40080628316554
3883,2025-06-11 18:00,6.52452826363609
3884,2025-06-11 19:00,6.92883061849037
3885,2025-06-11 20:00,6.88073890277358
3886,2025-06-11 21:00,6.56913328641191
3887,2025-06-11 22:00,6.19189036141559
3888,2025-06-11 23:00,5.22231603103437
3889,2025-06-12 00:00,4.07174621803457
3890,2025-06-12 01:00,3.55479801292379
3891,2025-06-12 02:00,3.40782352885587
3892,2025-06-12 03:00,3.3027707182324
3893,2025-06-12 04:00,3.11896791625677
3894,2025-06-12 05:00,3.14702377162877
3895,2025-06-12 06:00,3.88832561191094
3896,2025-06-12 07:00,4.12981688159944
3897,2025-06-12 08:00,4.37970439397529
3898,2025-06-12 09:00,4.45303663737688
3899,2025-06-12 10:00,4.45770659832747
3900,2025-06-12 11:00,4.7509250301932
3901,2025-06-12 12:00,4.97812137059187
3902,2025-06-12 13:00,4.99489527014963
3903,2025-06-12 14:00,5.03982126946919
3904,2025-06-12 15:00,4.89910207524795
3905,2025-06-12 16:00,4.79527819436455
3906,2025-06-12 17:00,4.9977222699817
3907,2025-06-12 18:00,5.89736722415302
3908,2025-06-12 19:00,6.20703628023766
3909,2025-06-12 20:00,6.2593751609477
3910,2025-06-12 21:00,6.03273335947766
3911,2025-06-12 22:00,5.48703697367408
3912,2025-06-12 23:00,4.76198342128669
3913,2025-06-13 00:00,4.22576032849896
3914,2025-06-13 01:00,3.90117443173398
3915,2025-06-13 02:00,3.58482820428775
3916,2025-06-13 03:00,3.42829515904256
3917,2025-06-13 04:00,3.01608814003817
3918,2025-06-13 05:00,3.02904102083433
3919,2025-06-13 06:00,3.22129535082531
3920,2025-06-13 07:00,3.52365604583699
3921,2025-06-13 08:00,3.84013675217207
3922,2025-06-13 09:00,4.04884183362776
3923,2025-06-13 10:00,4.05344396830986
3924,2025-06-13 11:00,4.5471123065542
3925,2025-06-13 12:00,4.81922912451553
3926,2025-06-13 13:00,4.78351094871141
3927,2025-06-13 14:00,5.11792840383928
3928,2025-06-13 15:00,4.72126897362347
3929,2025-06-13 16:00,4.5473549375831
3930,2025-06-13 17:00,4.68603939475001
3931,2025-06-13 18:00,5.6880373477801
3932,2025-06-13 19:00,6.23677155706343
3933,2025-06-13 20:00,6.3294158855594
3934,2025-06-13 21:00,6.51226315676956
3935,2025-06-13 22:00,6.17552110091164
3936,2025-06-13 23:00,5.08056406381907
3937,2025-06-14 00:00,3.89567000809725
3938,2025-06-14 01:00,3.5552739531612
3939,2025-06-14 02:00,3.31806192065007
3940,2025-06-14 03:00,3.02555342957188
3941,2025-06-14 04:00,2.83225904435641
3942,2025-06-14 05:00,3.00539031068223
3943,2025-06-14 06:00,3.63951875590705
3944,2025-06-14 07:00,4.03336148130101
3945,2025-06-14 08:00,4.20709181736622
3946,2025-06-14 09:00,4.11582173209618
3947,2025-06-14 10:00,4.27189155483812
3948,2025-06-14 11:00,4.3496795297093
3949,2025-06-14 12:00,4.61149079894648
3950,2025-06-14 13:00,5.13082603671403
3951,2025-06-14 14:00,5.10486302941495
3952,2025-06-14 15:00,4.96828514336621
3953,2025-06-14 16:00,4.69925276972305
3954,2025-06-14 17:00,4.80025411637992
3955,2025-06-14 18:00,5.51741466498618
3956,2025-06-14 19:00,5.930366419816
3957,2025-06-14 20:00,5.80975868815061
3958,2025-06-14 21:00,5.80684094062418
3959,2025-06-14 22:00,5.54121735159443
3960,2025-06-14 23:00,4.68665175783248
3961,2025-06-15 00:00,4.31500522923252
3962,2025-06-15 01:00,4.07677902834631
3963,2025-06-15 02:00,3.59390717751595
3964,2025-06-15 03:00,3.33371961102415
3965,2025-06-15 04:00,3.12211650850727
3966,2025-06-15 05:00,3.35639678217967
3967,2025-06-15 06:00,4.16091077338798
3968,2025-06-15 07:00,4.40758161984111
3969,2025-06-15 08:00,4.85236366913109
3970,2025-06-15 09:00,5.00727245383725
3971,2025-06-15 10:00,4.8963676379598
3972,2025-06-15 11:00,5.12017873182973
3973,2025-06-15 12:00,5.26878812858701
3974,2025-06-15 13:00,5.59997425326853
3975,2025-06-15 14:00,5.48852584994294
3976,2025-06-15 15:00,5.27781823605582
3977,2025-06-15 16:00,4.9932768635126
3978,2025-06-15 17:00,5.27694106010329
3979,2025-06-15 18:00,6.01651731248461
3980,2025-06-15 19:00,6.54994490486825
3981,2025-06-15 20:00,6.7002690171326
3982,2025-06-15 21:00,6.47926565487863
3983,2025-06-15 22:00,6.09562811793168
3984,2025-06-15 23:00,4.79345824085077
3985,2025-06-16 00:00,4.26644106712035
3986,2025-06-16 01:00,3.75336381209881
3987,2025-06-16 02:00,3.49186085717438
3988,2025-06-16 03:00,3.34601887856482
3989,2025-06-16 04:00,3.13821216402319
3990,2025-06-16 05:00,3.26258470078082
3991,2025-06-16 06:00,4.02888906951489
3992,2025-06-16 07:00,4.49633167486097
3993,2025-06-16 08:00,4.57609256743254
3994,2025-06-16 09:00,4.65658323575942
3995,2025-06-16 10:00,4.61731472113224
3996,2025-06-16 11:00,5.15998981525616
3997,2025-06-16 12:00,5.46718027501893
3998,2025-06-16 13:00,5.58382334521184
3999,2025-06-16 14:00,5.67761074469669
4000,2025-06-16 15:00,5.21308216162206
4001,2025-06-16 16:00,4.99738629834139
4002,2025-06-16 17:00,5.30669010718654
4003,2025-06-16 18:00,6.07220046522326
4004,2025-06-16 19:00,6.50362142157726
4005,2025-06-16 20:00,6.37941606391971
4006,2025-06-16 21:00,6.25494509892754
4007,2025-06-16 22:00,5.87086198060237
4008,2025-06-16 23:00,4.82501207231755
4009,2025-06-17 00:00,3.8472910066216
4010,2025-06-17 01:00,3.52987327273433
4011,2025-06-17 02:00,3.28279390736584
4012,2025-06-17 03:00,3.07224152712252
4013,2025-06-17 04:00,2.98052860863597
4014,2025-06-17 05:00,2.97537550391903
4015,2025-06-17 06:00,3.5909424203964
4016,2025-06-17 07:00,4.01820541561209
4017,2025-06-17 08:00,4.2350111067505
4018,2025-06-17 09:00,4.26058558898667
4019,2025-06-17 10:00,4.45713020067826
4020,2025-06-17 11:00,4.72847120418073
4021,2025-06-17 12:00,4.9553164563337
4022,2025-06-17 13:00,5.09336362967867
4023,2025-06-17 14:00,5.05273124952777
4024,2025-06-17 15:00,4.7759907271529
4025,2025-06-17 16:00,4.52307351004365
4026,2025-06-17 17:00,4.62032620148324
4027,2025-06-17 18:00,5.39875623522953
4028,2025-06-17 19:00,5.95222145974328
4029,2025-06-17 20:00,5.96201937838595
4030,2025-06-17 21:00,5.69666634198555
4031,2025-06-17 22:00,5.15907691838606
4032,2025-06-17 23:00,4.44308779853353
4033,2025-06-18 00:00,4.05712710460396
4034,2025-06-18 01:00,3.75452433098831
4035,2025-06-18 02:00,3.38129333763711
4036,2025-06-18 03:00,3.24473269529823
4037,2025-06-18 04:00,3.13107244551111
4038,2025-06-18 05:00,3.13842668768592
4039,2025-06-18 06:00,3.83843251591684
4040,2025-06-18 07:00,4.21612091967075
4041,2025-06-18 08:00,4.49756204482979
4042,2025-06-18 09:00,4.61035648760244
4043,2025-06-18 10:00,4.68636950158952
4044,2025-06-18 11:00,4.97845553735166
4045,2025-06-18 12:00,5.34280670781257
4046,2025-06-18 13:00,5.28173657712499
4047,2025-06-18 14:00,5.08518381578242
4048,2025-06-18 15:00,4.99234617406421
4049,2025-06-18 16:00,4.90032151572846
4050,2025-06-18 17:00,5.2535537312769
4051,2025-06-18 18:00,6.04813003777701
4052,2025-06-18 19:00,6.68341650245387
4053,2025-06-18 20:00,6.51504883380636
4054,2025-06-18 21:00,6.32261880100507
4055,2025-06-18 22:00,5.94042661225135
4056,2025-06-18 23:00,4.97623488848587
4057,2025-06-19 00:00,4.05694469283606
4058,2025-06-19 01:00,3.64071534392864
4059,2025-06-19 02:00,3.27149865719836
4060,2025-06-19 03:00,3.0822416802789
4061,2025-06-19 04:00,2.90894414554371
4062,2025-06-19 05:00,3.06215381159877
4063,2025-06-19 06:00,3.7693896677812
4064,2025-06-19 07:00,4.15388770683737
4065,2025-06-19 08:00,4.40990334962292
4066,2025-06-19 09:00,4.40520977414427
4067,2025-06-19 10:00,4.34763448652543
4068,2025-06-19 11:00,4.54216748378802
4069,2025-06-19 12:00,4.844154634575
4070,2025-06-19 13:00,4.88750032470618
4071,2025-06-19 14:00,4.95337484718287
4072,2025-06-19 15:00,4.75821347679049
4073,2025-06-19 16:00,4.80120794337661
4074,2025-06-19 17:00,4.86299556641971
4075,2025-06-19 18:00,5.76171982806083
4076,2025-06-19 19:00,6.28029884677283
4077,2025-06-19 20:00,6.34485380454257
4078,2025-06-19 21:00,6.20735736600977
4079,2025-06-19 22:00,5.52252352054995
4080,2025-06-19 23:00,4.55935439158083
4081,2025-06-20 00:00,4.33006749489827
4082,2025-06-20 01:00,3.88851985664938
4083,2025-06-20 02:00,3.60557423627364
4084,2025-06-20 03:00,3.4540609570986
4085,2025-06-20 04:00,3.27951031842195
4086,2025-06-20 05:00,3.36659683104479
4087,2025-06-20 06:00,3.80367683913114
4088,2025-06-20 07:00,4.130001590434
4089,2025-06-20 08:00,4.20250367392986
4090,2025-06-20 09:00,4.39686584174751
4091,2025-06-20 10:00,4.29981431311769
4092,2025-06-20 11:00,4.52643453674307
4093,2025-06-20 12:00,4.79278953789109
4094,2025-06-20 13:00,4.84730871069908
4095,2025-06-20 14:00,5.43714350565062
4096,2025-06-20 15:00,5.29094699552789
4097,2025-06-20 16:00,5.1145622435326
4098,2025-06-20 17:00,5.38400567186051
4099,2025-06-20 18:00,6.03284868052336
4100,2025-06-20 19:00,6.63225530260434
4101,2025-06-20 20:00,6.77344611426727
4102,2025-06-20 21:00,6.40212356842943
4103,2025-06-20 22:00,5.92111839021837
4104,2025-06-20 23:00,4.78035118592186
4105,2025-06-21 00:00,4.03879976582692
4106,2025-06-21 01:00,3.64209443713113
4107,2025-06-21 02:00,3.42664104674014
4108,2025-06-21 03:00,3.14443036662985
4109,2025-06-21 04:00,3.0431322352291
4110,2025-06-21 05:00,3.12616421572906
4111,2025-06-21 06:00,3.77065137324136
4112,2025-06-21 07:00,4.22143863363925
4113,2025-06-21 08:00,4.32748031573833
4114,2025-06-21 09:00,4.26483626166162
4115,2025-06-21 10:00,4.4690057117087
4116,2025-06-21 11:00,4.77050084452708
4117,2025-06-21 12:00,4.92615391986763
4118,2025-06-21 13:00,4.83494261090464
4119,2025-06-21 14:00,4.85930062359513
4120,2025-06-21 15:00,4.61555649802936
4121,2025-06-21 16:00,4.49731153922966
4122,2025-06-21 17:00,4.77346724433807
4123,2025-06-21 18:00,5.67299852885576
4124,2025-06-21 19:00,5.97478874101999
4125,2025-06-21 20:00,5.96767319059007
4126,2025-06-21 21:00,5.67289198311955
4127,2025-06-21 22:00,5.11953910831089
4128,2025-06-21 23:00,4.56192563333987
4129,2025-06-22 00:00,4.39345499365149
4130,2025-06-22 01:00,3.87094515503939
4131,2025-06-22 02:00,3.61080617914957
4132,2025-06-22 03:00,3.50850997698706
4133,2025-06-22 04:00,3.28370127998331
4134,2025-06-22 05:00,3.239977509485
4135,2025-06-22 06:00,4.08785644251873
4136,2025-06-22 07:00,4.43094006370675
4137,2025-06-22 08:00,4.52643357108228
4138,2025-06-22 09:00,4.38817646341565
4139,2025-06-22 10:00,4.58610877585606
4140,2025-06-22 11:00,4.72365129389345
4141,2025-06-22 12:00,4.98422603822947
4142,2025-06-22 13:00,5.09321746912269
4143,2025-06-22 14:00,5.29788488529419
4144,2025-06-22 15:00,5.2129940647578
4145,2025-06-22 16:00,4.89803107058713
4146,2025-06-22 17:00,5.38181015780901
4147,2025-06-22 18:00,6.33586618478832
4148,2025-06-22 19:00,6.78738461363837
4149,2025-06-22 20:00,6.36330741951812
4150,2025-06-22 21:00,6.21539403683661
4151,2025-06-22 22:00,6.05938984236128
4152,2025-06-22 23:00,5.08783416265401
4153,2025-06-23 00:00,4.14396720866636
4154,2025-06-23 01:00,3.73481057894469
4155,2025-06-23 02:00,3.46086279748306
4156,2025-06-23 03:00,3.24911883721887
4157,2025-06-23 04:00,2.98274396902191
4158,2025-06-23 05:00,3.08220944467278
4159,2025-06-23 06:00,3.81821266971727
4160,2025-06-23 07:00,4.22839570033529
4161,2025-06-23 08:00,4.30326579982992
4162,2025-06-23 09:00,4.50664908939022
4163,2025-06-23 10:00,4.52915347123056
4164,2025-06-23 11:00,4.86754665297751
4165,2025-06-23 12:00,5.21717323097185
4166,2025-06-23 13:00,5.42927255223627
4167,2025-06-23 14:00,5.43789141964882
4168,2025-06-23 15:00,4.98500838112692
4169,2025-06-23 16:00,5.00313847251713
4170,2025-06-23 17:00,4.87575860210996
4171,2025-06-23 18:00,5.78976882710465
4172,2025-06-23 19:00,6.30542293310863
4173,2025-06-23 20:00,6.36735409509315
4174,2025-06-23 21:00,5.96509516731329
4175,2025-06-23 22:00,5.73083152460495
4176,2025-06-23 23:00,4.71028805940754
4177,2025-06-24 00:00,4.23809852682065
4178,2025-06-24 01:00,4.05432721708585
4179,2025-06-24 02:00,3.74220678091252
4180,2025-06-24 03:00,3.57817961205063
4181,2025-06-24 04:00,3.33638785554534
4182,2025-06-24 05:00,3.32018614401183
4183,2025-06-24 06:00,4.21245229272494
4184,2025-06-24 07:00,4.64630307066738
4185,2025-06-24 08:00,4.74517702501425
4186,2025-06-24 09:00,4.96632609630915
4187,2025-06-24 10:00,5.05937511564663
4188,2025-06-24 11:00,5.3943713983037
4189,2025-06-24 12:00,5.5523630784027
4190,2025-06-24 13:00,5.93684875172038
4191,2025-06-24 14:00,6.05363827177745
4192,2025-06-24 15:00,5.76584117394979
4193,2025-06-24 16:00,5.3245151782903
4194,2025-06-24 17:00,5.6754284940893
4195,2025-06-24 18:00,6.55805554620061
4196,2025-06-24 19:00,7.15963511185792
4197,2025-06-24 20:00,6.98091781215101
4198,2025-06-24 21:00,6.82803699589938
4199,2025-06-24 22:00,6.32527146204691
4200,2025-06-24 23:00,5.12504692002699
4201,2025-06-25 00:00,3.87853406960572
4202,2025-06-25 01:00,3.62344266453397
4203,2025-06-25 02:00,3.28031525840425
4204,2025-06-25 03:00,3.19121326069714
4205,2025-06-25 04:00,3.03599182668261
4206,2025-06-25 05:00,3.11240940687168
4207,2025-06-25 06:00,3.66011838064977
4208,2025-06-25 07:00,3.95962467842698
4209,2025-06-25 08:00,4.39961563816331
4210,2025-06-25 09:00,4.40057502656466
4211,2025-06-25 10:00,4.65823229308051
4212,2025-06-25 11:00,4.80385371789674
4213,2025-06-25 12:00,4.63360770400852
4214,2025-06-25 13:00,4.52017846852543
4215,2025-06-25 14:00,4.70696700029501
4216,2025-06-25 15:00,4.66078948506223
4217,2025-06-25 16:00,4.53892943232369
4218,2025-06-25 17:00,4.75433396419714
4219,2025-06-25 18:00,5.4898556655524
4220,2025-06-25 19:00,5.98180335406057
4221,2025-06-25 20:00,5.96857423425017
4222,2025-06-25 21:00,5.83532570186571
4223,2025-06-25 22:00,5.4094887473224
4224,2025-06-25 23:00,4.57826675266174
4225,2025-06-26 00:00,3.93638899626863
4226,2025-06-26 01:00,3.70445719812847
4227,2025-06-26 02:00,3.33040789516234
4228,2025-06-26 03:00,3.05160521306811
4229,2025-06-26 04:00,2.96778197518778
4230,2025-06-26 05:00,3.08810129098476
4231,2025-06-26 06:00,3.71736923569633
4232,2025-06-26 07:00,4.0893321969154
4233,2025-06-26 08:00,4.42485532065895
4234,2025-06-26 09:00,4.31789606535531
4235,2025-06-26 10:00,4.61162505034173
4236,2025-06-26 11:00,4.90317961175333
4237,2025-06-26 12:00,5.0127139622305
4238,2025-06-26 13:00,5.0670378483569
4239,2025-06-26 14:00,5.01585338041125
4240,2025-06-26 15:00,4.95456079450964
4241,2025-06-26 16:00,4.77921699422217
4242,2025-06-26 17:00,4.9220697849875
4243,2025-06-26 18:00,5.71822016149593
4244,2025-06-26 19:00,6.49923695099162
4245,2025-06-26 20:00,6.3194474548836
4246,2025-06-26 21:00,5.80208380298332
4247,2025-06-26 22:00,5.28725542109937
4248,2025-06-26 23:00,4.4906140617032
4249,2025-06-27 00:00,3.88650465926091
4250,2025-06-27 01:00,3.63871170790499
4251,2025-06-27 02:00,3.44561182529162
4252,2025-06-27 03:00,3.11387929235283
4253,2025-06-27 04:00,2.84420144101821
4254,2025-06-27 05:00,2.83936642830761
4255,2025-06-27 06:00,3.27802174284587
4256,2025-06-27 07:00,3.73830478793831
4257,2025-06-27 08:00,3.87902897246186
4258,2025-06-27 09:00,3.88260019454852
4259,2025-06-27 10:00,4.00877916734104
4260,2025-06-27 11:00,4.25046615903575
4261,2025-06-27 12:00,4.3777066044908
4262,2025-06-27 13:00,4.54638420738398
4263,2025-06-27 14:00,5.20629044179022
4264,2025-06-27 15:00,4.76479705979346
4265,2025-06-27 16:00,4.42563881524091
4266,2025-06-27 17:00,4.90840996684069
4267,2025-06-27 18:00,5.52223408041349
4268,2025-06-27 19:00,6.00513448042398
4269,2025-06-27 20:00,5.87688767238887
4270,2025-06-27 21:00,5.81516412721095
4271,2025-06-27 22:00,5.61369265322339
4272,2025-06-27 23:00,4.55445513229672
4273,2025-06-28 00:00,4.10807389681613
4274,2025-06-28 01:00,3.82949591431596
4275,2025-06-28 02:00,3.53321885022966
4276,2025-06-28 03:00,3.4435799782911
4277,2025-06-28 04:00,3.29766060250161
4278,2025-06-28 05:00,3.33225193386702
4279,2025-06-28 06:00,4.19874848501522
4280,2025-06-28 07:00,4.52031529252924
4281,2025-06-28 08:00,4.83803170740029
4282,2025-06-28 09:00,4.84818081887379
4283,2025-06-28 10:00,4.73890875393844
4284,2025-06-28 11:00,5.02437861333378
4285,2025-06-28 12:00,5.35495603357038
4286,2025-06-28 13:00,5.58684545136073
4287,2025-06-28 14:00,5.33033173023771
4288,2025-06-28 15:00,5.1439716382344
4289,2025-06-28 16:00,4.88930832431568
4290,2025-06-28 17:00,5.04379748296339
4291,2025-06-28 18:00,5.86395701933858
4292,2025-06-28 19:00,6.32921474212166
4293,2025-06-28 20:00,6.41819414118163
4294,2025-06-28 21:00,6.06859720845417
4295,2025-06-28 22:00,5.70605689598517
4296,2025-06-28 23:00,4.78461969340799
4297,2025-06-29 00:00,4.04332267199461
4298,2025-06-29 01:00,3.64335100800612
4299,2025-06-29 02:00,3.34814342370592
4300,2025-06-29 03:00,3.22049219884406
4301,2025-06-29 04:00,3.03364455594007
4302,2025-06-29 05:00,3.15195253341055
4303,2025-06-29 06:00,3.8302619259433
4304,2025-06-29 07:00,4.52358286689849
4305,2025-06-29 08:00,4.85475243458518
4306,2025-06-29 09:00,4.83565792265203
4307,2025-06-29 10:00,4.8054519677765
4308,2025-06-29 11:00,4.84262529690769
4309,2025-06-29 12:00,5.23328423051283
4310,2025-06-29 13:00,5.09994814294166
4311,2025-06-29 14:00,4.98158633625828
4312,2025-06-29 15:00,4.82114866533944
4313,2025-06-29 16:00,4.72332497886751
4314,2025-06-29 17:00,4.92142452837314
4315,2025-06-29 18:00,6.03625612385196
4316,2025-06-29 19:00,6.27461104656419
4317,2025-06-29 20:00,6.38969085878701
4318,2025-06-29 21:00,6.02903152111093
4319,2025-06-29 22:00,5.56129146262041
4320,2025-06-29 23:00,4.95163828891888
4321,2025-06-30 00:00,3.93345763041618
4322,2025-06-30 01:00,3.6963609644979
4323,2025-06-30 02:00,3.3716381491472
4324,2025-06-30 03:00,3.08823350332786
4325,2025-06-30 04:00,3.01064082934921
4326,2025-06-30 05:00,3.00173136580379
4327,2025-06-30 06:00,3.71195825262619
4328,2025-06-30 07:00,3.9981680281322
4329,2025-06-30 08:00,4.32786823769568
4330,2025-06-30 09:00,4.29513615949293
4331,2025-06-30 10:00,4.41960226571102
4332,2025-06-30 11:00,4.82921469519228
4333,2025-06-30 12:00,5.11146651622707
4334,2025-06-30 13:00,5.14805469960314
4335,2025-06-30 14:00,5.23302677961013
4336,2025-06-30 15:00,5.18482805097008
4337,2025-06-30 16:00,4.7762160628562
4338,2025-06-30 17:00,4.93453208943806
4339,2025-06-30 18:00,5.54113991029279
4340,2025-06-30 19:00,5.9212627803919
4341,2025-06-30 20:00,5.90484074454551
4342,2025-06-30 21:00,5.75450008487477
4343,2025-06-30 22:00,5.17568552964268
4344,2025-06-30 23:00,4.52309931485872
4345,2025-07-01 00:00,4.00278624981606
4346,2025-07-01 01:00,3.61510940875843
4347,2025-07-01 02:00,3.37664533405543
4348,2025-07-01 03:00,3.28718485100471
4349,2025-07-01 04:00,3.12489633375846
4350,2025-07-01 05:00,3.23576265914227
4351,2025-07-01 06:00,3.83571333110491
4352,2025-07-01 07:00,4.24815619357415
4353,2025-07-01 08:00,4.25380413451226
4354,2025-07-01 09:00,4.3942304581204
4355,2025-07-01 10:00,4.52863946122388
4356,2025-07-01 11:00,4.53151917362931
4357,2025-07-01 12:00,4.79365844486389
4358,2025-07-01 13:00,5.12466946488122
4359,2025-07-01 14:00,5.4766852150472
4360,2025-07-01 15:00,5.04488819331827
4361,2025-07-01 16:00,4.67703770123494
4362,2025-07-01 17:00,4.82635971180857
4363,2025-07-01 18:00,5.66238281269389
4364,2025-07-01 19:00,6.45748447218021
4365,2025-07-01 20:00,6.21578660713167
4366,2025-07-01 21:00,6.18580156543168
4367,2025-07-01 22:00,5.5016729242698
4368,2025-07-01 23:00,4.87954629330019
4369,2025-07-02 00:00,4.45480487547502
4370,2025-07-02 01:00,4.10952172045381
4371,2025-07-02 02:00,3.70164076572081
4372,2025-07-02 03:00,3.53148933793455
4373,2025-07-02 04:00,3.2256741040583
4374,2025-07-02 05:00,3.27387605415643
4375,2025-07-02 06:00,4.17288436707419
4376,2025-07-02 07:00,4.76974352556981
4377,2025-07-02 08:00,5.10228692844995
4378,2025-07-02 09:00,5.13665032679693
4379,2025-07-02 10:00,5.33711876283668
4380,2025-07-02 11:00,5.2638521655252
4381,2025-07-02 12:00,5.39618871471253
4382,2025-07-02 13:00,5.43721204289852
4383,2025-07-02 14:00,5.58516539781474
4384,2025-07-02 15:00,5.26533488193404
4385,2025-07-02 16:00,4.95623146736209
4386,2025-07-02 17:00,5.36045281190001
4387,2025-07-02 18:00,6.37967068249998
4388,2025-07-02 19:00,6.80861963867587
4389,2025-07-02 20:00,6.61610915472563
4390,2025-07-02 21:00,6.15726200231766
4391,2025-07-02 22:00,5.70974814221229
4392,2025-07-02 23:00,4.86999549146974
4393,2025-07-03 00:00,4.14672505777979
4394,2025-07-03 01:00,3.81353378492727
4395,2025-07-03 02:00,3.57372912138059
4396,2025-07-03 03:00,3.30756211075586
4397,2025-07-03 04:00,3.21469486638097
4398,2025-07-03 05:00,3.23703584892985
4399,2025-07-03 06:00,3.91509232030576
4400,2025-07-03 07:00,4.41123682568615
4401,2025-07-03 08:00,4.48638668982224
4402,2025-07-03 09:00,4.46464341961176
4403,2025-07-03 10:00,4.74678008946274
4404,2025-07-03 11:00,4.98663969639799
4405,2025-07-03 12:00,5.24855919356254
4406,2025-07-03 13:00,5.244647513713
4407,2025-07-03 14:00,5.34206674807579
4408,2025-07-03 15:00,4.9768695077926
4409,2025-07-03 16:00,4.66569525366005
4410,2025-07-03 17:00,5.03316528852692
4411,2025-07-03 18:00,5.8067762519315
4412,2025-07-03 19:00,6.30051969362027
4413,2025-07-03 20:00,6.13021023756833
4414,2025-07-03 21:00,5.92229441670088
4415,2025-07-03 22:00,5.51888668950556
4416,2025-07-03 23:00,4.65279143838107
4417,2025-07-04 00:00,4.2569781553035
4418,2025-07-04 01:00,3.71454514719559
4419,2025-07-04 02:00,3.45862129300324
4420,2025-07-04 03:00,3.15182382480056
4421,2025-07-04 04:00,2.99132452065679
4422,2025-07-04 05:00,3.19170383908626
4423,2025-07-04 06:00,3.40167628156877
4424,2025-07-04 07:00,3.9460493399407
4425,2025-07-04 08:00,3.9884672428723
4426,2025-07-04 09:00,4.15633619038497
4427,2025-07-04 10:00,4.25588825310399
4428,2025-07-04 11:00,4.60183907068388
4429,2025-07-04 12:00,4.73931102777821
4430,2025-07-04 13:00,4.81535443274761
4431,2025-07-04 14:00,5.26800574167423
4432,2025-07-04 15:00,4.97284089541138
4433,2025-07-04 16:00,5.07378572479696
4434,2025-07-04 17:00,5.24461739857171
4435,2025-07-04 18:00,6.01279766400282
4436,2025-07-04 19:00,6.60306097702048
4437,2025-07-04 20:00,6.71491692941515
4438,2025-07-04 21:00,6.48351522403241
4439,2025-07-04 22:00,6.04868134744372
4440,2025-07-04 23:00,4.8001830664582
4441,2025-07-05 00:00,3.77539267604958
4442,2025-07-05 01:00,3.45681410905103
4443,2025-07-05 02:00,3.11345531267107
4444,2025-07-05 03:00,3.01583076263411
4445,2025-07-05 04:00,2.94714404989476
4446,2025-07-05 05:00,2.99667322389567
4447,2025-07-05 06:00,3.59760890111706
4448,2025-07-05 07:00,4.13145799517622
4449,2025-07-05 08:00,4.23929420006139
4450,2025-07-05 09:00,4.26186735065933
4451,2025-07-05 10:00,4.25985255198101
4452,2025-07-05 11:00,4.68912239782734
4453,2025-07-05 12:00,4.83939949451137
4454,2025-07-05 13:00,4.98031879804066
4455,2025-07-05 14:00,5.00831518749493
4456,2025-07-05 15:00,4.64652794161194
4457,2025-07-05 16:00,4.47989910169889
4458,2025-07-05 17:00,4.88264721384158
4459,2025-07-05 18:00,5.4886456128151
4460,2025-07-05 19:00,6.11082238235145
4461,2025-07-05 20:00,6.24393289498002
4462,2025-07-05 21:00,5.94732206360739
4463,2025-07-05 22:00,5.54537881981113
4464,2025-07-05 23:00,4.65479608008695
4465,2025-07-06 00:00,3.93013833404256
4466,2025-07-06 01:00,3.47247343820408
4467,2025-07-06 02:00,3.14895688844278
4468,2025-07-06 03:00,2.95547521833896
4469,2025-07-06 04:00,2.81546236620376
4470,2025-07-06 05:00,2.88334923852903
4471,2025-07-06 06:00,3.55917366082482
4472,2025-07-06 07:00,3.8560575683334
4473,2025-07-06 08:00,4.07898466853463
4474,2025-07-06 09:00,4.0414301666571
4475,2025-07-06 10:00,4.22083451026837
4476,2025-07-06 11:00,4.48014889592391
4477,2025-07-06 12:00,4.5301915732255
4478,2025-07-06 13:00,4.58658841454873
4479,2025-07-06 14:00,4.66201988769922
4480,2025-07-06 15:00,4.47048670615256
4481,2025-07-06 16:00,4.3260249723708
4482,2025-07-06 17:00,4.76074180878518
4483,2025-07-06 18:00,5.50607881299663
4484,2025-07-06 19:00,6.09117418763382
4485,2025-07-06 20:00,5.89922351743985
4486,2025-07-06 21:00,5.6149309708769
4487,2025-07-06 22:00,5.45272161505777
4488,2025-07-06 23:00,4.51081971323966
4489,2025-07-07 00:00,4.35783480341238
4490,2025-07-07 01:00,3.81191477495327
4491,2025-07-07 02:00,3.50459429823238
4492,2025-07-07 03:00,3.21613261307003
4493,2025-07-07 04:00,3.00621520202472
4494,2025-07-07 05:00,3.10930633761712
4495,2025-07-07 06:00,3.95316279920269
4496,2025-07-07 07:00,4.29443406249006
4497,2025-07-07 08:00,4.56949591257741
4498,2025-07-07 09:00,4.73264377303182
4499,2025-07-07 10:00,4.83080491561303
4500,2025-07-07 11:00,4.88598387595616
4501,2025-07-07 12:00,5.28101389093522
4502,2025-07-07 13:00,5.39137089898788
4503,2025-07-07 14:00,5.46435776396606
4504,2025-07-07 15:00,5.31627451008965
4505,2025-07-07 16:00,5.25320629542061
4506,2025-07-07 17:00,5.46721495568014
4507,2025-07-07 18:00,6.07612847245559
4508,2025-07-07 19:00,6.60814687916148
4509,2025-07-07 20:00,6.33848937340534
4510,2025-07-07 21:00,6.26189235485881
4511,2025-07-07 22:00,5.67672796570698
4512,2025-07-07 23:00,4.73293024002646
4513,2025-07-08 00:00,4.24750682888702
4514,2025-07-08 01:00,3.86763229496049
4515,2025-07-08 02:00,3.54297080229851
4516,2025-07-08 03:00,3.33029838094506
4517,2025-07-08 04:00,3.23093285297968
4518,2025-07-08 05:00,3.27872579070648
4519,2025-07-08 06:00,4.13425984172398
4520,2025-07-08 07:00,4.43813423490245
4521,2025-07-08 08:00,4.70821439583103
4522,2025-07-08 09:00,4.91705417990558
4523,2025-07-08 10:00,4.85503439899692
4524,2025-07-08 11:00,5.07316806861555
4525,2025-07-08 12:00,5.08515584715007
4526,2025-07-08 13:00,5.36066416749662
4527,2025-07-08 14:00,5.3537786945112
4528,2025-07-08 15:00,5.14499505660625
4529,2025-07-08 16:00,4.93108835719385
4530,2025-07-08 17:00,5.16717107580382
4531,2025-07-08 18:00,5.75066234538168
4532,2025-07-08 19:00,6.22304267308862
4533,2025-07-08 20:00,6.37581743518808
4534,2025-07-08 21:00,6.47144485058949
4535,2025-07-08 22:00,5.96451190190226
4536,2025-07-08 23:00,4.9595686345127
4537,2025-07-09 00:00,4.04753052035122
4538,2025-07-09 01:00,3.70476369733108
4539,2025-07-09 02:00,3.44239969862373
4540,2025-07-09 03:00,3.19205210188814
4541,2025-07-09 04:00,2.9236089620262
4542,2025-07-09 05:00,2.88190710697564
4543,2025-07-09 06:00,3.60856991385513
4544,2025-07-09 07:00,3.87944464829855
4545,2025-07-09 08:00,4.07022072118129
4546,2025-07-09 09:00,4.26686216012852
4547,2025-07-09 10:00,4.42484796379652
4548,2025-07-09 11:00,4.72427274494304
4549,2025-07-09 12:00,4.74447438038391
4550,2025-07-09 13:00,4.84128938837894
4551,2025-07-09 14:00,4.96192309519456
4552,2025-07-09 15:00,4.93918445219251
4553,2025-07-09 16:00,4.81072296807822
4554,2025-07-09 17:00,5.17094945230806
4555,2025-07-09 18:00,6.01659470617869
4556,2025-07-09 19:00,6.37933476758275
4557,2025-07-09 20:00,6.14968549811967
4558,2025-07-09 21:00,5.95514039958628
4559,2025-07-09 22:00,5.43307791604832
4560,2025-07-09 23:00,4.59737363572652
4561,2025-07-10 00:00,3.80591437346814
4562,2025-07-10 01:00,3.46019704247601
4563,2025-07-10 02:00,3.17505653221882
4564,2025-07-10 03:00,3.00172257325119
4565,2025-07-10 04:00,2.74142729926583
4566,2025-07-10 05:00,2.92232881265716
4567,2025-07-10 06:00,3.44863086934498
4568,2025-07-10 07:00,3.77730939752358
4569,2025-07-10 08:00,4.02353354003762
4570,2025-07-10 09:00,4.25049821532343
4571,2025-07-10 10:00,4.32593936152805
4572,2025-07-10 11:00,4.47189279251315
4573,2025-07-10 12:00,4.68829595617486
4574,2025-07-10 13:00,4.77617437078442
4575,2025-07-10 14:00,5.03693217344784
4576,2025-07-10 15:00,4.86802830982738
4577,2025-07-10 16:00,4.67319710924179
4578,2025-07-10 17:00,4.87540611960913
4579,2025-07-10 18:00,5.75086659942231
4580,2025-07-10 19:00,5.79354461068951
4581,2025-07-10 20:00,5.83066624305488
4582,2025-07-10 21:00,5.5195358949858
4583,2025-07-10 22:00,5.15636910458653
4584,2025-07-10 23:00,4.31021874101074
4585,2025-07-11 00:00,3.81345837381172
4586,2025-07-11 01:00,3.47017706649477
4587,2025-07-11 02:00,3.09568966771753
4588,2025-07-11 03:00,3.05224905505107
4589,2025-07-11 04:00,2.87445178986404
4590,2025-07-11 05:00,2.98698343914473
4591,2025-07-11 06:00,3.19826243886046
4592,2025-07-11 07:00,3.56115873149806
4593,2025-07-11 08:00,3.72262542056673
4594,2025-07-11 09:00,3.66903834100367
4595,2025-07-11 10:00,3.72143341562595
4596,2025-07-11 11:00,4.18288022827984
4597,2025-07-11 12:00,4.28062304698719
4598,2025-07-11 13:00,4.30100600734901
4599,2025-07-11 14:00,4.90796273836864
4600,2025-07-11 15:00,4.80004792562784
4601,2025-07-11 16:00,4.36188969585484
4602,2025-07-11 17:00,4.80794092070782
4603,2025-07-11 18:00,5.43949216436601
4604,2025-07-11 19:00,5.80397494907859
4605,2025-07-11 20:00,5.74577668071812
4606,2025-07-11 21:00,5.79491536606398
4607,2025-07-11 22:00,5.15651482148034
4608,2025-07-11 23:00,4.15945128290631
4609,2025-07-12 00:00,3.99421624477497
4610,2025-07-12 01:00,3.76956078857288
4611,2025-07-12 02:00,3.46832007502954
4612,2025-07-12 03:00,3.27426578895303
4613,2025-07-12 04:00,2.98194546135382
4614,2025-07-12 05:00,3.12274728504389
4615,2025-07-12 06:00,3.86521672953736
4616,2025-07-12 07:00,4.32727664660406
4617,2025-07-12 08:00,4.49279004462216
4618,2025-07-12 09:00,4.50013099742927
4619,2025-07-12 10:00,4.42625141049178
4620,2025-07-12 11:00,4.77183224787429
4621,2025-07-12 12:00,4.89779310529084
4622,2025-07-12 13:00,5.34328806199313
4623,2025-07-12 14:00,5.58273773569866
4624,2025-07-12 15:00,5.39635956017951
4625,2025-07-12 16:00,5.25227935493571
4626,2025-07-12 17:00,5.43443271737297
4627,2025-07-12 18:00,6.29915221181678
4628,2025-07-12 19:00,6.52058389881569
4629,2025-07-12 20:00,6.56619769088922
4630,2025-07-12 21:00,6.26699791176047
4631,2025-07-12 22:00,5.76920845234195
4632,2025-07-12 23:00,4.94408144277715
4633,2025-07-13 00:00,4.40058191589478
4634,2025-07-13 01:00,3.9702738644819
4635,2025-07-13 02:00,3.78406841455651
4636,2025-07-13 03:00,3.47740836287921
4637,2025-07-13 04:00,3.27638446305256
4638,2025-07-13 05:00,3.49466585761391
4639,2025-07-13 06:00,4.21113890257602
4640,2025-07-13 07:00,4.61105713217305
4641,2025-07-13 08:00,4.72790066004905
4642,2025-07-13 09:00,4.80620355662605
4643,2025-07-13 10:00,5.0646903206719
4644,2025-07-13 11:00,5.33927082204176
4645,2025-07-13 12:00,5.51664511034405
4646,2025-07-13 13:00,5.32642103006242
4647,2025-07-13 14:00,5.15602114362321
4648,2025-07-13 15:00,5.26604450648459
4649,2025-07-13 16:00,5.07279423765369
4650,2025-07-13 17:00,5.42453662547899
4651,2025-07-13 18:00,6.21628136428375
4652,2025-07-13 19:00,6.81544244237616
4653,2025-07-13 20:00,7.1042287532651
4654,2025-07-13 21:00,6.7466421494438
4655,2025-07-13 22:00,6.11773567646019
4656,2025-07-13 23:00,5.19508571073696
4657,2025-07-14 00:00,4.29908820644933
4658,2025-07-14 01:00,3.83612326233344
4659,2025-07-14 02:00,3.62439742735053
4660,2025-07-14 03:00,3.38878181381523
4661,2025-07-14 04:00,3.27194020868877
4662,2025-07-14 05:00,3.33111402792849
4663,2025-07-14 06:00,3.9012769765733
4664,2025-07-14 07:00,4.22221590846249
4665,2025-07-14 08:00,4.36400544471365
4666,2025-07-14 09:00,4.69321674798296
4667,2025-07-14 10:00,4.84844062488332
4668,2025-07-14 11:00,5.12627921461623
4669,2025-07-14 12:00,5.16879241163678
4670,2025-07-14 13:00,5.19348444840059
4671,2025-07-14 14:00,5.30001444457833
4672,2025-07-14 15:00,5.04483399385837
4673,2025-07-14 16:00,4.79571495113978
4674,2025-07-14 17:00,5.2172461487141
4675,2025-07-14 18:00,5.52370489953226
4676,2025-07-14 19:00,6.07765822861181
4677,2025-07-14 20:00,6.19528502569059
4678,2025-07-14 21:00,5.8937382288967
4679,2025-07-14 22:00,5.83931364899559
4680,2025-07-14 23:00,4.82219335421225
4681,2025-07-15 00:00,4.00175359969639
4682,2025-07-15 01:00,3.64319053769836
4683,2025-07-15 02:00,3.58787960214619
4684,2025-07-15 03:00,3.33797421309289
4685,2025-07-15 04:00,3.16669292216773
4686,2025-07-15 05:00,3.17151174403764
4687,2025-07-15 06:00,3.86169765688065
4688,2025-07-15 07:00,4.38944025628248
4689,2025-07-15 08:00,4.63567569455641
4690,2025-07-15 09:00,4.57391682089772
4691,2025-07-15 10:00,4.73250341586359
4692,2025-07-15 11:00,5.21096067008959
4693,2025-07-15 12:00,5.28980683134768
4694,2025-07-15 13:00,5.43901825317149
4695,2025-07-15 14:00,5.09738608593735
4696,2025-07-15 15:00,5.067100087992
4697,2025-07-15 16:00,5.045440688157
4698,2025-07-15 17:00,5.48748890434372
4699,2025-07-15 18:00,6.33910005533613
4700,2025-07-15 19:00,6.68623963641575
4701,2025-07-15 20:00,6.79966771258339
4702,2025-07-15 21:00,6.31041616660504
4703,2025-07-15 22:00,5.75554150545201
4704,2025-07-15 23:00,4.96112529295463
4705,2025-07-16 00:00,4.34391504738452
4706,2025-07-16 01:00,4.18716881342535
4707,2025-07-16 02:00,3.69679677842804
4708,2025-07-16 03:00,3.46417981602772
4709,2025-07-16 04:00,3.24574614309163
4710,2025-07-16 05:00,3.20474888006243
4711,2025-07-16 06:00,3.87301874949929
4712,2025-07-16 07:00,4.24656880908032
4713,2025-07-16 08:00,4.35414733005094
4714,2025-07-16 09:00,4.79848283497802
4715,2025-07-16 10:00,4.8499931057252
4716,2025-07-16 11:00,5.14840681572379
4717,2025-07-16 12:00,5.43972751260848
4718,2025-07-16 13:00,5.40236803352073
4719,2025-07-16 14:00,5.48174558917832
4720,2025-07-16 15:00,5.12902089567824
4721,2025-07-16 16:00,5.16619473293863
4722,2025-07-16 17:00,5.18568215027515
4723,2025-07-16 18:00,6.18323712073999
4724,2025-07-16 19:00,6.4221103143059
4725,2025-07-16 20:00,6.34990089450541
4726,2025-07-16 21:00,6.27298536366323
4727,2025-07-16 22:00,5.72701006828014
4728,2025-07-16 23:00,4.86692017879007
4729,2025-07-17 00:00,3.8025960979791
4730,2025-07-17 01:00,3.50005781623138
4731,2025-07-17 02:00,3.10711214221156
4732,2025-07-17 03:00,2.8961723240746
4733,2025-07-17 04:00,2.73912790808209
4734,2025-07-17 05:00,2.86337131112562
4735,2025-07-17 06:00,3.40306271051671
4736,2025-07-17 07:00,3.80039143334424
4737,2025-07-17 08:00,3.97382803204359
4738,2025-07-17 09:00,3.90635896689635
4739,2025-07-17 10:00,4.14048879471614
4740,2025-07-17 11:00,4.60936846662498
4741,2025-07-17 12:00,4.72462913656817
4742,2025-07-17 13:00,4.83843697272445
4743,2025-07-17 14:00,4.90253566283073
4744,2025-07-17 15:00,4.63111382554308
4745,2025-07-17 16:00,4.54282235060655
4746,2025-07-17 17:00,4.71146833613888
4747,2025-07-17 18:00,5.42671562258659
4748,2025-07-17 19:00,5.4811806828564
4749,2025-07-17 20:00,5.65981654144075
4750,2025-07-17 21:00,5.61962379813868
4751,2025-07-17 22:00,5.03692765251746
4752,2025-07-17 23:00,4.26936754597619
4753,2025-07-18 00:00,3.98220943426131
4754,2025-07-18 01:00,3.58299042814408
4755,2025-07-18 02:00,3.31271520026623
4756,2025-07-18 03:00,3.21878680126842
4757,2025-07-18 04:00,3.03738395502043
4758,2025-07-18 05:00,3.1170103960492
4759,2025-07-18 06:00,3.46406488968406
4760,2025-07-18 07:00,3.8501989435245
4761,2025-07-18 08:00,3.9300952847514
4762,2025-07-18 09:00,3.97313842738918
4763,2025-07-18 10:00,4.00536121996401
4764,2025-07-18 11:00,4.44258804345964
4765,2025-07-18 12:00,4.608831791261
4766,2025-07-18 13:00,4.40045283749557
4767,2025-07-18 14:00,5.37072780795466
4768,2025-07-18 15:00,5.01212010439463
4769,2025-07-18 16:00,4.73963518019966
4770,2025-07-18 17:00,4.97321483053791
4771,2025-07-18 18:00,5.73864789984628
4772,2025-07-18 19:00,6.48736765588507
4773,2025-07-18 20:00,6.28364764274785
4774,2025-07-18 21:00,6.13019971910221
4775,2025-07-18 22:00,5.66463736750205
4776,2025-07-18 23:00,4.41342955671966
4777,2025-07-19 00:00,4.41115280414893
4778,2025-07-19 01:00,4.00122632883243
4779,2025-07-19 02:00,3.63444090034631
4780,2025-07-19 03:00,3.43801178752507
4781,2025-07-19 04:00,3.35469438168922
4782,2025-07-19 05:00,3.37431696968563
4783,2025-07-19 06:00,4.03994432124309
4784,2025-07-19 07:00,4.35567126335496
4785,2025-07-19 08:00,4.53827710680332
4786,2025-07-19 09:00,4.86991122845601
4787,2025-07-19 10:00,4.93618066508202
4788,2025-07-19 11:00,5.19532707420788
4789,2025-07-19 12:00,5.33136702176287
4790,2025-07-19 13:00,5.39529857088005
4791,2025-07-19 14:00,5.68637074075562
4792,2025-07-19 15:00,5.33978698600368
4793,2025-07-19 16:00,5.32954657825294
4794,2025-07-19 17:00,5.48302052553494
4795,2025-07-19 18:00,6.26257788650913
4796,2025-07-19 19:00,6.93452483425197
4797,2025-07-19 20:00,6.82435595091481
4798,2025-07-19 21:00,6.63192795238105
4799,2025-07-19 22:00,6.38532542258017
4800,2025-07-19 23:00,5.11374416646053
4801,2025-07-20 00:00,4.29854614955193
4802,2025-07-20 01:00,4.04556335492013
4803,2025-07-20 02:00,3.63388666653913
4804,2025-07-20 03:00,3.33140209310856
4805,2025-07-20 04:00,3.13012234424675
4806,2025-07-20 05:00,3.23144895005091
4807,2025-07-20 06:00,3.99559567476685
4808,2025-07-20 07:00,4.34568353948733
4809,2025-07-20 08:00,4.58242146339653
4810,2025-07-20 09:00,4.78201577044138
4811,2025-07-20 10:00,4.85338007684073
4812,2025-07-20 11:00,5.02622556158326
4813,2025-07-20 12:00,5.40606090582062
4814,2025-07-20 13:00,5.39467590224984
4815,2025-07-20 14:00,5.54886438082512
4816,2025-07-20 15:00,5.42906117929491
4817,2025-07-20 16:00,5.15612220186115
4818,2025-07-20 17:00,5.35372778531307
4819,2025-07-20 18:00,6.13250037470692
4820,2025-07-20 19:00,6.56902362947437
4821,2025-07-20 20:00,6.89156922470195
4822,2025-07-20 21:00,6.82239084118085
4823,2025-07-20 22:00,6.16004470851876
4824,2025-07-20 23:00,5.24113976356124
4825,2025-07-21 00:00,4.30886769979668
4826,2025-07-21 01:00,4.08260394740497
4827,2025-07-21 02:00,3.65791974625571
4828,2025-07-21 03:00,3.38096510263505
4829,2025-07-21 04:00,3.06919246732179
4830,2025-07-21 05:00,3.25728371846328
4831,2025-07-21 06:00,3.81906469304327
4832,2025-07-21 07:00,4.24052738144444
4833,2025-07-21 08:00,4.30682740534645
4834,2025-07-21 09:00,4.35005393378233
4835,2025-07-21 10:00,4.47974740437345
4836,2025-07-21 11:00,5.03251413136247
4837,2025-07-21 12:00,5.21885077157822
4838,2025-07-21 13:00,5.13067058218192
4839,2025-07-21 14:00,5.0002102947917
4840,2025-07-21 15:00,4.83544756347512
4841,2025-07-21 16:00,4.74862275338103
4842,2025-07-21 17:00,4.91178384591857
4843,2025-07-21 18:00,5.6714717751521
4844,2025-07-21 19:00,5.90215643066942
4845,2025-07-21 20:00,5.96572347768779
4846,2025-07-21 21:00,6.1785723102991
4847,2025-07-21 22:00,5.94099760324328
4848,2025-07-21 23:00,4.92120053813693
4849,2025-07-22 00:00,4.16606945612256
4850,2025-07-22 01:00,3.91359907842572
4851,2025-07-22 02:00,3.39701173584753
4852,2025-07-22 03:00,3.35856378109377
4853,2025-07-22 04:00,3.24159115047308
4854,2025-07-22 05:00,3.16081738090654
4855,2025-07-22 06:00,3.71324533431941
4856,2025-07-22 07:00,4.37200728959774
4857,2025-07-22 08:00,4.50248153961409
4858,2025-07-22 09:00,4.49405506348369
4859,2025-07-22 10:00,4.55215090084386
4860,2025-07-22 11:00,4.93667478003009
4861,2025-07-22 12:00,5.15766794437206
4862,2025-07-22 13:00,5.49873763485919
4863,2025-07-22 14:00,5.20941591937407
4864,2025-07-22 15:00,4.94727776691134
4865,2025-07-22 16:00,4.79051323226329
4866,2025-07-22 17:00,4.89922593358304
4867,2025-07-22 18:00,5.59609236343075
4868,2025-07-22 19:00,6.21816281922891
4869,2025-07-22 20:00,6.25993634048641
4870,2025-07-22 21:00,6.04631169095025
4871,2025-07-22 22:00,5.69881973888088
4872,2025-07-22 23:00,4.7434380547556
4873,2025-07-23 00:00,4.77135443528197
4874,2025-07-23 01:00,4.3737730431262
4875,2025-07-23 02:00,4.01846297348334
4876,2025-07-23 03:00,3.95626282622983
4877,2025-07-23 04:00,3.66791853399277
4878,2025-07-23 05:00,3.67422675181678
4879,2025-07-23 06:00,4.56101641376661
4880,2025-07-23 07:00,4.89771957526107
4881,2025-07-23 08:00,5.01102110780699
4882,2025-07-23 09:00,5.10753207426613
4883,2025-07-23 10:00,5.20662243578326
4884,2025-07-23 11:00,5.6102161313731
4885,2025-07-23 12:00,5.83686696279502
4886,2025-07-23 13:00,6.08063643700155
4887,2025-07-23 14:00,6.08461647034422
4888,2025-07-23 15:00,5.68756097759069
4889,2025-07-23 16:00,5.64195748663978
4890,2025-07-23 17:00,5.61602371340465
4891,2025-07-23 18:00,6.29993588892176
4892,2025-07-23 19:00,6.93080899655294
4893,2025-07-23 20:00,6.92822968310993
4894,2025-07-23 21:00,6.6663409230596
4895,2025-07-23 22:00,6.47679111564921
4896,2025-07-23 23:00,5.53339095607339
4897,2025-07-24 00:00,4.26017732796735
4898,2025-07-24 01:00,3.93694414592274
4899,2025-07-24 02:00,3.64048594935248
4900,2025-07-24 03:00,3.53224621711276
4901,2025-07-24 04:00,3.13929016041801
4902,2025-07-24 05:00,3.26910764742967
4903,2025-07-24 06:00,4.0707023681822
4904,2025-07-24 07:00,4.47172087741651
4905,2025-07-24 08:00,4.71277869305491
4906,2025-07-24 09:00,4.71152254421808
4907,2025-07-24 10:00,4.70794225956034
4908,2025-07-24 11:00,5.02162234304806
4909,2025-07-24 12:00,5.19957782179001
4910,2025-07-24 13:00,5.51291417606618
4911,2025-07-24 14:00,5.40695938178777
4912,2025-07-24 15:00,5.33511663676594
4913,2025-07-24 16:00,5.25729974335906
4914,2025-07-24 17:00,5.18494563561134
4915,2025-07-24 18:00,5.86482602628872
4916,2025-07-24 19:00,6.65864509466286
4917,2025-07-24 20:00,6.74627476957555
4918,2025-07-24 21:00,6.39944659684971
4919,2025-07-24 22:00,5.94398999208271
4920,2025-07-24 23:00,5.03468443294899
4921,2025-07-25 00:00,4.3284801943847
4922,2025-07-25 01:00,3.86842795405427
4923,2025-07-25 02:00,3.61299792423245
4924,2025-07-25 03:00,3.34127374555815
4925,2025-07-25 04:00,3.00332210860078
4926,2025-07-25 05:00,3.15053577738024
4927,2025-07-25 06:00,3.43651406416442
4928,2025-07-25 07:00,3.81042028048474
4929,2025-07-25 08:00,4.01995755037796
4930,2025-07-25 09:00,4.06510111956338
4931,2025-07-25 10:00,4.17855407893868
4932,2025-07-25 11:00,4.39686051353118
4933,2025-07-25 12:00,4.80057975863551
4934,2025-07-25 13:00,4.81633239493945
4935,2025-07-25 14:00,5.43598280421044
4936,2025-07-25 15:00,5.22231264764352
4937,2025-07-25 16:00,5.30086753440827
4938,2025-07-25 17:00,5.282519786521
4939,2025-07-25 18:00,6.13465296451932
4940,2025-07-25 19:00,6.6753734051162
4941,2025-07-25 20:00,6.45033406939979
4942,2025-07-25 21:00,6.34148685314482
4943,2025-07-25 22:00,5.80255266178617
4944,2025-07-25 23:00,4.92936880519732
4945,2025-07-26 00:00,4.44674699890255
4946,2025-07-26 01:00,3.94168315240908
4947,2025-07-26 02:00,3.7709976611268
4948,2025-07-26 03:00,3.35835688929641
4949,2025-07-26 04:00,3.2822365223949
4950,2025-07-26 05:00,3.37317575938263
4951,2025-07-26 06:00,3.93672282642247
4952,2025-07-26 07:00,4.24396767003245
4953,2025-07-26 08:00,4.62146203319373
4954,2025-07-26 09:00,4.63857739641321
4955,2025-07-26 10:00,4.67470296301686
4956,2025-07-26 11:00,5.00638128522791
4957,2025-07-26 12:00,5.30344868198345
4958,2025-07-26 13:00,5.45664152002968
4959,2025-07-26 14:00,5.39093228583187
4960,2025-07-26 15:00,5.06431756819304
4961,2025-07-26 16:00,4.89388795717401
4962,2025-07-26 17:00,4.97980417249524
4963,2025-07-26 18:00,5.86954143849166
4964,2025-07-26 19:00,6.48355122668468
4965,2025-07-26 20:00,6.40199143195448
4966,2025-07-26 21:00,6.26800947582259
4967,2025-07-26 22:00,5.88156040021242
4968,2025-07-26 23:00,5.32408607103531
4969,2025-07-27 00:00,4.66723280432089
4970,2025-07-27 01:00,4.22918820928663
4971,2025-07-27 02:00,3.76939841774921
4972,2025-07-27 03:00,3.39516329919064
4973,2025-07-27 04:00,3.19739393426058
4974,2025-07-27 05:00,3.29345065064907
4975,2025-07-27 06:00,4.04239458484012
4976,2025-07-27 07:00,4.51967270618554
4977,2025-07-27 08:00,4.88976885333289
4978,2025-07-27 09:00,4.95891926028364
4979,2025-07-27 10:00,4.95097325881593
4980,2025-07-27 11:00,5.30051189197153
4981,2025-07-27 12:00,5.43454783808328
4982,2025-07-27 13:00,5.33529366617614
4983,2025-07-27 14:00,5.62051439616928
4984,2025-07-27 15:00,5.07156378796303
4985,2025-07-27 16:00,4.98365056900488
4986,2025-07-27 17:00,5.19065492626354
4987,2025-07-27 18:00,6.18906658310865
4988,2025-07-27 19:00,6.81587356276246
4989,2025-07-27 20:00,6.70636673129872
4990,2025-07-27 21:00,6.72240958268914
4991,2025-07-27 22:00,6.08484360244385
4992,2025-07-27 23:00,5.11268968010809
4993,2025-07-28 00:00,4.5184953581173
4994,2025-07-28 01:00,4.14845181628732
4995,2025-07-28 02:00,3.82996005885389
4996,2025-07-28 03:00,3.61219371529396
4997,2025-07-28 04:00,3.38319046932979
4998,2025-07-28 05:00,3.55009625755127
4999,2025-07-28 06:00,4.13589009264794
5000,2025-07-28 07:00,4.62154730469645
5001,2025-07-28 08:00,4.82054065699304
5002,2025-07-28 09:00,4.88068110118373
5003,2025-07-28 10:00,4.90709013597728
5004,2025-07-28 11:00,5.26546928579515
5005,2025-07-28 12:00,5.55911584296994
5006,2025-07-28 13:00,5.65036240363359
5007,2025-07-28 14:00,5.67924778811894
5008,2025-07-28 15:00,5.37742119149935
5009,2025-07-28 16:00,5.14345603136365
5010,2025-07-28 17:00,5.26822870221115
5011,2025-07-28 18:00,6.12241521654859
5012,2025-07-28 19:00,6.49667551525486
5013,2025-07-28 20:00,6.49211499166657
5014,2025-07-28 21:00,6.3675234287663
5015,2025-07-28 22:00,5.96170438830133
5016,2025-07-28 23:00,4.99777612566732
5017,2025-07-29 00:00,3.97756860824023
5018,2025-07-29 01:00,3.5620971006517
5019,2025-07-29 02:00,3.43722014507848
5020,2025-07-29 03:00,3.28211181400427
5021,2025-07-29 04:00,3.10011738440822
5022,2025-07-29 05:00,3.06501786020012
5023,2025-07-29 06:00,3.80776653415412
5024,2025-07-29 07:00,4.34915970014478
5025,2025-07-29 08:00,4.58256613060797
5026,2025-07-29 09:00,4.48251048318001
5027,2025-07-29 10:00,4.59478328916742
5028,2025-07-29 11:00,4.98143325252355
5029,2025-07-29 12:00,5.15141265681028
5030,2025-07-29 13:00,5.23805330623991
5031,2025-07-29 14:00,5.1649541238395
5032,2025-07-29 15:00,4.92193184976308
5033,2025-07-29 16:00,4.54367344177474
5034,2025-07-29 17:00,4.89297935720777
5035,2025-07-29 18:00,5.41900178953174
5036,2025-07-29 19:00,5.97451034130486
5037,2025-07-29 20:00,5.9901945399264
5038,2025-07-29 21:00,5.87996253583762
5039,2025-07-29 22:00,5.36069674190149
5040,2025-07-29 23:00,4.77682547816629
5041,2025-07-30 00:00,4.17626073732994
5042,2025-07-30 01:00,3.71337627581368
5043,2025-07-30 02:00,3.32086464967651
5044,2025-07-30 03:00,3.0895382239201
5045,2025-07-30 04:00,3.0527389488932
5046,2025-07-30 05:00,3.15902713096084
5047,2025-07-30 06:00,3.82463534641668
5048,2025-07-30 07:00,4.02162169265569
5049,2025-07-30 08:00,4.34395273635705
5050,2025-07-30 09:00,4.54408459977044
5051,2025-07-30 10:00,4.78523333451541
5052,2025-07-30 11:00,5.05433927957149
5053,2025-07-30 12:00,5.04988944971957
5054,2025-07-30 13:00,4.98574082843817
5055,2025-07-30 14:00,4.93750866434544
5056,2025-07-30 15:00,4.72262312638439
5057,2025-07-30 16:00,4.47790048866628
5058,2025-07-30 17:00,4.82419744319632
5059,2025-07-30 18:00,5.6382719145911
5060,2025-07-30 19:00,6.4768456344031
5061,2025-07-30 20:00,6.49491128571237
5062,2025-07-30 21:00,6.31892143405991
5063,2025-07-30 22:00,5.83367418986747
5064,2025-07-30 23:00,4.71186082356872
5065,2025-07-31 00:00,4.01595297692905
5066,2025-07-31 01:00,3.52181375237116
5067,2025-07-31 02:00,3.28917923392868
5068,2025-07-31 03:00,3.06796103325435
5069,2025-07-31 04:00,3.00637937179368
5070,2025-07-31 05:00,2.99832519311974
5071,2025-07-31 06:00,3.58585855493699
5072,2025-07-31 07:00,4.15510485129689
5073,2025-07-31 08:00,3.93007175387395
5074,2025-07-31 09:00,4.24826488065983
5075,2025-07-31 10:00,4.5137424800609
5076,2025-07-31 11:00,4.79607901897795
5077,2025-07-31 12:00,5.07428084428742
5078,2025-07-31 13:00,5.17137804464844
5079,2025-07-31 14:00,5.13598183547477
5080,2025-07-31 15:00,4.70451041389358
5081,2025-07-31 16:00,4.64128599997068
5082,2025-07-31 17:00,5.14300650678527
5083,2025-07-31 18:00,6.04027203148397
5084,2025-07-31 19:00,6.30875002133607
5085,2025-07-31 20:00,6.05662097179177
5086,2025-07-31 21:00,5.79503799759745
5087,2025-07-31 22:00,5.41139841610115
5088,2025-07-31 23:00,4.63995488721966
5089,2025-08-01 00:00,4.12776592856316
5090,2025-08-01 01:00,3.55004210058076
5091,2025-08-01 02:00,3.32416197401774
5092,2025-08-01 03:00,3.16888674598798
5093,2025-08-01 04:00,3.1873257810245
5094,2025-08-01 05:00,3.25961576986042
5095,2025-08-01 06:00,3.47121678705642
5096,2025-08-01 07:00,3.82988805936371
5097,2025-08-01 08:00,3.8919312442313
5098,2025-08-01 09:00,4.25061558182908
5099,2025-08-01 10:00,4.17805443405504
5100,2025-08-01 11:00,4.41138388082319
5101,2025-08-01 12:00,4.50438408837971
5102,2025-08-01 13:00,4.69764085447714
5103,2025-08-01 14:00,5.37903623658177
5104,2025-08-01 15:00,5.15774645189497
5105,2025-08-01 16:00,4.93986261110305
5106,2025-08-01 17:00,5.11594544121495
5107,2025-08-01 18:00,5.7729473613598
5108,2025-08-01 19:00,6.36926383208302
5109,2025-08-01 20:00,6.34446113881071
5110,2025-08-01 21:00,6.3829917689174
5111,2025-08-01 22:00,6.20753062567151
5112,2025-08-01 23:00,4.92761571336564
5113,2025-08-02 00:00,4.3180639294029
5114,2025-08-02 01:00,3.70608525647855
5115,2025-08-02 02:00,3.53553778919705
5116,2025-08-02 03:00,3.42481034540416
5117,2025-08-02 04:00,3.13548566028054
5118,2025-08-02 05:00,3.23713086174071
5119,2025-08-02 06:00,4.11794169340393
5120,2025-08-02 07:00,4.57589151126998
5121,2025-08-02 08:00,4.62237129137107
5122,2025-08-02 09:00,4.680112030509
5123,2025-08-02 10:00,4.67467761665931
5124,2025-08-02 11:00,4.87443143273885
5125,2025-08-02 12:00,5.29966422135775
5126,2025-08-02 13:00,5.3977820486557
5127,2025-08-02 14:00,5.48495922000537
5128,2025-08-02 15:00,4.99456004179653
5129,2025-08-02 16:00,5.0283454518643
5130,2025-08-02 17:00,5.21081732781037
5131,2025-08-02 18:00,5.97921436062165
5132,2025-08-02 19:00,6.5035435817043
5133,2025-08-02 20:00,6.25151525103165
5134,2025-08-02 21:00,6.28363243489084
5135,2025-08-02 22:00,5.87628873756105
5136,2025-08-02 23:00,4.7801477784004
5137,2025-08-03 00:00,4.130667467998
5138,2025-08-03 01:00,3.71972707176835
5139,2025-08-03 02:00,3.28129114264566
5140,2025-08-03 03:00,3.22975075723474
5141,2025-08-03 04:00,3.14076364639329
5142,2025-08-03 05:00,3.13840583296585
5143,2025-08-03 06:00,3.81041929468161
5144,2025-08-03 07:00,4.2935141236067
5145,2025-08-03 08:00,4.81086203463083
5146,2025-08-03 09:00,4.76774997595915
5147,2025-08-03 10:00,4.80346236201977
5148,2025-08-03 11:00,5.18133749276843
5149,2025-08-03 12:00,5.17149924513947
5150,2025-08-03 13:00,5.13984208843037
5151,2025-08-03 14:00,5.30312569676917
5152,2025-08-03 15:00,5.16307889949055
5153,2025-08-03 16:00,5.05169740199838
5154,2025-08-03 17:00,5.38655892131521
5155,2025-08-03 18:00,6.26971094012397
5156,2025-08-03 19:00,6.50428591310212
5157,2025-08-03 20:00,6.45081768033111
5158,2025-08-03 21:00,6.04313534698704
5159,2025-08-03 22:00,5.59381886269319
5160,2025-08-03 23:00,4.91414407201916
5161,2025-08-04 00:00,4.47366881743403
5162,2025-08-04 01:00,4.0832661838546
5163,2025-08-04 02:00,3.76371294359437
5164,2025-08-04 03:00,3.44812707726071
5165,2025-08-04 04:00,3.17395133189452
5166,2025-08-04 05:00,3.39702608903839
5167,2025-08-04 06:00,4.12350860083742
5168,2025-08-04 07:00,4.58080868568075
5169,2025-08-04 08:00,4.80224576816753
5170,2025-08-04 09:00,4.95649582293336
5171,2025-08-04 10:00,5.17805312447143
5172,2025-08-04 11:00,5.1742699643766
5173,2025-08-04 12:00,5.48564951841723
5174,2025-08-04 13:00,5.81986191226154
5175,2025-08-04 14:00,5.62554771629658
5176,2025-08-04 15:00,5.34032805373432
5177,2025-08-04 16:00,5.10064260062926
5178,2025-08-04 17:00,5.41741143143544
5179,2025-08-04 18:00,5.82828196106186
5180,2025-08-04 19:00,6.48130925611026
5181,2025-08-04 20:00,6.32576410567778
5182,2025-08-04 21:00,6.3814352707903
5183,2025-08-04 22:00,5.86256566795058
5184,2025-08-04 23:00,4.89590064111009
5185,2025-08-05 00:00,4.15610873707151
5186,2025-08-05 01:00,3.92123508633114
5187,2025-08-05 02:00,3.57906309973417
5188,2025-08-05 03:00,3.22194012433943
5189,2025-08-05 04:00,3.20781049105689
5190,2025-08-05 05:00,3.29309035024789
5191,2025-08-05 06:00,4.06220901873032
5192,2025-08-05 07:00,4.28318574701602
5193,2025-08-05 08:00,4.55292389211498
5194,2025-08-05 09:00,4.51190960846075
5195,2025-08-05 10:00,4.54427747399495
5196,2025-08-05 11:00,4.97590367560765
5197,2025-08-05 12:00,5.25592640052383
5198,2025-08-05 13:00,5.45497282081014
5199,2025-08-05 14:00,5.28639287024581
5200,2025-08-05 15:00,5.0372190466347
5201,2025-08-05 16:00,4.90711599473768
5202,2025-08-05 17:00,5.03559354226275
5203,2025-08-05 18:00,5.85964468978585
5204,2025-08-05 19:00,6.44269517074865
5205,2025-08-05 20:00,6.33890981880659
5206,2025-08-05 21:00,6.31920019130057
5207,2025-08-05 22:00,5.70465482828587
5208,2025-08-05 23:00,4.96727669107095
5209,2025-08-06 00:00,3.94680621574383
5210,2025-08-06 01:00,3.68728139821665
5211,2025-08-06 02:00,3.55696759474701
5212,2025-08-06 03:00,3.27431046404153
5213,2025-08-06 04:00,3.20202356910263
5214,2025-08-06 05:00,3.24926780633619
5215,2025-08-06 06:00,4.00077467231841
5216,2025-08-06 07:00,4.42111371598691
5217,2025-08-06 08:00,4.50853618681616
5218,2025-08-06 09:00,4.5545874805757
5219,2025-08-06 10:00,4.57040701874073
5220,2025-08-06 11:00,4.77278214501703
5221,2025-08-06 12:00,4.88510562258925
5222,2025-08-06 13:00,4.92982675882716
5223,2025-08-06 14:00,5.02263530495229
5224,2025-08-06 15:00,4.93725599521674
5225,2025-08-06 16:00,4.71896686099662
5226,2025-08-06 17:00,4.9001763501435
5227,2025-08-06 18:00,5.83818142222895
5228,2025-08-06 19:00,6.12631148996458
5229,2025-08-06 20:00,6.01737503492307
5230,2025-08-06 21:00,5.8686300334531
5231,2025-08-06 22:00,5.67088998908701
5232,2025-08-06 23:00,4.87980689471245
5233,2025-08-07 00:00,3.8643885719976
5234,2025-08-07 01:00,3.54407308948827
5235,2025-08-07 02:00,3.26932760928982
5236,2025-08-07 03:00,3.1010384459656
5237,2025-08-07 04:00,2.92196822641
5238,2025-08-07 05:00,3.01015770837715
5239,2025-08-07 06:00,3.60993863716655
5240,2025-08-07 07:00,3.91132739482034
5241,2025-08-07 08:00,4.12284556248275
5242,2025-08-07 09:00,4.37012664713972
5243,2025-08-07 10:00,4.44623730853101
5244,2025-08-07 11:00,4.78473283532348
5245,2025-08-07 12:00,5.04297643358472
5246,2025-08-07 13:00,4.96427273415342
5247,2025-08-07 14:00,4.94310730008918
5248,2025-08-07 15:00,4.76150512748165
5249,2025-08-07 16:00,4.80897055294673
5250,2025-08-07 17:00,5.1002053086292
5251,2025-08-07 18:00,5.7922346822978
5252,2025-08-07 19:00,5.96241608387512
5253,2025-08-07 20:00,6.05087318973211
5254,2025-08-07 21:00,5.6754916236279
5255,2025-08-07 22:00,5.43184741337992
5256,2025-08-07 23:00,4.74714990198367
5257,2025-08-08 00:00,3.89172221840854
5258,2025-08-08 01:00,3.53675843283781
5259,2025-08-08 02:00,3.23008184617869
5260,2025-08-08 03:00,3.02349193401044
5261,2025-08-08 04:00,2.80296815118747
5262,2025-08-08 05:00,2.94247447517919
5263,2025-08-08 06:00,3.31765586995566
5264,2025-08-08 07:00,3.84389689233932
5265,2025-08-08 08:00,3.75419696854819
5266,2025-08-08 09:00,3.91428437595583
5267,2025-08-08 10:00,4.05091526426524
5268,2025-08-08 11:00,4.14981459942919
5269,2025-08-08 12:00,4.07466469752037
5270,2025-08-08 13:00,4.17794014533537
5271,2025-08-08 14:00,4.87238858312176
5272,2025-08-08 15:00,4.61861012897604
5273,2025-08-08 16:00,4.66593169870637
5274,2025-08-08 17:00,4.7713956133307
5275,2025-08-08 18:00,5.59111342518675
5276,2025-08-08 19:00,6.13276006523159
5277,2025-08-08 20:00,6.0360439925094
5278,2025-08-08 21:00,6.04096351687227
5279,2025-08-08 22:00,5.27051655840672
5280,2025-08-08 23:00,4.4558908205612
5281,2025-08-09 00:00,3.8135196186547
5282,2025-08-09 01:00,3.48835024709692
5283,2025-08-09 02:00,3.19066125595225
5284,2025-08-09 03:00,2.90058324660893
5285,2025-08-09 04:00,2.93079655189889
5286,2025-08-09 05:00,2.9719412339441
5287,2025-08-09 06:00,3.62555147522098
5288,2025-08-09 07:00,4.21881664399791
5289,2025-08-09 08:00,4.26650587967988
5290,2025-08-09 09:00,4.35419992303054
5291,2025-08-09 10:00,4.5138288855612
5292,2025-08-09 11:00,4.76227472345887
5293,2025-08-09 12:00,4.85775623512204
5294,2025-08-09 13:00,5.02266233870181
5295,2025-08-09 14:00,4.64471499125794
5296,2025-08-09 15:00,4.64678470426048
5297,2025-08-09 16:00,4.59729070881093
5298,2025-08-09 17:00,4.7223448784077
5299,2025-08-09 18:00,5.45565204142555
5300,2025-08-09 19:00,5.81332837872982
5301,2025-08-09 20:00,5.7281711197664
5302,2025-08-09 21:00,5.67660251408609
5303,2025-08-09 22:00,5.18666374003003
5304,2025-08-09 23:00,4.34312535495955
5305,2025-08-10 00:00,3.78457285982734
5306,2025-08-10 01:00,3.58739652219958
5307,2025-08-10 02:00,3.32572553431328
5308,2025-08-10 03:00,3.08741005086345
5309,2025-08-10 04:00,2.78730112050542
5310,2025-08-10 05:00,2.98618031445336
5311,2025-08-10 06:00,3.66627103771891
5312,2025-08-10 07:00,4.02734623765964
5313,2025-08-10 08:00,4.14465033878362
5314,2025-08-10 09:00,4.10246564961793
5315,2025-08-10 10:00,4.12297368730417
5316,2025-08-10 11:00,4.52414812242209
5317,2025-08-10 12:00,4.85603109336332
5318,2025-08-10 13:00,4.93664297341915
5319,2025-08-10 14:00,5.04625257198498
5320,2025-08-10 15:00,4.76710259680998
5321,2025-08-10 16:00,4.70874166073767
5322,2025-08-10 17:00,5.12008676625474
5323,2025-08-10 18:00,5.67002247379639
5324,2025-08-10 19:00,6.00065640059886
5325,2025-08-10 20:00,6.05384332594016
5326,2025-08-10 21:00,5.70289667153269
5327,2025-08-10 22:00,5.22229886618107
5328,2025-08-10 23:00,4.46114075808864
5329,2025-08-11 00:00,4.7248049586168
5330,2025-08-11 01:00,4.2226158667321
5331,2025-08-11 02:00,3.95386839041451
5332,2025-08-11 03:00,3.73324385463523
5333,2025-08-11 04:00,3.61760488413102
5334,2025-08-11 05:00,3.62368493543927
5335,2025-08-11 06:00,4.376308883825
5336,2025-08-11 07:00,4.86311304355389
5337,2025-08-11 08:00,5.01575156073195
5338,2025-08-11 09:00,4.94725413334498
5339,2025-08-11 10:00,5.05157995208762
5340,2025-08-11 11:00,5.17796941500573
5341,2025-08-11 12:00,5.61629573581481
5342,2025-08-11 13:00,5.6434008716668
5343,2025-08-11 14:00,5.59694584893363
5344,2025-08-11 15:00,5.47630175919338
5345,2025-08-11 16:00,5.26876644424169
5346,2025-08-11 17:00,5.5818252919338
5347,2025-08-11 18:00,6.16155300232352
5348,2025-08-11 19:00,6.96233484955699
5349,2025-08-11 20:00,7.20967828029213
5350,2025-08-11 21:00,7.10519360086353
5351,2025-08-11 22:00,6.44570442743248
5352,2025-08-11 23:00,5.43538872692662
5353,2025-08-12 00:00,4.1193838449957
5354,2025-08-12 01:00,3.51792168327353
5355,2025-08-12 02:00,3.2143754019248
5356,2025-08-12 03:00,3.17205669649169
5357,2025-08-12 04:00,3.03412294898914
5358,2025-08-12 05:00,3.17339099308669
5359,2025-08-12 06:00,3.6876407846575
5360,2025-08-12 07:00,4.1290613219674
5361,2025-08-12 08:00,4.43737667699306
5362,2025-08-12 09:00,4.53444118304978
5363,2025-08-12 10:00,4.72227331811488
5364,2025-08-12 11:00,4.80242477370597
5365,2025-08-12 12:00,5.17577274250037
5366,2025-08-12 13:00,5.30217030730002
5367,2025-08-12 14:00,5.20243843474759
5368,2025-08-12 15:00,4.90553751821633
5369,2025-08-12 16:00,4.84163406647543
5370,2025-08-12 17:00,5.21202311422905
5371,2025-08-12 18:00,5.92715044429687
5372,2025-08-12 19:00,6.25584799275164
5373,2025-08-12 20:00,6.35956537369022
5374,2025-08-12 21:00,6.24640918957915
5375,2025-08-12 22:00,5.80262911518166
5376,2025-08-12 23:00,4.90094970546173
5377,2025-08-13 00:00,4.41837427778212
5378,2025-08-13 01:00,4.0864707191392
5379,2025-08-13 02:00,3.71002380463986
5380,2025-08-13 03:00,3.64063961861255
5381,2025-08-13 04:00,3.38018507239272
5382,2025-08-13 05:00,3.46186773857489
5383,2025-08-13 06:00,4.19894768571521
5384,2025-08-13 07:00,4.83101257389191
5385,2025-08-13 08:00,5.1287329020796
5386,2025-08-13 09:00,5.10570700099857
5387,2025-08-13 10:00,5.17607110316775
5388,2025-08-13 11:00,5.416931864931
5389,2025-08-13 12:00,5.52292551892326
5390,2025-08-13 13:00,5.61338109194076
5391,2025-08-13 14:00,5.53616882511241
5392,2025-08-13 15:00,5.55566343961497
5393,2025-08-13 16:00,5.27082194323778
5394,2025-08-13 17:00,5.68827406105187
5395,2025-08-13 18:00,6.4880225487815
5396,2025-08-13 19:00,7.01270720901328
5397,2025-08-13 20:00,6.95867754294903
5398,2025-08-13 21:00,6.48958509826123
5399,2025-08-13 22:00,6.03224907811947
5400,2025-08-13 23:00,4.86780212241536
5401,2025-08-14 00:00,4.06472971278985
5402,2025-08-14 01:00,3.72251775448431
5403,2025-08-14 02:00,3.52186310644089
5404,2025-08-14 03:00,3.2905404335877
5405,2025-08-14 04:00,3.03159823256721
5406,2025-08-14 05:00,3.13125770708257
5407,2025-08-14 06:00,4.05698291531777
5408,2025-08-14 07:00,4.52760605248627
5409,2025-08-14 08:00,4.63477161739128
5410,2025-08-14 09:00,4.69408130687132
5411,2025-08-14 10:00,4.71862442746693
5412,2025-08-14 11:00,5.27060090626131
5413,2025-08-14 12:00,5.408233951659
5414,2025-08-14 13:00,5.32091929741094
5415,2025-08-14 14:00,5.34223398725338
5416,2025-08-14 15:00,4.94225176219409
5417,2025-08-14 16:00,4.98349364471903
5418,2025-08-14 17:00,4.97427886658589
5419,2025-08-14 18:00,5.94595305978033
5420,2025-08-14 19:00,6.33081285286086
5421,2025-08-14 20:00,6.45428849505592
5422,2025-08-14 21:00,6.46062448367084
5423,2025-08-14 22:00,5.90363163919502
5424,2025-08-14 23:00,4.9775625070503
5425,2025-08-15 00:00,4.27532068381728
5426,2025-08-15 01:00,3.72101828393712
5427,2025-08-15 02:00,3.44612338659527
5428,2025-08-15 03:00,3.21181599618184
5429,2025-08-15 04:00,3.13179490716188
5430,2025-08-15 05:00,3.19539227250426
5431,2025-08-15 06:00,3.63966887622805
5432,2025-08-15 07:00,4.03679255128527
5433,2025-08-15 08:00,4.0313239171498
5434,2025-08-15 09:00,4.04057233823674
5435,2025-08-15 10:00,4.15024170519576
5436,2025-08-15 11:00,4.41346757647622
5437,2025-08-15 12:00,4.45033294568373
5438,2025-08-15 13:00,4.47237182033144
5439,2025-08-15 14:00,5.25782502277299
5440,2025-08-15 15:00,5.28481662733459
5441,2025-08-15 16:00,5.04788546988473
5442,2025-08-15 17:00,5.27157876486452
5443,2025-08-15 18:00,5.58721120038175
5444,2025-08-15 19:00,5.91417132748763
5445,2025-08-15 20:00,5.98434367612659
5446,2025-08-15 21:00,6.17622246071274
5447,2025-08-15 22:00,5.78895322357228
5448,2025-08-15 23:00,4.69643340688003
5449,2025-08-16 00:00,4.07585577431923
5450,2025-08-16 01:00,3.62417984329335
5451,2025-08-16 02:00,3.34751033023474
5452,2025-08-16 03:00,3.22948053058074
5453,2025-08-16 04:00,3.08522068038893
5454,2025-08-16 05:00,3.14014598759459
5455,2025-08-16 06:00,3.89242124559673
5456,2025-08-16 07:00,4.24296859901249
5457,2025-08-16 08:00,4.47051358348172
5458,2025-08-16 09:00,4.50861718416443
5459,2025-08-16 10:00,4.76314371955172
5460,2025-08-16 11:00,5.15316795752358
5461,2025-08-16 12:00,5.0969512348446
5462,2025-08-16 13:00,5.28006888287995
5463,2025-08-16 14:00,5.39243277461019
5464,2025-08-16 15:00,5.12111972262709
5465,2025-08-16 16:00,4.79370056824003
5466,2025-08-16 17:00,5.26325186584428
5467,2025-08-16 18:00,6.10756809955256
5468,2025-08-16 19:00,6.30938050931737
5469,2025-08-16 20:00,6.42870578116822
5470,2025-08-16 21:00,5.92885991519819
5471,2025-08-16 22:00,5.42055435397204
5472,2025-08-16 23:00,4.68350142556831
5473,2025-08-17 00:00,4.08798912659389
5474,2025-08-17 01:00,3.75768183898714
5475,2025-08-17 02:00,3.20691507964953
5476,2025-08-17 03:00,3.23374185979824
5477,2025-08-17 04:00,2.95213809335037
5478,2025-08-17 05:00,3.03721587641691
5479,2025-08-17 06:00,3.58066310740365
5480,2025-08-17 07:00,4.08047215762597
5481,2025-08-17 08:00,4.4008925344794
5482,2025-08-17 09:00,4.5854146277578
5483,2025-08-17 10:00,4.76667871902302
5484,2025-08-17 11:00,4.67348889643009
5485,2025-08-17 12:00,4.97950029412777
5486,2025-08-17 13:00,5.10681805823007
5487,2025-08-17 14:00,5.14057068170053
5488,2025-08-17 15:00,4.74651296314707
5489,2025-08-17 16:00,4.75093883972452
5490,2025-08-17 17:00,5.05738789884921
5491,2025-08-17 18:00,5.93280229988739
5492,2025-08-17 19:00,6.37884161530922
5493,2025-08-17 20:00,6.11532567879895
5494,2025-08-17 21:00,6.0442520476047
5495,2025-08-17 22:00,5.40403647084221
5496,2025-08-17 23:00,4.74287945900125
5497,2025-08-18 00:00,4.14827580195852
5498,2025-08-18 01:00,3.71509700501329
5499,2025-08-18 02:00,3.58309924411553
5500,2025-08-18 03:00,3.34211473967216
5501,2025-08-18 04:00,3.0134850400623
5502,2025-08-18 05:00,3.15992161083533
5503,2025-08-18 06:00,3.8210844633586
5504,2025-08-18 07:00,4.28346428825629
5505,2025-08-18 08:00,4.59318260310195
5506,2025-08-18 09:00,4.92383260935048
5507,2025-08-18 10:00,4.88212433304969
5508,2025-08-18 11:00,5.05872787896809
5509,2025-08-18 12:00,5.34510775776492
5510,2025-08-18 13:00,5.20811819154762
5511,2025-08-18 14:00,5.2283725356283
5512,2025-08-18 15:00,5.01059700277846
5513,2025-08-18 16:00,4.75954072143671
5514,2025-08-18 17:00,5.01662777960565
5515,2025-08-18 18:00,5.52763151168301
5516,2025-08-18 19:00,5.8625201094757
5517,2025-08-18 20:00,5.99081934305101
5518,2025-08-18 21:00,6.06842611384694
5519,2025-08-18 22:00,5.56827215552691
5520,2025-08-18 23:00,4.76806203350636
5521,2025-08-19 00:00,3.85717651492141
5522,2025-08-19 01:00,3.61928520249092
5523,2025-08-19 02:00,3.29304327229418
5524,2025-08-19 03:00,3.21745538222783
5525,2025-08-19 04:00,2.98541840843653
5526,2025-08-19 05:00,3.10805106499529
5527,2025-08-19 06:00,3.70493748742088
5528,2025-08-19 07:00,4.1978247354867
5529,2025-08-19 08:00,4.5396400420768
5530,2025-08-19 09:00,4.45141189265488
5531,2025-08-19 10:00,4.65262703376268
5532,2025-08-19 11:00,4.88999558298725
5533,2025-08-19 12:00,4.92909543673909
5534,2025-08-19 13:00,5.01421290001322
5535,2025-08-19 14:00,4.96427267387429
5536,2025-08-19 15:00,4.84768829927358
5537,2025-08-19 16:00,4.85580345498077
5538,2025-08-19 17:00,4.89883594533437
5539,2025-08-19 18:00,5.67969122135104
5540,2025-08-19 19:00,6.24185403899189
5541,2025-08-19 20:00,6.39220877385533
5542,2025-08-19 21:00,6.0756299789568
5543,2025-08-19 22:00,5.73072035745816
5544,2025-08-19 23:00,4.78502954822322
5545,2025-08-20 00:00,4.20260707884667
5546,2025-08-20 01:00,3.94089573827222
5547,2025-08-20 02:00,3.5841786007102
5548,2025-08-20 03:00,3.34010642053667
5549,2025-08-20 04:00,3.13080625913734
5550,2025-08-20 05:00,3.25874460767474
5551,2025-08-20 06:00,4.03714134864235
5552,2025-08-20 07:00,4.36756316451168
5553,2025-08-20 08:00,4.45402827868282
5554,2025-08-20 09:00,4.5772735766938
5555,2025-08-20 10:00,4.73871427225305
5556,2025-08-20 11:00,4.85207568715925
5557,2025-08-20 12:00,5.21885476917337
5558,2025-08-20 13:00,5.29599707006643
5559,2025-08-20 14:00,5.21431856987286
5560,2025-08-20 15:00,4.7052310507321
5561,2025-08-20 16:00,4.58938528564787
5562,2025-08-20 17:00,5.06917731353611
5563,2025-08-20 18:00,5.77932196966701
5564,2025-08-20 19:00,6.22410623438485
5565,2025-08-20 20:00,6.27617686854111
5566,2025-08-20 21:00,6.04271621879819
5567,2025-08-20 22:00,5.40113832210344
5568,2025-08-20 23:00,4.58085066280858
5569,2025-08-21 00:00,3.82529494117959
5570,2025-08-21 01:00,3.52471644373562
5571,2025-08-21 02:00,3.25300073537089
5572,2025-08-21 03:00,3.07649600516301
5573,2025-08-21 04:00,2.99910488405994
5574,2025-08-21 05:00,3.05512322415923
5575,2025-08-21 06:00,3.66310027359249
5576,2025-08-21 07:00,3.98642616938984
5577,2025-08-21 08:00,4.20792535776397
5578,2025-08-21 09:00,4.44158867788022
5579,2025-08-21 10:00,4.47071306692708
5580,2025-08-21 11:00,4.82304017955925
5581,2025-08-21 12:00,4.84290574862417
5582,2025-08-21 13:00,4.93007715175394
5583,2025-08-21 14:00,5.02875220941835
5584,2025-08-21 15:00,4.71929016743301
5585,2025-08-21 16:00,4.66337305648701
5586,2025-08-21 17:00,4.7470614681566
5587,2025-08-21 18:00,5.6629737939672
5588,2025-08-21 19:00,5.9164375030424
5589,2025-08-21 20:00,6.20339325116563
5590,2025-08-21 21:00,5.76697236449996
5591,2025-08-21 22:00,5.45621259475717
5592,2025-08-21 23:00,4.53086875956188
5593,2025-08-22 00:00,3.72923993797539
5594,2025-08-22 01:00,3.35014814424507
5595,2025-08-22 02:00,3.17335930147759
5596,2025-08-22 03:00,2.90886596976298
5597,2025-08-22 04:00,2.68382647918152
5598,2025-08-22 05:00,2.80635191320471
5599,2025-08-22 06:00,3.04060621965085
5600,2025-08-22 07:00,3.36264898877748
5601,2025-08-22 08:00,3.69709819809411
5602,2025-08-22 09:00,3.92398071604241
5603,2025-08-22 10:00,3.8981190635069
5604,2025-08-22 11:00,4.12143325846134
5605,2025-08-22 12:00,4.23199096576411
5606,2025-08-22 13:00,4.1578929647198
5607,2025-08-22 14:00,4.80891676099716
5608,2025-08-22 15:00,4.64171733297529
5609,2025-08-22 16:00,4.56576976195737
5610,2025-08-22 17:00,4.87616113376792
5611,2025-08-22 18:00,5.49703926609374
5612,2025-08-22 19:00,5.84577873991098
5613,2025-08-22 20:00,5.67315754616906
5614,2025-08-22 21:00,5.67842665103037
5615,2025-08-22 22:00,5.23117069964434
5616,2025-08-22 23:00,4.26236968196294
5617,2025-08-23 00:00,3.84566105471646
5618,2025-08-23 01:00,3.47511552676314
5619,2025-08-23 02:00,3.24674001727884
5620,2025-08-23 03:00,3.19259039819178
5621,2025-08-23 04:00,3.0006793780026
5622,2025-08-23 05:00,3.0149027503489
5623,2025-08-23 06:00,3.54237558390431
5624,2025-08-23 07:00,3.86840216068595
5625,2025-08-23 08:00,4.13422515583219
5626,2025-08-23 09:00,4.34381437565825
5627,2025-08-23 10:00,4.53231986892075
5628,2025-08-23 11:00,4.88736028807064
5629,2025-08-23 12:00,4.99399681677494
5630,2025-08-23 13:00,4.9485940985779
5631,2025-08-23 14:00,4.77545151187029
5632,2025-08-23 15:00,4.72397345612154
5633,2025-08-23 16:00,4.76982756265441
5634,2025-08-23 17:00,4.97652712111664
5635,2025-08-23 18:00,5.79185698011449
5636,2025-08-23 19:00,6.22738194442207
5637,2025-08-23 20:00,6.33422512065225
5638,2025-08-23 21:00,6.14554738134275
5639,2025-08-23 22:00,5.61182336625447
5640,2025-08-23 23:00,4.70355362716515
5641,2025-08-24 00:00,3.48786138221634
5642,2025-08-24 01:00,3.106693745529
5643,2025-08-24 02:00,2.8513793216303
5644,2025-08-24 03:00,2.69144621736385
5645,2025-08-24 04:00,2.66351327515425
5646,2025-08-24 05:00,2.87585233905006
5647,2025-08-24 06:00,3.34405001416553
5648,2025-08-24 07:00,3.81810294142071
5649,2025-08-24 08:00,3.80613507873052
5650,2025-08-24 09:00,3.93300319772327
5651,2025-08-24 10:00,3.96371660004868
5652,2025-08-24 11:00,4.19059904776402
5653,2025-08-24 12:00,4.37301818239928
5654,2025-08-24 13:00,4.50422265749216
5655,2025-08-24 14:00,4.50841719599313
5656,2025-08-24 15:00,4.51010050720995
5657,2025-08-24 16:00,4.19409248644721
5658,2025-08-24 17:00,4.41704388267977
5659,2025-08-24 18:00,4.99174301678759
5660,2025-08-24 19:00,5.52545550680081
5661,2025-08-24 20:00,5.39156614165159
5662,2025-08-24 21:00,5.33851136048083
5663,2025-08-24 22:00,4.92395918568335
5664,2025-08-24 23:00,4.1729346121714
5665,2025-08-25 00:00,4.1732023590678
5666,2025-08-25 01:00,3.68577149797915
5667,2025-08-25 02:00,3.37814199903526
5668,2025-08-25 03:00,3.17104291572974
5669,2025-08-25 04:00,3.05568957784056
5670,2025-08-25 05:00,3.10922053278669
5671,2025-08-25 06:00,3.76976909782425
5672,2025-08-25 07:00,4.36220289882831
5673,2025-08-25 08:00,4.44191902702288
5674,2025-08-25 09:00,4.60604663346292
5675,2025-08-25 10:00,4.80483367479636
5676,2025-08-25 11:00,5.01654317185183
5677,2025-08-25 12:00,5.09071406161704
5678,2025-08-25 13:00,5.15576519013662
5679,2025-08-25 14:00,5.23333909591042
5680,2025-08-25 15:00,5.05240241832714
5681,2025-08-25 16:00,5.19209008626175
5682,2025-08-25 17:00,5.33046691592378
5683,2025-08-25 18:00,5.90270694690097
5684,2025-08-25 19:00,6.48806701284126
5685,2025-08-25 20:00,6.2013032782808
5686,2025-08-25 21:00,5.82994218840382
5687,2025-08-25 22:00,5.50811149423415
5688,2025-08-25 23:00,4.87619999086297
5689,2025-08-26 00:00,4.32275372370535
5690,2025-08-26 01:00,3.74470813835468
5691,2025-08-26 02:00,3.71005602576805
5692,2025-08-26 03:00,3.39061842650501
5693,2025-08-26 04:00,3.15690064231421
5694,2025-08-26 05:00,3.23550168049034
5695,2025-08-26 06:00,3.78888115261981
5696,2025-08-26 07:00,4.26722743378432
5697,2025-08-26 08:00,4.36457927052476
5698,2025-08-26 09:00,4.53676114469372
5699,2025-08-26 10:00,4.6144446802319
5700,2025-08-26 11:00,5.02560033463106
5701,2025-08-26 12:00,5.33061894060781
5702,2025-08-26 13:00,5.27121246377353
5703,2025-08-26 14:00,5.25494845639171
5704,2025-08-26 15:00,5.05567198812134
5705,2025-08-26 16:00,4.78233477087941
5706,2025-08-26 17:00,5.22946585411749
5707,2025-08-26 18:00,6.13256721162956
5708,2025-08-26 19:00,6.38366126666594
5709,2025-08-26 20:00,6.38222123286161
5710,2025-08-26 21:00,6.14461885547617
5711,2025-08-26 22:00,5.79028790419687
5712,2025-08-26 23:00,4.66341308235763
5713,2025-08-27 00:00,4.2626716399792
5714,2025-08-27 01:00,3.97074520509951
5715,2025-08-27 02:00,3.63225901408396
5716,2025-08-27 03:00,3.45274896010205
5717,2025-08-27 04:00,3.2676370694499
5718,2025-08-27 05:00,3.29532326961218
5719,2025-08-27 06:00,3.95759866944397
5720,2025-08-27 07:00,4.49109669810174
5721,2025-08-27 08:00,4.74978988123785
5722,2025-08-27 09:00,4.89117292232548
5723,2025-08-27 10:00,5.08790208780605
5724,2025-08-27 11:00,5.50178434699942
5725,2025-08-27 12:00,5.69815315178841
5726,2025-08-27 13:00,5.5731189586075
5727,2025-08-27 14:00,5.56229354070529
5728,2025-08-27 15:00,5.3844878229918
5729,2025-08-27 16:00,5.28895612676489
5730,2025-08-27 17:00,5.54568848853125
5731,2025-08-27 18:00,6.23407592800973
5732,2025-08-27 19:00,6.75871002933873
5733,2025-08-27 20:00,6.77711802917092
5734,2025-08-27 21:00,6.2855777542212
5735,2025-08-27 22:00,5.84634307146606
5736,2025-08-27 23:00,4.89526203843265
5737,2025-08-28 00:00,3.86538008811865
5738,2025-08-28 01:00,3.48479386997988
5739,2025-08-28 02:00,3.24720679863393
5740,2025-08-28 03:00,3.10214710022147
5741,2025-08-28 04:00,2.9853147803445
5742,2025-08-28 05:00,3.12188308742813
5743,2025-08-28 06:00,3.9726449343765
5744,2025-08-28 07:00,4.14450492891751
5745,2025-08-28 08:00,4.21336258116979
5746,2025-08-28 09:00,4.46772562328368
5747,2025-08-28 10:00,4.47161249315466
5748,2025-08-28 11:00,4.91191098223887
5749,2025-08-28 12:00,5.24120162701439
5750,2025-08-28 13:00,5.21929885046289
5751,2025-08-28 14:00,5.41618578337026
5752,2025-08-28 15:00,4.91176516233782
5753,2025-08-28 16:00,4.63995843287984
5754,2025-08-28 17:00,5.01723070018042
5755,2025-08-28 18:00,5.67989742002912
5756,2025-08-28 19:00,6.37460885207023
5757,2025-08-28 20:00,6.08227112024369
5758,2025-08-28 21:00,5.90733720371982
5759,2025-08-28 22:00,5.52855838178265
5760,2025-08-28 23:00,4.72569944227737
5761,2025-08-29 00:00,3.61061158889745
5762,2025-08-29 01:00,3.25292187492829
5763,2025-08-29 02:00,3.14308003404641
5764,2025-08-29 03:00,2.86342268501078
5765,2025-08-29 04:00,2.79757898233306
5766,2025-08-29 05:00,2.86993418011508
5767,2025-08-29 06:00,3.13469223526932
5768,2025-08-29 07:00,3.48454210690411
5769,2025-08-29 08:00,3.54166267273982
5770,2025-08-29 09:00,3.63929869782576
5771,2025-08-29 10:00,3.77082109790617
5772,2025-08-29 11:00,3.9488905312344
5773,2025-08-29 12:00,4.15219480159152
5774,2025-08-29 13:00,4.18720955285848
5775,2025-08-29 14:00,4.56041475820505
5776,2025-08-29 15:00,4.34233699909304
5777,2025-08-29 16:00,4.48229708160996
5778,2025-08-29 17:00,4.55999033139757
5779,2025-08-29 18:00,5.52814407988227
5780,2025-08-29 19:00,6.03048667248232
5781,2025-08-29 20:00,5.84704202967731
5782,2025-08-29 21:00,5.38919945272867
5783,2025-08-29 22:00,5.11267889993385
5784,2025-08-29 23:00,4.19359293013352
5785,2025-08-30 00:00,4.28713517383074
5786,2025-08-30 01:00,3.85715451066515
5787,2025-08-30 02:00,3.54473448798138
5788,2025-08-30 03:00,3.37682548066287
5789,2025-08-30 04:00,3.13290822845028
5790,2025-08-30 05:00,3.2227964455548
5791,2025-08-30 06:00,3.91264290368117
5792,2025-08-30 07:00,4.29783952614554
5793,2025-08-30 08:00,4.53298022716026
5794,2025-08-30 09:00,4.75616531461666
5795,2025-08-30 10:00,4.72573377887463
5796,2025-08-30 11:00,5.0072509449011
5797,2025-08-30 12:00,5.26717983638063
5798,2025-08-30 13:00,5.25408230553067
5799,2025-08-30 14:00,5.18077808034043
5800,2025-08-30 15:00,5.08427907461382
5801,2025-08-30 16:00,5.02375742840824
5802,2025-08-30 17:00,5.28574016662499
5803,2025-08-30 18:00,6.13727779306175
5804,2025-08-30 19:00,6.29639874318864
5805,2025-08-30 20:00,6.42970750260666
5806,2025-08-30 21:00,6.21060272578949
5807,2025-08-30 22:00,5.75474937470103
5808,2025-08-30 23:00,4.82487177904239
5809,2025-08-31 00:00,3.82300057784087
5810,2025-08-31 01:00,3.42688011251459
5811,2025-08-31 02:00,3.32133009192336
5812,2025-08-31 03:00,3.10986968633842
5813,2025-08-31 04:00,2.93138016311059
5814,2025-08-31 05:00,2.970985196133
5815,2025-08-31 06:00,3.39379201313152
5816,2025-08-31 07:00,3.95696014736218
5817,2025-08-31 08:00,4.22280340121046
5818,2025-08-31 09:00,4.35943974291709
5819,2025-08-31 10:00,4.43737591388279
5820,2025-08-31 11:00,4.77317293988563
5821,2025-08-31 12:00,4.83511576721615
5822,2025-08-31 13:00,4.81351045574594
5823,2025-08-31 14:00,4.86977502430664
5824,2025-08-31 15:00,4.62432940031984
5825,2025-08-31 16:00,4.54216964160539
5826,2025-08-31 17:00,4.94858933834501
5827,2025-08-31 18:00,5.79010581334484
5828,2025-08-31 19:00,6.42353038190056
5829,2025-08-31 20:00,6.24434928888886
5830,2025-08-31 21:00,5.67445870709381
5831,2025-08-31 22:00,5.22958492949418
5832,2025-08-31 23:00,4.69779546212031
5833,2025-09-01 00:00,4.36009776892487
5834,2025-09-01 01:00,4.08661929963782
5835,2025-09-01 02:00,3.62534049482957
5836,2025-09-01 03:00,3.41090582007171
5837,2025-09-01 04:00,3.14420135405241
5838,2025-09-01 05:00,3.29315845592498
5839,2025-09-01 06:00,4.12211257874588
5840,2025-09-01 07:00,4.65128588203571
5841,2025-09-01 08:00,4.80736866844255
5842,2025-09-01 09:00,4.82522825564514
5843,2025-09-01 10:00,5.02741951530166
5844,2025-09-01 11:00,5.295600623137
5845,2025-09-01 12:00,5.16946881497198
5846,2025-09-01 13:00,5.30813956720271
5847,2025-09-01 14:00,5.240733201243
5848,2025-09-01 15:00,5.06340794495156
5849,2025-09-01 16:00,4.97138355573661
5850,2025-09-01 17:00,5.33080908295557
5851,2025-09-01 18:00,6.07164444849274
5852,2025-09-01 19:00,6.41787808800479
5853,2025-09-01 20:00,6.48344609769704
5854,2025-09-01 21:00,6.55135175079012
5855,2025-09-01 22:00,6.06850278695336
5856,2025-09-01 23:00,5.03447770735987
5857,2025-09-02 00:00,4.78259846934058
5858,2025-09-02 01:00,4.42423372459183
5859,2025-09-02 02:00,3.90576119667682
5860,2025-09-02 03:00,3.50709458429814
5861,2025-09-02 04:00,3.4157101662231
5862,2025-09-02 05:00,3.68189520954839
5863,2025-09-02 06:00,4.451538098857
5864,2025-09-02 07:00,4.90431642558247
5865,2025-09-02 08:00,5.07989251281269
5866,2025-09-02 09:00,5.15121125972104
5867,2025-09-02 10:00,5.01224959596979
5868,2025-09-02 11:00,5.21512364054307
5869,2025-09-02 12:00,5.49876000615119
5870,2025-09-02 13:00,5.73184257365588
5871,2025-09-02 14:00,5.80512437506667
5872,2025-09-02 15:00,5.60725505283023
5873,2025-09-02 16:00,5.2963942786871
5874,2025-09-02 17:00,5.61609547507475
5875,2025-09-02 18:00,6.25407763253394
5876,2025-09-02 19:00,6.80851470518383
5877,2025-09-02 20:00,7.03355712262383
5878,2025-09-02 21:00,6.8370954765353
5879,2025-09-02 22:00,6.54504587658408
5880,2025-09-02 23:00,5.36371579017631
5881,2025-09-03 00:00,4.22028470219972
5882,2025-09-03 01:00,3.78137499512133
5883,2025-09-03 02:00,3.48124546462506
5884,2025-09-03 03:00,3.38486924813328
5885,2025-09-03 04:00,3.21229928056715
5886,2025-09-03 05:00,3.4124352063684
5887,2025-09-03 06:00,3.96267944233074
5888,2025-09-03 07:00,4.58329415088025
5889,2025-09-03 08:00,4.51861316608441
5890,2025-09-03 09:00,4.76505257117647
5891,2025-09-03 10:00,4.80099013385577
5892,2025-09-03 11:00,5.00328508219945
5893,2025-09-03 12:00,5.20509955855924
5894,2025-09-03 13:00,5.53434115532246
5895,2025-09-03 14:00,5.32373094297453
5896,2025-09-03 15:00,5.04170939193667
5897,2025-09-03 16:00,5.00325528879787
5898,2025-09-03 17:00,5.20990083955668
5899,2025-09-03 18:00,5.89287486363765
5900,2025-09-03 19:00,6.34668866487243
5901,2025-09-03 20:00,6.30418998979401
5902,2025-09-03 21:00,6.38433614887659
5903,2025-09-03 22:00,6.02153180208675
5904,2025-09-03 23:00,5.01504788109332
5905,2025-09-04 00:00,4.32437136167423
5906,2025-09-04 01:00,3.81474919772322
5907,2025-09-04 02:00,3.3776230763574
5908,2025-09-04 03:00,3.12687265286782
5909,2025-09-04 04:00,2.96260151192006
5910,2025-09-04 05:00,2.97610782706943
5911,2025-09-04 06:00,3.78474396054342
5912,2025-09-04 07:00,4.28515501422137
5913,2025-09-04 08:00,4.36181420431643
5914,2025-09-04 09:00,4.47749923329622
5915,2025-09-04 10:00,4.66450425835194
5916,2025-09-04 11:00,5.00915827044073
5917,2025-09-04 12:00,5.2590127005339
5918,2025-09-04 13:00,5.2556413558695
5919,2025-09-04 14:00,5.3046367057361
5920,2025-09-04 15:00,5.01259694493602
5921,2025-09-04 16:00,4.84264365465415
5922,2025-09-04 17:00,4.7953380128683
5923,2025-09-04 18:00,5.37220437231861
5924,2025-09-04 19:00,5.98167362218681
5925,2025-09-04 20:00,5.92395294776662
5926,2025-09-04 21:00,5.66209377929604
5927,2025-09-04 22:00,5.46843364338346
5928,2025-09-04 23:00,4.54541603712234
5929,2025-09-05 00:00,4.00061025003006
5930,2025-09-05 01:00,3.68062992747848
5931,2025-09-05 02:00,3.53777890378151
5932,2025-09-05 03:00,3.28422055220613
5933,2025-09-05 04:00,2.99276799960605
5934,2025-09-05 05:00,3.11804378090064
5935,2025-09-05 06:00,3.44345679729354
5936,2025-09-05 07:00,3.74124928387945
5937,2025-09-05 08:00,4.06396650157422
5938,2025-09-05 09:00,4.07187012524167
5939,2025-09-05 10:00,4.19397225590991
5940,2025-09-05 11:00,4.39524196732951
5941,2025-09-05 12:00,4.36108949743675
5942,2025-09-05 13:00,4.40412078150822
5943,2025-09-05 14:00,4.9718527545934
5944,2025-09-05 15:00,4.95739645796401
5945,2025-09-05 16:00,5.14005345050784
5946,2025-09-05 17:00,5.2199229612292
5947,2025-09-05 18:00,6.20848115975297
5948,2025-09-05 19:00,6.27995288670477
5949,2025-09-05 20:00,6.34471108795434
5950,2025-09-05 21:00,6.00234163687835
5951,2025-09-05 22:00,5.96188686039008
5952,2025-09-05 23:00,4.94316164059032
5953,2025-09-06 00:00,4.44690348252962
5954,2025-09-06 01:00,4.06627362555342
5955,2025-09-06 02:00,3.74641649558045
5956,2025-09-06 03:00,3.60320509034152
5957,2025-09-06 04:00,3.37372406909095
5958,2025-09-06 05:00,3.54553031907891
5959,2025-09-06 06:00,4.18803225053793
5960,2025-09-06 07:00,4.4056649932215
5961,2025-09-06 08:00,4.62678814913368
5962,2025-09-06 09:00,4.51352169371847
5963,2025-09-06 10:00,4.71527343994247
5964,2025-09-06 11:00,5.02178850947341
5965,2025-09-06 12:00,5.27300333028045
5966,2025-09-06 13:00,4.98373122676629
5967,2025-09-06 14:00,5.06676073409559
5968,2025-09-06 15:00,4.94346694801632
5969,2025-09-06 16:00,5.03963635018972
5970,2025-09-06 17:00,5.19050199039802
5971,2025-09-06 18:00,6.03675062140686
5972,2025-09-06 19:00,6.61786926724245
5973,2025-09-06 20:00,6.60574635098295
5974,2025-09-06 21:00,6.2405440379376
5975,2025-09-06 22:00,5.80958678611384
5976,2025-09-06 23:00,4.85405315622598
5977,2025-09-07 00:00,4.18253257741568
5978,2025-09-07 01:00,3.60722229502455
5979,2025-09-07 02:00,3.34908788361186
5980,2025-09-07 03:00,3.1337716341037
5981,2025-09-07 04:00,2.93186750330045
5982,2025-09-07 05:00,3.2057863777005
5983,2025-09-07 06:00,3.77330758911118
5984,2025-09-07 07:00,3.91246894476387
5985,2025-09-07 08:00,4.2144142335445
5986,2025-09-07 09:00,4.33799945827046
5987,2025-09-07 10:00,4.5879399244856
5988,2025-09-07 11:00,4.98773387975903
5989,2025-09-07 12:00,5.26054932419356
5990,2025-09-07 13:00,5.40285703032675
5991,2025-09-07 14:00,5.43326841262131
5992,2025-09-07 15:00,4.98295737326531
5993,2025-09-07 16:00,4.9896913222019
5994,2025-09-07 17:00,5.19080164363056
5995,2025-09-07 18:00,5.97787971005896
5996,2025-09-07 19:00,6.39745262226523
5997,2025-09-07 20:00,6.19975807109944
5998,2025-09-07 21:00,6.22346454790355
5999,2025-09-07 22:00,5.79910556754906
6000,2025-09-07 23:00,5.03671928123639
6001,2025-09-08 00:00,4.15256344181992
6002,2025-09-08 01:00,3.68039018160857
6003,2025-09-08 02:00,3.35920712536712
6004,2025-09-08 03:00,3.35198485378243
6005,2025-09-08 04:00,3.04367618891949
6006,2025-09-08 05:00,2.99064811436184
6007,2025-09-08 06:00,3.9058675184256
6008,2025-09-08 07:00,4.32887826107739
6009,2025-09-08 08:00,4.45825586163855
6010,2025-09-08 09:00,4.72632608985369
6011,2025-09-08 10:00,4.76679296766156
6012,2025-09-08 11:00,5.08817350927458
6013,2025-09-08 12:00,5.35268555320803
6014,2025-09-08 13:00,5.23294027585978
6015,2025-09-08 14:00,4.94831231424929
6016,2025-09-08 15:00,4.68214403238343
6017,2025-09-08 16:00,4.72323590778686
6018,2025-09-08 17:00,5.02256740275536
6019,2025-09-08 18:00,5.77868314837154
6020,2025-09-08 19:00,6.32875079550249
6021,2025-09-08 20:00,6.02797121542971
6022,2025-09-08 21:00,6.08902288864227
6023,2025-09-08 22:00,5.86219078740569
6024,2025-09-08 23:00,4.82979705419239
6025,2025-09-09 00:00,4.31808842571285
6026,2025-09-09 01:00,3.76950383306866
6027,2025-09-09 02:00,3.55474499760905
6028,2025-09-09 03:00,3.38230700895617
6029,2025-09-09 04:00,3.08629067729768
6030,2025-09-09 05:00,3.21809188605048
6031,2025-09-09 06:00,3.90995137505957
6032,2025-09-09 07:00,4.35717208079052
6033,2025-09-09 08:00,4.60568515752825
6034,2025-09-09 09:00,4.58907973278419
6035,2025-09-09 10:00,4.77055468868573
6036,2025-09-09 11:00,5.15368327099277
6037,2025-09-09 12:00,5.28927792086336
6038,2025-09-09 13:00,5.6931369004805
6039,2025-09-09 14:00,5.47240676763416
6040,2025-09-09 15:00,5.12673557452389
6041,2025-09-09 16:00,4.89250233650337
6042,2025-09-09 17:00,5.18029739130821
6043,2025-09-09 18:00,5.90161624537141
6044,2025-09-09 19:00,6.35047466695039
6045,2025-09-09 20:00,6.47417729225969
6046,2025-09-09 21:00,6.3321042423058
6047,2025-09-09 22:00,5.89009536997557
6048,2025-09-09 23:00,4.96695403627542
6049,2025-09-10 00:00,4.49940647159581
6050,2025-09-10 01:00,3.94578691765279
6051,2025-09-10 02:00,3.62676676087556
6052,2025-09-10 03:00,3.59880152175735
6053,2025-09-10 04:00,3.16706089694992
6054,2025-09-10 05:00,3.42444073952235
6055,2025-09-10 06:00,4.22792096620148
6056,2025-09-10 07:00,4.58059240168352
6057,2025-09-10 08:00,4.73489398861512
6058,2025-09-10 09:00,4.91066201479933
6059,2025-09-10 10:00,5.20503568742428
6060,2025-09-10 11:00,5.75583445515469
6061,2025-09-10 12:00,5.97059415483034
6062,2025-09-10 13:00,5.74825584975435
6063,2025-09-10 14:00,5.78514702061807
6064,2025-09-10 15:00,5.45101335217372
6065,2025-09-10 16:00,5.27368703661133
6066,2025-09-10 17:00,5.37385966211753
6067,2025-09-10 18:00,6.15811061159316
6068,2025-09-10 19:00,6.87061624054672
6069,2025-09-10 20:00,6.84990903155984
6070,2025-09-10 21:00,6.50937049301481
6071,2025-09-10 22:00,6.05698619528528
6072,2025-09-10 23:00,5.30996730764273
6073,2025-09-11 00:00,4.46141289094763
6074,2025-09-11 01:00,3.90114990266869
6075,2025-09-11 02:00,3.59026105206243
6076,2025-09-11 03:00,3.32783694787814
6077,2025-09-11 04:00,3.34350906120163
6078,2025-09-11 05:00,3.42939392756008
6079,2025-09-11 06:00,4.13250362437213
6080,2025-09-11 07:00,4.5814077446221
6081,2025-09-11 08:00,4.71977772224357
6082,2025-09-11 09:00,4.92192840336462
6083,2025-09-11 10:00,4.98283166932449
6084,2025-09-11 11:00,5.14293919024116
6085,2025-09-11 12:00,5.1480669489631
6086,2025-09-11 13:00,5.36792039816637
6087,2025-09-11 14:00,5.65795648134769
6088,2025-09-11 15:00,5.28764500122233
6089,2025-09-11 16:00,5.18928921482338
6090,2025-09-11 17:00,5.50777758431114
6091,2025-09-11 18:00,6.22542119972734
6092,2025-09-11 19:00,6.42398673433373
6093,2025-09-11 20:00,6.30413575793684
6094,2025-09-11 21:00,6.3532627366535
6095,2025-09-11 22:00,5.79740086189153
6096,2025-09-11 23:00,4.9283828839844
6097,2025-09-12 00:00,4.1027791653588
6098,2025-09-12 01:00,3.7984920722535
6099,2025-09-12 02:00,3.40181402962765
6100,2025-09-12 03:00,3.22003027261329
6101,2025-09-12 04:00,3.05846500053698
6102,2025-09-12 05:00,3.19108726425902
6103,2025-09-12 06:00,3.65847387947925
6104,2025-09-12 07:00,3.89663595482649
6105,2025-09-12 08:00,4.10634688323009
6106,2025-09-12 09:00,4.22249631382486
6107,2025-09-12 10:00,4.30271944513541
6108,2025-09-12 11:00,4.59267810247025
6109,2025-09-12 12:00,4.67712787240522
6110,2025-09-12 13:00,4.62040871789712
6111,2025-09-12 14:00,5.40042662904674
6112,2025-09-12 15:00,5.1599891602902
6113,2025-09-12 16:00,5.03067578499633
6114,2025-09-12 17:00,5.20299948005754
6115,2025-09-12 18:00,6.28037756642553
6116,2025-09-12 19:00,6.7367176043194
6117,2025-09-12 20:00,6.48268103215906
6118,2025-09-12 21:00,6.26377130818565
6119,2025-09-12 22:00,5.92820477235405
6120,2025-09-12 23:00,4.9808833701804
6121,2025-09-13 00:00,4.05027266203673
6122,2025-09-13 01:00,3.7056126694267
6123,2025-09-13 02:00,3.33566732354066
6124,2025-09-13 03:00,3.13605987570083
6125,2025-09-13 04:00,3.0742227623892
6126,2025-09-13 05:00,3.19033788464404
6127,2025-09-13 06:00,3.89774543141984
6128,2025-09-13 07:00,4.32994779222855
6129,2025-09-13 08:00,4.36036245453008
6130,2025-09-13 09:00,4.50380845644256
6131,2025-09-13 10:00,4.49296283010307
6132,2025-09-13 11:00,4.64421761975989
6133,2025-09-13 12:00,4.74756241411782
6134,2025-09-13 13:00,4.86744191080247
6135,2025-09-13 14:00,4.85913039730237
6136,2025-09-13 15:00,4.66364619092149
6137,2025-09-13 16:00,4.42210707020186
6138,2025-09-13 17:00,4.67184884826332
6139,2025-09-13 18:00,5.5669734699474
6140,2025-09-13 19:00,6.02624637134048
6141,2025-09-13 20:00,5.99659403784604
6142,2025-09-13 21:00,5.97998333994049
6143,2025-09-13 22:00,5.63861037154065
6144,2025-09-13 23:00,4.75515862537728
6145,2025-09-14 00:00,4.03138700596169
6146,2025-09-14 01:00,3.73127434603978
6147,2025-09-14 02:00,3.31205346090617
6148,2025-09-14 03:00,3.09396357199226
6149,2025-09-14 04:00,2.92081664168566
6150,2025-09-14 05:00,3.17430753282177
6151,2025-09-14 06:00,3.81112538574662
6152,2025-09-14 07:00,4.01659819092196
6153,2025-09-14 08:00,4.16159428839471
6154,2025-09-14 09:00,4.49513944614483
6155,2025-09-14 10:00,4.65115162490982
6156,2025-09-14 11:00,4.76803463916903
6157,2025-09-14 12:00,4.99553988365223
6158,2025-09-14 13:00,5.12084327595924
6159,2025-09-14 14:00,5.21713554543518
6160,2025-09-14 15:00,4.83128400970855
6161,2025-09-14 16:00,4.78541373552644
6162,2025-09-14 17:00,5.01211275836365
6163,2025-09-14 18:00,5.90039254172394
6164,2025-09-14 19:00,6.14200146488887
6165,2025-09-14 20:00,6.14214127452472
6166,2025-09-14 21:00,5.87824950443404
6167,2025-09-14 22:00,5.48734067344373
6168,2025-09-14 23:00,4.46065119050653
6169,2025-09-15 00:00,4.00123454506225
6170,2025-09-15 01:00,3.57442546085703
6171,2025-09-15 02:00,3.36929052271248
6172,2025-09-15 03:00,3.23143316476231
6173,2025-09-15 04:00,3.04276677169451
6174,2025-09-15 05:00,3.20187534786337
6175,2025-09-15 06:00,3.88812305502912
6176,2025-09-15 07:00,4.21909773433849
6177,2025-09-15 08:00,4.50714161314175
6178,2025-09-15 09:00,4.519502600493
6179,2025-09-15 10:00,4.62791156428587
6180,2025-09-15 11:00,4.89619887202102
6181,2025-09-15 12:00,5.02221497878765
6182,2025-09-15 13:00,5.05155892256582
6183,2025-09-15 14:00,5.0451065255759
6184,2025-09-15 15:00,5.01705601316693
6185,2025-09-15 16:00,4.97926294599507
6186,2025-09-15 17:00,5.27695561005387
6187,2025-09-15 18:00,6.06395132581592
6188,2025-09-15 19:00,6.6067226039558
6189,2025-09-15 20:00,6.27839080066172
6190,2025-09-15 21:00,5.90469245297842
6191,2025-09-15 22:00,5.49165481171724
6192,2025-09-15 23:00,4.70627712677021
6193,2025-09-16 00:00,3.68866245339615
6194,2025-09-16 01:00,3.32929614389116
6195,2025-09-16 02:00,2.96227798059086
6196,2025-09-16 03:00,2.82167675629582
6197,2025-09-16 04:00,2.6374833447641
6198,2025-09-16 05:00,2.72143958900692
6199,2025-09-16 06:00,3.47755236121495
6200,2025-09-16 07:00,3.66319404605276
6201,2025-09-16 08:00,4.04800997093836
6202,2025-09-16 09:00,4.12964471202273
6203,2025-09-16 10:00,4.25745308097468
6204,2025-09-16 11:00,4.28633470205276
6205,2025-09-16 12:00,4.48070549598133
6206,2025-09-16 13:00,4.45755394999961
6207,2025-09-16 14:00,4.77184611734602
6208,2025-09-16 15:00,4.62828249147346
6209,2025-09-16 16:00,4.47708593473979
6210,2025-09-16 17:00,4.77634080052799
6211,2025-09-16 18:00,5.63662379779353
6212,2025-09-16 19:00,5.92216752854662
6213,2025-09-16 20:00,5.66823702068635
6214,2025-09-16 21:00,5.48121575272717
6215,2025-09-16 22:00,5.08547751304546
6216,2025-09-16 23:00,4.01884830235399
6217,2025-09-17 00:00,3.64929627021112
6218,2025-09-17 01:00,3.45130820270747
6219,2025-09-17 02:00,3.10329774923056
6220,2025-09-17 03:00,2.85067923554069
6221,2025-09-17 04:00,2.77857922397149
6222,2025-09-17 05:00,3.03304329633902
6223,2025-09-17 06:00,3.65314634395069
6224,2025-09-17 07:00,4.27224935322934
6225,2025-09-17 08:00,4.42924093661454
6226,2025-09-17 09:00,4.26825787519282
6227,2025-09-17 10:00,4.80004296110631
6228,2025-09-17 11:00,4.92403097439512
6229,2025-09-17 12:00,4.90561558350798
6230,2025-09-17 13:00,4.86600222147278
6231,2025-09-17 14:00,4.9431201972563
6232,2025-09-17 15:00,4.75460445229525
6233,2025-09-17 16:00,4.79348521270054
6234,2025-09-17 17:00,4.97142022453685
6235,2025-09-17 18:00,5.54361673279818
6236,2025-09-17 19:00,5.94328836733768
6237,2025-09-17 20:00,5.77203657655769
6238,2025-09-17 21:00,5.75129227189139
6239,2025-09-17 22:00,5.41995637603579
6240,2025-09-17 23:00,4.686440650418
6241,2025-09-18 00:00,4.06295371733796
6242,2025-09-18 01:00,3.75648645008689
6243,2025-09-18 02:00,3.40776451476418
6244,2025-09-18 03:00,3.11203183042467
6245,2025-09-18 04:00,3.08133494124556
6246,2025-09-18 05:00,3.16955333561097
6247,2025-09-18 06:00,3.72315265900514
6248,2025-09-18 07:00,4.12686825611551
6249,2025-09-18 08:00,4.31968912918902
6250,2025-09-18 09:00,4.47585616606696
6251,2025-09-18 10:00,4.57981703756377
6252,2025-09-18 11:00,5.04702101949018
6253,2025-09-18 12:00,5.05819865028567
6254,2025-09-18 13:00,5.09316153542019
6255,2025-09-18 14:00,5.09048307298401
6256,2025-09-18 15:00,4.88411328588293
6257,2025-09-18 16:00,4.73672742039505
6258,2025-09-18 17:00,5.16385111114795
6259,2025-09-18 18:00,6.15203184337568
6260,2025-09-18 19:00,6.8710137818096
6261,2025-09-18 20:00,6.83903745689499
6262,2025-09-18 21:00,6.51318808045043
6263,2025-09-18 22:00,5.80751240914156
6264,2025-09-18 23:00,4.9059322951739
6265,2025-09-19 00:00,4.40115529283213
6266,2025-09-19 01:00,3.94631446696817
6267,2025-09-19 02:00,3.57227120198054
6268,2025-09-19 03:00,3.3804594469958
6269,2025-09-19 04:00,3.15782154297856
6270,2025-09-19 05:00,3.56900534213233
6271,2025-09-19 06:00,3.75544328790554
6272,2025-09-19 07:00,4.01581684292529
6273,2025-09-19 08:00,4.19898766807042
6274,2025-09-19 09:00,4.13294915068203
6275,2025-09-19 10:00,4.13695232478029
6276,2025-09-19 11:00,4.40305639797314
6277,2025-09-19 12:00,4.65042789505533
6278,2025-09-19 13:00,4.76687634715056
6279,2025-09-19 14:00,5.63228537110815
6280,2025-09-19 15:00,5.51991833131934
6281,2025-09-19 16:00,5.24516543568994
6282,2025-09-19 17:00,5.40017431810227
6283,2025-09-19 18:00,6.24087122998435
6284,2025-09-19 19:00,6.83660490368093
6285,2025-09-19 20:00,6.72300385007625
6286,2025-09-19 21:00,6.23149699092317
6287,2025-09-19 22:00,6.09595587071005
6288,2025-09-19 23:00,4.99978016540539
6289,2025-09-20 00:00,4.22289747786183
6290,2025-09-20 01:00,3.77092404922708
6291,2025-09-20 02:00,3.72256436086804
6292,2025-09-20 03:00,3.56045284030398
6293,2025-09-20 04:00,3.35433411774478
6294,2025-09-20 05:00,3.38391884844663
6295,2025-09-20 06:00,4.06597367741114
6296,2025-09-20 07:00,4.65086292103118
6297,2025-09-20 08:00,4.96287936671726
6298,2025-09-20 09:00,4.80279248053803
6299,2025-09-20 10:00,4.88618173943393
6300,2025-09-20 11:00,5.01103192651337
6301,2025-09-20 12:00,5.15436177024996
6302,2025-09-20 13:00,5.41327369236636
6303,2025-09-20 14:00,5.34775341965942
6304,2025-09-20 15:00,5.33881148777719
6305,2025-09-20 16:00,4.95888804984797
6306,2025-09-20 17:00,5.17845458073307
6307,2025-09-20 18:00,6.35308904431146
6308,2025-09-20 19:00,6.89154315605776
6309,2025-09-20 20:00,6.5862364620318
6310,2025-09-20 21:00,6.30477079389066
6311,2025-09-20 22:00,5.9356439238627
6312,2025-09-20 23:00,4.90837742584635
6313,2025-09-21 00:00,4.44942244930434
6314,2025-09-21 01:00,4.12245852165419
6315,2025-09-21 02:00,3.61814160018204
6316,2025-09-21 03:00,3.29027610072473
6317,2025-09-21 04:00,3.04518943394202
6318,2025-09-21 05:00,3.29417167124191
6319,2025-09-21 06:00,3.87350984104653
6320,2025-09-21 07:00,4.31448097796658
6321,2025-09-21 08:00,4.54783415716081
6322,2025-09-21 09:00,4.71793668649347
6323,2025-09-21 10:00,4.5995308665437
6324,2025-09-21 11:00,4.89007203153451
6325,2025-09-21 12:00,5.33061389950208
6326,2025-09-21 13:00,5.63624308386896
6327,2025-09-21 14:00,5.68136579497952
6328,2025-09-21 15:00,5.23547835865586
6329,2025-09-21 16:00,5.00895260232011
6330,2025-09-21 17:00,5.32351824847233
6331,2025-09-21 18:00,5.89413892287713
6332,2025-09-21 19:00,6.68969311288157
6333,2025-09-21 20:00,6.69565303915986
6334,2025-09-21 21:00,6.28905141245423
6335,2025-09-21 22:00,6.1635126297039
6336,2025-09-21 23:00,5.38154111060789
6337,2025-09-22 00:00,4.02645223161781
6338,2025-09-22 01:00,3.63335135729176
6339,2025-09-22 02:00,3.27930350981353
6340,2025-09-22 03:00,3.0853059793393
6341,2025-09-22 04:00,2.86745855037252
6342,2025-09-22 05:00,3.00479346984327
6343,2025-09-22 06:00,3.76074274675168
6344,2025-09-22 07:00,4.13345342599843
6345,2025-09-22 08:00,4.14330591328212
6346,2025-09-22 09:00,4.32881153101259
6347,2025-09-22 10:00,4.40604364624407
6348,2025-09-22 11:00,4.78934322426548
6349,2025-09-22 12:00,4.92023559496186
6350,2025-09-22 13:00,4.9371644041647
6351,2025-09-22 14:00,4.84363019503601
6352,2025-09-22 15:00,4.80735713223342
6353,2025-09-22 16:00,4.65556402215667
6354,2025-09-22 17:00,4.96194129106111
6355,2025-09-22 18:00,5.65440880102771
6356,2025-09-22 19:00,6.02625880627726
6357,2025-09-22 20:00,6.02236517758218
6358,2025-09-22 21:00,5.75655936878204
6359,2025-09-22 22:00,5.26268682275466
6360,2025-09-22 23:00,4.38561057710119
6361,2025-09-23 00:00,3.83482271105722
6362,2025-09-23 01:00,3.50935448645339
6363,2025-09-23 02:00,3.36385961885607
6364,2025-09-23 03:00,3.29492203473141
6365,2025-09-23 04:00,3.00415961398111
6366,2025-09-23 05:00,3.07478240303357
6367,2025-09-23 06:00,3.77265783163796
6368,2025-09-23 07:00,4.18552583581769
6369,2025-09-23 08:00,4.12242218772046
6370,2025-09-23 09:00,4.22044448104862
6371,2025-09-23 10:00,4.35337055174663
6372,2025-09-23 11:00,4.54203484975661
6373,2025-09-23 12:00,4.61971917743173
6374,2025-09-23 13:00,4.62402933452037
6375,2025-09-23 14:00,4.83445392554717
6376,2025-09-23 15:00,4.56704000300851
6377,2025-09-23 16:00,4.40737884839494
6378,2025-09-23 17:00,4.70725579779839
6379,2025-09-23 18:00,5.70817367984708
6380,2025-09-23 19:00,6.27750349302887
6381,2025-09-23 20:00,6.17838347773605
6382,2025-09-23 21:00,5.88994482070266
6383,2025-09-23 22:00,5.49052763411214
6384,2025-09-23 23:00,4.43841879814608
6385,2025-09-24 00:00,4.03162252343781
6386,2025-09-24 01:00,3.6744440190395
6387,2025-09-24 02:00,3.33681070947583
6388,2025-09-24 03:00,3.18578477823025
6389,2025-09-24 04:00,3.15479208834985
6390,2025-09-24 05:00,3.265434945818
6391,2025-09-24 06:00,3.91751153613487
6392,2025-09-24 07:00,4.55073454857083
6393,2025-09-24 08:00,4.58852602214934
6394,2025-09-24 09:00,4.52891674465939
6395,2025-09-24 10:00,4.71819606401264
6396,2025-09-24 11:00,5.06201249400644
6397,2025-09-24 12:00,5.03077217982634
6398,2025-09-24 13:00,5.17167609593522
6399,2025-09-24 14:00,5.27140345768833
6400,2025-09-24 15:00,5.14914569047841
6401,2025-09-24 16:00,5.07040940230656
6402,2025-09-24 17:00,5.21761811052039
6403,2025-09-24 18:00,5.83524890887039
6404,2025-09-24 19:00,6.3566904438825
6405,2025-09-24 20:00,6.32488816526142
6406,2025-09-24 21:00,6.34536428016448
6407,2025-09-24 22:00,5.82992664472877
6408,2025-09-24 23:00,4.84437253827311
6409,2025-09-25 00:00,4.33599136892053
6410,2025-09-25 01:00,3.91660449970314
6411,2025-09-25 02:00,3.56849616958441
6412,2025-09-25 03:00,3.46435771926315
6413,2025-09-25 04:00,3.32522218940448
6414,2025-09-25 05:00,3.38550747383627
6415,2025-09-25 06:00,4.00563224687084
6416,2025-09-25 07:00,4.42969011432647
6417,2025-09-25 08:00,4.76834996061812
6418,2025-09-25 09:00,4.73841287549638
6419,2025-09-25 10:00,4.71074368083524
6420,2025-09-25 11:00,5.33278159407798
6421,2025-09-25 12:00,5.18307525147044
6422,2025-09-25 13:00,5.40141144392969
6423,2025-09-25 14:00,5.38224173381754
6424,2025-09-25 15:00,5.1353445493815
6425,2025-09-25 16:00,4.82851934774574
6426,2025-09-25 17:00,5.33601707309183
6427,2025-09-25 18:00,6.0434488196784
6428,2025-09-25 19:00,6.5588656777588
6429,2025-09-25 20:00,6.61151756748936
6430,2025-09-25 21:00,6.44191396629208
6431,2025-09-25 22:00,6.15114956696124
6432,2025-09-25 23:00,5.12746540720194
6433,2025-09-26 00:00,4.36576512305421
6434,2025-09-26 01:00,4.18909541190091
6435,2025-09-26 02:00,3.8413270526345
6436,2025-09-26 03:00,3.50687746204718
6437,2025-09-26 04:00,3.16920220146729
6438,2025-09-26 05:00,3.44175210883933
6439,2025-09-26 06:00,3.66242175256034
6440,2025-09-26 07:00,4.08023290008594
6441,2025-09-26 08:00,4.24630147047299
6442,2025-09-26 09:00,4.28796195055297
6443,2025-09-26 10:00,4.42880196274609
6444,2025-09-26 11:00,4.51177850194254
6445,2025-09-26 12:00,4.70451528515724
6446,2025-09-26 13:00,4.86605576634744
6447,2025-09-26 14:00,5.53034696367331
6448,2025-09-26 15:00,5.39119495370545
6449,2025-09-26 16:00,5.33452917159016
6450,2025-09-26 17:00,5.60052299389891
6451,2025-09-26 18:00,6.1929325605465
6452,2025-09-26 19:00,6.60574074447943
6453,2025-09-26 20:00,6.72178305056354
6454,2025-09-26 21:00,6.71929458161573
6455,2025-09-26 22:00,6.33326924035832
6456,2025-09-26 23:00,5.27159432863925
6457,2025-09-27 00:00,4.24538341779169
6458,2025-09-27 01:00,3.84343061979349
6459,2025-09-27 02:00,3.54062414740729
6460,2025-09-27 03:00,3.2737129316153
6461,2025-09-27 04:00,2.9478047344945
6462,2025-09-27 05:00,3.28124176210559
6463,2025-09-27 06:00,3.90871268006159
6464,2025-09-27 07:00,4.2291807544754
6465,2025-09-27 08:00,4.40032224638436
6466,2025-09-27 09:00,4.75873693030222
6467,2025-09-27 10:00,4.83230328238745
6468,2025-09-27 11:00,5.13716032126971
6469,2025-09-27 12:00,5.47591378361216
6470,2025-09-27 13:00,5.37745397136257
6471,2025-09-27 14:00,5.37324901209979
6472,2025-09-27 15:00,4.89323450696338
6473,2025-09-27 16:00,4.72513086863283
6474,2025-09-27 17:00,5.15047579190943
6475,2025-09-27 18:00,6.15096771585856
6476,2025-09-27 19:00,6.52353411161364
6477,2025-09-27 20:00,6.45101444996389
6478,2025-09-27 21:00,6.26149127759026
6479,2025-09-27 22:00,5.72690968622851
6480,2025-09-27 23:00,4.85630776813667
6481,2025-09-28 00:00,4.01621563404971
6482,2025-09-28 01:00,3.57571177697493
6483,2025-09-28 02:00,3.23069445853838
6484,2025-09-28 03:00,3.09486916664337
6485,2025-09-28 04:00,2.97159983226477
6486,2025-09-28 05:00,2.97951594857142
6487,2025-09-28 06:00,3.62078014877675
6488,2025-09-28 07:00,3.99289498396353
6489,2025-09-28 08:00,4.30532463139709
6490,2025-09-28 09:00,4.44370293329096
6491,2025-09-28 10:00,4.6293122033713
6492,2025-09-28 11:00,5.11196020805058
6493,2025-09-28 12:00,5.30600647002129
6494,2025-09-28 13:00,5.306858594469
6495,2025-09-28 14:00,5.20428329530386
6496,2025-09-28 15:00,4.71018045954922
6497,2025-09-28 16:00,4.84387833993332
6498,2025-09-28 17:00,5.08691273385266
6499,2025-09-28 18:00,5.93188882085489
6500,2025-09-28 19:00,6.25368216348523
6501,2025-09-28 20:00,6.26295609045274
6502,2025-09-28 21:00,6.02894871511939
6503,2025-09-28 22:00,5.49133839396055
6504,2025-09-28 23:00,4.83663689515275
6505,2025-09-29 00:00,3.94158661354968
6506,2025-09-29 01:00,3.60101154119643
6507,2025-09-29 02:00,3.36223979514628
6508,2025-09-29 03:00,3.20447298827516
6509,2025-09-29 04:00,3.08162884803899
6510,2025-09-29 05:00,3.12642370661921
6511,2025-09-29 06:00,3.79679778715744
6512,2025-09-29 07:00,3.99947960483747
6513,2025-09-29 08:00,4.32521144192237
6514,2025-09-29 09:00,4.39384963549303
6515,2025-09-29 10:00,4.62848479866313
6516,2025-09-29 11:00,4.6339607904457
6517,2025-09-29 12:00,4.82392608120777
6518,2025-09-29 13:00,4.98285701379542
6519,2025-09-29 14:00,5.229353515114
6520,2025-09-29 15:00,4.9533734998801
6521,2025-09-29 16:00,4.94614440695588
6522,2025-09-29 17:00,5.15394195833314
6523,2025-09-29 18:00,5.8797080011266
6524,2025-09-29 19:00,6.02116503540811
6525,2025-09-29 20:00,6.22059067035583
6526,2025-09-29 21:00,5.86179112383233
6527,2025-09-29 22:00,5.59480464852095
6528,2025-09-29 23:00,4.84145294772483
6529,2025-09-30 00:00,4.37381150484338
6530,2025-09-30 01:00,3.92802959754485
6531,2025-09-30 02:00,3.64445678732801
6532,2025-09-30 03:00,3.48800518481045
6533,2025-09-30 04:00,3.15513616578387
6534,2025-09-30 05:00,3.28061959383445
6535,2025-09-30 06:00,3.85482504613133
6536,2025-09-30 07:00,4.29938181989104
6537,2025-09-30 08:00,4.33091390322655
6538,2025-09-30 09:00,4.4155778154798
6539,2025-09-30 10:00,4.60765958892927
6540,2025-09-30 11:00,4.95298410782597
6541,2025-09-30 12:00,5.28430234474191
6542,2025-09-30 13:00,5.25890301477923
6543,2025-09-30 14:00,5.29674289795538
6544,2025-09-30 15:00,5.03095725445435
6545,2025-09-30 16:00,4.97470445061275
6546,2025-09-30 17:00,5.30417317762686
6547,2025-09-30 18:00,6.10586022155426
6548,2025-09-30 19:00,6.58624645971019
6549,2025-09-30 20:00,6.4847755387928
6550,2025-09-30 21:00,6.37360338042688
6551,2025-09-30 22:00,5.85755223095392
6552,2025-09-30 23:00,4.94480946263642
6553,2025-10-01 00:00,4.17208302461572
6554,2025-10-01 01:00,3.63251620723701
6555,2025-10-01 02:00,3.44804671747319
6556,2025-10-01 03:00,3.28892903659426
6557,2025-10-01 04:00,3.08229859620585
6558,2025-10-01 05:00,2.956058339448
6559,2025-10-01 06:00,3.59046221726649
6560,2025-10-01 07:00,4.26929331526342
6561,2025-10-01 08:00,4.53534045499406
6562,2025-10-01 09:00,4.57006897122071
6563,2025-10-01 10:00,4.63783709334682
6564,2025-10-01 11:00,4.96363987361681
6565,2025-10-01 12:00,5.33934861374745
6566,2025-10-01 13:00,5.15287926100719
6567,2025-10-01 14:00,5.1099274070977
6568,2025-10-01 15:00,5.20997588122458
6569,2025-10-01 16:00,4.85422921193083
6570,2025-10-01 17:00,4.82922559331152
6571,2025-10-01 18:00,6.21677302728226
6572,2025-10-01 19:00,6.61687159111481
6573,2025-10-01 20:00,6.42040471013833
6574,2025-10-01 21:00,5.97887460923166
6575,2025-10-01 22:00,5.3690768730915
6576,2025-10-01 23:00,4.56292617161936
6577,2025-10-02 00:00,4.19764641991236
6578,2025-10-02 01:00,3.75039616429605
6579,2025-10-02 02:00,3.49711045633755
6580,2025-10-02 03:00,3.330412038677
6581,2025-10-02 04:00,3.08330126250464
6582,2025-10-02 05:00,3.13543070647002
6583,2025-10-02 06:00,3.83122752500367
6584,2025-10-02 07:00,4.34524247099843
6585,2025-10-02 08:00,4.59625543270531
6586,2025-10-02 09:00,4.61315270565652
6587,2025-10-02 10:00,4.70755475649753
6588,2025-10-02 11:00,5.1652122325523
6589,2025-10-02 12:00,5.11653406655383
6590,2025-10-02 13:00,5.2275553766723
6591,2025-10-02 14:00,5.37161718089104
6592,2025-10-02 15:00,5.0530338943135
6593,2025-10-02 16:00,4.88990230508741
6594,2025-10-02 17:00,5.09129372521621
6595,2025-10-02 18:00,5.79300130217597
6596,2025-10-02 19:00,6.2469513803491
6597,2025-10-02 20:00,6.55171011320366
6598,2025-10-02 21:00,6.05956335109371
6599,2025-10-02 22:00,5.59120163056481
6600,2025-10-02 23:00,4.80727382284824
6601,2025-10-03 00:00,3.91189723932175
6602,2025-10-03 01:00,3.59685446976087
6603,2025-10-03 02:00,3.45047922072448
6604,2025-10-03 03:00,3.28524341422167
6605,2025-10-03 04:00,3.12042235574457
6606,2025-10-03 05:00,3.22978195331946
6607,2025-10-03 06:00,3.35310828734199
6608,2025-10-03 07:00,3.88092751933669
6609,2025-10-03 08:00,3.91713334869529
6610,2025-10-03 09:00,4.10931308568328
6611,2025-10-03 10:00,4.14719076746742
6612,2025-10-03 11:00,4.54036805759167
6613,2025-10-03 12:00,4.71675997846408
6614,2025-10-03 13:00,4.86418943243757
6615,2025-10-03 14:00,5.2780003338619
6616,2025-10-03 15:00,5.01235197318441
6617,2025-10-03 16:00,4.91827459584154
6618,2025-10-03 17:00,5.32662808215362
6619,2025-10-03 18:00,6.00182577884635
6620,2025-10-03 19:00,6.63581000281505
6621,2025-10-03 20:00,6.8123046562151
6622,2025-10-03 21:00,6.28602425617138
6623,2025-10-03 22:00,5.88585846666311
6624,2025-10-03 23:00,4.77577009359471
6625,2025-10-04 00:00,4.33002304278499
6626,2025-10-04 01:00,3.88004392720959
6627,2025-10-04 02:00,3.62285522484224
6628,2025-10-04 03:00,3.43559285236433
6629,2025-10-04 04:00,3.19221266796324
6630,2025-10-04 05:00,3.33533875488588
6631,2025-10-04 06:00,4.09616271634645
6632,2025-10-04 07:00,4.57693257325117
6633,2025-10-04 08:00,4.56665470453871
6634,2025-10-04 09:00,4.73261063980364
6635,2025-10-04 10:00,4.81462873015958
6636,2025-10-04 11:00,5.03521708905191
6637,2025-10-04 12:00,5.08315129268398
6638,2025-10-04 13:00,5.25333778502078
6639,2025-10-04 14:00,5.42814982836301
6640,2025-10-04 15:00,5.10592821045325
6641,2025-10-04 16:00,5.0765548942676
6642,2025-10-04 17:00,5.27563163589791
6643,2025-10-04 18:00,6.14035756380911
6644,2025-10-04 19:00,6.92687343316133
6645,2025-10-04 20:00,6.9248537486604
6646,2025-10-04 21:00,6.42976629944785
6647,2025-10-04 22:00,5.91660707370783
6648,2025-10-04 23:00,4.79209053164203
6649,2025-10-05 00:00,3.90655093211282
6650,2025-10-05 01:00,3.64867082950064
6651,2025-10-05 02:00,3.43967526856936
6652,2025-10-05 03:00,3.1571190628967
6653,2025-10-05 04:00,3.074665854503
6654,2025-10-05 05:00,3.15814588728527
6655,2025-10-05 06:00,3.78801527823584
6656,2025-10-05 07:00,4.17781694820742
6657,2025-10-05 08:00,4.42733062296283
6658,2025-10-05 09:00,4.51081811266073
6659,2025-10-05 10:00,4.58420317545064
6660,2025-10-05 11:00,4.84483958911347
6661,2025-10-05 12:00,4.84361023547643
6662,2025-10-05 13:00,5.18381836943922
6663,2025-10-05 14:00,5.15156142495682
6664,2025-10-05 15:00,4.80765527953803
6665,2025-10-05 16:00,4.80088390064562
6666,2025-10-05 17:00,5.17230904782232
6667,2025-10-05 18:00,6.13647093160893
6668,2025-10-05 19:00,6.39277516104145
6669,2025-10-05 20:00,6.04550603109054
6670,2025-10-05 21:00,5.88191646374572
6671,2025-10-05 22:00,5.19808266345226
6672,2025-10-05 23:00,4.61981282719501
6673,2025-10-06 00:00,3.73438247877635
6674,2025-10-06 01:00,3.37734675013918
6675,2025-10-06 02:00,3.13999563281379
6676,2025-10-06 03:00,2.97242636847356
6677,2025-10-06 04:00,2.94485380690704
6678,2025-10-06 05:00,3.00185230151058
6679,2025-10-06 06:00,3.50143697553814
6680,2025-10-06 07:00,3.90475864015365
6681,2025-10-06 08:00,4.14636375426137
6682,2025-10-06 09:00,4.11551374727809
6683,2025-10-06 10:00,4.3070169075503
6684,2025-10-06 11:00,4.60489171722722
6685,2025-10-06 12:00,4.82501167554918
6686,2025-10-06 13:00,5.23391702478939
6687,2025-10-06 14:00,5.00501355044379
6688,2025-10-06 15:00,4.61300609610246
6689,2025-10-06 16:00,4.41077467194587
6690,2025-10-06 17:00,4.88735957590487
6691,2025-10-06 18:00,5.9301592306411
6692,2025-10-06 19:00,6.41846632091576
6693,2025-10-06 20:00,6.0519917247151
6694,2025-10-06 21:00,5.94289268030433
6695,2025-10-06 22:00,5.34703418156934
6696,2025-10-06 23:00,4.42737876631418
6697,2025-10-07 00:00,3.58176217362575
6698,2025-10-07 01:00,3.31735783813033
6699,2025-10-07 02:00,3.05551740838228
6700,2025-10-07 03:00,2.89750044703254
6701,2025-10-07 04:00,2.7748897787944
6702,2025-10-07 05:00,2.91445228893046
6703,2025-10-07 06:00,3.57624202627306
6704,2025-10-07 07:00,3.89228308796965
6705,2025-10-07 08:00,4.20547757128283
6706,2025-10-07 09:00,4.2800247397549
6707,2025-10-07 10:00,4.19418854963067
6708,2025-10-07 11:00,4.46504961471067
6709,2025-10-07 12:00,4.52012315268653
6710,2025-10-07 13:00,4.58719943355732
6711,2025-10-07 14:00,4.68696465566891
6712,2025-10-07 15:00,4.6216743485416
6713,2025-10-07 16:00,4.41542067383543
6714,2025-10-07 17:00,4.82168578237935
6715,2025-10-07 18:00,5.64436857665809
6716,2025-10-07 19:00,6.24281220783088
6717,2025-10-07 20:00,5.8743827516885
6718,2025-10-07 21:00,5.78591914259701
6719,2025-10-07 22:00,5.14055867985396
6720,2025-10-07 23:00,4.33412487838282
6721,2025-10-08 00:00,3.61973236332608
6722,2025-10-08 01:00,3.13500804378983
6723,2025-10-08 02:00,3.13478710998331
6724,2025-10-08 03:00,2.98232026201288
6725,2025-10-08 04:00,2.80388020848322
6726,2025-10-08 05:00,2.84082347119348
6727,2025-10-08 06:00,3.57443548785081
6728,2025-10-08 07:00,3.9451988731597
6729,2025-10-08 08:00,4.1493838031529
6730,2025-10-08 09:00,4.25576587190857
6731,2025-10-08 10:00,4.38984536965092
6732,2025-10-08 11:00,4.57869966120619
6733,2025-10-08 12:00,4.75009803879422
6734,2025-10-08 13:00,4.97106935169589
6735,2025-10-08 14:00,4.97730470776725
6736,2025-10-08 15:00,4.69587128737468
6737,2025-10-08 16:00,4.76460468520836
6738,2025-10-08 17:00,4.99176047781438
6739,2025-10-08 18:00,5.50739647146875
6740,2025-10-08 19:00,6.28320315552718
6741,2025-10-08 20:00,6.24140591852564
6742,2025-10-08 21:00,5.92071027372996
6743,2025-10-08 22:00,5.27453486134579
6744,2025-10-08 23:00,4.2805412584269
6745,2025-10-09 00:00,3.58380402212506
6746,2025-10-09 01:00,3.18210638428437
6747,2025-10-09 02:00,3.00011819150916
6748,2025-10-09 03:00,2.87215090692817
6749,2025-10-09 04:00,2.6396053498029
6750,2025-10-09 05:00,2.87156046465373
6751,2025-10-09 06:00,3.54812637446845
6752,2025-10-09 07:00,4.01812907086449
6753,2025-10-09 08:00,4.00826255190494
6754,2025-10-09 09:00,4.05933110299254
6755,2025-10-09 10:00,4.17545596626669
6756,2025-10-09 11:00,4.29890385291525
6757,2025-10-09 12:00,4.76795652293926
6758,2025-10-09 13:00,4.64334045275659
6759,2025-10-09 14:00,4.63979057722356
6760,2025-10-09 15:00,4.36548610885256
6761,2025-10-09 16:00,4.38246241036855
6762,2025-10-09 17:00,4.56369200731395
6763,2025-10-09 18:00,5.29933122410709
6764,2025-10-09 19:00,5.65572637629059
6765,2025-10-09 20:00,5.8785372533085
6766,2025-10-09 21:00,5.49077333669658
6767,2025-10-09 22:00,5.11632006969972
6768,2025-10-09 23:00,4.42000123333326
6769,2025-10-10 00:00,3.89231815202814
6770,2025-10-10 01:00,3.59250951631784
6771,2025-10-10 02:00,3.22693006379423
6772,2025-10-10 03:00,3.14552361647825
6773,2025-10-10 04:00,2.94041053367998
6774,2025-10-10 05:00,2.98623946686844
6775,2025-10-10 06:00,3.26222579515936
6776,2025-10-10 07:00,3.48260225523561
6777,2025-10-10 08:00,3.9852929220938
6778,2025-10-10 09:00,3.85605980525318
6779,2025-10-10 10:00,3.98459608628715
6780,2025-10-10 11:00,4.19273417108222
6781,2025-10-10 12:00,4.56571895660643
6782,2025-10-10 13:00,4.50270971281812
6783,2025-10-10 14:00,5.06969997814606
6784,2025-10-10 15:00,4.82244156641899
6785,2025-10-10 16:00,4.75658838340788
6786,2025-10-10 17:00,4.8400089894202
6787,2025-10-10 18:00,5.54159960578534
6788,2025-10-10 19:00,5.9253320131045
6789,2025-10-10 20:00,6.10488056246264
6790,2025-10-10 21:00,5.82218347860997
6791,2025-10-10 22:00,5.40189126123149
6792,2025-10-10 23:00,4.34727251376242
6793,2025-10-11 00:00,3.8172902256849
6794,2025-10-11 01:00,3.51995445634526
6795,2025-10-11 02:00,3.24481784958342
6796,2025-10-11 03:00,2.96775338662527
6797,2025-10-11 04:00,2.74684512504331
6798,2025-10-11 05:00,2.72203614752616
6799,2025-10-11 06:00,3.39157533054975
6800,2025-10-11 07:00,3.952473515453
6801,2025-10-11 08:00,4.18131325341524
6802,2025-10-11 09:00,4.39239293382642
6803,2025-10-11 10:00,4.39582981684232
6804,2025-10-11 11:00,4.67943201470802
6805,2025-10-11 12:00,4.80263978827357
6806,2025-10-11 13:00,4.87369970528554
6807,2025-10-11 14:00,4.8029069046791
6808,2025-10-11 15:00,4.59329093226837
6809,2025-10-11 16:00,4.50659144964422
6810,2025-10-11 17:00,4.97237632156906
6811,2025-10-11 18:00,5.94015319617265
6812,2025-10-11 19:00,6.17143103506667
6813,2025-10-11 20:00,6.04562458481055
6814,2025-10-11 21:00,5.81001842337649
6815,2025-10-11 22:00,5.20807552694925
6816,2025-10-11 23:00,4.51410298079512
6817,2025-10-12 00:00,3.73628468625786
6818,2025-10-12 01:00,3.49572015365033
6819,2025-10-12 02:00,3.07736772829207
6820,2025-10-12 03:00,2.9430154326834
6821,2025-10-12 04:00,2.7810909569952
6822,2025-10-12 05:00,2.83966071832556
6823,2025-10-12 06:00,3.45267337955815
6824,2025-10-12 07:00,3.89126255328016
6825,2025-10-12 08:00,4.04551207968959
6826,2025-10-12 09:00,4.10194579127547
6827,2025-10-12 10:00,4.19314749113437
6828,2025-10-12 11:00,4.44558985081115
6829,2025-10-12 12:00,4.52782438308698
6830,2025-10-12 13:00,4.79304321164845
6831,2025-10-12 14:00,4.77859755304828
6832,2025-10-12 15:00,4.55511626821559
6833,2025-10-12 16:00,4.30675156527584
6834,2025-10-12 17:00,4.70333091505641
6835,2025-10-12 18:00,5.30266624048611
6836,2025-10-12 19:00,5.62294070130475
6837,2025-10-12 20:00,5.65819826546143
6838,2025-10-12 21:00,5.39920674046306
6839,2025-10-12 22:00,4.96395919013349
6840,2025-10-12 23:00,4.03656603747585
6841,2025-10-13 00:00,3.57570637304193
6842,2025-10-13 01:00,3.18676587113965
6843,2025-10-13 02:00,3.1826055794302
6844,2025-10-13 03:00,2.98217187508119
6845,2025-10-13 04:00,2.83886992104242
6846,2025-10-13 05:00,2.88398951730546
6847,2025-10-13 06:00,3.33912480225151
6848,2025-10-13 07:00,3.8378181290949
6849,2025-10-13 08:00,4.03455568636811
6850,2025-10-13 09:00,4.18388554015591
6851,2025-10-13 10:00,4.19907586462936
6852,2025-10-13 11:00,4.57692676513814
6853,2025-10-13 12:00,4.71517064872097
6854,2025-10-13 13:00,4.678436383961
6855,2025-10-13 14:00,4.46958395782415
6856,2025-10-13 15:00,4.3272604687521
6857,2025-10-13 16:00,4.37780866513611
6858,2025-10-13 17:00,4.89670388741736
6859,2025-10-13 18:00,5.54039114257037
6860,2025-10-13 19:00,5.72908738910295
6861,2025-10-13 20:00,5.82360937110883
6862,2025-10-13 21:00,5.59517350853051
6863,2025-10-13 22:00,5.00663223875827
6864,2025-10-13 23:00,4.19340611728577
6865,2025-10-14 00:00,3.36404777435333
6866,2025-10-14 01:00,3.1466184248771
6867,2025-10-14 02:00,3.00895056382402
6868,2025-10-14 03:00,2.77572511207335
6869,2025-10-14 04:00,2.62628320763753
6870,2025-10-14 05:00,2.70281230651183
6871,2025-10-14 06:00,3.28888702276338
6872,2025-10-14 07:00,3.61077374529685
6873,2025-10-14 08:00,3.90517115388791
6874,2025-10-14 09:00,3.98705490686068
6875,2025-10-14 10:00,4.09993433569361
6876,2025-10-14 11:00,4.25292605807678
6877,2025-10-14 12:00,4.33196877692955
6878,2025-10-14 13:00,4.37035612081313
6879,2025-10-14 14:00,4.4810567991795
6880,2025-10-14 15:00,4.20646635140114
6881,2025-10-14 16:00,4.21397661280578
6882,2025-10-14 17:00,4.56415895207355
6883,2025-10-14 18:00,5.25364818031899
6884,2025-10-14 19:00,5.6236090805412
6885,2025-10-14 20:00,5.52815084516275
6886,2025-10-14 21:00,5.07090455861339
6887,2025-10-14 22:00,4.61694523702864
6888,2025-10-14 23:00,4.02604822153544
6889,2025-10-15 00:00,3.58791634870041
6890,2025-10-15 01:00,3.21828985262448
6891,2025-10-15 02:00,2.98145142651659
6892,2025-10-15 03:00,2.75017351118854
6893,2025-10-15 04:00,2.54011809591653
6894,2025-10-15 05:00,2.5387711781837
6895,2025-10-15 06:00,3.30481229179074
6896,2025-10-15 07:00,3.59450144809434
6897,2025-10-15 08:00,3.83589529202043
6898,2025-10-15 09:00,3.9564929524738
6899,2025-10-15 10:00,3.90059630510419
6900,2025-10-15 11:00,4.26715315838557
6901,2025-10-15 12:00,4.30596214666485
6902,2025-10-15 13:00,4.29552044657878
6903,2025-10-15 14:00,4.47891518284853
6904,2025-10-15 15:00,4.25688824819964
6905,2025-10-15 16:00,4.33575925130009
6906,2025-10-15 17:00,4.75144265985366
6907,2025-10-15 18:00,5.38276777416419
6908,2025-10-15 19:00,5.85673596911958
6909,2025-10-15 20:00,5.66055735641862
6910,2025-10-15 21:00,5.41106815926744
6911,2025-10-15 22:00,4.83847602449262
6912,2025-10-15 23:00,4.00341521602476
6913,2025-10-16 00:00,3.69617027616903
6914,2025-10-16 01:00,3.42387175604002
6915,2025-10-16 02:00,3.12147759744146
6916,2025-10-16 03:00,2.89890949331995
6917,2025-10-16 04:00,2.63363449528622
6918,2025-10-16 05:00,2.79118390010965
6919,2025-10-16 06:00,3.41805969789146
6920,2025-10-16 07:00,3.91088610684706
6921,2025-10-16 08:00,4.06362203724925
6922,2025-10-16 09:00,4.15810394626339
6923,2025-10-16 10:00,4.2401421261323
6924,2025-10-16 11:00,4.67722665057356
6925,2025-10-16 12:00,4.86314111490848
6926,2025-10-16 13:00,4.94319992337702
6927,2025-10-16 14:00,4.82446624844926
6928,2025-10-16 15:00,4.70266811385408
6929,2025-10-16 16:00,4.46539661512798
6930,2025-10-16 17:00,4.93316565415031
6931,2025-10-16 18:00,5.67853684087036
6932,2025-10-16 19:00,6.01045784527998
6933,2025-10-16 20:00,5.96849276400937
6934,2025-10-16 21:00,5.71463820104075
6935,2025-10-16 22:00,4.9371112258674
6936,2025-10-16 23:00,4.25137081591621
6937,2025-10-17 00:00,3.56070658912162
6938,2025-10-17 01:00,3.24463082712453
6939,2025-10-17 02:00,2.9172931963717
6940,2025-10-17 03:00,2.78740510550225
6941,2025-10-17 04:00,2.65980239114614
6942,2025-10-17 05:00,2.76070705674522
6943,2025-10-17 06:00,3.11151211169602
6944,2025-10-17 07:00,3.42524135899975
6945,2025-10-17 08:00,3.83525482467509
6946,2025-10-17 09:00,3.87886852687154
6947,2025-10-17 10:00,4.0464302439598
6948,2025-10-17 11:00,3.97402200218992
6949,2025-10-17 12:00,4.06587218419065
6950,2025-10-17 13:00,4.12423681552804
6951,2025-10-17 14:00,4.69939056707245
6952,2025-10-17 15:00,4.59476439761812
6953,2025-10-17 16:00,4.33652118030248
6954,2025-10-17 17:00,4.61355757514183
6955,2025-10-17 18:00,5.68848541403259
6956,2025-10-17 19:00,5.8233444689571
6957,2025-10-17 20:00,5.91038465356169
6958,2025-10-17 21:00,5.65066481142933
6959,2025-10-17 22:00,5.34316469315105
6960,2025-10-17 23:00,4.21095011110976
6961,2025-10-18 00:00,3.53747349391745
6962,2025-10-18 01:00,3.27421173225259
6963,2025-10-18 02:00,3.17763369913643
6964,2025-10-18 03:00,2.94555035822327
6965,2025-10-18 04:00,2.70887816581527
6966,2025-10-18 05:00,2.84224129194385
6967,2025-10-18 06:00,3.52904838756183
6968,2025-10-18 07:00,3.95759325906674
6969,2025-10-18 08:00,4.25609725995153
6970,2025-10-18 09:00,3.95081175998749
6971,2025-10-18 10:00,3.93946871082255
6972,2025-10-18 11:00,4.2954682209247
6973,2025-10-18 12:00,4.57835328218537
6974,2025-10-18 13:00,4.5768887147297
6975,2025-10-18 14:00,4.47304325080234
6976,2025-10-18 15:00,4.4743980092944
6977,2025-10-18 16:00,4.25889698853677
6978,2025-10-18 17:00,4.57166224967746
6979,2025-10-18 18:00,5.37248781844275
6980,2025-10-18 19:00,5.8450539795123
6981,2025-10-18 20:00,5.97227710799667
6982,2025-10-18 21:00,5.55015216933537
6983,2025-10-18 22:00,5.09198460165169
6984,2025-10-18 23:00,4.29920060601887
6985,2025-10-19 00:00,3.87945424715566
6986,2025-10-19 01:00,3.54647117618419
6987,2025-10-19 02:00,3.21917773787615
6988,2025-10-19 03:00,2.95551062093185
6989,2025-10-19 04:00,2.70236014477101
6990,2025-10-19 05:00,2.83120766236617
6991,2025-10-19 06:00,3.51432797485465
6992,2025-10-19 07:00,4.04992004773931
6993,2025-10-19 08:00,4.26012826603267
6994,2025-10-19 09:00,4.40383236917694
6995,2025-10-19 10:00,4.4005103177353
6996,2025-10-19 11:00,4.6033872719061
6997,2025-10-19 12:00,4.7550731015129
6998,2025-10-19 13:00,4.69295188810139
6999,2025-10-19 14:00,4.55003823932869
7000,2025-10-19 15:00,4.51617901258923
7001,2025-10-19 16:00,4.71028416895592
7002,2025-10-19 17:00,4.77921704133641
7003,2025-10-19 18:00,5.3915197978104
7004,2025-10-19 19:00,5.99898601944242
7005,2025-10-19 20:00,5.79712134223807
7006,2025-10-19 21:00,5.79255846163772
7007,2025-10-19 22:00,5.31230247251727
7008,2025-10-19 23:00,4.6305554531944
7009,2025-10-20 00:00,3.96770146560266
7010,2025-10-20 01:00,3.65026085387639
7011,2025-10-20 02:00,3.33311357943068
7012,2025-10-20 03:00,3.14401436165537
7013,2025-10-20 04:00,2.93448471344696
7014,2025-10-20 05:00,2.95842015173666
7015,2025-10-20 06:00,3.63404158388469
7016,2025-10-20 07:00,4.06704896559231
7017,2025-10-20 08:00,4.42130718075059
7018,2025-10-20 09:00,4.49783318278003
7019,2025-10-20 10:00,4.62279482723553
7020,2025-10-20 11:00,4.71203595230951
7021,2025-10-20 12:00,4.94622848877565
7022,2025-10-20 13:00,5.01805508323501
7023,2025-10-20 14:00,5.1127248774778
7024,2025-10-20 15:00,5.06090650552417
7025,2025-10-20 16:00,4.73017155303509
7026,2025-10-20 17:00,5.21278684818326
7027,2025-10-20 18:00,5.81657304316069
7028,2025-10-20 19:00,6.11558597570471
7029,2025-10-20 20:00,6.12972621639573
7030,2025-10-20 21:00,5.67420400308774
7031,2025-10-20 22:00,5.31953886996752
7032,2025-10-20 23:00,4.35831844210335
7033,2025-10-21 00:00,3.46978747625501
7034,2025-10-21 01:00,3.24267474697535
7035,2025-10-21 02:00,3.06519599796343
7036,2025-10-21 03:00,2.98135063231826
7037,2025-10-21 04:00,2.8218006708696
7038,2025-10-21 05:00,2.90150310566128
7039,2025-10-21 06:00,3.44697117417714
7040,2025-10-21 07:00,3.63998781372477
7041,2025-10-21 08:00,3.89046010533873
7042,2025-10-21 09:00,4.06080573183877
7043,2025-10-21 10:00,4.13874733868099
7044,2025-10-21 11:00,4.48536146527111
7045,2025-10-21 12:00,4.606707073532
7046,2025-10-21 13:00,4.52534709163006
7047,2025-10-21 14:00,4.3624452542673
7048,2025-10-21 15:00,4.31177017881932
7049,2025-10-21 16:00,4.37013191263175
7050,2025-10-21 17:00,5.01190220386336
7051,2025-10-21 18:00,5.35621256880177
7052,2025-10-21 19:00,6.03846093487188
7053,2025-10-21 20:00,5.77113482002933
7054,2025-10-21 21:00,5.34978684417021
7055,2025-10-21 22:00,5.1491773665683
7056,2025-10-21 23:00,4.23431564976965
7057,2025-10-22 00:00,3.97253692514154
7058,2025-10-22 01:00,3.47681442041669
7059,2025-10-22 02:00,3.26614918560875
7060,2025-10-22 03:00,3.2471747513192
7061,2025-10-22 04:00,2.95284349279914
7062,2025-10-22 05:00,3.1035661909881
7063,2025-10-22 06:00,3.62724650390479
7064,2025-10-22 07:00,4.11345663136309
7065,2025-10-22 08:00,4.23636543768609
7066,2025-10-22 09:00,4.25678293301371
7067,2025-10-22 10:00,4.36587907636349
7068,2025-10-22 11:00,4.48805741542653
7069,2025-10-22 12:00,4.97004802579411
7070,2025-10-22 13:00,5.00156530156415
7071,2025-10-22 14:00,4.95745365934799
7072,2025-10-22 15:00,4.7372061431688
7073,2025-10-22 16:00,4.63046217042024
7074,2025-10-22 17:00,5.1345054166043
7075,2025-10-22 18:00,6.23759546342219
7076,2025-10-22 19:00,6.48229658073352
7077,2025-10-22 20:00,6.52865082086147
7078,2025-10-22 21:00,6.11854897081707
7079,2025-10-22 22:00,5.33365273912008
7080,2025-10-22 23:00,4.57763595006313
7081,2025-10-23 00:00,3.65338512031101
7082,2025-10-23 01:00,3.34820184849253
7083,2025-10-23 02:00,3.13380943189449
7084,2025-10-23 03:00,2.91503762485888
7085,2025-10-23 04:00,2.77906456556343
7086,2025-10-23 05:00,2.90687322055687
7087,2025-10-23 06:00,3.48973607625463
7088,2025-10-23 07:00,3.8706132455741
7089,2025-10-23 08:00,3.94837212824721
7090,2025-10-23 09:00,4.27012842245955
7091,2025-10-23 10:00,4.36996351417075
7092,2025-10-23 11:00,4.27825330896348
7093,2025-10-23 12:00,4.45048646722141
7094,2025-10-23 13:00,4.59774674680572
7095,2025-10-23 14:00,4.44237527636021
7096,2025-10-23 15:00,4.07150880049215
7097,2025-10-23 16:00,4.09188500632206
7098,2025-10-23 17:00,4.4558462569838
7099,2025-10-23 18:00,5.19235431097969
7100,2025-10-23 19:00,5.57582772586208
7101,2025-10-23 20:00,5.4189540432908
7102,2025-10-23 21:00,5.38549431361432
7103,2025-10-23 22:00,4.95887534881956
7104,2025-10-23 23:00,4.11219721108899
7105,2025-10-24 00:00,3.63073549709541
7106,2025-10-24 01:00,3.37829520441136
7107,2025-10-24 02:00,3.11102792606192
7108,2025-10-24 03:00,2.82611002238846
7109,2025-10-24 04:00,2.62670012483832
7110,2025-10-24 05:00,2.8874297017133
7111,2025-10-24 06:00,3.25314818019516
7112,2025-10-24 07:00,3.61965279553872
7113,2025-10-24 08:00,3.79107089013644
7114,2025-10-24 09:00,3.90500752349237
7115,2025-10-24 10:00,3.94421157320297
7116,2025-10-24 11:00,4.20220250708699
7117,2025-10-24 12:00,4.11810053771728
7118,2025-10-24 13:00,4.29804505836577
7119,2025-10-24 14:00,4.94294834536071
7120,2025-10-24 15:00,4.70479414209438
7121,2025-10-24 16:00,4.53256898870688
7122,2025-10-24 17:00,4.84098003586301
7123,2025-10-24 18:00,5.72873626993869
7124,2025-10-24 19:00,6.2648765021971
7125,2025-10-24 20:00,6.31521406628522
7126,2025-10-24 21:00,5.85825442559864
7127,2025-10-24 22:00,5.40112118931914
7128,2025-10-24 23:00,4.41693077439876
7129,2025-10-25 00:00,4.0732321984806
7130,2025-10-25 01:00,3.63198367698492
7131,2025-10-25 02:00,3.31120415181576
7132,2025-10-25 03:00,3.1172926752656
7133,2025-10-25 04:00,2.96447145503721
7134,2025-10-25 05:00,3.10477080984606
7135,2025-10-25 06:00,3.62804906936051
7136,2025-10-25 07:00,3.79478569546745
7137,2025-10-25 08:00,4.15896449736161
7138,2025-10-25 09:00,4.2470482520303
7139,2025-10-25 10:00,4.39419946360768
7140,2025-10-25 11:00,4.61778233895706
7141,2025-10-25 12:00,4.62768055770557
7142,2025-10-25 13:00,4.83734504512236
7143,2025-10-25 14:00,4.88194149384306
7144,2025-10-25 15:00,4.58333370135035
7145,2025-10-25 16:00,4.42778123388721
7146,2025-10-25 17:00,4.93918760203826
7147,2025-10-25 18:00,5.48148939745734
7148,2025-10-25 19:00,6.06233938478528
7149,2025-10-25 20:00,5.85847855339668
7150,2025-10-25 21:00,5.70935647053292
7151,2025-10-25 22:00,5.3138320705301
7152,2025-10-25 23:00,4.52518374109555
7153,2025-10-26 00:00,3.7850859997482
7154,2025-10-26 01:00,3.52168738136425
7155,2025-10-26 02:00,3.20485018022821
7156,2025-10-26 03:00,2.9492164561421
7157,2025-10-26 04:00,2.8350735699654
7158,2025-10-26 05:00,2.89569818630614
7159,2025-10-26 06:00,3.3793763924384
7160,2025-10-26 07:00,3.73235411597822
7161,2025-10-26 08:00,4.02599264838664
7162,2025-10-26 09:00,4.26490161047331
7163,2025-10-26 10:00,4.3729193018459
7164,2025-10-26 11:00,4.66728135926787
7165,2025-10-26 12:00,4.66763815166837
7166,2025-10-26 13:00,4.74643117661381
7167,2025-10-26 14:00,4.70206427447792
7168,2025-10-26 15:00,4.53579688394243
7169,2025-10-26 16:00,4.43124388606097
7170,2025-10-26 17:00,4.92759525872556
7171,2025-10-26 18:00,5.51865292164475
7172,2025-10-26 19:00,6.07808105624829
7173,2025-10-26 20:00,5.98173932805163
7174,2025-10-26 21:00,5.79069214582707
7175,2025-10-26 22:00,5.2482800990489
7176,2025-10-26 23:00,4.49912873645305
7177,2025-10-27 00:00,3.83517051878707
7178,2025-10-27 01:00,3.67482411250881
7179,2025-10-27 02:00,3.3038352057778
7180,2025-10-27 03:00,3.0067634850116
7181,2025-10-27 04:00,2.83450082536515
7182,2025-10-27 05:00,3.04487951021256
7183,2025-10-27 06:00,3.69260338856986
7184,2025-10-27 07:00,4.08051346183938
7185,2025-10-27 08:00,4.05395372493355
7186,2025-10-27 09:00,4.01936745149381
7187,2025-10-27 10:00,4.28993070616938
7188,2025-10-27 11:00,4.73549391058591
7189,2025-10-27 12:00,4.7400206301889
7190,2025-10-27 13:00,4.93169046147737
7191,2025-10-27 14:00,4.82450502182601
7192,2025-10-27 15:00,4.69702409911539
7193,2025-10-27 16:00,4.54278654627473
7194,2025-10-27 17:00,5.03441669631179
7195,2025-10-27 18:00,5.57161816705762
7196,2025-10-27 19:00,6.02289577020542
7197,2025-10-27 20:00,6.06218545655932
7198,2025-10-27 21:00,5.74440317642952
7199,2025-10-27 22:00,5.27744654670188
7200,2025-10-27 23:00,4.35107105080262
7201,2025-10-28 00:00,3.98052702677506
7202,2025-10-28 01:00,3.54509912627136
7203,2025-10-28 02:00,3.38568896510169
7204,2025-10-28 03:00,3.04979412166128
7205,2025-10-28 04:00,2.90904263722508
7206,2025-10-28 05:00,2.98360932440509
7207,2025-10-28 06:00,3.76883400837483
7208,2025-10-28 07:00,4.03555906389859
7209,2025-10-28 08:00,4.42965281327125
7210,2025-10-28 09:00,4.65097818996235
7211,2025-10-28 10:00,4.66213457398705
7212,2025-10-28 11:00,4.91602021250572
7213,2025-10-28 12:00,4.89649371598805
7214,2025-10-28 13:00,4.964005914656
7215,2025-10-28 14:00,5.13685233233853
7216,2025-10-28 15:00,5.01893674833692
7217,2025-10-28 16:00,4.89419018892555
7218,2025-10-28 17:00,5.03837159272992
7219,2025-10-28 18:00,5.74042091703989
7220,2025-10-28 19:00,6.0057468403016
7221,2025-10-28 20:00,6.17164941462134
7222,2025-10-28 21:00,5.95655015041045
7223,2025-10-28 22:00,5.62153233378604
7224,2025-10-28 23:00,4.65177939953012
7225,2025-10-29 00:00,4.38226754306685
7226,2025-10-29 01:00,3.98536226182476
7227,2025-10-29 02:00,3.54426194509562
7228,2025-10-29 03:00,3.38090225649484
7229,2025-10-29 04:00,3.35033404495754
7230,2025-10-29 05:00,3.55488782559779
7231,2025-10-29 06:00,4.28123086898184
7232,2025-10-29 07:00,4.67757437163931
7233,2025-10-29 08:00,4.75699533971745
7234,2025-10-29 09:00,5.07042907695348
7235,2025-10-29 10:00,5.00416023628017
7236,2025-10-29 11:00,5.47076695573198
7237,2025-10-29 12:00,5.63321076291398
7238,2025-10-29 13:00,5.6167041159616
7239,2025-10-29 14:00,5.81603496159561
7240,2025-10-29 15:00,5.2724821701003
7241,2025-10-29 16:00,5.22771606407195
7242,2025-10-29 17:00,5.55690643052631
7243,2025-10-29 18:00,6.16883442135005
7244,2025-10-29 19:00,6.72873488197996
7245,2025-10-29 20:00,6.92932323304867
7246,2025-10-29 21:00,6.74260610639749
7247,2025-10-29 22:00,6.02327116130456
7248,2025-10-29 23:00,5.08083165763056
7249,2025-10-30 00:00,3.92017624859447
7250,2025-10-30 01:00,3.42866997553312
7251,2025-10-30 02:00,3.16865236198741
7252,2025-10-30 03:00,3.21098933126143
7253,2025-10-30 04:00,2.9883230010005
7254,2025-10-30 05:00,3.02151638490881
7255,2025-10-30 06:00,3.46974966372996
7256,2025-10-30 07:00,4.02445894820384
7257,2025-10-30 08:00,4.39981576941257
7258,2025-10-30 09:00,4.37397566067331
7259,2025-10-30 10:00,4.40309354014789
7260,2025-10-30 11:00,4.64801105340775
7261,2025-10-30 12:00,4.71503869788938
7262,2025-10-30 13:00,4.78260707130389
7263,2025-10-30 14:00,4.88596647539316
7264,2025-10-30 15:00,4.67444465015799
7265,2025-10-30 16:00,4.65086775449088
7266,2025-10-30 17:00,4.86984191890692
7267,2025-10-30 18:00,5.91942642306337
7268,2025-10-30 19:00,6.41953286038548
7269,2025-10-30 20:00,6.37193745751437
7270,2025-10-30 21:00,5.95911068776868
7271,2025-10-30 22:00,5.46465700017572
7272,2025-10-30 23:00,4.61060784571759
7273,2025-10-31 00:00,4.07999056769673
7274,2025-10-31 01:00,3.67455750260084
7275,2025-10-31 02:00,3.55192505506926
7276,2025-10-31 03:00,3.35968409228732
7277,2025-10-31 04:00,3.07363129959085
7278,2025-10-31 05:00,3.16527449511115
7279,2025-10-31 06:00,3.34881915413938
7280,2025-10-31 07:00,3.68194658984617
7281,2025-10-31 08:00,3.85663846147166
7282,2025-10-31 09:00,3.95070936343657
7283,2025-10-31 10:00,4.19172279890755
7284,2025-10-31 11:00,4.28045221060609
7285,2025-10-31 12:00,4.46562503139558
7286,2025-10-31 13:00,4.63389162281916
7287,2025-10-31 14:00,5.34567932435465
7288,2025-10-31 15:00,5.01858236732268
7289,2025-10-31 16:00,5.00115402211669
7290,2025-10-31 17:00,5.23866455522012
7291,2025-10-31 18:00,6.01458301268466
7292,2025-10-31 19:00,6.3589399904007
7293,2025-10-31 20:00,6.35367968045872
7294,2025-10-31 21:00,6.36394852646897
7295,2025-10-31 22:00,5.85607550978668
7296,2025-10-31 23:00,4.94594120298683
7297,2025-11-01 00:00,4.23570108450303
7298,2025-11-01 01:00,3.62800324821686
7299,2025-11-01 02:00,3.32898469258837
7300,2025-11-01 03:00,3.1311702700736
7301,2025-11-01 04:00,3.03095702591473
7302,2025-11-01 05:00,3.24913453904331
7303,2025-11-01 06:00,3.85252365665216
7304,2025-11-01 07:00,4.26426710240142
7305,2025-11-01 08:00,4.44285130026379
7306,2025-11-01 09:00,4.48489712449908
7307,2025-11-01 10:00,4.49438119164152
7308,2025-11-01 11:00,4.60607218318391
7309,2025-11-01 12:00,4.79191923118024
7310,2025-11-01 13:00,4.86589260637712
7311,2025-11-01 14:00,4.95072904083278
7312,2025-11-01 15:00,4.61856431011711
7313,2025-11-01 16:00,4.67296491371321
7314,2025-11-01 17:00,4.96036312886781
7315,2025-11-01 18:00,5.97357087633754
7316,2025-11-01 19:00,6.29017303659135
7317,2025-11-01 20:00,6.15345388632328
7318,2025-11-01 21:00,5.94848469552794
7319,2025-11-01 22:00,5.31599288447365
7320,2025-11-01 23:00,4.77019507750213
7321,2025-11-02 00:00,3.62731901132917
7322,2025-11-02 01:00,3.45396910715668
7323,2025-11-02 02:00,3.30280799867729
7324,2025-11-02 03:00,3.08701129297284
7325,2025-11-02 04:00,2.88684754971807
7326,2025-11-02 05:00,2.9996707620319
7327,2025-11-02 06:00,3.60089329416722
7328,2025-11-02 07:00,4.02247858545427
7329,2025-11-02 08:00,4.07173959426111
7330,2025-11-02 09:00,4.02094488310048
7331,2025-11-02 10:00,4.20571899236333
7332,2025-11-02 11:00,4.52601070872671
7333,2025-11-02 12:00,4.86377791053912
7334,2025-11-02 13:00,4.77157118568001
7335,2025-11-02 14:00,4.94193971938243
7336,2025-11-02 15:00,4.60385748970409
7337,2025-11-02 16:00,4.45265821850231
7338,2025-11-02 17:00,4.73023814001806
7339,2025-11-02 18:00,5.45627284096786
7340,2025-11-02 19:00,5.69368404869196
7341,2025-11-02 20:00,5.78285138719409
7342,2025-11-02 21:00,5.66253026012325
7343,2025-11-02 22:00,5.17046251104674
7344,2025-11-02 23:00,4.38526328835808
7345,2025-11-03 00:00,3.72801670807214
7346,2025-11-03 01:00,3.45354552061525
7347,2025-11-03 02:00,3.13422466198166
7348,2025-11-03 03:00,2.8669381530781
7349,2025-11-03 04:00,2.77322894319328
7350,2025-11-03 05:00,2.85730881630256
7351,2025-11-03 06:00,3.36013415484614
7352,2025-11-03 07:00,3.68766131393831
7353,2025-11-03 08:00,4.01874952532164
7354,2025-11-03 09:00,4.06298090171219
7355,2025-11-03 10:00,4.29971929236171
7356,2025-11-03 11:00,4.39172096181249
7357,2025-11-03 12:00,4.6857264450701
7358,2025-11-03 13:00,4.70096033842648
7359,2025-11-03 14:00,4.65457888235473
7360,2025-11-03 15:00,4.60327127813262
7361,2025-11-03 16:00,4.42843950315762
7362,2025-11-03 17:00,4.81428348272469
7363,2025-11-03 18:00,5.28959694873082
7364,2025-11-03 19:00,5.49155100353405
7365,2025-11-03 20:00,5.43196343769546
7366,2025-11-03 21:00,5.35994812025454
7367,2025-11-03 22:00,4.73447758205233
7368,2025-11-03 23:00,3.92425077734932
7369,2025-11-04 00:00,3.26332406684484
7370,2025-11-04 01:00,3.05699876859218
7371,2025-11-04 02:00,2.94076330600308
7372,2025-11-04 03:00,2.71884420796289
7373,2025-11-04 04:00,2.50099815026616
7374,2025-11-04 05:00,2.68646221471251
7375,2025-11-04 06:00,3.19794518470705
7376,2025-11-04 07:00,3.64652957868703
7377,2025-11-04 08:00,3.95033645008833
7378,2025-11-04 09:00,4.0350931493307
7379,2025-11-04 10:00,4.03826276940166
7380,2025-11-04 11:00,4.35788360500277
7381,2025-11-04 12:00,4.49755147970151
7382,2025-11-04 13:00,4.57446671055691
7383,2025-11-04 14:00,4.46875886321412
7384,2025-11-04 15:00,4.19211460598909
7385,2025-11-04 16:00,4.08708749372471
7386,2025-11-04 17:00,4.53381970172582
7387,2025-11-04 18:00,5.31629034491415
7388,2025-11-04 19:00,5.55281403068897
7389,2025-11-04 20:00,5.50572248604429
7390,2025-11-04 21:00,5.15987576269488
7391,2025-11-04 22:00,4.68653920050956
7392,2025-11-04 23:00,4.02091743127446
7393,2025-11-05 00:00,3.25324913286329
7394,2025-11-05 01:00,2.93153875137816
7395,2025-11-05 02:00,2.59658671241571
7396,2025-11-05 03:00,2.55736481617701
7397,2025-11-05 04:00,2.49273054104909
7398,2025-11-05 05:00,2.67413353059444
7399,2025-11-05 06:00,3.17145639475416
7400,2025-11-05 07:00,3.615086399246
7401,2025-11-05 08:00,3.71701575195438
7402,2025-11-05 09:00,3.84586907596081
7403,2025-11-05 10:00,3.75130936414689
7404,2025-11-05 11:00,4.1634937793296
7405,2025-11-05 12:00,4.26260387352832
7406,2025-11-05 13:00,4.39208169577145
7407,2025-11-05 14:00,4.57981049284544
7408,2025-11-05 15:00,4.2003223832853
7409,2025-11-05 16:00,3.92800604000371
7410,2025-11-05 17:00,4.56374724747494
7411,2025-11-05 18:00,5.1606601612472
7412,2025-11-05 19:00,5.17245593117554
7413,2025-11-05 20:00,5.2032496327469
7414,2025-11-05 21:00,4.98837879114806
7415,2025-11-05 22:00,4.38806227607565
7416,2025-11-05 23:00,3.648250772462
7417,2025-11-06 00:00,3.21104310426328
7418,2025-11-06 01:00,2.97637457411175
7419,2025-11-06 02:00,2.87814980509302
7420,2025-11-06 03:00,2.75669793942156
7421,2025-11-06 04:00,2.61472092747063
7422,2025-11-06 05:00,2.68498786560197
7423,2025-11-06 06:00,3.31721952649467
7424,2025-11-06 07:00,3.72134634313867
7425,2025-11-06 08:00,3.83046426854281
7426,2025-11-06 09:00,4.06887270455865
7427,2025-11-06 10:00,4.16339583126299
7428,2025-11-06 11:00,4.38401277883878
7429,2025-11-06 12:00,4.56112989737476
7430,2025-11-06 13:00,4.46125796918752
7431,2025-11-06 14:00,4.31379189639165
7432,2025-11-06 15:00,4.25867412636933
7433,2025-11-06 16:00,4.16122548530341
7434,2025-11-06 17:00,4.66186860064984
7435,2025-11-06 18:00,5.47854723419207
7436,2025-11-06 19:00,5.98106107038764
7437,2025-11-06 20:00,5.79577736558089
7438,2025-11-06 21:00,5.53758404505188
7439,2025-11-06 22:00,4.86999153380588
7440,2025-11-06 23:00,4.09491868374795
7441,2025-11-07 00:00,3.33994040390996
7442,2025-11-07 01:00,3.01195211912686
7443,2025-11-07 02:00,2.78922203250922
7444,2025-11-07 03:00,2.50602584013018
7445,2025-11-07 04:00,2.3967687104636
7446,2025-11-07 05:00,2.51869436935141
7447,2025-11-07 06:00,2.83161787484624
7448,2025-11-07 07:00,3.36116036594034
7449,2025-11-07 08:00,3.39396812593532
7450,2025-11-07 09:00,3.56936068575285
7451,2025-11-07 10:00,3.70983815418089
7452,2025-11-07 11:00,3.60668501409263
7453,2025-11-07 12:00,3.86080756507911
7454,2025-11-07 13:00,3.97646973262252
7455,2025-11-07 14:00,4.4712463999643
7456,2025-11-07 15:00,4.43958640228791
7457,2025-11-07 16:00,4.33339237982881
7458,2025-11-07 17:00,4.94016774758166
7459,2025-11-07 18:00,5.60427489257165
7460,2025-11-07 19:00,6.12717623992045
7461,2025-11-07 20:00,5.92571975006604
7462,2025-11-07 21:00,5.57052230617129
7463,2025-11-07 22:00,4.74417025119901
7464,2025-11-07 23:00,3.93537545720957
7465,2025-11-08 00:00,3.36247325318195
7466,2025-11-08 01:00,3.04684045372152
7467,2025-11-08 02:00,2.84407900134559
7468,2025-11-08 03:00,2.64661729990128
7469,2025-11-08 04:00,2.55144851195053
7470,2025-11-08 05:00,2.63428168329249
7471,2025-11-08 06:00,3.27929566735085
7472,2025-11-08 07:00,3.74908072287044
7473,2025-11-08 08:00,3.87591479939304
7474,2025-11-08 09:00,3.81084348188165
7475,2025-11-08 10:00,3.91632927557478
7476,2025-11-08 11:00,4.1337625444202
7477,2025-11-08 12:00,4.12822580531084
7478,2025-11-08 13:00,4.25706432282203
7479,2025-11-08 14:00,4.29055355750935
7480,2025-11-08 15:00,4.08238396660249
7481,2025-11-08 16:00,4.11656580084099
7482,2025-11-08 17:00,4.51908136422341
7483,2025-11-08 18:00,5.05011796861876
7484,2025-11-08 19:00,5.67047327033628
7485,2025-11-08 20:00,5.35498699355871
7486,2025-11-08 21:00,5.02555553895199
7487,2025-11-08 22:00,4.61800519279085
7488,2025-11-08 23:00,3.81250487600236
7489,2025-11-09 00:00,3.13131977636805
7490,2025-11-09 01:00,2.95162968759133
7491,2025-11-09 02:00,2.62555344893628
7492,2025-11-09 03:00,2.33426115333628
7493,2025-11-09 04:00,2.2847106632218
7494,2025-11-09 05:00,2.39659993417439
7495,2025-11-09 06:00,2.84216612303257
7496,2025-11-09 07:00,3.33161054308874
7497,2025-11-09 08:00,3.43656556707984
7498,2025-11-09 09:00,3.72803957291392
7499,2025-11-09 10:00,3.723347613315
7500,2025-11-09 11:00,3.85576539922751
7501,2025-11-09 12:00,3.86912864004951
7502,2025-11-09 13:00,4.24050850296161
7503,2025-11-09 14:00,4.22593853287162
7504,2025-11-09 15:00,4.14196829121838
7505,2025-11-09 16:00,4.02682483053456
7506,2025-11-09 17:00,4.51163427999263
7507,2025-11-09 18:00,5.04113492930317
7508,2025-11-09 19:00,5.35849971994485
7509,2025-11-09 20:00,5.31247389897855
7510,2025-11-09 21:00,4.96803255812191
7511,2025-11-09 22:00,4.20907858646588
7512,2025-11-09 23:00,3.65703241342717
7513,2025-11-10 00:00,2.77723476759272
7514,2025-11-10 01:00,2.63232003562729
7515,2025-11-10 02:00,2.40892317895285
7516,2025-11-10 03:00,2.26764379912928
7517,2025-11-10 04:00,2.16925453079057
7518,2025-11-10 05:00,2.26052446306329
7519,2025-11-10 06:00,2.76089424561355
7520,2025-11-10 07:00,3.17032746407364
7521,2025-11-10 08:00,3.39483436654375
7522,2025-11-10 09:00,3.53810035750919
7523,2025-11-10 10:00,3.52866370835314
7524,2025-11-10 11:00,3.71624533986981
7525,2025-11-10 12:00,3.8137952480554
7526,2025-11-10 13:00,3.79244379471159
7527,2025-11-10 14:00,3.76614847091375
7528,2025-11-10 15:00,3.605094303905
7529,2025-11-10 16:00,3.49435772143291
7530,2025-11-10 17:00,3.96639600269065
7531,2025-11-10 18:00,4.42691002258904
7532,2025-11-10 19:00,4.89500057934227
7533,2025-11-10 20:00,4.92563492835708
7534,2025-11-10 21:00,4.72255415897253
7535,2025-11-10 22:00,4.11385843278974
7536,2025-11-10 23:00,3.32061010222235
7537,2025-11-11 00:00,2.91763661398467
7538,2025-11-11 01:00,2.71720039825449
7539,2025-11-11 02:00,2.49364161719777
7540,2025-11-11 03:00,2.33440964508697
7541,2025-11-11 04:00,2.24226763486292
7542,2025-11-11 05:00,2.31856294221674
7543,2025-11-11 06:00,2.97006751822229
7544,2025-11-11 07:00,3.21323702485192
7545,2025-11-11 08:00,3.29382941935786
7546,2025-11-11 09:00,3.4138369421478
7547,2025-11-11 10:00,3.5487393824753
7548,2025-11-11 11:00,3.81637802373341
7549,2025-11-11 12:00,4.03590072805146
7550,2025-11-11 13:00,3.96905342569648
7551,2025-11-11 14:00,3.64401833663448
7552,2025-11-11 15:00,3.72139063587439
7553,2025-11-11 16:00,3.76584077424634
7554,2025-11-11 17:00,4.22748231168477
7555,2025-11-11 18:00,4.85639179088717
7556,2025-11-11 19:00,5.22504544294357
7557,2025-11-11 20:00,5.19623887871295
7558,2025-11-11 21:00,4.73436691670572
7559,2025-11-11 22:00,3.91787876390209
7560,2025-11-11 23:00,3.27325738731629
7561,2025-11-12 00:00,2.76618033935614
7562,2025-11-12 01:00,2.60538097971888
7563,2025-11-12 02:00,2.36806730917811
7564,2025-11-12 03:00,2.18209323477746
7565,2025-11-12 04:00,2.11720349567035
7566,2025-11-12 05:00,2.15561571578583
7567,2025-11-12 06:00,2.7418084837175
7568,2025-11-12 07:00,2.95606428173781
7569,2025-11-12 08:00,3.24726258434444
7570,2025-11-12 09:00,3.35064799792995
7571,2025-11-12 10:00,3.6667766011947
7572,2025-11-12 11:00,3.7984309303319
7573,2025-11-12 12:00,3.762268145583
7574,2025-11-12 13:00,3.91348774753838
7575,2025-11-12 14:00,3.87631579244934
7576,2025-11-12 15:00,3.84501951595781
7577,2025-11-12 16:00,3.74508588424393
7578,2025-11-12 17:00,4.36169980781582
7579,2025-11-12 18:00,4.83835786038305
7580,2025-11-12 19:00,5.06977269609223
7581,2025-11-12 20:00,5.1997974768159
7582,2025-11-12 21:00,4.74258959418694
7583,2025-11-12 22:00,3.88121484078854
7584,2025-11-12 23:00,3.18038708012824
7585,2025-11-13 00:00,2.85634613913946
7586,2025-11-13 01:00,2.64194344898476
7587,2025-11-13 02:00,2.44356682507303
7588,2025-11-13 03:00,2.3927839712589
7589,2025-11-13 04:00,2.20059760190938
7590,2025-11-13 05:00,2.27224084243084
7591,2025-11-13 06:00,2.93134476488235
7592,2025-11-13 07:00,3.26313533336472
7593,2025-11-13 08:00,3.40670172328663
7594,2025-11-13 09:00,3.52595596805949
7595,2025-11-13 10:00,3.68328003523496
7596,2025-11-13 11:00,3.61567979670561
7597,2025-11-13 12:00,3.80933990188454
7598,2025-11-13 13:00,3.98325541982167
7599,2025-11-13 14:00,3.81345509675088
7600,2025-11-13 15:00,3.79512222421059
7601,2025-11-13 16:00,3.76910847392215
7602,2025-11-13 17:00,4.34672813498746
7603,2025-11-13 18:00,5.09966762449462
7604,2025-11-13 19:00,5.48578569659512
7605,2025-11-13 20:00,5.12093091110299
7606,2025-11-13 21:00,4.67415862170477
7607,2025-11-13 22:00,3.94260038755383
7608,2025-11-13 23:00,3.2933066739515
7609,2025-11-14 00:00,2.84579474746111
7610,2025-11-14 01:00,2.50236698376418
7611,2025-11-14 02:00,2.40671517018748
7612,2025-11-14 03:00,2.25020084926032
7613,2025-11-14 04:00,2.10318892495673
7614,2025-11-14 05:00,2.30073131365502
7615,2025-11-14 06:00,2.58660709750423
7616,2025-11-14 07:00,2.93663716029334
7617,2025-11-14 08:00,3.05483302811995
7618,2025-11-14 09:00,3.21437964367389
7619,2025-11-14 10:00,3.18662763066518
7620,2025-11-14 11:00,3.29315585031664
7621,2025-11-14 12:00,3.42779276108525
7622,2025-11-14 13:00,3.44242771446008
7623,2025-11-14 14:00,3.7042531714699
7624,2025-11-14 15:00,3.56777803850848
7625,2025-11-14 16:00,3.67216135377137
7626,2025-11-14 17:00,4.5091187362779
7627,2025-11-14 18:00,5.01914256537337
7628,2025-11-14 19:00,5.18608224933513
7629,2025-11-14 20:00,5.0866308494787
7630,2025-11-14 21:00,4.87402366415372
7631,2025-11-14 22:00,4.09352564052401
7632,2025-11-14 23:00,3.31045461372122
7633,2025-11-15 00:00,2.9484430102757
7634,2025-11-15 01:00,2.67107277503085
7635,2025-11-15 02:00,2.48137580067373
7636,2025-11-15 03:00,2.29277388414335
7637,2025-11-15 04:00,2.17894513001261
7638,2025-11-15 05:00,2.25587709837794
7639,2025-11-15 06:00,2.85674338118922
7640,2025-11-15 07:00,3.20908986407877
7641,2025-11-15 08:00,3.46164304502732
7642,2025-11-15 09:00,3.39862050025494
7643,2025-11-15 10:00,3.54748036256876
7644,2025-11-15 11:00,3.77905686333019
7645,2025-11-15 12:00,3.81984871563642
7646,2025-11-15 13:00,3.95452643607852
7647,2025-11-15 14:00,3.82731804669351
7648,2025-11-15 15:00,3.53461035636048
7649,2025-11-15 16:00,3.52384240120562
7650,2025-11-15 17:00,4.14554482790698
7651,2025-11-15 18:00,4.73446487209734
7652,2025-11-15 19:00,4.84850364215005
7653,2025-11-15 20:00,5.09660624823668
7654,2025-11-15 21:00,4.44342053126781
7655,2025-11-15 22:00,3.8657214374766
7656,2025-11-15 23:00,3.25728901537892
7657,2025-11-16 00:00,2.70870996998845
7658,2025-11-16 01:00,2.52374648627677
7659,2025-11-16 02:00,2.29633725129687
7660,2025-11-16 03:00,2.1329641972419
7661,2025-11-16 04:00,2.12132889654993
7662,2025-11-16 05:00,2.29830853710752
7663,2025-11-16 06:00,2.7501705926552
7664,2025-11-16 07:00,3.06306304900783
7665,2025-11-16 08:00,3.35303615066168
7666,2025-11-16 09:00,3.40737999424374
7667,2025-11-16 10:00,3.51551955288914
7668,2025-11-16 11:00,3.55686818997322
7669,2025-11-16 12:00,3.51402125306257
7670,2025-11-16 13:00,3.66018528033176
7671,2025-11-16 14:00,3.65360464779022
7672,2025-11-16 15:00,3.49410661614096
7673,2025-11-16 16:00,3.53832323711234
7674,2025-11-16 17:00,4.24614063970631
7675,2025-11-16 18:00,4.86478255566098
7676,2025-11-16 19:00,4.94552939331678
7677,2025-11-16 20:00,4.88190971656736
7678,2025-11-16 21:00,4.61626261234815
7679,2025-11-16 22:00,3.89352393403953
7680,2025-11-16 23:00,3.24016119973061
7681,2025-11-17 00:00,3.03564297939794
7682,2025-11-17 01:00,2.81921539243437
7683,2025-11-17 02:00,2.65765864326519
7684,2025-11-17 03:00,2.35350889928153
7685,2025-11-17 04:00,2.24870546499096
7686,2025-11-17 05:00,2.3381335296257
7687,2025-11-17 06:00,2.94731502558969
7688,2025-11-17 07:00,3.2888472618245
7689,2025-11-17 08:00,3.54373896666493
7690,2025-11-17 09:00,3.76929195380618
7691,2025-11-17 10:00,3.96542858973702
7692,2025-11-17 11:00,4.21839470266759
7693,2025-11-17 12:00,4.37219263722593
7694,2025-11-17 13:00,4.20083425503226
7695,2025-11-17 14:00,4.13674257287331
7696,2025-11-17 15:00,3.90706668424638
7697,2025-11-17 16:00,3.97999274890396
7698,2025-11-17 17:00,4.56237135027838
7699,2025-11-17 18:00,5.3344295473938
7700,2025-11-17 19:00,5.59962180479793
7701,2025-11-17 20:00,5.5060414609817
7702,2025-11-17 21:00,4.86604885341064
7703,2025-11-17 22:00,4.03811169670631
7704,2025-11-17 23:00,3.53256371431644
7705,2025-11-18 00:00,3.00166524278118
7706,2025-11-18 01:00,2.81382883577672
7707,2025-11-18 02:00,2.50708998330143
7708,2025-11-18 03:00,2.40851504980418
7709,2025-11-18 04:00,2.26877287222399
7710,2025-11-18 05:00,2.41111670394606
7711,2025-11-18 06:00,2.981351822883
7712,2025-11-18 07:00,3.32953511052898
7713,2025-11-18 08:00,3.44691415607463
7714,2025-11-18 09:00,3.53387790742602
7715,2025-11-18 10:00,3.73137873840613
7716,2025-11-18 11:00,3.89959427995736
7717,2025-11-18 12:00,4.03269166256308
7718,2025-11-18 13:00,4.08399179629946
7719,2025-11-18 14:00,4.02186669878873
7720,2025-11-18 15:00,3.85712763095447
7721,2025-11-18 16:00,3.79812963863557
7722,2025-11-18 17:00,4.41506429529322
7723,2025-11-18 18:00,5.01462207730716
7724,2025-11-18 19:00,5.39173189987567
7725,2025-11-18 20:00,5.36462936172733
7726,2025-11-18 21:00,4.89727659127325
7727,2025-11-18 22:00,3.97878742850414
7728,2025-11-18 23:00,3.21606413748345
7729,2025-11-19 00:00,2.79937103156149
7730,2025-11-19 01:00,2.70780830476989
7731,2025-11-19 02:00,2.57259747341974
7732,2025-11-19 03:00,2.35191138459221
7733,2025-11-19 04:00,2.18176333358623
7734,2025-11-19 05:00,2.3719568353465
7735,2025-11-19 06:00,3.00922691454241
7736,2025-11-19 07:00,3.42272156577523
7737,2025-11-19 08:00,3.61799992555429
7738,2025-11-19 09:00,3.58341501539829
7739,2025-11-19 10:00,3.70858589803385
7740,2025-11-19 11:00,3.91607840194534
7741,2025-11-19 12:00,3.88691631925316
7742,2025-11-19 13:00,3.99403350146941
7743,2025-11-19 14:00,3.89444626152397
7744,2025-11-19 15:00,3.63359581151298
7745,2025-11-19 16:00,3.59540616989503
7746,2025-11-19 17:00,4.01901592169098
7747,2025-11-19 18:00,4.70171796356837
7748,2025-11-19 19:00,5.04404103595626
7749,2025-11-19 20:00,5.03500559467932
7750,2025-11-19 21:00,4.67975592679849
7751,2025-11-19 22:00,3.92075161288087
7752,2025-11-19 23:00,3.14621486521807
7753,2025-11-20 00:00,2.84370569883099
7754,2025-11-20 01:00,2.60916248266484
7755,2025-11-20 02:00,2.43567637178994
7756,2025-11-20 03:00,2.33867947115555
7757,2025-11-20 04:00,2.25155420456101
7758,2025-11-20 05:00,2.3725276069507
7759,2025-11-20 06:00,2.9046136788847
7760,2025-11-20 07:00,3.24625435834864
7761,2025-11-20 08:00,3.50509153219039
7762,2025-11-20 09:00,3.51828612317249
7763,2025-11-20 10:00,3.6269890448404
7764,2025-11-20 11:00,3.70553780388446
7765,2025-11-20 12:00,3.94253349573255
7766,2025-11-20 13:00,3.84936141957317
7767,2025-11-20 14:00,3.97800622029258
7768,2025-11-20 15:00,3.99453059703838
7769,2025-11-20 16:00,3.92610955362391
7770,2025-11-20 17:00,4.56629167992909
7771,2025-11-20 18:00,5.20996651366222
7772,2025-11-20 19:00,5.48050816362987
7773,2025-11-20 20:00,5.26458567207443
7774,2025-11-20 21:00,4.9137062180354
7775,2025-11-20 22:00,4.10110503486157
7776,2025-11-20 23:00,3.48134198030705
7777,2025-11-21 00:00,2.87553160049266
7778,2025-11-21 01:00,2.6198943454448
7779,2025-11-21 02:00,2.49770143148486
7780,2025-11-21 03:00,2.34492001240063
7781,2025-11-21 04:00,2.20625466571231
7782,2025-11-21 05:00,2.27347070357643
7783,2025-11-21 06:00,2.51585513418182
7784,2025-11-21 07:00,3.02913568528914
7785,2025-11-21 08:00,3.17132536326251
7786,2025-11-21 09:00,3.30706769125378
7787,2025-11-21 10:00,3.15852362290566
7788,2025-11-21 11:00,3.29570611856148
7789,2025-11-21 12:00,3.41193370779895
7790,2025-11-21 13:00,3.62161884261543
7791,2025-11-21 14:00,3.79575204033253
7792,2025-11-21 15:00,3.80224579532093
7793,2025-11-21 16:00,3.82235765004635
7794,2025-11-21 17:00,4.30278429655812
7795,2025-11-21 18:00,4.96767857319096
7796,2025-11-21 19:00,5.12753806543225
7797,2025-11-21 20:00,5.09933305895714
7798,2025-11-21 21:00,4.5630704111065
7799,2025-11-21 22:00,3.65528048042691
7800,2025-11-21 23:00,3.20168603390043
7801,2025-11-22 00:00,2.60150398522071
7802,2025-11-22 01:00,2.41942989264019
7803,2025-11-22 02:00,2.27734754313399
7804,2025-11-22 03:00,2.14984524187477
7805,2025-11-22 04:00,2.09932819056425
7806,2025-11-22 05:00,2.16714561240376
7807,2025-11-22 06:00,2.75882828396009
7808,2025-11-22 07:00,3.14368451642482
7809,2025-11-22 08:00,3.26696701848584
7810,2025-11-22 09:00,3.24222100911136
7811,2025-11-22 10:00,3.34605846156952
7812,2025-11-22 11:00,3.45630235135148
7813,2025-11-22 12:00,3.61393957558197
7814,2025-11-22 13:00,3.67837591561585
7815,2025-11-22 14:00,3.59782911664511
7816,2025-11-22 15:00,3.42349765511768
7817,2025-11-22 16:00,3.40569801413515
7818,2025-11-22 17:00,4.07396314229979
7819,2025-11-22 18:00,4.71605934947612
7820,2025-11-22 19:00,4.97010145183309
7821,2025-11-22 20:00,4.72466762192618
7822,2025-11-22 21:00,4.40520797513489
7823,2025-11-22 22:00,3.8416429643638
7824,2025-11-22 23:00,3.11331030033811
7825,2025-11-23 00:00,2.70565807144464
7826,2025-11-23 01:00,2.60292567485424
7827,2025-11-23 02:00,2.37354994117407
7828,2025-11-23 03:00,2.21905447124707
7829,2025-11-23 04:00,1.97989470409303
7830,2025-11-23 05:00,2.13757672241075
7831,2025-11-23 06:00,2.49818023964913
7832,2025-11-23 07:00,3.09068118892703
7833,2025-11-23 08:00,3.31795655248539
7834,2025-11-23 09:00,3.43300047665097
7835,2025-11-23 10:00,3.56874032527972
7836,2025-11-23 11:00,3.66933866235299
7837,2025-11-23 12:00,3.69103650665938
7838,2025-11-23 13:00,3.86927177715508
7839,2025-11-23 14:00,3.863078495925
7840,2025-11-23 15:00,3.66823226643358
7841,2025-11-23 16:00,3.82781795757096
7842,2025-11-23 17:00,4.45075685997701
7843,2025-11-23 18:00,5.00641546916755
7844,2025-11-23 19:00,5.14490141211137
7845,2025-11-23 20:00,4.81854818457718
7846,2025-11-23 21:00,4.29375888236355
7847,2025-11-23 22:00,3.60960888771413
7848,2025-11-23 23:00,3.060719278241
7849,2025-11-24 00:00,2.69347574323232
7850,2025-11-24 01:00,2.73747549090865
7851,2025-11-24 02:00,2.36393283468966
7852,2025-11-24 03:00,2.09036999562864
7853,2025-11-24 04:00,2.06723048511073
7854,2025-11-24 05:00,2.1877849188141
7855,2025-11-24 06:00,2.77908556479412
7856,2025-11-24 07:00,3.09705235932515
7857,2025-11-24 08:00,3.32776811822278
7858,2025-11-24 09:00,3.35778766359921
7859,2025-11-24 10:00,3.36965365626036
7860,2025-11-24 11:00,3.42507294101523
7861,2025-11-24 12:00,3.43171208084115
7862,2025-11-24 13:00,3.55339414458724
7863,2025-11-24 14:00,3.45890682055984
7864,2025-11-24 15:00,3.42280751753277
7865,2025-11-24 16:00,3.42952788746798
7866,2025-11-24 17:00,4.18119511312637
7867,2025-11-24 18:00,4.72837557602144
7868,2025-11-24 19:00,5.16624463607746
7869,2025-11-24 20:00,5.1767412682186
7870,2025-11-24 21:00,4.60820513525276
7871,2025-11-24 22:00,3.79262946626216
7872,2025-11-24 23:00,3.02035570036511
7873,2025-11-25 00:00,2.54945782356888
7874,2025-11-25 01:00,2.35639824825821
7875,2025-11-25 02:00,2.16616823323884
7876,2025-11-25 03:00,2.03070591907786
7877,2025-11-25 04:00,1.97607775930229
7878,2025-11-25 05:00,2.06512570360573
7879,2025-11-25 06:00,2.49180505289373
7880,2025-11-25 07:00,2.92856234378312
7881,2025-11-25 08:00,3.16097499514501
7882,2025-11-25 09:00,3.31745392083836
7883,2025-11-25 10:00,3.31695476734256
7884,2025-11-25 11:00,3.48546264224021
7885,2025-11-25 12:00,3.59767177620519
7886,2025-11-25 13:00,3.492586747264
7887,2025-11-25 14:00,3.53589713779908
7888,2025-11-25 15:00,3.39339427427831
7889,2025-11-25 16:00,3.62077164326058
7890,2025-11-25 17:00,4.0677330705837
7891,2025-11-25 18:00,4.68822867853875
7892,2025-11-25 19:00,4.82445205694598
7893,2025-11-25 20:00,4.81426287993022
7894,2025-11-25 21:00,4.29189952464425
7895,2025-11-25 22:00,3.71365028917684
7896,2025-11-25 23:00,3.17270263151427
7897,2025-11-26 00:00,2.71252610048629
7898,2025-11-26 01:00,2.54382403867609
7899,2025-11-26 02:00,2.50207721177598
7900,2025-11-26 03:00,2.25243804724255
7901,2025-11-26 04:00,2.10457677505362
7902,2025-11-26 05:00,2.11653767788731
7903,2025-11-26 06:00,2.57902712933906
7904,2025-11-26 07:00,2.97230890512946
7905,2025-11-26 08:00,3.16917397986508
7906,2025-11-26 09:00,3.28437154937149
7907,2025-11-26 10:00,3.26063232706695
7908,2025-11-26 11:00,3.55838327766262
7909,2025-11-26 12:00,3.67441795373834
7910,2025-11-26 13:00,3.58093367151947
7911,2025-11-26 14:00,3.61681381972726
7912,2025-11-26 15:00,3.52552806056123
7913,2025-11-26 16:00,3.65329587876351
7914,2025-11-26 17:00,4.11889896487953
7915,2025-11-26 18:00,4.69409639305869
7916,2025-11-26 19:00,5.08698008189526
7917,2025-11-26 20:00,5.03678953203176
7918,2025-11-26 21:00,4.55793152971991
7919,2025-11-26 22:00,3.77995372547443
7920,2025-11-26 23:00,2.99769690205505
7921,2025-11-27 00:00,2.64473276961437
7922,2025-11-27 01:00,2.36335977050189
7923,2025-11-27 02:00,2.22550801698684
7924,2025-11-27 03:00,2.18187649687061
7925,2025-11-27 04:00,1.97622685103517
7926,2025-11-27 05:00,2.09407209761991
7927,2025-11-27 06:00,2.74741090803316
7928,2025-11-27 07:00,3.05604562495878
7929,2025-11-27 08:00,3.34147325656534
7930,2025-11-27 09:00,3.51356745623286
7931,2025-11-27 10:00,3.55294722526532
7932,2025-11-27 11:00,3.59936260507808
7933,2025-11-27 12:00,3.56684390142696
7934,2025-11-27 13:00,3.61682092093022
7935,2025-11-27 14:00,3.53546523260821
7936,2025-11-27 15:00,3.36341276520283
7937,2025-11-27 16:00,3.60234835398659
7938,2025-11-27 17:00,4.09429767072899
7939,2025-11-27 18:00,4.83940350291921
7940,2025-11-27 19:00,5.33882361021532
7941,2025-11-27 20:00,4.93711902257738
7942,2025-11-27 21:00,4.32669362047787
7943,2025-11-27 22:00,3.68424712401105
7944,2025-11-27 23:00,3.15978383162324
7945,2025-11-28 00:00,2.69029809538971
7946,2025-11-28 01:00,2.44179881487438
7947,2025-11-28 02:00,2.24442462735285
7948,2025-11-28 03:00,2.18127356015628
7949,2025-11-28 04:00,2.10091497889242
7950,2025-11-28 05:00,2.16334696129222
7951,2025-11-28 06:00,2.42122018533205
7952,2025-11-28 07:00,2.73786067764915
7953,2025-11-28 08:00,2.87596925567822
7954,2025-11-28 09:00,2.8728692758166
7955,2025-11-28 10:00,2.98533457563363
7956,2025-11-28 11:00,3.12020158166048
7957,2025-11-28 12:00,3.0467393195903
7958,2025-11-28 13:00,3.14234641732838
7959,2025-11-28 14:00,3.63452143977119
7960,2025-11-28 15:00,3.58038553141539
7961,2025-11-28 16:00,3.66128556526742
7962,2025-11-28 17:00,4.33673306240536
7963,2025-11-28 18:00,4.79775869505753
7964,2025-11-28 19:00,5.06393461702675
7965,2025-11-28 20:00,5.05067588864077
7966,2025-11-28 21:00,4.58872066397701
7967,2025-11-28 22:00,3.7695057190244
7968,2025-11-28 23:00,2.99394090757756
7969,2025-11-29 00:00,3.06936574057237
7970,2025-11-29 01:00,2.77491277345054
7971,2025-11-29 02:00,2.65914109262813
7972,2025-11-29 03:00,2.46291400875934
7973,2025-11-29 04:00,2.32460262578733
7974,2025-11-29 05:00,2.48876584942005
7975,2025-11-29 06:00,3.05145549078557
7976,2025-11-29 07:00,3.42212482371164
7977,2025-11-29 08:00,3.61831839017107
7978,2025-11-29 09:00,3.7852525739332
7979,2025-11-29 10:00,3.78452616506024
7980,2025-11-29 11:00,3.87732899564072
7981,2025-11-29 12:00,3.70955694957103
7982,2025-11-29 13:00,4.0862306837681
7983,2025-11-29 14:00,3.89957903600109
7984,2025-11-29 15:00,3.81700984714867
7985,2025-11-29 16:00,3.84221787848918
7986,2025-11-29 17:00,4.47773106033231
7987,2025-11-29 18:00,5.29069781259011
7988,2025-11-29 19:00,5.37878962712989
7989,2025-11-29 20:00,5.31646146974332
7990,2025-11-29 21:00,4.94792007646843
7991,2025-11-29 22:00,4.21694626735099
7992,2025-11-29 23:00,3.3994417357791
7993,2025-11-30 00:00,2.91065425144538
7994,2025-11-30 01:00,2.66071217772994
7995,2025-11-30 02:00,2.53789982695575
7996,2025-11-30 03:00,2.3097589983798
7997,2025-11-30 04:00,2.16629105420123
7998,2025-11-30 05:00,2.31527761726062
7999,2025-11-30 06:00,2.87413246550429
8000,2025-11-30 07:00,3.2284819681414
8001,2025-11-30 08:00,3.29725011663145
8002,2025-11-30 09:00,3.39073992755163
8003,2025-11-30 10:00,3.49466165567771
8004,2025-11-30 11:00,3.59259412881911
8005,2025-11-30 12:00,3.63320591504455
8006,2025-11-30 13:00,3.97865865256668
8007,2025-11-30 14:00,3.76229021609721
8008,2025-11-30 15:00,3.67524961837861
8009,2025-11-30 16:00,3.58407867524068
8010,2025-11-30 17:00,4.23988782031974
8011,2025-11-30 18:00,4.78214876172203
8012,2025-11-30 19:00,5.01712594495919
8013,2025-11-30 20:00,5.02047598440536
8014,2025-11-30 21:00,4.65465302384831
8015,2025-11-30 22:00,3.82189931085533
8016,2025-11-30 23:00,3.17591101765462
8017,2025-12-01 00:00,2.6906090733945
8018,2025-12-01 01:00,2.57558160220234
8019,2025-12-01 02:00,2.44103356632743
8020,2025-12-01 03:00,2.24054016259506
8021,2025-12-01 04:00,2.12704122223693
8022,2025-12-01 05:00,2.23732880417099
8023,2025-12-01 06:00,2.60491796799528
8024,2025-12-01 07:00,3.00335837331866
8025,2025-12-01 08:00,3.34770537453684
8026,2025-12-01 09:00,3.43479708294264
8027,2025-12-01 10:00,3.53267643049216
8028,2025-12-01 11:00,3.62745283159038
8029,2025-12-01 12:00,3.63725287354186
8030,2025-12-01 13:00,3.70017993809288
8031,2025-12-01 14:00,3.66015801333192
8032,2025-12-01 15:00,3.62387340452143
8033,2025-12-01 16:00,3.77015987903262
8034,2025-12-01 17:00,4.21595929610892
8035,2025-12-01 18:00,4.8225381006272
8036,2025-12-01 19:00,5.0166645716279
8037,2025-12-01 20:00,4.9349378408373
8038,2025-12-01 21:00,4.42169683669015
8039,2025-12-01 22:00,3.71195777331256
8040,2025-12-01 23:00,3.17911960821675
8041,2025-12-02 00:00,2.52439900027815
8042,2025-12-02 01:00,2.38519649511874
8043,2025-12-02 02:00,2.29167890628504
8044,2025-12-02 03:00,1.99607423060457
8045,2025-12-02 04:00,1.87604666563545
8046,2025-12-02 05:00,2.1286667309918
8047,2025-12-02 06:00,2.69056857909907
8048,2025-12-02 07:00,2.92075676644353
8049,2025-12-02 08:00,2.96352726747998
8050,2025-12-02 09:00,3.05526459748226
8051,2025-12-02 10:00,3.36535152806739
8052,2025-12-02 11:00,3.33508960657464
8053,2025-12-02 12:00,3.39446976168207
8054,2025-12-02 13:00,3.54925656785892
8055,2025-12-02 14:00,3.28661571360047
8056,2025-12-02 15:00,3.27283965880258
8057,2025-12-02 16:00,3.28082257162896
8058,2025-12-02 17:00,4.01982065725985
8059,2025-12-02 18:00,4.5147310735885
8060,2025-12-02 19:00,4.79374591309327
8061,2025-12-02 20:00,4.68506000844189
8062,2025-12-02 21:00,4.10130497295555
8063,2025-12-02 22:00,3.29032595891782
8064,2025-12-02 23:00,2.76411980312767
8065,2025-12-03 00:00,2.50437109918314
8066,2025-12-03 01:00,2.41675944039601
8067,2025-12-03 02:00,2.36062633364925
8068,2025-12-03 03:00,2.16567985764905
8069,2025-12-03 04:00,2.07165978163952
8070,2025-12-03 05:00,2.16724223596811
8071,2025-12-03 06:00,2.71416610702563
8072,2025-12-03 07:00,3.07131479718102
8073,2025-12-03 08:00,3.19846682816377
8074,2025-12-03 09:00,3.24752806864534
8075,2025-12-03 10:00,3.38634605148072
8076,2025-12-03 11:00,3.49502310925289
8077,2025-12-03 12:00,3.53430285153294
8078,2025-12-03 13:00,3.48333976328848
8079,2025-12-03 14:00,3.54777037960949
8080,2025-12-03 15:00,3.37334805219312
8081,2025-12-03 16:00,3.35514484060792
8082,2025-12-03 17:00,4.04125956701082
8083,2025-12-03 18:00,4.60292093895092
8084,2025-12-03 19:00,4.9061308862582
8085,2025-12-03 20:00,4.76617870171865
8086,2025-12-03 21:00,4.35698958387868
8087,2025-12-03 22:00,3.62217976838344
8088,2025-12-03 23:00,2.96878323488505
8089,2025-12-04 00:00,2.46310612600531
8090,2025-12-04 01:00,2.39854181024863
8091,2025-12-04 02:00,2.23354004383743
8092,2025-12-04 03:00,2.09517198319874
8093,2025-12-04 04:00,1.89037590153455
8094,2025-12-04 05:00,2.03609558511296
8095,2025-12-04 06:00,2.57884796561698
8096,2025-12-04 07:00,2.99317778264163
8097,2025-12-04 08:00,3.23123956096996
8098,2025-12-04 09:00,3.23184573746365
8099,2025-12-04 10:00,3.34504564038554
8100,2025-12-04 11:00,3.50933950136026
8101,2025-12-04 12:00,3.6456603175273
8102,2025-12-04 13:00,3.56856763097066
8103,2025-12-04 14:00,3.54091916062298
8104,2025-12-04 15:00,3.42790541600717
8105,2025-12-04 16:00,3.42173574300229
8106,2025-12-04 17:00,4.08441853080121
8107,2025-12-04 18:00,4.58441090298234
8108,2025-12-04 19:00,4.91793627012383
8109,2025-12-04 20:00,4.82178864112758
8110,2025-12-04 21:00,4.20643625183875
8111,2025-12-04 22:00,3.20124511033539
8112,2025-12-04 23:00,2.83334804864153
8113,2025-12-05 00:00,2.41257742975808
8114,2025-12-05 01:00,2.28910656321812
8115,2025-12-05 02:00,2.13260629257205
8116,2025-12-05 03:00,1.96801245878147
8117,2025-12-05 04:00,1.86217918811287
8118,2025-12-05 05:00,1.94555276884382
8119,2025-12-05 06:00,2.21122239084985
8120,2025-12-05 07:00,2.62542599216663
8121,2025-12-05 08:00,2.79104898981628
8122,2025-12-05 09:00,2.80478168537889
8123,2025-12-05 10:00,2.92752885407546
8124,2025-12-05 11:00,3.06033528426304
8125,2025-12-05 12:00,3.15690889086762
8126,2025-12-05 13:00,3.22200426471369
8127,2025-12-05 14:00,3.57017703001633
8128,2025-12-05 15:00,3.47303268305898
8129,2025-12-05 16:00,3.59538068399754
8130,2025-12-05 17:00,4.35842389447378
8131,2025-12-05 18:00,4.8537784820523
8132,2025-12-05 19:00,4.92632356984116
8133,2025-12-05 20:00,4.70254125335923
8134,2025-12-05 21:00,4.33537988010784
8135,2025-12-05 22:00,3.69170872377122
8136,2025-12-05 23:00,2.97043063512322
8137,2025-12-06 00:00,2.56906109867412
8138,2025-12-06 01:00,2.43123172213392
8139,2025-12-06 02:00,2.32050251058184
8140,2025-12-06 03:00,2.10073904672253
8141,2025-12-06 04:00,2.03769311046351
8142,2025-12-06 05:00,2.10978921160823
8143,2025-12-06 06:00,2.71950023866673
8144,2025-12-06 07:00,3.11251566438373
8145,2025-12-06 08:00,3.27235655504816
8146,2025-12-06 09:00,3.34348582625273
8147,2025-12-06 10:00,3.56697975886509
8148,2025-12-06 11:00,3.58922571141091
8149,2025-12-06 12:00,3.53308854622915
8150,2025-12-06 13:00,3.65990397056258
8151,2025-12-06 14:00,3.47995289798197
8152,2025-12-06 15:00,3.34457198530014
8153,2025-12-06 16:00,3.55595746716353
8154,2025-12-06 17:00,4.28641867387344
8155,2025-12-06 18:00,4.84142018741806
8156,2025-12-06 19:00,4.95261950419578
8157,2025-12-06 20:00,4.7589831195782
8158,2025-12-06 21:00,4.28963102421341
8159,2025-12-06 22:00,3.50775459711747
8160,2025-12-06 23:00,3.03579093535295
8161,2025-12-07 00:00,2.57234630763182
8162,2025-12-07 01:00,2.37014775872233
8163,2025-12-07 02:00,2.22065874552879
8164,2025-12-07 03:00,2.15951318873812
8165,2025-12-07 04:00,2.02050543573888
8166,2025-12-07 05:00,2.07973584784321
8167,2025-12-07 06:00,2.51366602669297
8168,2025-12-07 07:00,2.95529849503032
8169,2025-12-07 08:00,3.18563174350398
8170,2025-12-07 09:00,3.27651084035916
8171,2025-12-07 10:00,3.37382030401028
8172,2025-12-07 11:00,3.33686292754294
8173,2025-12-07 12:00,3.45465113995195
8174,2025-12-07 13:00,3.54548136850172
8175,2025-12-07 14:00,3.39757096875195
8176,2025-12-07 15:00,3.26313933743784
8177,2025-12-07 16:00,3.21600923373462
8178,2025-12-07 17:00,3.83258292713242
8179,2025-12-07 18:00,4.59680742428082
8180,2025-12-07 19:00,4.80040777180872
8181,2025-12-07 20:00,4.61314502971567
8182,2025-12-07 21:00,4.1187237006122
8183,2025-12-07 22:00,3.57375015309428
8184,2025-12-07 23:00,3.04380271149976
8185,2025-12-08 00:00,2.64229304251826
8186,2025-12-08 01:00,2.40797608696619
8187,2025-12-08 02:00,2.23341953272303
8188,2025-12-08 03:00,2.11170828417242
8189,2025-12-08 04:00,1.98981746821166
8190,2025-12-08 05:00,2.154211298141
8191,2025-12-08 06:00,2.6705112495818
8192,2025-12-08 07:00,3.14342112521826
8193,2025-12-08 08:00,3.23413355778788
8194,2025-12-08 09:00,3.38724022480257
8195,2025-12-08 10:00,3.51096701412782
8196,2025-12-08 11:00,3.53334177010503
8197,2025-12-08 12:00,3.57921278760758
8198,2025-12-08 13:00,3.50624251072369
8199,2025-12-08 14:00,3.4333963053141
8200,2025-12-08 15:00,3.35623980233783
8201,2025-12-08 16:00,3.4829320876946
8202,2025-12-08 17:00,4.19595404085649
8203,2025-12-08 18:00,5.04786795673423
8204,2025-12-08 19:00,5.08953924903397
8205,2025-12-08 20:00,5.04092243936426
8206,2025-12-08 21:00,4.48317447229403
8207,2025-12-08 22:00,3.78350420617676
8208,2025-12-08 23:00,3.09416329936575
8209,2025-12-09 00:00,2.57471816466326
8210,2025-12-09 01:00,2.46265754443497
8211,2025-12-09 02:00,2.28897806477054
8212,2025-12-09 03:00,2.16727297538428
8213,2025-12-09 04:00,2.06861107342267
8214,2025-12-09 05:00,2.16354352353035
8215,2025-12-09 06:00,2.67321177023186
8216,2025-12-09 07:00,3.11372483516492
8217,2025-12-09 08:00,3.25255724737883
8218,2025-12-09 09:00,3.40013046055182
8219,2025-12-09 10:00,3.69015196192711
8220,2025-12-09 11:00,3.59657143158008
8221,2025-12-09 12:00,3.53418799286481
8222,2025-12-09 13:00,3.67679038963549
8223,2025-12-09 14:00,3.61846027620974
8224,2025-12-09 15:00,3.5175832692613
8225,2025-12-09 16:00,3.47927270088435
8226,2025-12-09 17:00,4.22568152600969
8227,2025-12-09 18:00,4.78420088019114
8228,2025-12-09 19:00,5.02800411299514
8229,2025-12-09 20:00,5.01091827528511
8230,2025-12-09 21:00,4.46709472393776
8231,2025-12-09 22:00,3.66966751668804
8232,2025-12-09 23:00,3.18522501144099
8233,2025-12-10 00:00,2.6293044714083
8234,2025-12-10 01:00,2.43411447675956
8235,2025-12-10 02:00,2.23472233977425
8236,2025-12-10 03:00,2.11038698046421
8237,2025-12-10 04:00,1.94503986167138
8238,2025-12-10 05:00,1.97332100035748
8239,2025-12-10 06:00,2.41374943211661
8240,2025-12-10 07:00,2.82436393202348
8241,2025-12-10 08:00,3.07624789254605
8242,2025-12-10 09:00,3.1422990178337
8243,2025-12-10 10:00,3.29037110145713
8244,2025-12-10 11:00,3.41725812880486
8245,2025-12-10 12:00,3.4890064530968
8246,2025-12-10 13:00,3.4924928099066
8247,2025-12-10 14:00,3.46529516568901
8248,2025-12-10 15:00,3.3327383136256
8249,2025-12-10 16:00,3.26516894577821
8250,2025-12-10 17:00,4.08537360794408
8251,2025-12-10 18:00,4.41246521650836
8252,2025-12-10 19:00,4.50593301098261
8253,2025-12-10 20:00,4.57766622428344
8254,2025-12-10 21:00,4.14608691048027
8255,2025-12-10 22:00,3.4764826814059
8256,2025-12-10 23:00,2.86885476833595
8257,2025-12-11 00:00,2.55176643086147
8258,2025-12-11 01:00,2.32997866392662
8259,2025-12-11 02:00,2.20260492619536
8260,2025-12-11 03:00,2.06034020183858
8261,2025-12-11 04:00,1.98697960400299
8262,2025-12-11 05:00,2.09648316313106
8263,2025-12-11 06:00,2.70216092170911
8264,2025-12-11 07:00,2.99151284413979
8265,2025-12-11 08:00,3.19658084004707
8266,2025-12-11 09:00,3.32834633817006
8267,2025-12-11 10:00,3.5641983975657
8268,2025-12-11 11:00,3.50748368962881
8269,2025-12-11 12:00,3.57354981903844
8270,2025-12-11 13:00,3.71865226530224
8271,2025-12-11 14:00,3.60957003065218
8272,2025-12-11 15:00,3.53171316533754
8273,2025-12-11 16:00,3.48279348684018
8274,2025-12-11 17:00,4.22666484488251
8275,2025-12-11 18:00,4.9736014890877
8276,2025-12-11 19:00,5.24828672129965
8277,2025-12-11 20:00,4.97103816362298
8278,2025-12-11 21:00,4.4105743656625
8279,2025-12-11 22:00,3.73120658742301
8280,2025-12-11 23:00,3.06463630211041
8281,2025-12-12 00:00,2.67982396697432
8282,2025-12-12 01:00,2.5406435003137
8283,2025-12-12 02:00,2.36047162790775
8284,2025-12-12 03:00,2.05188218192368
8285,2025-12-12 04:00,1.96327815476804
8286,2025-12-12 05:00,2.02925547229574
8287,2025-12-12 06:00,2.33336438338572
8288,2025-12-12 07:00,2.75495159143187
8289,2025-12-12 08:00,2.95497016524917
8290,2025-12-12 09:00,3.16250530061564
8291,2025-12-12 10:00,3.33620278004672
8292,2025-12-12 11:00,3.40777091203435
8293,2025-12-12 12:00,3.24748372618204
8294,2025-12-12 13:00,3.39069508666946
8295,2025-12-12 14:00,3.76206999439453
8296,2025-12-12 15:00,3.66751767899481
8297,2025-12-12 16:00,3.75662826176006
8298,2025-12-12 17:00,4.39970581990088
8299,2025-12-12 18:00,5.28367078490268
8300,2025-12-12 19:00,5.33295890809892
8301,2025-12-12 20:00,5.2020940811311
8302,2025-12-12 21:00,4.4250046231769
8303,2025-12-12 22:00,3.85548485297732
8304,2025-12-12 23:00,3.06951125547519
8305,2025-12-13 00:00,2.54867811698522
8306,2025-12-13 01:00,2.3492373918435
8307,2025-12-13 02:00,2.23463436366188
8308,2025-12-13 03:00,2.05380970291384
8309,2025-12-13 04:00,2.01998264435714
8310,2025-12-13 05:00,2.11950451442769
8311,2025-12-13 06:00,2.48623564990809
8312,2025-12-13 07:00,2.90118330774102
8313,2025-12-13 08:00,3.22630146619407
8314,2025-12-13 09:00,3.31939000491779
8315,2025-12-13 10:00,3.4494637787854
8316,2025-12-13 11:00,3.60210778636609
8317,2025-12-13 12:00,3.59318315854365
8318,2025-12-13 13:00,3.58151553882427
8319,2025-12-13 14:00,3.51151920410715
8320,2025-12-13 15:00,3.49859054797728
8321,2025-12-13 16:00,3.72848029473862
8322,2025-12-13 17:00,4.34144371190599
8323,2025-12-13 18:00,4.75762303658698
8324,2025-12-13 19:00,4.87719188554161
8325,2025-12-13 20:00,4.79347600697252
8326,2025-12-13 21:00,4.46773495027101
8327,2025-12-13 22:00,3.5836548260356
8328,2025-12-13 23:00,3.11758672176119
8329,2025-12-14 00:00,2.81047505216844
8330,2025-12-14 01:00,2.65774184724116
8331,2025-12-14 02:00,2.47967057740017
8332,2025-12-14 03:00,2.33562476391471
8333,2025-12-14 04:00,2.21535769229633
8334,2025-12-14 05:00,2.33244107753961
8335,2025-12-14 06:00,2.88374664885236
8336,2025-12-14 07:00,3.28930719523302
8337,2025-12-14 08:00,3.47840069444687
8338,2025-12-14 09:00,3.67788000738197
8339,2025-12-14 10:00,3.76463902475339
8340,2025-12-14 11:00,3.85575393654214
8341,2025-12-14 12:00,4.02461119105375
8342,2025-12-14 13:00,3.97489186560778
8343,2025-12-14 14:00,3.71066166555351
8344,2025-12-14 15:00,3.63862789925266
8345,2025-12-14 16:00,3.71051499630099
8346,2025-12-14 17:00,4.53484357364805
8347,2025-12-14 18:00,5.11425922689558
8348,2025-12-14 19:00,5.34191755408048
8349,2025-12-14 20:00,5.19534699046523
8350,2025-12-14 21:00,4.48963078108566
8351,2025-12-14 22:00,3.8322854094875
8352,2025-12-14 23:00,3.3008709714754
8353,2025-12-15 00:00,2.68696017853502
8354,2025-12-15 01:00,2.50397016694835
8355,2025-12-15 02:00,2.37486234437195
8356,2025-12-15 03:00,2.13683596221732
8357,2025-12-15 04:00,2.01497481540517
8358,2025-12-15 05:00,2.19276465373182
8359,2025-12-15 06:00,2.70063495877864
8360,2025-12-15 07:00,3.03840821584319
8361,2025-12-15 08:00,3.23936446509805
8362,2025-12-15 09:00,3.41105103292147
8363,2025-12-15 10:00,3.54459666793159
8364,2025-12-15 11:00,3.71567951607474
8365,2025-12-15 12:00,3.70838590326936
8366,2025-12-15 13:00,3.90380305580034
8367,2025-12-15 14:00,3.77913270012902
8368,2025-12-15 15:00,3.58214814946386
8369,2025-12-15 16:00,3.61739868465557
8370,2025-12-15 17:00,4.29698605305604
8371,2025-12-15 18:00,5.04215770088373
8372,2025-12-15 19:00,5.4709737640248
8373,2025-12-15 20:00,5.15618163339419
8374,2025-12-15 21:00,4.74508696799058
8375,2025-12-15 22:00,3.99462134021871
8376,2025-12-15 23:00,3.49007456862592
8377,2025-12-16 00:00,2.65684769522524
8378,2025-12-16 01:00,2.42321338886371
8379,2025-12-16 02:00,2.21254502746634
8380,2025-12-16 03:00,2.09520549129586
8381,2025-12-16 04:00,1.88549957327008
8382,2025-12-16 05:00,2.02364384653974
8383,2025-12-16 06:00,2.47246255367444
8384,2025-12-16 07:00,2.86725954966473
8385,2025-12-16 08:00,3.1172893087368
8386,2025-12-16 09:00,3.27053516082025
8387,2025-12-16 10:00,3.36809720408836
8388,2025-12-16 11:00,3.57312647010936
8389,2025-12-16 12:00,3.52701278580532
8390,2025-12-16 13:00,3.56061705567752
8391,2025-12-16 14:00,3.48309770465383
8392,2025-12-16 15:00,3.15192154724257
8393,2025-12-16 16:00,3.2984250549944
8394,2025-12-16 17:00,4.05148650631652
8395,2025-12-16 18:00,4.67139034417948
8396,2025-12-16 19:00,4.91921776028705
8397,2025-12-16 20:00,4.77544621496232
8398,2025-12-16 21:00,4.18023179171564
8399,2025-12-16 22:00,3.36260525167886
8400,2025-12-16 23:00,2.88784308936705
8401,2025-12-17 00:00,2.35428724229124
8402,2025-12-17 01:00,2.14580779960369
8403,2025-12-17 02:00,2.03685794829908
8404,2025-12-17 03:00,1.932566750532
8405,2025-12-17 04:00,1.82035008990734
8406,2025-12-17 05:00,1.96584508150784
8407,2025-12-17 06:00,2.44720976206576
8408,2025-12-17 07:00,2.77893359771214
8409,2025-12-17 08:00,3.03788034950838
8410,2025-12-17 09:00,3.14752936134295
8411,2025-12-17 10:00,3.23496223506955
8412,2025-12-17 11:00,3.31256661751108
8413,2025-12-17 12:00,3.23316164548892
8414,2025-12-17 13:00,3.36435238467678
8415,2025-12-17 14:00,3.26567284097688
8416,2025-12-17 15:00,3.31219000760023
8417,2025-12-17 16:00,3.38738045971653
8418,2025-12-17 17:00,4.00118753658894
8419,2025-12-17 18:00,4.42088038099573
8420,2025-12-17 19:00,4.49019411505177
8421,2025-12-17 20:00,4.35276288245333
8422,2025-12-17 21:00,3.99706193473361
8423,2025-12-17 22:00,3.28797185710235
8424,2025-12-17 23:00,2.76871218318967
8425,2025-12-18 00:00,2.6623401940351
8426,2025-12-18 01:00,2.57177923555918
8427,2025-12-18 02:00,2.32719413348872
8428,2025-12-18 03:00,2.22588231246089
8429,2025-12-18 04:00,2.14443382490945
8430,2025-12-18 05:00,2.24359756795683
8431,2025-12-18 06:00,2.82199123851184
8432,2025-12-18 07:00,3.18965526216261
8433,2025-12-18 08:00,3.42130655500568
8434,2025-12-18 09:00,3.46265078980855
8435,2025-12-18 10:00,3.52320465366367
8436,2025-12-18 11:00,3.6711810904788
8437,2025-12-18 12:00,3.73930497688941
8438,2025-12-18 13:00,3.8285580596266
8439,2025-12-18 14:00,3.66896876742627
8440,2025-12-18 15:00,3.56034334032503
8441,2025-12-18 16:00,3.49892140868244
8442,2025-12-18 17:00,3.99864880335511
8443,2025-12-18 18:00,4.70164027833492
8444,2025-12-18 19:00,4.81525289931263
8445,2025-12-18 20:00,4.67290100138287
8446,2025-12-18 21:00,4.53022841522125
8447,2025-12-18 22:00,3.68473107849244
8448,2025-12-18 23:00,3.1721024296561
8449,2025-12-19 00:00,2.39332359526454
8450,2025-12-19 01:00,2.26497956437037
8451,2025-12-19 02:00,2.12143661990776
8452,2025-12-19 03:00,1.97001218706956
8453,2025-12-19 04:00,1.88526437280404
8454,2025-12-19 05:00,1.96231214597677
8455,2025-12-19 06:00,2.20779167275477
8456,2025-12-19 07:00,2.47749355067818
8457,2025-12-19 08:00,2.71926720426857
8458,2025-12-19 09:00,2.77298710206643
8459,2025-12-19 10:00,2.89297088084094
8460,2025-12-19 11:00,2.94285871199852
8461,2025-12-19 12:00,3.01789867013561
8462,2025-12-19 13:00,3.04667018966229
8463,2025-12-19 14:00,3.458749990608
8464,2025-12-19 15:00,3.23489550879803
8465,2025-12-19 16:00,3.41093375250451
8466,2025-12-19 17:00,4.11103039702849
8467,2025-12-19 18:00,4.47847338904316
8468,2025-12-19 19:00,4.65742793826015
8469,2025-12-19 20:00,4.5254092265736
8470,2025-12-19 21:00,4.31212372585375
8471,2025-12-19 22:00,3.48409629099941
8472,2025-12-19 23:00,2.82058896224267
8473,2025-12-20 00:00,2.57842186393287
8474,2025-12-20 01:00,2.3979167155788
8475,2025-12-20 02:00,2.28673762833811
8476,2025-12-20 03:00,2.31027180845541
8477,2025-12-20 04:00,2.14837848358477
8478,2025-12-20 05:00,2.25718028734006
8479,2025-12-20 06:00,2.74965523342234
8480,2025-12-20 07:00,2.97655832789036
8481,2025-12-20 08:00,3.10170398052399
8482,2025-12-20 09:00,3.2528044924989
8483,2025-12-20 10:00,3.48587134480915
8484,2025-12-20 11:00,3.74749436931492
8485,2025-12-20 12:00,3.63578265628086
8486,2025-12-20 13:00,3.6192360843079
8487,2025-12-20 14:00,3.50111102686149
8488,2025-12-20 15:00,3.6394239802593
8489,2025-12-20 16:00,3.76301004214748
8490,2025-12-20 17:00,4.4989649662178
8491,2025-12-20 18:00,5.02369915808285
8492,2025-12-20 19:00,5.18750522598147
8493,2025-12-20 20:00,4.98701646829704
8494,2025-12-20 21:00,4.4657638032288
8495,2025-12-20 22:00,3.69574072914845
8496,2025-12-20 23:00,2.99788204597046
8497,2025-12-21 00:00,2.63933899480208
8498,2025-12-21 01:00,2.55258595439635
8499,2025-12-21 02:00,2.4527971832781
8500,2025-12-21 03:00,2.27490685856107
8501,2025-12-21 04:00,2.1665492747233
8502,2025-12-21 05:00,2.2385269362078
8503,2025-12-21 06:00,2.84672807074408
8504,2025-12-21 07:00,3.32971884832599
8505,2025-12-21 08:00,3.53209377938844
8506,2025-12-21 09:00,3.70690510224164
8507,2025-12-21 10:00,3.65392152477822
8508,2025-12-21 11:00,3.7071884662261
8509,2025-12-21 12:00,3.77586828650941
8510,2025-12-21 13:00,3.78572255812908
8511,2025-12-21 14:00,3.83891855811431
8512,2025-12-21 15:00,3.66354162960174
8513,2025-12-21 16:00,3.61792100700305
8514,2025-12-21 17:00,4.34503648290546
8515,2025-12-21 18:00,5.2956751675656
8516,2025-12-21 19:00,5.42095311395931
8517,2025-12-21 20:00,5.27866711010041
8518,2025-12-21 21:00,4.76493134667052
8519,2025-12-21 22:00,3.84325678933471
8520,2025-12-21 23:00,3.21696908535819
8521,2025-12-22 00:00,2.70115495291211
8522,2025-12-22 01:00,2.47561470900797
8523,2025-12-22 02:00,2.3690339331235
8524,2025-12-22 03:00,2.12786146606175
8525,2025-12-22 04:00,1.94198533484212
8526,2025-12-22 05:00,2.14949285985273
8527,2025-12-22 06:00,2.62284653105139
8528,2025-12-22 07:00,3.05216297751623
8529,2025-12-22 08:00,3.29552103508438
8530,2025-12-22 09:00,3.35727501387513
8531,2025-12-22 10:00,3.49241181857579
8532,2025-12-22 11:00,3.50283994723219
8533,2025-12-22 12:00,3.48102914064905
8534,2025-12-22 13:00,3.44919692263249
8535,2025-12-22 14:00,3.56394258333771
8536,2025-12-22 15:00,3.41017784008593
8537,2025-12-22 16:00,3.53882604550436
8538,2025-12-22 17:00,4.41798380214028
8539,2025-12-22 18:00,4.99067335404165
8540,2025-12-22 19:00,5.16141914436244
8541,2025-12-22 20:00,4.97040508805839
8542,2025-12-22 21:00,4.43299197058989
8543,2025-12-22 22:00,3.64494199694629
8544,2025-12-22 23:00,3.06845683422534
8545,2025-12-23 00:00,2.69384545156528
8546,2025-12-23 01:00,2.52596156830966
8547,2025-12-23 02:00,2.35663692370636
8548,2025-12-23 03:00,2.20681838791671
8549,2025-12-23 04:00,2.05050445035045
8550,2025-12-23 05:00,2.16318784904872
8551,2025-12-23 06:00,2.77962377697791
8552,2025-12-23 07:00,3.07477041201301
8553,2025-12-23 08:00,3.37376182675129
8554,2025-12-23 09:00,3.37292227795406
8555,2025-12-23 10:00,3.46326100564537
8556,2025-12-23 11:00,3.62313745950056
8557,2025-12-23 12:00,3.69710464229294
8558,2025-12-23 13:00,3.60767939967524
8559,2025-12-23 14:00,3.62212404738493
8560,2025-12-23 15:00,3.48620003251849
8561,2025-12-23 16:00,3.46554852165829
8562,2025-12-23 17:00,4.2460535238049
8563,2025-12-23 18:00,4.83684765330682
8564,2025-12-23 19:00,5.06108963790838
8565,2025-12-23 20:00,4.77992359110209
8566,2025-12-23 21:00,4.34309668604577
8567,2025-12-23 22:00,3.62099123392922
8568,2025-12-23 23:00,2.98102922951641
8569,2025-12-24 00:00,2.56714557814416
8570,2025-12-24 01:00,2.42044262352148
8571,2025-12-24 02:00,2.27309153158718
8572,2025-12-24 03:00,2.165628945383
8573,2025-12-24 04:00,2.03469566294261
8574,2025-12-24 05:00,2.1084365576599
8575,2025-12-24 06:00,2.61029470702804
8576,2025-12-24 07:00,2.98975992986461
8577,2025-12-24 08:00,3.22153688792364
8578,2025-12-24 09:00,3.33417167451721
8579,2025-12-24 10:00,3.43471705780463
8580,2025-12-24 11:00,3.40015766817655
8581,2025-12-24 12:00,3.50431513931984
8582,2025-12-24 13:00,3.51841495206623
8583,2025-12-24 14:00,3.40065987859465
8584,2025-12-24 15:00,3.45187235263218
8585,2025-12-24 16:00,3.53735120121942
8586,2025-12-24 17:00,4.27559963790084
8587,2025-12-24 18:00,4.83340427564265
8588,2025-12-24 19:00,5.11948278037286
8589,2025-12-24 20:00,5.02717422781631
8590,2025-12-24 21:00,4.58890185793171
8591,2025-12-24 22:00,3.68868968877863
8592,2025-12-24 23:00,3.16217832942545
8593,2025-12-25 00:00,2.69908331320645
8594,2025-12-25 01:00,2.51544455245801
8595,2025-12-25 02:00,2.26576261003662
8596,2025-12-25 03:00,2.08587595797108
8597,2025-12-25 04:00,1.96513901200954
8598,2025-12-25 05:00,2.04118366117257
8599,2025-12-25 06:00,2.57289429413033
8600,2025-12-25 07:00,2.83525086555652
8601,2025-12-25 08:00,2.97395594742676
8602,2025-12-25 09:00,3.09230641703954
8603,2025-12-25 10:00,3.18587694966347
8604,2025-12-25 11:00,3.28492309211125
8605,2025-12-25 12:00,3.54935613076693
8606,2025-12-25 13:00,3.59651928766809
8607,2025-12-25 14:00,3.52700843167259
8608,2025-12-25 15:00,3.36864562107955
8609,2025-12-25 16:00,3.49792815246187
8610,2025-12-25 17:00,4.24696027194608
8611,2025-12-25 18:00,4.99622618042265
8612,2025-12-25 19:00,5.17011548355149
8613,2025-12-25 20:00,5.10275846881358
8614,2025-12-25 21:00,4.65608765566272
8615,2025-12-25 22:00,3.58522606530539
8616,2025-12-25 23:00,3.12995269146603
8617,2025-12-26 00:00,2.75573471741421
8618,2025-12-26 01:00,2.53382433974078
8619,2025-12-26 02:00,2.23316194079261
8620,2025-12-26 03:00,2.13657257182932
8621,2025-12-26 04:00,2.06762586944501
8622,2025-12-26 05:00,2.17758343357123
8623,2025-12-26 06:00,2.41053916967156
8624,2025-12-26 07:00,2.89765853313224
8625,2025-12-26 08:00,3.00896723366729
8626,2025-12-26 09:00,3.09361617044561
8627,2025-12-26 10:00,3.14061789361874
8628,2025-12-26 11:00,3.30076688119755
8629,2025-12-26 12:00,3.23703944916202
8630,2025-12-26 13:00,3.27647314258931
8631,2025-12-26 14:00,3.74439924805313
8632,2025-12-26 15:00,3.668221510826
8633,2025-12-26 16:00,3.68743441157077
8634,2025-12-26 17:00,4.51935733090792
8635,2025-12-26 18:00,5.34880971038783
8636,2025-12-26 19:00,5.21625730767007
8637,2025-12-26 20:00,4.9993899190725
8638,2025-12-26 21:00,4.56085779240739
8639,2025-12-26 22:00,3.81639653209742
8640,2025-12-26 23:00,3.17030394186227
8641,2025-12-27 00:00,2.73564283421062
8642,2025-12-27 01:00,2.44930346082714
8643,2025-12-27 02:00,2.34136430479335
8644,2025-12-27 03:00,2.20180048377062
8645,2025-12-27 04:00,2.04986071879054
8646,2025-12-27 05:00,2.23971662420343
8647,2025-12-27 06:00,2.84809766212263
8648,2025-12-27 07:00,3.21457881494464
8649,2025-12-27 08:00,3.4995442427806
8650,2025-12-27 09:00,3.50127035473196
8651,2025-12-27 10:00,3.61797943619642
8652,2025-12-27 11:00,3.69412773454026
8653,2025-12-27 12:00,3.59440608231905
8654,2025-12-27 13:00,3.77265042152509
8655,2025-12-27 14:00,3.71075807841545
8656,2025-12-27 15:00,3.69287067938342
8657,2025-12-27 16:00,3.68918496067914
8658,2025-12-27 17:00,4.23102696555368
8659,2025-12-27 18:00,4.83390042938242
8660,2025-12-27 19:00,5.13067461522799
8661,2025-12-27 20:00,5.09816182968129
8662,2025-12-27 21:00,4.61876379818964
8663,2025-12-27 22:00,3.86933124822986
8664,2025-12-27 23:00,3.24853461544645
8665,2025-12-28 00:00,2.61642141497073
8666,2025-12-28 01:00,2.39156908791686
8667,2025-12-28 02:00,2.29342161237803
8668,2025-12-28 03:00,2.10876989525768
8669,2025-12-28 04:00,1.98584262494242
8670,2025-12-28 05:00,2.02895800674456
8671,2025-12-28 06:00,2.47585499781872
8672,2025-12-28 07:00,2.8045279645908
8673,2025-12-28 08:00,3.09194777141828
8674,2025-12-28 09:00,3.11576478426189
8675,2025-12-28 10:00,3.22988036989733
8676,2025-12-28 11:00,3.46799049443345
8677,2025-12-28 12:00,3.44675750868452
8678,2025-12-28 13:00,3.45555720970323
8679,2025-12-28 14:00,3.24879111217748
8680,2025-12-28 15:00,3.30069624559336
8681,2025-12-28 16:00,3.31673183312615
8682,2025-12-28 17:00,4.01913707862825
8683,2025-12-28 18:00,4.64455281322067
8684,2025-12-28 19:00,4.92297562631466
8685,2025-12-28 20:00,4.80041185569495
8686,2025-12-28 21:00,4.47560434608661
8687,2025-12-28 22:00,3.44837756506165
8688,2025-12-28 23:00,2.85571473516373
8689,2025-12-29 00:00,2.61717151551743
8690,2025-12-29 01:00,2.41311444865697
8691,2025-12-29 02:00,2.28519743611355
8692,2025-12-29 03:00,2.13120325074043
8693,2025-12-29 04:00,2.06948078111758
8694,2025-12-29 05:00,2.21154750199154
8695,2025-12-29 06:00,2.73322263072957
8696,2025-12-29 07:00,3.23597868887156
8697,2025-12-29 08:00,3.34408997369251
8698,2025-12-29 09:00,3.40318143170243
8699,2025-12-29 10:00,3.55192614187283
8700,2025-12-29 11:00,3.28966178795758
8701,2025-12-29 12:00,3.68416800944528
8702,2025-12-29 13:00,3.85551128144168
8703,2025-12-29 14:00,3.58365005821034
8704,2025-12-29 15:00,3.68949896762474
8705,2025-12-29 16:00,3.80236406886417
8706,2025-12-29 17:00,4.5570895887372
8707,2025-12-29 18:00,5.27332105579738
8708,2025-12-29 19:00,5.37024631881382
8709,2025-12-29 20:00,5.03225460818983
8710,2025-12-29 21:00,4.61092014222883
8711,2025-12-29 22:00,3.80177737352118
8712,2025-12-29 23:00,3.18132665401083
8713,2025-12-30 00:00,2.68945573921208
8714,2025-12-30 01:00,2.57584495698903
8715,2025-12-30 02:00,2.45427634020658
8716,2025-12-30 03:00,2.25455949362855
8717,2025-12-30 04:00,2.15935195885161
8718,2025-12-30 05:00,2.25797658935334
8719,2025-12-30 06:00,2.72343235102921
8720,2025-12-30 07:00,3.04572944142468
8721,2025-12-30 08:00,3.26525957937951
8722,2025-12-30 09:00,3.4499159278043
8723,2025-12-30 10:00,3.53240621699279
8724,2025-12-30 11:00,3.66303455988218
8725,2025-12-30 12:00,3.55955015672437
8726,2025-12-30 13:00,3.58004887715747
8727,2025-12-30 14:00,3.6777591314303
8728,2025-12-30 15:00,3.48652534715825
8729,2025-12-30 16:00,3.53342624875202
8730,2025-12-30 17:00,4.21016670865886
8731,2025-12-30 18:00,4.79298451106475
8732,2025-12-30 19:00,5.13749167189847
8733,2025-12-30 20:00,4.90582012301665
8734,2025-12-30 21:00,4.50186547586568
8735,2025-12-30 22:00,3.5829744241907
8736,2025-12-30 23:00,3.1221376721115
8737,2025-12-31 00:00,2.51003048557662
8738,2025-12-31 01:00,2.34839715965738
8739,2025-12-31 02:00,2.2250937020159
8740,2025-12-31 03:00,2.01574180830151
8741,2025-12-31 04:00,1.98769479143906
8742,2025-12-31 05:00,2.11121816052004
8743,2025-12-31 06:00,2.57020315607817
8744,2025-12-31 07:00,2.9194231471359
8745,2025-12-31 08:00,3.32588277374951
8746,2025-12-31 09:00,3.43578316078123
8747,2025-12-31 10:00,3.40645957495506
8748,2025-12-31 11:00,3.40259623297704
8749,2025-12-31 12:00,3.52134364636052
8750,2025-12-31 13:00,3.59128300102711
8751,2025-12-31 14:00,3.62291032225046
8752,2025-12-31 15:00,3.44378685197269
8753,2025-12-31 16:00,3.4927319632788
8754,2025-12-31 17:00,4.12437323910939
8755,2025-12-31 18:00,4.57393924142977
8756,2025-12-31 19:00,4.83931997397114
8757,2025-12-31 20:00,4.89328400185604
8758,2025-12-31 21:00,4.30645356276191
8759,2025-12-31 22:00,3.5107266408924
8760,2025-12-31 23:00,2.97269237686707
